Price,Close,High,Low,Open,Volume,symbol
Ticker,ADANIGREEN.NS,ADANIGREEN.NS,ADANIGREEN.NS,ADANIGREEN.NS,ADANIGREEN.NS,
Date,,,,,,
2018-06-18,31.5,31.5,28.5,30.0,7006229,ADANIGREEN
2018-06-19,32.599998474121094,33.04999923706055,31.0,32.70000076293945,2895692,ADANIGREEN
2018-06-20,31.0,32.20000076293945,31.0,31.5,1115553,ADANIGREEN
2018-06-21,29.649999618530273,30.0,29.450000762939453,29.450000762939453,2854524,ADANIGREEN
2018-06-22,29.450000762939453,29.799999237060547,28.200000762939453,28.200000762939453,1612972,ADANIGREEN
2018-06-25,28.950000762939453,30.0,28.5,30.0,365859,ADANIGREEN
2018-06-26,28.799999237060547,29.399999618530273,27.549999237060547,28.799999237060547,493868,ADANIGREEN
2018-06-27,27.399999618530273,28.299999237060547,27.399999618530273,28.299999237060547,133412,ADANIGREEN
2018-06-28,26.049999237060547,26.049999237060547,26.049999237060547,26.049999237060547,61587,ADANIGREEN
2018-06-29,26.799999237060547,27.350000381469727,24.75,24.75,1158865,ADANIGREEN
2018-07-02,25.200000762939453,27.25,22.799999237060547,27.200000762939453,1369795,ADANIGREEN
2018-07-03,26.350000381469727,26.950000762939453,24.5,26.950000762939453,519628,ADANIGREEN
2018-07-04,29.600000381469727,29.950000762939453,25.799999237060547,26.0,1033451,ADANIGREEN
2018-07-05,29.799999237060547,31.950000762939453,28.600000381469727,29.799999237060547,1546192,ADANIGREEN
2018-07-06,30.350000381469727,30.899999618530273,28.850000381469727,29.0,523472,ADANIGREEN
2018-07-09,30.950000762939453,31.399999618530273,29.549999237060547,30.450000762939453,616718,ADANIGREEN
2018-07-10,31.100000381469727,31.850000381469727,30.25,30.549999237060547,492511,ADANIGREEN
2018-07-11,31.950000762939453,33.400001525878906,30.600000381469727,31.049999237060547,1610144,ADANIGREEN
2018-07-12,31.100000381469727,32.900001525878906,30.950000762939453,31.799999237060547,524503,ADANIGREEN
2018-07-13,31.450000762939453,32.70000076293945,31.200000762939453,32.5,770830,ADANIGREEN
2018-07-16,31.100000381469727,32.400001525878906,30.850000381469727,32.400001525878906,696778,ADANIGREEN
2018-07-17,31.450000762939453,31.850000381469727,30.950000762939453,31.649999618530273,557931,ADANIGREEN
2018-07-18,29.75,31.75,29.549999237060547,31.5,497514,ADANIGREEN
2018-07-19,29.700000762939453,30.399999618530273,28.100000381469727,29.799999237060547,469529,ADANIGREEN
2018-07-20,35.400001525878906,35.599998474121094,29.5,29.950000762939453,5891772,ADANIGREEN
2018-07-23,42.45000076293945,42.45000076293945,37.099998474121094,37.900001525878906,2766587,ADANIGREEN
2018-07-24,46.650001525878906,46.650001525878906,45.0,45.849998474121094,1510186,ADANIGREEN
2018-07-25,51.29999923706055,51.29999923706055,47.099998474121094,50.70000076293945,868232,ADANIGREEN
2018-07-26,52.900001525878906,56.400001525878906,48.0,55.79999923706055,6847468,ADANIGREEN
2018-07-27,52.349998474121094,54.79999923706055,51.150001525878906,54.5,1425686,ADANIGREEN
2018-07-30,57.54999923706055,57.54999923706055,52.79999923706055,52.79999923706055,2011508,ADANIGREEN
2018-07-31,60.400001525878906,60.400001525878906,58.599998474121094,60.400001525878906,3461295,ADANIGREEN
2018-08-01,63.400001525878906,63.400001525878906,62.29999923706055,62.70000076293945,1023345,ADANIGREEN
2018-08-02,66.55000305175781,66.55000305175781,66.55000305175781,66.55000305175781,162902,ADANIGREEN
2018-08-03,69.8499984741211,69.8499984741211,69.8499984741211,69.8499984741211,116347,ADANIGREEN
2018-08-06,73.30000305175781,73.30000305175781,73.30000305175781,73.30000305175781,66210,ADANIGREEN
2018-08-07,69.6500015258789,73.0,69.6500015258789,71.30000305175781,1031350,ADANIGREEN
2018-08-08,66.19999694824219,66.19999694824219,66.19999694824219,66.19999694824219,71603,ADANIGREEN
2018-08-09,62.900001525878906,62.900001525878906,62.900001525878906,62.900001525878906,130477,ADANIGREEN
2018-08-10,66.0,66.0,60.099998474121094,61.54999923706055,3789655,ADANIGREEN
2018-08-13,62.70000076293945,62.70000076293945,62.70000076293945,62.70000076293945,262033,ADANIGREEN
2018-08-14,59.599998474121094,59.599998474121094,59.599998474121094,59.599998474121094,117253,ADANIGREEN
2018-08-16,56.650001525878906,56.650001525878906,56.650001525878906,56.650001525878906,82087,ADANIGREEN
2018-08-17,54.70000076293945,59.45000076293945,53.849998474121094,53.849998474121094,4325129,ADANIGREEN
2018-08-20,57.400001525878906,57.400001525878906,54.70000076293945,54.70000076293945,585571,ADANIGREEN
2018-08-21,57.099998474121094,60.25,56.0,59.0,2223954,ADANIGREEN
2018-08-23,57.20000076293945,59.95000076293945,56.54999923706055,58.70000076293945,946929,ADANIGREEN
2018-08-24,55.54999923706055,58.5,54.900001525878906,58.5,544872,ADANIGREEN
2018-08-27,55.5,57.400001525878906,53.25,55.20000076293945,1065753,ADANIGREEN
2018-08-28,58.25,58.25,55.349998474121094,56.099998474121094,895093,ADANIGREEN
2018-08-29,60.900001525878906,61.150001525878906,58.0,60.0,3048560,ADANIGREEN
2018-08-30,59.04999923706055,62.79999923706055,58.70000076293945,62.599998474121094,927625,ADANIGREEN
2018-08-31,57.400001525878906,59.400001525878906,56.900001525878906,59.0,611779,ADANIGREEN
2018-09-03,55.900001525878906,58.599998474121094,55.70000076293945,57.79999923706055,444735,ADANIGREEN
2018-09-04,53.5,56.79999923706055,53.25,56.79999923706055,528265,ADANIGREEN
2018-09-05,52.25,54.5,51.0,53.5,476641,ADANIGREEN
2018-09-06,54.849998474121094,54.849998474121094,52.45000076293945,53.25,773528,ADANIGREEN
2018-09-07,55.70000076293945,57.45000076293945,55.0,56.0,470728,ADANIGREEN
2018-09-10,54.04999923706055,56.0,53.75,56.0,277861,ADANIGREEN
2018-09-11,52.5,55.400001525878906,52.0,54.349998474121094,281671,ADANIGREEN
2018-09-12,52.650001525878906,54.0,51.20000076293945,54.0,248721,ADANIGREEN
2018-09-14,55.25,55.25,53.349998474121094,54.400001525878906,335372,ADANIGREEN
2018-09-17,53.75,56.20000076293945,52.900001525878906,55.5,383467,ADANIGREEN
2018-09-18,53.29999923706055,54.75,53.150001525878906,53.400001525878906,190458,ADANIGREEN
2018-09-19,51.79999923706055,54.20000076293945,51.400001525878906,54.0,242903,ADANIGREEN
2018-09-21,49.25,52.79999923706055,49.25,52.5,871518,ADANIGREEN
2018-09-24,46.79999923706055,48.79999923706055,46.79999923706055,48.79999923706055,298844,ADANIGREEN
2018-09-25,44.54999923706055,46.650001525878906,44.5,44.54999923706055,554878,ADANIGREEN
2018-09-26,45.20000076293945,46.75,44.599998474121094,46.45000076293945,757920,ADANIGREEN
2018-09-27,42.95000076293945,45.95000076293945,42.95000076293945,45.95000076293945,370953,ADANIGREEN
2018-09-28,40.849998474121094,43.29999923706055,40.849998474121094,42.95000076293945,241990,ADANIGREEN
2018-10-01,39.20000076293945,40.75,38.849998474121094,38.849998474121094,715774,ADANIGREEN
2018-10-03,37.25,40.0,37.25,40.0,610429,ADANIGREEN
2018-10-04,35.400001525878906,35.400001525878906,35.400001525878906,35.400001525878906,103762,ADANIGREEN
2018-10-05,33.650001525878906,33.650001525878906,33.650001525878906,33.650001525878906,80519,ADANIGREEN
2018-10-08,32.0,33.099998474121094,32.0,32.75,1125121,ADANIGREEN
2018-10-09,30.399999618530273,32.099998474121094,30.399999618530273,30.399999618530273,1129990,ADANIGREEN
2018-10-10,31.899999618530273,31.899999618530273,29.100000381469727,29.100000381469727,310963,ADANIGREEN
2018-10-11,33.45000076293945,33.45000076293945,32.04999923706055,32.900001525878906,351022,ADANIGREEN
2018-10-12,35.099998474121094,35.099998474121094,35.099998474121094,35.099998474121094,170930,ADANIGREEN
2018-10-15,36.849998474121094,36.849998474121094,35.25,35.900001525878906,2501987,ADANIGREEN
2018-10-16,38.650001525878906,38.650001525878906,37.29999923706055,37.599998474121094,1241610,ADANIGREEN
2018-10-17,39.349998474121094,40.54999923706055,39.099998474121094,40.54999923706055,2436836,ADANIGREEN
2018-10-19,37.400001525878906,39.5,37.400001525878906,39.5,633110,ADANIGREEN
2018-10-22,35.75,38.849998474121094,35.54999923706055,37.45000076293945,421538,ADANIGREEN
2018-10-23,35.25,35.75,34.0,35.75,498569,ADANIGREEN
2018-10-24,37.0,37.0,35.54999923706055,35.54999923706055,856135,ADANIGREEN
2018-10-25,36.20000076293945,37.95000076293945,35.5,36.900001525878906,539990,ADANIGREEN
2018-10-26,36.20000076293945,37.29999923706055,35.5,36.70000076293945,276450,ADANIGREEN
2018-10-29,38.0,38.0,37.900001525878906,38.0,1008595,ADANIGREEN
2018-10-30,39.29999923706055,39.900001525878906,38.45000076293945,39.900001525878906,3882939,ADANIGREEN
2018-10-31,39.650001525878906,40.5,37.349998474121094,39.29999923706055,2857119,ADANIGREEN
2018-11-01,41.04999923706055,41.400001525878906,38.0,38.29999923706055,1500492,ADANIGREEN
2018-11-02,41.29999923706055,42.79999923706055,41.099998474121094,41.95000076293945,948252,ADANIGREEN
2018-11-05,43.349998474121094,43.349998474121094,41.849998474121094,41.849998474121094,664924,ADANIGREEN
2018-11-06,43.099998474121094,45.5,42.5,45.0,1558886,ADANIGREEN
2018-11-07,45.04999923706055,45.25,44.0,44.150001525878906,1009337,ADANIGREEN
2018-11-09,45.25,46.349998474121094,43.599998474121094,45.900001525878906,728245,ADANIGREEN
2018-11-12,43.099998474121094,45.900001525878906,43.0,45.25,488369,ADANIGREEN
2018-11-13,42.099998474121094,42.70000076293945,41.45000076293945,42.5,435533,ADANIGREEN
2018-11-14,42.70000076293945,43.79999923706055,42.29999923706055,42.349998474121094,412768,ADANIGREEN
2018-11-15,43.349998474121094,44.20000076293945,41.25,42.900001525878906,367324,ADANIGREEN
2018-11-16,42.349998474121094,44.400001525878906,41.70000076293945,44.400001525878906,499103,ADANIGREEN
2018-11-19,41.25,42.75,40.70000076293945,42.400001525878906,294550,ADANIGREEN
2018-11-20,41.45000076293945,42.849998474121094,41.0,41.25,364290,ADANIGREEN
2018-11-21,43.5,43.5,41.20000076293945,43.0,595503,ADANIGREEN
2018-11-22,45.650001525878906,45.650001525878906,43.79999923706055,44.5,1334318,ADANIGREEN
2018-11-26,47.900001525878906,47.900001525878906,46.20000076293945,46.599998474121094,1426646,ADANIGREEN
2018-11-27,49.45000076293945,50.25,48.599998474121094,48.900001525878906,1095967,ADANIGREEN
2018-11-28,48.400001525878906,50.0,47.0,50.0,1512866,ADANIGREEN
2018-11-29,47.45000076293945,49.70000076293945,46.900001525878906,48.599998474121094,628832,ADANIGREEN
2018-11-30,46.75,48.54999923706055,46.400001525878906,48.0,345988,ADANIGREEN
2018-12-03,46.04999923706055,47.5,45.29999923706055,47.0,317022,ADANIGREEN
2018-12-04,45.099998474121094,46.900001525878906,45.0,46.900001525878906,331553,ADANIGREEN
2018-12-05,46.79999923706055,47.349998474121094,44.400001525878906,44.400001525878906,1337441,ADANIGREEN
2018-12-06,45.20000076293945,47.75,44.849998474121094,46.900001525878906,650624,ADANIGREEN
2018-12-07,44.45000076293945,46.400001525878906,43.5,45.599998474121094,469921,ADANIGREEN
2018-12-10,41.29999923706055,43.0,40.400001525878906,43.0,362344,ADANIGREEN
2018-12-11,43.349998474121094,45.0,39.79999923706055,40.95000076293945,910217,ADANIGREEN
2018-12-12,44.79999923706055,45.75,44.150001525878906,45.400001525878906,444342,ADANIGREEN
2018-12-13,44.29999923706055,45.79999923706055,44.0,45.54999923706055,205559,ADANIGREEN
2018-12-14,44.150001525878906,45.599998474121094,43.79999923706055,44.0,269581,ADANIGREEN
2018-12-17,44.650001525878906,45.900001525878906,44.150001525878906,44.29999923706055,200093,ADANIGREEN
2018-12-18,44.25,46.79999923706055,43.900001525878906,44.900001525878906,1217941,ADANIGREEN
2018-12-19,44.150001525878906,44.75,44.0,44.650001525878906,341189,ADANIGREEN
2018-12-20,43.95000076293945,44.650001525878906,43.599998474121094,43.95000076293945,369104,ADANIGREEN
2018-12-21,42.5,44.25,42.349998474121094,43.95000076293945,443037,ADANIGREEN
2018-12-24,42.150001525878906,43.20000076293945,42.0,42.5,174059,ADANIGREEN
2018-12-26,41.54999923706055,42.400001525878906,40.150001525878906,42.20000076293945,517905,ADANIGREEN
2018-12-27,41.45000076293945,42.70000076293945,41.25,41.75,212220,ADANIGREEN
2018-12-28,41.70000076293945,42.54999923706055,41.54999923706055,42.0,233894,ADANIGREEN
2018-12-31,41.849998474121094,42.29999923706055,41.70000076293945,41.75,211687,ADANIGREEN
2019-01-01,41.400001525878906,41.849998474121094,41.150001525878906,41.849998474121094,105166,ADANIGREEN
2019-01-02,41.150001525878906,42.5,40.54999923706055,41.099998474121094,288827,ADANIGREEN
2019-01-03,40.95000076293945,42.150001525878906,40.75,41.5,211035,ADANIGREEN
2019-01-04,40.54999923706055,41.29999923706055,40.400001525878906,40.95000076293945,169984,ADANIGREEN
2019-01-07,41.099998474121094,42.25,41.0,41.0,292864,ADANIGREEN
2019-01-08,40.75,41.5,40.5,41.099998474121094,259216,ADANIGREEN
2019-01-09,40.650001525878906,41.20000076293945,40.5,41.20000076293945,160411,ADANIGREEN
2019-01-10,40.650001525878906,40.95000076293945,40.5,40.95000076293945,82567,ADANIGREEN
2019-01-11,39.75,41.349998474121094,39.5,40.650001525878906,346640,ADANIGREEN
2019-01-14,39.599998474121094,40.95000076293945,39.5,40.5,269872,ADANIGREEN
2019-01-15,38.75,40.099998474121094,38.5,40.099998474121094,228070,ADANIGREEN
2019-01-16,39.150001525878906,39.349998474121094,38.54999923706055,39.29999923706055,167243,ADANIGREEN
2019-01-17,39.650001525878906,40.25,39.150001525878906,39.75,221463,ADANIGREEN
2019-01-18,38.75,40.150001525878906,38.349998474121094,39.650001525878906,180157,ADANIGREEN
2019-01-21,37.95000076293945,39.099998474121094,37.5,39.0,113138,ADANIGREEN
2019-01-22,37.75,38.900001525878906,36.54999923706055,38.0,243342,ADANIGREEN
2019-01-23,37.95000076293945,38.349998474121094,37.54999923706055,37.75,113541,ADANIGREEN
2019-01-24,37.349998474121094,38.20000076293945,37.0,37.70000076293945,119053,ADANIGREEN
2019-01-25,35.099998474121094,38.04999923706055,34.70000076293945,38.04999923706055,250182,ADANIGREEN
2019-01-28,32.5,36.0,31.600000381469727,35.45000076293945,770899,ADANIGREEN
2019-01-29,34.900001525878906,35.75,32.25,33.0,542956,ADANIGREEN
2019-01-30,37.29999923706055,38.20000076293945,34.20000076293945,35.95000076293945,529540,ADANIGREEN
2019-01-31,35.599998474121094,39.849998474121094,35.0,38.0,733194,ADANIGREEN
2019-02-01,35.75,37.0,35.5,36.400001525878906,352935,ADANIGREEN
2019-02-04,33.849998474121094,36.29999923706055,33.0,35.95000076293945,251417,ADANIGREEN
2019-02-05,32.95000076293945,34.349998474121094,32.599998474121094,34.29999923706055,192834,ADANIGREEN
2019-02-06,33.099998474121094,34.0,33.0,33.400001525878906,345009,ADANIGREEN
2019-02-07,34.400001525878906,37.79999923706055,33.5,33.5,1211335,ADANIGREEN
2019-02-08,33.900001525878906,34.75,33.0,34.75,190270,ADANIGREEN
2019-02-11,32.849998474121094,35.20000076293945,32.599998474121094,33.0,198956,ADANIGREEN
2019-02-12,32.099998474121094,33.400001525878906,31.850000381469727,33.0,216299,ADANIGREEN
2019-02-14,31.950000762939453,33.75,31.649999618530273,32.54999923706055,418342,ADANIGREEN
2019-02-15,31.0,32.5,30.799999237060547,32.04999923706055,438733,ADANIGREEN
2019-02-18,30.25,31.450000762939453,30.149999618530273,31.450000762939453,238514,ADANIGREEN
2019-02-19,30.799999237060547,31.5,30.200000762939453,30.25,200552,ADANIGREEN
2019-02-20,30.950000762939453,31.649999618530273,30.549999237060547,31.149999618530273,220599,ADANIGREEN
2019-02-21,30.850000381469727,31.799999237060547,30.350000381469727,31.0,320492,ADANIGREEN
2019-02-22,32.70000076293945,32.95000076293945,30.75,31.100000381469727,788757,ADANIGREEN
2019-02-25,32.95000076293945,33.5,32.29999923706055,33.400001525878906,493358,ADANIGREEN
2019-02-26,32.900001525878906,33.25,30.549999237060547,32.75,602009,ADANIGREEN
2019-02-27,32.900001525878906,34.5,32.54999923706055,33.25,918227,ADANIGREEN
2019-02-28,33.04999923706055,33.5,32.650001525878906,33.0,305906,ADANIGREEN
2019-03-01,34.20000076293945,35.29999923706055,33.099998474121094,33.099998474121094,1019350,ADANIGREEN
2019-03-05,36.25,37.400001525878906,34.099998474121094,34.25,1423360,ADANIGREEN
2019-03-06,35.400001525878906,37.45000076293945,35.0,36.75,976586,ADANIGREEN
2019-03-07,35.599998474121094,36.45000076293945,34.95000076293945,36.0,816819,ADANIGREEN
2019-03-08,35.0,35.95000076293945,34.70000076293945,35.599998474121094,552247,ADANIGREEN
2019-03-11,36.150001525878906,36.25,35.150001525878906,35.400001525878906,515567,ADANIGREEN
2019-03-12,39.099998474121094,40.70000076293945,36.400001525878906,36.5,3374322,ADANIGREEN
2019-03-13,39.75,41.599998474121094,38.400001525878906,39.29999923706055,2123795,ADANIGREEN
2019-03-14,38.54999923706055,40.29999923706055,38.25,40.20000076293945,791109,ADANIGREEN
2019-03-15,37.79999923706055,39.599998474121094,37.29999923706055,38.900001525878906,886002,ADANIGREEN
2019-03-18,37.400001525878906,38.45000076293945,36.45000076293945,38.25,591667,ADANIGREEN
2019-03-19,37.099998474121094,38.0,37.0,37.400001525878906,514591,ADANIGREEN
2019-03-20,36.45000076293945,37.25,36.20000076293945,37.0,458645,ADANIGREEN
2019-03-22,36.0,37.0,35.349998474121094,36.599998474121094,505496,ADANIGREEN
2019-03-25,35.150001525878906,35.70000076293945,34.70000076293945,35.54999923706055,426556,ADANIGREEN
2019-03-26,35.95000076293945,36.25,34.900001525878906,35.04999923706055,480545,ADANIGREEN
2019-03-27,35.54999923706055,36.70000076293945,35.150001525878906,36.099998474121094,366621,ADANIGREEN
2019-03-28,35.849998474121094,36.400001525878906,35.25,35.599998474121094,498011,ADANIGREEN
2019-04-01,38.70000076293945,39.20000076293945,37.54999923706055,37.54999923706055,780251,ADANIGREEN
2019-04-02,37.75,39.400001525878906,37.599998474121094,38.95000076293945,785107,ADANIGREEN
2019-04-03,37.25,38.45000076293945,36.849998474121094,37.75,368043,ADANIGREEN
2019-04-04,36.95000076293945,37.70000076293945,36.45000076293945,37.29999923706055,425277,ADANIGREEN
2019-04-05,36.650001525878906,37.25,36.349998474121094,37.0,258016,ADANIGREEN
2019-04-08,36.25,37.400001525878906,36.099998474121094,36.95000076293945,680431,ADANIGREEN
2019-04-09,37.0,37.25,36.0,36.5,434729,ADANIGREEN
2019-04-10,36.95000076293945,38.099998474121094,36.349998474121094,36.900001525878906,446323,ADANIGREEN
2019-04-11,36.0,37.29999923706055,35.70000076293945,37.0,592636,ADANIGREEN
2019-04-12,37.0,37.45000076293945,36.20000076293945,36.349998474121094,716786,ADANIGREEN
2019-04-15,37.45000076293945,37.75,37.150001525878906,37.29999923706055,598604,ADANIGREEN
2019-04-16,44.5,44.900001525878906,37.599998474121094,37.599998474121094,10783405,ADANIGREEN
2019-04-18,45.0,48.04999923706055,41.29999923706055,44.900001525878906,7207777,ADANIGREEN
2019-04-22,44.75,46.95000076293945,43.650001525878906,44.400001525878906,2596859,ADANIGREEN
2019-04-23,44.20000076293945,46.150001525878906,43.849998474121094,44.599998474121094,1041669,ADANIGREEN
2019-04-24,44.70000076293945,45.45000076293945,44.29999923706055,44.400001525878906,867612,ADANIGREEN
2019-04-25,43.79999923706055,45.099998474121094,43.5,44.75,599113,ADANIGREEN
2019-04-26,43.0,44.0,42.5,43.54999923706055,648948,ADANIGREEN
2019-04-30,40.04999923706055,43.0,39.650001525878906,42.95000076293945,958201,ADANIGREEN
2019-05-02,41.79999923706055,44.0,39.29999923706055,40.0,1313437,ADANIGREEN
2019-05-03,41.900001525878906,43.650001525878906,41.5,41.900001525878906,432762,ADANIGREEN
2019-05-06,40.20000076293945,41.54999923706055,39.95000076293945,41.400001525878906,482271,ADANIGREEN
2019-05-07,39.45000076293945,41.650001525878906,39.099998474121094,40.5,752888,ADANIGREEN
2019-05-08,38.04999923706055,40.0,37.79999923706055,39.849998474121094,793079,ADANIGREEN
2019-05-09,39.150001525878906,39.5,37.45000076293945,38.25,704888,ADANIGREEN
2019-05-10,39.099998474121094,40.0,38.70000076293945,39.70000076293945,389550,ADANIGREEN
2019-05-13,37.79999923706055,40.0,37.650001525878906,39.349998474121094,388130,ADANIGREEN
2019-05-14,37.70000076293945,37.95000076293945,37.150001525878906,37.599998474121094,551588,ADANIGREEN
2019-05-15,37.5,39.849998474121094,37.099998474121094,38.099998474121094,991433,ADANIGREEN
2019-05-16,36.599998474121094,37.5,35.599998474121094,37.5,750015,ADANIGREEN
2019-05-17,37.400001525878906,37.849998474121094,36.599998474121094,37.0,605735,ADANIGREEN
2019-05-20,43.099998474121094,43.900001525878906,41.0,41.0,2765726,ADANIGREEN
2019-05-21,43.349998474121094,45.20000076293945,43.099998474121094,44.099998474121094,2839782,ADANIGREEN
2019-05-22,43.95000076293945,44.25,42.45000076293945,44.20000076293945,1366431,ADANIGREEN
2019-05-23,43.400001525878906,47.400001525878906,43.04999923706055,46.0,3296384,ADANIGREEN
2019-05-24,42.29999923706055,44.29999923706055,41.5,44.0,836545,ADANIGREEN
2019-05-27,43.150001525878906,44.0,42.29999923706055,42.54999923706055,728280,ADANIGREEN
2019-05-28,45.0,46.599998474121094,43.04999923706055,43.5,2795602,ADANIGREEN
2019-05-29,44.70000076293945,46.0,44.20000076293945,45.20000076293945,1087465,ADANIGREEN
2019-05-30,44.599998474121094,45.20000076293945,44.25,44.900001525878906,775453,ADANIGREEN
2019-05-31,43.29999923706055,45.0,41.95000076293945,44.79999923706055,733078,ADANIGREEN
2019-06-03,44.099998474121094,45.099998474121094,42.04999923706055,43.54999923706055,1032570,ADANIGREEN
2019-06-04,45.20000076293945,46.150001525878906,43.599998474121094,43.900001525878906,1564837,ADANIGREEN
2019-06-06,44.349998474121094,45.900001525878906,44.150001525878906,45.650001525878906,1090829,ADANIGREEN
2019-06-07,43.25,44.75,43.0,44.45000076293945,958801,ADANIGREEN
2019-06-10,42.900001525878906,44.099998474121094,42.79999923706055,43.95000076293945,572040,ADANIGREEN
2019-06-11,42.54999923706055,43.150001525878906,42.0,42.900001525878906,373551,ADANIGREEN
2019-06-12,43.150001525878906,43.70000076293945,42.95000076293945,42.95000076293945,1005299,ADANIGREEN
2019-06-13,43.400001525878906,43.70000076293945,42.099998474121094,43.29999923706055,878605,ADANIGREEN
2019-06-14,42.599998474121094,44.099998474121094,42.5,43.20000076293945,735206,ADANIGREEN
2019-06-17,41.650001525878906,43.04999923706055,41.349998474121094,42.29999923706055,463842,ADANIGREEN
2019-06-18,40.79999923706055,42.29999923706055,40.29999923706055,41.650001525878906,507146,ADANIGREEN
2019-06-19,39.75,41.900001525878906,38.599998474121094,40.79999923706055,716297,ADANIGREEN
2019-06-20,40.95000076293945,42.0,40.29999923706055,40.900001525878906,1318472,ADANIGREEN
2019-06-21,41.25,42.150001525878906,40.599998474121094,41.25,544866,ADANIGREEN
2019-06-24,41.150001525878906,41.650001525878906,40.45000076293945,41.599998474121094,329432,ADANIGREEN
2019-06-25,41.349998474121094,41.95000076293945,40.75,40.75,420526,ADANIGREEN
2019-06-26,41.5,41.79999923706055,41.099998474121094,41.5,337225,ADANIGREEN
2019-06-27,42.349998474121094,43.25,41.400001525878906,41.599998474121094,520763,ADANIGREEN
2019-06-28,44.400001525878906,45.75,42.599998474121094,42.79999923706055,1669966,ADANIGREEN
2019-07-01,45.5,46.099998474121094,44.45000076293945,44.95000076293945,1373074,ADANIGREEN
2019-07-02,50.20000076293945,52.150001525878906,45.650001525878906,45.75,9097156,ADANIGREEN
2019-07-03,52.0,54.0,50.5,50.75,5384608,ADANIGREEN
2019-07-04,51.04999923706055,53.400001525878906,50.25,52.5,2307705,ADANIGREEN
2019-07-05,47.599998474121094,52.20000076293945,46.79999923706055,51.45000076293945,1917892,ADANIGREEN
2019-07-08,44.849998474121094,47.0,44.0,47.0,1441111,ADANIGREEN
2019-07-09,49.599998474121094,51.79999923706055,43.25,44.70000076293945,5877043,ADANIGREEN
2019-07-10,49.099998474121094,53.0,48.099998474121094,50.20000076293945,3006518,ADANIGREEN
2019-07-11,49.45000076293945,50.70000076293945,48.25,49.54999923706055,1433624,ADANIGREEN
2019-07-12,49.54999923706055,50.79999923706055,49.0,49.75,1510070,ADANIGREEN
2019-07-15,48.5,51.099998474121094,48.099998474121094,49.900001525878906,967174,ADANIGREEN
2019-07-16,49.20000076293945,49.849998474121094,48.0,48.900001525878906,1212564,ADANIGREEN
2019-07-17,48.45000076293945,50.0,48.20000076293945,49.400001525878906,705789,ADANIGREEN
2019-07-18,47.5,49.75,46.95000076293945,48.29999923706055,938262,ADANIGREEN
2019-07-19,45.79999923706055,48.150001525878906,45.20000076293945,48.0,1180434,ADANIGREEN
2019-07-22,46.79999923706055,47.45000076293945,44.70000076293945,45.5,1022220,ADANIGREEN
2019-07-23,48.79999923706055,49.349998474121094,46.70000076293945,46.900001525878906,1756709,ADANIGREEN
2019-07-24,48.45000076293945,49.5,48.25,49.400001525878906,671080,ADANIGREEN
2019-07-25,48.79999923706055,49.400001525878906,48.349998474121094,48.349998474121094,677095,ADANIGREEN
2019-07-26,49.599998474121094,50.349998474121094,48.20000076293945,48.79999923706055,777960,ADANIGREEN
2019-07-29,48.79999923706055,50.04999923706055,48.54999923706055,49.04999923706055,328736,ADANIGREEN
2019-07-30,46.400001525878906,49.20000076293945,46.0,49.0,623197,ADANIGREEN
2019-07-31,46.79999923706055,47.79999923706055,45.400001525878906,45.599998474121094,473057,ADANIGREEN
2019-08-01,45.599998474121094,47.75,45.099998474121094,46.0,503495,ADANIGREEN
2019-08-02,46.849998474121094,48.150001525878906,45.0,45.400001525878906,932015,ADANIGREEN
2019-08-05,45.79999923706055,47.70000076293945,45.099998474121094,46.099998474121094,767973,ADANIGREEN
2019-08-06,47.5,48.150001525878906,45.5,45.95000076293945,584382,ADANIGREEN
2019-08-07,47.79999923706055,49.349998474121094,47.20000076293945,47.650001525878906,1046474,ADANIGREEN
2019-08-08,47.349998474121094,49.400001525878906,46.70000076293945,48.5,860687,ADANIGREEN
2019-08-09,46.400001525878906,48.099998474121094,46.04999923706055,47.45000076293945,599088,ADANIGREEN
2019-08-13,46.5,47.400001525878906,45.900001525878906,47.0,393919,ADANIGREEN
2019-08-14,46.599998474121094,47.0,46.29999923706055,46.5,219496,ADANIGREEN
2019-08-16,46.849998474121094,47.650001525878906,45.20000076293945,45.20000076293945,348501,ADANIGREEN
2019-08-19,46.349998474121094,47.400001525878906,46.099998474121094,47.29999923706055,289088,ADANIGREEN
2019-08-20,45.79999923706055,46.650001525878906,45.400001525878906,46.29999923706055,298641,ADANIGREEN
2019-08-21,44.099998474121094,45.900001525878906,43.79999923706055,45.900001525878906,310844,ADANIGREEN
2019-08-22,43.5,44.5,43.20000076293945,43.599998474121094,486726,ADANIGREEN
2019-08-23,43.849998474121094,44.0,42.75,43.0,394426,ADANIGREEN
2019-08-26,43.650001525878906,45.0,42.5,45.0,445215,ADANIGREEN
2019-08-27,44.95000076293945,45.5,43.5,43.54999923706055,469164,ADANIGREEN
2019-08-28,44.04999923706055,45.20000076293945,43.5,45.0,292461,ADANIGREEN
2019-08-29,43.400001525878906,44.29999923706055,43.0,44.150001525878906,175387,ADANIGREEN
2019-08-30,46.400001525878906,47.849998474121094,45.5,46.0,1922577,ADANIGREEN
2019-09-03,44.45000076293945,46.20000076293945,43.5,46.0,337233,ADANIGREEN
2019-09-04,43.849998474121094,44.79999923706055,43.5,44.79999923706055,266067,ADANIGREEN
2019-09-05,45.04999923706055,45.900001525878906,44.150001525878906,44.150001525878906,299542,ADANIGREEN
2019-09-06,45.099998474121094,45.79999923706055,44.75,45.25,278208,ADANIGREEN
2019-09-09,45.5,45.900001525878906,45.0,45.45000076293945,337267,ADANIGREEN
2019-09-11,48.29999923706055,49.099998474121094,45.5,45.54999923706055,1040310,ADANIGREEN
2019-09-12,48.900001525878906,50.25,48.400001525878906,49.04999923706055,922820,ADANIGREEN
2019-09-13,50.25,50.599998474121094,48.0,49.25,706131,ADANIGREEN
2019-09-16,55.54999923706055,57.5,49.849998474121094,49.95000076293945,5344257,ADANIGREEN
2019-09-17,54.849998474121094,57.20000076293945,53.349998474121094,55.900001525878906,1969318,ADANIGREEN
2019-09-18,53.04999923706055,55.70000076293945,52.0,55.599998474121094,1049757,ADANIGREEN
2019-09-19,50.150001525878906,53.29999923706055,48.849998474121094,53.099998474121094,1387090,ADANIGREEN
2019-09-20,51.599998474121094,53.400001525878906,49.20000076293945,50.5,1461426,ADANIGREEN
2019-09-23,52.20000076293945,54.5,51.70000076293945,52.5,1072941,ADANIGREEN
2019-09-24,52.70000076293945,53.5,51.29999923706055,52.0,763788,ADANIGREEN
2019-09-25,52.54999923706055,53.849998474121094,51.400001525878906,52.599998474121094,910875,ADANIGREEN
2019-09-26,59.150001525878906,60.45000076293945,52.099998474121094,52.599998474121094,6024700,ADANIGREEN
2019-09-27,57.349998474121094,60.04999923706055,56.0,59.150001525878906,2026755,ADANIGREEN
2019-09-30,58.25,61.45000076293945,55.79999923706055,57.54999923706055,4085782,ADANIGREEN
2019-10-01,56.5,59.29999923706055,55.900001525878906,58.75,1433723,ADANIGREEN
2019-10-03,61.20000076293945,63.25,55.0,56.70000076293945,3183487,ADANIGREEN
2019-10-04,65.1500015258789,66.0,61.20000076293945,61.849998474121094,6352717,ADANIGREEN
2019-10-07,68.05000305175781,68.69999694824219,62.599998474121094,65.44999694824219,4496152,ADANIGREEN
2019-10-09,71.44999694824219,74.30000305175781,67.5,68.30000305175781,6942443,ADANIGREEN
2019-10-10,73.80000305175781,74.5,70.55000305175781,71.4000015258789,3267575,ADANIGREEN
2019-10-11,78.75,79.3499984741211,74.19999694824219,74.5999984741211,6379751,ADANIGREEN
2019-10-14,79.1500015258789,81.25,72.19999694824219,79.44999694824219,5291524,ADANIGREEN
2019-10-15,79.94999694824219,81.19999694824219,77.75,79.80000305175781,2719906,ADANIGREEN
2019-10-16,80.25,81.0,79.30000305175781,80.5999984741211,1511651,ADANIGREEN
2019-10-17,88.8499984741211,92.9000015258789,80.25,80.44999694824219,8398359,ADANIGREEN
2019-10-18,89.5999984741211,93.0,88.0,89.0,3174728,ADANIGREEN
2019-10-22,86.5999984741211,91.25,84.0,90.0,2692862,ADANIGREEN
2019-10-23,86.6500015258789,89.80000305175781,85.0,86.55000305175781,1917829,ADANIGREEN
2019-10-24,86.1500015258789,87.75,85.0999984741211,87.3499984741211,1196231,ADANIGREEN
2019-10-25,88.94999694824219,93.0999984741211,85.0,85.9000015258789,3192580,ADANIGREEN
2019-10-27,90.19999694824219,91.5,89.5,90.0,678001,ADANIGREEN
2019-10-29,89.5,92.69999694824219,87.0999984741211,90.3499984741211,1977567,ADANIGREEN
2019-10-30,89.9000015258789,92.0,89.5,89.5999984741211,1188364,ADANIGREEN
2019-10-31,89.69999694824219,91.75,88.5999984741211,90.55000305175781,1051707,ADANIGREEN
2019-11-01,89.94999694824219,91.0,88.0999984741211,90.25,937093,ADANIGREEN
2019-11-04,92.6500015258789,95.8499984741211,89.5999984741211,89.69999694824219,3284998,ADANIGREEN
2019-11-05,90.69999694824219,93.5999984741211,90.0999984741211,93.19999694824219,963016,ADANIGREEN
2019-11-06,90.30000305175781,92.19999694824219,89.1500015258789,90.0,1188174,ADANIGREEN
2019-11-07,88.69999694824219,91.19999694824219,88.30000305175781,90.4000015258789,911495,ADANIGREEN
2019-11-08,86.69999694824219,89.5999984741211,83.5999984741211,88.80000305175781,1403419,ADANIGREEN
2019-11-11,93.8499984741211,95.25,85.19999694824219,86.80000305175781,4135563,ADANIGREEN
2019-11-13,96.0,99.80000305175781,94.0,95.0,6684791,ADANIGREEN
2019-11-14,95.05000305175781,98.5,93.5,96.69999694824219,1611104,ADANIGREEN
2019-11-15,95.5,96.69999694824219,94.5,95.4000015258789,1053101,ADANIGREEN
2019-11-18,94.05000305175781,96.0,93.6500015258789,95.94999694824219,643258,ADANIGREEN
2019-11-19,96.19999694824219,97.5999984741211,92.0,94.05000305175781,1471915,ADANIGREEN
2019-11-20,98.75,100.9000015258789,95.5999984741211,96.80000305175781,2279188,ADANIGREEN
2019-11-21,97.0,99.19999694824219,96.30000305175781,98.6500015258789,855172,ADANIGREEN
2019-11-22,106.69999694824219,106.69999694824219,95.30000305175781,97.44999694824219,4228833,ADANIGREEN
2019-11-25,114.30000305175781,117.30000305175781,106.69999694824219,107.69999694824219,6899872,ADANIGREEN
2019-11-26,115.1500015258789,118.8499984741211,110.8499984741211,114.5,3410913,ADANIGREEN
2019-11-27,125.9000015258789,126.6500015258789,115.4000015258789,115.80000305175781,5101074,ADANIGREEN
2019-11-28,132.14999389648438,132.14999389648438,127.25,127.25,3053265,ADANIGREEN
2019-11-29,137.10000610351562,138.75,132.35000610351562,136.0,5716364,ADANIGREEN
2019-12-02,131.3000030517578,138.6999969482422,130.25,138.0,3121254,ADANIGREEN
2019-12-03,124.75,132.0,124.75,132.0,1057611,ADANIGREEN
2019-12-04,128.5500030517578,130.9499969482422,118.55000305175781,119.55000305175781,6954803,ADANIGREEN
2019-12-05,129.9499969482422,133.9499969482422,128.60000610351562,129.0,1769948,ADANIGREEN
2019-12-06,126.4000015258789,131.25,123.5,129.60000610351562,1133254,ADANIGREEN
2019-12-09,124.6500015258789,126.25,121.05000305175781,125.30000305175781,981394,ADANIGREEN
2019-12-10,126.9000015258789,129.0,123.6500015258789,124.3499984741211,1078100,ADANIGREEN
2019-12-11,132.5500030517578,133.1999969482422,127.19999694824219,128.0,2319859,ADANIGREEN
2019-12-12,131.89999389648438,135.5,129.14999389648438,134.1999969482422,1195491,ADANIGREEN
2019-12-13,132.64999389648438,135.5,131.5,131.89999389648438,764794,ADANIGREEN
2019-12-16,134.39999389648438,137.89999389648438,132.6999969482422,133.3000030517578,2156419,ADANIGREEN
2019-12-17,135.5500030517578,137.0,134.5500030517578,135.0,957067,ADANIGREEN
2019-12-18,135.10000610351562,137.3000030517578,134.0,136.3000030517578,690735,ADANIGREEN
2019-12-19,134.25,135.4499969482422,133.0500030517578,134.9499969482422,483204,ADANIGREEN
2019-12-20,135.10000610351562,136.39999389648438,134.10000610351562,134.75,617642,ADANIGREEN
2019-12-23,141.85000610351562,141.85000610351562,134.75,135.10000610351562,2374429,ADANIGREEN
2019-12-24,148.89999389648438,148.89999389648438,145.10000610351562,146.4499969482422,1169913,ADANIGREEN
2019-12-26,156.3000030517578,156.3000030517578,156.25,156.3000030517578,347718,ADANIGREEN
2019-12-27,151.0,164.10000610351562,149.25,159.39999389648438,5370150,ADANIGREEN
2019-12-30,158.5500030517578,158.5500030517578,152.4499969482422,153.6999969482422,1567589,ADANIGREEN
2019-12-31,166.4499969482422,166.4499969482422,161.10000610351562,166.4499969482422,2050662,ADANIGREEN
2020-01-01,174.75,174.75,168.10000610351562,169.35000610351562,5417952,ADANIGREEN
2020-01-02,183.4499969482422,183.4499969482422,177.5500030517578,179.14999389648438,3087009,ADANIGREEN
2020-01-03,192.60000610351562,192.60000610351562,183.0,187.8000030517578,3670040,ADANIGREEN
2020-01-06,200.60000610351562,202.1999969482422,185.5500030517578,200.0,9497209,ADANIGREEN
2020-01-07,210.60000610351562,210.60000610351562,203.0,208.0,2126797,ADANIGREEN
2020-01-08,221.10000610351562,221.10000610351562,214.4499969482422,215.8000030517578,1181338,ADANIGREEN
2020-01-09,232.14999389648438,232.14999389648438,232.14999389648438,232.14999389648438,273048,ADANIGREEN
2020-01-10,220.5500030517578,243.75,220.5500030517578,243.75,3337546,ADANIGREEN
2020-01-13,209.5500030517578,209.5500030517578,209.5500030517578,209.5500030517578,118786,ADANIGREEN
2020-01-14,199.10000610351562,199.10000610351562,199.10000610351562,199.10000610351562,80682,ADANIGREEN
2020-01-15,189.14999389648438,189.14999389648438,189.14999389648438,189.14999389648438,52323,ADANIGREEN
2020-01-16,179.6999969482422,179.6999969482422,179.6999969482422,179.6999969482422,60474,ADANIGREEN
2020-01-17,188.64999389648438,188.64999389648438,172.3000030517578,175.10000610351562,6703516,ADANIGREEN
2020-01-20,198.0500030517578,198.0500030517578,185.0,198.0500030517578,2840614,ADANIGREEN
2020-01-21,202.25,207.0,192.0,199.0,3506909,ADANIGREEN
2020-01-22,197.64999389648438,208.9499969482422,194.5500030517578,204.0,1754417,ADANIGREEN
2020-01-23,192.1999969482422,199.89999389648438,190.0,199.1999969482422,1336193,ADANIGREEN
2020-01-24,190.25,194.89999389648438,182.60000610351562,187.5,2518115,ADANIGREEN
2020-01-27,190.75,194.10000610351562,186.5,189.0,881601,ADANIGREEN
2020-01-28,187.64999389648438,196.5,186.10000610351562,191.5,957274,ADANIGREEN
2020-01-29,186.3000030517578,191.0,185.0500030517578,188.0,631830,ADANIGREEN
2020-01-30,180.4499969482422,187.89999389648438,177.64999389648438,186.89999389648438,1024133,ADANIGREEN
2020-01-31,189.4499969482422,189.4499969482422,176.85000610351562,182.5,862006,ADANIGREEN
2020-02-03,196.14999389648438,196.14999389648438,186.0,186.85000610351562,1171000,ADANIGREEN
2020-02-04,198.0,205.9499969482422,190.10000610351562,201.89999389648438,3984199,ADANIGREEN
2020-02-05,193.25,203.8000030517578,190.8000030517578,196.0,1320812,ADANIGREEN
2020-02-06,202.89999389648438,202.89999389648438,190.5,193.0,2711020,ADANIGREEN
2020-02-07,213.0,213.0,206.25,208.9499969482422,2674856,ADANIGREEN
2020-02-10,213.35000610351562,221.64999389648438,207.0,219.89999389648438,2063806,ADANIGREEN
2020-02-11,211.25,217.0,208.14999389648438,215.89999389648438,1102243,ADANIGREEN
2020-02-12,207.64999389648438,213.4499969482422,204.85000610351562,212.10000610351562,879583,ADANIGREEN
2020-02-13,199.9499969482422,208.9499969482422,198.0,208.0,929657,ADANIGREEN
2020-02-14,206.8000030517578,209.89999389648438,201.0,201.0,1474525,ADANIGREEN
2020-02-17,198.35000610351562,208.39999389648438,198.0,208.39999389648438,773097,ADANIGREEN
2020-02-18,189.25,200.8000030517578,188.4499969482422,200.8000030517578,839722,ADANIGREEN
2020-02-19,197.85000610351562,198.6999969482422,191.75,191.89999389648438,2501070,ADANIGREEN
2020-02-20,194.85000610351562,198.14999389648438,193.0,197.85000610351562,911195,ADANIGREEN
2020-02-24,185.89999389648438,191.4499969482422,185.1999969482422,191.4499969482422,959369,ADANIGREEN
2020-02-25,180.5500030517578,188.8000030517578,178.14999389648438,184.75,861686,ADANIGREEN
2020-02-26,171.5500030517578,177.85000610351562,171.5500030517578,175.5500030517578,996786,ADANIGREEN
2020-02-27,163.0,167.9499969482422,163.0,165.3000030517578,727993,ADANIGREEN
2020-02-28,154.9499969482422,160.0,154.85000610351562,154.85000610351562,1655841,ADANIGREEN
2020-03-02,156.0500030517578,162.64999389648438,150.0,156.60000610351562,1127956,ADANIGREEN
2020-03-03,159.5,163.0,157.0,162.89999389648438,534459,ADANIGREEN
2020-03-04,152.0,159.5,151.5500030517578,159.25,480121,ADANIGREEN
2020-03-05,152.5,158.75,145.4499969482422,151.5500030517578,1252377,ADANIGREEN
2020-03-06,144.89999389648438,147.1999969482422,144.89999389648438,144.89999389648438,425088,ADANIGREEN
2020-03-09,137.6999969482422,137.8000030517578,137.6999969482422,137.6999969482422,112895,ADANIGREEN
2020-03-11,130.85000610351562,136.39999389648438,130.85000610351562,131.10000610351562,1132428,ADANIGREEN
2020-03-12,124.3499984741211,124.3499984741211,124.3499984741211,124.3499984741211,26796,ADANIGREEN
2020-03-13,123.4000015258789,130.5500030517578,118.1500015258789,118.1500015258789,2367027,ADANIGREEN
2020-03-16,117.69999694824219,128.0,117.25,120.0,1305459,ADANIGREEN
2020-03-17,123.4000015258789,123.55000305175781,111.9000015258789,115.0,1650012,ADANIGREEN
2020-03-18,129.39999389648438,129.5500030517578,124.0,125.0999984741211,1137426,ADANIGREEN
2020-03-19,135.64999389648438,135.85000610351562,122.94999694824219,125.0,920137,ADANIGREEN
2020-03-20,142.35000610351562,142.39999389648438,138.39999389648438,142.39999389648438,417369,ADANIGREEN
2020-03-23,135.25,138.9499969482422,135.25,135.25,255497,ADANIGREEN
2020-03-24,141.3000030517578,141.8000030517578,128.5,128.5,981069,ADANIGREEN
2020-03-25,148.10000610351562,148.35000610351562,136.9499969482422,140.0,436890,ADANIGREEN
2020-03-26,152.10000610351562,155.39999389648438,144.25,154.0,637211,ADANIGREEN
2020-03-27,148.75,157.0,144.5,154.5,567761,ADANIGREEN
2020-03-30,146.9499969482422,148.3000030517578,141.35000610351562,142.10000610351562,490699,ADANIGREEN
2020-03-31,153.25,154.25,146.9499969482422,147.3000030517578,452205,ADANIGREEN
2020-04-01,152.89999389648438,159.0,151.0,155.5,226223,ADANIGREEN
2020-04-03,151.89999389648438,154.85000610351562,150.4499969482422,152.89999389648438,259616,ADANIGREEN
2020-04-07,158.9499969482422,159.4499969482422,151.5500030517578,153.5,425190,ADANIGREEN
2020-04-08,166.4499969482422,166.85000610351562,162.0,166.85000610351562,702014,ADANIGREEN
2020-04-09,174.75,174.75,166.25,172.39999389648438,542554,ADANIGREEN
2020-04-13,183.35000610351562,183.4499969482422,167.0500030517578,180.0,769348,ADANIGREEN
2020-04-15,187.8000030517578,190.9499969482422,184.0,188.0,747297,ADANIGREEN
2020-04-16,193.85000610351562,195.0,182.3000030517578,182.3000030517578,431499,ADANIGREEN
2020-04-17,198.9499969482422,201.0,197.0,199.0,432613,ADANIGREEN
2020-04-20,200.75,204.89999389648438,197.0,200.0500030517578,493261,ADANIGREEN
2020-04-21,191.3000030517578,195.89999389648438,190.75,191.0,661477,ADANIGREEN
2020-04-22,197.1999969482422,198.0,184.75,191.1999969482422,568003,ADANIGREEN
2020-04-23,200.0,202.8000030517578,196.0,202.8000030517578,529475,ADANIGREEN
2020-04-24,195.9499969482422,199.10000610351562,194.89999389648438,199.10000610351562,232558,ADANIGREEN
2020-04-27,200.64999389648438,201.0,192.0,193.0,391556,ADANIGREEN
2020-04-28,203.64999389648438,204.64999389648438,198.10000610351562,201.0,339066,ADANIGREEN
2020-04-29,207.9499969482422,209.39999389648438,202.35000610351562,205.0,442718,ADANIGREEN
2020-04-30,210.4499969482422,212.85000610351562,208.0,211.10000610351562,488630,ADANIGREEN
2020-05-04,209.5500030517578,218.0,199.9499969482422,199.9499969482422,1698446,ADANIGREEN
2020-05-05,210.8000030517578,216.0,209.0500030517578,215.0,594711,ADANIGREEN
2020-05-06,211.85000610351562,214.1999969482422,205.3000030517578,211.0,604880,ADANIGREEN
2020-05-07,210.5500030517578,213.0,206.5,207.4499969482422,188208,ADANIGREEN
2020-05-08,212.25,213.5,208.0,211.0,289416,ADANIGREEN
2020-05-11,222.60000610351562,222.85000610351562,211.0,214.85000610351562,1063341,ADANIGREEN
2020-05-12,226.0500030517578,229.89999389648438,219.10000610351562,222.0,667224,ADANIGREEN
2020-05-13,231.0,235.9499969482422,228.0,233.0,562454,ADANIGREEN
2020-05-14,228.5500030517578,232.8000030517578,220.5500030517578,229.39999389648438,416147,ADANIGREEN
2020-05-15,230.25,231.5,225.6999969482422,228.60000610351562,325461,ADANIGREEN
2020-05-18,229.25,235.0,218.75,229.0,651925,ADANIGREEN
2020-05-19,233.64999389648438,235.0500030517578,230.0,230.0,477703,ADANIGREEN
2020-05-20,234.6999969482422,235.5,227.0,231.0,354733,ADANIGREEN
2020-05-21,235.10000610351562,244.35000610351562,233.0,233.9499969482422,365824,ADANIGREEN
2020-05-22,239.64999389648438,242.0,232.0,237.0,495551,ADANIGREEN
2020-05-26,239.89999389648438,243.9499969482422,236.5,240.0,281221,ADANIGREEN
2020-05-27,242.60000610351562,243.1999969482422,237.0500030517578,240.0,316188,ADANIGREEN
2020-05-28,246.0,251.6999969482422,240.3000030517578,242.60000610351562,444357,ADANIGREEN
2020-05-29,248.60000610351562,249.8000030517578,246.0,246.0,294574,ADANIGREEN
2020-06-01,260.75,261.0,251.5,253.89999389648438,864596,ADANIGREEN
2020-06-02,273.75,273.75,264.04998779296875,269.0,371599,ADANIGREEN
2020-06-03,273.8500061035156,287.3999938964844,261.20001220703125,287.3999938964844,1411752,ADANIGREEN
2020-06-04,274.0,282.6000061035156,263.5,274.8999938964844,1332983,ADANIGREEN
2020-06-05,284.25,286.0,271.1499938964844,274.0,1044811,ADANIGREEN
2020-06-08,297.75,298.45001220703125,283.20001220703125,288.3500061035156,1368198,ADANIGREEN
2020-06-09,312.6000061035156,312.6000061035156,308.8999938964844,312.6000061035156,1422436,ADANIGREEN
2020-06-10,328.20001220703125,328.20001220703125,328.20001220703125,328.20001220703125,403398,ADANIGREEN
2020-06-11,332.04998779296875,344.6000061035156,315.29998779296875,344.6000061035156,5504845,ADANIGREEN
2020-06-12,336.3999938964844,339.95001220703125,315.45001220703125,315.45001220703125,2889440,ADANIGREEN
2020-06-15,346.1499938964844,351.0,338.0,344.8500061035156,2701757,ADANIGREEN
2020-06-16,363.45001220703125,363.45001220703125,350.0,360.20001220703125,3265090,ADANIGREEN
2020-06-17,381.6000061035156,381.6000061035156,370.0,371.5,940601,ADANIGREEN
2020-06-18,400.6499938964844,400.6499938964844,391.1000061035156,400.6499938964844,2333783,ADANIGREEN
2020-06-19,420.6499938964844,420.6499938964844,413.6499938964844,419.95001220703125,2882495,ADANIGREEN
2020-06-22,441.6499938964844,441.6499938964844,439.0,441.6499938964844,1646544,ADANIGREEN
2020-06-23,463.6000061035156,463.70001220703125,455.25,463.70001220703125,4093748,ADANIGREEN
2020-06-24,440.45001220703125,486.75,440.45001220703125,486.75,4430414,ADANIGREEN
2020-06-25,418.45001220703125,418.45001220703125,418.45001220703125,418.45001220703125,158257,ADANIGREEN
2020-06-26,397.54998779296875,397.54998779296875,397.54998779296875,397.54998779296875,147236,ADANIGREEN
2020-06-29,377.70001220703125,377.70001220703125,377.70001220703125,377.70001220703125,94398,ADANIGREEN
2020-06-30,358.8500061035156,358.8500061035156,358.8500061035156,358.8500061035156,126347,ADANIGREEN
2020-07-01,340.95001220703125,340.95001220703125,340.95001220703125,340.95001220703125,80912,ADANIGREEN
2020-07-02,357.95001220703125,357.95001220703125,323.95001220703125,323.95001220703125,3295000,ADANIGREEN
2020-07-03,375.79998779296875,375.79998779296875,375.79998779296875,375.79998779296875,127962,ADANIGREEN
2020-07-06,394.54998779296875,394.54998779296875,362.25,394.54998779296875,5078968,ADANIGREEN
2020-07-07,413.75,414.25,376.0,400.3999938964844,5553639,ADANIGREEN
2020-07-08,393.1000061035156,424.8500061035156,393.1000061035156,410.0,2943177,ADANIGREEN
2020-07-09,373.6000061035156,393.0,373.45001220703125,385.0,2630020,ADANIGREEN
2020-07-10,371.04998779296875,384.45001220703125,356.6499938964844,365.0,1883562,ADANIGREEN
2020-07-13,364.75,382.6499938964844,361.6000061035156,381.0,855872,ADANIGREEN
2020-07-14,348.1000061035156,364.75,346.75,364.0,892124,ADANIGREEN
2020-07-15,354.54998779296875,365.5,346.1499938964844,348.0,1980374,ADANIGREEN
2020-07-16,348.29998779296875,359.95001220703125,338.04998779296875,353.0,969222,ADANIGREEN
2020-07-17,347.29998779296875,354.75,344.29998779296875,352.29998779296875,585531,ADANIGREEN
2020-07-20,349.95001220703125,362.8999938964844,348.0,349.0,898952,ADANIGREEN
2020-07-21,347.3500061035156,354.5,345.0,352.1000061035156,463869,ADANIGREEN
2020-07-22,336.0,346.95001220703125,332.54998779296875,345.0,536991,ADANIGREEN
2020-07-23,320.29998779296875,340.0,320.0,337.3999938964844,832614,ADANIGREEN
2020-07-24,336.29998779296875,336.29998779296875,305.6000061035156,315.0,1468506,ADANIGREEN
2020-07-27,342.20001220703125,353.1000061035156,325.25,345.95001220703125,1835637,ADANIGREEN
2020-07-28,338.04998779296875,344.6000061035156,336.0,344.6000061035156,475244,ADANIGREEN
2020-07-29,338.3999938964844,345.75,333.5,338.0,566831,ADANIGREEN
2020-07-30,341.45001220703125,350.95001220703125,338.3500061035156,338.3500061035156,530920,ADANIGREEN
2020-07-31,340.6499938964844,348.8999938964844,338.0,340.04998779296875,452663,ADANIGREEN
2020-08-03,339.79998779296875,347.0,335.6000061035156,342.0,425008,ADANIGREEN
2020-08-04,343.20001220703125,347.70001220703125,339.1499938964844,339.1499938964844,440285,ADANIGREEN
2020-08-05,342.95001220703125,348.79998779296875,341.8999938964844,344.8999938964844,296449,ADANIGREEN
2020-08-06,341.6000061035156,347.95001220703125,340.1000061035156,342.95001220703125,295711,ADANIGREEN
2020-08-07,370.45001220703125,375.75,342.0,343.0,2282608,ADANIGREEN
2020-08-10,373.5,388.5,370.75,384.0,1014469,ADANIGREEN
2020-08-11,360.6499938964844,376.6000061035156,360.0,373.0,586768,ADANIGREEN
2020-08-12,362.5,369.79998779296875,351.6499938964844,353.1499938964844,470018,ADANIGREEN
2020-08-13,362.1499938964844,369.25,361.0,363.75,295625,ADANIGREEN
2020-08-14,357.6000061035156,367.79998779296875,351.0,362.29998779296875,472397,ADANIGREEN
2020-08-17,367.25,370.0,358.0,358.75,682891,ADANIGREEN
2020-08-18,373.54998779296875,375.0,365.8500061035156,367.25,715230,ADANIGREEN
2020-08-19,371.0,384.29998779296875,368.6499938964844,376.75,822005,ADANIGREEN
2020-08-20,375.3999938964844,380.0,365.0,370.5,1229063,ADANIGREEN
2020-08-21,376.54998779296875,384.3999938964844,375.3999938964844,378.45001220703125,770238,ADANIGREEN
2020-08-24,414.20001220703125,414.20001220703125,378.25,379.75,2209231,ADANIGREEN
2020-08-25,424.70001220703125,435.0,400.04998779296875,424.3999938964844,2573736,ADANIGREEN
2020-08-26,427.6499938964844,439.29998779296875,420.1000061035156,420.54998779296875,1145301,ADANIGREEN
2020-08-27,432.75,442.75,424.54998779296875,431.5,1226228,ADANIGREEN
2020-08-28,462.29998779296875,472.5,436.0,436.1000061035156,2703595,ADANIGREEN
2020-08-31,452.75,497.29998779296875,425.0,463.6000061035156,3649101,ADANIGREEN
2020-09-01,494.6499938964844,498.0,454.1000061035156,454.1000061035156,2408646,ADANIGREEN
2020-09-02,544.0999755859375,544.0999755859375,503.6000061035156,508.95001220703125,3657589,ADANIGREEN
2020-09-03,571.2999877929688,571.2999877929688,558.0499877929688,562.9500122070312,509894,ADANIGREEN
2020-09-04,542.75,542.75,542.75,542.75,993049,ADANIGREEN
2020-09-07,553.0999755859375,569.8499755859375,515.6500244140625,530.0499877929688,2507330,ADANIGREEN
2020-09-08,564.4000244140625,577.7999877929688,543.0999755859375,560.0,1247351,ADANIGREEN
2020-09-09,590.0499877929688,592.5999755859375,536.2000122070312,542.5,1658812,ADANIGREEN
2020-09-10,579.75,619.5,569.9500122070312,600.0,1717285,ADANIGREEN
2020-09-11,608.6500244140625,608.7000122070312,577.0,588.0,2739567,ADANIGREEN
2020-09-14,638.9000244140625,639.0499877929688,618.0,625.0,3811588,ADANIGREEN
2020-09-15,670.7999877929688,670.7999877929688,645.9000244140625,654.0,2815789,ADANIGREEN
2020-09-16,675.5499877929688,697.9000244140625,643.0,692.9000244140625,3935789,ADANIGREEN
2020-09-17,666.75,674.0,653.4000244140625,670.0,706806,ADANIGREEN
2020-09-18,665.5999755859375,687.9500122070312,642.25,687.9500122070312,20106893,ADANIGREEN
2020-09-21,651.75,686.9000244140625,646.0,680.0499877929688,1095406,ADANIGREEN
2020-09-22,619.2000122070312,647.0,619.2000122070312,636.0,957140,ADANIGREEN
2020-09-23,588.25,630.0,588.25,630.0,410104,ADANIGREEN
2020-09-24,616.9500122070312,617.6500244140625,558.8499755859375,558.8499755859375,2703433,ADANIGREEN
2020-09-25,647.75,647.75,620.9000244140625,647.75,253932,ADANIGREEN
2020-09-28,680.0999755859375,680.0999755859375,680.0999755859375,680.0999755859375,221961,ADANIGREEN
2020-09-29,714.0999755859375,714.0999755859375,714.0999755859375,714.0999755859375,204451,ADANIGREEN
2020-09-30,737.5999755859375,749.7999877929688,700.0,749.7999877929688,2411057,ADANIGREEN
2020-10-01,747.0999755859375,756.9000244140625,715.0,754.0,890009,ADANIGREEN
2020-10-05,749.4500122070312,770.0,741.0999755859375,769.5999755859375,581244,ADANIGREEN
2020-10-06,735.9000244140625,752.0,725.0,749.5,558101,ADANIGREEN
2020-10-07,699.2999877929688,730.0,699.1500244140625,720.0,1041856,ADANIGREEN
2020-10-08,696.1500244140625,725.0,666.5999755859375,698.5,733669,ADANIGREEN
2020-10-09,683.9500122070312,713.0,680.0999755859375,695.7999877929688,511431,ADANIGREEN
2020-10-12,671.5499877929688,702.0,660.0,683.9500122070312,625307,ADANIGREEN
2020-10-13,705.0999755859375,705.0999755859375,661.0999755859375,671.0,1069869,ADANIGREEN
2020-10-14,725.4500122070312,735.0,705.0999755859375,719.0,1229449,ADANIGREEN
2020-10-15,704.25,735.7999877929688,698.0499877929688,730.7000122070312,736686,ADANIGREEN
2020-10-16,705.3499755859375,718.9500122070312,700.0,710.0,277648,ADANIGREEN
2020-10-19,702.7999877929688,717.9500122070312,695.0,711.2000122070312,312983,ADANIGREEN
2020-10-20,688.7000122070312,707.5999755859375,685.0,694.9500122070312,260962,ADANIGREEN
2020-10-21,692.3499755859375,713.9000244140625,678.0,690.0,335318,ADANIGREEN
2020-10-22,726.9500122070312,726.9500122070312,685.0,685.5,864954,ADANIGREEN
2020-10-23,720.2999877929688,734.7999877929688,712.2000122070312,734.7999877929688,665517,ADANIGREEN
2020-10-26,704.7000122070312,722.7999877929688,701.0999755859375,720.0,271180,ADANIGREEN
2020-10-27,739.9000244140625,739.9000244140625,717.0499877929688,720.0499877929688,930052,ADANIGREEN
2020-10-28,776.8499755859375,776.8499755859375,776.7999877929688,776.8499755859375,1869868,ADANIGREEN
2020-10-29,815.6500244140625,815.6500244140625,755.0,755.0,962440,ADANIGREEN
2020-10-30,856.4000244140625,856.4000244140625,831.25,834.0,2053374,ADANIGREEN
2020-11-02,859.2000122070312,899.2000122070312,835.1500244140625,860.0,2583066,ADANIGREEN
2020-11-03,830.4000244140625,893.9500122070312,816.25,881.0,1612967,ADANIGREEN
2020-11-04,840.9000244140625,862.7000122070312,823.0,834.4000244140625,1373310,ADANIGREEN
2020-11-05,854.5999755859375,868.0,812.0,812.5,1581863,ADANIGREEN
2020-11-06,860.0,875.0,855.0,855.0,911015,ADANIGREEN
2020-11-09,899.3499755859375,903.0,866.0999755859375,879.0,1670461,ADANIGREEN
2020-11-10,854.8499755859375,919.0,854.4000244140625,914.9500122070312,1327147,ADANIGREEN
2020-11-11,897.5499877929688,897.5499877929688,865.0999755859375,868.0,2287847,ADANIGREEN
2020-11-12,942.3499755859375,942.4000244140625,903.0999755859375,914.0,3622736,ADANIGREEN
2020-11-13,989.3499755859375,989.4500122070312,943.0,949.0,4566982,ADANIGREEN
2020-11-14,1008.5999755859375,1023.5999755859375,990.0499877929688,1018.0,578986,ADANIGREEN
2020-11-17,1058.449951171875,1059.0,1021.0499877929688,1028.949951171875,5333462,ADANIGREEN
2020-11-18,1080.949951171875,1098.0,1032.050048828125,1068.699951171875,3999840,ADANIGREEN
2020-11-19,1083.5,1089.9000244140625,1050.0,1080.949951171875,3533747,ADANIGREEN
2020-11-20,1134.550048828125,1137.6500244140625,1050.0,1051.0,5044065,ADANIGREEN
2020-11-23,1180.300048828125,1191.25,1150.0999755859375,1155.0,3863685,ADANIGREEN
2020-11-24,1205.1500244140625,1220.0,1180.0,1203.4000244140625,4004468,ADANIGREEN
2020-11-25,1144.9000244140625,1205.1500244140625,1144.9000244140625,1205.1500244140625,301443,ADANIGREEN
2020-11-26,1104.449951171875,1143.8499755859375,1087.699951171875,1087.699951171875,3205678,ADANIGREEN
2020-11-27,1136.4000244140625,1159.6500244140625,1072.800048828125,1105.0,45148093,ADANIGREEN
2020-12-01,1134.699951171875,1156.0,1082.3499755859375,1133.9000244140625,2599117,ADANIGREEN
2020-12-02,1146.0,1155.0,1112.0,1140.0,875255,ADANIGREEN
2020-12-03,1145.0,1159.9000244140625,1140.0999755859375,1154.0,592144,ADANIGREEN
2020-12-04,1129.75,1159.0,1125.0,1150.0,741720,ADANIGREEN
2020-12-07,1106.25,1140.0,1073.300048828125,1135.0,1351024,ADANIGREEN
2020-12-08,1098.6500244140625,1123.0999755859375,1088.0,1109.0,998344,ADANIGREEN
2020-12-09,1070.0999755859375,1110.0,1050.0,1100.0,1080870,ADANIGREEN
2020-12-10,1036.699951171875,1067.0,1030.0,1064.699951171875,568627,ADANIGREEN
2020-12-11,1041.5,1057.0,985.0,990.0499877929688,1793445,ADANIGREEN
2020-12-14,1010.7999877929688,1028.0999755859375,995.0999755859375,1019.0,921358,ADANIGREEN
2020-12-15,1013.6500244140625,1020.0,1000.25,1009.0,754880,ADANIGREEN
2020-12-16,1019.4000244140625,1029.9000244140625,1011.0999755859375,1019.75,451443,ADANIGREEN
2020-12-17,1041.550048828125,1059.4000244140625,1013.75,1023.9000244140625,686579,ADANIGREEN
2020-12-18,1016.1500244140625,1058.4000244140625,1001.0,1058.4000244140625,1037435,ADANIGREEN
2020-12-21,1020.2999877929688,1040.0,971.0,1004.7999877929688,999121,ADANIGREEN
2020-12-22,1029.9000244140625,1040.0,976.0,992.0,637121,ADANIGREEN
2020-12-23,1044.949951171875,1050.0,1012.0999755859375,1035.0,684864,ADANIGREEN
2020-12-24,1036.199951171875,1059.0,1021.0,1058.0,406594,ADANIGREEN
2020-12-28,1038.0,1044.8499755859375,1025.6500244140625,1036.199951171875,425292,ADANIGREEN
2020-12-29,1038.699951171875,1047.25,1026.0,1040.0,349607,ADANIGREEN
2020-12-30,1052.949951171875,1060.0,1028.0,1039.9000244140625,374589,ADANIGREEN
2020-12-31,1052.5999755859375,1090.0,1041.0,1070.0,980110,ADANIGREEN
2021-01-01,1065.949951171875,1079.9000244140625,1053.050048828125,1079.9000244140625,297560,ADANIGREEN
2021-01-04,1082.25,1090.0,1071.199951171875,1088.4000244140625,360776,ADANIGREEN
2021-01-05,1096.449951171875,1106.9000244140625,1065.0,1070.199951171875,526896,ADANIGREEN
2021-01-06,1107.25,1111.0,1080.0,1100.0,427847,ADANIGREEN
2021-01-07,1063.0999755859375,1114.0,1051.9000244140625,1113.699951171875,1285732,ADANIGREEN
2021-01-08,1014.9000244140625,1076.0,1009.9500122070312,1071.0,1646213,ADANIGREEN
2021-01-11,968.2999877929688,1025.949951171875,964.2000122070312,1020.9500122070312,1303510,ADANIGREEN
2021-01-12,924.1500244140625,990.2000122070312,921.0,980.0,1578700,ADANIGREEN
2021-01-13,922.1500244140625,935.4000244140625,900.0999755859375,930.0,985028,ADANIGREEN
2021-01-14,968.25,968.25,925.0499877929688,925.9500122070312,1514658,ADANIGREEN
2021-01-15,947.75,1016.6500244140625,939.2000122070312,1016.6500244140625,2143296,ADANIGREEN
2021-01-18,949.75,980.0,920.0999755859375,945.0,1294049,ADANIGREEN
2021-01-19,992.8499755859375,997.2000122070312,966.5,978.8499755859375,849095,ADANIGREEN
2021-01-20,1020.1500244140625,1026.5,978.3499755859375,994.6500244140625,1055316,ADANIGREEN
2021-01-21,1048.800048828125,1056.0,1016.5,1021.75,902543,ADANIGREEN
2021-01-22,1047.8499755859375,1065.449951171875,1035.0,1047.800048828125,651810,ADANIGREEN
2021-01-25,1031.0999755859375,1064.0,1005.0,1055.0,528369,ADANIGREEN
2021-01-27,1028.550048828125,1050.0,1020.7999877929688,1030.199951171875,510466,ADANIGREEN
2021-01-28,1032.9000244140625,1039.0,1016.5,1016.5,273105,ADANIGREEN
2021-01-29,1004.9000244140625,1050.0,981.2999877929688,1035.5999755859375,1497461,ADANIGREEN
2021-02-01,1024.25,1040.5,1005.6500244140625,1018.0,535861,ADANIGREEN
2021-02-02,1031.949951171875,1046.949951171875,1014.0,1033.5,353217,ADANIGREEN
2021-02-03,1026.699951171875,1043.699951171875,1017.2000122070312,1041.25,397320,ADANIGREEN
2021-02-04,1078.0,1078.0,1035.0,1047.949951171875,1089299,ADANIGREEN
2021-02-05,1077.1500244140625,1131.0,1053.75,1101.0,692820,ADANIGREEN
2021-02-08,1063.449951171875,1097.199951171875,1055.199951171875,1070.0,431477,ADANIGREEN
2021-02-09,1086.050048828125,1116.0,1031.050048828125,1068.0,3536318,ADANIGREEN
2021-02-10,1080.449951171875,1097.9000244140625,1060.0,1076.0,4856552,ADANIGREEN
2021-02-11,1074.5999755859375,1090.0,1051.0,1080.0,4503787,ADANIGREEN
2021-02-12,1068.949951171875,1081.699951171875,1052.0,1064.949951171875,4532486,ADANIGREEN
2021-02-15,1062.8499755859375,1079.949951171875,1037.0,1068.0,4525422,ADANIGREEN
2021-02-16,1078.300048828125,1113.0,1049.0,1050.0,5182242,ADANIGREEN
2021-02-17,1104.25,1127.0,1051.050048828125,1085.0,6145401,ADANIGREEN
2021-02-18,1109.5,1129.4000244140625,1085.5,1100.0,5456103,ADANIGREEN
2021-02-19,1117.699951171875,1128.0,1069.050048828125,1109.800048828125,1004331,ADANIGREEN
2021-02-22,1141.449951171875,1152.050048828125,1103.0,1103.0,956638,ADANIGREEN
2021-02-23,1196.199951171875,1198.5,1161.0,1161.199951171875,5405934,ADANIGREEN
2021-02-24,1169.3499755859375,1209.699951171875,1159.0,1209.699951171875,494155,ADANIGREEN
2021-02-25,1128.550048828125,1192.0,1117.449951171875,1174.5999755859375,678592,ADANIGREEN
2021-02-26,1159.8499755859375,1184.949951171875,1101.550048828125,1125.0,6662742,ADANIGREEN
2021-03-01,1141.0,1170.0,1130.1500244140625,1170.0,448402,ADANIGREEN
2021-03-02,1164.8499755859375,1175.0,1134.0,1155.0,521226,ADANIGREEN
2021-03-03,1176.300048828125,1190.0,1162.050048828125,1178.9000244140625,494659,ADANIGREEN
2021-03-04,1184.6500244140625,1198.0,1165.0,1176.0,641914,ADANIGREEN
2021-03-05,1172.75,1206.0,1162.0,1178.9000244140625,595718,ADANIGREEN
2021-03-08,1171.5999755859375,1185.0,1162.25,1178.0,267891,ADANIGREEN
2021-03-09,1166.199951171875,1179.949951171875,1135.0,1179.949951171875,332177,ADANIGREEN
2021-03-10,1185.6500244140625,1192.0999755859375,1165.5,1165.5,483563,ADANIGREEN
2021-03-12,1160.5999755859375,1200.0,1154.199951171875,1200.0,296923,ADANIGREEN
2021-03-15,1193.0999755859375,1205.0,1135.25,1179.0,453478,ADANIGREEN
2021-03-16,1219.800048828125,1244.4000244140625,1206.300048828125,1209.9000244140625,648757,ADANIGREEN
2021-03-17,1164.300048828125,1240.0,1158.8499755859375,1229.8499755859375,407312,ADANIGREEN
2021-03-18,1135.8499755859375,1183.0,1120.0999755859375,1179.4000244140625,269255,ADANIGREEN
2021-03-19,1192.5999755859375,1192.5999755859375,1081.0999755859375,1129.9000244140625,622620,ADANIGREEN
2021-03-22,1252.199951171875,1252.199951171875,1234.949951171875,1252.199951171875,382028,ADANIGREEN
2021-03-23,1313.6500244140625,1314.800048828125,1282.0,1309.0,2252589,ADANIGREEN
2021-03-24,1291.3499755859375,1340.0,1268.0,1297.199951171875,1159456,ADANIGREEN
2021-03-25,1226.800048828125,1300.0,1226.800048828125,1300.0,436451,ADANIGREEN
2021-03-26,1212.3499755859375,1260.0,1178.199951171875,1215.0,436902,ADANIGREEN
2021-03-30,1157.6500244140625,1230.0,1151.75,1216.050048828125,737543,ADANIGREEN
2021-03-31,1104.8499755859375,1157.6500244140625,1099.800048828125,1157.6500244140625,779163,ADANIGREEN
2021-04-01,1160.050048828125,1160.050048828125,1104.9000244140625,1104.9000244140625,523216,ADANIGREEN
2021-04-05,1164.199951171875,1210.0,1125.050048828125,1165.0,822644,ADANIGREEN
2021-04-06,1194.449951171875,1209.0,1170.0999755859375,1175.9000244140625,574032,ADANIGREEN
2021-04-07,1196.199951171875,1223.5,1164.0,1215.0,572004,ADANIGREEN
2021-04-08,1165.5,1196.1500244140625,1160.0,1177.0,462142,ADANIGREEN
2021-04-09,1142.75,1185.0,1130.0,1179.800048828125,526463,ADANIGREEN
2021-04-12,1085.6500244140625,1129.949951171875,1085.6500244140625,1129.949951171875,313902,ADANIGREEN
2021-04-13,1116.050048828125,1138.0,1035.1500244140625,1085.4000244140625,888788,ADANIGREEN
2021-04-15,1122.699951171875,1144.0,1085.4000244140625,1115.949951171875,786223,ADANIGREEN
2021-04-16,1108.5999755859375,1148.0,1099.0,1122.699951171875,494736,ADANIGREEN
2021-04-19,1056.3499755859375,1108.0,1053.199951171875,1088.0,563766,ADANIGREEN
2021-04-20,1043.949951171875,1086.0,1037.0,1060.0,477549,ADANIGREEN
2021-04-22,1030.449951171875,1054.0,1008.0,1043.949951171875,434346,ADANIGREEN
2021-04-23,1052.4000244140625,1064.949951171875,1027.0,1027.0,363924,ADANIGREEN
2021-04-26,1049.25,1062.949951171875,1045.0,1060.3499755859375,226465,ADANIGREEN
2021-04-27,1054.5999755859375,1064.0,1044.050048828125,1064.0,204814,ADANIGREEN
2021-04-28,1054.699951171875,1065.0,1044.5999755859375,1065.0,273943,ADANIGREEN
2021-04-29,1055.75,1065.0,1049.0,1060.0,218774,ADANIGREEN
2021-04-30,1018.9500122070312,1048.5999755859375,1011.0,1040.9000244140625,466631,ADANIGREEN
2021-05-03,1036.5,1044.699951171875,990.0,1015.0,324742,ADANIGREEN
2021-05-04,1045.0999755859375,1063.0,1035.0,1050.0,256463,ADANIGREEN
2021-05-05,1064.550048828125,1080.800048828125,1047.3499755859375,1059.0,446011,ADANIGREEN
2021-05-06,1099.5999755859375,1108.0,1072.0,1083.949951171875,762063,ADANIGREEN
2021-05-07,1102.9000244140625,1125.4000244140625,1083.699951171875,1120.0,784571,ADANIGREEN
2021-05-10,1102.8499755859375,1120.0,1098.050048828125,1110.0,336905,ADANIGREEN
2021-05-11,1077.949951171875,1094.0,1071.050048828125,1094.0,344008,ADANIGREEN
2021-05-12,1049.800048828125,1084.800048828125,1032.199951171875,1077.0,369512,ADANIGREEN
2021-05-14,1088.050048828125,1097.699951171875,1050.5,1069.0,681045,ADANIGREEN
2021-05-17,1142.449951171875,1142.449951171875,1142.449951171875,1142.449951171875,268800,ADANIGREEN
2021-05-18,1198.75,1199.550048828125,1181.1500244140625,1199.550048828125,825222,ADANIGREEN
2021-05-19,1243.6500244140625,1258.6500244140625,1156.0,1244.0,2581312,ADANIGREEN
2021-05-20,1268.8499755859375,1284.75,1240.0999755859375,1274.0,1235091,ADANIGREEN
2021-05-21,1299.199951171875,1320.5,1272.0,1285.0,1145075,ADANIGREEN
2021-05-24,1360.949951171875,1364.1500244140625,1300.0,1317.0,1906731,ADANIGREEN
2021-05-25,1314.25,1390.0,1301.0999755859375,1390.0,1212221,ADANIGREEN
2021-05-26,1264.5999755859375,1333.9000244140625,1248.550048828125,1325.0,1022936,ADANIGREEN
2021-05-27,1266.5999755859375,1304.9000244140625,1225.300048828125,1289.699951171875,2431113,ADANIGREEN
2021-05-28,1238.949951171875,1289.0,1235.0,1273.0,747224,ADANIGREEN
2021-05-31,1268.199951171875,1285.949951171875,1242.25,1260.0,405540,ADANIGREEN
2021-06-01,1271.050048828125,1280.0,1249.0,1270.0,664012,ADANIGREEN
2021-06-02,1299.800048828125,1318.449951171875,1275.0,1275.0,1381899,ADANIGREEN
2021-06-03,1286.9000244140625,1323.0,1281.0999755859375,1323.0,1190736,ADANIGREEN
2021-06-04,1277.25,1308.0,1271.25,1305.199951171875,842516,ADANIGREEN
2021-06-07,1264.8499755859375,1294.4000244140625,1263.0,1294.4000244140625,647083,ADANIGREEN
2021-06-08,1267.550048828125,1278.0,1242.5,1278.0,678122,ADANIGREEN
2021-06-09,1239.1500244140625,1270.0,1228.0,1270.0,300531,ADANIGREEN
2021-06-10,1233.5,1260.0,1208.0,1250.0,1367276,ADANIGREEN
2021-06-11,1217.699951171875,1260.0,1189.0,1233.0,1903191,ADANIGREEN
2021-06-14,1212.9000244140625,1257.0,1156.8499755859375,1156.8499755859375,2000802,ADANIGREEN
2021-06-15,1212.199951171875,1225.0,1162.0,1222.0,1994140,ADANIGREEN
2021-06-16,1182.75,1235.0,1162.550048828125,1171.050048828125,1781769,ADANIGREEN
2021-06-17,1123.6500244140625,1150.0,1123.6500244140625,1123.6500244140625,1709482,ADANIGREEN
2021-06-18,1067.550048828125,1075.0,1067.5,1067.5,1227389,ADANIGREEN
2021-06-21,1120.9000244140625,1120.9000244140625,1014.2000122070312,1014.2000122070312,2046583,ADANIGREEN
2021-06-22,1167.4000244140625,1176.9000244140625,1141.0,1150.0,2492565,ADANIGREEN
2021-06-23,1166.1500244140625,1196.199951171875,1115.0,1178.0,1221164,ADANIGREEN
2021-06-24,1139.699951171875,1168.0,1110.0,1125.0,1653777,ADANIGREEN
2021-06-25,1167.25,1170.0,1090.0,1116.949951171875,1964847,ADANIGREEN
2021-06-28,1119.8499755859375,1170.0,1111.5,1167.25,1892105,ADANIGREEN
2021-06-29,1126.300048828125,1145.0,1100.0999755859375,1120.0,1995959,ADANIGREEN
2021-06-30,1124.9000244140625,1140.0,1101.550048828125,1120.0,1856503,ADANIGREEN
2021-07-01,1068.699951171875,1128.4000244140625,1068.699951171875,1124.9000244140625,231561,ADANIGREEN
2021-07-02,1015.2999877929688,1063.0,1015.2999877929688,1015.2999877929688,151999,ADANIGREEN
2021-07-05,964.5499877929688,1000.0,964.5499877929688,966.0,163265,ADANIGREEN
2021-07-06,1012.75,1012.75,916.3499755859375,916.3499755859375,342899,ADANIGREEN
2021-07-07,1017.0499877929688,1035.0,962.1500244140625,1011.0,247291,ADANIGREEN
2021-07-08,1028.6500244140625,1060.0,1001.0,1027.0,166271,ADANIGREEN
2021-07-09,1019.4000244140625,1040.0,1001.0,1025.0,91944,ADANIGREEN
2021-07-12,1004.2000122070312,1029.0,1002.0,1002.3499755859375,61803,ADANIGREEN
2021-07-13,989.2000122070312,1015.75,979.7999877929688,1014.0,109696,ADANIGREEN
2021-07-14,979.7000122070312,1015.0,950.0,1009.0,422385,ADANIGREEN
2021-07-15,995.7999877929688,1005.0,960.0,975.0,125826,ADANIGREEN
2021-07-16,1008.6500244140625,1020.0,970.0,996.0,235508,ADANIGREEN
2021-07-19,979.1500244140625,1008.0,970.0,1008.0,114607,ADANIGREEN
2021-07-20,945.0999755859375,960.9500122070312,930.2000122070312,930.2000122070312,211121,ADANIGREEN
2021-07-22,988.25,992.3499755859375,900.0,920.0,296802,ADANIGREEN
2021-07-23,980.25,991.0,951.25,989.0,79379,ADANIGREEN
2021-07-26,942.2000122070312,975.0,935.0999755859375,975.0,95733,ADANIGREEN
2021-07-27,914.4500122070312,950.0,905.0,942.2000122070312,110537,ADANIGREEN
2021-07-28,945.6500244140625,953.0,875.0,915.5,163911,ADANIGREEN
2021-07-29,924.2999877929688,955.0,910.0,950.75,95929,ADANIGREEN
2021-07-30,882.2999877929688,935.0,878.0999755859375,930.8499755859375,238191,ADANIGREEN
2021-08-02,876.1500244140625,900.0,874.7999877929688,882.4000244140625,1113774,ADANIGREEN
2021-08-03,890.9000244140625,915.0,877.0,888.0,1372522,ADANIGREEN
2021-08-04,898.1500244140625,915.0,880.0,905.0,1317233,ADANIGREEN
2021-08-05,889.6500244140625,910.0,880.0,910.0,1447231,ADANIGREEN
2021-08-06,910.5499877929688,921.0,882.0,892.0,1079251,ADANIGREEN
2021-08-09,906.5499877929688,919.0,890.0,913.0,1809323,ADANIGREEN
2021-08-10,908.4000244140625,921.0,890.0,915.0,2775029,ADANIGREEN
2021-08-11,901.5,912.0,875.0,908.4000244140625,2606211,ADANIGREEN
2021-08-12,913.7000122070312,920.0,885.0,890.0,2615374,ADANIGREEN
2021-08-13,919.0999755859375,921.0,902.0499877929688,902.0499877929688,2478660,ADANIGREEN
2021-08-16,925.25,930.0,905.0,919.0,2532972,ADANIGREEN
2021-08-17,936.8499755859375,940.0,927.0,927.0,2111296,ADANIGREEN
2021-08-18,942.5,955.0,929.0499877929688,950.0,2934048,ADANIGREEN
2021-08-20,935.8499755859375,938.9500122070312,925.0,938.9500122070312,2465015,ADANIGREEN
2021-08-23,933.6500244140625,953.0,914.0,935.0,2179201,ADANIGREEN
2021-08-24,949.7000122070312,977.0,933.6500244140625,936.0,2838887,ADANIGREEN
2021-08-25,997.1500244140625,997.1500244140625,954.0,954.0,2263117,ADANIGREEN
2021-08-26,1046.449951171875,1047.0,1017.0999755859375,1040.0,1686596,ADANIGREEN
2021-08-27,1049.0999755859375,1060.0,998.0,1050.0,2132213,ADANIGREEN
2021-08-30,1060.3499755859375,1063.0,1015.0,1040.0,2426934,ADANIGREEN
2021-08-31,1068.3499755859375,1100.0,1040.0,1053.949951171875,2737522,ADANIGREEN
2021-09-01,1079.800048828125,1098.800048828125,1065.0999755859375,1075.0,1520928,ADANIGREEN
2021-09-02,1085.3499755859375,1090.0,1059.0,1060.0,1483278,ADANIGREEN
2021-09-03,1081.3499755859375,1097.5,1061.199951171875,1097.0,1093470,ADANIGREEN
2021-09-06,1112.75,1135.0,1085.199951171875,1099.0,674863,ADANIGREEN
2021-09-07,1110.050048828125,1130.0,1080.0,1120.0,244582,ADANIGREEN
2021-09-08,1158.300048828125,1165.550048828125,1091.550048828125,1091.550048828125,742832,ADANIGREEN
2021-09-09,1215.949951171875,1216.199951171875,1148.5,1170.0,582097,ADANIGREEN
2021-09-13,1185.199951171875,1219.9000244140625,1166.050048828125,1215.0,713024,ADANIGREEN
2021-09-14,1149.4000244140625,1208.4000244140625,1133.0999755859375,1189.0,903673,ADANIGREEN
2021-09-15,1126.949951171875,1169.0,1120.0,1160.5,568745,ADANIGREEN
2021-09-16,1169.6500244140625,1180.25,1110.449951171875,1137.0,581390,ADANIGREEN
2021-09-17,1153.25,1184.0,1120.0,1184.0,821213,ADANIGREEN
2021-09-20,1131.1500244140625,1145.949951171875,1112.050048828125,1145.949951171875,1781350,ADANIGREEN
2021-09-21,1120.699951171875,1127.0,1097.25,1115.0,1798120,ADANIGREEN
2021-09-22,1141.550048828125,1163.5,1127.050048828125,1147.4000244140625,2248068,ADANIGREEN
2021-09-23,1149.199951171875,1160.0,1118.75,1150.0,2615150,ADANIGREEN
2021-09-24,1151.800048828125,1159.0,1125.25,1149.199951171875,3334805,ADANIGREEN
2021-09-27,1153.449951171875,1159.5,1127.0,1157.0,3249556,ADANIGREEN
2021-09-28,1144.5,1160.0,1132.25,1158.0,3469774,ADANIGREEN
2021-09-29,1138.6500244140625,1149.800048828125,1111.25,1130.0,3694509,ADANIGREEN
2021-09-30,1146.5999755859375,1159.0,1125.0,1139.0,1551279,ADANIGREEN
2021-10-01,1151.050048828125,1189.9000244140625,1146.5999755859375,1147.949951171875,447943,ADANIGREEN
2021-10-04,1176.0999755859375,1180.0,1152.25,1161.0,278908,ADANIGREEN
2021-10-05,1222.199951171875,1230.0,1199.300048828125,1203.0,583547,ADANIGREEN
2021-10-06,1214.5999755859375,1264.800048828125,1203.300048828125,1231.9000244140625,375503,ADANIGREEN
2021-10-07,1205.6500244140625,1237.0,1202.0999755859375,1225.0,179544,ADANIGREEN
2021-10-08,1176.550048828125,1220.0,1152.050048828125,1219.800048828125,174740,ADANIGREEN
2021-10-11,1162.0999755859375,1211.199951171875,1159.0,1199.300048828125,181216,ADANIGREEN
2021-10-12,1208.3499755859375,1220.0,1150.0,1185.0,418421,ADANIGREEN
2021-10-13,1193.5,1220.0,1180.0,1208.3499755859375,265060,ADANIGREEN
2021-10-14,1206.550048828125,1212.25,1196.0999755859375,1203.0,250393,ADANIGREEN
2021-10-18,1203.6500244140625,1237.0,1200.0999755859375,1221.0,254046,ADANIGREEN
2021-10-19,1181.3499755859375,1214.4000244140625,1170.0999755859375,1210.0,176429,ADANIGREEN
2021-10-20,1179.1500244140625,1210.0,1122.300048828125,1195.0,241623,ADANIGREEN
2021-10-21,1198.949951171875,1203.949951171875,1173.0999755859375,1190.0,271740,ADANIGREEN
2021-10-22,1202.1500244140625,1210.0,1177.0,1200.9000244140625,301252,ADANIGREEN
2021-10-25,1202.4000244140625,1212.0,1148.550048828125,1212.0,218738,ADANIGREEN
2021-10-26,1179.949951171875,1199.800048828125,1172.0,1188.0,138432,ADANIGREEN
2021-10-27,1206.0999755859375,1211.0,1180.0999755859375,1190.0,381133,ADANIGREEN
2021-10-28,1147.1500244140625,1208.5999755859375,1145.800048828125,1204.5,314777,ADANIGREEN
2021-10-29,1152.8499755859375,1189.1500244140625,1106.0,1155.0,364243,ADANIGREEN
2021-11-01,1172.3499755859375,1178.050048828125,1141.0,1155.0,1215021,ADANIGREEN
2021-11-02,1174.25,1184.449951171875,1135.800048828125,1178.0,1638199,ADANIGREEN
2021-11-03,1204.5,1220.0,1162.4000244140625,1175.0,1848796,ADANIGREEN
2021-11-04,1200.4000244140625,1224.800048828125,1195.0999755859375,1215.0,37041,ADANIGREEN
2021-11-08,1226.0,1235.0,1201.0,1224.3499755859375,1615093,ADANIGREEN
2021-11-09,1230.800048828125,1235.0,1203.050048828125,1215.0,2220381,ADANIGREEN
2021-11-10,1228.8499755859375,1232.4000244140625,1206.800048828125,1223.0,1819508,ADANIGREEN
2021-11-11,1230.800048828125,1248.0,1211.5,1231.949951171875,1536247,ADANIGREEN
2021-11-12,1292.300048828125,1292.300048828125,1237.3499755859375,1248.0,1685194,ADANIGREEN
2021-11-15,1305.050048828125,1334.0,1284.050048828125,1330.0,1955088,ADANIGREEN
2021-11-16,1314.3499755859375,1329.0,1291.0,1314.0,2043814,ADANIGREEN
2021-11-17,1313.5,1358.300048828125,1294.0,1305.0,2180190,ADANIGREEN
2021-11-18,1345.75,1355.0,1292.4000244140625,1299.800048828125,2032876,ADANIGREEN
2021-11-22,1340.949951171875,1367.9000244140625,1321.25,1358.0,2725159,ADANIGREEN
2021-11-23,1407.050048828125,1407.949951171875,1309.300048828125,1329.449951171875,3017882,ADANIGREEN
2021-11-24,1391.3499755859375,1429.0,1370.0,1420.0,3007303,ADANIGREEN
2021-11-25,1405.050048828125,1418.699951171875,1370.0,1394.800048828125,1430455,ADANIGREEN
2021-11-26,1372.550048828125,1403.9000244140625,1346.050048828125,1371.050048828125,1609398,ADANIGREEN
2021-11-29,1352.75,1364.800048828125,1303.949951171875,1346.0,424967,ADANIGREEN
2021-11-30,1295.4000244140625,1414.0,1285.1500244140625,1349.0,1651907,ADANIGREEN
2021-12-01,1328.5999755859375,1336.800048828125,1235.0,1235.0,1225618,ADANIGREEN
2021-12-02,1341.5999755859375,1370.0,1317.0,1338.0,454785,ADANIGREEN
2021-12-03,1389.6500244140625,1395.949951171875,1341.8499755859375,1349.449951171875,921744,ADANIGREEN
2021-12-06,1378.699951171875,1415.0,1360.0999755859375,1398.300048828125,516587,ADANIGREEN
2021-12-07,1389.699951171875,1414.0,1371.0,1398.0,796718,ADANIGREEN
2021-12-08,1390.5,1409.0,1368.050048828125,1368.050048828125,727977,ADANIGREEN
2021-12-09,1390.0999755859375,1410.0,1381.0,1400.0,668010,ADANIGREEN
2021-12-10,1388.9000244140625,1410.0,1381.3499755859375,1395.0,757777,ADANIGREEN
2021-12-13,1385.949951171875,1474.8499755859375,1365.4000244140625,1430.0,1184987,ADANIGREEN
2021-12-14,1436.3499755859375,1454.8499755859375,1388.0,1388.0,949575,ADANIGREEN
2021-12-15,1439.25,1468.6500244140625,1425.3499755859375,1450.0,457324,ADANIGREEN
2021-12-16,1402.25,1469.0,1395.199951171875,1458.0,508315,ADANIGREEN
2021-12-17,1413.25,1428.449951171875,1375.0,1405.0,1210610,ADANIGREEN
2021-12-20,1369.5,1410.0,1322.550048828125,1410.0,608784,ADANIGREEN
2021-12-21,1383.1500244140625,1406.449951171875,1377.050048828125,1385.0,653263,ADANIGREEN
2021-12-22,1403.0999755859375,1410.0,1375.0,1396.0999755859375,663073,ADANIGREEN
2021-12-23,1422.050048828125,1439.75,1389.0999755859375,1424.0,380538,ADANIGREEN
2021-12-24,1385.4000244140625,1429.6500244140625,1380.0999755859375,1425.0,674141,ADANIGREEN
2021-12-27,1375.5,1392.6500244140625,1370.449951171875,1388.9000244140625,443450,ADANIGREEN
2021-12-28,1398.800048828125,1403.8499755859375,1381.75,1386.0,525392,ADANIGREEN
2021-12-29,1392.6500244140625,1407.3499755859375,1382.5999755859375,1398.5,304195,ADANIGREEN
2021-12-30,1311.050048828125,1396.8499755859375,1295.0,1385.050048828125,866537,ADANIGREEN
2021-12-31,1330.25,1340.800048828125,1311.050048828125,1325.0999755859375,235438,ADANIGREEN
2022-01-03,1346.9000244140625,1356.199951171875,1336.9000244140625,1340.0,130549,ADANIGREEN
2022-01-04,1366.699951171875,1375.0,1340.0,1357.0,192988,ADANIGREEN
2022-01-05,1399.6500244140625,1408.300048828125,1366.699951171875,1366.699951171875,394705,ADANIGREEN
2022-01-06,1409.800048828125,1419.800048828125,1379.6500244140625,1400.0,212678,ADANIGREEN
2022-01-07,1423.0999755859375,1429.0,1403.0,1427.800048828125,285809,ADANIGREEN
2022-01-10,1438.9000244140625,1453.0,1405.0,1405.0,275337,ADANIGREEN
2022-01-11,1567.949951171875,1582.75,1432.0,1448.0,1351146,ADANIGREEN
2022-01-12,1647.550048828125,1667.0,1567.0,1599.0,2070560,ADANIGREEN
2022-01-13,1661.800048828125,1684.4000244140625,1588.0,1650.0,940202,ADANIGREEN
2022-01-14,1697.949951171875,1720.5,1637.050048828125,1657.0,656706,ADANIGREEN
2022-01-17,1835.300048828125,1854.0,1698.4000244140625,1706.449951171875,1670969,ADANIGREEN
2022-01-18,1900.0999755859375,1923.9000244140625,1828.5,1850.0,1797857,ADANIGREEN
2022-01-19,1938.449951171875,1950.0,1905.050048828125,1930.0,1100995,ADANIGREEN
2022-01-20,1966.699951171875,1979.300048828125,1945.0,1948.1500244140625,644709,ADANIGREEN
2022-01-21,1934.550048828125,1986.75,1875.0,1973.0,827055,ADANIGREEN
2022-01-24,1837.8499755859375,1946.25,1837.8499755859375,1946.25,449371,ADANIGREEN
2022-01-25,1929.0,1929.699951171875,1746.0,1782.699951171875,620114,ADANIGREEN
2022-01-27,1910.25,1964.699951171875,1885.050048828125,1900.0,379757,ADANIGREEN
2022-01-28,1938.4000244140625,1957.0,1904.949951171875,1945.0,352835,ADANIGREEN
2022-01-31,1877.8499755859375,1964.9000244140625,1863.9000244140625,1957.0,297221,ADANIGREEN
2022-02-01,1904.0,1959.0,1883.0,1928.0,492309,ADANIGREEN
2022-02-02,1916.300048828125,1939.25,1870.0,1919.199951171875,258926,ADANIGREEN
2022-02-03,1912.550048828125,1925.0,1881.0,1915.0,242268,ADANIGREEN
2022-02-04,1950.3499755859375,1958.5,1902.449951171875,1912.550048828125,296479,ADANIGREEN
2022-02-07,2024.6500244140625,2051.199951171875,1966.050048828125,1970.0,470440,ADANIGREEN
2022-02-08,1928.0,2050.0,1856.0,2035.0,561637,ADANIGREEN
2022-02-09,1919.800048828125,1941.5,1891.550048828125,1932.199951171875,348096,ADANIGREEN
2022-02-10,1907.949951171875,1945.0,1888.0,1929.0,555955,ADANIGREEN
2022-02-11,1907.5999755859375,1917.3499755859375,1875.0,1915.5999755859375,397431,ADANIGREEN
2022-02-14,1862.1500244140625,1895.0,1804.8499755859375,1875.0,402089,ADANIGREEN
2022-02-15,1889.5,1903.949951171875,1780.0,1852.5,410317,ADANIGREEN
2022-02-16,1931.75,1969.0,1894.25,1915.0,659937,ADANIGREEN
2022-02-17,2047.5999755859375,2094.800048828125,1933.25,1950.0,1665839,ADANIGREEN
2022-02-18,2041.8499755859375,2125.0,2001.0,2060.0,1134090,ADANIGREEN
2022-02-21,1955.9000244140625,2041.0,1941.0,2041.0,466499,ADANIGREEN
2022-02-22,1971.949951171875,1994.800048828125,1850.0,1850.0,1159269,ADANIGREEN
2022-02-23,1987.3499755859375,2053.14990234375,1971.0,1982.0,770250,ADANIGREEN
2022-02-24,1849.75,1924.0,1800.0,1899.0,1036033,ADANIGREEN
2022-02-25,1923.5,1956.0,1875.0,1875.0,644994,ADANIGREEN
2022-02-28,1843.4000244140625,1924.0,1831.0,1899.9000244140625,1899148,ADANIGREEN
2022-03-02,1882.550048828125,1899.0,1800.050048828125,1806.0,977410,ADANIGREEN
2022-03-03,1950.9000244140625,1997.0,1916.199951171875,1930.0,1175563,ADANIGREEN
2022-03-04,1894.300048828125,1950.0,1885.0,1947.9000244140625,646859,ADANIGREEN
2022-03-07,1803.75,1879.5,1784.0999755859375,1850.0,636784,ADANIGREEN
2022-03-08,1783.949951171875,1873.75,1751.0,1849.6500244140625,844346,ADANIGREEN
2022-03-09,1828.75,1849.0,1810.0,1825.0,525645,ADANIGREEN
2022-03-10,1881.8499755859375,1915.0,1853.199951171875,1864.699951171875,657959,ADANIGREEN
2022-03-11,1860.050048828125,1897.9000244140625,1850.25,1897.9000244140625,382512,ADANIGREEN
2022-03-14,1822.4000244140625,1872.8499755859375,1801.25,1860.050048828125,362116,ADANIGREEN
2022-03-15,1798.75,1850.0,1785.0,1840.699951171875,396469,ADANIGREEN
2022-03-16,1833.6500244140625,1843.0,1810.800048828125,1835.0,315891,ADANIGREEN
2022-03-17,1901.199951171875,1950.0,1825.699951171875,1870.0,1137281,ADANIGREEN
2022-03-21,1876.050048828125,1948.0,1863.5,1939.800048828125,546502,ADANIGREEN
2022-03-22,1877.449951171875,1905.0,1855.0,1860.0,337757,ADANIGREEN
2022-03-23,1921.4000244140625,1941.9000244140625,1877.5,1884.4000244140625,834792,ADANIGREEN
2022-03-24,1911.4000244140625,1924.0,1887.0,1887.0,477913,ADANIGREEN
2022-03-25,1921.25,1947.4000244140625,1895.0,1928.5,579479,ADANIGREEN
2022-03-28,1930.8499755859375,1940.6500244140625,1895.449951171875,1932.949951171875,746161,ADANIGREEN
2022-03-29,1923.300048828125,1947.0,1904.0,1935.199951171875,481913,ADANIGREEN
2022-03-30,1857.1500244140625,2039.800048828125,1776.25,1936.0,2316424,ADANIGREEN
2022-03-31,1914.699951171875,1940.0,1876.25,1890.0,1144220,ADANIGREEN
2022-04-01,1945.0999755859375,1965.449951171875,1907.199951171875,1935.550048828125,1015269,ADANIGREEN
2022-04-04,2110.449951171875,2139.60009765625,1941.25,1978.0,1898588,ADANIGREEN
2022-04-05,2189.800048828125,2209.949951171875,2122.0,2152.699951171875,2206673,ADANIGREEN
2022-04-06,2197.39990234375,2250.0,2158.0,2210.0,1558568,ADANIGREEN
2022-04-07,2166.0,2329.75,2084.85009765625,2218.0,2665993,ADANIGREEN
2022-04-08,2321.85009765625,2368.89990234375,2211.10009765625,2230.0,2497727,ADANIGREEN
2022-04-11,2665.14990234375,2786.199951171875,2390.0,2415.0,4757168,ADANIGREEN
2022-04-12,2792.39990234375,2955.0,2725.5,2840.0,7836658,ADANIGREEN
2022-04-13,2864.300048828125,2950.0,2775.39990234375,2880.0,2316844,ADANIGREEN
2022-04-18,2970.5,3011.89990234375,2652.0,2850.0,2419364,ADANIGREEN
2022-04-19,2911.949951171875,3050.0,2750.0,3035.0,2529522,ADANIGREEN
2022-04-20,2810.85009765625,2990.050048828125,2762.300048828125,2966.550048828125,1065499,ADANIGREEN
2022-04-21,2811.5,2870.0,2750.0,2859.0,1122487,ADANIGREEN
2022-04-22,2882.800048828125,2979.5,2810.0,2830.0,7604326,ADANIGREEN
2022-04-25,2824.0,2858.800048828125,2800.0,2825.14990234375,682910,ADANIGREEN
2022-04-26,2952.449951171875,2976.0,2850.0,2861.0,1401444,ADANIGREEN
2022-04-27,2841.64990234375,2955.0,2821.5,2955.0,982473,ADANIGREEN
2022-04-28,2912.199951171875,2945.85009765625,2832.199951171875,2897.800048828125,887135,ADANIGREEN
2022-04-29,2882.800048828125,3000.0,2844.800048828125,2935.0,1101232,ADANIGREEN
2022-05-02,2830.35009765625,2895.0,2809.0,2860.0,374592,ADANIGREEN
2022-05-04,2671.35009765625,2800.0,2628.550048828125,2800.0,862120,ADANIGREEN
2022-05-05,2845.89990234375,2890.0,2725.0,2744.0,865154,ADANIGREEN
2022-05-06,2874.800048828125,2955.0,2740.0,2813.89990234375,910667,ADANIGREEN
2022-05-09,2706.39990234375,2840.0,2675.0,2805.10009765625,581855,ADANIGREEN
2022-05-10,2486.699951171875,2739.39990234375,2461.050048828125,2696.0,818487,ADANIGREEN
2022-05-11,2648.050048828125,2710.0,2486.699951171875,2535.0,1287498,ADANIGREEN
2022-05-12,2436.800048828125,2720.0,2402.0,2700.0,890166,ADANIGREEN
2022-05-13,2171.550048828125,2545.0,2105.550048828125,2436.0,1722448,ADANIGREEN
2022-05-16,2281.699951171875,2349.89990234375,2220.0,2234.0,1085417,ADANIGREEN
2022-05-17,2285.800048828125,2360.0,2211.0,2356.0,966040,ADANIGREEN
2022-05-18,2396.10009765625,2437.0,2287.0,2332.0,1603590,ADANIGREEN
2022-05-19,2317.5,2345.0,2268.25,2315.0,698975,ADANIGREEN
2022-05-20,2273.64990234375,2409.75,2257.0,2388.0,1325446,ADANIGREEN
2022-05-23,2248.35009765625,2324.89990234375,2231.050048828125,2299.0,633157,ADANIGREEN
2022-05-24,2136.300048828125,2274.75,2114.0,2269.0,868519,ADANIGREEN
2022-05-25,2187.35009765625,2245.0,2132.0,2171.0,1366317,ADANIGREEN
2022-05-26,2164.0,2229.89990234375,2035.0,2212.0,1651419,ADANIGREEN
2022-05-27,2166.449951171875,2219.0,2140.0,2217.0,664373,ADANIGREEN
2022-05-30,2151.64990234375,2216.949951171875,2125.75,2189.0,750092,ADANIGREEN
2022-05-31,1888.949951171875,2140.0,1833.0999755859375,2140.0,14897503,ADANIGREEN
2022-06-01,1848.4000244140625,1889.8499755859375,1776.0,1828.949951171875,4813035,ADANIGREEN
2022-06-02,1925.800048828125,1950.0,1825.0,1825.0,4258034,ADANIGREEN
2022-06-03,1855.9000244140625,1988.0,1830.0999755859375,1960.800048828125,3557798,ADANIGREEN
2022-06-06,1802.3499755859375,1853.0,1790.0,1853.0,1727155,ADANIGREEN
2022-06-07,1829.25,1873.449951171875,1776.800048828125,1804.0,2860643,ADANIGREEN
2022-06-08,1801.9000244140625,1858.8499755859375,1795.0,1848.699951171875,1569422,ADANIGREEN
2022-06-09,1812.6500244140625,1837.0,1790.300048828125,1809.0,1426447,ADANIGREEN
2022-06-10,1757.5999755859375,1814.8499755859375,1726.0,1796.0,1957093,ADANIGREEN
2022-06-13,1798.699951171875,1840.0,1703.550048828125,1728.75,2486948,ADANIGREEN
2022-06-14,1788.75,1834.800048828125,1756.050048828125,1790.0,1561899,ADANIGREEN
2022-06-15,1757.8499755859375,1822.0,1751.0,1819.800048828125,1493285,ADANIGREEN
2022-06-16,1711.0999755859375,1805.0,1680.050048828125,1787.0,2137604,ADANIGREEN
2022-06-17,1711.25,1784.0,1650.199951171875,1681.0,2595892,ADANIGREEN
2022-06-20,1743.6500244140625,1764.0,1677.050048828125,1708.300048828125,1562891,ADANIGREEN
2022-06-21,1809.0999755859375,1834.0,1722.0,1760.0,1280817,ADANIGREEN
2022-06-22,1736.0999755859375,1793.5999755859375,1720.050048828125,1779.0999755859375,1277913,ADANIGREEN
2022-06-23,1796.75,1809.9000244140625,1732.0,1750.0,1485891,ADANIGREEN
2022-06-24,1857.5999755859375,1867.5,1802.550048828125,1810.0,1722411,ADANIGREEN
2022-06-27,1917.6500244140625,1925.0,1875.050048828125,1880.0,1251839,ADANIGREEN
2022-06-28,1909.8499755859375,1920.0,1871.0999755859375,1909.0,959332,ADANIGREEN
2022-06-29,1901.699951171875,1946.6500244140625,1861.25,1880.050048828125,1235652,ADANIGREEN
2022-06-30,1929.5999755859375,1938.0,1901.8499755859375,1908.0,1117021,ADANIGREEN
2022-07-01,1963.6500244140625,1978.9000244140625,1902.0,1928.0,1206875,ADANIGREEN
2022-07-04,1883.5999755859375,1989.9000244140625,1860.0999755859375,1979.699951171875,1093460,ADANIGREEN
2022-07-05,1876.4000244140625,1915.0,1861.4000244140625,1915.0,651046,ADANIGREEN
2022-07-06,1903.699951171875,1909.0,1870.0,1876.0,497249,ADANIGREEN
2022-07-07,1909.699951171875,1929.5999755859375,1892.550048828125,1920.199951171875,364922,ADANIGREEN
2022-07-08,1921.0,1927.0,1893.0,1926.699951171875,392347,ADANIGREEN
2022-07-11,2207.35009765625,2263.64990234375,1910.800048828125,1918.5,7833061,ADANIGREEN
2022-07-12,2294.75,2374.0,2224.14990234375,2229.949951171875,8095252,ADANIGREEN
2022-07-13,2104.75,2384.0,2085.0,2328.0,6661674,ADANIGREEN
2022-07-14,2087.0,2188.0,1931.0,2160.0,8953549,ADANIGREEN
2022-07-15,2072.64990234375,2175.0,2024.199951171875,2115.050048828125,16301850,ADANIGREEN
2022-07-18,2093.25,2132.60009765625,2072.64990234375,2104.699951171875,3663774,ADANIGREEN
2022-07-19,2109.0,2118.0,2070.550048828125,2074.0,2034492,ADANIGREEN
2022-07-20,2084.300048828125,2146.0,2056.0,2134.85009765625,1925776,ADANIGREEN
2022-07-21,2109.75,2127.0,2063.14990234375,2091.0,1538537,ADANIGREEN
2022-07-22,2120.449951171875,2134.0,2095.10009765625,2125.0,1403033,ADANIGREEN
2022-07-25,2137.60009765625,2160.0,2115.75,2124.85009765625,1166283,ADANIGREEN
2022-07-26,2103.64990234375,2148.0,2085.25,2144.0,1105230,ADANIGREEN
2022-07-27,2099.199951171875,2114.199951171875,2090.0,2105.0,854297,ADANIGREEN
2022-07-28,2143.949951171875,2159.0,2110.050048828125,2117.0,1108183,ADANIGREEN
2022-07-29,2174.699951171875,2231.949951171875,2150.14990234375,2155.10009765625,1608323,ADANIGREEN
2022-08-01,2273.699951171875,2290.949951171875,2170.800048828125,2190.0,2239475,ADANIGREEN
2022-08-02,2296.14990234375,2317.85009765625,2250.199951171875,2285.10009765625,1655242,ADANIGREEN
2022-08-03,2204.60009765625,2311.64990234375,2169.0,2300.0,2307959,ADANIGREEN
2022-08-04,2190.949951171875,2277.75,2160.050048828125,2234.75,2039481,ADANIGREEN
2022-08-05,2106.199951171875,2209.85009765625,2070.0,2201.64990234375,1719376,ADANIGREEN
2022-08-08,2165.199951171875,2183.0,2106.25,2108.5,1151202,ADANIGREEN
2022-08-10,2164.949951171875,2198.0,2151.0,2184.89990234375,907527,ADANIGREEN
2022-08-11,2164.89990234375,2194.85009765625,2155.050048828125,2180.0,782241,ADANIGREEN
2022-08-12,2176.0,2195.0,2152.14990234375,2170.0,519745,ADANIGREEN
2022-08-16,2218.199951171875,2227.800048828125,2174.14990234375,2188.85009765625,1240364,ADANIGREEN
2022-08-17,2227.050048828125,2256.449951171875,2207.14990234375,2223.300048828125,1118867,ADANIGREEN
2022-08-18,2296.35009765625,2343.699951171875,2201.0,2227.699951171875,2878895,ADANIGREEN
2022-08-19,2411.35009765625,2484.0,2315.0,2315.0,7397150,ADANIGREEN
2022-08-22,2519.75,2560.0,2442.10009765625,2450.0,4743410,ADANIGREEN
2022-08-23,2412.89990234375,2572.0,2347.0,2547.0,5363755,ADANIGREEN
2022-08-24,2358.85009765625,2412.89990234375,2294.0,2412.0,3600804,ADANIGREEN
2022-08-25,2368.300048828125,2432.949951171875,2316.60009765625,2358.0,2609271,ADANIGREEN
2022-08-26,2392.75,2429.699951171875,2376.050048828125,2392.0,1385038,ADANIGREEN
2022-08-29,2337.85009765625,2375.0,2265.39990234375,2300.0,1378247,ADANIGREEN
2022-08-30,2436.199951171875,2450.0,2365.050048828125,2372.449951171875,3234492,ADANIGREEN
2022-09-01,2393.10009765625,2431.5,2375.10009765625,2431.5,1178816,ADANIGREEN
2022-09-02,2383.10009765625,2446.89990234375,2350.35009765625,2424.85009765625,1470217,ADANIGREEN
2022-09-05,2353.800048828125,2416.85009765625,2343.0,2402.5,962996,ADANIGREEN
2022-09-06,2374.89990234375,2411.35009765625,2362.10009765625,2379.89990234375,1124530,ADANIGREEN
2022-09-07,2346.949951171875,2404.89990234375,2338.85009765625,2372.5,1318939,ADANIGREEN
2022-09-08,2334.050048828125,2378.0,2316.0,2370.0,983638,ADANIGREEN
2022-09-09,2315.89990234375,2377.949951171875,2301.550048828125,2368.0,1264789,ADANIGREEN
2022-09-12,2355.949951171875,2365.85009765625,2316.14990234375,2331.0,947489,ADANIGREEN
2022-09-13,2335.64990234375,2390.0,2313.10009765625,2387.85009765625,929989,ADANIGREEN
2022-09-14,2293.60009765625,2333.0,2200.0,2200.0,1342814,ADANIGREEN
2022-09-15,2343.89990234375,2358.39990234375,2289.550048828125,2315.0,1883386,ADANIGREEN
2022-09-16,2316.60009765625,2344.75,2290.300048828125,2333.0,2122791,ADANIGREEN
2022-09-19,2346.35009765625,2368.60009765625,2292.300048828125,2326.0,2109109,ADANIGREEN
2022-09-20,2399.949951171875,2430.0,2357.050048828125,2370.39990234375,3222826,ADANIGREEN
2022-09-21,2362.800048828125,2437.0,2312.10009765625,2409.699951171875,2727517,ADANIGREEN
2022-09-22,2363.60009765625,2389.0,2325.0,2369.89990234375,1760549,ADANIGREEN
2022-09-23,2323.85009765625,2378.0,2305.0,2364.0,1562228,ADANIGREEN
2022-09-26,2210.35009765625,2299.800048828125,2181.0,2299.800048828125,1865096,ADANIGREEN
2022-09-27,2146.300048828125,2269.85009765625,2126.449951171875,2230.949951171875,855872,ADANIGREEN
2022-09-28,2051.050048828125,2143.800048828125,2040.0,2114.0,1112288,ADANIGREEN
2022-09-29,2004.050048828125,2138.0,1986.1500244140625,2103.85009765625,1909893,ADANIGREEN
2022-09-30,2260.800048828125,2404.85009765625,1995.199951171875,2003.9000244140625,5911038,ADANIGREEN
2022-10-03,2074.050048828125,2288.800048828125,2006.0,2263.85009765625,3136977,ADANIGREEN
2022-10-04,2134.199951171875,2235.949951171875,2037.5,2154.0,3959850,ADANIGREEN
2022-10-06,2201.699951171875,2228.0,2155.199951171875,2162.949951171875,2419573,ADANIGREEN
2022-10-07,2204.14990234375,2218.10009765625,2172.0,2209.0,1190454,ADANIGREEN
2022-10-10,2155.89990234375,2184.75,1763.3499755859375,2184.199951171875,905480,ADANIGREEN
2022-10-11,2128.800048828125,2199.0,2112.10009765625,2190.0,1352289,ADANIGREEN
2022-10-12,2099.10009765625,2167.800048828125,2088.050048828125,2147.800048828125,1256878,ADANIGREEN
2022-10-13,2083.35009765625,2115.0,2071.10009765625,2115.0,735633,ADANIGREEN
2022-10-14,2033.1500244140625,2154.949951171875,2000.0,2154.949951171875,949504,ADANIGREEN
2022-10-17,2154.449951171875,2198.0,2035.0,2044.0999755859375,2910329,ADANIGREEN
2022-10-18,2153.75,2215.39990234375,2135.0,2184.39990234375,2404969,ADANIGREEN
2022-10-19,2119.800048828125,2181.75,2105.0,2169.0,1373248,ADANIGREEN
2022-10-20,2138.89990234375,2151.0,2090.0,2101.0,1003651,ADANIGREEN
2022-10-21,2105.300048828125,2164.5,2075.25,2149.60009765625,5902738,ADANIGREEN
2022-10-24,2121.25,2134.449951171875,2116.0,2130.0,120561,ADANIGREEN
2022-10-25,2079.89990234375,2141.25,2071.199951171875,2129.89990234375,960922,ADANIGREEN
2022-10-27,2117.60009765625,2139.0,2090.39990234375,2097.14990234375,1265324,ADANIGREEN
2022-10-28,2098.550048828125,2124.0,2073.199951171875,2123.0,879806,ADANIGREEN
2022-10-31,2102.89990234375,2121.0,2081.0,2109.050048828125,854149,ADANIGREEN
2022-11-01,2121.25,2130.0,2086.39990234375,2108.0,1112667,ADANIGREEN
2022-11-02,2137.050048828125,2148.0,2111.0,2129.0,912280,ADANIGREEN
2022-11-03,2106.699951171875,2131.85009765625,2095.0,2127.050048828125,709541,ADANIGREEN
2022-11-04,2121.25,2129.699951171875,2095.0,2106.699951171875,777118,ADANIGREEN
2022-11-07,2165.699951171875,2184.0,2127.0,2127.0,1094562,ADANIGREEN
2022-11-09,2215.5,2258.800048828125,2163.60009765625,2174.0,1739571,ADANIGREEN
2022-11-10,2176.0,2245.35009765625,2155.0,2225.0,746766,ADANIGREEN
2022-11-11,2196.699951171875,2237.89990234375,2177.199951171875,2207.0,770505,ADANIGREEN
2022-11-14,2178.550048828125,2200.0,2160.0,2200.0,628699,ADANIGREEN
2022-11-15,2196.949951171875,2212.10009765625,2171.14990234375,2185.0,603539,ADANIGREEN
2022-11-16,2110.14990234375,2197.0,2090.050048828125,2197.0,983542,ADANIGREEN
2022-11-17,2102.60009765625,2130.0,2090.0,2117.64990234375,594680,ADANIGREEN
2022-11-18,2085.39990234375,2122.0,2041.0,2113.14990234375,1062645,ADANIGREEN
2022-11-21,2003.300048828125,2084.89990234375,1993.300048828125,2084.89990234375,718527,ADANIGREEN
2022-11-22,1986.0999755859375,2020.449951171875,1980.0,2013.3499755859375,629553,ADANIGREEN
2022-11-23,2036.5,2050.0,1987.0,1999.949951171875,637281,ADANIGREEN
2022-11-24,2043.050048828125,2069.0,2026.5,2048.800048828125,374383,ADANIGREEN
2022-11-25,2023.949951171875,2049.60009765625,1991.550048828125,2049.0,655726,ADANIGREEN
2022-11-28,1990.699951171875,2034.0,1975.0,2034.0,653530,ADANIGREEN
2022-11-29,2012.050048828125,2030.0,1991.300048828125,2000.0,499217,ADANIGREEN
2022-11-30,2116.5,2143.949951171875,2000.0,2019.0,1617289,ADANIGREEN
2022-12-01,2113.550048828125,2148.39990234375,2092.60009765625,2131.550048828125,728887,ADANIGREEN
2022-12-02,2062.300048828125,2117.0,2051.0,2113.0,527810,ADANIGREEN
2022-12-05,2042.0999755859375,2072.0,2021.8499755859375,2072.0,505068,ADANIGREEN
2022-12-06,2063.300048828125,2077.800048828125,2024.449951171875,2042.0,594052,ADANIGREEN
2022-12-07,2032.699951171875,2067.0,2025.0,2062.0,340020,ADANIGREEN
2022-12-08,2052.699951171875,2063.0,2035.550048828125,2042.9000244140625,316620,ADANIGREEN
2022-12-09,2053.449951171875,2065.0,2015.0,2063.0,395043,ADANIGREEN
2022-12-12,2024.050048828125,2053.0,2012.0999755859375,2030.0,334135,ADANIGREEN
2022-12-13,2021.4000244140625,2051.0,2012.0,2034.199951171875,430094,ADANIGREEN
2022-12-14,2018.1500244140625,2039.300048828125,2011.0,2026.4000244140625,324888,ADANIGREEN
2022-12-15,2024.9000244140625,2034.8499755859375,2010.0,2017.0,351166,ADANIGREEN
2022-12-16,2044.25,2070.0,2000.0,2012.699951171875,841693,ADANIGREEN
2022-12-19,2062.050048828125,2070.89990234375,2022.0,2051.0,341433,ADANIGREEN
2022-12-20,2061.64990234375,2069.0,2028.0,2060.0,285591,ADANIGREEN
2022-12-21,1968.25,2074.949951171875,1919.050048828125,2070.949951171875,592366,ADANIGREEN
2022-12-22,1980.75,2017.5,1930.0,1980.0,724864,ADANIGREEN
2022-12-23,1809.050048828125,1970.0,1782.0,1970.0,1242927,ADANIGREEN
2022-12-26,1876.8499755859375,1910.699951171875,1755.0,1809.050048828125,1226600,ADANIGREEN
2022-12-27,1908.699951171875,1929.949951171875,1883.25,1890.0,899439,ADANIGREEN
2022-12-28,1897.8499755859375,1943.0,1877.0,1908.699951171875,997622,ADANIGREEN
2022-12-29,1910.25,1938.0,1865.0,1891.0,779002,ADANIGREEN
2022-12-30,1931.800048828125,1996.0,1910.0,1930.0,1555688,ADANIGREEN
2023-01-02,1888.699951171875,1948.25,1880.0,1933.699951171875,695287,ADANIGREEN
2023-01-03,1892.949951171875,1924.5,1881.0,1902.0999755859375,813712,ADANIGREEN
2023-01-04,1860.5,1914.699951171875,1850.0,1902.0,728947,ADANIGREEN
2023-01-05,1860.0,1880.9000244140625,1835.6500244140625,1869.8499755859375,803349,ADANIGREEN
2023-01-06,1838.25,1868.9000244140625,1830.0,1868.9000244140625,455101,ADANIGREEN
2023-01-09,1891.449951171875,1905.0,1847.050048828125,1851.0,568005,ADANIGREEN
2023-01-10,1895.199951171875,1907.4000244140625,1845.0999755859375,1893.4000244140625,654655,ADANIGREEN
2023-01-11,1877.1500244140625,1906.300048828125,1864.050048828125,1904.699951171875,504917,ADANIGREEN
2023-01-12,1889.8499755859375,1895.0,1866.800048828125,1884.25,575619,ADANIGREEN
2023-01-13,1915.6500244140625,1923.0,1880.0,1894.550048828125,507766,ADANIGREEN
2023-01-16,2089.800048828125,2119.0,1920.8499755859375,1925.25,5267979,ADANIGREEN
2023-01-17,2166.14990234375,2185.0,2105.0,2108.0,5814973,ADANIGREEN
2023-01-18,2096.89990234375,2184.0,2081.0,2166.14990234375,1916506,ADANIGREEN
2023-01-19,1954.300048828125,2088.050048828125,1940.5,2088.050048828125,2465786,ADANIGREEN
2023-01-20,1975.5999755859375,2008.0,1958.5,1965.0,2837568,ADANIGREEN
2023-01-23,1931.8499755859375,2009.050048828125,1911.300048828125,1986.699951171875,1225337,ADANIGREEN
2023-01-24,1916.800048828125,1964.199951171875,1905.0,1948.9000244140625,892161,ADANIGREEN
2023-01-25,1857.800048828125,1912.449951171875,1840.0,1900.0,1219566,ADANIGREEN
2023-01-27,1486.25,1796.4000244140625,1486.25,1780.0,5838601,ADANIGREEN
2023-01-30,1189.0,1599.800048828125,1189.0,1325.0,12185306,ADANIGREEN
2023-01-31,1223.9000244140625,1240.0,1081.0999755859375,1135.0,11356550,ADANIGREEN
2023-02-01,1155.3499755859375,1285.0,1101.550048828125,1278.9000244140625,5928882,ADANIGREEN
2023-02-02,1039.8499755859375,1039.8499755859375,1039.8499755859375,1039.8499755859375,509110,ADANIGREEN
2023-02-03,935.9000244140625,935.9000244140625,935.9000244140625,935.9000244140625,369006,ADANIGREEN
2023-02-06,889.0999755859375,889.0999755859375,889.0999755859375,889.0999755859375,290650,ADANIGREEN
2023-02-07,844.6500244140625,933.5499877929688,844.6500244140625,844.6500244140625,14239086,ADANIGREEN
2023-02-08,802.4500122070312,869.7999877929688,802.4500122070312,831.0,11524691,ADANIGREEN
2023-02-09,762.3499755859375,798.9500122070312,762.3499755859375,770.0499877929688,4729491,ADANIGREEN
2023-02-10,724.25,744.0,724.25,732.0,2074917,ADANIGREEN
2023-02-13,688.0499877929688,688.0499877929688,688.0499877929688,688.0499877929688,294782,ADANIGREEN
2023-02-14,653.6500244140625,653.6500244140625,653.6500244140625,653.6500244140625,206263,ADANIGREEN
2023-02-15,621.0,621.0,621.0,621.0,307402,ADANIGREEN
2023-02-16,616.2999877929688,652.0499877929688,591.0999755859375,632.0,13543834,ADANIGREEN
2023-02-17,628.6500244140625,639.9000244140625,616.5499877929688,628.0,3686567,ADANIGREEN
2023-02-20,597.25,625.0,597.25,609.0,2080050,ADANIGREEN
2023-02-21,567.4000244140625,599.0,567.4000244140625,593.0999755859375,1657718,ADANIGREEN
2023-02-22,539.0499877929688,548.0,539.0499877929688,545.0,861922,ADANIGREEN
2023-02-23,512.0999755859375,512.0999755859375,512.0999755859375,512.0999755859375,223957,ADANIGREEN
2023-02-24,486.5,510.0,486.5,486.5,1417656,ADANIGREEN
2023-02-27,462.20001220703125,474.29998779296875,462.20001220703125,468.0,1064159,ADANIGREEN
2023-02-28,485.29998779296875,485.29998779296875,439.1000061035156,439.1000061035156,8613869,ADANIGREEN
2023-03-01,509.54998779296875,509.54998779296875,501.8999938964844,509.0,387360,ADANIGREEN
2023-03-02,535.0,535.0,535.0,535.0,206751,ADANIGREEN
2023-03-03,561.75,561.75,561.75,561.75,58629,ADANIGREEN
2023-03-06,589.7999877929688,589.7999877929688,589.7999877929688,589.7999877929688,155806,ADANIGREEN
2023-03-08,619.25,619.25,619.25,619.25,133344,ADANIGREEN
2023-03-09,650.2000122070312,650.2000122070312,650.2000122070312,650.2000122070312,784131,ADANIGREEN
2023-03-10,682.7000122070312,682.7000122070312,663.25,675.0,2561407,ADANIGREEN
2023-03-13,716.7999877929688,716.7999877929688,716.7999877929688,716.7999877929688,854810,ADANIGREEN
2023-03-14,706.0999755859375,729.2999877929688,681.0,714.0,9935463,ADANIGREEN
2023-03-15,740.4000244140625,741.4000244140625,716.8499755859375,725.0,3892260,ADANIGREEN
2023-03-16,777.4000244140625,777.4000244140625,755.0,766.1500244140625,3038749,ADANIGREEN
2023-03-17,816.25,816.25,803.25,810.0,3378276,ADANIGREEN
2023-03-20,848.6500244140625,853.2999877929688,775.4500122070312,797.9500122070312,6908589,ADANIGREEN
2023-03-21,891.0499877929688,891.0499877929688,865.6500244140625,868.0,3819655,ADANIGREEN
2023-03-22,935.5999755859375,935.5999755859375,923.0,923.0,1825044,ADANIGREEN
2023-03-23,982.3499755859375,982.3499755859375,977.75,982.0,1170710,ADANIGREEN
2023-03-24,1029.3499755859375,1031.449951171875,942.6500244140625,1024.0,12923291,ADANIGREEN
2023-03-27,984.9000244140625,1074.5,977.9000244140625,1060.0,7656812,ADANIGREEN
2023-03-28,935.6500244140625,953.7999877929688,935.6500244140625,950.0,1057688,ADANIGREEN
2023-03-29,894.3499755859375,973.9500122070312,888.9000244140625,888.9000244140625,8902722,ADANIGREEN
2023-03-31,881.1500244140625,936.0,872.2000122070312,912.0,3833232,ADANIGREEN
2023-04-03,837.4500122070312,887.0,837.0999755859375,884.7999877929688,2788282,ADANIGREEN
2023-04-05,815.5999755859375,861.0,795.5999755859375,815.0,3818321,ADANIGREEN
2023-04-06,856.3499755859375,856.3499755859375,808.5499877929688,838.9000244140625,3002370,ADANIGREEN
2023-04-10,899.1500244140625,899.1500244140625,885.6500244140625,897.0,1891503,ADANIGREEN
2023-04-11,944.0999755859375,944.0999755859375,936.0,936.0,1163105,ADANIGREEN
2023-04-12,941.8499755859375,991.2999877929688,920.0,991.2999877929688,8203268,ADANIGREEN
2023-04-13,941.1500244140625,963.7999877929688,920.0,939.5499877929688,2585526,ADANIGREEN
2023-04-17,962.5499877929688,970.0,946.0,965.0,2317568,ADANIGREEN
2023-04-18,952.25,976.0,945.0,973.0,1378704,ADANIGREEN
2023-04-19,935.7999877929688,955.0,920.5,952.4000244140625,1177133,ADANIGREEN
2023-04-20,933.0499877929688,948.9000244140625,925.0,937.0,1181812,ADANIGREEN
2023-04-21,916.2000122070312,938.0,911.2999877929688,937.0,727246,ADANIGREEN
2023-04-24,887.0999755859375,916.25,880.0,916.2000122070312,1450872,ADANIGREEN
2023-04-25,931.1500244140625,931.4500122070312,864.9000244140625,870.0,2314534,ADANIGREEN
2023-04-26,924.5999755859375,953.2999877929688,920.0,934.7999877929688,1626606,ADANIGREEN
2023-04-27,917.0499877929688,925.0,907.0499877929688,924.5999755859375,695987,ADANIGREEN
2023-04-28,951.0,960.0,922.0999755859375,926.7999877929688,2759309,ADANIGREEN
2023-05-02,974.6500244140625,998.5499877929688,951.1500244140625,994.75,3323308,ADANIGREEN
2023-05-03,942.0499877929688,980.0,928.9500122070312,972.0,1870972,ADANIGREEN
2023-05-04,945.5499877929688,950.0,933.5,936.0,3394830,ADANIGREEN
2023-05-05,940.5499877929688,957.6500244140625,933.0,946.9500122070312,3266241,ADANIGREEN
2023-05-08,917.2999877929688,925.9500122070312,903.2999877929688,922.0,3406153,ADANIGREEN
2023-05-09,903.1500244140625,928.9000244140625,899.3499755859375,917.2999877929688,3476977,ADANIGREEN
2023-05-10,902.3499755859375,905.0,885.0,890.0,3682237,ADANIGREEN
2023-05-11,913.5499877929688,925.0,904.4000244140625,904.4000244140625,1061641,ADANIGREEN
2023-05-12,895.5999755859375,920.0,894.25,920.0,749875,ADANIGREEN
2023-05-15,868.7000122070312,913.7999877929688,864.0,905.0,868695,ADANIGREEN
2023-05-16,874.1500244140625,899.9500122070312,868.0,868.9500122070312,822421,ADANIGREEN
2023-05-17,875.4000244140625,888.8499755859375,867.0499877929688,885.0,781898,ADANIGREEN
2023-05-18,860.5499877929688,887.4000244140625,850.0,886.5499877929688,646071,ADANIGREEN
2023-05-19,896.9500122070312,903.5499877929688,818.5999755859375,839.0,2849747,ADANIGREEN
2023-05-22,941.75,941.75,928.9500122070312,934.0,460730,ADANIGREEN
2023-05-23,988.7999877929688,988.7999877929688,988.7999877929688,988.7999877929688,228535,ADANIGREEN
2023-05-24,984.25,1038.199951171875,952.5999755859375,1025.0,7440008,ADANIGREEN
2023-05-25,970.6500244140625,995.0,954.0999755859375,982.4000244140625,1892394,ADANIGREEN
2023-05-26,963.3499755859375,982.0,960.0,979.5499877929688,866198,ADANIGREEN
2023-05-29,977.8499755859375,989.9000244140625,965.0999755859375,989.9000244140625,3177944,ADANIGREEN
2023-05-30,966.8499755859375,984.8499755859375,954.0,984.8499755859375,2694114,ADANIGREEN
2023-05-31,977.7000122070312,998.0,933.75,960.0,6233565,ADANIGREEN
2023-06-01,993.9500122070312,1011.0,984.0,997.25,4639202,ADANIGREEN
2023-06-02,983.5499877929688,992.0,975.9000244140625,992.0,3707803,ADANIGREEN
2023-06-05,987.8499755859375,995.0,983.0,989.6500244140625,3596959,ADANIGREEN
2023-06-06,991.8499755859375,996.0,980.0,990.0,4003295,ADANIGREEN
2023-06-07,985.5499877929688,1010.0,982.0,1006.8499755859375,1247714,ADANIGREEN
2023-06-08,976.0,993.4000244140625,971.0,987.0,636876,ADANIGREEN
2023-06-09,963.6500244140625,977.0,961.25,972.0,416990,ADANIGREEN
2023-06-12,961.0999755859375,970.0,955.0,968.9500122070312,431395,ADANIGREEN
2023-06-13,955.2999877929688,963.9000244140625,946.0499877929688,961.0,476248,ADANIGREEN
2023-06-14,957.6500244140625,961.0,948.0999755859375,955.0,381844,ADANIGREEN
2023-06-15,962.5999755859375,991.0,951.0,952.5,969057,ADANIGREEN
2023-06-16,975.0499877929688,987.0,963.4000244140625,967.9500122070312,1954444,ADANIGREEN
2023-06-19,960.3499755859375,984.0,957.8499755859375,982.8499755859375,430174,ADANIGREEN
2023-06-20,961.7000122070312,967.0,952.0,961.0,320086,ADANIGREEN
2023-06-21,977.0,982.0,954.2000122070312,963.9500122070312,4202611,ADANIGREEN
2023-06-22,974.8499755859375,982.7999877929688,967.4500122070312,979.7000122070312,4562722,ADANIGREEN
2023-06-23,959.8499755859375,973.0,938.0,973.0,5559363,ADANIGREEN
2023-06-26,968.4500122070312,973.9000244140625,925.0,940.0,6002771,ADANIGREEN
2023-06-27,959.5499877929688,977.8499755859375,956.0999755859375,970.9500122070312,415940,ADANIGREEN
2023-06-28,956.6500244140625,963.4500122070312,897.7000122070312,959.8499755859375,55121312,ADANIGREEN
2023-06-30,945.9000244140625,966.5999755859375,938.25,961.6500244140625,1326330,ADANIGREEN
2023-07-03,942.8499755859375,956.9500122070312,940.0,955.8499755859375,634378,ADANIGREEN
2023-07-04,946.0,952.7999877929688,938.4500122070312,942.9000244140625,572039,ADANIGREEN
2023-07-05,948.2000122070312,956.2000122070312,941.0,946.0,567900,ADANIGREEN
2023-07-06,962.2000122070312,972.9000244140625,948.4000244140625,950.9500122070312,799351,ADANIGREEN
2023-07-07,951.0,964.9000244140625,946.0,962.7999877929688,585951,ADANIGREEN
2023-07-10,959.4500122070312,973.0,935.25,959.8499755859375,828417,ADANIGREEN
2023-07-11,965.1500244140625,973.0,946.0,952.0,603865,ADANIGREEN
2023-07-12,954.5499877929688,969.4500122070312,950.0,963.0499877929688,550399,ADANIGREEN
2023-07-13,947.0499877929688,970.0,945.0,960.0,542919,ADANIGREEN
2023-07-14,965.2000122070312,968.2999877929688,945.9500122070312,952.9500122070312,618578,ADANIGREEN
2023-07-17,965.2999877929688,979.0,961.0,970.1500244140625,754573,ADANIGREEN
2023-07-18,973.75,1020.0,957.0999755859375,968.0,2254479,ADANIGREEN
2023-07-19,979.6500244140625,988.0,971.0999755859375,982.0,735702,ADANIGREEN
2023-07-20,985.0,991.7000122070312,977.1500244140625,981.9500122070312,821313,ADANIGREEN
2023-07-21,995.5499877929688,1000.0,979.7000122070312,985.0,729192,ADANIGREEN
2023-07-24,989.1500244140625,1004.9500122070312,986.1500244140625,998.9500122070312,479401,ADANIGREEN
2023-07-25,1088.050048828125,1088.050048828125,990.0,990.0,3645365,ADANIGREEN
2023-07-26,1140.4000244140625,1184.8499755859375,1100.0,1114.0,6346278,ADANIGREEN
2023-07-27,1119.199951171875,1172.5,1111.199951171875,1148.0,2025025,ADANIGREEN
2023-07-28,1092.5999755859375,1134.800048828125,1085.0,1129.0,1524478,ADANIGREEN
2023-07-31,1093.300048828125,1137.9000244140625,1080.0,1109.0,3152824,ADANIGREEN
2023-08-01,1087.050048828125,1131.8499755859375,1083.800048828125,1115.0,2143083,ADANIGREEN
2023-08-02,1052.449951171875,1094.0,1045.050048828125,1087.0,1245613,ADANIGREEN
2023-08-03,1036.0,1067.0,1028.050048828125,1052.449951171875,2555083,ADANIGREEN
2023-08-04,1012.5499877929688,1062.25,1008.1500244140625,1041.699951171875,924378,ADANIGREEN
2023-08-07,965.9000244140625,1018.5,885.0999755859375,1015.9000244140625,9340727,ADANIGREEN
2023-08-08,984.2999877929688,1014.7999877929688,973.4000244140625,977.7000122070312,3855260,ADANIGREEN
2023-08-09,971.2999877929688,1003.0,960.0999755859375,994.9000244140625,1692921,ADANIGREEN
2023-08-10,973.9000244140625,988.0,970.4500122070312,976.6500244140625,1202964,ADANIGREEN
2023-08-11,971.3499755859375,988.0,967.0499877929688,979.0499877929688,816244,ADANIGREEN
2023-08-14,951.25,958.7999877929688,940.0999755859375,950.0,1039901,ADANIGREEN
2023-08-16,948.5,962.75,942.7999877929688,956.5999755859375,812634,ADANIGREEN
2023-08-17,933.5,959.6500244140625,930.0,955.0,1203944,ADANIGREEN
2023-08-18,994.75,1024.949951171875,938.1500244140625,940.5499877929688,5524623,ADANIGREEN
2023-08-21,1020.0499877929688,1035.0,1003.4000244140625,1006.4000244140625,2525140,ADANIGREEN
2023-08-22,1015.0999755859375,1044.8499755859375,1009.1500244140625,1029.9000244140625,1863617,ADANIGREEN
2023-08-23,971.5,1024.800048828125,953.0,1020.7999877929688,1549871,ADANIGREEN
2023-08-24,983.6500244140625,1001.9500122070312,977.0999755859375,985.0,949991,ADANIGREEN
2023-08-25,979.4500122070312,995.0,973.0,985.4000244140625,589826,ADANIGREEN
2023-08-28,980.0999755859375,998.5,965.5999755859375,997.0999755859375,650632,ADANIGREEN
2023-08-29,974.5,985.0,963.0499877929688,984.0499877929688,1469569,ADANIGREEN
2023-08-30,970.5,977.8499755859375,966.0,974.5,705104,ADANIGREEN
2023-08-31,928.6500244140625,959.8499755859375,920.7000122070312,932.0499877929688,4440751,ADANIGREEN
2023-09-01,949.0999755859375,957.0,905.1500244140625,928.5999755859375,4096797,ADANIGREEN
2023-09-04,959.2000122070312,964.0,942.0,952.9000244140625,4893856,ADANIGREEN
2023-09-05,962.0999755859375,968.5,951.7000122070312,959.2000122070312,5108072,ADANIGREEN
2023-09-06,1006.0999755859375,1015.0,954.0,963.0,7453688,ADANIGREEN
2023-09-07,1002.6500244140625,1015.1500244140625,995.0,1009.8499755859375,5105272,ADANIGREEN
2023-09-08,1001.2000122070312,1012.3499755859375,998.0,1002.6500244140625,5254899,ADANIGREEN
2023-09-11,1014.6500244140625,1025.8499755859375,1002.7999877929688,1017.9500122070312,7208880,ADANIGREEN
2023-09-12,1004.7999877929688,1026.949951171875,985.0,1021.9500122070312,7833978,ADANIGREEN
2023-09-13,985.7999877929688,1002.9000244140625,967.0,1002.75,962195,ADANIGREEN
2023-09-14,983.7999877929688,999.9500122070312,982.0,990.9500122070312,466895,ADANIGREEN
2023-09-15,1006.4500122070312,1012.0,983.7999877929688,990.0,1393292,ADANIGREEN
2023-09-18,1004.9500122070312,1029.949951171875,1001.0,1015.0,5210864,ADANIGREEN
2023-09-20,1008.9500122070312,1025.25,988.1500244140625,1004.9500122070312,7657175,ADANIGREEN
2023-09-21,1023.4500122070312,1026.0,1007.9000244140625,1017.4500122070312,8252497,ADANIGREEN
2023-09-22,1018.7999877929688,1025.449951171875,999.0,1025.0,6840537,ADANIGREEN
2023-09-25,1013.7999877929688,1021.9500122070312,1002.4000244140625,1021.9500122070312,4649263,ADANIGREEN
2023-09-26,1012.2999877929688,1016.5999755859375,999.0,1016.5999755859375,5535950,ADANIGREEN
2023-09-27,1018.75,1020.0,998.0,1000.0,5379612,ADANIGREEN
2023-09-28,1012.4500122070312,1021.25,1001.0,1020.0,3914462,ADANIGREEN
2023-09-29,987.1500244140625,1011.9500122070312,984.0,1005.0499877929688,895626,ADANIGREEN
2023-10-03,973.9500122070312,997.9500122070312,970.0,995.0999755859375,500850,ADANIGREEN
2023-10-04,971.9000244140625,997.4000244140625,965.25,975.0499877929688,755636,ADANIGREEN
2023-10-05,959.6500244140625,982.0999755859375,955.0,978.9500122070312,451208,ADANIGREEN
2023-10-06,961.25,968.9500122070312,958.5499877929688,965.0,359021,ADANIGREEN
2023-10-09,938.9500122070312,955.0,935.6500244140625,955.0,574852,ADANIGREEN
2023-10-10,939.75,949.0,938.0,941.0499877929688,356178,ADANIGREEN
2023-10-11,962.4500122070312,970.8499755859375,946.2999877929688,949.6500244140625,775846,ADANIGREEN
2023-10-12,948.6500244140625,969.9500122070312,945.1500244140625,965.9500122070312,353632,ADANIGREEN
2023-10-13,948.9000244140625,952.5,941.7000122070312,949.9500122070312,290187,ADANIGREEN
2023-10-16,938.7999877929688,956.5999755859375,936.0,950.0,376852,ADANIGREEN
2023-10-17,948.6500244140625,958.4500122070312,945.2000122070312,949.9500122070312,363315,ADANIGREEN
2023-10-18,939.0499877929688,953.9500122070312,937.0,949.4000244140625,281564,ADANIGREEN
2023-10-19,933.0,942.9500122070312,922.3499755859375,937.0,291740,ADANIGREEN
2023-10-20,920.1500244140625,946.7999877929688,915.75,938.5,625755,ADANIGREEN
2023-10-23,880.7999877929688,929.9500122070312,875.0,928.0,695285,ADANIGREEN
2023-10-25,876.1500244140625,899.0,863.75,881.0,464127,ADANIGREEN
2023-10-26,848.1500244140625,869.5999755859375,815.5499877929688,866.5,1138154,ADANIGREEN
2023-10-27,870.9000244140625,896.5999755859375,852.8499755859375,852.8499755859375,902416,ADANIGREEN
2023-10-30,915.25,939.7999877929688,868.4500122070312,875.0,2041633,ADANIGREEN
2023-10-31,911.6500244140625,933.3499755859375,904.0,920.0,713136,ADANIGREEN
2023-11-01,880.25,921.7000122070312,876.0,914.7000122070312,551732,ADANIGREEN
2023-11-02,892.0999755859375,912.9500122070312,884.0,894.0,510410,ADANIGREEN
2023-11-03,902.7000122070312,907.2999877929688,897.0,898.9500122070312,286930,ADANIGREEN
2023-11-06,926.5,929.7999877929688,908.0,909.9000244140625,619386,ADANIGREEN
2023-11-07,932.1500244140625,953.25,916.8499755859375,934.7000122070312,919787,ADANIGREEN
2023-11-08,946.6500244140625,950.5999755859375,932.0,934.9500122070312,492815,ADANIGREEN
2023-11-09,938.0999755859375,953.7000122070312,933.5,953.0,359924,ADANIGREEN
2023-11-10,938.7000122070312,946.2000122070312,927.0499877929688,942.7999877929688,311274,ADANIGREEN
2023-11-13,940.1500244140625,946.9000244140625,932.5999755859375,942.0499877929688,341112,ADANIGREEN
2023-11-15,950.1500244140625,954.9000244140625,940.0499877929688,952.0,412643,ADANIGREEN
2023-11-16,941.3499755859375,949.5,939.3499755859375,948.0,353018,ADANIGREEN
2023-11-17,936.0999755859375,943.6500244140625,930.0,941.3499755859375,341144,ADANIGREEN
2023-11-20,926.2000122070312,938.0,915.1500244140625,935.0,472979,ADANIGREEN
2023-11-21,926.5999755859375,936.8499755859375,920.0,926.2000122070312,377892,ADANIGREEN
2023-11-22,914.4500122070312,929.9500122070312,910.0,925.9500122070312,288736,ADANIGREEN
2023-11-23,930.7000122070312,935.0,910.2000122070312,920.0,350091,ADANIGREEN
2023-11-24,937.9000244140625,952.7999877929688,920.0,936.0,738018,ADANIGREEN
2023-11-28,1052.800048828125,1099.0,955.0,955.0,11565049,ADANIGREEN
2023-11-29,1041.699951171875,1124.9000244140625,1021.5,1089.6500244140625,6654207,ADANIGREEN
2023-11-30,1028.800048828125,1040.0,1006.25,1040.0,4253647,ADANIGREEN
2023-12-01,1026.5,1045.0,1020.0,1042.0,1181792,ADANIGREEN
2023-12-04,1123.75,1184.0,1092.550048828125,1160.0,5999345,ADANIGREEN
2023-12-05,1348.5,1348.5,1096.0999755859375,1126.0,16961888,ADANIGREEN
2023-12-06,1563.449951171875,1608.0,1463.25,1474.5,19688066,ADANIGREEN
2023-12-07,1624.1500244140625,1700.0,1565.0,1580.0,10884637,ADANIGREEN
2023-12-08,1550.300048828125,1668.800048828125,1495.0,1645.0,5410307,ADANIGREEN
2023-12-11,1530.0,1579.0,1475.0,1554.4000244140625,2705685,ADANIGREEN
2023-12-12,1463.9000244140625,1539.9000244140625,1453.5,1532.8499755859375,2007520,ADANIGREEN
2023-12-13,1427.699951171875,1459.949951171875,1375.0,1459.0,2826807,ADANIGREEN
2023-12-14,1508.300048828125,1535.0,1435.949951171875,1435.949951171875,3437936,ADANIGREEN
2023-12-15,1526.6500244140625,1541.0,1501.4000244140625,1527.6500244140625,1698622,ADANIGREEN
2023-12-18,1524.6500244140625,1544.8499755859375,1500.25,1518.949951171875,1077675,ADANIGREEN
2023-12-19,1531.800048828125,1555.0,1506.0,1530.5,965109,ADANIGREEN
2023-12-20,1452.1500244140625,1569.4000244140625,1385.0,1539.75,2233664,ADANIGREEN
2023-12-21,1519.550048828125,1549.0,1390.050048828125,1390.050048828125,2134995,ADANIGREEN
2023-12-22,1533.0999755859375,1546.0,1500.0,1543.0,1062643,ADANIGREEN
2023-12-26,1600.199951171875,1632.0,1551.550048828125,1555.0,2810862,ADANIGREEN
2023-12-27,1601.0999755859375,1657.949951171875,1570.050048828125,1644.0,2120712,ADANIGREEN
2023-12-28,1561.0,1608.4000244140625,1555.0,1605.0999755859375,1156469,ADANIGREEN
2023-12-29,1597.0,1616.5,1545.0,1570.0,1160954,ADANIGREEN
2024-01-01,1598.4000244140625,1620.0,1585.0,1598.0,912757,ADANIGREEN
2024-01-02,1603.550048828125,1616.0,1565.699951171875,1598.800048828125,1031651,ADANIGREEN
2024-01-03,1697.25,1747.4000244140625,1610.0,1699.0,8064214,ADANIGREEN
2024-01-04,1692.5,1723.0,1675.050048828125,1706.550048828125,1492988,ADANIGREEN
2024-01-05,1674.0,1700.0,1660.0,1695.0,871729,ADANIGREEN
2024-01-08,1680.050048828125,1714.0,1665.0,1685.300048828125,1137776,ADANIGREEN
2024-01-09,1683.4000244140625,1725.0,1679.050048828125,1698.050048828125,939531,ADANIGREEN
2024-01-10,1723.25,1755.0,1691.0,1704.0,2417233,ADANIGREEN
2024-01-11,1714.1500244140625,1762.050048828125,1702.0,1739.0,985473,ADANIGREEN
2024-01-12,1710.699951171875,1746.0999755859375,1705.0999755859375,1725.5999755859375,620508,ADANIGREEN
2024-01-15,1694.800048828125,1727.0999755859375,1685.0,1725.0,687285,ADANIGREEN
2024-01-16,1666.800048828125,1693.800048828125,1660.0,1693.5,961314,ADANIGREEN
2024-01-17,1615.0,1656.949951171875,1605.0999755859375,1653.0,1151828,ADANIGREEN
2024-01-18,1588.25,1629.0,1565.6500244140625,1615.0,994211,ADANIGREEN
2024-01-19,1570.75,1619.1500244140625,1562.75,1610.0,796187,ADANIGREEN
2024-01-23,1680.9000244140625,1745.0,1632.0,1740.0,1594674,ADANIGREEN
2024-01-24,1641.3499755859375,1687.949951171875,1629.0,1687.949951171875,9489231,ADANIGREEN
2024-01-25,1664.800048828125,1677.0,1636.050048828125,1647.0,1088872,ADANIGREEN
2024-01-29,1715.5,1750.0,1673.449951171875,1684.949951171875,3435566,ADANIGREEN
2024-01-30,1679.449951171875,1722.0,1674.0,1720.0,992518,ADANIGREEN
2024-01-31,1669.449951171875,1694.9000244140625,1665.050048828125,1680.0,802666,ADANIGREEN
2024-02-01,1665.949951171875,1706.0,1655.6500244140625,1689.0,1735338,ADANIGREEN
2024-02-02,1674.25,1698.949951171875,1663.8499755859375,1681.9000244140625,946215,ADANIGREEN
2024-02-05,1668.6500244140625,1698.0,1651.5999755859375,1684.0,1070961,ADANIGREEN
2024-02-06,1721.6500244140625,1744.949951171875,1653.0,1668.6500244140625,1975868,ADANIGREEN
2024-02-07,1866.0,1990.0,1746.0,1749.5,8925796,ADANIGREEN
2024-02-08,1827.949951171875,1918.0,1820.0,1884.0999755859375,1698528,ADANIGREEN
2024-02-09,1880.699951171875,1918.0,1805.550048828125,1836.9000244140625,3159808,ADANIGREEN
2024-02-12,1842.5999755859375,1908.0,1830.0,1888.050048828125,2383164,ADANIGREEN
2024-02-13,1815.550048828125,1861.5,1734.300048828125,1853.0,1771092,ADANIGREEN
2024-02-14,1852.25,1882.949951171875,1796.4000244140625,1813.0,2627140,ADANIGREEN
2024-02-15,1900.75,1959.699951171875,1857.1500244140625,1868.0,3184514,ADANIGREEN
2024-02-16,1904.75,1930.75,1891.6500244140625,1910.050048828125,1701073,ADANIGREEN
2024-02-19,1955.050048828125,1975.0,1911.6500244140625,1919.0,2401867,ADANIGREEN
2024-02-20,1926.6500244140625,1964.0,1920.0,1963.699951171875,1252526,ADANIGREEN
2024-02-21,1904.949951171875,1962.0999755859375,1880.050048828125,1926.0,1184961,ADANIGREEN
2024-02-22,1922.6500244140625,1930.0,1866.699951171875,1915.0,680137,ADANIGREEN
2024-02-23,1923.300048828125,1943.300048828125,1910.0,1930.5,599092,ADANIGREEN
2024-02-26,1970.449951171875,2000.0,1925.0,1931.4000244140625,1995834,ADANIGREEN
2024-02-27,1979.5,2018.949951171875,1947.949951171875,1964.0,1002672,ADANIGREEN
2024-02-28,1918.1500244140625,1996.5,1891.0,1989.800048828125,916806,ADANIGREEN
2024-02-29,1895.050048828125,1947.3499755859375,1855.949951171875,1921.0,2243471,ADANIGREEN
2024-03-01,1969.550048828125,1998.0,1930.0,1930.0,947398,ADANIGREEN
2024-03-04,1940.699951171875,1998.550048828125,1930.0,1977.550048828125,609441,ADANIGREEN
2024-03-05,1947.4000244140625,1970.0,1938.0,1943.199951171875,415461,ADANIGREEN
2024-03-06,1910.5,1953.5,1894.300048828125,1950.0,643437,ADANIGREEN
2024-03-07,1929.0999755859375,1949.949951171875,1910.800048828125,1919.9000244140625,517466,ADANIGREEN
2024-03-11,1930.300048828125,1983.550048828125,1904.0999755859375,1930.0,755932,ADANIGREEN
2024-03-12,1897.0999755859375,1939.0,1873.0999755859375,1930.0,639409,ADANIGREEN
2024-03-13,1725.0,1916.5999755859375,1650.0,1897.0999755859375,2348187,ADANIGREEN
2024-03-14,1895.300048828125,1913.0,1663.199951171875,1716.0,1875930,ADANIGREEN
2024-03-15,1902.5999755859375,1944.949951171875,1870.449951171875,1902.0,1749994,ADANIGREEN
2024-03-18,1869.9000244140625,1899.9000244140625,1750.8499755859375,1810.050048828125,1479146,ADANIGREEN
2024-03-19,1821.550048828125,1892.4000244140625,1801.1500244140625,1870.0,587661,ADANIGREEN
2024-03-20,1847.75,1861.949951171875,1812.8499755859375,1834.9000244140625,463752,ADANIGREEN
2024-03-21,1855.3499755859375,1869.0,1831.25,1861.0,328500,ADANIGREEN
2024-03-22,1851.75,1865.0,1837.050048828125,1857.050048828125,390803,ADANIGREEN
2024-03-26,1859.0,1938.699951171875,1840.0,1840.0,955701,ADANIGREEN
2024-03-27,1822.5,1895.0,1804.0,1869.699951171875,1172737,ADANIGREEN
2024-03-28,1835.1500244140625,1863.0,1820.0,1832.550048828125,605145,ADANIGREEN
2024-04-01,1888.300048828125,1908.9000244140625,1865.0,1865.0,573430,ADANIGREEN
2024-04-02,1892.6500244140625,1906.0,1872.050048828125,1891.0,440580,ADANIGREEN
2024-04-03,1878.949951171875,1904.0,1877.0,1893.1500244140625,611123,ADANIGREEN
2024-04-04,1890.8499755859375,1925.0,1882.0,1900.5,791178,ADANIGREEN
2024-04-05,1901.949951171875,1937.75,1875.0,1890.8499755859375,724439,ADANIGREEN
2024-04-08,1919.0999755859375,1974.949951171875,1904.4000244140625,1948.050048828125,893399,ADANIGREEN
2024-04-09,1916.199951171875,1945.0,1908.949951171875,1930.4000244140625,294088,ADANIGREEN
2024-04-10,1907.5,1924.1500244140625,1895.0,1920.050048828125,301534,ADANIGREEN
2024-04-12,1884.050048828125,1925.0,1880.0,1907.9000244140625,393681,ADANIGREEN
2024-04-15,1815.0999755859375,1850.0,1800.0,1801.0,978516,ADANIGREEN
2024-04-16,1811.6500244140625,1838.0999755859375,1802.199951171875,1803.0,495006,ADANIGREEN
2024-04-18,1775.449951171875,1849.9000244140625,1761.199951171875,1829.699951171875,675360,ADANIGREEN
2024-04-19,1770.050048828125,1785.0,1733.0,1761.199951171875,665956,ADANIGREEN
2024-04-22,1793.75,1814.5999755859375,1780.0,1802.0,346708,ADANIGREEN
2024-04-23,1816.4000244140625,1840.0,1799.699951171875,1809.6500244140625,631341,ADANIGREEN
2024-04-24,1808.300048828125,1838.5,1795.0,1824.949951171875,294136,ADANIGREEN
2024-04-25,1812.6500244140625,1819.6500244140625,1792.3499755859375,1818.0,405971,ADANIGREEN
2024-04-26,1806.6500244140625,1823.300048828125,1797.050048828125,1820.0,288470,ADANIGREEN
2024-04-29,1806.8499755859375,1822.0,1795.75,1815.9000244140625,293373,ADANIGREEN
2024-04-30,1797.6500244140625,1838.800048828125,1791.0,1814.0,488769,ADANIGREEN
2024-05-02,1786.8499755859375,1805.0,1759.199951171875,1798.0,517699,ADANIGREEN
2024-05-03,1799.800048828125,1820.0,1745.25,1796.0,906386,ADANIGREEN
2024-05-06,1766.6500244140625,1785.949951171875,1750.0,1760.0,558578,ADANIGREEN
2024-05-07,1726.0,1790.0,1711.0,1759.0,456457,ADANIGREEN
2024-05-08,1773.0,1799.0,1725.300048828125,1728.0,397007,ADANIGREEN
2024-05-09,1712.1500244140625,1821.6500244140625,1702.1500244140625,1788.0,490718,ADANIGREEN
2024-05-10,1714.75,1758.0,1700.050048828125,1730.050048828125,2252527,ADANIGREEN
2024-05-13,1715.1500244140625,1735.0,1660.0,1710.0999755859375,3451084,ADANIGREEN
2024-05-14,1788.800048828125,1800.0,1685.0,1719.0,3657569,ADANIGREEN
2024-05-15,1839.1500244140625,1845.0,1782.6500244140625,1790.0,8281198,ADANIGREEN
2024-05-16,1844.4000244140625,1859.800048828125,1807.0,1848.4000244140625,3670374,ADANIGREEN
2024-05-17,1833.0,1840.0,1820.0,1830.050048828125,3248320,ADANIGREEN
2024-05-21,1859.3499755859375,1919.0,1810.0,1825.0,1274397,ADANIGREEN
2024-05-22,1866.449951171875,1898.0,1860.0,1879.0,578311,ADANIGREEN
2024-05-23,1888.800048828125,1909.0,1845.550048828125,1870.0,3893291,ADANIGREEN
2024-05-24,1926.6500244140625,1949.0,1889.050048828125,1898.800048828125,2928305,ADANIGREEN
2024-05-27,1929.5,1958.800048828125,1891.0,1943.699951171875,4354846,ADANIGREEN
2024-05-28,1893.6500244140625,1935.0,1865.1500244140625,1935.0,1846867,ADANIGREEN
2024-05-29,1879.5999755859375,1908.0,1865.3499755859375,1872.0,626181,ADANIGREEN
2024-05-30,1874.9000244140625,1894.300048828125,1840.0999755859375,1874.0,668450,ADANIGREEN
2024-05-31,1908.3499755859375,1993.9000244140625,1870.0,1874.0,4487964,ADANIGREEN
2024-06-03,2038.0,2174.10009765625,1950.0999755859375,2125.0,7236091,ADANIGREEN
2024-06-04,1646.0,2029.9000244140625,1630.4000244140625,2029.9000244140625,8291356,ADANIGREEN
2024-06-05,1828.8499755859375,1849.300048828125,1545.1500244140625,1704.0,5254218,ADANIGREEN
2024-06-06,1865.199951171875,1919.0,1845.0,1875.0,1909863,ADANIGREEN
2024-06-07,1864.25,1888.949951171875,1812.800048828125,1845.0,1687744,ADANIGREEN
2024-06-10,1880.3499755859375,1935.0,1859.800048828125,1929.0,1239388,ADANIGREEN
2024-06-11,1855.699951171875,1898.0,1840.0,1898.0,666368,ADANIGREEN
2024-06-12,1827.3499755859375,1868.5999755859375,1818.6500244140625,1859.9000244140625,596596,ADANIGREEN
2024-06-13,1797.550048828125,1853.8499755859375,1792.050048828125,1839.1500244140625,836369,ADANIGREEN
2024-06-14,1806.300048828125,1825.0,1787.050048828125,1799.0,1154364,ADANIGREEN
2024-06-18,1814.0,1840.300048828125,1808.0,1825.0,633545,ADANIGREEN
2024-06-19,1789.6500244140625,1821.6500244140625,1775.0,1820.0,971693,ADANIGREEN
2024-06-20,1806.4000244140625,1816.4000244140625,1785.5,1807.75,724077,ADANIGREEN
2024-06-21,1780.449951171875,1814.300048828125,1775.25,1810.0,753905,ADANIGREEN
2024-06-24,1812.3499755859375,1830.0,1771.0,1783.800048828125,674744,ADANIGREEN
2024-06-25,1797.0999755859375,1819.699951171875,1786.0,1812.0,441041,ADANIGREEN
2024-06-26,1774.300048828125,1809.8499755859375,1765.0,1804.699951171875,433144,ADANIGREEN
2024-06-27,1808.449951171875,1817.949951171875,1755.050048828125,1779.9000244140625,569485,ADANIGREEN
2024-06-28,1788.800048828125,1815.0,1777.5,1809.300048828125,485413,ADANIGREEN
2024-07-01,1776.8499755859375,1797.0,1772.0999755859375,1790.0,276666,ADANIGREEN
2024-07-02,1774.1500244140625,1818.800048828125,1769.0999755859375,1780.1500244140625,683054,ADANIGREEN
2024-07-03,1775.050048828125,1786.4000244140625,1762.050048828125,1775.0,549827,ADANIGREEN
2024-07-04,1766.800048828125,1780.0,1764.0,1780.0,344262,ADANIGREEN
2024-07-05,1754.300048828125,1775.0,1751.25,1765.199951171875,398933,ADANIGREEN
2024-07-08,1756.449951171875,1765.449951171875,1729.0,1759.949951171875,490893,ADANIGREEN
2024-07-09,1756.300048828125,1815.0,1748.300048828125,1761.0,674011,ADANIGREEN
2024-07-10,1755.6500244140625,1770.5999755859375,1732.1500244140625,1766.699951171875,438959,ADANIGREEN
2024-07-11,1747.050048828125,1763.4000244140625,1740.0,1756.0,351498,ADANIGREEN
2024-07-12,1735.25,1756.75,1729.0,1752.949951171875,365490,ADANIGREEN
2024-07-15,1741.0999755859375,1749.800048828125,1726.0,1736.0,293609,ADANIGREEN
2024-07-16,1759.949951171875,1820.0,1750.5,1757.949951171875,1231412,ADANIGREEN
2024-07-18,1747.550048828125,1780.949951171875,1725.0,1770.0,784726,ADANIGREEN
2024-07-19,1723.300048828125,1751.9000244140625,1712.5999755859375,1750.0,397349,ADANIGREEN
2024-07-22,1715.25,1735.6500244140625,1700.199951171875,1723.949951171875,309254,ADANIGREEN
2024-07-23,1720.300048828125,1792.0,1680.0,1750.0,2181097,ADANIGREEN
2024-07-24,1716.0,1748.0,1711.300048828125,1748.0,535197,ADANIGREEN
2024-07-25,1820.5,1849.949951171875,1701.0,1710.0,3002543,ADANIGREEN
2024-07-26,1803.699951171875,1903.6500244140625,1788.0,1887.800048828125,2836113,ADANIGREEN
2024-07-29,1836.25,1855.0,1800.0999755859375,1824.8499755859375,8946891,ADANIGREEN
2024-07-30,1832.4000244140625,1876.449951171875,1824.0,1845.0,8899979,ADANIGREEN
2024-07-31,1847.199951171875,1866.0,1811.25,1844.0,9922499,ADANIGREEN
2024-08-01,1901.949951171875,1920.0,1843.3499755859375,1850.0,11727943,ADANIGREEN
2024-08-02,1881.4000244140625,1914.800048828125,1861.1500244140625,1868.949951171875,1827128,ADANIGREEN
2024-08-05,1768.75,1854.5,1760.0,1810.0,1759935,ADANIGREEN
2024-08-06,1749.5999755859375,1823.0,1742.300048828125,1800.0,1125446,ADANIGREEN
2024-08-07,1772.5,1791.949951171875,1763.0,1776.75,576702,ADANIGREEN
2024-08-08,1778.1500244140625,1802.0999755859375,1767.050048828125,1781.4000244140625,539305,ADANIGREEN
2024-08-09,1780.8499755859375,1806.0,1772.0,1800.0,392051,ADANIGREEN
2024-08-12,1798.300048828125,1816.0,1667.5,1725.0,4029054,ADANIGREEN
2024-08-13,1825.6500244140625,1847.4000244140625,1809.1500244140625,1816.199951171875,1303132,ADANIGREEN
2024-08-14,1808.300048828125,1826.449951171875,1783.4000244140625,1800.0,815835,ADANIGREEN
2024-08-16,1831.0,1840.0,1787.0,1808.300048828125,883836,ADANIGREEN
2024-08-19,1898.0,1909.9000244140625,1810.199951171875,1811.0,1745998,ADANIGREEN
2024-08-20,1924.5999755859375,1940.0,1880.0999755859375,1907.699951171875,1088866,ADANIGREEN
2024-08-21,1920.8499755859375,1992.949951171875,1905.0,1925.0,1483458,ADANIGREEN
2024-08-22,1886.3499755859375,1922.0,1870.25,1920.8499755859375,755079,ADANIGREEN
2024-08-23,1900.9000244140625,1924.5,1887.5,1889.9000244140625,774782,ADANIGREEN
2024-08-26,1888.9000244140625,1914.0,1875.4000244140625,1914.0,351168,ADANIGREEN
2024-08-27,1886.800048828125,1909.0,1875.199951171875,1888.0,307625,ADANIGREEN
2024-08-28,1861.0999755859375,1892.550048828125,1847.25,1880.0,434976,ADANIGREEN
2024-08-29,1829.6500244140625,1879.199951171875,1811.5999755859375,1861.0,534410,ADANIGREEN
2024-08-30,1838.1500244140625,1861.800048828125,1824.0,1833.75,1052305,ADANIGREEN
2024-09-02,1945.699951171875,1960.0,1839.0999755859375,1839.0999755859375,2881173,ADANIGREEN
2024-09-03,1897.9000244140625,1957.5,1891.0,1947.0,923970,ADANIGREEN
2024-09-04,1930.9000244140625,1935.449951171875,1872.0,1877.0,794724,ADANIGREEN
2024-09-05,1890.300048828125,1947.0,1885.0,1931.550048828125,576528,ADANIGREEN
2024-09-06,1863.300048828125,1929.449951171875,1852.300048828125,1902.9000244140625,777226,ADANIGREEN
2024-09-09,1865.75,1882.6500244140625,1822.4000244140625,1865.0,717802,ADANIGREEN
2024-09-10,1849.699951171875,1893.0,1838.5,1866.0,535037,ADANIGREEN
2024-09-11,1814.449951171875,1865.0,1809.0999755859375,1852.0999755859375,515632,ADANIGREEN
2024-09-12,1811.9000244140625,1834.9000244140625,1805.300048828125,1822.449951171875,456050,ADANIGREEN
2024-09-13,1788.199951171875,1819.800048828125,1780.4000244140625,1807.0,452365,ADANIGREEN
2024-09-16,1930.800048828125,1941.6500244140625,1833.1500244140625,1850.0,5342579,ADANIGREEN
2024-09-17,1954.4000244140625,1978.0,1886.0,1930.800048828125,4392980,ADANIGREEN
2024-09-18,1950.800048828125,1965.0,1925.0999755859375,1940.0,2911792,ADANIGREEN
2024-09-19,1962.949951171875,1968.3499755859375,1905.800048828125,1941.0,4625834,ADANIGREEN
2024-09-20,2003.949951171875,2019.949951171875,1947.0,1962.949951171875,5657903,ADANIGREEN
2024-09-23,2031.199951171875,2042.9000244140625,1963.050048828125,2028.949951171875,3976960,ADANIGREEN
2024-09-24,2070.550048828125,2079.64990234375,2023.699951171875,2037.5999755859375,2241165,ADANIGREEN
2024-09-25,2066.75,2087.75,2027.0999755859375,2079.0,1112406,ADANIGREEN
2024-09-26,2057.85009765625,2091.0,2039.199951171875,2080.0,804165,ADANIGREEN
2024-09-27,1981.8499755859375,2084.300048828125,1963.75,2060.0,2301548,ADANIGREEN
2024-09-30,1902.699951171875,1988.449951171875,1891.9000244140625,1985.0,1369027,ADANIGREEN
2024-10-01,1884.949951171875,1929.550048828125,1880.0,1915.550048828125,798097,ADANIGREEN
2024-10-03,1807.800048828125,1868.5999755859375,1775.75,1865.0,1694940,ADANIGREEN
2024-10-04,1801.199951171875,1835.0,1780.0,1811.9000244140625,883170,ADANIGREEN
2024-10-07,1752.449951171875,1815.0999755859375,1735.0,1801.1500244140625,694897,ADANIGREEN
2024-10-08,1813.8499755859375,1822.0,1725.550048828125,1751.0,752389,ADANIGREEN
2024-10-09,1784.449951171875,1833.949951171875,1779.449951171875,1827.0,542956,ADANIGREEN
2024-10-10,1780.5,1804.699951171875,1758.199951171875,1804.699951171875,595689,ADANIGREEN
2024-10-11,1792.199951171875,1807.0,1767.0,1782.0,475444,ADANIGREEN
2024-10-14,1775.3499755859375,1804.3499755859375,1765.050048828125,1793.0,369972,ADANIGREEN
2024-10-15,1763.0,1783.9000244140625,1750.0,1777.0,335436,ADANIGREEN
2024-10-16,1751.050048828125,1774.199951171875,1740.550048828125,1760.0,377378,ADANIGREEN
2024-10-17,1733.550048828125,1767.699951171875,1719.0,1750.050048828125,355958,ADANIGREEN
2024-10-18,1736.050048828125,1745.5,1703.0,1735.0,410948,ADANIGREEN
2024-10-21,1710.800048828125,1753.0,1705.0,1741.0,298218,ADANIGREEN
2024-10-22,1684.449951171875,1747.4000244140625,1668.25,1732.0,809408,ADANIGREEN
2024-10-23,1702.0999755859375,1725.0,1627.8499755859375,1684.449951171875,1504049,ADANIGREEN
2024-10-24,1692.4000244140625,1710.8499755859375,1681.0,1691.0,472958,ADANIGREEN
2024-10-25,1644.0,1718.9000244140625,1625.0,1700.0,707626,ADANIGREEN
2024-10-28,1613.1500244140625,1661.699951171875,1588.550048828125,1644.0,850381,ADANIGREEN
2024-10-29,1635.0999755859375,1641.0,1588.0,1612.0,540217,ADANIGREEN
2024-10-30,1634.199951171875,1653.75,1596.6500244140625,1615.0,713381,ADANIGREEN
2024-10-31,1598.300048828125,1664.0,1591.949951171875,1642.0999755859375,716981,ADANIGREEN
2024-11-01,1632.6500244140625,1639.550048828125,1614.449951171875,1620.0,132414,ADANIGREEN
2024-11-04,1611.949951171875,1630.0,1606.300048828125,1625.0,388291,ADANIGREEN
2024-11-05,1644.25,1655.0,1594.0,1600.0,379955,ADANIGREEN
2024-11-06,1721.1500244140625,1733.949951171875,1636.699951171875,1652.0,966147,ADANIGREEN
2024-11-07,1642.699951171875,1725.8499755859375,1635.0,1725.8499755859375,848208,ADANIGREEN
2024-11-08,1598.550048828125,1645.0,1581.4000244140625,1640.050048828125,546531,ADANIGREEN
2024-11-11,1557.4000244140625,1599.550048828125,1550.300048828125,1590.0999755859375,430658,ADANIGREEN
2024-11-12,1524.1500244140625,1573.0,1511.0,1550.0,523181,ADANIGREEN
2024-11-13,1468.449951171875,1542.550048828125,1459.550048828125,1503.0,632049,ADANIGREEN
2024-11-14,1490.300048828125,1519.949951171875,1473.8499755859375,1480.0,571469,ADANIGREEN
2024-11-18,1456.949951171875,1517.75,1450.0,1512.449951171875,626638,ADANIGREEN
2024-11-19,1412.699951171875,1467.0,1400.0999755859375,1448.050048828125,972102,ADANIGREEN
2024-11-21,1145.699951171875,1212.0,1132.0,1160.0,9523600,ADANIGREEN
2024-11-22,1051.800048828125,1219.0,1021.0,1085.0,22036694,ADANIGREEN
2024-11-25,968.7999877929688,1141.0,933.0,1080.199951171875,28623200,ADANIGREEN
2024-11-26,898.5499877929688,968.7999877929688,891.8499755859375,968.7999877929688,7526340,ADANIGREEN
2024-11-27,988.4000244140625,988.4000244140625,870.25,890.0,10995732,ADANIGREEN
2024-11-28,1087.199951171875,1087.199951171875,1014.0,1020.0,7840622,ADANIGREEN
2024-11-29,1323.9000244140625,1368.0,1138.5,1149.0,23771119,ADANIGREEN
2024-12-02,1327.949951171875,1447.699951171875,1301.9000244140625,1360.550048828125,19679024,ADANIGREEN
2024-12-03,1312.800048828125,1365.0,1305.0,1344.0,7685780,ADANIGREEN
2024-12-04,1260.8499755859375,1330.050048828125,1251.9000244140625,1320.0,5109679,ADANIGREEN
2024-12-05,1229.5999755859375,1270.5999755859375,1220.0,1270.0,4522158,ADANIGREEN
2024-12-06,1210.6500244140625,1266.8499755859375,1205.1500244140625,1236.050048828125,3815815,ADANIGREEN
2024-12-09,1216.949951171875,1236.0,1180.0,1210.6500244140625,3505936,ADANIGREEN
2024-12-10,1176.6500244140625,1224.949951171875,1165.3499755859375,1224.949951171875,3096278,ADANIGREEN
2024-12-11,1148.050048828125,1189.449951171875,1143.0,1171.0,2666340,ADANIGREEN
2024-12-12,1217.949951171875,1249.0,1124.199951171875,1143.8499755859375,10821668,ADANIGREEN
2024-12-13,1198.4000244140625,1252.300048828125,1179.300048828125,1220.0,6893497,ADANIGREEN
2024-12-16,1168.050048828125,1210.5,1163.6500244140625,1200.949951171875,2717545,ADANIGREEN
2024-12-17,1143.25,1178.949951171875,1138.0,1167.9000244140625,2303877,ADANIGREEN
2024-12-18,1105.5,1150.0,1102.0,1145.050048828125,2654966,ADANIGREEN
2024-12-19,1073.6500244140625,1103.550048828125,1062.550048828125,1080.0,2938214,ADANIGREEN
2024-12-20,1034.3499755859375,1119.0,1015.0999755859375,1074.9000244140625,14340608,ADANIGREEN
2024-12-23,1034.6500244140625,1057.949951171875,1023.5999755859375,1049.699951171875,2775914,ADANIGREEN
2024-12-24,1031.050048828125,1059.050048828125,1020.0,1035.5999755859375,2494981,ADANIGREEN
2024-12-26,1064.25,1082.199951171875,1023.0,1030.25,5614636,ADANIGREEN
2024-12-27,1054.0,1076.6500244140625,1044.25,1065.0,2871766,ADANIGREEN
2024-12-30,1075.6500244140625,1113.699951171875,1042.0,1060.0,6974681,ADANIGREEN
2024-12-31,1040.699951171875,1070.949951171875,1029.0,1070.949951171875,2589661,ADANIGREEN
2025-01-01,1046.4000244140625,1060.0,1038.949951171875,1040.699951171875,1560588,ADANIGREEN
2025-01-02,1046.5,1055.9000244140625,1035.0,1048.0,1415783,ADANIGREEN
2025-01-03,1038.25,1069.9000244140625,1036.0,1049.6500244140625,2143236,ADANIGREEN
2025-01-06,982.5999755859375,1040.5,980.0,1039.0,3322540,ADANIGREEN
2025-01-07,1005.5,1014.7999877929688,985.0999755859375,986.9500122070312,2637204,ADANIGREEN
2025-01-08,988.9500122070312,1011.5499877929688,981.0,1010.0,1702163,ADANIGREEN
2025-01-09,977.7000122070312,1002.0,975.0999755859375,989.5,1237540,ADANIGREEN
2025-01-10,943.0499877929688,977.5,940.4000244140625,970.0499877929688,2096676,ADANIGREEN
2025-01-13,889.75,937.7999877929688,885.0,937.7999877929688,2618478,ADANIGREEN
2025-01-14,1006.8499755859375,1018.4000244140625,897.5,898.0499877929688,17198310,ADANIGREEN
2025-01-15,1035.050048828125,1080.0,1023.5,1040.0,13279463,ADANIGREEN
2025-01-16,1070.25,1127.0,1063.4000244140625,1107.050048828125,7083726,ADANIGREEN
2025-01-17,1078.199951171875,1089.5,1056.1500244140625,1078.9000244140625,3486290,ADANIGREEN
2025-01-20,1066.75,1088.0,1054.25,1082.0,2463260,ADANIGREEN
2025-01-21,1045.699951171875,1070.0,1037.75,1063.300048828125,1985986,ADANIGREEN
2025-01-22,1031.699951171875,1042.800048828125,1007.0,1040.0,2656247,ADANIGREEN
2025-01-23,1030.25,1049.4000244140625,1015.0,1026.0,3052259,ADANIGREEN
2025-01-24,1012.0999755859375,1065.0,1006.0,1037.25,4978974,ADANIGREEN
2025-01-27,998.9500122070312,1003.0,982.9500122070312,995.0999755859375,2286903,ADANIGREEN
2025-01-28,987.2999877929688,1012.75,965.7000122070312,999.0,2102556,ADANIGREEN
2025-01-29,987.6500244140625,1006.3499755859375,982.4000244140625,989.0,1865241,ADANIGREEN
2025-01-30,971.8499755859375,1001.9000244140625,965.7000122070312,986.0,1871049,ADANIGREEN
2025-01-31,997.5499877929688,1006.7999877929688,971.5499877929688,973.9000244140625,3123886,ADANIGREEN
2025-02-01,996.5,1049.9000244140625,986.0,1010.0,4230202,ADANIGREEN
2025-02-03,970.0999755859375,994.9000244140625,967.5,994.9000244140625,1672435,ADANIGREEN
2025-02-04,983.1500244140625,990.0,973.2000122070312,973.2000122070312,1333100,ADANIGREEN
2025-02-05,1017.7999877929688,1028.699951171875,987.0499877929688,987.0499877929688,2434579,ADANIGREEN
2025-02-06,997.5999755859375,1025.9000244140625,993.5,1025.9000244140625,1097383,ADANIGREEN
2025-02-07,989.5,1009.5499877929688,984.0999755859375,999.9000244140625,1238324,ADANIGREEN
2025-02-10,954.0499877929688,998.9500122070312,950.0499877929688,996.0,1527205,ADANIGREEN
2025-02-11,946.2000122070312,985.9000244140625,938.0499877929688,965.0,3770394,ADANIGREEN
2025-02-12,916.9000244140625,956.9500122070312,897.0499877929688,950.0499877929688,4095054,ADANIGREEN
2025-02-13,913.75,945.9500122070312,908.0499877929688,927.0499877929688,2474769,ADANIGREEN
2025-02-14,884.4000244140625,923.6500244140625,873.0,920.0,2874948,ADANIGREEN
2025-02-17,890.3499755859375,900.8499755859375,840.4500122070312,878.9500122070312,4343277,ADANIGREEN
2025-02-18,897.5499877929688,904.9000244140625,870.0999755859375,899.0,2718141,ADANIGREEN
2025-02-19,864.7000122070312,885.8499755859375,860.9500122070312,875.25,4121742,ADANIGREEN
2025-02-20,864.9500122070312,883.9500122070312,845.0,861.0,3499937,ADANIGREEN
2025-02-21,849.3499755859375,877.0,841.0,864.9500122070312,2895228,ADANIGREEN
2025-02-24,836.0499877929688,842.7000122070312,819.0999755859375,840.0,3682290,ADANIGREEN
2025-02-25,840.6500244140625,867.0,828.6500244140625,836.5,5299509,ADANIGREEN
2025-02-27,811.75,859.4500122070312,806.2999877929688,848.6500244140625,5612214,ADANIGREEN
2025-02-28,774.4000244140625,815.0,760.1500244140625,795.0999755859375,43947584,ADANIGREEN
2025-03-03,804.0999755859375,808.7999877929688,758.0,775.0,5720645,ADANIGREEN
2025-03-04,768.5499877929688,796.6500244140625,765.5999755859375,783.2000122070312,7726332,ADANIGREEN
2025-03-05,848.7000122070312,857.9000244140625,769.0,769.0,17902240,ADANIGREEN
2025-03-06,845.9500122070312,872.4500122070312,836.0,868.7999877929688,10166566,ADANIGREEN
2025-03-07,837.2000122070312,847.2999877929688,823.1500244140625,840.0,6078435,ADANIGREEN
2025-03-10,826.0499877929688,871.0,823.25,840.9000244140625,6595111,ADANIGREEN
2025-03-11,824.2000122070312,834.3499755859375,810.5999755859375,819.25,3495317,ADANIGREEN
2025-03-12,853.4500122070312,858.0,806.3499755859375,834.4000244140625,4826264,ADANIGREEN
2025-03-13,873.6500244140625,896.8499755859375,858.0,874.0,11779180,ADANIGREEN
2025-03-17,896.4500122070312,908.4500122070312,868.8499755859375,873.6500244140625,5903492,ADANIGREEN
2025-03-18,896.4500122070312,896.4500122070312,896.4500122070312,896.4500122070312,0,ADANIGREEN
2025-03-19,911.2000122070312,918.75,901.4000244140625,904.0499877929688,2980425,ADANIGREEN
2025-03-20,923.4000244140625,927.9500122070312,902.0499877929688,920.2999877929688,3210117,ADANIGREEN
2025-03-21,954.25,983.3499755859375,920.5499877929688,925.0,8147557,ADANIGREEN
2025-03-24,952.9000244140625,981.0,949.0499877929688,972.0,3632791,ADANIGREEN
2025-03-25,923.4000244140625,966.0,916.0,959.0,3504686,ADANIGREEN
2025-03-26,912.0999755859375,942.0,910.0,921.9500122070312,3194761,ADANIGREEN
2025-03-27,959.9000244140625,966.5999755859375,905.2000122070312,910.0,5918219,ADANIGREEN
2025-03-28,948.6500244140625,976.4500122070312,942.0499877929688,967.8499755859375,4083088,ADANIGREEN
2025-04-01,919.1500244140625,962.0,916.6500244140625,948.0,3393666,ADANIGREEN
2025-04-02,943.0499877929688,945.0999755859375,910.7000122070312,926.9000244140625,2965379,ADANIGREEN
2025-04-03,955.2999877929688,966.5,927.0,927.0,3305378,ADANIGREEN
2025-04-04,923.7999877929688,956.0,917.6500244140625,949.9500122070312,3226540,ADANIGREEN
2025-04-07,873.2999877929688,891.9500122070312,850.0,850.0,3317613,ADANIGREEN
2025-04-08,875.7999877929688,908.0999755859375,873.2999877929688,899.0,3363547,ADANIGREEN
2025-04-09,860.75,878.9500122070312,850.5,874.0,2518172,ADANIGREEN
2025-04-11,893.6500244140625,903.4000244140625,878.7000122070312,890.0,2380909,ADANIGREEN
2025-04-15,936.6500244140625,942.0,901.2999877929688,910.0,2944940,ADANIGREEN
2025-04-16,945.5999755859375,955.9500122070312,931.5,936.9500122070312,2203548,ADANIGREEN
2025-04-17,947.1500244140625,972.0,940.0,945.5999755859375,2905274,ADANIGREEN
2025-04-21,956.25,966.5999755859375,944.0,954.7000122070312,2149379,ADANIGREEN
2025-04-22,943.2999877929688,965.5,941.5499877929688,962.0,2283380,ADANIGREEN
2025-04-23,952.5,956.9000244140625,926.0,950.0,2614789,ADANIGREEN
2025-04-24,968.9500122070312,974.0,948.75,956.9000244140625,3604578,ADANIGREEN
2025-04-25,912.5499877929688,975.8499755859375,903.7000122070312,974.0,6824718,ADANIGREEN
2025-04-28,941.0,944.9500122070312,909.1500244140625,915.3499755859375,3691409,ADANIGREEN
2025-04-29,922.4000244140625,961.9000244140625,918.9000244140625,960.0,6040053,ADANIGREEN
2025-04-30,900.7000122070312,929.0,895.0,922.7999877929688,3000004,ADANIGREEN
2025-05-02,905.7000122070312,931.9500122070312,900.0,902.0499877929688,3047594,ADANIGREEN
2025-05-05,965.7000122070312,1003.5,910.5499877929688,912.7000122070312,13652180,ADANIGREEN
2025-05-06,923.25,971.25,918.0,966.0,4153763,ADANIGREEN
2025-05-07,917.25,929.0,901.0999755859375,901.2000122070312,3179762,ADANIGREEN
2025-05-08,880.5,933.2000122070312,870.2000122070312,926.0499877929688,4281975,ADANIGREEN
2025-05-09,879.4500122070312,887.8499755859375,854.3499755859375,859.4000244140625,3051122,ADANIGREEN
2025-05-12,940.5499877929688,945.0,911.0499877929688,914.9000244140625,6222615,ADANIGREEN
2025-05-13,958.0499877929688,973.7000122070312,933.2000122070312,940.5499877929688,4260617,ADANIGREEN
2025-05-14,967.25,975.0,957.7999877929688,966.0,3634440,ADANIGREEN
2025-05-15,967.9000244140625,972.7999877929688,953.4000244140625,972.0999755859375,4951675,ADANIGREEN
2025-05-16,1020.0999755859375,1025.0,965.2000122070312,971.4500122070312,7644511,ADANIGREEN
2025-05-19,1014.0,1038.3499755859375,1010.0499877929688,1031.949951171875,3176879,ADANIGREEN
2025-05-20,983.9500122070312,1020.9500122070312,981.7999877929688,1016.0,2713486,ADANIGREEN
2025-05-21,996.5,1003.0,977.2000122070312,985.0,2228757,ADANIGREEN
2025-05-22,985.8499755859375,1006.0,977.0,996.0999755859375,2233560,ADANIGREEN
2025-05-23,986.9500122070312,999.0499877929688,976.0,987.0,2538927,ADANIGREEN
2025-05-26,1011.8499755859375,1021.4000244140625,993.2999877929688,997.0,3403161,ADANIGREEN
2025-05-27,1013.0,1022.5,1001.0,1011.5,1740741,ADANIGREEN
2025-05-28,1001.8499755859375,1025.449951171875,999.5999755859375,1013.2000122070312,2099725,ADANIGREEN
2025-05-29,1019.0499877929688,1027.0,1000.5499877929688,1009.2000122070312,2700851,ADANIGREEN
2025-05-30,1014.3499755859375,1028.0,1004.2000122070312,1019.5,1669801,ADANIGREEN
2025-06-02,1009.0999755859375,1024.699951171875,1007.0,1018.5,2230527,ADANIGREEN
2025-06-03,992.5999755859375,1018.0,988.0,1009.0999755859375,2438866,ADANIGREEN
2025-06-04,1004.7999877929688,1009.0,983.7000122070312,997.5,1700483,ADANIGREEN
2025-06-05,1003.5999755859375,1019.0,1002.0,1006.0,1454736,ADANIGREEN
2025-06-06,1018.7999877929688,1024.199951171875,1004.7999877929688,1008.0,2617425,ADANIGREEN
2025-06-09,1034.300048828125,1044.4000244140625,1020.0,1024.199951171875,3700815,ADANIGREEN
2025-06-10,1060.5,1077.0,1034.699951171875,1039.699951171875,5441911,ADANIGREEN
2025-06-11,1046.800048828125,1070.0,1033.300048828125,1066.0,2515373,ADANIGREEN
2025-06-12,1015.7999877929688,1050.0,1012.0,1050.0,2183895,ADANIGREEN
2025-06-13,989.5,1002.9000244140625,985.2999877929688,996.0,2435259,ADANIGREEN
2025-06-16,992.0,997.0,968.5999755859375,989.5,1898670,ADANIGREEN
2025-06-17,977.5,997.5,975.0,992.7999877929688,1281462,ADANIGREEN
2025-06-18,968.9000244140625,985.5999755859375,963.2000122070312,977.5,1632269,ADANIGREEN
2025-06-19,934.0,973.4000244140625,929.0,970.0,2415130,ADANIGREEN
2025-06-20,947.7000122070312,959.4000244140625,936.0,938.0,3308667,ADANIGREEN
2025-06-23,960.5,964.9000244140625,935.0,939.7999877929688,1728394,ADANIGREEN
2025-06-24,987.2999877929688,1001.9000244140625,974.0,975.0,3498494,ADANIGREEN
2025-06-25,981.0999755859375,997.0,979.5,987.0,2294587,ADANIGREEN
2025-06-26,992.0,993.5,976.0999755859375,984.0,2254782,ADANIGREEN
2025-06-27,1015.5999755859375,1046.9000244140625,993.0,994.4000244140625,6044564,ADANIGREEN
2025-06-30,1025.5999755859375,1034.5,1015.0999755859375,1020.0,2020543,ADANIGREEN
2025-07-01,1015.7000122070312,1038.0,1007.2000122070312,1030.0,1836549,ADANIGREEN
2025-07-02,1019.0,1031.4000244140625,1012.0999755859375,1020.0,1307248,ADANIGREEN
2025-07-03,1008.5,1023.7000122070312,1005.0,1023.0,1234996,ADANIGREEN
2025-07-04,996.7999877929688,1012.0,990.0,1012.0,1565915,ADANIGREEN
2025-07-07,991.0999755859375,998.7999877929688,988.7000122070312,997.0,863077,ADANIGREEN
2025-07-08,992.0,1005.0,981.2999877929688,991.7999877929688,1069668,ADANIGREEN
2025-07-09,995.2000122070312,1011.0,993.2000122070312,997.0999755859375,1480019,ADANIGREEN
2025-07-10,995.7999877929688,1007.9000244140625,992.2999877929688,999.7000122070312,1057492,ADANIGREEN
2025-07-11,995.2000122070312,1010.9000244140625,985.2000122070312,999.7999877929688,1850757,ADANIGREEN
2025-07-14,1025.9000244140625,1036.0,994.2000122070312,995.7999877929688,5134094,ADANIGREEN
2025-07-15,1033.0999755859375,1042.0,1026.0,1027.0,2064201,ADANIGREEN
2025-07-16,1038.5999755859375,1049.5,1033.0999755859375,1033.0999755859375,2548383,ADANIGREEN
2025-07-17,1050.0999755859375,1054.9000244140625,1033.4000244140625,1039.0,2304002,ADANIGREEN
2025-07-18,1030.199951171875,1051.0,1024.4000244140625,1042.699951171875,1787665,ADANIGREEN
2025-07-21,1036.5999755859375,1042.0999755859375,1024.0999755859375,1031.199951171875,877276,ADANIGREEN
2025-07-22,1013.7000122070312,1042.199951171875,1006.5999755859375,1037.0,1332756,ADANIGREEN
2025-07-23,1033.9000244140625,1038.300048828125,1017.0,1018.4000244140625,1733780,ADANIGREEN
2025-07-24,1020.7000122070312,1037.0999755859375,1017.7000122070312,1035.0,1295384,ADANIGREEN
2025-07-25,975.9000244140625,1021.7999877929688,973.0,1021.7999877929688,2521495,ADANIGREEN
2025-07-28,1003.9000244140625,1013.5999755859375,979.0,979.7000122070312,4051716,ADANIGREEN
2025-07-29,1015.5999755859375,1022.9000244140625,993.5,1007.0,3489498,ADANIGREEN
2025-07-30,1009.7000122070312,1024.5,1007.0,1020.0,1365437,ADANIGREEN
2025-07-31,984.7000122070312,1007.5,980.0999755859375,985.5,2062250,ADANIGREEN
2025-08-01,972.5999755859375,1007.6500244140625,968.0,988.7999877929688,1800185,ADANIGREEN
2025-08-04,989.7999877929688,997.0,971.6500244140625,980.0,1280378,ADANIGREEN
2025-08-05,971.75,996.4000244140625,965.2000122070312,993.0,1365079,ADANIGREEN
2025-08-06,957.5499877929688,977.5,955.0,975.9000244140625,1204140,ADANIGREEN
2025-08-07,936.7000122070312,955.1500244140625,903.5,951.9500122070312,3658631,ADANIGREEN
2025-08-08,914.0499877929688,946.6500244140625,909.0499877929688,939.8499755859375,2051171,ADANIGREEN
2025-08-11,929.0999755859375,933.1500244140625,908.0,914.0499877929688,1612977,ADANIGREEN
2025-08-12,930.9000244140625,941.0,927.5,929.0999755859375,1096445,ADANIGREEN
2025-08-13,924.1500244140625,938.4500122070312,919.5,932.0999755859375,1023795,ADANIGREEN
2025-08-14,917.5,933.0,914.0499877929688,925.0,1031515,ADANIGREEN
2025-08-18,941.6500244140625,955.5499877929688,925.75,929.0,1856211,ADANIGREEN
2025-08-19,973.4000244140625,975.5,937.4500122070312,942.0499877929688,1886130,ADANIGREEN
2025-08-20,975.9500122070312,984.0,967.9500122070312,969.0,1584174,ADANIGREEN
2025-08-21,966.5999755859375,983.9500122070312,964.1500244140625,976.0,820006,ADANIGREEN
2025-08-22,957.2000122070312,970.2000122070312,952.9000244140625,965.0,946994,ADANIGREEN
2025-08-25,964.0999755859375,972.7000122070312,958.3499755859375,958.3499755859375,943859,ADANIGREEN
2025-08-26,931.25,965.75,926.0,964.1500244140625,1462770,ADANIGREEN
2025-08-28,921.1500244140625,935.0,917.0999755859375,931.0,1308868,ADANIGREEN
2025-08-29,913.5,926.7999877929688,908.5,920.1500244140625,1477870,ADANIGREEN
2025-09-01,931.5499877929688,933.7000122070312,918.0499877929688,920.4000244140625,839458,ADANIGREEN
2025-09-02,933.8499755859375,943.4500122070312,929.0,934.7999877929688,967218,ADANIGREEN
2025-09-03,935.7000122070312,939.5499877929688,931.1500244140625,933.8499755859375,626485,ADANIGREEN
2025-09-04,929.1500244140625,954.1500244140625,926.5,944.4000244140625,865803,ADANIGREEN
2025-09-05,929.3499755859375,935.0,916.25,932.0499877929688,847676,ADANIGREEN
2025-09-08,937.2000122070312,945.0,931.8499755859375,934.9000244140625,1662382,ADANIGREEN
2025-09-09,943.7000122070312,947.5,935.7999877929688,941.9000244140625,868754,ADANIGREEN
2025-09-10,963.3499755859375,973.0,945.7999877929688,946.5,1995294,ADANIGREEN
2025-09-11,976.3499755859375,1004.7999877929688,961.2000122070312,965.0,3601127,ADANIGREEN
2025-09-12,981.7000122070312,986.5499877929688,975.4500122070312,981.0,1086098,ADANIGREEN
2025-09-15,986.7000122070312,993.7999877929688,983.4500122070312,984.0,924070,ADANIGREEN
2025-09-16,987.8499755859375,998.3499755859375,984.0499877929688,991.4500122070312,897176,ADANIGREEN
2025-09-17,979.4500122070312,993.4500122070312,977.2999877929688,992.0,846865,ADANIGREEN
2025-09-18,978.9000244140625,993.9000244140625,974.2999877929688,982.0,992415,ADANIGREEN
2025-09-19,1030.699951171875,1071.0,1003.0,1025.0,17650332,ADANIGREEN
2025-09-22,1152.1500244140625,1177.550048828125,1035.8499755859375,1040.0,37416287,ADANIGREEN
2025-09-23,1131.449951171875,1177.300048828125,1120.800048828125,1164.0,14163567,ADANIGREEN
2025-09-24,1095.25,1141.699951171875,1090.449951171875,1126.0,7615653,ADANIGREEN
2025-09-25,1079.550048828125,1115.0,1076.300048828125,1096.050048828125,5390958,ADANIGREEN
2025-09-26,1047.4000244140625,1086.800048828125,1040.4000244140625,1082.8499755859375,3774879,ADANIGREEN
2025-09-29,1035.3499755859375,1062.949951171875,1027.300048828125,1053.9000244140625,3108705,ADANIGREEN
2025-09-30,1026.8499755859375,1043.0,1010.5,1037.0,3520751,ADANIGREEN
2025-10-01,1064.699951171875,1070.0,1026.5,1031.800048828125,4597346,ADANIGREEN
2025-10-03,1070.300048828125,1078.800048828125,1054.300048828125,1068.5999755859375,2348127,ADANIGREEN
2025-10-06,1059.4000244140625,1076.0999755859375,1056.0,1070.300048828125,1248757,ADANIGREEN
2025-10-07,1060.699951171875,1089.4000244140625,1057.300048828125,1062.0,3579020,ADANIGREEN
2025-10-08,1045.0999755859375,1064.300048828125,1032.300048828125,1063.0,2026547,ADANIGREEN
2025-10-09,1051.5,1055.800048828125,1042.699951171875,1045.5,1148919,ADANIGREEN
2025-10-10,1064.300048828125,1072.199951171875,1048.0999755859375,1048.0999755859375,1335270,ADANIGREEN
2025-10-13,1051.300048828125,1062.4000244140625,1043.199951171875,1054.300048828125,1572244,ADANIGREEN
2025-10-14,1036.199951171875,1054.699951171875,1024.0999755859375,1052.0,1757848,ADANIGREEN
2025-10-15,1043.800048828125,1052.5,1034.0999755859375,1039.0,1161123,ADANIGREEN
2025-10-16,1060.300048828125,1067.0,1052.5,1055.0,1742078,ADANIGREEN
2025-10-17,1036.699951171875,1061.9000244140625,1035.0,1057.9000244140625,2132960,ADANIGREEN
2025-10-20,1034.0999755859375,1045.5,1028.0999755859375,1043.0,1212007,ADANIGREEN
2025-10-21,1040.0,1045.4000244140625,1036.300048828125,1044.0,457938,ADANIGREEN
2025-10-23,1044.699951171875,1061.9000244140625,1040.9000244140625,1049.300048828125,1888505,ADANIGREEN
2025-10-24,1031.0999755859375,1049.4000244140625,1028.0,1049.4000244140625,1202737,ADANIGREEN
2025-10-27,1017.0999755859375,1027.5999755859375,1015.0,1025.0,1762358,ADANIGREEN
2025-10-28,1004.2000122070312,1024.0,998.5999755859375,1020.5,1992608,ADANIGREEN
2025-10-29,1112.5999755859375,1145.0,1012.0999755859375,1028.0,36232727,ADANIGREEN
2025-10-30,1140.0999755859375,1151.800048828125,1088.699951171875,1112.5999755859375,11727335,ADANIGREEN
2025-10-31,1140.0,1159.5,1125.0999755859375,1145.0,5725034,ADANIGREEN
2025-11-03,1105.199951171875,1166.4000244140625,1097.199951171875,1140.0,5611025,ADANIGREEN
2025-11-04,1086.4000244140625,1112.9000244140625,1080.0999755859375,1109.9000244140625,3029132,ADANIGREEN
2025-11-06,1060.5,1097.9000244140625,1047.0,1087.0999755859375,2533556,ADANIGREEN
2025-11-07,1059.800048828125,1075.0999755859375,1040.0,1060.5,3615119,ADANIGREEN
2025-11-10,1041.300048828125,1088.0,1035.199951171875,1066.9000244140625,2240298,ADANIGREEN
2025-11-11,1044.199951171875,1051.0,1031.4000244140625,1049.0,1629631,ADANIGREEN
2025-11-12,1070.800048828125,1094.9000244140625,1050.199951171875,1050.199951171875,4147036,ADANIGREEN
2025-11-13,1076.800048828125,1088.0,1063.300048828125,1080.0,1991752,ADANIGREEN
2025-11-14,1068.800048828125,1104.9000244140625,1060.0,1082.9000244140625,3567619,ADANIGREEN
2025-11-17,1088.5999755859375,1092.5,1065.4000244140625,1074.800048828125,2888868,ADANIGREEN
2025-11-18,1077.5999755859375,1097.199951171875,1075.0,1092.0,1414894,ADANIGREEN
2025-11-19,1069.9000244140625,1084.5,1052.199951171875,1080.199951171875,2155114,ADANIGREEN
2025-11-20,1060.0,1085.5,1057.0,1074.0,1354779,ADANIGREEN
2025-11-21,1030.5,1063.0999755859375,1026.0,1060.0,2075493,ADANIGREEN
2025-11-24,1009.4000244140625,1037.5,1006.0,1036.9000244140625,1618990,ADANIGREEN
2025-11-25,1011.5999755859375,1022.9000244140625,1000.5999755859375,1010.5,1677553,ADANIGREEN
2025-11-26,1034.4000244140625,1036.4000244140625,1012.5,1016.0,1318167,ADANIGREEN
2025-11-27,1031.0999755859375,1042.0,1018.2000122070312,1040.0999755859375,1543218,ADANIGREEN
2025-11-28,1048.199951171875,1052.5,1024.5999755859375,1031.199951171875,1626863,ADANIGREEN
2025-12-01,1039.5999755859375,1052.0,1028.0999755859375,1041.0999755859375,2276452,ADANIGREEN
2025-12-02,1022.5999755859375,1040.699951171875,1017.7000122070312,1038.5999755859375,1544253,ADANIGREEN
2025-12-03,1012.5999755859375,1027.300048828125,1004.2000122070312,1024.0,1508973,ADANIGREEN
2025-12-04,1013.4000244140625,1027.0999755859375,1006.7999877929688,1013.7999877929688,1349599,ADANIGREEN
2025-12-05,1017.7000122070312,1022.5,1005.0999755859375,1013.0999755859375,1190798,ADANIGREEN
2025-12-08,993.7999877929688,1021.0,990.0,1016.0999755859375,1311474,ADANIGREEN
2025-12-09,998.9000244140625,1010.5,980.5999755859375,993.9000244140625,2593247,ADANIGREEN
2025-12-10,989.7999877929688,1027.800048828125,981.0,1014.9000244140625,3913329,ADANIGREEN
2025-12-11,1018.7999877929688,1026.4000244140625,975.0,995.0,5927384,ADANIGREEN
2025-12-12,1040.199951171875,1042.0,1024.0,1024.0,2615096,ADANIGREEN
2025-12-15,1047.5999755859375,1058.699951171875,1038.9000244140625,1044.699951171875,2027683,ADANIGREEN
2025-12-16,1028.199951171875,1044.0,1022.2000122070312,1044.0,1086779,ADANIGREEN
2025-12-17,1020.7000122070312,1033.5999755859375,1017.0,1028.0,1263636,ADANIGREEN
2025-12-18,1011.0,1022.0,1005.0,1016.5999755859375,1150470,ADANIGREEN
2025-12-19,1020.9000244140625,1024.699951171875,1007.2000122070312,1012.5,2498071,ADANIGREEN
2025-12-22,1020.7999877929688,1028.800048828125,1018.2999877929688,1022.0,954953,ADANIGREEN
2025-12-23,1016.9000244140625,1027.0,1013.2999877929688,1021.7999877929688,829273,ADANIGREEN
2025-12-24,1015.0,1024.300048828125,1012.2000122070312,1018.0,835848,ADANIGREEN
2025-12-26,1018.0999755859375,1027.0,1011.5,1015.0,834022,ADANIGREEN
2025-12-29,1001.9000244140625,1019.7999877929688,1000.0,1018.0999755859375,830063,ADANIGREEN
2025-12-30,1007.0999755859375,1011.5999755859375,998.2999877929688,1002.0,2090689,ADANIGREEN
2025-12-31,1015.0999755859375,1018.7999877929688,1009.2000122070312,1013.0,637693,ADANIGREEN
2026-01-01,1025.9000244140625,1045.0,1015.5,1019.7000122070312,2304811,ADANIGREEN
2026-01-02,1038.800048828125,1043.5,1026.4000244140625,1029.0,1544713,ADANIGREEN
2026-01-05,1030.5,1044.699951171875,1027.699951171875,1039.0,1020610,ADANIGREEN
2026-01-06,1019.4000244140625,1034.800048828125,1012.7999877929688,1031.0,891487,ADANIGREEN
2026-01-07,1019.2000122070312,1023.7000122070312,1011.4000244140625,1019.0,742308,ADANIGREEN
2026-01-08,988.7999877929688,1024.0999755859375,982.9000244140625,1024.0999755859375,1993966,ADANIGREEN
2026-01-09,946.0999755859375,991.0,942.2000122070312,988.0,2326860,ADANIGREEN
2026-01-12,942.2000122070312,949.0999755859375,921.2000122070312,947.7999877929688,2143293,ADANIGREEN
2026-01-13,936.7000122070312,952.4000244140625,927.4000244140625,952.4000244140625,2066428,ADANIGREEN
2026-01-14,935.2999877929688,945.0,932.0999755859375,935.5,774904,ADANIGREEN
2026-01-15,935.2999877929688,935.2999877929688,935.2999877929688,935.2999877929688,0,ADANIGREEN
2026-01-16,930.0999755859375,946.7999877929688,926.2999877929688,935.2999877929688,1088002,ADANIGREEN
2026-01-19,914.0,936.0,911.5,928.0,1203147,ADANIGREEN
2026-01-20,883.2000122070312,927.0,878.0,914.0999755859375,2195862,ADANIGREEN
2026-01-21,878.7000122070312,892.5999755859375,868.0,885.5,2259912,ADANIGREEN
2026-01-22,904.2999877929688,916.4000244140625,889.0999755859375,894.0,1851769,ADANIGREEN
2026-01-23,772.7999877929688,909.0,765.0,909.0,22973223,ADANIGREEN
2026-01-27,799.0999755859375,819.2000122070312,768.0999755859375,789.0,13752483,ADANIGREEN
2026-01-28,822.9000244140625,825.7000122070312,795.0,809.0,4377377,ADANIGREEN
2026-01-29,858.7999877929688,864.7999877929688,816.5,824.4000244140625,7356835,ADANIGREEN
2026-01-30,852.2999877929688,864.7999877929688,842.7000122070312,854.9000244140625,2887230,ADANIGREEN
2026-02-02,843.9500122070312,847.9000244140625,807.0,814.2000122070312,3922655,ADANIGREEN
2026-02-03,932.0999755859375,951.5499877929688,900.0,924.0,10826968,ADANIGREEN
2026-02-04,954.4500122070312,970.9000244140625,920.3499755859375,935.0,4230654,ADANIGREEN
2026-02-05,967.1500244140625,972.0,951.4500122070312,954.0,3102511,ADANIGREEN
2026-02-06,971.8499755859375,974.9500122070312,954.25,966.0,1608144,ADANIGREEN
2026-02-09,982.6500244140625,996.25,976.4500122070312,985.0,1645440,ADANIGREEN
2026-02-10,978.2999877929688,987.7999877929688,953.0499877929688,985.7999877929688,2057124,ADANIGREEN
2026-02-11,994.75,998.1500244140625,975.0499877929688,977.0,1489878,ADANIGREEN
2026-02-12,997.6500244140625,999.5999755859375,980.0499877929688,992.4500122070312,1250477,ADANIGREEN
2026-02-13,950.5,989.9000244140625,943.75,988.9000244140625,2943844,ADANIGREEN
2026-02-16,991.25,999.0,936.4500122070312,949.5,4171950,ADANIGREEN
2026-02-17,1016.7999877929688,1018.9500122070312,979.25,982.6500244140625,3770349,ADANIGREEN
2026-02-18,1000.0999755859375,1019.9500122070312,987.4000244140625,1019.0,1964869,ADANIGREEN
2026-02-19,976.5,1005.0,970.0,1000.0999755859375,1500530,ADANIGREEN
2026-02-20,968.25,980.75,965.0,976.4000244140625,1221495,ADANIGREEN
2026-02-23,970.3499755859375,987.5499877929688,962.0,978.25,1188654,ADANIGREEN
2026-02-24,981.3499755859375,988.0,956.4500122070312,970.1500244140625,1290484,ADANIGREEN
2026-02-25,964.1500244140625,988.5999755859375,960.0,984.9500122070312,1345367,ADANIGREEN
2026-02-26,965.9500122070312,973.5,956.5499877929688,964.1500244140625,911136,ADANIGREEN
2026-02-27,947.3499755859375,969.5,942.0,960.3499755859375,1156653,ADANIGREEN
2026-03-02,903.5499877929688,926.9500122070312,880.25,915.0,3482707,ADANIGREEN
2026-03-04,871.9500122070312,882.7999877929688,867.0,880.0,1976974,ADANIGREEN
2026-03-05,884.5499877929688,889.75,864.5999755859375,886.25,4655262,ADANIGREEN
2026-03-06,858.4000244140625,894.5499877929688,855.1500244140625,879.5999755859375,5784124,ADANIGREEN
2026-03-09,854.1500244140625,858.0,825.0,841.0,1922632,ADANIGREEN
2026-03-10,856.9000244140625,878.9500122070312,843.25,875.0,3240047,ADANIGREEN
2026-03-11,849.6500244140625,877.9000244140625,846.9000244140625,866.5999755859375,3005645,ADANIGREEN
2026-03-12,866.5499877929688,881.9500122070312,837.4000244140625,849.5999755859375,6591414,ADANIGREEN
2026-03-13,861.3499755859375,878.75,844.0,865.25,6756426,ADANIGREEN
2026-03-16,866.9500122070312,873.7999877929688,853.0,861.3499755859375,2609169,ADANIGREEN
2026-03-17,868.6500244140625,874.8499755859375,848.0499877929688,874.8499755859375,2644896,ADANIGREEN
2026-03-18,891.2999877929688,904.0,871.5499877929688,872.0499877929688,2315274,ADANIGREEN
2026-03-19,854.9000244140625,882.0499877929688,850.5999755859375,880.0,2219917,ADANIGREEN
2026-03-20,863.0999755859375,887.0,860.0,865.4500122070312,1990204,ADANIGREEN
2026-03-23,816.4500122070312,863.0,810.4500122070312,863.0,2746629,ADANIGREEN
2026-03-24,839.5499877929688,842.1500244140625,801.4000244140625,833.0,4139485,ADANIGREEN
2026-03-25,853.7999877929688,868.75,843.0,843.0,2201430,ADANIGREEN
2026-03-27,832.5,850.4500122070312,825.9000244140625,850.4500122070312,2328454,ADANIGREEN
2026-03-30,806.9000244140625,839.0,802.0,828.0,3104906,ADANIGREEN
2026-04-01,851.9500122070312,855.2999877929688,827.1500244140625,829.9500122070312,3454451,ADANIGREEN
2026-04-02,856.0,863.9500122070312,814.75,840.0,9516053,ADANIGREEN
2026-04-06,921.0999755859375,926.7000122070312,856.0499877929688,857.0,13113062,ADANIGREEN
2026-04-07,925.3499755859375,934.9000244140625,910.0499877929688,921.0999755859375,4589372,ADANIGREEN
2026-04-08,1029.6500244140625,1046.5999755859375,967.9500122070312,969.0,16043205,ADANIGREEN
2026-04-09,1044.550048828125,1048.0,1021.2999877929688,1032.0,5921322,ADANIGREEN
2026-04-10,1085.3499755859375,1087.75,1040.5,1044.5,7332980,ADANIGREEN
2026-04-13,1085.449951171875,1096.8499755859375,1043.0,1051.0,5816187,ADANIGREEN
2026-04-15,1096.050048828125,1123.75,1091.300048828125,1107.0,2759798,ADANIGREEN
2026-04-16,1118.9000244140625,1126.699951171875,1098.1500244140625,1101.550048828125,2938260,ADANIGREEN
2026-04-17,1127.300048828125,1140.0,1105.1500244140625,1140.0,5883883,ADANIGREEN
2026-04-20,1152.699951171875,1195.0,1120.4000244140625,1126.5,7598644,ADANIGREEN
2026-04-21,1150.0,1183.949951171875,1143.0,1155.1500244140625,2752849,ADANIGREEN
2026-04-22,1198.949951171875,1205.0,1148.0,1152.0,4934584,ADANIGREEN
2026-04-23,1214.1500244140625,1240.0,1180.5,1193.0,6765325,ADANIGREEN
2026-04-24,1235.800048828125,1252.0,1150.050048828125,1222.0,12960727,ADANIGREEN
2026-04-27,1229.699951171875,1257.3499755859375,1212.8499755859375,1245.0,7118501,ADANIGREEN
2026-04-28,1249.949951171875,1259.1500244140625,1223.199951171875,1235.5,4303385,ADANIGREEN
2026-04-29,1244.800048828125,1271.949951171875,1237.0,1256.0,2941179,ADANIGREEN
2026-04-30,1227.1500244140625,1237.550048828125,1203.550048828125,1235.0,3019213,ADANIGREEN
2026-05-01,1227.1500244140625,1227.1500244140625,1227.1500244140625,1227.1500244140625,0,ADANIGREEN
2026-05-04,1290.699951171875,1305.0,1228.300048828125,1232.4000244140625,6304755,ADANIGREEN
2026-05-05,1331.4000244140625,1339.0,1284.199951171875,1291.0,4473238,ADANIGREEN
2026-05-06,1353.0,1368.0,1318.199951171875,1340.0,4273727,ADANIGREEN
2026-05-07,1365.0,1378.0,1351.0,1358.0,2553883,ADANIGREEN
2026-05-08,1355.800048828125,1373.0,1349.5,1364.0999755859375,2014853,ADANIGREEN
2026-05-11,1387.699951171875,1398.0,1324.4000244140625,1343.0,4188831,ADANIGREEN
2026-05-12,1308.0,1387.699951171875,1296.0999755859375,1380.0,5172722,ADANIGREEN
2026-05-13,1366.699951171875,1388.699951171875,1291.4000244140625,1302.0999755859375,5391989,ADANIGREEN
2026-05-14,1414.9000244140625,1424.0999755859375,1376.800048828125,1379.0,4875061,ADANIGREEN
2026-05-15,1379.0,1471.0,1370.0999755859375,1457.0,9479876,ADANIGREEN
2026-05-18,1369.0,1374.9000244140625,1312.4000244140625,1374.9000244140625,3820968,ADANIGREEN
2026-05-19,1377.800048828125,1443.0,1369.0,1390.0,8654467,ADANIGREEN
2026-05-20,1363.199951171875,1370.0,1348.0999755859375,1360.0,2669468,ADANIGREEN
2026-05-21,1358.199951171875,1401.0,1351.5999755859375,1381.5,2772832,ADANIGREEN
2026-05-22,1362.300048828125,1381.800048828125,1359.0,1364.0,1681359,ADANIGREEN
2026-05-25,1411.0999755859375,1420.699951171875,1365.800048828125,1381.0,4194567,ADANIGREEN
2026-05-26,1457.4000244140625,1465.0,1403.199951171875,1410.0,4949474,ADANIGREEN
2026-05-27,1489.9000244140625,1518.0,1467.0,1472.0,6509853,ADANIGREEN
