Price,Close,High,Low,Open,Volume,symbol
Ticker,INDIGO.NS,INDIGO.NS,INDIGO.NS,INDIGO.NS,INDIGO.NS,
Date,,,,,,
2015-11-10,830.2215576171875,851.2787587080766,803.4860101647104,809.9214578218849,27351793,INDIGO
2015-11-13,950.2713012695312,976.6756366445336,867.8406577548811,868.7870488756607,8446622,INDIGO
2015-11-16,935.9334716796875,984.2467248416447,914.4503825752299,956.8013834758681,3358159,INDIGO
2015-11-17,981.3129272460938,993.6160112019535,923.8669775303387,936.927162792395,3694092,INDIGO
2015-11-18,989.5938720703125,1011.5028490354033,960.8708676653025,962.7163418540702,3621593,INDIGO
2015-11-19,1082.48193359375,1104.1541923015266,995.6032046924175,998.4423773293731,4320971,INDIGO
2015-11-20,1046.1407470703125,1100.5582354256508,1029.862750803048,1094.0281137177587,3636764,INDIGO
2015-11-23,990.7294921875,1064.5007471717545,975.9184484829923,1041.0302018646667,2115930,INDIGO
2015-11-24,1031.3770751953125,1040.0838271740736,977.0068367520321,993.6632971392861,2080065,INDIGO
2015-11-26,1029.8626708984375,1054.279605641753,1005.1618881623499,1041.0301312441009,1278254,INDIGO
2015-11-27,1032.03955078125,1050.304946216953,1014.1054846696054,1034.6894922161364,830213,INDIGO
2015-11-30,1049.5477294921875,1061.850813787407,1023.5693400177846,1035.16263098828,953967,INDIGO
2015-12-01,1034.64208984375,1055.2260966620456,1027.5441564581308,1053.2859486594725,566179,INDIGO
2015-12-02,1040.2730712890625,1064.5953923513057,1005.0673678898648,1033.4591014460757,1820435,INDIGO
2015-12-03,1053.99560546875,1083.0971285801236,1032.5125760815833,1037.2445310590424,2008650,INDIGO
2015-12-04,1021.8184204101562,1061.8508099920157,1014.2472916401597,1043.869379163274,738821,INDIGO
2015-12-07,988.5528564453125,1027.3075252595725,976.864834096205,993.7106416605722,1975506,INDIGO
2015-12-08,963.5206909179688,1011.124206252688,955.8549466294577,994.3730155950162,1221937,INDIGO
2015-12-09,958.45751953125,991.6285714781804,942.0849661982757,966.2652455605097,1037663,INDIGO
2015-12-10,946.2491455078125,973.8364699733395,929.3560869910781,967.1644240786263,1524682,INDIGO
2015-12-11,979.5147705078125,987.7483267160717,951.1230380293251,959.6405577728714,1853964,INDIGO
2015-12-14,1034.4527587890625,1044.721078331887,970.8079621915525,977.6219313788534,1875740,INDIGO
2015-12-15,1121.8992919921875,1132.735539487048,1026.834351469838,1036.1090305323269,3012286,INDIGO
2015-12-16,1128.7606201171875,1167.8466188047037,1119.1548428616393,1128.0981925568935,2239135,INDIGO
2015-12-17,1127.0098876953125,1165.7173091729408,1116.8361827441381,1139.360338520965,1460277,INDIGO
2015-12-18,1078.176025390625,1141.5368612515763,1065.6363437259986,1130.4167661904924,1615029,INDIGO
2015-12-21,1023.9951171875,1094.5012504873787,1019.6417414581268,1075.1948499416246,1692348,INDIGO
2015-12-22,1102.3089599609375,1116.1736117533974,1038.6641627449058,1039.5159377831583,2866202,INDIGO
2015-12-23,1119.6280517578125,1124.2652757876585,1078.8858681576705,1109.170383755079,1833276,INDIGO
2015-12-24,1102.025146484375,1128.0982693050782,1090.2426226841026,1121.4735311464076,959214,INDIGO
2015-12-28,1130.1329345703125,1143.240427961139,1084.1856012923324,1107.7507623580407,1752379,INDIGO
2015-12-29,1122.8458251953125,1142.7674067365078,1112.766851047599,1133.7766900789536,1051880,INDIGO
2015-12-30,1129.2811279296875,1137.846013199701,1113.4290777366666,1126.5839365244835,735717,INDIGO
2015-12-31,1168.698486328125,1178.257014100312,1121.4735435412608,1130.9374553011025,2337650,INDIGO
2016-01-01,1271.42919921875,1320.0737295368242,1176.4116160723097,1177.3106414931676,4914713,INDIGO
2016-01-04,1194.440185546875,1298.2119928837292,1183.9352674303227,1255.8609911111416,2601131,INDIGO
2016-01-05,1185.7806396484375,1217.9106856471462,1167.278763628348,1202.0112695316766,1794052,INDIGO
2016-01-06,1169.1715087890625,1213.0840759575542,1164.0609740902455,1191.033118611849,1324225,INDIGO
2016-01-07,1183.5093994140625,1211.3805702295454,1130.9373292377397,1165.9064330819115,2676791,INDIGO
2016-01-08,1203.9986572265625,1224.5354124915232,1193.39912359231,1209.4877715709533,1885516,INDIGO
2016-01-11,1171.7740478515625,1199.0774052849647,1161.2691307842283,1199.0774052849647,1466002,INDIGO
2016-01-12,1183.60400390625,1212.3269495111185,1176.9319007136621,1185.73338379415,1461663,INDIGO
2016-01-13,1162.9254150390625,1211.2859765262099,1083.617795661378,1200.0238994747838,2422026,INDIGO
2016-01-14,1135.6693115234375,1163.1146532185874,1118.9182353889694,1158.335331988757,1367813,INDIGO
2016-01-15,1113.1923828125,1158.997729044741,1103.2552775886688,1145.133078174814,1016860,INDIGO
2016-01-18,1071.12548828125,1123.176998542684,1052.1503006027153,1116.7414928816768,1168284,INDIGO
2016-01-19,1142.0574951171875,1152.1365837480232,1061.3302855890977,1082.5294699875963,1803043,INDIGO
2016-01-20,1137.65673828125,1149.8652067919472,1088.3497842063698,1119.4387092847521,1715446,INDIGO
2016-01-21,1133.6343994140625,1172.578410904058,1121.4732985644139,1159.470919085157,1408475,INDIGO
2016-01-22,916.3905639648438,1112.0096315532662,906.9266522069436,1112.0096315532662,10529075,INDIGO
2016-01-25,854.3072509765625,901.390207840793,839.2596094966124,888.661236090702,6958344,INDIGO
2016-01-27,885.9639892578125,910.1442686149755,861.2158406225841,861.2158406225841,3802299,INDIGO
2016-01-28,854.92236328125,896.2323572347557,837.6507259850152,887.714837472229,2430726,INDIGO
2016-01-29,827.8082885742188,864.764848666378,811.8615642309486,857.4303178021762,2256173,INDIGO
2016-02-01,834.7642822265625,870.6798370578238,825.253062950459,856.4839701492723,1738121,INDIGO
2016-02-02,799.700439453125,840.2059649520901,788.0125330586758,835.1901039258969,2513511,INDIGO
2016-02-03,793.0284423828125,822.2245850286333,776.987101511526,793.0757503856989,2373514,INDIGO
2016-02-04,762.176025390625,806.2305759253122,739.2260419349536,796.7666652219426,2734418,INDIGO
2016-02-05,792.08203125,798.754076855946,741.3081263635622,764.6839977483464,2379290,INDIGO
2016-02-08,780.1575317382812,808.9751541903869,767.5232328235656,808.2180528129778,1592321,INDIGO
2016-02-09,745.8981323242188,776.9870553432381,742.916977398833,766.5767537491143,1129062,INDIGO
2016-02-10,730.0934448242188,763.2644421978605,709.7933436433917,746.7025975128481,1875096,INDIGO
2016-02-11,681.1177368164062,733.5004649871712,660.912250672655,728.7212011297906,2840007,INDIGO
2016-02-12,737.8538208007812,746.4186484313079,675.723223952554,689.4458944669967,2346261,INDIGO
2016-02-15,794.0694580078125,804.3378363218859,748.5953762258588,756.0245234156423,1907183,INDIGO
2016-02-16,795.7728881835938,811.0571266867328,773.2961008337572,801.5932162236437,1353259,INDIGO
2016-02-17,794.7792358398438,813.8963476512548,784.5582234917329,806.3252188358942,1430128,INDIGO
2016-02-18,803.6280517578125,813.8963724208936,790.3312101606643,799.700505460064,775528,INDIGO
2016-02-19,796.1515502929688,811.3884246138283,793.3123768595317,805.3788639516391,577128,INDIGO
2016-02-22,775.946044921875,798.7540461193211,771.5926114344394,793.0756998198946,549452,INDIGO
2016-02-23,766.6240844726562,784.2743012583857,754.4629821733954,773.2015140456209,669798,INDIGO
2016-02-24,765.10986328125,780.772623756714,757.1128472792378,766.5294498698986,753973,INDIGO
2016-02-25,748.68994140625,769.1320228767263,738.1850237883583,761.9394161921948,607783,INDIGO
2016-02-26,788.627685546875,799.2272773317272,734.3048715145907,757.0182577265048,1149764,INDIGO
2016-02-29,768.7061767578125,808.2180054800515,739.4153604398382,804.4797490543036,1574628,INDIGO
2016-03-01,781.4351196289062,793.9274933307468,757.1128575281878,760.8038058138885,1166246,INDIGO
2016-03-02,823.1236572265625,836.2785165898757,782.6654377997899,796.388108716473,1154361,INDIGO
2016-03-03,806.0886840820312,828.0922789219576,797.0979679108787,826.1994965701359,598767,INDIGO
2016-03-04,826.0574340820312,834.4803378299664,790.3311706818823,806.3252030973987,801090,INDIGO
2016-03-08,813.423095703125,827.7609430083777,805.4733878929231,827.7609430083777,645792,INDIGO
2016-03-09,769.2266235351562,811.6249304519365,759.3841914054907,804.4323816739839,1287378,INDIGO
2016-03-10,763.4063720703125,787.3973623491373,758.0592394731478,782.6654070465584,908545,INDIGO
2016-03-11,776.5612182617188,803.2967672742776,768.4695857769153,778.6905982715685,1791899,INDIGO
2016-03-14,761.513671875,785.5046647348413,753.942542576351,780.7727089231856,792050,INDIGO
2016-03-15,757.2074584960938,773.1068743990111,752.4755032304936,760.8984067085123,682452,INDIGO
2016-03-16,758.8636474609375,764.589359577687,754.2736739306002,758.0592381661364,500720,INDIGO
2016-03-17,763.6430053710938,773.2015324218529,759.9520569580757,766.5767946899642,548774,INDIGO
2016-03-18,765.4411010742188,768.942759655429,749.5417423348921,761.8448264893789,661700,INDIGO
2016-03-21,803.438720703125,813.8963306077267,769.4159497489322,770.1257430605087,1511048,INDIGO
2016-03-22,798.4228515625,810.6312617420546,791.8454220548247,799.7004564053524,524063,INDIGO
2016-03-23,850.3324584960938,873.1878281485706,793.0757932328621,797.4291694699375,2741028,INDIGO
2016-03-28,833.3919677734375,878.1089466162924,827.1458097069883,842.2880670929286,1924647,INDIGO
2016-03-29,842.0988159179688,858.2821388987816,823.3602830966706,830.93141213664,799558,INDIGO
2016-03-30,843.2344360351562,858.1874032584631,837.5560896645492,848.9127824057633,438894,INDIGO
2016-03-31,826.3887329101562,852.2251987888869,823.4548857967033,843.2344831992208,503834,INDIGO
2016-04-01,859.8435668945312,863.1086275315683,815.7890755835657,826.1993770121263,1133534,INDIGO
2016-04-04,915.2073974609375,921.784826409399,858.2346481774651,869.3547423358948,2042054,INDIGO
2016-04-05,921.2644653320312,933.7568399129467,901.5795412037169,912.2264415119179,2433073,INDIGO
2016-04-06,940.286865234375,945.2081105037662,917.052975297271,926.2329805138633,1402312,INDIGO
2016-04-07,937.6369018554688,961.4859670813287,925.9489958787954,938.8198906289426,1267425,INDIGO
2016-04-08,903.1409301757812,953.4889435097651,900.0178513923441,936.8797928206068,1145554,INDIGO
2016-04-11,932.8577270507812,940.7127616974399,905.2704031371992,909.4818551219715,783292,INDIGO
2016-04-12,950.2239379882812,966.7384736378029,936.0280720024105,937.8735461331989,940548,INDIGO
2016-04-13,975.6345825195312,982.117338279338,948.5204551100617,951.1230305668366,1165031,INDIGO
2016-04-18,997.0704345703125,1006.0137846580375,981.3602491809831,985.8556071086649,622498,INDIGO
2016-04-20,964.609130859375,1006.9601326802796,960.5869686752667,1002.0389451596384,808311,INDIGO
2016-04-21,947.384765625,977.6219717541452,941.6591112249511,968.1580610885677,700396,INDIGO
2016-04-22,947.7633666992188,962.4797365660645,941.8011143970103,949.1356453295442,470384,INDIGO
2016-04-25,960.5869750976562,967.6849084111857,948.2838906875385,948.2838906875385,492061,INDIGO
2016-04-26,974.7828369140625,978.9942311154696,961.1074739115259,967.0224183102762,542855,INDIGO
2016-04-27,991.5338745117188,997.8747639752601,968.1580613714146,977.621972039757,677301,INDIGO
2016-04-28,1006.8655395507812,1011.6921111761169,994.6570709505135,994.6570709505135,793589,INDIGO
2016-04-29,1018.2694091796875,1022.1023391620458,985.8555155534838,1016.4239928333678,967499,INDIGO
2016-05-02,970.3347778320312,987.7956462791118,948.2838204279473,968.2526482319087,1249412,INDIGO
2016-05-03,1002.4173583984375,1007.385911432989,976.5335861713102,976.5335861713102,887436,INDIGO
2016-05-04,1010.3671875,1015.0045273268397,985.8556331520755,997.4962907249314,542612,INDIGO
2016-05-05,1030.0521240234375,1036.2982823460245,998.5372533361091,1015.2884455719791,616887,INDIGO
2016-05-06,1017.8435668945312,1029.8626869318791,1009.0894497455081,1029.8626869318791,258882,INDIGO
2016-05-09,1019.6891479492188,1025.8880564937058,990.3983866426782,1015.4777533374045,543566,INDIGO
2016-05-10,1018.411376953125,1033.459017622661,1013.8687692683359,1018.0327974311633,576959,INDIGO
2016-05-11,1003.88427734375,1017.1811174233792,994.3730013549763,1001.2817020312867,287334,INDIGO
2016-05-12,988.9786376953125,1008.0010745112834,984.2466824910288,1007.9064585124477,270503,INDIGO
2016-05-13,986.707275390625,999.6729019568962,979.6093425892448,987.0858549119486,275624,INDIGO
2016-05-16,975.2560424804688,992.5276803021753,967.2590260186143,988.032322512964,331833,INDIGO
2016-05-17,993.6632080078125,1003.1744839958192,978.1897378929378,985.1930545657054,650530,INDIGO
2016-05-18,970.61865234375,989.4044918629755,965.3188854894506,989.4044918629755,312255,INDIGO
2016-05-19,954.3408203125,979.9406305727623,950.176676315031,974.7828452235876,240274,INDIGO
2016-05-20,910.9014892578125,958.2210471413352,904.7499467329545,955.8550692471591,404476,INDIGO
2016-05-23,939.0092163085938,944.3562911113827,912.4629587688939,921.7848875552443,372105,INDIGO
2016-05-24,927.7471313476562,942.7947720925213,923.6303534005589,937.8735270980096,281858,INDIGO
2016-05-25,932.4791259765625,941.185935524995,917.9993539057266,935.9807845492409,398977,INDIGO
2016-05-26,940.6181030273438,944.4982832903199,922.7312887856332,933.141590505266,460731,INDIGO
2016-05-27,974.9248657226562,984.1521794299024,942.652892868152,942.652892868152,714190,INDIGO
2016-05-30,1003.88427734375,1012.0705827954746,965.413459165181,982.3538815770091,494962,INDIGO
2016-05-31,1007.2440795898438,1011.6920714859682,987.0859032365433,1001.2817695342885,235020,INDIGO
2016-06-01,969.05712890625,999.3889505595272,959.5932183895878,995.3194228268619,407488,INDIGO
2016-06-02,958.6468505859375,978.5683711540004,951.5962255274153,964.372505034745,173993,INDIGO
2016-06-03,939.4824829101562,963.9939784307409,937.0218313231659,962.3851597260564,190957,INDIGO
2016-06-06,965.1295776367188,973.836386816861,938.1101248126467,940.7127001904371,285232,INDIGO
2016-06-07,953.0631103515625,968.1580593892896,944.6402645318582,968.1580593892896,160922,INDIGO
2016-06-08,939.2931518554688,953.9622136728589,937.0217901462346,951.1230404178801,220461,INDIGO
2016-06-09,950.7445068359375,958.8835052181779,936.9272194323888,936.9745274362997,453064,INDIGO
2016-06-10,944.7821655273438,963.3314646055006,936.9271314326045,955.7603362706917,291713,INDIGO
2016-06-13,927.5578002929688,935.0343123328632,922.7312292758519,935.0343123328632,175622,INDIGO
2016-06-14,937.2583618164062,941.6117953440145,925.7597451118362,932.1478847576393,161763,INDIGO
2016-06-15,957.179931640625,977.6219552274491,941.6590953062071,943.1259898819484,726978,INDIGO
2016-06-16,958.5049438476562,968.9152464833229,941.6591929534767,954.9086690352342,272166,INDIGO
2016-06-17,959.1200561523438,966.2652972877916,952.0694310200962,960.5396427791133,151801,INDIGO
2016-06-20,1014.2471923828125,1030.6198029561588,937.8734846001408,954.9085226655319,1517137,INDIGO
2016-06-21,983.631591796875,1031.4243435672674,977.6220312636717,1025.8879785961474,1038570,INDIGO
2016-06-22,970.3347778320312,985.4770344456512,961.4859869655721,984.2466798852946,364809,INDIGO
2016-06-23,952.5899047851562,974.735420812596,945.5866456365645,974.735420812596,220567,INDIGO
2016-06-24,950.6498413085938,955.8076842550787,909.4818292658622,922.7313044060517,394163,INDIGO
2016-06-27,963.0948486328125,970.0034337919335,956.0915319502977,960.1136938021054,161964,INDIGO
2016-06-28,965.2716064453125,986.1395184844156,960.5869589843396,968.205395727107,265778,INDIGO
2016-06-29,963.6154174804688,974.7828207677062,957.7477811814745,965.2242938829052,181521,INDIGO
2016-06-30,960.9181518554688,970.0034830414701,955.9022907264653,965.3188934455447,221332,INDIGO
2016-07-01,958.1264038085938,970.5241045152873,951.1703943401964,958.6942153817513,404063,INDIGO
2016-07-04,988.6475219726562,997.4962559768762,958.7415274581655,960.5396937193534,389989,INDIGO
2016-07-05,962.71630859375,993.6159998981511,810.6785612559254,992.5749928343644,667380,INDIGO
2016-07-07,958.6941528320312,977.6219742107486,955.8549796252237,965.3188903145823,260124,INDIGO
2016-07-08,959.5459594726562,972.8426851129746,947.33749117642,960.5396585751107,300703,INDIGO
2016-07-11,954.6246948242188,973.4105924373258,949.2302541106453,970.0508578897422,295623,INDIGO
2016-07-12,958.2682495117188,970.0508296784875,951.2176246116743,960.5396111449968,187568,INDIGO
2016-07-13,945.3026733398438,969.1044312557202,939.3877293014177,960.8708176016061,184937,INDIGO
2016-07-14,938.5360107421875,955.4763757873407,932.2424871886057,946.3910448619164,200105,INDIGO
2016-07-15,918.2832641601562,941.6118276614912,913.3147109317814,938.8199623900645,259938,INDIGO
2016-07-18,899.3554077148438,926.0436470095952,890.7905802225666,915.1601498807139,491029,INDIGO
2016-07-19,896.3269653320312,903.2829744012835,887.9041194101464,898.7876167884896,182043,INDIGO
2016-07-20,900.396484375,903.8034691114259,880.6168879666826,900.0179048428964,199032,INDIGO
2016-07-21,895.8064575195312,903.4722598594998,891.5003896951789,900.9643004138113,115831,INDIGO
2016-07-22,902.8098754882812,923.5831733907037,893.0146921415454,898.1252276062019,324224,INDIGO
2016-07-25,905.2230224609375,916.9582943675628,895.285916621063,901.910653847646,307986,INDIGO
2016-07-26,891.9736328125,906.4534054317904,888.945169668362,903.8035218418436,415932,INDIGO
2016-07-27,897.6519165039062,910.6174855221124,884.5917314853623,897.5573005035684,919423,INDIGO
2016-07-28,898.030517578125,901.81608189248,886.0113393274223,893.109272416838,363485,INDIGO
2016-07-29,934.8451538085938,940.1449788349911,899.3081781580272,900.9643626481893,1663688,INDIGO
2016-08-01,919.5609741210938,944.2144517610396,913.3147579403369,940.2869054254926,726829,INDIGO
2016-08-02,819.6220092773438,896.6109607350805,814.1329523918728,871.6262123253878,2626192,INDIGO
2016-08-03,816.593505859375,836.5150839522489,809.2116671182945,823.3129170666498,625649,INDIGO
2016-08-04,783.0912475585938,823.3601732131164,779.8261870432275,818.5809101970901,600633,INDIGO
2016-08-05,777.5076293945312,794.495361907539,774.1479524006753,785.4573380745583,690586,INDIGO
2016-08-08,783.138671875,794.4953656061178,772.3497897251855,780.7253860097637,634691,INDIGO
2016-08-09,769.3214111328125,783.1386992161462,767.5232447906883,783.1386992161462,627826,INDIGO
2016-08-10,757.6806640625,775.0942827759028,752.3808972000521,771.308718513261,594883,INDIGO
2016-08-11,750.9613647460938,764.6840361875788,747.7436117855967,759.9520805181012,997841,INDIGO
2016-08-12,757.8699951171875,761.8448493621377,748.595373721057,752.3809381899372,396834,INDIGO
2016-08-16,782.09765625,799.3692944456578,762.5546562274691,762.5546562274691,822545,INDIGO
2016-08-17,812.19287109375,816.7355369191215,795.2051389296545,798.5648158545058,873385,INDIGO
2016-08-18,833.1553955078125,836.5624381818282,809.1644038327597,816.073047423969,524320,INDIGO
2016-08-19,833.4866943359375,837.4615487041535,816.73555948904,834.3384117099707,307237,INDIGO
2016-08-22,853.5501098632812,855.5375079601508,834.6222888907115,834.6222888907115,500464,INDIGO
2016-08-23,847.0673217773438,858.1874169302705,843.2344494687476,858.1874169302705,232745,INDIGO
2016-08-24,831.7831420898438,850.1430943568747,813.9436356002919,850.1430943568747,693603,INDIGO
2016-08-25,834.054443359375,838.4078769649368,822.4138446823198,832.8241465137415,193479,INDIGO
2016-08-26,810.8677978515625,841.3415996268934,809.1643056029177,828.092125617021,288516,INDIGO
2016-08-29,822.508544921875,827.9502941637987,811.0572348397754,813.896408357301,147557,INDIGO
2016-08-30,833.7232666015625,839.1650155277574,823.3602723112263,823.3602723112263,215703,INDIGO
2016-08-31,835.2847290039062,846.9726932885078,827.145788968279,836.6096995972067,269825,INDIGO
2016-09-01,830.1268920898438,845.8842676452671,827.1457373226194,845.5057459016201,231230,INDIGO
2016-09-02,823.8334350585938,837.5561057172378,814.9373358022218,834.5276427089115,187496,INDIGO
2016-09-06,822.3192138671875,835.5213229232639,799.7004444629265,828.0921762190068,227442,INDIGO
2016-09-07,824.4486083984375,834.1017511565296,816.7354980290651,825.6315972426279,843777,INDIGO
2016-09-08,820.9942016601562,828.8965434930767,818.6282241337581,826.1993522182321,169155,INDIGO
2016-09-09,817.161376953125,828.0921822056138,813.6597184586017,822.8870313460357,161598,INDIGO
2016-09-12,833.0529174804688,844.65853323267,812.8754869422731,813.8386095571336,307483,INDIGO
2016-09-14,829.826416015625,843.6954050925253,828.2854433556756,837.7240331626283,111706,INDIGO
2016-09-15,837.4351806640625,849.3779255581732,830.2117604743207,830.2117604743207,383104,INDIGO
2016-09-16,834.9310302734375,846.5847905661294,829.2485832507821,845.525379188372,427429,INDIGO
2016-09-19,833.0047607421875,842.5396392171755,831.1748042873792,842.2507141938737,211338,INDIGO
2016-09-20,826.60009765625,837.9167899340956,823.4699487283353,835.9905444399942,337633,INDIGO
2016-09-21,850.9669799804688,857.179132642442,828.4299459209229,829.6338491971062,752921,INDIGO
2016-09-22,860.1166381835938,874.5634773853259,851.4003902887498,858.2385373305007,609052,INDIGO
2016-09-23,887.373046875,902.2051594797301,863.5357608359038,863.5357608359038,1278411,INDIGO
2016-09-26,904.3240966796875,914.9665910609482,888.0954434518409,889.6364750863407,739667,INDIGO
2016-09-27,890.5031127929688,909.8619118963254,883.3760409808655,908.9950780617211,414999,INDIGO
2016-09-28,886.9396362304688,894.7409058680042,881.2571893102518,890.8884154229321,231570,INDIGO
2016-09-29,870.3257446289062,893.5369753384609,857.1790978725198,885.398577764714,643986,INDIGO
2016-09-30,881.9314575195312,886.7470709615028,860.0685607361119,866.8104195548719,345526,INDIGO
2016-10-03,910.00634765625,941.7412484749273,882.6537016110588,892.8146330894597,331612,INDIGO
2016-10-04,915.7369995117188,940.9708245786805,912.077145215978,916.7001221571421,297524,INDIGO
2016-10-05,914.8701782226562,926.4757937573378,905.3833853734842,918.8189573558382,263697,INDIGO
2016-10-06,902.4940185546875,919.7339365698655,899.6046507611496,919.7339365698655,155920,INDIGO
2016-10-07,914.8701782226562,919.7820799526472,895.7040150324208,903.4089958068932,322078,INDIGO
2016-10-10,902.205078125,920.552551543773,898.6896571891607,920.552551543773,68172,INDIGO
2016-10-13,901.2420654296875,910.1509503938602,892.8147418149294,897.5340665529317,133492,INDIGO
2016-10-14,899.9417724609375,917.6631928630965,890.7439046902675,899.5564999108379,275397,INDIGO
2016-10-17,900.6641845703125,905.335305986399,893.9223259087117,899.6528587435985,64121,INDIGO
2016-10-18,903.6016845703125,909.5730567742532,895.7040670608645,896.7153340893875,94996,INDIGO
2016-10-19,913.1847534179688,921.7083652569219,905.3352803986485,905.3352803986485,234827,INDIGO
2016-10-20,903.3609008789062,919.4932052584511,898.930501420486,919.4932052584511,297214,INDIGO
2016-10-21,901.6754760742188,910.1509440075793,895.7041036265066,905.1426942519386,90044,INDIGO
2016-10-24,897.5821533203125,906.0094763941686,890.8884392362102,903.7943060859088,49344,INDIGO
2016-10-25,891.3699951171875,905.3352732686724,888.9621885393452,897.6302922195772,72409,INDIGO
2016-10-26,897.2450561523438,911.9808800356477,890.4550530834869,890.8884700419974,255141,INDIGO
2016-10-27,903.1682739257812,905.3352999096074,886.0728467200413,893.7778279958677,149043,INDIGO
2016-10-28,896.3782958984375,907.0689342026558,890.8884848296456,907.0689342026558,86552,INDIGO
2016-11-01,905.5278930664062,921.6120524704442,901.6754026119943,910.1508698548328,187299,INDIGO
2016-11-02,900.6641845703125,906.2021398994847,892.7184225762829,899.5565699907412,57202,INDIGO
2016-11-03,898.5933837890625,906.2020758257706,892.7183594559455,902.4458741804411,80091,INDIGO
2016-11-04,885.8320922851562,900.4715688995781,874.6598926181297,899.1231736226448,574491,INDIGO
2016-11-07,891.1292114257812,900.3751651394838,889.15482179554,891.2737033336961,68152,INDIGO
2016-11-08,892.8628540039062,910.1509175815028,887.0359736429249,897.5340341954326,143738,INDIGO
2016-11-09,913.6181030273438,930.3283159233829,776.8065452341797,833.1010746974847,1030494,INDIGO
2016-11-10,902.1088256835938,914.966489148951,900.5196498465992,914.966489148951,188719,INDIGO
2016-11-11,881.498046875,905.1426972877912,871.6741836260526,905.1426972877912,487903,INDIGO
2016-11-15,851.0151977539062,886.0728876937898,837.9167524930403,874.5154152456099,277705,INDIGO
2016-11-16,802.6663818359375,859.9239722001824,794.6242730208303,855.2528512000432,212094,INDIGO
2016-11-17,828.4780883789062,836.953555666765,803.1961196375338,807.0967544864777,673829,INDIGO
2016-11-18,817.5948486328125,834.8347089560717,808.0599107962122,834.8347089560717,324405,INDIGO
2016-11-21,819.3284301757812,827.2741918449432,809.986128941232,817.2095486404701,174629,INDIGO
2016-11-22,827.033447265625,833.101108320804,813.8386549492246,819.5211022075775,244793,INDIGO
2016-11-23,837.4351806640625,839.8429873939765,819.1358495167167,837.9167420100453,119334,INDIGO
2016-11-24,835.3162231445312,838.1093022113788,820.7249509566354,820.7249509566354,173590,INDIGO
2016-11-25,838.0612182617188,843.6954623906589,819.95446496376,837.9167263468872,271148,INDIGO
2016-11-28,855.3491821289062,893.6815097380439,829.3930743404013,829.3930743404013,348572,INDIGO
2016-11-29,842.2988891601562,857.1791456362149,833.6307854402395,855.7344616828954,157449,INDIGO
2016-11-30,828.0928344726562,853.0858787483149,823.4698575555284,845.3327532498358,174464,INDIGO
2016-12-01,807.62646484375,828.2373125173491,804.207391284379,823.4698437702324,230524,INDIGO
2016-12-02,812.1531372070312,818.6542147951101,799.3917626822839,806.1336209217731,165801,INDIGO
2016-12-05,818.3171997070312,822.5067598058887,810.9492877711455,812.8755331102693,198630,INDIGO
2016-12-06,817.931884765625,823.3253479221129,813.9349023802055,820.6767607179852,144450,INDIGO
2016-12-07,817.9800415039062,823.8551248433798,814.4646791595313,823.8551248433798,176568,INDIGO
2016-12-08,819.7617797851562,822.6992917980452,814.8979638930101,820.1951379040456,84086,INDIGO
2016-12-09,816.3427734375,828.2855183790283,813.8386779421847,828.2855183790283,86005,INDIGO
2016-12-12,797.4654541015625,815.6202902615179,794.576086514238,811.045458248254,65535,INDIGO
2016-12-13,786.14892578125,801.3181087289433,781.0925314653523,798.1398154872483,105529,INDIGO
2016-12-14,787.6416625976562,794.5761571808296,784.9449310331831,784.9449310331831,160724,INDIGO
2016-12-15,798.9584350585938,803.2443428896341,786.0044228078812,787.8343794768833,54479,INDIGO
2016-12-16,799.6806640625,806.1817414583578,796.5023713147258,804.3518438323482,87150,INDIGO
2016-12-19,802.0884399414062,805.1222994576012,789.7604831803362,799.7287779604029,43458,INDIGO
2016-12-20,802.4256591796875,807.0967805173941,795.7800893824544,795.7800893824544,76823,INDIGO
2016-12-21,801.6550903320312,807.0004679077628,796.2134827922445,806.0854896606521,106542,INDIGO
2016-12-22,797.7063598632812,803.2443152743454,795.5874782100054,799.3918245536051,43927,INDIGO
2016-12-23,794.624267578125,800.065933632606,792.2164611441665,798.1396884854391,75682,INDIGO
2016-12-26,798.0433959960938,809.0230176059104,789.7605648057696,795.009594950676,322816,INDIGO
2016-12-27,799.6325073242188,804.2073394949987,794.5761138723041,803.9184144831851,36244,INDIGO
2016-12-28,799.1991577148438,806.4225775401484,794.576180783517,804.0147709317135,157992,INDIGO
2016-12-29,785.474609375,802.2329658023448,781.7184665787588,801.4624794942187,78862,INDIGO
2016-12-30,791.1571044921875,795.443011997637,785.6191493114362,789.5679286222356,70720,INDIGO
2017-01-02,792.02392578125,798.0434426330694,782.0556293883748,786.5823178178118,81275,INDIGO
2017-01-03,789.6160888671875,799.2473154620637,784.3671174004536,791.6868260988227,72776,INDIGO
2017-01-04,812.297607421875,823.4698058352618,789.8568042821695,792.6498832776848,202966,INDIGO
2017-01-05,810.8047485351562,817.4021737072088,805.2186491345927,812.875485667595,92775,INDIGO
2017-01-06,809.7935180664062,818.557969513738,805.1705410707154,811.238202051581,79099,INDIGO
2017-01-09,821.2547607421875,823.4699312565348,805.8447971163342,806.1337221774498,94413,INDIGO
2017-01-10,828.2855224609375,833.1011359636174,820.1952682626975,826.3592770598656,111428,INDIGO
2017-01-11,837.0017700195312,842.732361836891,824.5293193074764,824.5293193074764,595097,INDIGO
2017-01-12,845.4290161132812,850.7261904733699,836.9535488940072,837.8203827575755,188516,INDIGO
2017-01-13,848.318359375,851.40036339756,838.1092835086284,846.4884617378475,122798,INDIGO
2017-01-16,843.5028076171875,855.9271133528074,842.6841768759939,847.5479345160643,81248,INDIGO
2017-01-17,845.8624267578125,851.4003817294691,840.8060330880392,851.4003817294691,56039,INDIGO
2017-01-18,847.2108764648438,856.2160498761257,841.2876485565757,847.5479458841289,65358,INDIGO
2017-01-19,870.807373046875,884.4355233604031,847.4997930118427,847.5479373877805,394108,INDIGO
2017-01-20,891.5626220703125,894.7409149629362,871.9630414611772,874.996901231246,312005,INDIGO
2017-01-23,900.0380859375,909.1877508025682,886.5543692942415,889.8290097070544,186383,INDIGO
2017-01-24,895.7040405273438,908.4172709239547,886.0728142851142,908.4172709239547,93661,INDIGO
2017-01-25,894.7409057617188,897.6302735951796,881.257189205568,892.5257355129332,106477,INDIGO
2017-01-27,893.7778930664062,900.5197521735881,890.6958885748252,895.704138525601,85563,INDIGO
2017-01-30,900.6641845703125,905.335305986399,885.3505106680823,894.4520316181118,87546,INDIGO
2017-01-31,869.6996459960938,899.8453694769652,863.920910806751,895.7039543481363,130495,INDIGO
2017-02-01,805.7002563476562,837.6759406896306,789.7605879453832,818.6542679921655,1099739,INDIGO
2017-02-02,824.095947265625,830.2117527892564,799.9696770277433,806.1336857130018,400730,INDIGO
2017-02-03,826.9370727539062,831.0785471211772,823.4698547738578,831.0785471211772,103117,INDIGO
2017-02-06,829.2005004882812,840.2282671623634,801.3180865608167,808.7341431091739,395028,INDIGO
2017-02-07,816.920654296875,831.560130527462,814.1757194374475,831.560130527462,306822,INDIGO
2017-02-08,818.6060791015625,823.4698365547548,814.3683160780713,816.9206145238188,186415,INDIGO
2017-02-09,815.235107421875,823.4216492296044,810.0823664252318,821.5435484697875,220283,INDIGO
2017-02-10,806.037353515625,818.6542364698358,804.207397002721,816.2464298919833,70235,INDIGO
2017-02-13,799.8733520507812,809.0230171254138,796.5024228127587,809.0230171254138,367676,INDIGO
2017-02-14,788.4603881835938,804.2074201421005,784.9449669650443,801.3661965416163,156391,INDIGO
2017-02-15,789.519775390625,794.1908966291238,787.8824551639015,788.4603640121016,295066,INDIGO
2017-02-16,793.227783203125,794.5761784135632,789.279003890806,789.7605652110567,183828,INDIGO
2017-02-17,798.7175903320312,813.8386274751235,793.131490799721,793.131490799721,111320,INDIGO
2017-02-20,798.8621215820312,808.7341290878579,795.5393365671039,805.1705634020567,137110,INDIGO
2017-02-21,810.515869140625,823.0846081956064,801.1254231317715,801.1254231317715,360189,INDIGO
2017-02-22,813.6941528320312,826.0703142386878,809.023031461733,816.3909432977105,572320,INDIGO
2017-02-23,808.6377563476562,818.5579667059685,805.6520996356065,815.8611762487526,85013,INDIGO
2017-02-27,833.678955078125,838.3982796490478,809.0230383747273,813.5497266558353,465260,INDIGO
2017-02-28,825.2998046875,844.6585460256633,819.7136464092309,837.9166876195293,315831,INDIGO
2017-03-01,838.7353515625,856.2160514931098,823.4698807948357,828.4299860466937,670113,INDIGO
2017-03-02,832.3787841796875,845.3327961068968,828.1892239952108,842.7323530890675,203624,INDIGO
2017-03-03,827.4185791015625,836.3274629034383,820.6767210893322,832.1379032238584,113486,INDIGO
2017-03-06,828.3336181640625,835.9904549402568,823.4698605690318,835.9904549402568,69625,INDIGO
2017-03-07,828.3817138671875,851.1114421992826,823.4698121854304,831.2229372567416,588846,INDIGO
2017-03-08,847.3552856445312,864.5952043884165,823.7106366248544,833.1010823507735,2255569,INDIGO
2017-03-09,842.8767700195312,854.2897493579853,839.1687127252209,847.3552548554834,417100,INDIGO
2017-03-10,838.9761352539062,848.9444901700693,836.9536011583997,847.2590254956997,567388,INDIGO
2017-03-14,843.8399658203125,863.6321252834405,841.143175268945,852.3635780874495,981664,INDIGO
2017-03-15,848.9444580078125,854.7713381901561,839.8429373541591,839.8429373541591,480120,INDIGO
2017-03-16,858.527587890625,863.9210514315325,848.9926497624258,848.9926497624258,335288,INDIGO
2017-03-17,886.795166015625,890.8884372136336,859.1053902643904,859.1053902643904,1064600,INDIGO
2017-03-20,886.024658203125,896.378226276713,883.6168516743836,896.378226276713,438818,INDIGO
2017-03-21,900.5678100585938,905.335278869081,875.4784771191432,895.415127463873,271465,INDIGO
2017-03-22,900.2788696289062,901.3864841563604,881.3053422457324,888.9621788365664,322521,INDIGO
2017-03-23,943.3786010742188,953.4913885283069,900.5196447211787,910.1508708679293,1653124,INDIGO
2017-03-24,983.2037353515625,1006.4631709009527,927.0055521456144,939.1890772018362,1654653,INDIGO
2017-03-27,1013.8310546875,1023.7993503421947,977.665753092437,982.3850774685217,1174991,INDIGO
2017-03-28,998.2766723632812,1023.1733704902487,973.3799742363138,1015.998153447192,929712,INDIGO
2017-03-29,986.43017578125,1004.4887255544032,965.04889987731,1001.5993575906988,449688,INDIGO
2017-03-30,1005.6444702148438,1012.2418364055599,976.6063007756782,987.5859217537551,1024825,INDIGO
2017-03-31,1012.627197265625,1053.6561994336746,1002.177339825198,1013.20504735304,1946878,INDIGO
2017-04-03,1004.5369873046875,1035.212422128106,1000.2511382693583,1020.9100733873142,539637,INDIGO
2017-04-05,1005.7409057617188,1013.2051068818081,989.1270387524876,1008.389493255944,372475,INDIGO
2017-04-06,1011.4713745117188,1017.9243669004943,997.5060958863918,999.7213250406417,451785,INDIGO
2017-04-07,1000.4917602539062,1005.8852230648428,984.889104273477,1001.6474602960099,607270,INDIGO
2017-04-10,1045.662109375,1057.9901250880646,992.0162301690546,999.6249218559301,671762,INDIGO
2017-04-11,1052.4522705078125,1067.7177409199958,1046.0956845634373,1059.9164710078678,476595,INDIGO
2017-04-12,1058.3272705078125,1086.402318475048,1021.3915414386423,1054.6192719239164,953902,INDIGO
2017-04-13,1051.3447265625,1075.8080669065207,1048.2145777554756,1054.6193672897405,391381,INDIGO
2017-04-17,1051.6337890625,1059.9166214730383,1048.262859325875,1052.5969118443927,311165,INDIGO
2017-04-18,1037.0904541015625,1070.0291997207619,1032.1303492389868,1050.9112397831404,594724,INDIGO
2017-04-19,1046.0474853515625,1054.5710972797353,1029.3855340684745,1029.3855340684745,243445,INDIGO
2017-04-20,1114.8626708984375,1121.0747649654895,1044.9398724306952,1044.988075590684,1285491,INDIGO
2017-04-21,1070.8961181640625,1125.6014151704173,1063.5282062394297,1123.9641536621368,792156,INDIGO
2017-04-24,1079.6123046875,1098.1043304032748,1053.6561958840105,1073.8817718561897,387193,INDIGO
2017-04-25,1069.306884765625,1086.787583765509,1062.3242457973288,1083.7055208520883,267418,INDIGO
2017-04-26,1074.4595947265625,1087.3654616289866,1062.420561714727,1069.0661314509966,400687,INDIGO
2017-04-27,1078.2640380859375,1092.1329105543614,1066.321293399296,1079.46794142998,411378,INDIGO
2017-04-28,1065.0692138671875,1083.5130370787547,1057.7013017013142,1080.1421076300653,315104,INDIGO
2017-05-02,1083.4647216796875,1088.3285378364271,1060.8313405830893,1068.0547600820037,670639,INDIGO
2017-05-03,1074.8931884765625,1102.7755449659082,1069.836794056413,1090.9290881540803,511365,INDIGO
2017-05-04,1065.6951904296875,1082.9831946161448,1062.3242612236288,1077.3489507426114,213712,INDIGO
2017-05-05,1074.12255859375,1109.5173167451244,1068.6328063977458,1073.8817779260535,872109,INDIGO
2017-05-08,1077.589599609375,1095.0702967251857,1074.266873968678,1075.470777109317,295664,INDIGO
2017-05-09,1098.2005615234375,1105.568473040378,1076.0005382248717,1088.0877740680583,974100,INDIGO
2017-05-10,1082.45361328125,1096.996742366044,1061.4574916413258,1088.3286381682437,1199062,INDIGO
2017-05-11,1052.307861328125,1088.328674603062,1035.3569249542404,1079.5642813567226,709630,INDIGO
2017-05-12,1052.5006103515625,1063.6728109726687,1036.223812020677,1052.307915256295,279751,INDIGO
2017-05-15,1070.41455078125,1078.601093413762,1044.458324481663,1053.6561929374298,490280,INDIGO
2017-05-16,1074.555908203125,1083.4167072449375,1067.3324882298082,1075.8080146926404,278820,INDIGO
2017-05-17,1071.66650390625,1088.5693530986246,1058.2791933975395,1074.5077862073706,181077,INDIGO
2017-05-18,1057.7012939453125,1066.3693981783804,1049.8037348937705,1061.3612072045275,275561,INDIGO
2017-05-19,1025.1959228515625,1063.5764569456708,1018.1169944383797,1062.1798584732953,350926,INDIGO
2017-05-22,1003.2367553710938,1035.3086698256582,985.418985928996,1025.1958817639272,701066,INDIGO
2017-05-23,1006.703857421875,1018.9836700811708,966.9750517594475,1013.6864959928471,454052,INDIGO
2017-05-24,1018.7430419921875,1037.1868653207687,1003.2848755376499,1008.4857616623618,567161,INDIGO
2017-05-25,1032.5638427734375,1037.2831676068354,1011.3751429708838,1019.9469586774733,330265,INDIGO
2017-05-26,1051.5853271484375,1067.1397797625004,1042.1467967495018,1050.7666964989965,235299,INDIGO
2017-05-29,1037.427490234375,1055.1489688728923,1028.6148952863057,1042.0986111421187,184122,INDIGO
2017-05-30,1021.0545043945312,1040.7985187868874,1010.0266794732005,1035.3568522820867,270961,INDIGO
2017-05-31,1066.08056640625,1079.6123701333877,1011.7604212743549,1014.1682280836703,799462,INDIGO
2017-06-01,1088.5693359375,1092.8070989585349,1059.4348768248176,1078.5047516351356,362638,INDIGO
2017-06-02,1075.230224609375,1102.0049655966973,1070.559102946372,1093.3850643083317,348414,INDIGO
2017-06-05,1093.0478515625,1098.9228758513004,1068.8734980526876,1076.0005111680362,324527,INDIGO
2017-06-06,1072.099853515625,1115.2958748975345,1062.9982751870486,1096.033424553881,632030,INDIGO
2017-06-07,1087.991455078125,1095.0703825863864,1064.250459769531,1064.250459769531,290880,INDIGO
2017-06-08,1102.0048828125,1110.143339699757,1093.144201510548,1101.4270327395348,446579,INDIGO
2017-06-09,1108.650390625,1115.295960014469,1094.540621157714,1103.7384889262362,323501,INDIGO
2017-06-12,1098.5377197265625,1124.9273050189993,1086.4023973128692,1102.3902104971755,358639,INDIGO
2017-06-13,1103.4495849609375,1114.3329180506169,1095.1667535954737,1105.6648141072671,314684,INDIGO
2017-06-14,1112.1658935546875,1114.0921388780123,1099.8860796184915,1109.5173062351157,270155,INDIGO
2017-06-15,1142.407958984375,1161.8629895579697,1112.5511567253102,1117.2704812412862,1265544,INDIGO
2017-06-16,1167.352783203125,1177.706351054194,1144.189637866984,1154.7839863657523,876006,INDIGO
2017-06-19,1157.2882080078125,1172.4093048763295,1151.0279104837696,1165.0894783317285,207358,INDIGO
2017-06-20,1186.856201171875,1194.1759104922653,1162.4891487886778,1167.160270570403,581756,INDIGO
2017-06-21,1204.5294189453125,1212.0899085680542,1184.6409118305178,1195.2352614485144,626717,INDIGO
2017-06-22,1202.3623046875,1220.2281587824452,1198.1727447959925,1214.4976262096416,423038,INDIGO
2017-06-23,1195.9576416015625,1206.7927722381783,1162.1038543654204,1203.6626233876004,334494,INDIGO
2017-06-27,1173.32421875,1199.2803282546918,1164.3671306928716,1199.087750743895,208117,INDIGO
2017-06-28,1218.25390625,1227.7406411716743,1163.0188438479142,1173.08342886613,537883,INDIGO
2017-06-29,1191.3826904296875,1227.0182276535343,1171.5904734035655,1227.0182276535343,1507923,INDIGO
2017-06-30,1123.53076171875,1194.2720725362685,1117.270464564326,1194.2720725362685,2132055,INDIGO
2017-07-03,1148.2347412109375,1159.5996351610843,1115.247791456563,1117.2222398561942,1000385,INDIGO
2017-07-04,1150.449951171875,1171.0125952659416,1142.8412590819505,1159.5996159153935,478197,INDIGO
2017-07-05,1171.54248046875,1177.899066800378,1137.4479132389588,1150.9316310927652,348603,INDIGO
2017-07-06,1186.807861328125,1197.0651408557744,1154.8322370258397,1178.8620996272064,514288,INDIGO
2017-07-07,1201.5919189453125,1208.7190508064361,1176.261861170825,1190.4197185631515,741739,INDIGO
2017-07-10,1193.5015869140625,1210.5970146113368,1187.385781364268,1210.5970146113368,69386,INDIGO
2017-07-11,1178.6695556640625,1207.4668290778473,1173.0833972212497,1196.7281054981333,392057,INDIGO
2017-07-12,1216.2313232421875,1222.1063478634762,1182.762811325446,1184.640853455891,853619,INDIGO
2017-07-13,1228.8963623046875,1234.3380290746084,1201.0140071611013,1216.4239703644514,790712,INDIGO
2017-07-14,1232.9415283203125,1239.1536226090916,1218.8799606375683,1232.7970364038715,330464,INDIGO
2017-07-17,1236.1678466796875,1245.9916500894067,1224.6585787341758,1236.649407975628,323282,INDIGO
2017-07-18,1231.3040771484375,1238.383122521535,1224.9956944741486,1227.981351108205,412544,INDIGO
2017-07-19,1210.3082275390625,1239.5389794935672,1201.399342099812,1239.5389794935672,345965,INDIGO
2017-07-20,1197.9801025390625,1214.5458829071079,1185.603999815891,1213.5345570820655,513051,INDIGO
2017-07-21,1197.49853515625,1204.3848856853006,1180.6438886152723,1184.6408711658696,328881,INDIGO
2017-07-24,1187.8673095703125,1202.6512188922186,1181.8959961039109,1197.1614667559681,289106,INDIGO
2017-07-25,1200.4842529296875,1211.5601640769517,1181.7515632776604,1181.7515632776604,578930,INDIGO
2017-07-26,1189.119384765625,1201.977048428589,1185.7002523840488,1201.01392579363,418016,INDIGO
2017-07-27,1197.64306640625,1202.9402412074035,1174.5281218193984,1188.4934008406212,934333,INDIGO
2017-07-28,1238.6719970703125,1255.574846338085,1197.5947931834253,1197.5947931834253,1138895,INDIGO
2017-07-31,1243.1505126953125,1268.6250587809855,1235.3010398858444,1250.3739322926124,983921,INDIGO
2017-08-01,1242.6690673828125,1281.7237400118174,1219.9874807026608,1271.3219677933057,2405404,INDIGO
2017-08-02,1234.1453857421875,1256.8750567411648,1228.1258691869136,1242.3319282573598,385323,INDIGO
2017-08-03,1225.188232421875,1243.3430698659151,1200.821301253175,1235.6862922454116,328706,INDIGO
2017-08-04,1228.9444580078125,1238.5274810094772,1202.2660085722619,1213.5344961519152,325869,INDIGO
2017-08-07,1240.1650390625,1250.614897441126,1215.7979863320872,1235.6864947377471,332341,INDIGO
2017-08-08,1247.7254638671875,1267.9028375020177,1231.8339392405503,1242.4282889916417,657078,INDIGO
2017-08-09,1255.285888671875,1275.5596675837287,1237.6608146295146,1245.3175927080185,707728,INDIGO
2017-08-10,1226.729248046875,1261.257288422315,1211.4637778596389,1254.7562106632258,723349,INDIGO
2017-08-11,1196.535400390625,1218.8317132458403,1170.7718695100828,1202.940189525132,573129,INDIGO
2017-08-14,1237.5643310546875,1241.368735845027,1199.1358335804032,1203.9032433967839,228533,INDIGO
2017-08-16,1264.7725830078125,1297.037190916876,1237.612572034222,1237.612572034222,1162299,INDIGO
2017-08-17,1264.002197265625,1296.0741111696586,1252.1076559775972,1272.1887398417384,407645,INDIGO
2017-08-18,1255.202392578125,1276.9546199406448,1233.4501652156052,1266.5728750630785,1069343,INDIGO
2017-08-21,1256.4879150390625,1269.4897192128208,1245.7600144581304,1255.1530225901954,470732,INDIGO
2017-08-22,1214.86181640625,1271.8625620388473,1212.2417583753559,1262.3707054088666,474156,INDIGO
2017-08-23,1202.7498779296875,1228.0121734146112,1195.3838306427253,1220.497791339583,514825,INDIGO
2017-08-24,1173.2359619140625,1201.7116518561193,1170.4675691696004,1196.3724449050458,691728,INDIGO
2017-08-28,1172.5933837890625,1186.3368614512779,1154.4500718023303,1168.1935494645456,740868,INDIGO
2017-08-29,1158.8499755859375,1184.5076685420115,1148.468230577848,1174.6202923438311,413571,INDIGO
2017-08-30,1182.3817138671875,1186.3861490157503,1161.7665611551506,1161.7665611551506,307426,INDIGO
2017-08-31,1214.4664306640625,1219.9044874116994,1189.4018361890041,1197.0645525152195,817103,INDIGO
2017-09-01,1241.0634765625,1244.9195776191293,1210.116059872485,1216.147335527461,419123,INDIGO
2017-09-04,1251.09912109375,1258.5641383896234,1227.2705686334039,1238.8882356476574,594741,INDIGO
2017-09-05,1242.151123046875,1259.651730681594,1233.450183693319,1246.7981415930062,230573,INDIGO
2017-09-06,1209.0284423828125,1243.8319592603825,1202.2061284830606,1242.8432216139117,320098,INDIGO
2017-09-07,1212.439453125,1230.9782826834862,1208.3361680436208,1212.3406035064559,277726,INDIGO
2017-09-08,1208.2373046875,1229.0007935569251,1201.3161417310248,1226.0345808612929,237553,INDIGO
2017-09-11,1202.25537109375,1220.4976512395037,1198.6465756063108,1209.2260190730667,237978,INDIGO
2017-09-12,1189.5008544921875,1213.0822228373572,1182.53020591989,1212.192334830924,264200,INDIGO
2017-09-13,1185.0020751953125,1207.1003375648581,1177.6360279706353,1189.451394626584,537309,INDIGO
2017-09-14,1170.418212890625,1188.067156101129,1164.7329713074182,1186.4851999736009,496108,INDIGO
2017-09-15,1163.1014404296875,1185.0020021980647,1152.7691808873062,1161.8655184415793,849538,INDIGO
2017-09-18,1152.76904296875,1186.484966631428,1148.9129426880995,1186.484966631428,755166,INDIGO
2017-09-19,1135.86181640625,1157.762257945278,1122.2171890889038,1154.6478310253594,637924,INDIGO
2017-09-20,1119.1026611328125,1146.8861643658363,1115.642079431658,1146.8861643658363,1131500,INDIGO
2017-09-21,1123.1563720703125,1141.3986522920327,1116.9273979202508,1116.9767623804685,414441,INDIGO
2017-09-22,1101.1077880859375,1123.2060520303526,1093.5439203746216,1118.262363421064,869257,INDIGO
2017-09-25,1033.823974609375,1100.4649106800434,1010.4897921967695,1099.4761731142933,2823911,INDIGO
2017-09-26,1031.302734375,1041.7338429541253,1013.9998275088919,1032.241986755246,1303329,INDIGO
2017-09-27,1045.095703125,1052.708934803334,1031.2533759312914,1031.302861092332,962630,INDIGO
2017-09-28,1066.6007080078125,1081.678956718931,1031.7971920478938,1048.9022804635288,2143288,INDIGO
2017-09-29,1084.4473876953125,1092.554987286569,1055.872848504102,1074.757711475566,941138,INDIGO
2017-10-03,1076.53759765625,1097.2021179091716,1064.277226702041,1082.2722035879433,505704,INDIGO
2017-10-04,1083.063232421875,1094.5325648795229,1073.1758560453663,1078.7127626771087,510782,INDIGO
2017-10-05,1087.660888671875,1103.8760894041845,1077.8228767409844,1083.6564529534678,277812,INDIGO
2017-10-06,1094.8292236328125,1102.3929699297069,1085.9799494459548,1095.2246221275566,249384,INDIGO
2017-10-09,1088.9461669921875,1107.2872983461496,1086.177774039569,1094.8292283205865,389965,INDIGO
2017-10-10,1104.2222900390625,1116.1859918359423,1087.611448725771,1092.5551371290699,709557,INDIGO
2017-10-11,1096.5595703125,1129.138428531773,1086.9193779498162,1117.2240912309671,826884,INDIGO
2017-10-12,1121.525146484375,1126.0733154615102,1095.4224488086043,1106.100742838116,206930,INDIGO
2017-10-13,1115.3455810546875,1133.0933740187465,1108.5232669673037,1117.2735712401252,275519,INDIGO
2017-10-16,1108.8197021484375,1123.9969204392464,1103.431130657746,1123.9969204392464,275211,INDIGO
2017-10-17,1097.053955078125,1115.6916364441165,1093.494402828429,1115.6916364441165,351418,INDIGO
2017-10-18,1136.2078857421875,1149.8523927880678,1084.5957083989074,1092.5550946973058,797328,INDIGO
2017-10-19,1145.798583984375,1160.5307988824538,1127.16090370692,1143.9694434990408,171975,INDIGO
2017-10-23,1146.5401611328125,1159.443235814777,1135.1696780950176,1144.9582050231788,368070,INDIGO
2017-10-24,1154.5489501953125,1163.7442589734803,1138.037079081118,1147.627786378138,566127,INDIGO
2017-10-25,1160.629638671875,1165.7216615872064,1140.1133329229908,1151.8793348168747,567426,INDIGO
2017-10-26,1155.53759765625,1169.676593771249,1141.6459066395014,1153.11523878759,389733,INDIGO
2017-10-27,1188.907470703125,1200.7723218219041,1155.8342464877312,1155.8342464877312,709772,INDIGO
2017-10-30,1211.351806640625,1217.9762998004207,1185.3479613744728,1186.4850336708405,948373,INDIGO
2017-10-31,1233.796142578125,1237.8994275994442,1197.3611875582483,1223.7604321849235,1489847,INDIGO
2017-11-01,1230.7806396484375,1284.0735008963795,1211.5991056502555,1279.426482353054,2997791,INDIGO
2017-11-02,1233.89501953125,1248.9732676854983,1220.5965473061972,1220.5965473061972,476214,INDIGO
2017-11-03,1239.580322265625,1252.4833966550182,1226.0346649711644,1233.8950808756376,662797,INDIGO
2017-11-06,1228.2098388671875,1246.748669477376,1225.9358147296448,1235.229972614655,500516,INDIGO
2017-11-07,1194.5926513671875,1229.9895036905004,1187.473789334639,1229.9895036905004,412737,INDIGO
2017-11-08,1166.611572265625,1201.2173898640895,1140.80554385273,1183.2717774560688,817695,INDIGO
2017-11-09,1185.8424072265625,1197.3612243163539,1154.8949930038157,1167.5507617683854,502628,INDIGO
2017-11-10,1168.53955078125,1206.6554349211797,1153.1647529612078,1189.4513759184194,505461,INDIGO
2017-11-13,1161.2723388671875,1175.8562188146468,1151.8793314434001,1175.8562188146468,322931,INDIGO
2017-11-14,1154.449951171875,1170.269752135369,1141.8435472790907,1161.7666332565916,185598,INDIGO
2017-11-15,1152.5220947265625,1194.395111113671,1131.1158999288407,1164.7329808707818,703139,INDIGO
2017-11-16,1153.263671875,1164.6835198377892,1142.090887640503,1164.6835198377892,186854,INDIGO
2017-11-17,1152.12646484375,1169.7260420421142,1145.155816628068,1164.337349814986,424814,INDIGO
2017-11-20,1158.5037841796875,1164.9305785050065,1149.9018154378477,1164.9305785050065,202874,INDIGO
2017-11-21,1153.1153564453125,1171.4070041145415,1139.965096599496,1161.5691121598404,174324,INDIGO
2017-11-22,1151.829833984375,1164.7329081122089,1146.1445927096338,1160.777957660215,123733,INDIGO
2017-11-23,1155.8836669921875,1164.7328196784374,1142.9805938440354,1142.9805938440354,251284,INDIGO
2017-11-24,1167.1552734375,1175.559543194443,1151.6816262649481,1161.7667016950759,237567,INDIGO
2017-11-27,1155.48828125,1167.1553131273122,1150.841141867885,1166.809279088185,138310,INDIGO
2017-11-28,1149.7041015625,1162.7553892864933,1144.9581129198634,1156.82296383095,174159,INDIGO
2017-11-29,1140.5089111328125,1156.823082813516,1137.0483292611482,1156.5264132320235,177904,INDIGO
2017-11-30,1108.918701171875,1146.836763911176,1102.9367904265446,1146.836763911176,529280,INDIGO
2017-12-01,1117.916259765625,1141.2504444097758,1109.462504491791,1109.462504491791,399790,INDIGO
2017-12-04,1131.807861328125,1135.3674131781286,1111.341041668133,1130.1270557176833,352976,INDIGO
2017-12-05,1141.7447509765625,1148.9130986228756,1121.2284456440111,1128.1496088887272,259488,INDIGO
2017-12-06,1124.244140625,1152.4725267948293,1118.3117150024848,1146.9356203529169,264550,INDIGO
2017-12-07,1112.2310791015625,1141.9920601668052,1107.3862401617505,1132.1046830225039,502617,INDIGO
2017-12-08,1169.4788818359375,1183.5189074810687,1114.0106059063583,1114.3072754646319,756223,INDIGO
2017-12-11,1180.0087890625,1185.4963307817675,1160.0363386903325,1174.570732499281,359375,INDIGO
2017-12-12,1166.9576416015625,1179.3168625462943,1145.9964511575045,1179.3168625462943,689037,INDIGO
2017-12-13,1122.7611083984375,1144.4143667948078,1121.228516733162,1140.0640176072827,610572,INDIGO
2017-12-14,1125.529541015625,1132.549554573713,1116.2848676239198,1127.1609823660485,634795,INDIGO
2017-12-15,1121.3768310546875,1136.059561033379,1112.428707034661,1124.19470922102,580267,INDIGO
2017-12-18,1128.6439208984375,1136.5538213515147,1101.7008224801436,1117.2734389971392,565624,INDIGO
2017-12-19,1144.6614990234375,1151.3849631448234,1127.6552601688888,1128.1496289808874,571086,INDIGO
2017-12-20,1153.1646728515625,1159.6903166556874,1140.162749704368,1146.836728282667,709113,INDIGO
2017-12-21,1126.172119140625,1160.9756341580762,1122.8598723410776,1156.9218341633089,459535,INDIGO
2017-12-22,1166.5126953125,1172.5933351345125,1131.1158401485288,1131.3630245541558,859035,INDIGO
2017-12-26,1188.4130859375,1200.0307525018616,1164.7328691760033,1167.6990819158402,1465640,INDIGO
2017-12-27,1206.21044921875,1215.0597236136787,1172.8900386538494,1188.4626566591587,1223387,INDIGO
2017-12-28,1193.7030029296875,1209.769989604985,1180.6515936438304,1205.2711850576966,510136,INDIGO
2017-12-29,1191.923095703125,1208.2372649931306,1188.7591838765966,1191.4287269367612,356824,INDIGO
2018-01-01,1189.4512939453125,1205.6666141947235,1183.3211693037626,1192.3680214918313,287162,INDIGO
2018-01-02,1187.869384765625,1195.8781352403694,1164.7329006309676,1195.3837664370456,564507,INDIGO
2018-01-03,1194.79052734375,1199.4870308940829,1182.5796422519863,1182.5796422519863,402883,INDIGO
2018-01-04,1199.9814453125,1206.1115703225378,1191.8243598886295,1196.3230436747908,330334,INDIGO
2018-01-05,1185.100830078125,1199.9318936633565,1179.7616230483409,1190.4400371079091,267769,INDIGO
2018-01-08,1211.4012451171875,1214.6641274373462,1176.6472154388161,1185.4468834198083,547692,INDIGO
2018-01-09,1213.2799072265625,1226.034646641206,1202.2060941802654,1211.2035823673205,311141,INDIGO
2018-01-10,1225.1943359375,1241.8545419188845,1214.466556111779,1226.5785928462587,1272608,INDIGO
2018-01-11,1221.733642578125,1235.5264838537796,1215.1585133828833,1223.0684142023,256722,INDIGO
2018-01-12,1220.1021728515625,1228.7041415132376,1205.2711091621188,1217.1359601136737,261753,INDIGO
2018-01-15,1210.0172119140625,1233.9446153109561,1202.3544949519953,1226.0347139307578,230413,INDIGO
2018-01-16,1168.5889892578125,1216.0977583448266,1162.063345261045,1210.5114874818903,561337,INDIGO
2018-01-17,1187.0782470703125,1195.1859671836946,1165.2271719309447,1166.7102782168135,316498,INDIGO
2018-01-18,1177.8831787109375,1192.2198742462976,1163.3486632336453,1191.1816514638087,204291,INDIGO
2018-01-19,1196.9656982421875,1201.3161677624862,1168.687827403505,1177.487616063665,209948,INDIGO
2018-01-22,1184.656005859375,1196.9657409742497,1174.7686296400345,1196.9657409742497,281928,INDIGO
2018-01-23,1178.674072265625,1231.0278007559357,1175.262975813859,1187.375011449257,1176930,INDIGO
2018-01-24,1223.760498046875,1250.2587144122665,1180.55271254112,1187.473875847475,1199288,INDIGO
2018-01-25,1224.1065673828125,1264.5953216225505,1212.5382656746722,1264.5953216225505,2199086,INDIGO
2018-01-29,1186.8807373046875,1222.1292597979673,1181.5415296841659,1221.0910369539288,350043,INDIGO
2018-01-30,1199.4376220703125,1212.4395463393748,1186.4851829620793,1187.4739206145478,780898,INDIGO
2018-01-31,1201.2667236328125,1211.2035849960864,1189.6985417522785,1199.3387335512268,393839,INDIGO
2018-02-01,1203.0960693359375,1220.0034596939468,1183.7167140576853,1206.259981665377,544967,INDIGO
2018-02-02,1164.5352783203125,1196.3725830794262,1141.9920111212705,1196.3725830794262,894858,INDIGO
2018-02-05,1186.682861328125,1194.8399468174202,1136.0595426909456,1146.2435886103312,422286,INDIGO
2018-02-06,1185.8919677734375,1197.3613004345332,1132.1046151920236,1141.991991743919,451532,INDIGO
2018-02-07,1198.2510986328125,1208.2373240624765,1178.6246817877563,1200.772307047227,409401,INDIGO
2018-02-08,1241.7557373046875,1278.9322517554594,1202.848931829121,1211.2037173563492,1329062,INDIGO
2018-02-09,1244.474609375,1247.9351909888924,1216.1472528821794,1228.0121041298103,690826,INDIGO
2018-02-12,1236.762451171875,1258.5641643824117,1223.0684590156127,1224.2055314391678,827507,INDIGO
2018-02-14,1260.5909423828125,1285.9520857112586,1227.517718267893,1228.0120870630071,895835,INDIGO
2018-02-15,1247.786865234375,1279.4264687902387,1240.8657019565298,1265.5841422345484,565530,INDIGO
2018-02-16,1250.406982421875,1264.595342303142,1240.9151259619841,1247.2924349612304,476654,INDIGO
2018-02-19,1268.204345703125,1281.3544837694274,1246.5509674594327,1263.606691582911,731518,INDIGO
2018-02-20,1250.9014892578125,1279.4265469419513,1247.045388199796,1279.4265469419513,517034,INDIGO
2018-02-21,1259.6517333984375,1271.5165848904167,1246.847629441548,1259.6517333984375,592221,INDIGO
2018-02-22,1261.0853271484375,1274.383920322721,1241.4589098729648,1245.8093794641634,663776,INDIGO
2018-02-23,1270.52783203125,1277.4489953185798,1250.7530797817365,1260.6899410653207,642218,INDIGO
2018-02-26,1322.88134765625,1337.1686775728986,1275.5209158930122,1283.3813310833114,1796314,INDIGO
2018-02-27,1322.3870849609375,1341.8652885418844,1311.2144222437698,1331.780092374876,822147,INDIGO
2018-02-28,1320.65673828125,1334.7957339636598,1301.0303214431817,1308.0998192843867,686740,INDIGO
2018-03-01,1317.1468505859375,1329.852104921363,1308.1493623423005,1323.9196791745019,359106,INDIGO
2018-03-05,1294.3563232421875,1334.7957138222741,1285.3588355325603,1324.9083381643313,1426225,INDIGO
2018-03-06,1269.044677734375,1307.2594091539074,1260.6404083454056,1301.1786489274932,758736,INDIGO
2018-03-07,1263.606689453125,1277.0041325999446,1247.6880377704783,1263.606689453125,596396,INDIGO
2018-03-08,1274.433349609375,1286.2982014458705,1210.3632221096075,1260.7393572538558,2634241,INDIGO
2018-03-09,1275.075927734375,1286.8419287867,1251.395711552767,1271.5164966728362,366280,INDIGO
2018-03-12,1262.3212890625,1304.5404584520388,1240.9152158425907,1276.559135131348,696943,INDIGO
2018-03-13,1286.9407958984375,1295.246215618604,1226.0345857763887,1237.009548655125,1562665,INDIGO
2018-03-14,1254.9058837890625,1282.3928410741034,1217.1361506262308,1282.3928410741034,759473,INDIGO
2018-03-15,1251.4451904296875,1269.3908028460662,1239.9264934086732,1246.9958710220985,487607,INDIGO
2018-03-16,1249.220458984375,1256.9326604594974,1228.2097852107158,1250.7530505260681,2558830,INDIGO
2018-03-19,1202.107177734375,1247.3912857160635,1191.7254333197593,1236.9106916842188,853555,INDIGO
2018-03-20,1228.951416015625,1234.4389582612716,1176.6966552575645,1177.6853929093559,1354380,INDIGO
2018-03-21,1252.780029296875,1260.6899301280573,1217.3336896407334,1227.5177352390835,687114,INDIGO
2018-03-22,1244.5240478515625,1261.0854037029756,1235.9220784636616,1243.8319797658291,606017,INDIGO
2018-03-23,1233.0545654296875,1237.6027339872567,1216.1471775876905,1227.023290557987,670202,INDIGO
2018-03-26,1268.402099609375,1271.9615310929046,1228.2593742265638,1228.2593742265638,299380,INDIGO
2018-03-27,1282.6893310546875,1300.0416034402253,1270.7749947494617,1285.358874284614,518624,INDIGO
2018-03-28,1275.9163818359375,1298.7563168484141,1258.1191051169212,1277.448973387167,1569640,INDIGO
2018-04-02,1313.735595703125,1320.9534284330957,1267.5615982419376,1267.5615982419376,524691,INDIGO
2018-04-03,1352.4447021484375,1362.4804129284855,1306.1223697231708,1307.407776881495,861619,INDIGO
2018-04-04,1371.774658203125,1401.980521399666,1355.8560059630795,1355.8560059630795,1341132,INDIGO
2018-04-05,1432.5323486328125,1442.5680587184459,1382.2550692860777,1386.2100194127904,2150967,INDIGO
2018-04-06,1442.07373046875,1454.037430799085,1397.8277246830273,1430.4065789889505,924678,INDIGO
2018-04-09,1476.3336181640625,1492.005085479466,1428.9730614905225,1433.6695652387182,1104860,INDIGO
2018-04-10,1463.1339111328125,1487.5556809465886,1456.6081465842203,1475.2459464213441,828451,INDIGO
2018-04-11,1466.198974609375,1476.778418387301,1411.966742741129,1458.3879236250955,1203643,INDIGO
2018-04-12,1476.580810546875,1490.027618264707,1445.1389054267208,1453.4443257127532,1014491,INDIGO
2018-04-13,1442.9637451171875,1478.1132960250616,1436.6852852024251,1476.1853058930249,714195,INDIGO
2018-04-16,1440.8380126953125,1467.731629845351,1431.741674137496,1454.5320056952237,1152305,INDIGO
2018-04-17,1472.230224609375,1478.1626499603865,1442.568097854317,1446.6218977050744,664567,INDIGO
2018-04-18,1458.0418701171875,1480.6344992724953,1447.709490175747,1477.1739178050805,601510,INDIGO
2018-04-19,1469.9561767578125,1475.1965344412033,1437.822203990159,1449.2421718211756,1509072,INDIGO
2018-04-20,1486.418701171875,1502.881206952929,1456.460023213739,1468.2753896875654,991951,INDIGO
2018-04-23,1469.65966796875,1489.0389017811146,1459.4262574242973,1485.0839511787744,406232,INDIGO
2018-04-24,1469.4124755859375,1480.1402548974947,1447.2647281938596,1463.3317149287188,530654,INDIGO
2018-04-25,1476.580810546875,1488.0006578315965,1464.3204397146853,1464.3204397146853,669529,INDIGO
2018-04-26,1481.72216796875,1494.1308733342044,1455.8172906942877,1478.113251529372,1078835,INDIGO
2018-04-27,1391.94482421875,1481.8704595403435,1385.8640639153966,1480.1401687618977,1183442,INDIGO
2018-04-30,1387.001220703125,1427.1933095324232,1341.964172564672,1344.6832010963005,1872707,INDIGO
2018-05-02,1327.726318359375,1396.8885888313937,1316.1086510664106,1396.8885888313937,2201764,INDIGO
2018-05-03,1192.467041015625,1279.4264654054336,1065.414258322736,1270.527826928889,13023341,INDIGO
2018-05-04,1168.93505859375,1203.5903606708218,1155.53761548032,1197.4601149709765,1743172,INDIGO
2018-05-07,1154.3016357421875,1189.1546353239416,1127.2596871561545,1168.9350001568423,1831476,INDIGO
2018-05-08,1182.480712890625,1190.1434294749793,1145.254837911429,1157.8117574553278,1073587,INDIGO
2018-05-09,1157.861328125,1174.6203838076847,1147.9244659938736,1166.7104822332221,975513,INDIGO
2018-05-10,1132.994384765625,1169.1821550230084,1127.9518473904611,1150.1489571505408,708882,INDIGO
2018-05-11,1149.852294921875,1154.795982712408,1125.3810403587365,1138.036929380702,585843,INDIGO
2018-05-14,1174.2742919921875,1178.1797574242669,1137.048295399358,1161.4700670310344,723655,INDIGO
2018-05-15,1183.9144287109375,1234.537745652442,1173.6315335115828,1174.2742370919502,1686134,INDIGO
2018-05-16,1189.94580078125,1196.3231105545917,1165.771212724516,1174.6203667038844,822216,INDIGO
2018-05-17,1166.1171875,1192.6152836243855,1158.3556212267038,1189.9457402957778,660344,INDIGO
2018-05-18,1127.3585205078125,1181.2447176651865,1114.1095337264387,1159.1464572819511,986457,INDIGO
2018-05-21,1121.1790771484375,1140.3112483792277,1072.7804145578825,1127.160988567729,994419,INDIGO
2018-05-22,1128.1495361328125,1141.8930121143721,1097.2514879258447,1125.1833235049437,1007322,INDIGO
2018-05-23,1147.6278076171875,1155.0928255792162,1102.2942079148133,1124.7879907369208,990088,INDIGO
2018-05-24,1151.780517578125,1156.5263859012296,1129.336100409279,1131.1158764651398,619659,INDIGO
2018-05-25,1198.2015380859375,1210.8079414513452,1158.3060033392178,1160.7778471363565,1486435,INDIGO
2018-05-28,1235.0322265625,1262.0741782913724,1220.349495979869,1238.7399929063724,1864164,INDIGO
2018-05-29,1204.4306640625,1251.6922462758594,1196.4219140905468,1232.9557180843735,1138431,INDIGO
2018-05-30,1225.0953369140625,1235.5264458817794,1203.095925936178,1210.4619725696723,1357325,INDIGO
2018-05-31,1205.518310546875,1241.8544170981136,1180.849355873965,1230.9288184147085,11016274,INDIGO
2018-06-01,1163.54638671875,1211.5495219249103,1158.6026990129353,1195.6308716512872,906165,INDIGO
2018-06-04,1163.94189453125,1202.502662259392,1153.708484157884,1181.244803127211,1091795,INDIGO
2018-06-05,1163.249755859375,1175.608975534889,1142.090747635794,1166.660852211615,734856,INDIGO
2018-06-06,1157.218505859375,1185.2986777093922,1148.1715327218621,1160.7779370639107,611806,INDIGO
2018-06-07,1158.2564697265625,1188.0669288119614,1152.472379622349,1160.7777985723571,623676,INDIGO
2018-06-08,1172.939453125,1180.2560147460085,1151.8792941469433,1157.811719696198,698260,INDIGO
2018-06-11,1175.0157470703125,1183.8649000040214,1166.9575117717625,1176.5977030361344,476126,INDIGO
2018-06-12,1183.024658203125,1192.4176663543408,1175.0652714388868,1176.5978631522933,436639,INDIGO
2018-06-13,1205.2216796875,1219.1629767560842,1183.5189370974592,1183.5189370974592,595904,INDIGO
2018-06-14,1210.3631591796875,1220.893238776194,1201.8105547864495,1205.2216512338844,434519,INDIGO
2018-06-15,1206.704833984375,1216.1473269556107,1188.264973103615,1195.2355012188561,634249,INDIGO
2018-06-18,1227.3695068359375,1235.8232623601566,1216.4933922504254,1226.034735094092,524887,INDIGO
2018-06-19,1214.8125,1235.9220240313534,1210.3136955543218,1221.0909597429772,543129,INDIGO
2018-06-20,1123.65087890625,1207.2486973401572,1113.6646525595747,1207.2486973401572,2727498,INDIGO
2018-06-21,1162.7059326171875,1191.1321386214754,1137.0482401715203,1140.0144529719676,3074994,INDIGO
2018-06-22,1173.8787841796875,1177.1910311940921,1147.034532632306,1165.721698503139,870780,INDIGO
2018-06-25,1159.8880615234375,1184.5076520532964,1148.122059872287,1173.6315383866968,670551,INDIGO
2018-06-26,1156.625244140625,1170.8629684257503,1143.7716558809127,1158.8004184909905,664984,INDIGO
2018-06-27,1136.5538330078125,1152.7691532420226,1124.1946134231255,1152.7691532420226,984346,INDIGO
2018-06-28,1087.7596435546875,1135.070711347629,1064.870345053481,1123.1070110901212,1701465,INDIGO
2018-06-29,1076.240966796875,1113.0219602870131,1058.0481693099878,1087.6114501392397,3116223,INDIGO
2018-07-02,1037.8284912109375,1086.1283009368938,1026.6063431009425,1080.6902438998861,1462089,INDIGO
2018-07-03,1051.96728515625,1057.9491957092562,1023.640050444363,1036.196969255421,1670197,INDIGO
2018-07-04,1068.9241943359375,1072.7802951118467,1051.8191062874034,1053.005543128218,527078,INDIGO
2018-07-05,1063.78271484375,1077.9710740224418,1057.0098870158201,1072.7802020769084,363232,INDIGO
2018-07-06,1063.337890625,1084.8429351841564,1050.5832710980524,1069.814170712976,947011,INDIGO
2018-07-09,1071.7420654296875,1077.7239761442875,1062.2996938358192,1077.7239761442875,369197,INDIGO
2018-07-10,1078.3172607421875,1090.577631784397,1068.1333353286898,1075.7465669822518,776388,INDIGO
2018-07-11,1061.805419921875,1084.6452362172458,1049.0506796959871,1084.6452362172458,475725,INDIGO
2018-07-12,1111.6378173828125,1124.2442227515608,1071.841125924607,1087.6114435782854,1658860,INDIGO
2018-07-13,1094.136962890625,1126.0237492919523,1083.1125149259492,1117.3722956171734,663502,INDIGO
2018-07-16,1088.4517822265625,1097.4987555669597,1067.4411078519697,1094.532542714076,434502,INDIGO
2018-07-17,1107.3861083984375,1117.0757851251267,1087.6608416207932,1106.397370801653,959731,INDIGO
2018-07-18,1086.7708740234375,1115.2959274617049,1077.9216007632463,1115.2959274617049,429218,INDIGO
2018-07-19,1056.7132568359375,1097.3503460123525,1050.0392783717105,1087.6113052814328,575103,INDIGO
2018-07-20,1051.6707763671875,1064.1288460353287,1033.5274654774869,1056.4661296062707,872231,INDIGO
2018-07-23,1043.0194091796875,1069.863661495729,1030.9567369922606,1051.2753447193106,894043,INDIGO
2018-07-24,1029.8690185546875,1055.329010729577,1023.3433747965348,1041.8327188938845,482823,INDIGO
2018-07-25,1010.8853149414062,1036.7408265164229,996.6474698050899,1033.23075986738,1199242,INDIGO
2018-07-26,997.3890380859375,1022.6513316410625,985.0792430927984,1010.4898110769052,816250,INDIGO
2018-07-27,997.7350463867188,1009.5010474748404,989.7757211084017,1000.602409446169,386050,INDIGO
2018-07-30,993.730712890625,1007.9685584708753,980.6793645000213,996.5486512595047,740428,INDIGO
2018-07-31,919.2293701171875,939.3007315749755,880.5202684610748,919.5259793312919,8382563,INDIGO
2018-08-01,914.28564453125,927.4358421640253,908.64982830356,924.469629449215,1116024,INDIGO
2018-08-02,960.71142578125,967.3294965306031,919.56013867724,920.2070396949229,1832699,INDIGO
2018-08-03,991.363525390625,994.1998068491474,937.4736917436405,960.7114707401083,1929617,INDIGO
2018-08-06,1061.076904296875,1069.6356788379119,980.5656619117376,990.1195707520549,2693304,INDIGO
2018-08-07,1041.4217529296875,1082.2247476857208,1032.3655027805892,1055.9018886866147,1732979,INDIGO
2018-08-08,1024.304443359375,1064.85863919799,1007.3363809298768,1040.4763619453258,1155034,INDIGO
2018-08-09,1055.8023681640625,1071.4268806024336,1024.6030301455728,1039.083044071481,1348476,INDIGO
2018-08-10,1065.75439453125,1083.1703077622742,1055.404341800059,1064.8586946969006,948924,INDIGO
2018-08-13,1038.58544921875,1064.8586207949286,1023.5082210855088,1054.906671067873,902692,INDIGO
2018-08-14,1045.5020751953125,1063.116976743024,1038.983499854638,1052.916228779892,775751,INDIGO
2018-08-16,1045.0045166015625,1055.9018528227705,1037.5405543997051,1045.054203459319,649312,INDIGO
2018-08-17,1044.905029296875,1052.3193055589988,1041.9692523941453,1052.3193055589988,512224,INDIGO
2018-08-20,1080.980712890625,1086.7528922304075,1041.0237325839962,1044.9547040676996,1177739,INDIGO
2018-08-21,1070.1829833984375,1100.685736282031,1064.9582093338076,1081.677534934132,901795,INDIGO
2018-08-23,1048.935546875,1070.8298372272297,1044.9547668109583,1070.1829361700695,504519,INDIGO
2018-08-24,1049.8311767578125,1061.3754138778286,1029.0315780118844,1029.0315780118844,919587,INDIGO
2018-08-27,1044.6561279296875,1055.9018798619677,1036.993175133054,1036.993175133054,770686,INDIGO
2018-08-28,1018.9801635742188,1047.24372528232,1013.9046327347986,1044.6561211492008,909903,INDIGO
2018-08-29,962.154541015625,1024.0058755667117,956.3824220010404,1023.060488883527,2947122,INDIGO
2018-08-30,936.1799926757812,959.6665714835735,916.0770405819875,956.3824399775012,3608930,INDIGO
2018-08-31,924.3868408203125,951.306913854165,920.8539107593272,935.4335416383751,1566273,INDIGO
2018-09-03,944.3902587890625,951.505866227681,929.5120821564901,930.3082259671348,974928,INDIGO
2018-09-04,905.62744140625,938.4688760946085,898.7108240735072,930.507316170158,1931436,INDIGO
2018-09-05,867.6109619140625,918.0673589958702,863.829233179854,913.5392340348358,3337143,INDIGO
2018-09-06,880.8471069335938,891.0478561089537,863.8292960207228,871.7908563527111,2690842,INDIGO
2018-09-07,909.0609130859375,917.9181124154463,878.856707454256,885.5245263093838,3202677,INDIGO
2018-09-10,885.8728637695312,905.0303677406046,884.2307677038289,903.6370704277733,1965235,INDIGO
2018-09-11,888.062255859375,907.6178623885127,881.7427917502437,886.7187668729877,1549289,INDIGO
2018-09-12,878.55810546875,887.5148601793913,861.8388421572623,885.7235213856392,2001394,INDIGO
2018-09-14,882.0413208007812,912.5440720013949,873.7812144074924,889.4057881346816,1322468,INDIGO
2018-09-17,884.6288452148438,900.3529138072773,870.8951058477201,880.5982569377767,752393,INDIGO
2018-09-18,857.6590576171875,893.0880368375024,851.8869386392702,890.1024517721778,787366,INDIGO
2018-09-19,864.6254272460938,869.2531084180595,842.0344879864664,857.8581132113646,1628531,INDIGO
2018-09-21,892.7894287109375,905.6274687738253,831.1371457763801,870.7956430517552,1652155,INDIGO
2018-09-24,858.5547485351562,885.7235601996451,846.8114595483016,870.795635027741,882451,INDIGO
2018-09-25,848.6525268554688,856.5145915651891,817.0550859552505,842.4325581743235,1015445,INDIGO
2018-09-26,849.1004028320312,854.8725217970689,831.6844899898325,848.9013516797437,493987,INDIGO
2018-09-27,835.5159301757812,844.6219885053679,814.0694905856242,822.279849139819,1252665,INDIGO
2018-09-28,822.1305541992188,866.3669835055008,812.5767066238477,839.5464664661108,885340,INDIGO
2018-10-01,802.7740478515625,812.0293489357653,765.3546804876207,808.0983166509712,1143537,INDIGO
2018-10-03,774.5602416992188,792.1752050143718,768.2905254661998,786.2040351273289,1738525,INDIGO
2018-10-04,812.7757568359375,835.6652415032743,755.4027416230127,760.328968949794,3041589,INDIGO
2018-10-05,763.165283203125,809.0935580588138,752.3176938391028,780.7304997504789,1181505,INDIGO
2018-10-08,778.0932006835938,781.9247379487972,751.4717339467206,762.3193839418634,860942,INDIGO
2018-10-09,720.968994140625,784.2136211055177,687.6797108932903,771.2760867471779,2073604,INDIGO
2018-10-10,740.8729248046875,764.7078570391927,733.7572563068566,761.274422164422,2568524,INDIGO
2018-10-11,757.1443481445312,797.7981005701621,710.6687292326442,721.5163790909019,4441595,INDIGO
2018-10-12,804.6649169921875,812.6762247121944,767.1460527893934,767.1460527893934,2218133,INDIGO
2018-10-15,818.3488159179688,824.6683404553036,782.2232504683778,805.9586263289675,1352160,INDIGO
2018-10-16,865.0732421875,871.6415048029562,810.238022717176,821.1353592280173,1354489,INDIGO
2018-10-17,833.1275024414062,873.1342920745216,826.0118340322076,865.9191284639992,1152038,INDIGO
2018-10-19,827.6539306640625,865.8196339079658,823.0262497033192,845.9157342778975,1153496,INDIGO
2018-10-22,802.624755859375,828.997422976887,796.1559884531928,827.7036816440268,1761019,INDIGO
2018-10-23,799.9874267578125,811.0341270167179,777.5955406488025,777.5955406488025,1201172,INDIGO
2018-10-24,812.8255004882812,842.9301486545138,786.4030858990219,818.2990728821417,2452689,INDIGO
2018-10-25,873.7315063476562,887.7139846526078,782.8702104256487,782.8702104256487,4411095,INDIGO
2018-10-26,865.9191284179688,889.2564628639662,855.8676834095625,873.4328991158251,1864139,INDIGO
2018-10-29,880.1504516601562,886.668966534881,849.8965004164938,864.8244248968772,836280,INDIGO
2018-10-30,878.1600952148438,897.267790684832,865.8694004788729,871.790822896926,968278,INDIGO
2018-10-31,884.6288452148438,892.5405967409234,867.4119234051356,879.752365498473,658576,INDIGO
2018-11-01,920.9534301757812,927.1235902665766,884.8776132716157,885.7235046815823,2210679,INDIGO
2018-11-02,970.56396484375,974.2959462517624,940.5090624228468,949.9136677194149,1269261,INDIGO
2018-11-05,964.2445068359375,978.2767327237251,946.8783410903794,975.0920964199911,736353,INDIGO
2018-11-06,951.0581665039062,962.3536059376511,935.4833397946143,962.3536059376511,912782,INDIGO
2018-11-07,956.5814819335938,965.2894385093539,952.0533566625754,960.5622620825127,75468,INDIGO
2018-11-09,987.1837158203125,1000.0715035244648,966.1353167741648,966.1353167741648,1364447,INDIGO
2018-11-12,944.0419311523438,987.2334174631071,939.1655122087938,987.2334174631071,1146884,INDIGO
2018-11-13,970.215576171875,984.695650473169,948.8686324533676,948.8686324533676,1135111,INDIGO
2018-11-14,1043.412109375,1056.8970497043742,994.6476169760944,995.1949620568497,3741606,INDIGO
2018-11-15,1038.9337158203125,1052.8167582144447,1030.623862313668,1034.007549428569,2269925,INDIGO
2018-11-16,1044.357666015625,1064.8586588900257,1023.0604685410714,1037.988393665698,1844679,INDIGO
2018-11-19,1037.6400146484375,1044.9546730631282,1012.2127356770657,1042.914474869836,881684,INDIGO
2018-11-20,1028.1856689453125,1052.916238724462,1022.2144993495216,1031.5195476728777,683279,INDIGO
2018-11-21,1041.9193115234375,1073.815358485295,1037.2917521609022,1064.8586038732767,1100564,INDIGO
2018-11-22,1021.4681396484375,1044.9547166010032,1013.9543690450879,1042.9145183227065,665305,INDIGO
2018-11-26,1043.611328125,1062.868328315993,1037.4908541848529,1050.9259875483976,1795504,INDIGO
2018-11-27,1030.6239013671875,1039.9787585156598,1020.7217598676488,1035.9979785787577,737514,INDIGO
2018-11-28,1031.9176025390625,1042.516452381459,1021.0699539749373,1026.8421329125454,595559,INDIGO
2018-11-29,1043.412109375,1056.2004618244384,1031.0219806908963,1043.9595151976353,2821952,INDIGO
2018-11-30,1033.26123046875,1047.5920630667315,1023.5082706702407,1045.40256113045,575053,INDIGO
2018-12-03,978.07763671875,1051.2245301750543,967.4788463828102,1050.925923080673,1710577,INDIGO
2018-12-04,991.01513671875,994.8466737896448,970.3150935383088,977.1321547705181,748248,INDIGO
2018-12-05,995.9911499023438,1007.1373461184343,980.7646784582183,990.3185262195058,753396,INDIGO
2018-12-06,986.3377685546875,997.0361151122023,951.7547413106278,994.9959774519368,1480493,INDIGO
2018-12-07,1016.1438598632812,1028.534049972135,988.0296006356926,988.2286517874505,1112094,INDIGO
2018-12-10,999.7230834960938,1009.1276880030782,981.2622291627565,981.2622291627565,858782,INDIGO
2018-12-11,1021.1696166992188,1026.8919882377888,976.3360918367114,976.3360918367114,869793,INDIGO
2018-12-12,1019.0299682617188,1035.5004339429975,1010.8693568261409,1021.0701059351421,773483,INDIGO
2018-12-13,1054.9066162109375,1074.8105146300118,1029.031548266141,1033.0123279499558,1696120,INDIGO
2018-12-14,1056.4989013671875,1064.7590677856806,1045.153654997557,1055.7028183225013,467751,INDIGO
2018-12-17,1055.0062255859375,1066.3016648644773,1047.343272458761,1060.9277088967267,547636,INDIGO
2018-12-18,1103.1737060546875,1118.599229233621,1056.8971365178875,1064.8586968683046,2138080,INDIGO
2018-12-19,1145.917236328125,1150.0473198827049,1119.5943771217464,1124.5703521311764,1647553,INDIGO
2018-12-20,1146.514404296875,1156.41654557295,1135.7662501162902,1145.9171901328068,1077218,INDIGO
2018-12-21,1148.90283203125,1162.5867634345939,1133.5769260465177,1154.2272225279276,761581,INDIGO
2018-12-24,1155.8194580078125,1169.2545900511218,1142.5833163642333,1149.4501859275656,714872,INDIGO
2018-12-26,1150.6942138671875,1168.3589250422299,1137.0600910185478,1168.3589250422299,1414688,INDIGO
2018-12-27,1158.2080078125,1170.1005396560677,1134.4228226415983,1134.4228226415983,1009596,INDIGO
2018-12-28,1172.83740234375,1182.2917556082946,1141.5385656562153,1145.668528053181,978894,INDIGO
2018-12-31,1159.4520263671875,1170.5483538419262,1153.4808561456157,1169.3541683911194,625133,INDIGO
2019-01-01,1159.999267578125,1177.5146752794828,1154.575503422216,1169.3043165303684,765951,INDIGO
2019-01-02,1155.42138671875,1173.4343917928925,1148.654012173748,1164.3781416545544,644385,INDIGO
2019-01-03,1150.9927978515625,1166.3187032918274,1140.0456531177952,1157.0634629071722,394040,INDIGO
2019-01-04,1137.7069091796875,1150.992860011097,1127.9540707804301,1150.6444445637424,994803,INDIGO
2019-01-07,1108.3984375,1144.5737516572312,1100.2875739075118,1119.6441896569181,1022333,INDIGO
2019-01-08,1104.9649658203125,1122.9281611962435,1095.7594128307169,1104.069266097547,987270,INDIGO
2019-01-09,1099.5411376953125,1110.6873942433608,1087.7481016041334,1109.542895731746,744663,INDIGO
2019-01-10,1091.7288818359375,1097.401444570113,1080.6822419682605,1084.712708705566,767815,INDIGO
2019-01-11,1052.368896484375,1089.738517055444,1049.1345127579548,1089.738517055444,1101746,INDIGO
2019-01-14,1076.45263671875,1080.781710433403,1047.492488111623,1052.91625196919,568052,INDIGO
2019-01-15,1077.746337890625,1085.7577059459668,1056.4492628436792,1071.8249764471186,836824,INDIGO
2019-01-16,1131.0889892578125,1140.4935339415708,1069.5858862161458,1076.5024432604157,1683696,INDIGO
2019-01-17,1107.552490234375,1135.5174441862055,1096.2072434453157,1132.5318593198087,1059208,INDIGO
2019-01-18,1070.829833984375,1113.1256220367318,1062.9677690849485,1099.5909941567309,910406,INDIGO
2019-01-21,1057.842529296875,1074.2135607517894,1050.279071217255,1066.8490930885657,626146,INDIGO
2019-01-22,1115.265380859375,1124.5704304785268,1041.6209455890998,1050.7270047875168,2241474,INDIGO
2019-01-23,1103.9698486328125,1120.5895563366628,1090.2859175496606,1114.6183864094692,1623993,INDIGO
2019-01-24,1172.8870849609375,1183.2868238436024,1066.9485071100821,1066.9485071100821,9697495,INDIGO
2019-01-25,1156.167724609375,1184.2819817388906,1147.1611617850006,1174.3300323125134,2320373,INDIGO
2019-01-28,1165.6719970703125,1176.270727042247,1137.7567276497116,1151.6396498418706,941099,INDIGO
2019-01-29,1178.957763671875,1193.139292212875,1159.7007650024277,1164.3781328399893,1141137,INDIGO
2019-01-30,1169.105224609375,1182.838963008886,1162.3876589433924,1182.5901642805163,605748,INDIGO
2019-01-31,1182.0927734375,1188.2629343860278,1151.5402113632724,1169.5035312848127,992642,INDIGO
2019-02-01,1168.4583740234375,1195.8760436660182,1158.307434061566,1179.306023345051,766653,INDIGO
2019-02-04,1155.2720947265625,1166.7666456026366,1112.7275083560178,1163.7810605941775,521714,INDIGO
2019-02-05,1168.7569580078125,1174.3300253568223,1145.4693721912734,1145.4693721912734,469745,INDIGO
2019-02-06,1191.2982177734375,1210.0576191389725,1163.7810518553447,1168.3589245371872,919960,INDIGO
2019-02-07,1198.1649169921875,1211.1522597431672,1176.320436332312,1176.320436332312,649804,INDIGO
2019-02-08,1189.3575439453125,1206.9725686872039,1183.585485720349,1190.4025473096788,366901,INDIGO
2019-02-11,1181.3463134765625,1193.3383407437004,1158.407019353756,1184.2820902327917,555853,INDIGO
2019-02-12,1168.607666015625,1183.9833793467046,1163.3828925461066,1178.7586058771863,532770,INDIGO
2019-02-14,1166.3187255859375,1178.261065523779,1131.636204313209,1131.636204313209,879112,INDIGO
2019-02-15,1142.8321533203125,1154.1275922673037,1113.8720031331045,1150.445419362849,902077,INDIGO
2019-02-18,1100.8349609375,1138.4532586163514,1094.7144874608525,1132.531897027682,1180377,INDIGO
2019-02-19,1095.759521484375,1117.5541951581854,1086.2553604835227,1090.833233262559,818737,INDIGO
2019-02-20,1134.5223388671875,1143.9766916910808,1081.2794045431572,1099.6905126738966,1643034,INDIGO
2019-02-21,1106.30859375,1128.8497857687132,1101.7307208493582,1114.4194576464877,1125766,INDIGO
2019-02-22,1108.94580078125,1123.2268242668672,1102.0291228674766,1107.6519987301094,546228,INDIGO
2019-02-25,1112.18017578125,1119.0967321575058,1102.9248140627442,1109.6423800405682,334137,INDIGO
2019-02-26,1122.7789306640625,1132.0342925948262,1100.6856506460465,1112.0308977433097,1205100,INDIGO
2019-02-27,1106.9554443359375,1136.910789464562,1073.118814420229,1126.5607371935923,1377584,INDIGO
2019-02-28,1119.942626953125,1125.4161992478548,1080.831537810129,1112.6279682741924,1444341,INDIGO
2019-03-01,1116.758056640625,1121.4354243925436,1087.8974025943992,1108.5973850200564,734583,INDIGO
2019-03-05,1180.4505615234375,1193.139297644198,1111.6328036776183,1112.0309059703163,862070,INDIGO
2019-03-06,1222.7960205078125,1233.6436700615066,1174.0812749428494,1180.5998506402962,1178834,INDIGO
2019-03-07,1215.2823486328125,1228.0705795608228,1204.1859005418116,1228.0705795608228,657385,INDIGO
2019-03-08,1237.02734375,1249.9648783185842,1210.8536675292835,1214.1378595132744,1335943,INDIGO
2019-03-11,1295.694091796875,1302.2126676913967,1239.5153822007142,1241.1076699164228,1492089,INDIGO
2019-03-12,1263.5989990234375,1302.0633087343779,1255.5877524419159,1298.7294298969118,1224545,INDIGO
2019-03-13,1295.4451904296875,1319.6284757968424,1273.8495090648253,1273.8495090648253,2641515,INDIGO
2019-03-14,1293.554443359375,1321.569083987924,1284.3488900807288,1296.4404115245925,1156616,INDIGO
2019-03-15,1289.822509765625,1308.5819109486722,1279.8207515661788,1299.6251560776802,805058,INDIGO
2019-03-18,1314.40380859375,1322.6141674208548,1293.7535121498202,1293.7535121498202,814712,INDIGO
2019-03-19,1319.9769287109375,1333.063767899727,1313.6574644476593,1313.6574644476593,733824,INDIGO
2019-03-20,1416.8590087890625,1427.1095654186977,1320.8725039762667,1329.5804598322036,3781807,INDIGO
2019-03-22,1420.1929931640625,1454.9750078568782,1396.2585061718194,1398.2488960594485,5332503,INDIGO
2019-03-25,1377.797607421875,1445.0230752532268,1369.5872490397544,1433.080735788324,3707740,INDIGO
2019-03-26,1416.311767578125,1423.1288289304448,1345.7524188260097,1369.3882997260785,3405936,INDIGO
2019-03-27,1394.5667724609375,1414.172064950847,1387.301800521802,1414.172064950847,1287910,INDIGO
2019-03-28,1431.5880126953125,1440.9428700260148,1381.430160216534,1389.2922250418187,1728400,INDIGO
2019-04-01,1409.992431640625,1435.0712989511155,1396.2586910044488,1419.3969765111156,1043373,INDIGO
2019-04-02,1376.304931640625,1412.1817614174297,1370.4830649547912,1412.1817614174297,1116765,INDIGO
2019-04-03,1358.68994140625,1389.2921869277604,1354.8086567018913,1381.3306271172862,1368980,INDIGO
2019-04-04,1425.0694580078125,1434.673114232149,1363.6161656214642,1373.3691253953145,3316463,INDIGO
2019-04-05,1412.4803466796875,1442.1370855156076,1407.7531703139373,1428.6522658256752,1330263,INDIGO
2019-04-08,1406.35986328125,1420.5910791412841,1384.3162693468032,1409.843045842511,709277,INDIGO
2019-04-09,1384.365966796875,1404.4688559465935,1375.7076979479066,1394.915008840626,751558,INDIGO
2019-04-10,1387.3018798828125,1418.4017247510606,1377.4992330770945,1387.3018798828125,1194384,INDIGO
2019-04-11,1397.353271484375,1408.1014260492761,1375.160495933697,1383.321046318473,1080701,INDIGO
2019-04-12,1425.76611328125,1429.8961967475732,1399.7417402412982,1408.2008975765636,1153953,INDIGO
2019-04-15,1470.251220703125,1476.7697961553608,1423.1287645783486,1423.1287645783486,1763125,INDIGO
2019-04-16,1574.2989501953125,1602.2639046062848,1470.3010756416747,1477.9640283310698,8149824,INDIGO
2019-04-18,1546.93115234375,1642.071771279944,1534.839508640299,1589.3264355964063,8338997,INDIGO
2019-04-22,1481.696044921875,1537.3772778166888,1468.8083183221904,1522.6483432881087,3332530,INDIGO
2019-04-23,1461.692626953125,1512.6963696808511,1451.292888005074,1492.7924700797873,3341614,INDIGO
2019-04-24,1465.524169921875,1482.64159724685,1432.185136575193,1475.8742224814791,2314490,INDIGO
2019-04-25,1476.5211181640625,1503.7396777093682,1465.9222668867633,1472.8886320382956,2429658,INDIGO
2019-04-26,1474.679931640625,1499.7587958914914,1459.0552979703455,1485.826066533508,1278245,INDIGO
2019-04-30,1509.7108154296875,1515.5824902281115,1466.1710341672954,1487.7170302201805,2183641,INDIGO
2019-05-02,1533.048095703125,1541.557061582967,1489.3093238598517,1505.6802330862552,1832790,INDIGO
2019-05-03,1570.119140625,1596.5914254479476,1538.6213153053488,1542.5522870562756,3897642,INDIGO
2019-05-06,1553.6983642578125,1589.7741825167545,1545.5378139623986,1562.2571383283237,1816478,INDIGO
2019-05-07,1569.1737060546875,1579.3246463952285,1539.8652620886178,1579.3246463952285,1769334,INDIGO
2019-05-08,1566.884765625,1577.3841217798813,1537.874927701678,1567.481979829723,1255089,INDIGO
2019-05-09,1529.4156494140625,1568.1286358240882,1523.0960642876942,1568.1286358240882,1340161,INDIGO
2019-05-10,1528.9180908203125,1544.4431081552325,1504.8342995014355,1541.6565136278377,1510984,INDIGO
2019-05-13,1549.1702880859375,1559.1719247328795,1516.6771477305226,1528.9180945635849,1113392,INDIGO
2019-05-14,1556.7337646484375,1571.5123859678135,1535.038465251457,1547.4784026387706,1404621,INDIGO
2019-05-15,1602.6121826171875,1614.6043305017233,1555.5395338090368,1562.4560902008166,2450624,INDIGO
2019-05-16,1457.8612060546875,1572.4081283210703,1446.217351454708,1572.4081283210703,7061041,INDIGO
2019-05-17,1466.6685791015625,1491.150350934343,1406.9070728829192,1443.0326986919529,8447431,INDIGO
2019-05-20,1447.9588623046875,1522.6482928445878,1433.8769507702898,1511.7011482555092,2640851,INDIGO
2019-05-21,1469.9527587890625,1503.7395789617747,1448.0086614092536,1474.878925229219,2622583,INDIGO
2019-05-22,1501.8487548828125,1509.5118292969485,1461.5433572572263,1492.7925046513474,2243116,INDIGO
2019-05-23,1536.4815673828125,1549.5185974383023,1504.734822945866,1504.734822945866,1386115,INDIGO
2019-05-24,1613.95751953125,1623.0635782375678,1559.1222983671298,1563.4015640518562,3191660,INDIGO
2019-05-27,1654.163330078125,1661.428180409121,1588.97806007922,1608.2350582935949,2697614,INDIGO
2019-05-28,1649.48583984375,1707.7545534153837,1640.2305995948666,1689.8410441138237,6778068,INDIGO
2019-05-29,1632.5675048828125,1659.786183914787,1619.231989758208,1659.786183914787,1618379,INDIGO
2019-05-30,1636.150390625,1655.0092873077915,1617.1918772550578,1637.0459689392371,2064039,INDIGO
2019-05-31,1668.245361328125,1671.9275340894608,1647.0476600702725,1651.9241396747852,1715992,INDIGO
2019-06-03,1683.2230224609375,1702.7786283160835,1672.9725869516305,1687.9501986646203,1763512,INDIGO
2019-06-04,1678.1973876953125,1696.4093834201058,1669.2406326387293,1669.2406326387293,1135825,INDIGO
2019-06-06,1662.821533203125,1690.9856001568942,1658.1441653198376,1682.8747366503835,829316,INDIGO
2019-06-07,1653.2177734375,1668.9419019660436,1637.7922519822384,1643.5644311848066,956818,INDIGO
2019-06-10,1649.53564453125,1664.9611663956448,1642.0716823388009,1656.1537153053068,659669,INDIGO
2019-06-11,1667.8472900390625,1676.4059425639487,1647.893582111389,1651.7250584847886,898314,INDIGO
2019-06-12,1643.0172119140625,1671.9276765817976,1621.172729256993,1667.8474011916555,1287297,INDIGO
2019-06-13,1668.0960693359375,1685.8602752118725,1647.0974798151155,1664.612886949136,1966191,INDIGO
2019-06-14,1637.991455078125,1678.4958424970152,1631.7714864030029,1676.9035548129366,635071,INDIGO
2019-06-17,1634.6575927734375,1646.2018304550033,1626.6462244449779,1632.119796934698,575284,INDIGO
2019-06-18,1654.660888671875,1666.0558221233578,1640.131066867597,1660.930543893709,1208982,INDIGO
2019-06-19,1601.4180908203125,1674.9132187547152,1582.5093854392433,1665.906655229699,1397697,INDIGO
2019-06-20,1574.647216796875,1616.1467978070557,1556.4849088767974,1614.206216239236,1758882,INDIGO
2019-06-21,1544.64208984375,1556.4849342927296,1523.6933085991845,1552.4046592093027,1821382,INDIGO
2019-06-24,1547.5780029296875,1564.6953079997834,1528.8184803613478,1532.600269880532,856218,INDIGO
2019-06-25,1595.745361328125,1601.2687421272278,1547.876506509701,1549.4687942001474,1209094,INDIGO
2019-06-26,1568.228271484375,1602.1145870884927,1564.0483797489978,1597.2879158140931,995253,INDIGO
2019-06-27,1575.741943359375,1584.8480017004345,1560.6647151531963,1567.4320895938363,991358,INDIGO
2019-06-28,1550.4639892578125,1591.0181851835105,1543.7464230615312,1591.0181851835105,649403,INDIGO
2019-07-01,1573.5028076171875,1583.3552625229775,1553.0018146870561,1553.0018146870561,743254,INDIGO
2019-07-02,1556.0869140625,1578.4788020857047,1545.3885675625243,1578.4291152248027,700560,INDIGO
2019-07-03,1571.8607177734375,1578.2797985101417,1559.4705884307837,1572.1095165271756,711864,INDIGO
2019-07-04,1627.8902587890625,1639.0862027972403,1566.138359021561,1574.9956190225619,1767038,INDIGO
2019-07-05,1554.49462890625,1653.018936372139,1546.7320591184607,1631.1246458241637,1885584,INDIGO
2019-07-08,1563.5010986328125,1571.3630416706924,1541.5071927154208,1554.4945356044682,696543,INDIGO
2019-07-09,1558.7740478515625,1569.42258624143,1501.4010292004532,1568.4273911962548,1263684,INDIGO
2019-07-10,1391.3323974609375,1410.1912938343776,1258.7723525602783,1402.926321849912,12143430,INDIGO
2019-07-11,1347.99169921875,1377.2006497260343,1267.082292820528,1372.3241696698324,12110183,INDIGO
2019-07-12,1350.3302001953125,1382.3257411058526,1333.0137843253133,1345.5035291397498,6287519,INDIGO
2019-07-15,1374.4140625,1382.22631872109,1287.632988188617,1293.7534615534878,4022524,INDIGO
2019-07-16,1438.3056640625,1451.5418069871153,1358.4412602977427,1377.3499664850372,4407022,INDIGO
2019-07-17,1458.20947265625,1476.8195705487854,1412.2811991439462,1433.0807989250982,5998750,INDIGO
2019-07-18,1451.8900146484375,1475.1776020230088,1438.6538725107011,1455.9702898653193,2725626,INDIGO
2019-07-19,1455.9205322265625,1480.850216521593,1445.0231951541352,1470.8982661417438,3004690,INDIGO
2019-07-22,1511.9002685546875,1523.6436187163556,1417.904144850508,1474.9288697029629,7805623,INDIGO
2019-07-23,1516.080078125,1529.415715341077,1493.7876859631083,1506.7252208848408,2434765,INDIGO
2019-07-24,1587.3359375,1612.2158111285266,1443.2316608500705,1520.6080678347885,7056558,INDIGO
2019-07-25,1577.13525390625,1616.1468487600553,1569.422492765519,1602.2639273002446,2877671,INDIGO
2019-07-26,1574.84619140625,1598.4820713392614,1562.5555581378355,1562.5555581378355,1469774,INDIGO
2019-07-29,1572.3582763671875,1591.0181824357423,1553.0515907419338,1566.4369147682717,973548,INDIGO
2019-07-30,1537.1285400390625,1581.9123166180336,1531.853957759587,1571.412960404345,981802,INDIGO
2019-07-31,1549.717529296875,1556.0868012808207,1503.0429832761638,1526.6290550243004,1209983,INDIGO
2019-08-01,1544.14453125,1567.4321184494302,1531.6050985991574,1543.5474385492482,882991,INDIGO
2019-08-02,1500.40576171875,1563.5011488335008,1495.081492780861,1547.6277157390298,1600641,INDIGO
2019-08-05,1483.835693359375,1499.1119117809774,1454.5272502228768,1487.8164732208354,1112936,INDIGO
2019-08-06,1485.32861328125,1512.547173623184,1404.8671177228691,1457.9607493849455,3432460,INDIGO
2019-08-07,1491.74755859375,1517.174840492995,1470.6494723112648,1473.8838561955563,1148261,INDIGO
2019-08-08,1510.855224609375,1516.6272823793406,1471.1469221500745,1489.8068273016484,1072998,INDIGO
2019-08-09,1523.59375,1531.455814865608,1504.8343483824597,1517.672388291647,997946,INDIGO
2019-08-13,1499.908203125,1532.401344920836,1490.80214436832,1523.6933884700863,858858,INDIGO
2019-08-14,1591.8143310546875,1623.361962545231,1494.7828229097472,1494.7828229097472,2854234,INDIGO
2019-08-16,1593.2076416015625,1607.5881602327786,1564.44648285537,1564.44648285537,1567364,INDIGO
2019-08-19,1614.371826171875,1657.1994755452874,1607.2838286915137,1630.2450262442496,1432384,INDIGO
2019-08-20,1628.8973388671875,1642.2247922919405,1602.2922745462397,1621.2602204754476,1294430,INDIGO
2019-08-21,1622.0589599609375,1647.216398021331,1615.2703830294022,1638.7307377891,722330,INDIGO
2019-08-22,1618.3651123046875,1647.2163811720302,1612.07581378611,1622.2585572148782,1244084,INDIGO
2019-08-23,1642.7239990234375,1652.35774359721,1579.0315825246055,1607.2838884398263,1222090,INDIGO
2019-08-26,1677.51513671875,1685.1022907457898,1645.3195441664811,1671.625065956468,978810,INDIGO
2019-08-27,1645.8187255859375,1692.1404714182866,1613.373554305056,1679.162402905934,1778648,INDIGO
2019-08-28,1656.4508056640625,1662.1911052768805,1629.646126627518,1647.2164106347466,1248510,INDIGO
2019-08-29,1653.455810546875,1664.636866753956,1638.2315381780659,1658.1977970224057,944637,INDIGO
2019-08-30,1687.5980224609375,1693.2385148170808,1649.2129395329316,1662.1410430674207,936781,INDIGO
2019-09-03,1621.958984375,1713.1050045148058,1609.8794221775777,1685.1522422033756,2090282,INDIGO
2019-09-04,1638.43115234375,1650.111486888615,1595.254117584354,1631.24334790412,1819304,INDIGO
2019-09-05,1629.2467041015625,1639.8787611942173,1613.3236615909263,1635.2365816901713,893530,INDIGO
2019-09-06,1645.86865234375,1651.9083725100709,1631.2433434048528,1631.2433434048528,697759,INDIGO
2019-09-09,1672.8231201171875,1681.6581653575,1632.5910594605402,1644.2214297084015,758609,INDIGO
2019-09-11,1661.24267578125,1686.9492336648257,1652.4075088812233,1667.2823958741083,610667,INDIGO
2019-09-12,1720.1431884765625,1735.0179540372023,1659.1961337353011,1662.1910726048593,2212967,INDIGO
2019-09-13,1715.9501953125,1732.9714799110789,1701.2750436455462,1725.983289238363,975397,INDIGO
2019-09-16,1668.6800537109375,1679.0625325011576,1649.3127585980142,1667.1326199318348,1058230,INDIGO
2019-09-17,1664.78662109375,1685.1522292802001,1649.212963726831,1657.1994671831353,1001997,INDIGO
2019-09-18,1674.969482421875,1717.0982393151376,1670.2773385330306,1683.1555997007686,599249,INDIGO
2019-09-19,1691.0921630859375,1698.629474560415,1659.8450410510256,1680.1606850926703,720758,INDIGO
2019-09-20,1735.367431640625,1774.0020936571332,1667.5819586693715,1695.3349852714393,1844392,INDIGO
2019-09-23,1800.7569580078125,1825.9143957424951,1724.286088119443,1732.07297791866,1076164,INDIGO
2019-09-24,1814.8331298828125,1829.6080883729387,1788.6772575649143,1806.946433232294,782292,INDIGO
2019-09-25,1800.50732421875,1826.912652333228,1789.9750741166545,1819.2256915582298,632284,INDIGO
2019-09-26,1867.843505859375,1879.673489794589,1817.927858989803,1823.9177366141519,1780266,INDIGO
2019-09-27,1848.676025390625,1871.4874526142153,1826.613211037771,1855.8638301019662,740839,INDIGO
2019-09-30,1886.4620361328125,1895.646466263148,1829.60804214539,1849.873843193801,1090939,INDIGO
2019-10-01,1866.745361328125,1885.6633424959025,1850.8721614605247,1874.8316716412435,811298,INDIGO
2019-10-03,1822.9693603515625,1844.5827376259629,1777.5461223909017,1809.0428219680782,1184111,INDIGO
2019-10-04,1806.547119140625,1840.6395313069274,1785.0335478390934,1840.6395313069274,910904,INDIGO
2019-10-07,1792.1214599609375,1817.9278245304647,1768.012178607058,1801.9548178349746,539117,INDIGO
2019-10-09,1793.4193115234375,1800.9566232990712,1760.0757553463209,1796.9633713627097,681454,INDIGO
2019-10-10,1787.0799560546875,1811.2392021392604,1777.2965624350334,1786.9801491343142,409189,INDIGO
2019-10-11,1746.6982421875,1796.963273835525,1738.6119318281144,1795.9649609056164,688813,INDIGO
2019-10-14,1763.7694091796875,1769.9090582116567,1735.6170326593456,1747.047667221991,456697,INDIGO
2019-10-15,1749.09423828125,1768.7109900944936,1745.0510221215466,1766.1154008189035,561407,INDIGO
2019-10-16,1722.8885498046875,1760.674670851375,1703.421447144675,1750.0426134872625,926096,INDIGO
2019-10-17,1733.420654296875,1739.2109181123305,1689.29527095969,1714.1033232216778,1367203,INDIGO
2019-10-18,1726.9815673828125,1745.0510070994692,1703.171828300697,1726.0830613701273,1000146,INDIGO
2019-10-22,1671.5252685546875,1716.0999662809327,1663.6885362461749,1716.0999662809327,1111643,INDIGO
2019-10-23,1651.7587890625,1687.0491285167661,1638.3314063689074,1664.1877369121637,1049669,INDIGO
2019-10-24,1662.09130859375,1689.4949512119626,1634.68754411116,1655.9016949849022,1157546,INDIGO
2019-10-25,1465.3238525390625,1641.5260949218934,1450.0995794719906,1608.2822236755853,11229256,INDIGO
2019-10-27,1450.8980712890625,1476.4050153760313,1443.5604956322707,1464.4751027533935,504081,INDIGO
2019-10-29,1407.3717041015625,1432.0299856209717,1375.625303030627,1391.6482748839,4126810,INDIGO
2019-10-30,1509.4991455078125,1531.811415578,1417.604389671062,1447.5537781852395,6003645,INDIGO
2019-10-31,1454.3922119140625,1535.2555617024705,1447.5537925085353,1518.9331691736113,3358096,INDIGO
2019-11-01,1436.222900390625,1504.8069489461107,1426.5891563822793,1469.8161543732006,4453395,INDIGO
2019-11-04,1433.976806640625,1457.1875837136722,1419.2017256075142,1437.620673435721,1638666,INDIGO
2019-11-05,1459.982666015625,1500.4643032488925,1409.4680571586957,1429.5840866616195,4797987,INDIGO
2019-11-06,1466.17236328125,1492.228307345721,1448.602079435838,1471.5133132815474,1114009,INDIGO
2019-11-07,1490.031982421875,1495.3729321169837,1453.6434037372794,1475.2069382183163,2561089,INDIGO
2019-11-08,1527.4188232421875,1539.1490004795048,1478.0522962955672,1492.4778697693268,2400373,INDIGO
2019-11-11,1478.850830078125,1522.2275998760576,1467.6198096490746,1521.4289007886878,1565295,INDIGO
2019-11-13,1475.057373046875,1492.4279211801177,1463.926159092627,1479.4998170040044,898600,INDIGO
2019-11-14,1514.3409423828125,1522.4272529271243,1462.5284757627785,1475.5065441483866,1224651,INDIGO
2019-11-15,1463.1773681640625,1513.6420135857766,1453.6933953424364,1507.452522174253,1568300,INDIGO
2019-11-18,1457.536865234375,1484.3915071927318,1451.9961797748936,1472.5115590552762,997063,INDIGO
2019-11-19,1423.3447265625,1465.5234498290374,1419.8006667493835,1457.5369460152551,1131505,INDIGO
2019-11-20,1424.2431640625,1447.1543970297694,1415.1085763922788,1437.5706172873945,962616,INDIGO
2019-11-21,1397.8377685546875,1440.615576709896,1382.6634601921915,1424.243219667597,1363237,INDIGO
2019-11-22,1388.6533203125,1402.5298947589504,1354.9602580834942,1389.6516332674335,2178554,INDIGO
2019-11-25,1447.7034912109375,1452.345670616599,1387.8047165943228,1387.8047165943228,1803684,INDIGO
2019-11-26,1410.716064453125,1437.0715518116397,1386.1575892257463,1418.602761461855,2482861,INDIGO
2019-11-27,1424.792236328125,1437.5207268232848,1389.651668177435,1407.6213018176607,1424977,INDIGO
2019-11-28,1431.131591796875,1442.3126481972117,1415.607776531335,1417.604402450279,1070836,INDIGO
2019-11-29,1441.7635498046875,1472.411831256992,1417.9538097228974,1423.7440737238708,1106004,INDIGO
2019-12-02,1449.75,1459.43370861844,1434.9250772417117,1455.5402637868765,636925,INDIGO
2019-12-03,1397.23876953125,1442.4124301658326,1387.8546035016886,1435.5740108846321,1423698,INDIGO
2019-12-04,1403.4283447265625,1416.8056402967707,1383.2623507238802,1387.6549519229852,800504,INDIGO
2019-12-05,1319.02099609375,1391.1491073276372,1315.027744260732,1377.2725328350248,3271613,INDIGO
2019-12-06,1320.8677978515625,1332.7477459524018,1303.3474792537315,1322.7646167692376,2103825,INDIGO
2019-12-09,1325.5599365234375,1349.5692889968127,1314.9278796119038,1324.861044364716,1085122,INDIGO
2019-12-10,1326.50830078125,1338.2384776649224,1321.9160856932822,1325.1606027036596,538102,INDIGO
2019-12-11,1336.6910400390625,1345.7258207415698,1322.7646235033976,1327.7561881203915,609565,INDIGO
2019-12-12,1337.140380859375,1357.50598927908,1329.253684233071,1346.6243538223598,752297,INDIGO
2019-12-13,1319.8197021484375,1365.642169681848,1307.7899821924439,1344.727561842154,1540569,INDIGO
2019-12-16,1297.607177734375,1326.757866153166,1288.921782241387,1326.757866153166,1217911,INDIGO
2019-12-17,1312.9312744140625,1317.7730677522475,1292.8652088916183,1297.8068091499408,1110006,INDIGO
2019-12-18,1307.041259765625,1317.7731242242696,1290.3195174695973,1311.7832463868865,895588,INDIGO
2019-12-19,1283.88037109375,1306.7916037117802,1277.8405292216032,1301.5504609161446,952595,INDIGO
2019-12-20,1291.16796875,1306.2924336036497,1283.8303932856657,1297.8067739279668,1090049,INDIGO
2019-12-23,1298.15625,1312.7815594265628,1274.9454733789598,1281.8338572651762,1954266,INDIGO
2019-12-24,1304.7451171875,1307.790020561276,1292.815325669353,1292.815325669353,819488,INDIGO
2019-12-26,1319.7197265625,1336.9406245723094,1295.8601450722904,1302.7484067847172,1952617,INDIGO
2019-12-27,1337.789306640625,1342.7309069576568,1311.3340136782622,1319.7697092922099,1025068,INDIGO
2019-12-30,1340.8341064453125,1350.4178864472829,1327.7562310983465,1335.7427347440507,831296,INDIGO
2019-12-31,1331.30029296875,1356.50769514087,1326.009185549248,1342.730927584219,792215,INDIGO
2020-01-01,1330.751220703125,1345.3765304348162,1327.7562817217977,1331.3003415954533,377625,INDIGO
2020-01-02,1330.1522216796875,1344.677602231742,1327.7562461858754,1337.739375856446,396177,INDIGO
2020-01-03,1358.6539306640625,1380.1676230089743,1299.2044689181757,1316.275595614707,3665728,INDIGO
2020-01-06,1324.861083984375,1345.6260419711994,1315.7764605642792,1338.7376582827758,1398650,INDIGO
2020-01-07,1361.748779296875,1381.6650731884902,1324.9110083917358,1324.9110083917358,1430196,INDIGO
2020-01-08,1350.8172607421875,1365.6921484276152,1317.7731256757688,1323.8129679142003,1793942,INDIGO
2020-01-09,1399.8343505859375,1407.6212402351146,1366.8900236868178,1382.6634168266905,1937904,INDIGO
2020-01-10,1413.91064453125,1428.4859888644892,1403.9773578081188,1415.6077277581314,1336205,INDIGO
2020-01-13,1421.7474365234375,1433.577420811156,1405.2752725656492,1418.9022689399674,1243383,INDIGO
2020-01-14,1420.848876953125,1433.9767163493145,1415.607734073094,1427.5874892274503,810440,INDIGO
2020-01-15,1443.1611328125,1451.247443091813,1413.7109016718189,1423.5442595611723,808672,INDIGO
2020-01-16,1454.9912109375,1507.1530643928156,1440.565637053025,1489.5329377027617,2437625,INDIGO
2020-01-17,1470.4649658203125,1477.5031206475235,1446.1062280795115,1455.5402364216818,631678,INDIGO
2020-01-20,1469.8660888671875,1482.4947724124654,1455.5902863996198,1472.5116426319103,528466,INDIGO
2020-01-21,1436.3726806640625,1460.3321907878042,1423.6940334382937,1457.536865860953,1294690,INDIGO
2020-01-22,1465.6231689453125,1472.4615880532842,1426.3395800377077,1437.5706003529654,804058,INDIGO
2020-01-23,1463.427001953125,1482.4947552402423,1448.8516570152208,1482.4947552402423,976622,INDIGO
2020-01-24,1498.9669189453125,1510.7969032234544,1457.7365446901108,1462.5284956742476,1782660,INDIGO
2020-01-27,1493.2265625,1510.8468100573134,1477.752712111399,1496.4710795169647,1412469,INDIGO
2020-01-28,1451.2974853515625,1538.400292296996,1441.2643912212661,1512.4441549837436,6189322,INDIGO
2020-01-29,1459.63330078125,1477.8525116314402,1434.1264787096063,1472.5115618646694,1904809,INDIGO
2020-01-30,1416.8056640625,1454.4919772378885,1402.6296691767118,1448.5520640394368,1822998,INDIGO
2020-01-31,1375.9248046875,1424.5425959477595,1368.6870358981043,1414.6094309756484,1809304,INDIGO
2020-02-03,1389.4520263671875,1399.3352271789295,1347.0237255704415,1364.2446241291207,1155885,INDIGO
2020-02-04,1410.6162109375,1417.554437256163,1392.6465776771497,1397.6381424716915,597879,INDIGO
2020-02-05,1447.9031982421875,1452.545377946645,1404.676319563501,1419.1018932997633,885473,INDIGO
2020-02-06,1402.2303466796875,1455.889667798921,1384.6600631139854,1447.5537790304822,1789881,INDIGO
2020-02-07,1397.787841796875,1410.6161382852652,1389.1024463830793,1405.6245737478084,935774,INDIGO
2020-02-10,1398.4866943359375,1409.4182944345118,1385.1092762159103,1397.6381526875382,758700,INDIGO
2020-02-11,1388.6533203125,1413.6111441858375,1381.715094021462,1408.61957941117,908662,INDIGO
2020-02-12,1439.766845703125,1447.5537352314977,1378.7699506121064,1389.6515858222378,1501808,INDIGO
2020-02-13,1441.9632568359375,1455.3905173373687,1428.835417102436,1439.567281370629,948700,INDIGO
2020-02-14,1436.672119140625,1462.3288346665145,1427.2879531868828,1432.379446642468,822170,INDIGO
2020-02-17,1453.343994140625,1462.528424236499,1433.6273140186654,1438.8684568358951,507315,INDIGO
2020-02-18,1468.568359375,1476.305284977377,1424.343045573081,1444.9582330026126,744044,INDIGO
2020-02-19,1479.250244140625,1490.880614620629,1460.6816472609169,1472.5116315892842,634197,INDIGO
2020-02-20,1462.378662109375,1477.2535490474165,1451.69676257007,1477.2535490474165,631873,INDIGO
2020-02-24,1442.0631103515625,1475.5065954306745,1415.6078161845037,1455.5403356819509,998276,INDIGO
2020-02-25,1374.5771484375,1442.0131162300268,1332.7478107533402,1441.5639241406916,4775799,INDIGO
2020-02-26,1389.1025390625,1408.120449964812,1348.820634930533,1362.797016567901,1545234,INDIGO
2020-02-27,1364.1947021484375,1380.5670595730764,1356.2581626160477,1377.6719275264134,1307544,INDIGO
2020-02-28,1297.8568115234375,1339.6860270278878,1218.4409668629419,1317.7731063163321,4156991,INDIGO
2020-03-02,1236.959716796875,1345.675900206685,1211.4527720269887,1310.7849111425103,3163264,INDIGO
2020-03-03,1226.37744140625,1282.332928568717,1214.3478439999562,1240.902942943492,4247523,INDIGO
2020-03-04,1199.0238037109375,1231.3192029033798,1152.103095594403,1223.08312115952,5734352,INDIGO
2020-03-05,1209.0567626953125,1225.5788903990153,1182.2021205599626,1197.9755135676855,2209405,INDIGO
2020-03-06,1174.91455078125,1182.30209108192,1088.1611299049441,1088.1611299049441,2435604,INDIGO
2020-03-09,1211.1531982421875,1231.4189994721555,1161.1377448091803,1173.0676574443755,3127030,INDIGO
2020-03-11,1158.2926025390625,1213.1998148981647,1147.7603521498852,1202.967107140332,1752142,INDIGO
2020-03-12,1016.6819458007812,1042.488311519139,943.4057499502861,1042.488311519139,2385682,INDIGO
2020-03-13,997.114990234375,1031.0077280237228,864.189653773733,915.0536512567971,2267248,INDIGO
2020-03-16,976.7493896484375,1002.3061761413181,910.461387092512,939.4124619013749,2773872,INDIGO
2020-03-17,975.05224609375,1008.2960543118522,935.718692473463,950.3939046583002,2200893,INDIGO
2020-03-18,948.2974853515625,978.2967769891168,919.446217034816,973.5547905277538,1516071,INDIGO
2020-03-19,907.6661376953125,985.3348722803122,880.5120135270874,889.4968299916496,1835738,INDIGO
2020-03-20,870.2294311523438,947.5986865955671,833.6911397643602,848.6658343662743,4520092,INDIGO
2020-03-23,855.5042724609375,956.3837812509147,783.226392386011,783.226392386011,1901262,INDIGO
2020-03-24,914.8040771484375,971.8077850089643,769.9987912220729,798.7002894691813,3154705,INDIGO
2020-03-25,1009.3942260742188,1052.0222632855073,823.6082055373877,823.6082055373877,2511518,INDIGO
2020-03-26,1007.1979370117188,1145.4642774820131,947.8482212804513,998.3129275833527,3404418,INDIGO
2020-03-27,1025.56689453125,1066.2979878762214,1003.5041428041603,1010.2926583616555,1883975,INDIGO
2020-03-30,1014.9848022460938,1127.0953358683503,951.8914107621542,988.3298339323887,1245800,INDIGO
2020-03-31,1064.351318359375,1076.580651334411,1015.2842151519693,1033.253847278553,945092,INDIGO
2020-04-01,997.3146362304688,1050.6245720895367,980.3433160944147,1049.2269095878105,1206502,INDIGO
2020-04-03,951.641845703125,1003.2047353585248,913.5062777801445,997.3146644190106,2314763,INDIGO
2020-04-07,978.5962524414062,992.6225369617293,926.4843051593899,985.3348647382484,1751188,INDIGO
2020-04-08,988.4796142578125,1076.4309627767848,943.3059522446898,958.3804537590665,2715325,INDIGO
2020-04-09,1040.192138671875,1068.1948659118564,979.3450125790009,993.3213940021467,1723325,INDIGO
2020-04-13,1066.5975341796875,1089.009610195418,987.4312719112143,1050.2251781325049,2404617,INDIGO
2020-04-15,1005.8502197265625,1037.247174787958,995.318030090081,999.3112819660693,2851947,INDIGO
2020-04-16,1008.2960815429688,1022.5720055026435,981.3416318383547,996.3163261186958,1960417,INDIGO
2020-04-17,1066.497802734375,1086.8632899862675,1014.3358887216795,1028.2623669458794,2810726,INDIGO
2020-04-20,1002.4559936523438,1042.1887767577114,998.3129704520924,1042.1887767577114,2520926,INDIGO
2020-04-21,1008.9450073242188,1018.279209034157,964.969273129494,978.3466910328176,2044243,INDIGO
2020-04-22,958.0809326171875,1008.2960608888798,951.7416089423866,1008.2960608888798,2425067,INDIGO
2020-04-23,930.6273193359375,966.965873186669,924.9369234863893,965.8178498841245,2637093,INDIGO
2020-04-24,890.2455444335938,936.9665767994329,877.267476502406,928.4310135388195,2603976,INDIGO
2020-04-27,869.63037109375,916.0519224531783,863.5406865786133,908.4647685393504,3189120,INDIGO
2020-04-28,906.7676391601562,913.4563481031962,870.1295417547163,870.5288913070898,2908400,INDIGO
2020-04-29,919.7457275390625,928.3811591067989,903.5231417683696,912.8074402076209,1634105,INDIGO
2020-04-30,993.5709838867188,1036.0990920569977,928.4809660239043,947.3990090012521,5402202,INDIGO
2020-05-04,926.4344482421875,953.1393205379618,913.4563794629327,936.4175780723834,1878463,INDIGO
2020-05-05,948.69677734375,973.0556375206197,906.6678268253052,923.4394720776842,4813352,INDIGO
2020-05-06,935.4691162109375,953.1891706680672,910.0620400282214,929.4293351880431,2229088,INDIGO
2020-05-07,913.007080078125,935.4192175954237,907.4664554901175,935.4192175954237,1299780,INDIGO
2020-05-08,926.4843139648438,947.4987892149503,915.4529681382735,920.4445328500416,1787974,INDIGO
2020-05-11,958.580078125,992.3230426400038,949.5952618435513,951.392212913404,2836228,INDIGO
2020-05-12,1006.8984375,1018.2792297346151,941.8084805803614,941.8084805803614,5475398,INDIGO
2020-05-13,1002.70556640625,1058.211742886676,999.3112779524176,1058.211742886676,2639367,INDIGO
2020-05-14,970.110595703125,993.3213714685972,961.1756827381512,993.3213714685972,1369265,INDIGO
2020-05-15,982.3399658203125,994.7190710632813,939.4125079643436,968.5632589739043,4044820,INDIGO
2020-05-18,910.7109985351562,943.4057480029845,848.5660167222612,938.4141831987359,7187050,INDIGO
2020-05-19,918.3980102539062,934.2711495946678,883.5568639368447,898.48165472115,4015034,INDIGO
2020-05-20,910.3616333007812,925.3862315040408,898.4816844337264,907.4665012780637,1878434,INDIGO
2020-05-21,977.148681640625,1028.112544423407,965.6680829697922,998.3129278985106,14644737,INDIGO
2020-05-22,972.6063842773438,1014.2859496287208,964.320399040633,988.2799096617839,5480142,INDIGO
2020-05-26,940.4108276367188,993.3713190661281,935.3194558090133,988.2799472384226,2805222,INDIGO
2020-05-27,952.290771484375,955.5352886540074,918.9470937374309,928.4310670025104,2563702,INDIGO
2020-05-28,976.0505981445312,982.3399576380937,940.0614279398578,953.3888816507922,2040924,INDIGO
2020-05-29,963.8711547851562,976.350066680355,939.4124874705666,939.4124874705666,2054082,INDIGO
2020-06-01,951.9412841796875,981.3416122153012,946.4505630533556,970.3601699626377,3300019,INDIGO
2020-06-02,943.9547729492188,962.3736585804793,933.4225837891578,950.3939034944152,3616544,INDIGO
2020-06-03,1021.4738159179688,1074.883497460017,953.4886679101451,953.4886679101451,12015073,INDIGO
2020-06-04,1114.167236328125,1123.6012451269771,1023.2707918748569,1023.2707918748569,7718436,INDIGO
2020-06-05,1187.9425048828125,1202.3682008426797,1123.102124317942,1123.102124317942,7107113,INDIGO
2020-06-08,1115.4151611328125,1207.9587272785675,1107.8778492540416,1206.9604142808166,5117474,INDIGO
2020-06-09,1078.52734375,1133.0851694538458,1069.5924918203193,1119.1087885090406,3591032,INDIGO
2020-06-10,1033.8529052734375,1067.9952825576727,1011.2910561333674,1067.9952825576727,6034266,INDIGO
2020-06-11,1003.9534301757812,1062.2049657179862,983.3382436393011,1018.4788712329499,3364748,INDIGO
2020-06-12,1001.6572875976562,1012.5389232731463,948.8964718473015,954.3871931467862,3118448,INDIGO
2020-06-15,991.3247680664062,1040.8410664489127,981.9406018810195,1008.2461849041283,2822527,INDIGO
2020-06-16,1003.60400390625,1036.1490428774014,981.5912153816124,1035.25053684285,2080975,INDIGO
2020-06-17,1003.7537841796875,1017.0812379072747,988.4296435872589,1002.3062181920761,1205503,INDIGO
2020-06-18,1022.6718139648438,1027.9627994999066,993.4211956807842,996.3163276188842,1198096,INDIGO
2020-06-19,1025.8663330078125,1047.230253885111,1014.2859274997835,1022.6218160153181,1608772,INDIGO
2020-06-22,1045.4332275390625,1077.1796267296695,1028.3122586742886,1038.2454233538983,1634796,INDIGO
2020-06-23,1070.291259765625,1077.1796433032744,1033.852838096886,1045.433243624214,1204874,INDIGO
2020-06-24,1060.70751953125,1103.98436195525,1049.2269204963234,1070.1914926470588,2049144,INDIGO
2020-06-25,1043.18701171875,1066.198172712649,1035.3004373334368,1053.2201050672704,1157845,INDIGO
2020-06-26,1026.8148193359375,1060.2083383080846,1020.9746520995051,1046.231957200445,1850057,INDIGO
2020-06-29,1007.3975830078125,1031.2073227178128,996.5160083091233,1024.2690963953874,1447749,INDIGO
2020-06-30,987.1817626953125,1030.0593781657399,981.3416561541474,1024.2691141547866,1727778,INDIGO
2020-07-01,993.9703369140625,1005.3011647958374,983.3382793683215,995.218228131535,867302,INDIGO
2020-07-02,1000.1597900390625,1017.2309777951043,993.32137080389,998.3129354812966,854894,INDIGO
2020-07-03,1010.4425048828125,1016.2826114302385,999.5608690515976,1010.1429622437129,757620,INDIGO
2020-07-06,1025.017822265625,1031.906205999233,1000.1099019559566,1008.2960803392074,1311012,INDIGO
2020-07-07,1032.60498046875,1040.7912198170854,1017.5803826848036,1022.2724657590021,970260,INDIGO
2020-07-08,1038.9942626953125,1062.0552687987868,1025.4670726961165,1030.259023878513,1319165,INDIGO
2020-07-09,1018.3291015625,1073.5357949202187,1011.1412362129901,1039.2437698276003,1680868,INDIGO
2020-07-10,1015.03466796875,1026.7148804624749,1000.0100706121041,1008.2960557152078,1111117,INDIGO
2020-07-13,1013.1378784179688,1027.96280143283,1006.3992659689977,1018.2792145111697,677791,INDIGO
2020-07-14,953.6883544921875,997.3146428472169,939.6620696495925,993.3213910240048,3298689,INDIGO
2020-07-15,950.6434936523438,977.0987864659821,947.6485548432527,960.3770447818899,1459744,INDIGO
2020-07-16,987.9304809570312,1000.3095860353335,948.3973121093481,958.8296947289884,2554417,INDIGO
2020-07-17,989.5776977539062,1007.6971019141536,983.8873018325916,990.8255889238355,1447828,INDIGO
2020-07-20,969.8111572265625,998.3129806373203,958.9295213647401,995.3180416954083,1476093,INDIGO
2020-07-21,962.5234375,985.6343453102295,958.7297996136788,972.3567955046625,1638940,INDIGO
2020-07-22,964.0209350585938,972.157149130554,944.4040610041836,962.3736943002463,2023196,INDIGO
2020-07-23,962.2239379882812,980.3433428839091,959.4785773030156,968.2637802416161,1124664,INDIGO
2020-07-24,946.6502685546875,964.8694801561882,938.4141865978447,958.4303493489463,1355268,INDIGO
2020-07-27,900.8776245117188,944.8532974827682,896.8843727380537,944.8532974827682,2456712,INDIGO
2020-07-28,912.7575073242188,918.1484215640489,885.253998059799,894.4883927393064,1765413,INDIGO
2020-07-29,908.2152099609375,922.1416878565864,888.4985291181472,907.4664752453886,2464943,INDIGO
2020-07-30,936.9166870117188,944.1045523110854,873.7733940404975,874.5221287397609,4902577,INDIGO
2020-07-31,978.1968994140625,987.9804148670743,929.4293371900169,940.1612011801273,2953468,INDIGO
2020-08-03,952.1908569335938,984.1368705757001,949.3955929263466,973.4050066178049,1804826,INDIGO
2020-08-04,982.3399658203125,986.333217713891,954.9861659764244,958.3804544588415,1289557,INDIGO
2020-08-05,967.8145141601562,993.3213981781939,960.3770703994197,987.331520400235,1338993,INDIGO
2020-08-06,943.6553344726562,978.3467101647216,940.0614321551304,978.3467101647216,1285914,INDIGO
2020-08-07,937.6654663085938,945.7018736098155,926.4344452854672,945.7018736098155,1760811,INDIGO
2020-08-10,951.5919189453125,955.3854959801128,929.6290339802525,948.3474018482013,1399009,INDIGO
2020-08-11,938.0647583007812,963.621544643125,935.0198551534155,963.3719664134843,1211111,INDIGO
2020-08-12,1032.8046875,1054.2184510410223,934.6205745582222,943.4057161304603,13462907,INDIGO
2020-08-13,1159.0413818359375,1177.0110156628512,1033.253945047541,1033.253945047541,16902218,INDIGO
2020-08-14,1137.228271484375,1207.9587227361753,1110.3736275729843,1173.0177679462859,9420896,INDIGO
2020-08-17,1145.6639404296875,1154.4491433147396,1109.125710086831,1137.078473257336,4095837,INDIGO
2020-08-18,1194.581298828125,1217.7422333024795,1127.095365112761,1137.078495007471,7328731,INDIGO
2020-08-19,1213.1998291015625,1229.8217643195649,1188.8909328090413,1207.958686042288,3992266,INDIGO
2020-08-20,1197.925537109375,1225.928263202709,1185.9957464860086,1196.9771885831012,2246961,INDIGO
2020-08-21,1171.4703369140625,1220.4876025302385,1162.7850625908804,1216.9935070427364,2023269,INDIGO
2020-08-24,1155.697021484375,1190.9373958222661,1144.366193771373,1182.0025435839987,2005997,INDIGO
2020-08-25,1164.2325439453125,1203.5660995752862,1159.0413652155073,1169.024494976192,2968889,INDIGO
2020-08-26,1173.4171142578125,1187.9924595568102,1164.2325616199225,1187.9924595568102,1410231,INDIGO
2020-08-27,1183.6995849609375,1188.3917288212494,1167.4271574222107,1178.0092500412325,1406908,INDIGO
2020-08-28,1181.802978515625,1205.4629478772779,1174.6150517947474,1194.7310831239192,1589919,INDIGO
2020-08-31,1197.126953125,1250.8860790780254,1169.0743846630035,1205.9619980257419,4667063,INDIGO
2020-09-01,1200.42138671875,1234.7633773937407,1188.4416310319655,1203.2666761858627,2086945,INDIGO
2020-09-02,1245.19580078125,1269.8540820886362,1200.4213671406344,1200.9704880130735,3490729,INDIGO
2020-09-03,1280.13671875,1303.796686442761,1252.1839567129423,1267.857420966544,3968632,INDIGO
2020-09-04,1255.0291748046875,1308.93807519312,1238.0078899177745,1247.5916700583984,3738928,INDIGO
2020-09-07,1227.2760009765625,1265.6112426377754,1221.9350510657757,1247.8911877714213,2080978,INDIGO
2020-09-08,1249.5384521484375,1300.3026422543603,1238.9063946546341,1240.1542858660107,5229214,INDIGO
2020-09-09,1246.3936767578125,1253.781216715795,1206.1616174607311,1249.5383868189422,2711297,INDIGO
2020-09-10,1255.8277587890625,1282.682402202986,1247.8912193795593,1257.7745422099208,1811361,INDIGO
2020-09-11,1292.26611328125,1298.8051116668273,1235.9113975738142,1262.8658464708196,2601353,INDIGO
2020-09-14,1318.921142578125,1326.1089468778885,1287.823670654183,1297.8067998840602,3945158,INDIGO
2020-09-15,1341.283447265625,1352.714082091794,1318.5718270681427,1327.7562576989562,2052714,INDIGO
2020-09-16,1316.525146484375,1350.7673279500573,1310.7848472674764,1349.6192437338038,1986263,INDIGO
2020-09-17,1323.962646484375,1335.7427885823479,1307.839989091271,1314.7782156673782,1648186,INDIGO
2020-09-18,1312.981201171875,1332.6480402754305,1300.8517957843492,1327.7562822311766,1734743,INDIGO
2020-09-21,1295.660400390625,1348.5211426861376,1284.429380027263,1319.4701391880783,2360841,INDIGO
2020-09-22,1232.51708984375,1283.8303976045506,1206.0617978246828,1282.9818560070014,2509560,INDIGO
2020-09-23,1280.5360107421875,1296.2594401777023,1233.715229470156,1233.715229470156,3291128,INDIGO
2020-09-24,1195.2801513671875,1262.0671906545856,1178.8578301168309,1257.8243605901562,2942190,INDIGO
2020-09-25,1239.6051025390625,1248.8894614297317,1194.531371746344,1215.8951707173549,1339125,INDIGO
2020-09-28,1273.2484130859375,1281.8338804356056,1238.9064218228866,1253.4319245875931,1211785,INDIGO
2020-09-29,1236.7100830078125,1286.7753780076337,1221.98496756919,1286.7753780076337,1466619,INDIGO
2020-09-30,1246.99267578125,1258.822659811887,1218.091564756395,1236.7101255618004,1406382,INDIGO
2020-10-01,1267.2584228515625,1281.3346104044408,1248.889441072034,1248.889441072034,1036579,INDIGO
2020-10-05,1295.2113037109375,1326.7579699709295,1263.1654809535898,1269.155358921856,2422851,INDIGO
2020-10-06,1328.3052978515625,1342.6310638095056,1297.806789551358,1305.7932928716739,2414466,INDIGO
2020-10-07,1335.4931640625,1342.6809686385589,1304.7950405006072,1330.7511774960287,1347200,INDIGO
2020-10-08,1328.604736328125,1354.56087246535,1313.280657250753,1339.0371795480555,1269597,INDIGO
2020-10-09,1364.8934326171875,1392.0974608260378,1321.5667475668859,1337.5397549555685,2879497,INDIGO
2020-10-12,1377.971435546875,1387.4054443286698,1352.9136826118415,1367.6887632525834,1294658,INDIGO
2020-10-13,1363.0465087890625,1393.6448238869616,1354.1116569805204,1381.6151045625336,1610413,INDIGO
2020-10-14,1340.3349609375,1375.6752642318613,1320.01931649534,1357.6556664880086,1427546,INDIGO
2020-10-15,1303.24755859375,1362.6971419957986,1295.8101760516824,1340.4347150328294,1089592,INDIGO
2020-10-16,1327.4068603515625,1337.7393751825225,1306.7916732193448,1312.8813579424498,798744,INDIGO
2020-10-19,1363.9949951171875,1374.2775451030268,1328.8543071172985,1333.9956430424033,1304101,INDIGO
2020-10-20,1371.0330810546875,1377.6219222265183,1343.280053848642,1347.7224977807618,592623,INDIGO
2020-10-21,1363.0965576171875,1388.6533453514269,1346.7242004881919,1372.6803377844801,779195,INDIGO
2020-10-22,1353.9619140625,1374.0279796233815,1344.2783273675805,1363.0965017634273,857027,INDIGO
2020-10-23,1370.134521484375,1388.9028531696301,1357.1564534942904,1363.5956449618393,764529,INDIGO
2020-10-26,1349.669189453125,1384.660108274597,1342.1319995454553,1367.6887875531347,530299,INDIGO
2020-10-27,1324.4617919921875,1358.5542048938946,1291.916812967116,1344.727594387581,1295572,INDIGO
2020-10-28,1291.5174560546875,1332.7478309566247,1285.8770851979461,1319.769762190755,916789,INDIGO
2020-10-29,1328.65478515625,1338.0887941829853,1251.5849490708508,1253.18234734923,2476910,INDIGO
2020-10-30,1307.290771484375,1344.9770842934893,1292.8152341139867,1318.821334480329,2204122,INDIGO
2020-11-02,1308.9879150390625,1324.3619591208196,1282.8321640203512,1312.7815530636278,1014992,INDIGO
2020-11-03,1367.9383544921875,1385.5586028802331,1290.4692919768354,1310.7849366526125,2857913,INDIGO
2020-11-04,1339.1868896484375,1369.8850135856856,1321.317184913053,1354.560933814276,884649,INDIGO
2020-11-05,1415.1585693359375,1425.1416988240696,1323.8129345195273,1338.7376643585355,2675973,INDIGO
2020-11-06,1420.7491455078125,1438.5690078736916,1399.6847659486027,1424.5926261178056,1698905,INDIGO
2020-11-09,1488.5345458984375,1494.9736155636308,1429.5841185222832,1429.5841185222832,3075632,INDIGO
2020-11-10,1624.8043212890625,1636.933726369772,1547.385101804635,1597.3007502499458,5917627,INDIGO
2020-11-11,1616.767822265625,1629.246734138623,1592.908118391578,1609.3304395350676,2072031,INDIGO
2020-11-12,1628.29833984375,1647.2163209660669,1603.7897088678706,1618.2652462339358,1908193,INDIGO
2020-11-13,1613.673095703125,1637.133450303633,1602.2923035665995,1605.2872424517707,921910,INDIGO
2020-11-14,1612.2254638671875,1632.2416874343805,1599.596902431443,1632.2416874343805,109243,INDIGO
2020-11-17,1640.927001953125,1667.182682160445,1583.0748133149254,1617.666382560172,2158078,INDIGO
2020-11-18,1699.128662109375,1709.1117917339893,1622.258563999844,1637.4328722835078,2143367,INDIGO
2020-11-19,1685.102294921875,1731.9731610350755,1673.3222752324907,1694.5364254164044,2057899,INDIGO
2020-11-20,1676.8662109375,1740.908010960003,1640.2281744713812,1670.2275273211262,3900865,INDIGO
2020-11-23,1666.7333984375,1695.8341228102865,1643.3228871467522,1677.415298026154,1310395,INDIGO
2020-11-24,1653.5057373046875,1679.6614870496985,1639.329620729242,1647.0167033279724,1039763,INDIGO
2020-11-25,1587.966552734375,1659.0463875703922,1579.780313248186,1652.7071245732643,1812043,INDIGO
2020-11-26,1541.74462890625,1572.3429461680466,1519.4323581382648,1566.3530682778826,3278692,INDIGO
2020-11-27,1511.5955810546875,1559.6144096860694,1502.3112218528133,1547.385076020744,3301471,INDIGO
2020-12-01,1557.11865234375,1568.7988653273933,1512.9433034954018,1527.4188415361034,1581554,INDIGO
2020-12-02,1590.412353515625,1602.6916516795086,1545.7878129125484,1571.59417857697,1640027,INDIGO
2020-12-03,1641.2764892578125,1650.410955453964,1603.2906319530255,1603.2906319530255,2060546,INDIGO
2020-12-04,1741.8564453125,1749.0442496474948,1644.7205486839312,1655.2028344266816,4860585,INDIGO
2020-12-07,1737.3641357421875,1765.0173566682179,1717.098333410257,1741.0578450392375,1563286,INDIGO
2020-12-08,1744.70166015625,1783.9852505621213,1733.6702532578918,1750.741380415298,1616895,INDIGO
2020-12-09,1728.7286376953125,1765.6162523124044,1722.18963915182,1746.0493429393605,1014150,INDIGO
2020-12-10,1733.420654296875,1747.0476503424204,1719.0948879369419,1737.2641347547537,943295,INDIGO
2020-12-11,1726.9815673828125,1745.9993556401878,1696.3332872173053,1739.0611295007297,1542434,INDIGO
2020-12-14,1712.20654296875,1729.5772129434818,1694.6362591466439,1725.084804598174,1161901,INDIGO
2020-12-15,1656.9998779296875,1706.1168261690266,1648.015061408025,1706.1168261690266,1568196,INDIGO
2020-12-16,1653.0565185546875,1680.9094749852245,1634.288307706144,1675.5685249312723,1085904,INDIGO
2020-12-17,1639.7789306640625,1651.2095648186614,1622.707682290826,1651.2095648186614,1066899,INDIGO
2020-12-18,1648.2646484375,1681.7081323354278,1624.055559347209,1634.2383027136643,1828435,INDIGO
2020-12-21,1504.4576416015625,1634.2383273402506,1484.740960498954,1634.2383273402506,2728396,INDIGO
2020-12-22,1568.2996826171875,1594.255819359564,1422.5959560725582,1422.5959560725582,6290730,INDIGO
2020-12-23,1646.4676513671875,1656.101395816275,1544.6397293181026,1563.3580973418316,2543200,INDIGO
2020-12-24,1641.02685546875,1670.1775444990758,1612.425165435446,1647.2163469357292,1599459,INDIGO
2020-12-28,1685.052490234375,1711.4578196046482,1652.2079690744606,1652.2079690744606,2239393,INDIGO
2020-12-29,1689.3450927734375,1711.1083634108763,1666.6834379897655,1687.1488530714007,1705739,INDIGO
2020-12-30,1686.849365234375,1697.5812295891637,1674.4204175878351,1692.1404726852768,1065369,INDIGO
2020-12-31,1720.3927001953125,1735.9663573419728,1671.0760176772471,1677.165702103678,1474347,INDIGO
2021-01-01,1710.6092529296875,1720.9417676684684,1690.093872904273,1716.099974196751,1000420,INDIGO
2021-01-04,1742.006103515625,1748.0459455054101,1715.2513900325662,1719.0948704513514,864639,INDIGO
2021-01-05,1711.857177734375,1731.0247381517675,1699.6278437630988,1729.0780765918867,862655,INDIGO
2021-01-06,1729.5771484375,1740.059434185606,1705.9670233081772,1728.5288711169408,1039152,INDIGO
2021-01-07,1758.0791015625,1775.9987705976534,1728.5789046036182,1736.0662518658344,1507671,INDIGO
2021-01-08,1729.3775634765625,1771.905670563327,1720.0932043417372,1767.0139127596487,946898,INDIGO
2021-01-11,1699.777587890625,1748.0459951954779,1690.14384344143,1739.8099132649452,808125,INDIGO
2021-01-12,1677.165771484375,1724.0864805675687,1673.7216405208267,1699.1286565871467,1039105,INDIGO
2021-01-13,1631.043701171875,1692.1404032698524,1618.3650539402572,1692.1404032698524,1313112,INDIGO
2021-01-14,1655.8018798828125,1665.1360818482892,1619.7128413782339,1637.2332828767203,761001,INDIGO
2021-01-15,1628.29833984375,1661.5920514128265,1618.1654393146302,1657.199450184043,657711,INDIGO
2021-01-18,1591.36083984375,1624.2552034857408,1567.9503275599486,1624.2552034857408,842489,INDIGO
2021-01-19,1661.9415283203125,1672.1742363336978,1593.3075111573621,1593.3075111573621,1833017,INDIGO
2021-01-20,1663.5887451171875,1671.9246339813594,1639.47946269944,1661.04299831701,880286,INDIGO
2021-01-21,1674.719970703125,1723.0881853288597,1662.6402862808714,1677.1657887326096,1704954,INDIGO
2021-01-22,1639.5294189453125,1681.558370085682,1631.2933370454487,1681.558370085682,682971,INDIGO
2021-01-25,1584.871826171875,1661.59215460376,1574.88869633391,1655.4025409855951,753452,INDIGO
2021-01-27,1587.4674072265625,1624.7044082081422,1571.9935560589165,1592.3092007996925,1283190,INDIGO
2021-01-28,1590.1129150390625,1621.659579876929,1557.3682015429233,1586.3192770844264,1303613,INDIGO
2021-01-29,1545.138916015625,1641.4261542669387,1531.412112529781,1557.368250030286,2558849,INDIGO
2021-02-01,1637.2332763671875,1657.19953583508,1554.6228778187822,1558.366551469012,1647758,INDIGO
2021-02-02,1627.2501220703125,1668.7300742344805,1594.5054082914912,1650.8602479075819,1056437,INDIGO
2021-02-03,1618.964111328125,1661.0430278186018,1615.320366441709,1643.123358568838,729638,INDIGO
2021-02-04,1669.5286865234375,1677.1658051877932,1602.8414526262636,1612.275461534694,1155073,INDIGO
2021-02-05,1678.0142822265625,1729.4773630722616,1664.686828839314,1689.9940375165604,1716622,INDIGO
2021-02-08,1693.0887451171875,1740.9579226703315,1678.0142444230898,1679.1623286520578,1232332,INDIGO
2021-02-09,1659.24609375,1705.1185252352575,1649.9117701396776,1697.1320216041788,614345,INDIGO
2021-02-10,1620.910888671875,1688.2970145858235,1612.2754570522493,1679.0626195531713,1657187,INDIGO
2021-02-11,1627.5994873046875,1646.168083729312,1601.3439299408262,1627.2501021464263,828472,INDIGO
2021-02-12,1640.3779296875,1698.2301157425804,1613.2737090274381,1692.1404311890517,2402673,INDIGO
2021-02-15,1639.7789306640625,1654.7036600283743,1629.7458371018529,1646.218000233357,525619,INDIGO
2021-02-16,1607.7330322265625,1643.7722270033541,1593.457230243256,1643.7722270033541,929036,INDIGO
2021-02-17,1607.3338623046875,1626.1020732113448,1574.5391834179425,1606.7347770251445,1192359,INDIGO
2021-02-18,1589.713623046875,1619.2136986602354,1575.9368550963377,1610.2788461825928,1108617,INDIGO
2021-02-19,1563.158447265625,1605.7363965852605,1542.4434537994816,1592.309136313196,855393,INDIGO
2021-02-22,1509.69873046875,1563.1584366895202,1499.7655655473377,1562.4097019909905,1074104,INDIGO
2021-02-23,1527.8680419921875,1538.5999064604373,1503.5093029231964,1508.4509033977095,1062743,INDIGO
2021-02-24,1618.2652587890625,1632.2416398026633,1528.4170951302003,1528.4170951302003,1579112,INDIGO
2021-02-25,1657.399169921875,1667.1327215313254,1616.8178445493618,1618.8144705205311,1344545,INDIGO
2021-02-26,1617.217041015625,1651.7587671411845,1603.5901665170995,1635.2366388031314,1160739,INDIGO
2021-03-01,1671.8746337890625,1682.1573058286008,1617.31692904701,1618.2652775953482,1088141,INDIGO
2021-03-02,1688.5465087890625,1696.0338557401808,1664.1876490018835,1672.1741524164097,907278,INDIGO
2021-03-03,1779.5926513671875,1820.7730608108527,1697.3816037961635,1701.1252773819513,2461629,INDIGO
2021-03-04,1795.865234375,1816.3804928843374,1733.5704803872864,1748.0460185189395,1733743,INDIGO
2021-03-05,1739.0611572265625,1784.634167723084,1730.0763406852084,1767.0139197996646,1056152,INDIGO
2021-03-08,1705.0186767578125,1741.7565194467697,1693.2884998355553,1741.7565194467697,1651023,INDIGO
2021-03-09,1685.85107421875,1724.535702047775,1656.2012275703835,1705.0187564810478,1272447,INDIGO
2021-03-10,1681.7081298828125,1704.8189772005046,1675.219095703126,1697.1320162257025,417598,INDIGO
2021-03-12,1661.142822265625,1702.1236185428622,1654.5539810183345,1685.0524910816712,530235,INDIGO
2021-03-15,1659.1461181640625,1683.1555927735137,1627.3498758525734,1665.1859601104513,815004,INDIGO
2021-03-16,1679.26220703125,1698.529695920927,1632.341497872464,1643.2231335183342,1126523,INDIGO
2021-03-17,1692.6895751953125,1715.1016522310454,1668.2309078614007,1679.162385944481,1629064,INDIGO
2021-03-18,1717.04833984375,1727.081433913681,1677.1657855346728,1677.1657855346728,1836379,INDIGO
2021-03-19,1660.79345703125,1727.081463590489,1648.2147377964725,1709.11182986527,1381719,INDIGO
2021-03-22,1710.9586181640625,1724.934999408347,1623.5064284655566,1660.7933926265412,2226951,INDIGO
2021-03-23,1770.4580078125,1778.993632065634,1697.1319722287192,1697.1319722287192,2790975,INDIGO
2021-03-24,1731.32421875,1765.9157865449229,1722.8885231403,1741.0577699293642,1288016,INDIGO
2021-03-25,1660.7435302734375,1739.0611312080996,1647.216341270588,1724.0864371965488,1428198,INDIGO
2021-03-26,1610.27880859375,1673.521910398441,1597.300740080595,1651.2096400583152,1262754,INDIGO
2021-03-30,1582.725341796875,1626.9505314270118,1572.5424768038201,1599.2973120431748,1229662,INDIGO
2021-03-31,1629.19677734375,1652.207939690629,1577.134854258291,1582.3260328759195,1283008,INDIGO
2021-04-01,1613.8726806640625,1637.2332279231578,1598.6983726632068,1629.1469174508022,663120,INDIGO
2021-04-05,1550.0804443359375,1607.1840172963023,1522.4272248016819,1598.2990078081918,1714868,INDIGO
2021-04-06,1574.9384765625,1588.1162805459483,1543.9409327604574,1561.3614448928283,1069917,INDIGO
2021-04-07,1596.9512939453125,1609.2804341892104,1578.9316969135125,1587.3175498516407,860357,INDIGO
2021-04-08,1637.98193359375,1646.1680508424975,1592.958044996898,1594.0062004507415,812682,INDIGO
2021-04-09,1644.1715087890625,1660.8932511544701,1605.2872670791342,1618.8144566637668,624303,INDIGO
2021-04-12,1591.1112060546875,1610.228801286534,1526.620092901151,1607.2338624786994,1367498,INDIGO
2021-04-13,1603.041015625,1636.833884528729,1591.111224646808,1591.3108384905806,1096901,INDIGO
2021-04-15,1607.134033203125,1617.2169693430426,1562.958686402033,1572.3428522422578,847017,INDIGO
2021-04-16,1580.2296142578125,1613.722941063781,1573.7405799952235,1601.2939934142646,546565,INDIGO
2021-04-19,1525.3223876953125,1555.371583255683,1513.9915600335585,1532.410385300047,971452,INDIGO
2021-04-20,1551.6778564453125,1583.17455668635,1500.4643537106374,1518.334179767757,1964923,INDIGO
2021-04-22,1538.6998291015625,1562.3597977401193,1517.4357140990296,1517.4357140990296,619438,INDIGO
2021-04-23,1539.248779296875,1546.6862838046345,1502.710550133859,1546.6862838046345,646250,INDIGO
2021-04-26,1570.396240234375,1582.3260312828397,1542.3935131432097,1542.3935131432097,565955,INDIGO
2021-04-27,1637.732421875,1647.2163950586712,1562.359792888982,1573.3412355227065,1017757,INDIGO
2021-04-28,1644.7705078125,1653.6055528230988,1630.344812932162,1637.3330034049654,553525,INDIGO
2021-04-29,1653.0565185546875,1661.1927936899265,1635.436270138166,1647.1166050874244,516705,INDIGO
2021-04-30,1640.6275634765625,1676.9661800505903,1629.246771216513,1629.246771216513,753681,INDIGO
2021-05-03,1663.43896484375,1671.9745893730942,1609.4801007642839,1617.266990575769,519292,INDIGO
2021-05-04,1619.213623046875,1682.157302611407,1612.9741671766546,1682.157302611407,484049,INDIGO
2021-05-05,1646.5673828125,1661.1926913974974,1593.9063765197009,1630.244991016895,767445,INDIGO
2021-05-06,1660.14453125,1680.1607553641718,1635.0370571447058,1635.0370571447058,646315,INDIGO
2021-05-07,1637.8321533203125,1679.1123682182013,1622.558038752292,1670.1775163237237,568355,INDIGO
2021-05-10,1674.86962890625,1682.1573623673012,1640.2781818244416,1643.223156354052,525536,INDIGO
2021-05-11,1672.124267578125,1709.710775433847,1661.8417170613375,1667.1826671010315,1161037,INDIGO
2021-05-12,1678.064208984375,1691.2418907620797,1655.701975238369,1677.0658960659316,413106,INDIGO
2021-05-14,1691.890869140625,1712.10670634381,1677.1657531531198,1692.1404473777013,731403,INDIGO
2021-05-17,1700.875732421875,1706.1668399390628,1667.1826694905537,1691.1421809083822,347534,INDIGO
2021-05-18,1711.80712890625,1721.9400294983857,1689.8442444901166,1707.11510689037,524717,INDIGO
2021-05-19,1686.74951171875,1722.0898140139986,1676.2173833661573,1721.990007093307,527228,INDIGO
2021-05-20,1666.7833251953125,1691.541535817735,1654.2046060340724,1680.1607434854218,550260,INDIGO
2021-05-21,1689.6446533203125,1701.1752165392372,1658.1977956661974,1658.1977956661974,512802,INDIGO
2021-05-24,1680.260498046875,1705.9172139236166,1671.175874594891,1694.636228867878,427968,INDIGO
2021-05-25,1716.1998291015625,1733.3708855718037,1669.428890101,1692.8392808666067,1097806,INDIGO
2021-05-26,1721.2413330078125,1745.7498433227554,1707.11518009787,1732.0730043683068,617840,INDIGO
2021-05-27,1737.7633056640625,1744.9512320323856,1701.5246186487889,1721.8902272291434,730539,INDIGO
2021-05-28,1773.1036376953125,1791.8719702352648,1717.1482689700545,1742.60524964836,1013747,INDIGO
2021-05-31,1755.9326171875,1828.0607255682248,1729.0779752998649,1788.976750425726,1491987,INDIGO
2021-06-01,1742.7548828125,1774.9504757223663,1735.06792177822,1758.5282763016883,438074,INDIGO
2021-06-02,1761.6729736328125,1771.8557169888686,1725.5339716822896,1732.0729702581202,429246,INDIGO
2021-06-03,1761.623046875,1781.6392707190844,1746.947894925214,1769.110394168641,449007,INDIGO
2021-06-04,1751.4901123046875,1776.9970570091928,1744.8514286562367,1767.013927475433,423366,INDIGO
2021-06-07,1752.4884033203125,1846.9289050189652,1739.8098777168982,1751.4900903794335,2648012,INDIGO
2021-06-08,1781.289794921875,1791.9716944382378,1756.3319718795597,1766.5147149350762,1268201,INDIGO
2021-06-09,1790.0250244140625,1856.4626759159066,1777.99530501953,1783.0368339956815,1902195,INDIGO
2021-06-10,1784.4344482421875,1809.7916217512584,1768.511405305956,1797.9616375704356,650874,INDIGO
2021-06-11,1788.62744140625,1808.044579756919,1775.0504095060505,1801.9548950661356,605765,INDIGO
2021-06-14,1773.4031982421875,1798.061480049562,1762.4715980160015,1796.9633601467922,328593,INDIGO
2021-06-15,1786.6806640625,1795.965023379361,1775.000451122014,1775.000451122014,370508,INDIGO
2021-06-16,1730.775146484375,1780.4412167172288,1725.0848113039492,1776.9970857181884,893431,INDIGO
2021-06-17,1704.619384765625,1735.3674727797681,1692.8392430534125,1698.230157427889,835755,INDIGO
2021-06-18,1699.827392578125,1713.3545816480287,1662.2908504426434,1705.1184999008497,477005,INDIGO
2021-06-21,1716.0999755859375,1722.0898533366737,1673.2224827660004,1687.1488997907122,519407,INDIGO
2021-06-22,1714.552490234375,1735.0179052677631,1704.6193253419667,1717.0982369476912,491436,INDIGO
2021-06-23,1705.967041015625,1740.6584156373005,1699.2284286790405,1720.093193471858,574750,INDIGO
2021-06-24,1687.2987060546875,1730.5255849325245,1681.209021254851,1721.0915760254675,653570,INDIGO
2021-06-25,1725.284423828125,1729.5272539452635,1689.1455431055417,1692.1404820117573,513349,INDIGO
2021-06-28,1726.6820068359375,1744.5018681343618,1717.1481915421846,1731.0746080689637,290011,INDIGO
2021-06-29,1726.3326416015625,1749.9926093982206,1719.0948728280414,1728.9282308578129,354016,INDIGO
2021-06-30,1714.0533447265625,1742.0560712945532,1706.2166125609485,1728.5288822817322,281540,INDIGO
2021-07-01,1739.66015625,1744.052757688605,1714.103368604084,1714.103368604084,310710,INDIGO
2021-07-02,1717.04833984375,1739.660152932316,1705.2683199449295,1739.660152932316,440453,INDIGO
2021-07-05,1752.987548828125,1757.030764959149,1717.0982475737137,1726.0830639854366,545078,INDIGO
2021-07-06,1765.666259765625,1806.9464767256818,1756.0325152267812,1776.9970876086816,1458817,INDIGO
2021-07-07,1806.447265625,1810.5902887004686,1766.0155915394446,1766.0155915394446,695752,INDIGO
2021-07-08,1818.876220703125,1840.1902995622424,1802.4540215098891,1816.929559206867,841105,INDIGO
2021-07-09,1806.2476806640625,1834.8992137654666,1799.0597542597407,1818.726592618398,482765,INDIGO
2021-07-12,1809.4422607421875,1826.8129308181876,1797.2628912363216,1826.8129308181876,314517,INDIGO
2021-07-13,1821.3720703125,1825.9144431239777,1798.9599926240612,1816.929626290672,272846,INDIGO
2021-07-14,1819.475341796875,1825.5150621121522,1807.0462722729458,1819.9245338850515,543340,INDIGO
2021-07-15,1821.57177734375,1856.8621163104308,1812.9363458170658,1819.4753444885328,758999,INDIGO
2021-07-16,1805.998046875,1818.926150516291,1798.959892003489,1818.926150516291,236121,INDIGO
2021-07-19,1762.9208984375,1796.9633463482216,1757.1805988588876,1796.9633463482216,526822,INDIGO
2021-07-20,1671.1258544921875,1762.9208000996698,1667.1825672256352,1758.0290424457148,1196682,INDIGO
2021-07-22,1691.2918701171875,1694.1370375870495,1654.204520496017,1694.1370375870495,798942,INDIGO
2021-07-23,1724.186279296875,1747.9461763590743,1677.165763514087,1691.2919161927503,1108929,INDIGO
2021-07-26,1737.3641357421875,1760.974140335076,1718.096646394798,1724.086524302043,743650,INDIGO
2021-07-27,1701.9737548828125,1746.748064908635,1688.9956869411612,1728.1296264684543,612943,INDIGO
2021-07-28,1664.6368408203125,1696.8823970973115,1623.7060108270844,1678.1640297223596,2844402,INDIGO
2021-07-29,1650.410888671875,1675.3687119451877,1637.5327493543427,1672.1741593119523,551479,INDIGO
2021-07-30,1644.57080078125,1671.6750215319037,1634.2882505963332,1663.1893615241274,451139,INDIGO
2021-08-02,1660.34423828125,1672.0744156635808,1647.2163983698515,1654.2045891508144,211863,INDIGO
2021-08-03,1675.9178466796875,1689.1454931240694,1636.2349073465423,1666.6834519921003,552933,INDIGO
2021-08-04,1659.7452392578125,1691.840903021592,1653.655432787863,1676.5667880467245,318769,INDIGO
2021-08-05,1646.1680908203125,1667.1326627787632,1637.2332386599603,1667.1326627787632,309824,INDIGO
2021-08-06,1643.7222900390625,1659.1461765384406,1638.3813400713916,1655.9516238094716,292430,INDIGO
2021-08-09,1659.994873046875,1674.0210973070257,1626.2518455536028,1643.7223227157808,764977,INDIGO
2021-08-10,1635.9853515625,1673.172509057971,1626.251800271739,1649.2129981884057,248451,INDIGO
2021-08-11,1638.081787109375,1653.8052161436228,1613.4733484067092,1647.2163750164318,351235,INDIGO
2021-08-12,1666.48388671875,1676.0676668414962,1634.2383290971068,1640.2282069068701,307770,INDIGO
2021-08-13,1673.771484375,1717.0982912121824,1650.3111298148335,1687.1489024119699,1380674,INDIGO
2021-08-16,1689.544921875,1701.9738698049173,1658.5972193090784,1674.1708775177633,357010,INDIGO
2021-08-17,1702.6727294921875,1715.0517127906114,1677.165784441391,1682.157349276038,775310,INDIGO
2021-08-18,1694.5863037109375,1711.6575530048535,1688.2470407185883,1703.1219283578955,412379,INDIGO
2021-08-20,1655.7020263671875,1720.143175988428,1646.168088955893,1694.5862669955725,852318,INDIGO
2021-08-23,1668.630126953125,1685.0524480541874,1627.2501040349189,1653.2062406636967,484938,INDIGO
2021-08-24,1689.6446533203125,1693.1387486152144,1651.2096050763942,1676.1674286114062,272693,INDIGO
2021-08-25,1714.1033935546875,1739.510410252132,1689.5449185207808,1695.1354468583922,853633,INDIGO
2021-08-26,1744.8514404296875,1758.0291227574173,1715.1016654725968,1726.5323001201305,781715,INDIGO
2021-08-27,1773.852294921875,1779.9919437783367,1731.6237313485044,1756.3818187490647,602056,INDIGO
2021-08-30,1816.1807861328125,1823.9177112901737,1772.005439266589,1785.9818201960156,603866,INDIGO
2021-08-31,1900.9376220703125,1920.804074085011,1804.0014593064484,1826.91269269034,1684036,INDIGO
2021-09-01,1912.767578125,1931.6357169167484,1891.7031996281262,1902.7844488028445,687249,INDIGO
2021-09-02,1940.7703857421875,1950.7035510871826,1894.7980245463013,1915.7625969991318,585550,INDIGO
2021-09-03,1962.3338623046875,1983.1486628095267,1923.8488495764025,1941.4191330139722,734991,INDIGO
2021-09-06,1965.378662109375,1981.6512119913762,1951.7018233970482,1981.152055514804,598181,INDIGO
2021-09-07,1947.359130859375,1981.651155448545,1924.6973543509885,1980.7526494434776,649759,INDIGO
2021-09-08,1947.359130859375,1956.1442114777537,1921.3031878986435,1954.696706482746,367903,INDIGO
2021-09-09,1908.375,1952.650154707967,1901.6863520187674,1937.725424936048,633432,INDIGO
2021-09-13,1894.4984130859375,1918.8074306098965,1861.8536287696134,1918.4579235902113,716996,INDIGO
2021-09-14,1939.7220458984375,1945.6619591563403,1890.255590886982,1891.8030246925061,639673,INDIGO
2021-09-15,1974.1138916015625,2019.6869020812185,1931.7355556762743,1950.7035017010026,1030513,INDIGO
2021-09-16,1976.5098876953125,1995.627605234895,1953.6984609528213,1984.6461626848281,513545,INDIGO
2021-09-17,2192.34521484375,2270.11369659181,1980.2037117833347,1991.6343463789578,8384566,INDIGO
2021-09-20,2165.83984375,2200.780795366156,2137.6375042312457,2192.3451000788596,2860263,INDIGO
2021-09-21,2232.477294921875,2245.754905667606,2136.5892890258765,2171.3306278166924,2496310,INDIGO
2021-09-22,2184.6083984375,2303.257752890672,2176.4222805390664,2251.1958271511635,2111974,INDIGO
2021-09-23,2212.7607421875,2242.210975390537,2191.9957832511327,2200.281829813332,1442660,INDIGO
2021-09-24,2135.091796875,2218.1513832139512,2110.932672915824,2213.259747389161,871505,INDIGO
2021-09-27,2078.58740234375,2166.5386232634564,2054.4280349975575,2153.360941629275,901244,INDIGO
2021-09-28,2019.6370849609375,2061.5162649387617,1982.0505775977747,2061.5162649387617,995262,INDIGO
2021-09-29,2005.9102783203125,2054.428141916001,1996.6758834447016,2019.637081513788,693658,INDIGO
2021-09-30,2018.2891845703125,2037.007551847691,1980.5030648659183,2023.8298700301646,683725,INDIGO
2021-10-01,1972.71630859375,2026.575242271928,1954.8963253512413,2006.6089837273769,820838,INDIGO
2021-10-04,1989.7874755859375,2009.4043493762351,1950.803306242205,1976.659635954075,424271,INDIGO
2021-10-05,1967.7247314453125,2007.4076700502733,1958.6899507656049,1973.6646445787976,337980,INDIGO
2021-10-06,1926.045166015625,1984.0969648436455,1916.7608071104357,1982.2002677864386,499906,INDIGO
2021-10-07,1944.4140625,1985.245086077039,1933.0832350154842,1933.0832350154842,518119,INDIGO
2021-10-08,1959.189208984375,1985.1453462753782,1914.6145103790655,1963.681617361664,815674,INDIGO
2021-10-11,2044.7445068359375,2132.3964313653364,1926.7439665426493,1945.6121054065375,2311543,INDIGO
2021-10-12,2036.85791015625,2081.083221491071,2007.2079431573688,2061.715804503758,850605,INDIGO
2021-10-13,2014.1463623046875,2136.389735578363,2006.958435870098,2136.389735578363,1540619,INDIGO
2021-10-14,2069.702392578125,2083.479160256091,2012.1497475738117,2016.592191527218,628438,INDIGO
2021-10-18,2049.38671875,2095.358832464168,2041.5498650528025,2089.468883890228,434290,INDIGO
2021-10-19,2013.1480712890625,2081.3328959836904,2001.3679294804022,2076.490980580739,386825,INDIGO
2021-10-20,2008.5556640625,2070.40110173961,1983.2484554923642,2018.588757821158,682880,INDIGO
2021-10-21,2040.052490234375,2054.0788357688652,1989.6376868300022,2028.6218558320038,696012,INDIGO
2021-10-22,2015.2943115234375,2061.516250040061,1997.7739922991066,2041.0508344827626,360974,INDIGO
2021-10-25,1992.6826171875,2064.26160712178,1958.8397837315983,2026.575293172392,859034,INDIGO
2021-10-26,2017.7900390625,2026.5752415647853,1985.9439541865502,2003.2146947029378,234685,INDIGO
2021-10-27,2006.858642578125,2075.492659082165,1998.6225605976404,2026.575323682922,759257,INDIGO
2021-10-28,1994.579345703125,2054.5280881782755,1972.866038648763,2017.3908945138064,612492,INDIGO
2021-10-29,2171.5302734375,2186.0058111681255,1846.878951838457,1996.6258938794128,5299099,INDIGO
2021-11-01,2175.62353515625,2201.2801301037716,2125.557992762668,2164.342549689332,984882,INDIGO
2021-11-02,2175.07421875,2222.6437306783287,2157.354164873781,2161.4473452324573,571371,INDIGO
2021-11-03,2160.79833984375,2193.3934027514856,2130.499689114701,2172.328902756242,329832,INDIGO
2021-11-04,2167.287353515625,2188.3018889227887,2160.3491275679353,2166.3390050011185,51064,INDIGO
2021-11-08,2158.302734375,2231.229547526483,2142.180076970507,2171.3307677271146,622515,INDIGO
2021-11-09,2151.56396484375,2198.784214889973,2139.9337167718104,2165.3407319393195,734072,INDIGO
2021-11-10,2133.2451171875,2196.1885534803682,2126.4065760125804,2155.3576514606393,783646,INDIGO
2021-11-11,2143.8271484375,2194.29191804642,2122.962504761044,2141.3813303956194,1105941,INDIGO
2021-11-12,2302.359130859375,2321.0275333860704,2156.355868902439,2160.349120511518,4162955,INDIGO
2021-11-15,2342.69091796875,2351.0269283484454,2281.19498828826,2306.1028469150356,1313934,INDIGO
2021-11-16,2360.4111328125,2375.9849129265467,2321.427205589715,2345.985558872626,830737,INDIGO
2021-11-17,2328.06591796875,2365.9018832092424,2304.2063347400767,2359.0136209949214,438454,INDIGO
2021-11-18,2247.35205078125,2353.9719202566384,2237.0196582118306,2339.695996637914,524409,INDIGO
2021-11-22,2159.1513671875,2270.1137576952583,2124.410026652507,2256.486882976325,838797,INDIGO
2021-11-23,2175.773193359375,2189.6996107988384,2118.4701253289186,2159.350993449443,584703,INDIGO
2021-11-24,2138.13671875,2199.283385738882,2119.418351304424,2187.203701789173,476843,INDIGO
2021-11-25,2068.105224609375,2136.3897335548622,2056.5246967864564,2130.4997845846924,943511,INDIGO
2021-11-26,1884.9146728515625,1996.5261103742268,1867.693774314874,1987.840714515359,2819594,INDIGO
2021-11-29,1891.3038330078125,1941.7186356295567,1809.1925950743776,1866.8451663893425,2315808,INDIGO
2021-11-30,1901.836181640625,1964.6799346668658,1887.95960691619,1897.7929653463982,2430528,INDIGO
2021-12-01,1899.5899658203125,1957.6417674658128,1850.373087711636,1904.6813375884296,1712409,INDIGO
2021-12-02,1908.8243408203125,1931.7355744694325,1858.2098007117133,1858.2098007117133,879202,INDIGO
2021-12-03,1872.4857177734375,1975.6613372642623,1867.8435381614122,1909.772682256965,1109110,INDIGO
2021-12-06,1855.9136962890625,1908.6745101253082,1844.8822896963743,1874.931484435979,729396,INDIGO
2021-12-07,1941.96826171875,1960.6866294901042,1892.0026499353328,1895.846252275883,2025528,INDIGO
2021-12-08,1983.4482421875,1994.0801777441952,1947.958167632985,1968.6731616001262,805233,INDIGO
2021-12-09,2016.093017578125,2025.5270262803144,1970.6697780139732,1993.9305186683987,987230,INDIGO
2021-12-10,1994.22998046875,2023.0812499056638,1978.8060937044872,1988.6394521648567,743526,INDIGO
2021-12-13,2006.9085693359375,2016.5921561917028,1988.5894292374496,2014.5955302944833,519616,INDIGO
2021-12-14,1974.163818359375,2021.5836825171857,1957.7416194125765,1986.6427299798515,932488,INDIGO
2021-12-15,1959.4886474609375,2015.5438204085374,1953.2491917130417,1967.6747646564288,468818,INDIGO
2021-12-16,1962.283935546875,1990.9854332308864,1945.2627726476778,1982.5497374399445,484056,INDIGO
2021-12-17,1952.1011962890625,1990.5860879742465,1938.7237781841238,1953.6984726603143,922125,INDIGO
2021-12-20,1815.332275390625,1938.4741522292768,1792.1214995238395,1938.4741522292768,769021,INDIGO
2021-12-21,1835.348388671875,1855.0152268464576,1768.0122291422736,1833.90088364447,1165324,INDIGO
2021-12-22,1912.318359375,1926.5443184606238,1836.895769652488,1836.895769652488,1071632,INDIGO
2021-12-23,1966.3271484375,1976.6596632132396,1918.7575114625488,1918.7575114625488,1012553,INDIGO
2021-12-24,1964.280517578125,1986.6427518207406,1943.8151022955494,1985.6444388801272,679232,INDIGO
2021-12-27,1999.3712158203125,2008.555646008803,1921.802350088848,1938.723705466507,796381,INDIGO
2021-12-28,1997.57421875,2062.5145239242443,1986.6427408563632,2006.4093857171654,803912,INDIGO
2021-12-29,2004.76220703125,2014.4957584496794,1966.776349929475,1986.642802325606,483618,INDIGO
2021-12-30,1976.21044921875,2003.6140909546675,1970.669763599658,2003.6140909546675,449008,INDIGO
2021-12-31,2014.1463623046875,2021.5837451150396,1978.4566739650022,1986.6427914957674,417284,INDIGO
2022-01-03,2010.602294921875,2021.3841236006715,1931.7355713375512,1997.6242264839482,1313054,INDIGO
2022-01-04,2038.2554931640625,2056.524668822164,1999.1216744254289,2010.602273304776,787910,INDIGO
2022-01-05,1974.4134521484375,2024.5287138806812,1961.6849619373934,2011.600609823841,903873,INDIGO
2022-01-06,1956.8431396484375,1987.5412626465366,1936.8768807878855,1951.7018036189709,1064170,INDIGO
2022-01-07,2002.066650390625,2015.3442613286572,1966.6765051727332,1976.0606712454166,1430111,INDIGO
2022-01-10,2051.633056640625,2063.363233892341,1973.6647171611214,1973.6647171611214,1307846,INDIGO
2022-01-11,2032.115966796875,2111.4318816428636,2021.933101624938,2036.5584106626202,1461780,INDIGO
2022-01-12,2085.475830078125,2096.457272936363,2037.2572640548374,2054.1288997742936,725042,INDIGO
2022-01-13,2141.28125,2157.254256461776,2087.572210755266,2092.4638464926907,1194980,INDIGO
2022-01-14,2161.796630859375,2165.3406904170083,2117.771177996852,2117.771177996852,628330,INDIGO
2022-01-17,2161.59716796875,2169.7333212191697,2132.396513465535,2161.796781817893,443336,INDIGO
2022-01-18,2108.6865234375,2179.317164475826,2093.512215380669,2164.342470262753,819354,INDIGO
2022-01-19,2075.99169921875,2119.4183108638645,2054.1287439509806,2118.669576180328,459357,INDIGO
2022-01-20,2088.22119140625,2103.6450783159194,2050.434947341435,2081.48257874126,409415,INDIGO
2022-01-21,2080.833740234375,2124.1104613240614,2066.50785159774,2084.078257392681,708173,INDIGO
2022-01-24,1988.8389892578125,2085.475730543841,1967.5250323730945,2085.475730543841,459730,INDIGO
2022-01-25,1963.382080078125,2020.5854623173461,1952.3008304234695,1981.75106319934,705168,INDIGO
2022-01-27,1859.4576416015625,1931.7355222058065,1834.899167862673,1921.7523928920814,1484512,INDIGO
2022-01-28,1853.517822265625,1898.0425568866453,1822.9195049967202,1865.8469632195345,1843563,INDIGO
2022-01-31,1853.7174072265625,1895.696516208065,1832.0041002080702,1861.8536822753326,814981,INDIGO
2022-02-01,1947.6087646484375,1958.6900140553867,1860.9053090413377,1863.9500904297818,1050461,INDIGO
2022-02-02,1944.264404296875,1976.6096458826062,1934.7804314192927,1956.6933515854319,318185,INDIGO
2022-02-03,1938.224609375,1956.0944357091485,1916.7608807622971,1956.0944357091485,258633,INDIGO
2022-02-04,1971.0191650390625,2001.6174815868183,1933.782164809464,1947.3591966707938,946376,INDIGO
2022-02-07,2166.43896484375,2183.360320089348,1981.6511458892328,2001.6174042861016,4481201,INDIGO
2022-02-08,2178.91796875,2231.2294704768383,2151.3644335022755,2161.347563124096,2280188,INDIGO
2022-02-09,2249.997802734375,2259.182233239976,2176.4221861731053,2186.3053870064286,1079814,INDIGO
2022-02-10,2232.9765625,2278.250153725435,2191.396924290988,2246.703366002571,1182724,INDIGO
2022-02-11,2261.12890625,2278.1501910860297,2197.3867695333324,2204.474645363001,1317813,INDIGO
2022-02-14,2088.770263671875,2224.7404406456385,2079.2363261183323,2166.3391322418825,1288158,INDIGO
2022-02-15,2186.904541015625,2195.2403082739543,2068.055330395708,2121.415111151629,1091103,INDIGO
2022-02-16,2167.287353515625,2219.6488166649506,2148.4693014836175,2191.29682763938,796340,INDIGO
2022-02-17,2153.011474609375,2240.214206196813,2126.4065326199693,2194.2418472035765,1442010,INDIGO
2022-02-18,2113.029296875,2164.3424852421003,2087.4723877496453,2145.374539107598,951796,INDIGO
2022-02-21,2083.030029296875,2092.6136878154566,2021.7834295376035,2081.5325598037757,1964631,INDIGO
2022-02-22,2062.564453125,2075.292942830397,1992.6325844684238,1992.6325844684238,999361,INDIGO
2022-02-23,2035.95947265625,2091.4656487955626,2027.024498555897,2081.48251920704,720061,INDIGO
2022-02-24,1827.4617919921875,1984.6461148692579,1796.963283080817,1971.6680467136744,2400153,INDIGO
2022-02-25,1915.0137939453125,1973.9642216992568,1866.8951590637116,1896.7945828208492,1612923,INDIGO
2022-02-28,1871.7369384765625,1890.8046910834635,1836.8957928160362,1866.8451807423846,1586689,INDIGO
2022-03-02,1802.0048828125,1861.8536968696087,1783.8355135635645,1832.902620618017,1602449,INDIGO
2022-03-03,1727.031494140625,1800.8068478694374,1718.1964486244606,1797.9616802441476,1741377,INDIGO
2022-03-04,1721.2911376953125,1739.3606995613522,1631.2433584530188,1717.0982720558093,2922485,INDIGO
2022-03-07,1614.2720947265625,1665.1860568979014,1591.460667420711,1665.1860568979014,1586234,INDIGO
2022-03-08,1596.102783203125,1612.225439753087,1552.476434442903,1597.3007099898682,1559479,INDIGO
2022-03-09,1706.2166748046875,1751.8894932397548,1655.2029063462635,1655.2029063462635,5596423,INDIGO
2022-03-10,1786.4310302734375,1821.5217542621292,1750.441922136009,1796.9632804685994,2787796,INDIGO
2022-03-11,1817.728271484375,1835.8975184623966,1758.7278785382114,1776.997054302918,1619561,INDIGO
2022-03-14,1835.6978759765625,1846.6793182756373,1803.2527055474775,1819.924482837597,818803,INDIGO
2022-03-15,1829.45849609375,1880.2226866386916,1817.5785472858297,1868.8418943196389,965034,INDIGO
2022-03-16,1896.594970703125,1920.5045168520383,1862.8519446112557,1862.8519446112557,1552404,INDIGO
2022-03-17,1893.849609375,1940.7203531078592,1879.8732282312192,1926.7439719640781,1295677,INDIGO
2022-03-21,1810.9896240234375,1891.8030071669582,1806.4972158269989,1878.824939043913,715151,INDIGO
2022-03-22,1833.152099609375,1848.376371641529,1759.2769435189223,1806.946385455667,990082,INDIGO
2022-03-23,1829.7080078125,1851.8705063666646,1808.9930142776707,1841.887376952289,628556,INDIGO
2022-03-24,1859.956787109375,1867.743676673953,1793.3693637248748,1796.9632658837681,770859,INDIGO
2022-03-25,1937.2762451171875,1950.7534699508763,1867.8435306541758,1871.8367824567501,2367298,INDIGO
2022-03-28,1960.9862060546875,1992.6326783020104,1936.727152257465,1960.58685649578,1586405,INDIGO
2022-03-29,1959.838134765625,2016.3925889853022,1946.81010173919,1988.639439626293,1176404,INDIGO
2022-03-30,1985.993896484375,2008.3561315427519,1962.8829266932246,1979.8044047725316,786916,INDIGO
2022-03-31,2010.7520751953125,2016.5921816455198,1986.992177972749,1986.992177972749,991862,INDIGO
2022-04-01,1995.228271484375,2030.5186104951454,1959.6883542318533,2014.0964109336546,1057578,INDIGO
2022-04-04,2011.1513671875,2021.583688587797,1991.6343006087184,1996.6258652718982,553033,INDIGO
2022-04-05,1983.048828125,2020.0862134476574,1972.316964129664,2003.4144362657676,933228,INDIGO
2022-04-06,1975.910888671875,2000.6191339640964,1968.6731198489013,1984.3465842784196,392851,INDIGO
2022-04-07,1977.0589599609375,1987.8406665354828,1964.7298195920866,1983.6478009561106,444888,INDIGO
2022-04-08,1996.775634765625,2026.0760949389232,1988.6393599991798,1996.6258634529916,1007511,INDIGO
2022-04-11,1988.190185546875,2035.4602789102025,1980.7028384925663,2001.6174458518528,650549,INDIGO
2022-04-12,1929.589111328125,1998.4727031036734,1919.6059820852918,1998.4727031036734,693537,INDIGO
2022-04-13,1895.995849609375,1945.661917397479,1886.811419487775,1941.1695092558416,476689,INDIGO
2022-04-18,1881.7200927734375,1889.257282383035,1827.1622660035707,1881.8198996949766,570705,INDIGO
2022-04-19,1866.39599609375,1923.449482828905,1840.1403171614577,1895.796263279321,356096,INDIGO
2022-04-20,1893.1507568359375,1903.2836577502048,1864.0499096865512,1886.8114939144439,445449,INDIGO
2022-04-21,1935.1796875,1947.7085637573614,1890.8047256568132,1902.784481046402,417188,INDIGO
2022-04-22,1912.867431640625,1941.718700457313,1901.9857960415368,1921.7524413266465,448347,INDIGO
2022-04-25,1861.7537841796875,1895.7962302928515,1851.8704619237703,1876.9280917796223,548420,INDIGO
2022-04-26,1867.0447998046875,1886.8114446371108,1850.4229869505723,1886.8114446371108,240122,INDIGO
2022-04-27,1788.278076171875,1851.6209855237003,1778.9937167829808,1848.8756248496525,701836,INDIGO
2022-04-28,1855.4644775390625,1870.0398226528514,1792.420988571471,1822.9194988115778,767167,INDIGO
2022-04-29,1854.9652099609375,1881.819851848251,1848.376369070046,1868.8417839044698,408066,INDIGO
2022-05-02,1863.7005615234375,1871.8368366797476,1815.8315028991651,1815.8813454295168,271403,INDIGO
2022-05-04,1798.7103271484375,1863.650632190013,1791.971714850254,1860.7555003112525,316292,INDIGO
2022-05-05,1778.8939208984375,1821.9211859022114,1767.1137790054831,1813.934682073599,311876,INDIGO
2022-05-06,1742.405517578125,1771.5063650225168,1720.4925966353749,1747.0476972608647,409633,INDIGO
2022-05-09,1714.40283203125,1742.0560512625639,1680.2106144061825,1742.0560512625639,389574,INDIGO
2022-05-10,1690.543212890625,1759.027458467152,1684.3535993392543,1710.0103158645804,324348,INDIGO
2022-05-11,1676.067626953125,1709.1117610443675,1637.6824211171204,1695.1353798208738,504697,INDIGO
2022-05-12,1628.498046875,1667.182674808429,1612.275460967433,1667.182674808429,371011,INDIGO
2022-05-13,1622.0589599609375,1686.9991454430922,1613.2737570924066,1642.1250262548676,422044,INDIGO
2022-05-16,1651.80859375,1663.189385829028,1604.8878847860358,1641.226500782066,498742,INDIGO
2022-05-17,1678.0142822265625,1688.9458820473094,1627.2500935580701,1659.1961076647317,567445,INDIGO
2022-05-18,1693.5380859375,1757.7794988799308,1683.3552208901106,1687.1488587857918,1379451,INDIGO
2022-05-19,1658.8966064453125,1683.1056958648126,1571.6441507300374,1649.2130194232627,406789,INDIGO
2022-05-20,1661.392333984375,1694.1370469252613,1642.2747388131622,1682.1572917319181,464240,INDIGO
2022-05-23,1722.2894287109375,1730.4756679060417,1667.282410301605,1673.1724809978011,921302,INDIGO
2022-05-24,1680.16064453125,1738.5119859654494,1650.2612213199507,1729.577134076287,591584,INDIGO
2022-05-25,1642.873779296875,1696.0837879923945,1623.2569048743192,1686.1506225908518,557933,INDIGO
2022-05-26,1813.135986328125,1832.9026320865742,1662.390726281789,1662.390726281789,3255118,INDIGO
2022-05-27,1818.7763671875,1839.7409384874247,1794.467471981652,1813.1358748220273,1030081,INDIGO
2022-05-30,1805.8482666015625,1831.90420945859,1784.6839595643996,1818.7763701786967,620207,INDIGO
2022-05-31,1835.4483642578125,1846.3298781661,1782.5876192475525,1806.9464801483953,987688,INDIGO
2022-06-01,1822.47021484375,1876.8283050391624,1813.0360845535208,1862.8019596520307,558609,INDIGO
2022-06-02,1825.4652099609375,1853.3680084197838,1811.7384067744188,1822.470271083879,492271,INDIGO
2022-06-03,1809.5419921875,1843.8839813455872,1806.4972108702245,1840.889042556179,411462,INDIGO
2022-06-06,1816.72998046875,1822.5201225408014,1783.0369179367954,1786.9802053984886,308050,INDIGO
2022-06-07,1817.5784912109375,1824.6664887613047,1792.0217041422643,1810.939685740942,237334,INDIGO
2022-06-08,1799.4591064453125,1835.3983729263284,1778.1451491690293,1816.9295832069174,711054,INDIGO
2022-06-09,1790.5242919921875,1804.9498657910608,1760.5749026261853,1786.9802321714596,315997,INDIGO
2022-06-10,1805.8482666015625,1816.9295156483017,1767.1136765332024,1767.1136765332024,507818,INDIGO
2022-06-13,1752.837890625,1796.7136951373634,1719.7437926342322,1777.246593009191,420743,INDIGO
2022-06-14,1739.959716796875,1767.0139741755002,1727.6305758697124,1732.0730198838942,306321,INDIGO
2022-06-15,1732.5721435546875,1758.8776657002027,1729.227819508716,1739.9596838378504,245913,INDIGO
2022-06-16,1646.417724609375,1743.05447021468,1626.8009719635816,1726.1829564107459,1482360,INDIGO
2022-06-17,1629.19677734375,1651.1596623426585,1596.3024142388615,1645.219749009158,1008746,INDIGO
2022-06-20,1546.686279296875,1675.4686479414856,1509.1995798332568,1644.5707894775082,1954116,INDIGO
2022-06-21,1624.8541259765625,1632.1418592255993,1554.9223772519952,1583.3243318101545,1298081,INDIGO
2022-06-22,1644.0716552734375,1667.182624409838,1587.7169380623395,1597.3007179974495,920897,INDIGO
2022-06-23,1618.764404296875,1664.5370274337213,1595.8531714646933,1657.848379596806,992947,INDIGO
2022-06-24,1627.9989013671875,1643.6225239656626,1600.2957160150859,1643.6225239656626,464612,INDIGO
2022-06-27,1622.4083251953125,1653.1562911286712,1616.019097902545,1648.1647263475052,497514,INDIGO
2022-06-28,1635.1368408203125,1643.772272398921,1569.098413365443,1602.2923196764984,1172518,INDIGO
2022-06-29,1612.4749755859375,1635.9353291469793,1601.2939196557847,1617.266926335643,747275,INDIGO
2022-06-30,1603.490234375,1625.7526622227256,1594.854924726048,1608.2821853489781,868721,INDIGO
2022-07-01,1647.61572265625,1664.1876933097349,1588.9148722508648,1607.8329758363277,692564,INDIGO
2022-07-04,1645.968505859375,1651.209648940959,1584.871800968374,1620.5115251773952,934321,INDIGO
2022-07-05,1626.700927734375,1667.1825651120348,1616.4682203736575,1637.2831421062224,498699,INDIGO
2022-07-06,1659.345947265625,1687.1489394391278,1619.4134279889593,1643.1233613094794,1422886,INDIGO
2022-07-07,1689.1455078125,1693.2885309190756,1650.8102662410438,1681.4585468595756,793404,INDIGO
2022-07-08,1675.0693359375,1687.6480548304419,1640.7273458230295,1678.2638886560846,786294,INDIGO
2022-07-11,1691.791015625,1702.822300281338,1645.2196934962992,1647.216319337921,511612,INDIGO
2022-07-12,1690.593017578125,1708.912157714546,1676.5168293464549,1693.7876921389156,483227,INDIGO
2022-07-13,1734.768310546875,1757.0307373856342,1711.7073064915626,1727.081349816561,1592742,INDIGO
2022-07-14,1758.029052734375,1772.0054336192593,1725.2344976737884,1730.575447424781,389255,INDIGO
2022-07-15,1782.837158203125,1786.9801813204017,1750.242215997786,1769.010548212152,317909,INDIGO
2022-07-18,1798.1114501953125,1805.8982183288942,1781.9886711784416,1797.9616788752792,304257,INDIGO
2022-07-19,1773.6527099609375,1792.7704271427565,1767.3134471621777,1784.3346096776274,397131,INDIGO
2022-07-20,1763.4200439453125,1801.9548999820254,1758.5782504428896,1801.9049355880761,320599,INDIGO
2022-07-21,1822.91943359375,1826.9126853650398,1763.9191630458192,1763.9191630458192,436256,INDIGO
2022-07-22,1812.38720703125,1833.4017434985597,1802.0048497814564,1825.61485369684,433565,INDIGO
2022-07-25,1813.335693359375,1821.5218109237378,1792.770470660503,1811.9380308359928,217342,INDIGO
2022-07-26,1776.647705078125,1806.7468655582481,1759.4268063102968,1802.953227518715,331090,INDIGO
2022-07-27,1769.1103515625,1781.5892634180343,1748.595093590626,1774.0021093827443,540921,INDIGO
2022-07-28,1839.8907470703125,1845.2816613152324,1784.0351868640355,1790.9734130461968,777228,INDIGO
2022-07-29,1864.798583984375,1889.706564641538,1844.882289828565,1851.87048032034,785199,INDIGO
2022-08-01,1888.2091064453125,1893.7996344990036,1866.8451852994922,1889.8063827657425,408960,INDIGO
2022-08-02,1941.3692626953125,1945.7118995656967,1870.9382367744176,1896.794566020946,699094,INDIGO
2022-08-03,1973.3153076171875,1987.0421106144856,1913.4165309017048,1950.7034950342183,863499,INDIGO
2022-08-04,1982.749267578125,2010.6022224406183,1915.3631454258202,2010.6022224406183,1878817,INDIGO
2022-08-05,2077.389404296875,2100.4005674720665,1981.8508998583563,1987.6411639486091,2194620,INDIGO
2022-08-08,2063.71240234375,2081.482420917958,2051.7826117945483,2081.482420917958,511464,INDIGO
2022-08-10,2034.861328125,2063.313247107637,2018.8383565837657,2057.522983270684,328575,INDIGO
2022-08-11,2016.392578125,2081.0833070884823,2009.1048447250917,2078.387667096409,813952,INDIGO
2022-08-12,2010.7520751953125,2024.0795288545996,1998.622548343728,2021.583746451573,279338,INDIGO
2022-08-16,2065.6591796875,2071.299794192427,2028.5719504278227,2045.5432708792366,558344,INDIGO
2022-08-17,2047.0906982421875,2084.4774700195367,2037.456953761224,2084.4774700195367,400670,INDIGO
2022-08-18,2018.5887451171875,2040.1024375114403,1999.6207994410122,2030.5685002810878,413211,INDIGO
2022-08-19,1966.97607421875,2009.953374036537,1946.7102723810333,1999.9204019051983,910803,INDIGO
2022-08-22,1965.4285888671875,1996.6258680555554,1936.9267058549458,1977.208730234464,502683,INDIGO
2022-08-23,2001.1182861328125,2008.406019332924,1928.7405980586648,1928.7405980586648,723276,INDIGO
2022-08-24,1967.375244140625,2005.6106781391,1957.0926940711777,1976.659603143563,664666,INDIGO
2022-08-25,1970.4700927734375,1989.238302574929,1960.2373853302904,1967.375225225965,344550,INDIGO
2022-08-26,1971.3685302734375,1992.1834527371095,1961.7349078137868,1971.6680729036786,254212,INDIGO
2022-08-29,1955.8946533203125,1980.103741991761,1942.716971325314,1946.7102230649343,448732,INDIGO
2022-08-30,2013.3975830078125,2019.5870744804415,1956.6933593582132,1956.6933593582132,739182,INDIGO
2022-09-01,2034.9111328125,2044.5448769424518,2002.116577494183,2014.595489096615,439898,INDIGO
2022-09-02,2025.976318359375,2060.5179219415277,2016.5921522877356,2041.5000115615799,397345,INDIGO
2022-09-05,2016.4923095703125,2046.4415755746097,2008.1064565942113,2031.5668104246681,207310,INDIGO
2022-09-06,2017.9898681640625,2029.8198525222278,2009.6040148172851,2026.5753353597063,235605,INDIGO
2022-09-07,1974.363525390625,2064.0620438439273,1941.7187397963548,2024.6785237921565,914065,INDIGO
2022-09-08,1937.3760986328125,1974.663063863219,1881.8199572205094,1922.7507891812738,24596666,INDIGO
2022-09-09,1930.0384521484375,1956.493745010472,1922.5511051120127,1956.493745010472,1279304,INDIGO
2022-09-12,1923.9986572265625,1946.810084049758,1915.6627683614863,1934.7305215748233,635908,INDIGO
2022-09-13,1926.9935302734375,1938.7237071835336,1918.0087139167683,1927.7422649698267,910985,INDIGO
2022-09-14,1901.836181640625,1928.5410537200655,1892.9012073963545,1903.7828431959924,423379,INDIGO
2022-09-15,1898.8909912109375,1917.2599734129176,1884.116033032236,1911.3699027796235,638241,INDIGO
2022-09-16,1832.9525146484375,1924.7473403558638,1821.8213010406212,1907.776020446087,980903,INDIGO
2022-09-19,1835.4483642578125,1842.8357827624982,1808.9431060933105,1842.1370124275284,518856,INDIGO
2022-09-20,1902.43505859375,1920.7540764783487,1843.4846313573328,1844.632715599204,1113254,INDIGO
2022-09-21,1874.382568359375,1913.915737657347,1868.8918470162018,1902.7845236524024,491778,INDIGO
2022-09-22,1873.6337890625,1908.7743560771669,1857.4112036617394,1881.8199064882112,518678,INDIGO
2022-09-23,1841.138671875,1891.3538623831535,1826.9127122305815,1873.833421233225,493102,INDIGO
2022-09-26,1836.1470947265625,1853.1683792831523,1799.6088651008008,1844.8823330459086,696800,INDIGO
2022-09-27,1842.037109375,1865.6472343143864,1812.936263373634,1845.8805897455115,473796,INDIGO
2022-09-28,1816.6300048828125,1848.8755615321734,1807.9447310662883,1830.7561573311084,418863,INDIGO
2022-09-29,1824.21728515625,1841.8374110668453,1804.0014481085225,1825.7147545671928,370229,INDIGO
2022-09-30,1852.1700439453125,1868.6920499624368,1800.1578423467174,1826.912677850052,507332,INDIGO
2022-10-03,1793.818603515625,1870.8384721390482,1779.9919935026269,1870.8384721390482,732261,INDIGO
2022-10-04,1848.6259765625,1866.346031150854,1827.0124771565067,1836.8957995814771,830556,INDIGO
2022-10-06,1813.23583984375,1872.835073556048,1804.9997580970348,1870.3392912085585,684009,INDIGO
2022-10-07,1791.0732421875,1816.9295720081834,1747.6965931839331,1816.9295720081834,1470158,INDIGO
2022-10-10,1772.5545654296875,1781.4394529842255,1732.1727344333,1759.726146832399,531321,INDIGO
2022-10-11,1766.9639892578125,1793.219669066301,1757.0807883644802,1774.0021444291258,629472,INDIGO
2022-10-12,1744.2523193359375,1775.6493344052071,1729.4273965556451,1775.6493344052071,717715,INDIGO
2022-10-13,1733.2210693359375,1778.993694164777,1720.0432651494255,1744.2523544218698,447044,INDIGO
2022-10-14,1748.994384765625,1769.5597297415502,1740.0595322984839,1762.0224179614595,540291,INDIGO
2022-10-17,1742.05615234375,1753.2871733832153,1725.084831661891,1737.0645874373208,480719,INDIGO
2022-10-18,1777.995361328125,1783.536046938204,1746.1991182903873,1748.0459728722892,375593,INDIGO
2022-10-19,1778.1949462890625,1796.3143503834065,1772.0054548544745,1786.930184446796,357081,INDIGO
2022-10-20,1781.289794921875,1801.9548236551639,1758.4782471697024,1762.0223067874595,445735,INDIGO
2022-10-21,1776.0985107421875,1792.770409804502,1762.8210218817028,1790.2246630853153,307651,INDIGO
2022-10-24,1790.37451171875,1796.963352973444,1777.9954064698354,1796.963352973444,64226,INDIGO
2022-10-25,1765.6162109375,1798.9099225408788,1759.0273700197213,1794.9666352414636,492471,INDIGO
2022-10-27,1738.3123779296875,1778.1450879475835,1734.6685113862786,1776.9470393208403,611156,INDIGO
2022-10-28,1759.326904296875,1765.0172391842436,1738.6119112464944,1746.548450199567,404541,INDIGO
2022-10-31,1778.694091796875,1786.9801378297668,1760.1254957431381,1766.0155663803673,462834,INDIGO
2022-11-01,1817.6282958984375,1824.6664507735545,1770.6577458416282,1774.0020697713617,572111,INDIGO
2022-11-02,1802.4539794921875,1833.4016800539475,1782.587527984506,1815.731590091852,504628,INDIGO
2022-11-03,1800.1578369140625,1814.0843754857437,1785.2331072710501,1796.9632842655615,206322,INDIGO
2022-11-04,1794.9666748046875,1814.333970307268,1786.980171246046,1806.746816299433,422417,INDIGO
2022-11-07,1775.0504150390625,1814.883004825818,1765.0173210014207,1765.0173210014207,1277160,INDIGO
2022-11-09,1715.850341796875,1781.8388018416147,1673.1724642045456,1776.9970085227274,1765811,INDIGO
2022-11-10,1707.5145263671875,1726.5323153059705,1694.6862290897898,1722.6389922187893,527241,INDIGO
2022-11-11,1763.1204833984375,1766.215229182457,1692.7394201529376,1716.0999676455954,727988,INDIGO
2022-11-14,1772.7542724609375,1776.9971026216915,1754.1357110296942,1763.1205278407028,215093,INDIGO
2022-11-15,1789.9251708984375,1796.963326004371,1767.2635154773545,1781.6392464582646,382601,INDIGO
2022-11-16,1767.9124755859375,1809.941427550557,1757.1806110817076,1798.9100204074352,660124,INDIGO
2022-11-17,1745.699951171875,1769.2601122406018,1738.0628327893287,1767.9124141411814,239383,INDIGO
2022-11-18,1779.9420166015625,1792.9700492799977,1747.047653808461,1755.0341573687283,725512,INDIGO
2022-11-21,1789.426025390625,1805.9481537073295,1763.1205031354248,1785.9319300130817,376851,INDIGO
2022-11-22,1815.88134765625,1826.2139844988944,1785.9319582326484,1798.3110635672792,612018,INDIGO
2022-11-23,1890.15576171875,1894.6981342961815,1822.6198676286558,1824.9160361134968,2277315,INDIGO
2022-11-24,1894.0992431640625,1964.679921264554,1884.8148838147754,1906.7777691134645,2102042,INDIGO
2022-11-25,1903.7327880859375,1909.7226656501055,1872.835051729853,1906.777691260138,355530,INDIGO
2022-11-28,1910.072265625,1948.7069290483953,1902.8843390795562,1913.2668184022796,819638,INDIGO
2022-11-29,1908.12548828125,1936.72717950611,1897.7929733201624,1921.752484819207,567704,INDIGO
2022-11-30,1934.181396484375,1938.3743840369036,1885.4138327391092,1896.7946248611513,749904,INDIGO
2022-12-01,1940.8701171875,1952.2009446282439,1928.8903619660534,1951.7017881606837,453065,INDIGO
2022-12-02,1913.2667236328125,1949.555374138129,1908.8741223833485,1933.6821742339416,383481,INDIGO
2022-12-05,1915.8125,1931.1864218145727,1903.0340455972569,1911.7692838393425,298145,INDIGO
2022-12-06,1929.589111328125,1946.7102023524578,1912.8175273187878,1920.0053316278793,475367,INDIGO
2022-12-07,1969.8211669921875,2005.361082652888,1937.176261314636,1941.9682120873829,1759557,INDIGO
2022-12-08,2015.8433837890625,2021.5836831362394,1964.8296174418074,1974.6629754288797,1038461,INDIGO
2022-12-09,1988.6893310546875,2026.5752581948975,1984.7958862350347,2026.5252938023953,617265,INDIGO
2022-12-12,2050.48486328125,2056.5247054580786,1991.6343628101295,1999.121710038739,1503825,INDIGO
2022-12-13,2027.0245361328125,2049.48657812339,2017.0913707538414,2049.48657812339,519818,INDIGO
2022-12-14,2012.29931640625,2038.1556455652715,2007.6072943993,2034.5617434041637,300111,INDIGO
2022-12-15,2011.6005859375,2021.9830649474713,1994.6292658576301,2011.5506215444568,304652,INDIGO
2022-12-16,1959.08935546875,2025.5270091053392,1952.2509361410505,2014.545566666461,461827,INDIGO
2022-12-19,2023.68017578125,2029.0211257415724,1942.018248814725,1961.6849653706554,463961,INDIGO
2022-12-20,2060.318359375,2096.4572401983837,2003.6640982410674,2031.4670901251088,1740107,INDIGO
2022-12-21,2012.8485107421875,2080.78375658949,1979.6546047373877,2067.4561810479427,1206297,INDIGO
2022-12-22,1973.7645263671875,2012.5489604416605,1954.9463514676686,1982.549729149917,1088470,INDIGO
2022-12-23,1911.0205078125,1956.6433595275232,1890.704864255906,1947.7085076359867,1193836,INDIGO
2022-12-26,1954.996337890625,1959.6883601038598,1892.0526563865717,1906.7777726940255,232709,INDIGO
2022-12-27,2024.3291015625,2031.0677140322555,1958.6900245422883,1959.6883375007706,650703,INDIGO
2022-12-28,2011.8001708984375,2049.9856405299333,2005.1614873951778,2016.4923147953095,552390,INDIGO
2022-12-29,2012.24951171875,2023.280796641042,1982.6495085302054,2001.6174544829112,508658,INDIGO
2022-12-30,2004.3128662109375,2043.8959991548302,1997.7739894899612,2036.5584233260156,371770,INDIGO
2023-01-02,2039.3038330078125,2046.5416020883688,2003.713951018132,2009.6040219531153,203965,INDIGO
2023-01-03,2037.5067138671875,2046.4915301848416,2018.5887326996526,2025.5769231689392,321613,INDIGO
2023-01-04,1999.720703125,2053.08060495151,1987.0421770421237,2044.5449802384549,427181,INDIGO
2023-01-05,2034.112548828125,2038.0058717436473,2011.6005436264086,2020.5353955583062,849893,INDIGO
2023-01-06,2016.5921630859375,2044.5449257425742,1998.6225299495281,2035.5601091743695,361483,INDIGO
2023-01-09,2020.7850341796875,2034.51183730696,2002.615787149702,2020.585420334495,223959,INDIGO
2023-01-10,2040.701416015625,2068.704020800081,2014.845086555772,2020.784999789464,1133162,INDIGO
2023-01-11,2103.794921875,2115.2255565654095,2033.563507376178,2040.7014694406287,988453,INDIGO
2023-01-12,2101.498779296875,2124.2603639,2086.474120259305,2111.3819802697594,1010301,INDIGO
2023-01-13,2113.82763671875,2117.272011206331,2094.0112718933324,2097.0561749837198,349581,INDIGO
2023-01-16,2096.60693359375,2137.987202113639,2080.334626799888,2113.378640612593,763655,INDIGO
2023-01-17,2077.73876953125,2126.3065957095173,2064.561087702674,2107.1390363471573,453194,INDIGO
2023-01-18,2080.73388671875,2103.0960006042396,2076.4910564351685,2082.4809344825776,488684,INDIGO
2023-01-19,2119.21875,2124.4099285231987,2071.499342897386,2076.4909075790665,611765,INDIGO
2023-01-20,2096.3076171875,2161.3476106111557,2083.379269060193,2125.9574640699943,924550,INDIGO
2023-01-23,2118.220458984375,2127.7543963707967,2091.216045031276,2106.440317467952,212199,INDIGO
2023-01-24,2098.80322265625,2127.2051759134697,2087.9714302005314,2115.425034948566,208212,INDIGO
2023-01-25,2105.691650390625,2116.423514911995,2066.5078659753913,2099.4521942735496,847403,INDIGO
2023-01-27,2090.517333984375,2105.7915712471863,2066.507858190565,2105.442064214445,631918,INDIGO
2023-01-30,2080.234619140625,2107.1890689147326,2056.524686468956,2086.4740751068534,1191976,INDIGO
2023-01-31,2120.666259765625,2131.3981238552947,2082.281176023207,2086.4740416194686,548748,INDIGO
2023-02-01,2081.382568359375,2143.128321701455,2059.319998439827,2116.673028572265,807503,INDIGO
2023-02-02,2121.265380859375,2127.0056803531584,2057.2234585306137,2086.474076870772,759436,INDIGO
2023-02-03,2094.1611328125,2156.3560815015608,2076.0418493413868,2131.897412984529,596525,INDIGO
2023-02-06,2068.05517578125,2176.3221630843545,2040.0024852701804,2176.3221630843545,2308032,INDIGO
2023-02-07,2021.9830322265625,2099.15254857525,2003.2646647943236,2066.5077645191736,1319373,INDIGO
2023-02-08,2036.758056640625,2053.4797987567026,2016.9415687147452,2021.9830979193725,397784,INDIGO
2023-02-09,2036.2589111328125,2061.5162779571665,2031.6168533252815,2036.7580676165794,464624,INDIGO
2023-02-10,2040.052490234375,2050.53477609073,2031.566830255421,2044.544898458527,181307,INDIGO
2023-02-13,2045.093994140625,2053.380040175567,2032.4153468566099,2038.5549957268986,420872,INDIGO
2023-02-14,2033.3638916015625,2053.529764706602,2021.5837498934702,2053.529764706602,339630,INDIGO
2023-02-15,1982.699462890625,2032.964495038077,1965.2289864436398,2028.5718937299605,1465671,INDIGO
2023-02-16,1894.0491943359375,1936.727071820645,1886.8114256397007,1918.8074035874342,6360784,INDIGO
2023-02-17,1879.0245361328125,1895.7462776038124,1872.7352378324915,1895.7462776038124,1098641,INDIGO
2023-02-20,1878.575439453125,1888.7581830455817,1857.2115174295006,1882.7683051995775,1747492,INDIGO
2023-02-21,1850.023681640625,1894.6482220969733,1844.882345536412,1891.8030545408556,1002468,INDIGO
2023-02-22,1831.7545166015625,1856.8621120050434,1816.9295934673005,1853.8671731147126,1095395,INDIGO
2023-02-23,1861.8536376953125,1868.7420213711885,1816.9295552844335,1828.0108045729091,923512,INDIGO
2023-02-24,1850.12353515625,1872.9349624376684,1840.1404053294254,1861.8537127027687,322247,INDIGO
2023-02-27,1834.94921875,1842.8357937880994,1812.9363688298558,1835.8975673337582,708346,INDIGO
2023-02-28,1853.21826171875,1861.554150664411,1832.2038467708858,1836.5963263574158,458233,INDIGO
2023-03-01,1840.5894775390625,1865.79687870991,1828.3601442977604,1865.79687870991,416942,INDIGO
2023-03-02,1850.273193359375,1873.3341974766208,1834.050608382559,1842.7858464469984,395347,INDIGO
2023-03-03,1862.00341796875,1871.8367761264597,1846.8789524447734,1859.5574781293208,272832,INDIGO
2023-03-06,1852.6192626953125,1874.6321120566795,1847.8772761681387,1871.8367870422799,273649,INDIGO
2023-03-08,1898.5916748046875,1901.836191990875,1850.173495256965,1856.8621434796623,969908,INDIGO
2023-03-09,1863.9002685546875,1908.0756172205215,1860.8553652681283,1908.0756172205215,369301,INDIGO
2023-03-10,1886.61181640625,1890.2555610948575,1846.9787201232068,1866.795207332543,336656,INDIGO
2023-03-13,1855.763916015625,1886.8114235326263,1841.937306411818,1886.761459140753,144555,INDIGO
2023-03-14,1859.607421875,1866.7453837415833,1843.5844505035132,1846.878931938666,348163,INDIGO
2023-03-15,1864.099853515625,1888.7581346035004,1855.4145796074256,1875.8300306631995,317609,INDIGO
2023-03-16,1862.2030029296875,1879.6236367079343,1839.291769891002,1869.8401212307065,377044,INDIGO
2023-03-17,1853.21826171875,1886.8115176088409,1844.9323371674534,1865.1980173861077,447591,INDIGO
2023-03-20,1854.6158447265625,1862.9517333147792,1823.9177221452992,1854.8654229589304,489457,INDIGO
2023-03-21,1871.4373779296875,1915.7624960090768,1862.5025260296402,1881.7698922924537,408947,INDIGO
2023-03-22,1885.5635986328125,1893.3504884477013,1877.8266732115528,1890.8047416601175,269461,INDIGO
2023-03-23,1905.7294921875,1916.7109348393587,1885.763232820484,1885.763232820484,738568,INDIGO
2023-03-24,1862.05322265625,1915.7625068734908,1856.8620441817054,1906.777690530676,338567,INDIGO
2023-03-27,1831.2054443359375,1876.878260586415,1822.9693627169988,1863.9999995002916,382151,INDIGO
2023-03-28,1822.1207275390625,1840.389903068732,1807.5953473950606,1838.892433660214,746374,INDIGO
2023-03-29,1822.2705078125,1836.8958168138106,1807.7451275970798,1814.9828964405037,633537,INDIGO
2023-03-31,1907.4266357421875,1912.9671994189478,1829.9076118807477,1831.4050812849055,1498501,INDIGO
2023-04-03,1896.7945556640625,1900.7378429682474,1857.8603516267474,1896.7945556640625,346577,INDIGO
2023-04-05,1924.497802734375,1930.0384883911224,1881.2209604240518,1886.8114886100213,439816,INDIGO
2023-04-06,1908.724365234375,1936.4275491502453,1898.7912002877665,1930.537600331702,419500,INDIGO
2023-04-10,1898.8909912109375,1919.2066348718843,1893.450234512739,1910.0222047030798,178590,INDIGO
2023-04-11,1875.8800048828125,1919.7058460701226,1873.334258104467,1903.2836467232432,320625,INDIGO
2023-04-12,1876.8782958984375,1881.6202823743158,1861.4044452929395,1876.828331505574,294063,INDIGO
2023-04-13,1876.179443359375,1895.7963174627093,1870.3393368964646,1885.813187828888,223972,INDIGO
2023-04-17,1933.732177734375,1936.7271165744387,1879.6735072983531,1886.8114692400459,700514,INDIGO
2023-04-18,1956.693359375,1966.6764887595662,1933.083234007626,1943.7152911750636,566126,INDIGO
2023-04-19,1965.5284423828125,1976.6596562339746,1946.7102675031567,1946.7102675031567,554013,INDIGO
2023-04-20,1986.9921875,1991.3348245292136,1959.1891957698483,1964.4803032353848,391997,INDIGO
2023-04-21,1984.2967529296875,1996.575929055774,1967.8245893087344,1995.627580502135,201671,INDIGO
2023-04-24,1988.5894775390625,1996.6259457163214,1971.7180857892608,1996.6259457163214,169783,INDIGO
2023-04-25,1989.338134765625,1994.3296994354482,1971.6680445801992,1971.6680445801992,153686,INDIGO
2023-04-26,2014.1463623046875,2018.039685359335,1975.811120246668,1986.6427914957674,473999,INDIGO
2023-04-27,2017.640380859375,2029.6201359299391,2006.8085881582438,2020.5853552351405,317706,INDIGO
2023-04-28,2017.54052734375,2034.0126911803006,2003.8137241466247,2024.279139822339,579273,INDIGO
2023-05-02,2063.912109375,2084.3775249891837,2018.588798628259,2027.5736152393638,850179,INDIGO
2023-05-03,2160.44921875,2233.176173147506,2141.3813433295495,2141.3813433295495,4126517,INDIGO
2023-05-04,2159.949951171875,2176.3221857197377,2126.706081882793,2173.2772825398397,581130,INDIGO
2023-05-05,2155.2080078125,2169.2341097653753,2145.773755459822,2165.340786755102,304849,INDIGO
2023-05-08,2196.138916015625,2206.271695314822,2157.35435908386,2166.339175942608,752671,INDIGO
2023-05-09,2204.125244140625,2220.0982506158775,2194.2917645378034,2209.2664581083523,393517,INDIGO
2023-05-10,2219.8984375,2226.8866279728445,2199.5829157197613,2221.146328655865,430542,INDIGO
2023-05-11,2247.651611328125,2253.5418038886014,2221.2462829129536,2229.232786402079,458136,INDIGO
2023-05-12,2230.830322265625,2300.861881566346,2224.9401293416395,2296.1698592226685,718138,INDIGO
2023-05-15,2247.6015625,2253.142247833183,2218.650488439525,2236.2208929470316,290376,INDIGO
2023-05-16,2277.15185546875,2291.1282368701363,2241.961323725973,2246.2041537942514,477303,INDIGO
2023-05-17,2296.3193359375,2303.107912557279,2264.173708573866,2289.9801951159066,516811,INDIGO
2023-05-18,2260.829345703125,2329.014169566528,2251.495265771267,2309.9962589468205,827802,INDIGO
2023-05-19,2262.975830078125,2298.5655890382322,2226.737021467207,2296.119771071318,1606656,INDIGO
2023-05-22,2286.1865234375,2295.1713396084247,2251.1956072705407,2261.128771958204,528624,INDIGO
2023-05-23,2273.358154296875,2295.121424905582,2254.2405591885713,2286.1865729323636,635920,INDIGO
2023-05-24,2265.172119140625,2299.8634946981997,2256.237266843489,2274.106971437761,1205803,INDIGO
2023-05-25,2301.81005859375,2312.392273072625,2255.538400834297,2276.802271118395,1391561,INDIGO
2023-05-26,2319.430419921875,2323.0741645879834,2289.081560919923,2301.7600862567997,625438,INDIGO
2023-05-29,2317.283935546875,2348.880686171017,2311.4936717791993,2323.6732845669376,644870,INDIGO
2023-05-30,2367.399169921875,2409.6778197347667,2319.0809219032058,2331.0606769883707,1581691,INDIGO
2023-05-31,2368.49755859375,2389.9612877864856,2312.7916452454565,2368.397629803677,3931180,INDIGO
2023-06-01,2339.845947265625,2368.49748026214,2331.8094792507036,2368.49748026214,431516,INDIGO
2023-06-02,2381.72509765625,2385.8182782035547,2341.742615645853,2344.8874476454885,685037,INDIGO
2023-06-05,2398.696533203125,2414.4199627725557,2371.9916607598066,2388.962981564906,880388,INDIGO
2023-06-06,2406.33349609375,2409.428363806009,2379.229396329261,2405.9342683954765,286207,INDIGO
2023-06-07,2415.8173828125,2434.585714805373,2398.097328150987,2406.9324951497742,256312,INDIGO
2023-06-08,2442.921875,2464.385604496523,2411.524979900838,2427.897215606682,627078,INDIGO
2023-06-09,2458.59521484375,2483.8026168028628,2435.78366647044,2442.8717858989567,512036,INDIGO
2023-06-12,2406.882568359375,2480.8076913690597,2372.9898923075475,2480.8076913690597,1070310,INDIGO
2023-06-13,2336.05224609375,2412.8723769791613,2327.167358546685,2406.9324638171074,2035531,INDIGO
2023-06-14,2352.025390625,2364.853809962653,2342.1421895735534,2361.010207482226,737180,INDIGO
2023-06-15,2410.02734375,2415.9172925502576,2366.001646009963,2375.984775318022,1126186,INDIGO
2023-06-16,2425.4013671875,2446.415904008697,2411.524914358398,2430.8421241429933,707941,INDIGO
2023-06-19,2428.196533203125,2445.8666229168175,2416.4663565421974,2440.8750583802525,359751,INDIGO
2023-06-20,2433.637451171875,2485.799304037727,2424.7525631991452,2485.799304037727,1276432,INDIGO
2023-06-21,2466.132568359375,2470.6249767058353,2425.9005070886565,2445.8667664062586,716072,INDIGO
2023-06-22,2472.771240234375,2478.311925914193,2451.507125417337,2474.767866156562,472856,INDIGO
2023-06-23,2470.87451171875,2504.7172231784984,2457.846478996193,2475.816112067652,748652,INDIGO
2023-06-26,2460.69189453125,2475.8162389835366,2440.725634539447,2447.863474995013,536769,INDIGO
2023-06-27,2525.482177734375,2540.157329309881,2464.8346662026574,2472.8211697788506,1985055,INDIGO
2023-06-28,2616.67822265625,2630.704324899056,2528.327524828208,2539.708195192523,1917308,INDIGO
2023-06-30,2622.46826171875,2653.815435432953,2603.6502083400624,2638.541198139516,1098881,INDIGO
2023-07-03,2633.749267578125,2657.0599732631545,2608.9910568109835,2621.5698979101276,542790,INDIGO
2023-07-04,2589.32421875,2638.840637970221,2580.838558776328,2633.7491444945194,602465,INDIGO
2023-07-05,2650.12158203125,2665.195960926436,2600.605163574948,2600.605163574948,628970,INDIGO
2023-07-06,2693.99755859375,2701.3849772026997,2641.9853545031183,2662.8502421592166,482391,INDIGO
2023-07-07,2626.611328125,2710.319722499276,2617.576547208299,2709.4213383384144,481899,INDIGO
2023-07-10,2667.093017578125,2690.4534434920847,2615.430321585281,2636.544543325638,610910,INDIGO
2023-07-11,2699.188720703125,2710.419741732403,2661.5024056937705,2665.4956576152913,525593,INDIGO
2023-07-12,2720.951904296875,2740.4689711769547,2700.5861739194556,2715.4112186894613,725554,INDIGO
2023-07-13,2681.867919921875,2735.377593698874,2660.3544699617382,2725.444428190135,457858,INDIGO
2023-07-14,2653.4658203125,2699.188601541128,2612.934461335666,2695.444928029975,512467,INDIGO
2023-07-17,2672.932861328125,2683.8146183217987,2638.3414163691323,2645.5292206001095,264029,INDIGO
2023-07-18,2648.57421875,2688.456772326736,2640.5877151560103,2672.4837651387566,345789,INDIGO
2023-07-19,2695.944091796875,2702.383161507741,2650.5208530719137,2650.5208530719137,619288,INDIGO
2023-07-20,2726.043212890625,2730.3859717997966,2680.470323320824,2705.4781119545396,478630,INDIGO
2023-07-21,2674.130859375,2719.4544130905438,2663.199381427195,2719.4544130905438,305614,INDIGO
2023-07-24,2666.144287109375,2699.338191510168,2646.1780288231835,2663.548819769413,235716,INDIGO
2023-07-25,2580.039794921875,2671.53531963756,2553.2352394444847,2670.4870423331395,1044638,INDIGO
2023-07-26,2535.565185546875,2601.7034169714348,2527.079525665988,2585.6304813526112,1047212,INDIGO
2023-07-27,2545.54833984375,2563.6676221583953,2502.221412141677,2534.7165469860456,1224458,INDIGO
2023-07-28,2612.5849609375,2641.2864579290754,2531.3223852076326,2556.679436362605,1243697,INDIGO
2023-07-31,2588.525634765625,2645.529403556399,2582.8352995112737,2610.53848477493,563930,INDIGO
2023-08-01,2566.4130859375,2605.5968702895557,2523.8351349547297,2584.6322977699842,1292753,INDIGO
2023-08-02,2560.97216796875,2587.6270740365735,2517.8948194766153,2566.4129246062967,791943,INDIGO
2023-08-03,2443.62060546875,2569.6576196411247,2426.0004788007086,2569.6576196411247,3539409,INDIGO
2023-08-04,2508.660400390625,2515.7485195045333,2446.8649290895282,2460.9412385353935,1068401,INDIGO
2023-08-07,2524.184326171875,2545.6980189602095,2467.8795733616657,2525.082954062874,592210,INDIGO
2023-08-08,2555.781005859375,2560.6726416794695,2511.904958010179,2540.7063832648146,750887,INDIGO
2023-08-09,2583.184814453125,2589.5739200690123,2545.947691347116,2555.781171746086,537738,INDIGO
2023-08-10,2546.047607421875,2594.615436433838,2537.1125112630025,2581.6373676867665,527423,INDIGO
2023-08-11,2511.655517578125,2559.824118646176,2505.765568514155,2552.4866645134766,453278,INDIGO
2023-08-14,2544.799560546875,2567.560900128107,2475.8160403190695,2511.705341028753,474072,INDIGO
2023-08-16,2454.501953125,2475.8160313704307,2427.946975799964,2463.8362763799287,12656820,INDIGO
2023-08-17,2455.600341796875,2477.36361341128,2442.322730475294,2454.5021000321844,1259895,INDIGO
2023-08-18,2450.159423828125,2467.230428352366,2400.942548617984,2445.866629569256,2310869,INDIGO
2023-08-21,2445.517333984375,2459.5436803286557,2427.597664445885,2454.65204413811,595109,INDIGO
2023-08-22,2469.027587890625,2475.0174657087628,2432.589164496954,2440.6256326487055,950180,INDIGO
2023-08-23,2493.236572265625,2501.2730400784785,2475.067325729223,2484.800876773232,1045094,INDIGO
2023-08-24,2478.461669921875,2512.1547336441886,2471.323829469244,2511.7055415403092,649167,INDIGO
2023-08-25,2454.0029296875,2488.195148909631,2446.815125049328,2466.2822279641177,716506,INDIGO
2023-08-28,2478.461669921875,2486.648031498156,2454.801700587069,2474.9178537577945,257414,INDIGO
2023-08-29,2481.206787109375,2506.264538420569,2471.3735512699614,2495.782252958145,615712,INDIGO
2023-08-30,2450.75830078125,2478.860955842226,2408.230316436223,2478.860955842226,1387562,INDIGO
2023-08-31,2430.89208984375,2460.741550252178,2420.9089601113324,2460.741550252178,886676,INDIGO
2023-09-01,2434.785400390625,2441.124785229517,2398.9460623275854,2425.8505480719427,562991,INDIGO
2023-09-04,2451.207763671875,2468.7779250994317,2425.9004332654476,2457.5469045750547,541048,INDIGO
2023-09-05,2445.916748046875,2485.7993025692535,2436.2331609553075,2473.7695824998245,578274,INDIGO
2023-09-06,2457.74658203125,2468.8279533936234,2435.883625669406,2455.8498848962045,822724,INDIGO
2023-09-07,2442.47265625,2469.5767564084167,2436.882006020392,2456.8482657993386,368692,INDIGO
2023-09-08,2469.3271484375,2504.7672591185315,2445.367636991169,2465.8330530182434,797367,INDIGO
2023-09-11,2496.631103515625,2504.6176073236074,2472.970891001474,2485.799310234547,675723,INDIGO
2023-09-12,2488.94384765625,2510.757083226677,2459.9430512803087,2505.7655184488904,968871,INDIGO
2023-09-13,2443.17138671875,2477.8127981240486,2430.9420528037544,2453.8532867803838,1188056,INDIGO
2023-09-14,2460.491943359375,2477.812770734941,2432.6890736155747,2455.65027173278,1249199,INDIGO
2023-09-15,2387.41552734375,2461.6401949003816,2378.979831408259,2458.8448698105503,2527706,INDIGO
2023-09-18,2396.500244140625,2410.9258177828506,2385.9679935822,2400.94268810259,590695,INDIGO
2023-09-20,2397.84765625,2415.517989557325,2361.059972134032,2375.036352729552,1613294,INDIGO
2023-09-21,2383.12255859375,2407.930731825654,2374.2876356035226,2399.9442285691844,714106,INDIGO
2023-09-22,2351.576171875,2403.388517672925,2342.0921986331978,2396.949447743978,702509,INDIGO
2023-09-25,2374.786865234375,2380.9763567031164,2346.085368272021,2356.018533257591,363097,INDIGO
2023-09-26,2400.3935546875,2407.8809019085897,2358.5643390371783,2380.9764163065574,660787,INDIGO
2023-09-27,2384.12109375,2405.884365898413,2377.4324453949343,2395.9512002929505,849017,INDIGO
2023-09-28,2338.3984375,2390.4103959928057,2329.413620943945,2369.0465963399065,740050,INDIGO
2023-09-29,2377.182861328125,2383.1227749185646,2339.0973179581647,2346.0355445462837,755086,INDIGO
2023-10-03,2415.667724609375,2424.6025766324055,2363.0566816775067,2380.9763501160696,633840,INDIGO
2023-10-04,2380.976318359375,2417.913896463902,2372.9898149854234,2410.875741619859,542952,INDIGO
2023-10-05,2469.22705078125,2474.817700561225,2396.2505233956504,2415.9172389504497,1263799,INDIGO
2023-10-06,2531.222412109375,2564.6159305831334,2497.8788580274327,2550.6895140759034,1931108,INDIGO
2023-10-09,2469.3271484375,2495.7824423261573,2436.1832063491597,2493.835780766894,782723,INDIGO
2023-10-10,2506.06494140625,2510.756963327556,2469.0773994234105,2486.6975247560636,395079,INDIGO
2023-10-11,2528.87646484375,2545.698136294691,2505.765616509676,2516.7470594505553,714427,INDIGO
2023-10-12,2577.743896484375,2610.538329774227,2521.738444001399,2521.738444001399,1127349,INDIGO
2023-10-13,2603.10107421875,2625.3135378434354,2565.664337772651,2565.664337772651,1302788,INDIGO
2023-10-16,2589.174560546875,2599.606881968781,2571.654119797074,2598.6585334265615,390919,INDIGO
2023-10-17,2594.96484375,2604.4488167007207,2582.1364249514745,2600.605214381825,359291,INDIGO
2023-10-18,2567.211669921875,2590.622059439656,2557.727697064581,2587.627120642616,648088,INDIGO
2023-10-19,2523.236083984375,2555.032450229549,2511.3062924913083,2555.032450229549,965483,INDIGO
2023-10-20,2434.935302734375,2523.286000743023,2425.90052159339,2515.7486890598116,1385743,INDIGO
2023-10-23,2386.916259765625,2450.8582519063225,2384.819948842381,2440.8751225706555,885829,INDIGO
2023-10-25,2424.852294921875,2477.812847931431,2406.633082804732,2416.8657909801136,916854,INDIGO
2023-10-26,2408.13037109375,2424.852112463583,2388.9628118215396,2423.5045362620644,755290,INDIGO
2023-10-27,2467.080810546875,2475.766084229759,2416.9155861746017,2416.9155861746017,371457,INDIGO
2023-10-30,2490.8408203125,2499.8256370272356,2440.8752075031375,2467.03095852695,631220,INDIGO
2023-10-31,2449.71044921875,2515.7487565876727,2441.374438188553,2497.729158216362,359950,INDIGO
2023-11-01,2414.719482421875,2468.678347684161,2410.676266111055,2458.8448673492203,342997,INDIGO
2023-11-02,2486.697509765625,2494.234820920458,2418.5129335511906,2435.8834805521583,567144,INDIGO
2023-11-03,2504.966796875,2535.714884376177,2468.378724873433,2495.7823665119854,644154,INDIGO
2023-11-06,2554.982421875,2575.6474515193468,2482.0556109844865,2495.732449868897,1169751,INDIGO
2023-11-07,2581.18798828125,2585.630431976543,2544.699602744482,2559.1751399119184,320134,INDIGO
2023-11-08,2573.001953125,2594.7649802316737,2541.8046737533405,2557.677752006143,901525,INDIGO
2023-11-09,2576.046630859375,2604.5485142410016,2567.361356966521,2575.6474031720873,380551,INDIGO
2023-11-10,2497.529541015625,2569.4080768218105,2488.7943022891786,2567.6610290765216,1354595,INDIGO
2023-11-13,2536.41357421875,2539.1589347348095,2495.7822873268174,2520.7401102000854,281628,INDIGO
2023-11-15,2539.059326171875,2560.672703939751,2530.573666139326,2560.672703939751,778846,INDIGO
2023-11-16,2562.868896484375,2575.098229835524,2519.9414406395263,2544.64968557348,589877,INDIGO
2023-11-17,2602.152587890625,2655.512364667999,2567.11170694054,2586.628773253679,1263161,INDIGO
2023-11-20,2626.81103515625,2643.7823558584473,2585.830238479605,2607.593510243468,418954,INDIGO
2023-11-21,2621.420166015625,2635.3465829689485,2589.6737653537084,2613.5833118404175,359401,INDIGO
2023-11-22,2599.95654296875,2656.261298329174,2589.673870386565,2640.537868676375,476632,INDIGO
2023-11-23,2601.653564453125,2611.087573274741,2577.045003503114,2585.6305925374036,634974,INDIGO
2023-11-24,2564.01708984375,2615.529890364298,2557.9772479219428,2591.6203446362256,423377,INDIGO
2023-11-28,2637.991943359375,2645.529254698699,2570.655785226094,2583.933395891651,429852,INDIGO
2023-11-29,2685.0126953125,2691.6014146725943,2641.2865385116384,2652.5175594162047,750576,INDIGO
2023-11-30,2700.7861328125,2708.872321757792,2660.504106356094,2685.4619309935806,775685,INDIGO
2023-12-01,2740.319091796875,2750.3022213276226,2700.7860450923627,2700.7860450923627,734476,INDIGO
2023-12-04,2815.4921875,2855.0751997450016,2776.108789105648,2790.2847847043704,664340,INDIGO
2023-12-05,2831.3154296875,2854.126734153923,2778.3049150246725,2820.234058550018,465521,INDIGO
2023-12-06,2867.304443359375,2886.0727755749976,2825.225649986238,2872.146358660921,574140,INDIGO
2023-12-07,2873.494140625,2960.996172089554,2865.1581301068845,2895.6566390877433,1133420,INDIGO
2023-12-08,2893.06103515625,2933.8422176483195,2868.8019811347635,2895.1076254993363,818640,INDIGO
2023-12-11,2920.614501953125,2949.465648739691,2893.1109314128876,2912.0788774780517,779909,INDIGO
2023-12-12,2921.512939453125,2946.9699201632247,2896.105923137227,2925.0569992389087,651347,INDIGO
2023-12-13,2976.12060546875,3001.927093169238,2948.0181929260925,2958.949671174091,1415518,INDIGO
2023-12-14,2975.172119140625,2998.1333163291984,2952.0113081135514,2994.938763726971,679553,INDIGO
2023-12-15,2909.483154296875,2984.9557105569716,2897.2538207001116,2979.9641458235988,1958780,INDIGO
2023-12-18,2970.530029296875,2974.972473002423,2906.5880386397835,2922.0618887510377,540022,INDIGO
2023-12-19,2979.61474609375,3001.827209957108,2941.678852754082,2968.982810320319,555103,INDIGO
2023-12-20,2854.526123046875,3003.923552869057,2839.9006926456136,2994.9387366590795,1057629,INDIGO
2023-12-21,2877.836669921875,2890.0660034646226,2814.793305109332,2843.594487256433,575343,INDIGO
2023-12-22,2866.5556640625,2908.4848073324265,2842.5464329587867,2895.1075114949476,534098,INDIGO
2023-12-26,2916.172119140625,2933.3430535082102,2859.1683509647364,2876.139671483731,707097,INDIGO
2023-12-27,2922.561279296875,2943.2263094517025,2908.734546888801,2925.0570617727903,516482,INDIGO
2023-12-28,2922.06201171875,2942.976619326095,2895.706647266493,2936.0383930525604,1094620,INDIGO
2023-12-29,2962.094482421875,2969.9810573178743,2920.1653380832695,2930.1484676876994,501880,INDIGO
2024-01-01,2973.47509765625,3044.8045086142242,2964.989437649509,2994.938825908595,615820,INDIGO
2024-01-02,2920.76416015625,2984.8558030437875,2913.6762844215937,2974.9726022927707,439889,INDIGO
2024-01-03,2985.405029296875,2994.938967087856,2924.40825190444,2928.9503810215174,655799,INDIGO
2024-01-04,2990.7958984375,3000.6790989847445,2960.9961598897958,2989.9971993451863,416938,INDIGO
2024-01-05,2949.96484375,3019.896715612665,2940.580799381415,3003.324622921439,715186,INDIGO
2024-01-08,2947.269287109375,2986.9022608712885,2937.785314469003,2964.9893412532283,451446,INDIGO
2024-01-09,3007.81689453125,3036.86789794988,2969.9809324131797,2987.9006005537567,831003,INDIGO
2024-01-10,3076.9501953125,3084.7870495479974,2968.43362519551,3007.8170227619503,839629,INDIGO
2024-01-11,3046.85107421875,3089.578916534801,3022.1428291050825,3089.578916534801,891708,INDIGO
2024-01-12,3067.41650390625,3081.1433071309466,3025.8865872040315,3050.8943756427743,583998,INDIGO
2024-01-15,3114.2373046875,3123.0225075545036,3066.0687039658546,3068.91399341708,638566,INDIGO
2024-01-16,3046.451904296875,3126.716168211573,3039.8629413168073,3073.8055817124628,568486,INDIGO
2024-01-17,3053.58984375,3078.098476284574,2990.0473197279143,2994.9389558643234,771661,INDIGO
2024-01-18,3047.4501953125,3067.7157531257308,3008.865253726768,3020.695359623947,925829,INDIGO
2024-01-19,3024.43896484375,3106.899466052395,3012.758752389536,3063.423133235527,586989,INDIGO
2024-01-23,2906.8876953125,3062.824129290058,2895.107553761789,3062.824129290058,1061598,INDIGO
2024-01-24,2905.240234375,2944.9731371689195,2890.5151188671975,2934.9900080110874,1244427,INDIGO
2024-01-25,2858.219970703125,2917.619591861143,2842.1969989391196,2905.6398363334756,1096039,INDIGO
2024-01-29,2891.1142578125,2916.4713088529215,2846.9389104685074,2885.0244514216047,1539851,INDIGO
2024-01-30,2924.05859375,2961.7449071382084,2905.0906479387163,2914.07546437564,1253067,INDIGO
2024-01-31,2956.354248046875,2964.939593458625,2907.0874048718474,2935.0401683802306,1571722,INDIGO
2024-02-01,3061.426513671875,3076.7005064432547,2967.0859422478075,2976.969142715023,1610034,INDIGO
2024-02-02,3121.824462890625,3144.6857315107454,3067.216550601714,3094.7201205865485,1104594,INDIGO
2024-02-05,3165.800048828125,3294.432771346282,3149.228199912542,3219.609263664031,3430174,INDIGO
2024-02-06,3132.556396484375,3185.716561221813,3065.5694998589393,3184.668283875607,1007663,INDIGO
2024-02-07,3109.295654296875,3183.6200048490273,3101.2591862852005,3163.6537458032512,636345,INDIGO
2024-02-08,3127.115478515625,3163.204638950508,3109.744930169263,3134.7027546489526,762163,INDIGO
2024-02-09,3100.7099609375,3152.173040639693,2979.165363091773,3124.719435376798,1667210,INDIGO
2024-02-12,3057.83251953125,3125.2686070280065,3047.6497763412435,3117.731295623929,410580,INDIGO
2024-02-13,3036.31884765625,3068.6143688103452,3000.9786670130984,3044.8544720531645,414063,INDIGO
2024-02-14,3089.079833984375,3094.320977012686,3006.619086180782,3044.7545924219808,347614,INDIGO
2024-02-15,3023.740234375,3123.4216348197674,3016.152958568196,3123.4216348197674,544154,INDIGO
2024-02-16,3040.16259765625,3059.629700964218,3005.421256853202,3059.629700964218,727944,INDIGO
2024-02-19,3062.8740234375,3083.289474042299,3035.1208753301275,3056.834181485355,547439,INDIGO
2024-02-20,3109.64501953125,3131.0590280428232,3048.7479274453444,3074.803993845734,745295,INDIGO
2024-02-21,3090.427490234375,3129.711203631103,3077.798928483155,3129.711203631103,481341,INDIGO
2024-02-22,3123.0224609375,3128.862445477773,3077.449328376512,3104.753285144118,397181,INDIGO
2024-02-23,3173.636962890625,3209.925737199074,3130.809433547271,3136.6993826367866,873751,INDIGO
2024-02-26,3178.678466796875,3196.5481715016695,3129.960745024352,3192.6048840085728,417096,INDIGO
2024-02-27,3177.630126953125,3193.3535559507727,3147.730702779539,3184.6183176187465,460969,INDIGO
2024-02-28,3120.62646484375,3196.648144950235,3092.8235944262683,3184.6184247255046,506498,INDIGO
2024-02-29,3150.02685546875,3164.152886180265,3073.805564457812,3129.112004241715,3097349,INDIGO
2024-03-01,3152.0234375,3166.3990462482675,3125.0190239080257,3150.076532297037,210443,INDIGO
2024-03-04,3165.750244140625,3197.3967154190877,3147.9802251604606,3168.645254159229,484126,INDIGO
2024-03-05,3181.024169921875,3209.576016738007,3146.831952636252,3165.79989799178,341136,INDIGO
2024-03-06,3064.62109375,3191.506521432892,3020.8949384920397,3191.506521432892,1168268,INDIGO
2024-03-07,3100.46044921875,3121.425020960146,3075.8021683448565,3077.7987942249897,340788,INDIGO
2024-03-11,3213.1201171875,3256.496765082722,3014.9050369558,3027.933069387732,9136024,INDIGO
2024-03-12,3237.47900390625,3311.404128230989,3192.0057992844304,3215.5161185215406,3251109,INDIGO
2024-03-13,3107.299072265625,3253.002800963683,3084.8869949160444,3236.53063701834,2053050,INDIGO
2024-03-14,3171.240966796875,3181.872902063075,3074.1550338686034,3104.753227834705,1379775,INDIGO
2024-03-15,3197.6962890625,3210.4744997652792,3129.711080070897,3171.2409960411674,2268294,INDIGO
2024-03-18,3243.718505859375,3250.257504664422,3154.6690362403665,3194.601555686447,890781,INDIGO
2024-03-19,3227.545654296875,3336.3617620353098,3217.6124895380594,3254.5001030027256,3389294,INDIGO
2024-03-20,3208.228271484375,3254.5001735911956,3175.5335228079603,3228.5940016299837,1147219,INDIGO
2024-03-21,3284.599365234375,3291.8371343648896,3239.525631519983,3252.952892402566,727852,INDIGO
2024-03-22,3281.255126953125,3321.4372240986304,3261.288867501942,3294.432809445155,681688,INDIGO
2024-03-26,3486.15869140625,3502.031769389991,3296.7787786644203,3318.3921559552437,2463948,INDIGO
2024-03-27,3540.66650390625,3555.5415130030487,3465.7433124725153,3509.0200323400686,1246756,INDIGO
2024-03-28,3542.6630859375,3567.7708023953196,3510.0682662241566,3540.0176541612227,1102586,INDIGO
2024-04-01,3542.962646484375,3600.116062086715,3519.3026786401597,3563.927218146369,756301,INDIGO
2024-04-02,3561.781005859375,3638.8507171587994,3544.5101430102377,3608.9013285402084,936798,INDIGO
2024-04-03,3484.9609375,3557.6878913084734,3474.1291442570077,3516.058289101489,992280,INDIGO
2024-04-04,3478.17236328125,3519.0532307910726,3454.162887528258,3519.0532307910726,628441,INDIGO
2024-04-05,3493.646240234375,3512.5642224722387,3456.159539064627,3509.0701270399086,702689,INDIGO
2024-04-08,3593.72705078125,3605.906420176739,3498.9870044125564,3542.014390583353,792454,INDIGO
2024-04-09,3627.869140625,3644.8404602151554,3566.722474454587,3607.902882283641,667654,INDIGO
2024-04-10,3788.897216796875,3806.417657948837,3665.9051091639726,3673.492141404627,2692686,INDIGO
2024-04-12,3687.019287109375,3823.9877745286312,3663.9581605696867,3823.538582448766,2751797,INDIGO
2024-04-15,3589.583740234375,3687.019178363042,3546.0074789265623,3664.107945678226,1767191,INDIGO
2024-04-16,3564.027099609375,3630.6145228297346,3506.9733698209598,3583.64385105542,701956,INDIGO
2024-04-18,3584.04345703125,3671.2959122886355,3567.2217861550967,3640.8473669929717,962322,INDIGO
2024-04-19,3554.193603515625,3591.929880578737,3435.244716773948,3499.1367435546704,1244645,INDIGO
2024-04-22,3720.71240234375,3733.640506431472,3610.798047943732,3613.9428800053397,1274812,INDIGO
2024-04-23,3696.3037109375,3727.1514840113464,3666.8035141268306,3715.7708137214568,518205,INDIGO
2024-04-24,3735.88671875,3759.996123026645,3698.7495252984218,3713.624290945099,589705,INDIGO
2024-04-25,3806.1181640625,3822.540363679908,3720.86209015268,3733.640544919612,634457,INDIGO
2024-04-26,3928.7109375,3965.2990093673416,3828.5301361842285,3851.4913338719043,1760839,INDIGO
2024-04-29,3921.07373046875,4003.184970721415,3868.46268667571,3994.250118552133,701974,INDIGO
2024-04-30,3975.581787109375,3989.2586260455123,3933.7523274508753,3948.327794296797,1044306,INDIGO
2024-05-02,4101.3193359375,4115.944523730847,3963.4024940363743,4012.2199016936192,1197616,INDIGO
2024-05-03,4012.46923828125,4172.049657409683,3991.2550885484698,4160.019694145546,1134070,INDIGO
2024-05-06,3991.504638671875,4048.1588969710383,3931.356285147213,4044.115680892927,539618,INDIGO
2024-05-07,3941.98828125,4033.134301145154,3908.9442692720736,3991.554664810006,730464,INDIGO
2024-05-08,4068.774169921875,4087.492538161052,3922.4216343530834,3957.3126240051583,946627,INDIGO
2024-05-09,4038.525390625,4117.392113691619,4022.1029476110416,4088.0415667181855,795242,INDIGO
2024-05-10,4012.41943359375,4038.5254639530103,3984.017478390317,4038.1759569225915,694961,INDIGO
2024-05-13,4075.113525390625,4083.100029115056,3973.335567298165,3999.341668796592,321881,INDIGO
2024-05-14,4140.353515625,4166.958459567968,4075.8124339754136,4110.903282142189,682523,INDIGO
2024-05-15,4288.25341796875,4307.121435853714,4127.624956514572,4156.625753684283,854988,INDIGO
2024-05-16,4283.16162109375,4326.638440895382,4254.80963187822,4282.7623934203575,587188,INDIGO
2024-05-17,4358.93359375,4384.440781834536,4289.301266203994,4295.29114384236,770169,INDIGO
2024-05-21,4308.2197265625,4357.685940443164,4271.9309517310485,4335.124456739773,1035962,INDIGO
2024-05-22,4348.40185546875,4400.064553286694,4276.772897624548,4330.132922527731,746320,INDIGO
2024-05-23,4393.076171875,4431.41129197241,4312.711978752414,4380.597259899443,1290154,INDIGO
2024-05-24,4249.31884765625,4521.35911218963,4234.843310644383,4512.3742961132975,4290541,INDIGO
2024-05-27,4245.775390625,4290.749195468862,4199.203700061359,4252.813302163181,1064775,INDIGO
2024-05-28,4189.96923828125,4258.952761712056,4148.988686016661,4244.87645140226,540184,INDIGO
2024-05-29,4020.75537109375,4177.9396963479985,3998.542907953071,4177.9396963479985,1877700,INDIGO
2024-05-30,4155.17822265625,4190.817701357567,4033.23415347434,4033.23415347434,2191200,INDIGO
2024-05-31,4181.98291015625,4210.684409129228,4099.472437556741,4182.881781829248,1839602,INDIGO
2024-06-03,4290.798828125,4316.7052444524825,4222.963754882446,4316.7052444524825,775065,INDIGO
2024-06-04,4066.328369140625,4332.678320148009,3861.724173251737,4332.678320148009,1977245,INDIGO
2024-06-05,4341.1640625,4356.438056353661,4023.201373318386,4113.049542945843,1729894,INDIGO
2024-06-06,4293.744140625,4349.649667682661,4252.813308314927,4342.711197466608,1087088,INDIGO
2024-06-07,4365.822265625,4403.558299094918,4312.911680757163,4347.652775460976,2066566,INDIGO
2024-06-10,4558.89599609375,4602.0228228807655,4378.101424105499,4390.580335928853,2022024,INDIGO
2024-06-11,4362.12841796875,4466.751419736668,4353.642757926929,4392.5769628246935,4381077,INDIGO
2024-06-12,4293.14501953125,4386.287912558778,4276.872713024282,4382.643680234589,2488000,INDIGO
2024-06-13,4295.39111328125,4341.063930706058,4222.863775015102,4340.664703017887,4510241,INDIGO
2024-06-14,4263.1953125,4326.688110458771,4253.062534052141,4326.688110458771,1243397,INDIGO
2024-06-18,4294.99169921875,4321.496711886236,4272.779237063455,4292.745495180574,1160966,INDIGO
2024-06-19,4220.8671875,4317.7035444506855,4207.090663659088,4300.73222416036,1285543,INDIGO
2024-06-20,4222.115234375,4255.409070251892,4178.938197338476,4217.872404145977,1449293,INDIGO
2024-06-21,4302.87841796875,4308.469067920505,4209.685807590644,4228.004947518877,1798803,INDIGO
2024-06-24,4308.369140625,4339.316841754983,4257.555109486945,4294.991844724828,1058926,INDIGO
2024-06-25,4226.35791015625,4332.678240245217,4219.918596590397,4328.68498841089,1512109,INDIGO
2024-06-26,4218.7705078125,4260.599722032647,4205.3932120597,4234.044988095778,792643,INDIGO
2024-06-27,4214.52783203125,4229.702384085242,4142.998805566405,4212.980641918196,1336815,INDIGO
2024-06-28,4221.11669921875,4257.754979192305,4210.335114422509,4223.862059810685,805457,INDIGO
2024-07-01,4215.02685546875,4274.227104910793,4205.542882598737,4269.135611457499,1761756,INDIGO
2024-07-02,4241.931640625,4275.874280823286,4218.371357584103,4227.80560991633,1070473,INDIGO
2024-07-03,4271.78125,4278.170355593331,4238.437693892531,4267.78799807198,598290,INDIGO
2024-07-04,4281.5146484375,4316.7051797945205,4259.851062519826,4271.78109721109,669475,INDIGO
2024-07-05,4315.60693359375,4337.669747175601,4281.5146440044555,4292.7456646386845,576448,INDIGO
2024-07-08,4230.80078125,4317.50387549623,4221.466457191029,4316.255984243894,385991,INDIGO
2024-07-09,4297.83740234375,4311.713855579859,4213.330304217094,4232.847128422923,433465,INDIGO
2024-07-10,4274.02734375,4306.722093065693,4158.372690282223,4306.722093065693,559022,INDIGO
2024-07-11,4313.111328125,4322.695230284107,4272.9794385539135,4287.754275766799,710193,INDIGO
2024-07-12,4324.34228515625,4361.529443341613,4277.771082531048,4327.686731102005,1056812,INDIGO
2024-07-15,4378.451171875,4417.435099571672,4312.912020866606,4325.690232293327,1596638,INDIGO
2024-07-16,4423.62451171875,4444.7884533129145,4383.5920658238065,4436.502650995444,709083,INDIGO
2024-07-18,4409.7978515625,4436.502722812553,4357.6360002423025,4401.661698560992,822843,INDIGO
2024-07-19,4274.1767578125,4408.549771808856,4243.029687768768,4393.575078290484,727696,INDIGO
2024-07-22,4329.23388671875,4347.652955877627,4243.378971861006,4281.564442713433,603718,INDIGO
2024-07-23,4308.11962890625,4362.527684958685,4164.01305634743,4331.8797697119035,722279,INDIGO
2024-07-24,4368.41748046875,4388.833174666283,4289.001882663638,4307.720249914134,648265,INDIGO
2024-07-25,4424.72265625,4460.112556287568,4327.886304383455,4342.661140406908,1133699,INDIGO
2024-07-26,4485.8193359375,4502.39142848729,4408.050854209674,4435.10523279031,1008958,INDIGO
2024-07-29,4431.810546875,4471.443766535712,4265.991153491686,4470.445453571538,1950730,INDIGO
2024-07-30,4466.4521484375,4520.211398408516,4422.576099202416,4479.430216816956,998970,INDIGO
2024-07-31,4464.6552734375,4504.387933005396,4443.041408571343,4466.402321062225,778444,INDIGO
2024-08-01,4396.86962890625,4461.061445499474,4366.021855553763,4424.523093221889,792851,INDIGO
2024-08-02,4305.224609375,4400.363638803233,4294.19344622847,4347.652909873188,675767,INDIGO
2024-08-05,4213.27978515625,4292.745591741378,4155.9269998992195,4272.779333175139,903676,INDIGO
2024-08-06,4254.2607421875,4329.832736944681,4242.8298643933795,4293.294386973939,992747,INDIGO
2024-08-07,4310.615234375,4340.664550581422,4271.331523712994,4340.664550581422,477082,INDIGO
2024-08-08,4249.7685546875,4327.6866863174355,4233.845267975143,4310.815294766545,374911,INDIGO
2024-08-09,4282.96240234375,4310.715307301228,4266.440030588143,4297.737238983739,503538,INDIGO
2024-08-12,4244.47705078125,4280.26666663987,4218.4209859429775,4262.796190449502,1736347,INDIGO
2024-08-13,4220.26806640625,4312.56229359636,4212.33177093,4262.496996656419,508342,INDIGO
2024-08-14,4202.79736328125,4251.814623965205,4190.119081976825,4231.848366045669,627078,INDIGO
2024-08-16,4270.4833984375,4282.6625236599375,4192.914289106045,4232.84680614515,727461,INDIGO
2024-08-19,4224.810546875,4317.603440097027,4199.05378112488,4292.54568837226,1548752,INDIGO
2024-08-20,4294.7919921875,4310.964856812217,4222.863739782475,4247.522264404391,798389,INDIGO
2024-08-21,4292.59619140625,4344.658116147536,4273.328458297173,4302.728970725156,605150,INDIGO
2024-08-22,4475.58642578125,4482.424966707477,4368.617294946976,4392.576804791292,2341452,INDIGO
2024-08-23,4702.50341796875,4714.0337375279905,4462.608524238858,4485.420072577988,3390956,INDIGO
2024-08-26,4712.13720703125,4735.796932246219,4594.436203864982,4710.040652276123,1147478,INDIGO
2024-08-27,4738.7421875,4747.926861995304,4653.436147481575,4692.07105519566,1051934,INDIGO
2024-08-28,4851.6513671875,4935.459448241189,4722.0203310106435,4766.94441449806,1955254,INDIGO
2024-08-29,4751.81982421875,4871.567165854778,4713.235127559588,4723.118327922983,6958538,INDIGO
2024-08-30,4821.8515625,4860.785767663044,4768.990696661023,4774.930853713768,2120523,INDIGO
2024-09-02,4784.9638671875,4900.1695758492215,4760.255620760127,4886.4427722784585,1273990,INDIGO
2024-09-03,4805.279296875,4820.853075870655,4766.993899019114,4787.958470274712,1351206,INDIGO
2024-09-04,4806.876953125,4856.692672863184,4771.935999156282,4811.868517977674,1569180,INDIGO
2024-09-05,4820.40380859375,4847.508395202032,4793.44935889424,4826.843122116076,1042127,INDIGO
2024-09-06,4775.6298828125,4876.658861489693,4751.969670771249,4868.772286628442,971127,INDIGO
2024-09-09,4800.3876953125,4817.309294358204,4710.4396033637595,4771.935776976968,1083107,INDIGO
2024-09-10,4823.69873046875,4836.776728162454,4752.269143378406,4806.926779719663,636042,INDIGO
2024-09-11,4892.1328125,4915.044290293448,4839.022854625238,4861.734474840385,1630528,INDIGO
2024-09-12,4986.2236328125,5026.505657469618,4916.691233969786,4950.134717490189,1714854,INDIGO
2024-09-13,4934.01220703125,5003.544607932102,4920.684631384143,5003.544607932102,656466,INDIGO
2024-09-16,4938.75390625,4984.576371436036,4926.874080084358,4971.598303575298,455240,INDIGO
2024-09-17,4925.4267578125,4960.91658993671,4901.916681673849,4944.6442830393335,587354,INDIGO
2024-09-18,4916.341796875,4949.485981967544,4879.254568084283,4925.676120496748,545644,INDIGO
2024-09-19,4865.328125,4967.555766141496,4806.328216680167,4926.674653818293,930127,INDIGO
2024-09-20,4895.37744140625,4908.305789729877,4773.932762535878,4836.82648149024,1361564,INDIGO
2024-09-23,4922.0322265625,4941.599257381203,4891.733331801579,4926.574355387608,490477,INDIGO
2024-09-24,4818.95654296875,4936.657542392949,4775.82922850519,4931.566048851661,1344873,INDIGO
2024-09-25,4774.13232421875,4816.75999417125,4749.573728467205,4801.885228895483,766857,INDIGO
2024-09-26,4859.337890625,4868.722422100517,4772.684523583818,4791.902047419825,608615,INDIGO
2024-09-27,4937.3564453125,4948.637186421207,4862.432767556405,4887.690377121164,1102149,INDIGO
2024-09-30,4779.37353515625,4951.6322399731225,4771.28710275673,4893.730088779889,1477169,INDIGO
2024-10-01,4896.974609375,4906.708160660135,4793.8987970478065,4815.861681998879,806651,INDIGO
2024-10-03,4708.892578125,4856.792545508544,4647.196544784636,4812.866775312784,1209060,INDIGO
2024-10-04,4601.57373046875,4705.4479942513735,4582.305998742208,4643.153365870939,1208848,INDIGO
2024-10-07,4477.63330078125,4641.1567619852185,4447.8832833106,4597.230993534508,1121745,INDIGO
2024-10-08,4595.1845703125,4619.593028308216,4422.825457701123,4484.47127944079,1298237,INDIGO
2024-10-09,4700.3564453125,4781.070140996099,4632.171869033636,4650.391079509899,1382163,INDIGO
2024-10-10,4657.27978515625,4746.22957077009,4648.195039382892,4726.013732560467,519523,INDIGO
2024-10-11,4685.5322265625,4695.065920488846,4606.016208153599,4652.787268514525,418673,INDIGO
2024-10-14,4671.056640625,4697.0624983694215,4618.295702955216,4695.065872440253,534572,INDIGO
2024-10-15,4748.42578125,4769.639931237528,4693.069133711316,4756.911441245011,1774742,INDIGO
2024-10-16,4691.92138671875,4779.922578980193,4675.498943109132,4737.144770020583,1788208,INDIGO
2024-10-17,4616.19921875,4717.028829713181,4605.6672117957605,4699.358494987125,420382,INDIGO
2024-10-18,4655.18310546875,4689.076025824703,4565.884302667541,4592.2396676162725,624908,INDIGO
2024-10-21,4583.2548828125,4699.208837736305,4562.639817304638,4693.0693104120155,848568,INDIGO
2024-10-22,4516.76708984375,4612.156186303285,4487.416786109086,4587.248082796719,589153,INDIGO
2024-10-23,4512.37451171875,4560.592831982659,4469.995932217509,4491.909096344804,612802,INDIGO
2024-10-24,4512.22509765625,4571.874299235914,4486.5185379796585,4543.921535315737,722355,INDIGO
2024-10-25,4358.734375,4550.759973116489,4307.720484516885,4538.530639180143,1328953,INDIGO
2024-10-28,4008.67578125,4192.914489280692,3773.6230403526224,4192.914489280692,9138963,INDIGO
2024-10-29,4019.956787109375,4053.200658046904,3968.643597494048,4020.9051356934197,1406204,INDIGO
2024-10-30,4050.8544921875,4112.350424941176,3984.317030186382,3998.293411775229,1159067,INDIGO
2024-10-31,4045.663330078125,4080.055163311694,4003.2849930467464,4056.145616312751,866950,INDIGO
2024-11-01,4062.6845703125,4092.7838524063536,4043.1675031257355,4043.1675031257355,79727,INDIGO
2024-11-04,3956.4140625,4068.125181653163,3867.464283122541,4062.6844249412406,1120004,INDIGO
2024-11-05,3934.20166015625,3968.293949678975,3885.433975383791,3964.2007691198833,1050031,INDIGO
2024-11-06,4055.09716796875,4073.1167651485503,3913.4866247117993,3938.3445192429,1106076,INDIGO
2024-11-07,3989.009033203125,4083.5991867152306,3973.28560399135,4066.1287098132584,885454,INDIGO
2024-11-08,3996.19677734375,4061.2867329850237,3954.068019569064,3983.3686021642307,411058,INDIGO
2024-11-11,4004.832275390625,4040.871226177548,3963.5519379559305,3996.246686641292,231599,INDIGO
2024-11-12,3906.298583984375,4033.8330613690623,3888.4288799479987,4013.2179967627612,822043,INDIGO
2024-11-13,3842.306884765625,3899.609949918988,3823.538552784277,3887.430580820359,692857,INDIGO
2024-11-14,3884.63525390625,3913.28678646861,3832.4734029184915,3857.4811907502376,583377,INDIGO
2024-11-18,3969.591796875,4007.6773380906243,3900.4586256962784,3943.336117775455,754253,INDIGO
2024-11-19,4039.07421875,4107.059427325817,3975.3320838898344,3995.2483782590953,940659,INDIGO
2024-11-21,4062.93408203125,4082.5508339559537,3994.449716348837,4038.175872190243,701807,INDIGO
2024-11-22,4135.6611328125,4146.8424330733815,4045.413737703979,4067.1270448284313,966107,INDIGO
2024-11-25,4237.33935546875,4255.908074002003,4147.990345617306,4196.907680619773,1329034,INDIGO
2024-11-26,4222.46435546875,4284.758983175331,4206.092121337673,4267.288507358563,751363,INDIGO
2024-11-27,4260.69970703125,4282.762520537639,4163.913559793362,4230.451019876184,403134,INDIGO
2024-11-28,4345.306640625,4378.999701728335,4282.61278413275,4304.725317854257,1478829,INDIGO
2024-11-29,4371.5126953125,4392.57719709005,4319.001334055783,4352.195241283794,873325,INDIGO
2024-12-02,4401.8115234375,4425.7213143804365,4345.406839857703,4375.106651123171,525558,INDIGO
2024-12-03,4398.06787109375,4448.033241188089,4382.594019771096,4442.492799084596,659008,INDIGO
2024-12-04,4363.47607421875,4437.001722448559,4349.898921169757,4416.536307821448,720797,INDIGO
2024-12-05,4361.1796875,4375.555783434268,4308.21938237066,4361.6291232945005,732476,INDIGO
2024-12-06,4461.66064453125,4497.400054867724,4368.767327616019,4380.597434130871,546985,INDIGO
2024-12-09,4481.87646484375,4501.393288888859,4462.958238628886,4462.958238628886,537952,INDIGO
2024-12-10,4469.447265625,4493.406777435364,4447.38445100812,4467.450639640803,651287,INDIGO
2024-12-11,4458.01611328125,4482.07555240573,4445.03804518047,4445.537201645885,261785,INDIGO
2024-12-12,4456.818359375,4475.586447193181,4398.16747562134,4415.737880416059,930994,INDIGO
2024-12-13,4425.42138671875,4452.375836418422,4372.610729057928,4452.375836418422,401395,INDIGO
2024-12-16,4399.3154296875,4450.878194156261,4372.610559262778,4426.619385351561,391652,INDIGO
2024-12-17,4379.39892578125,4436.652269277996,4362.627463695573,4403.00941632307,616363,INDIGO
2024-12-18,4382.943359375,4407.351818538311,4346.7043068001985,4379.399055926507,543593,INDIGO
2024-12-19,4426.5693359375,4436.502744761717,4248.071175663208,4248.071175663208,486361,INDIGO
2024-12-20,4388.1845703125,4480.428590868288,4186.275772963322,4459.464018584813,876328,INDIGO
2024-12-23,4432.4599609375,4487.3671754618745,4417.6846361909775,4461.411037686716,552061,INDIGO
2024-12-24,4604.46875,4660.024766322261,4427.51778551683,4472.4418667678465,1570584,INDIGO
2024-12-26,4717.02880859375,4728.409479021396,4564.3868521521335,4645.1005537017945,1316409,INDIGO
2024-12-27,4674.05126953125,4732.003138298948,4657.528898588656,4717.028444823319,701112,INDIGO
2024-12-30,4589.79345703125,4670.956591434327,4571.025368763848,4670.956591434327,1105001,INDIGO
2024-12-31,4546.56689453125,4621.8898039441565,4537.382220121406,4586.249835533087,685310,INDIGO
2025-01-01,4587.94677734375,4627.180279226697,4544.320308746478,4573.870467999592,425992,INDIGO
2025-01-02,4530.0947265625,4622.189098999366,4521.509137440027,4597.23127449073,892469,INDIGO
2025-01-03,4458.66552734375,4556.250618973831,4432.509532865016,4556.250618973831,702022,INDIGO
2025-01-06,4259.75146484375,4476.335158119342,4225.858546577906,4458.465454527977,828533,INDIGO
2025-01-07,4321.29736328125,4348.651039546314,4277.870751660436,4292.745516540209,584163,INDIGO
2025-01-08,4254.95947265625,4344.957288248245,4219.819149040466,4344.957288248245,727751,INDIGO
2025-01-09,4253.36181640625,4300.183081220344,4227.755188101278,4270.782571434007,516365,INDIGO
2025-01-10,4221.66552734375,4291.747290078196,4188.172323493964,4251.814772840901,772259,INDIGO
2025-01-13,3994.6494140625,4122.982838618341,3945.3328509175317,4093.083170233269,2144483,INDIGO
2025-01-14,3988.26025390625,4018.758763417165,3943.3361709461046,3954.3675778409565,1163662,INDIGO
2025-01-15,4059.140380859375,4146.692619964693,3988.360091483452,4046.7613979960624,784809,INDIGO
2025-01-16,4104.8134765625,4136.609843094806,4068.375052073042,4083.1001688187816,569356,INDIGO
2025-01-17,4083.299560546875,4129.022342192141,4061.2867113549614,4093.0830761575867,302579,INDIGO
2025-01-20,4107.35888671875,4159.221440862341,4083.2996902077803,4110.054526739937,532179,INDIGO
2025-01-21,4003.035400390625,4132.965979820699,3978.3271543551095,4123.032570774934,1419661,INDIGO
2025-01-22,4004.732421875,4087.7420466517056,3938.3446103195497,4023.201211555839,1055656,INDIGO
2025-01-23,4127.82421875,4185.975948482986,3982.2204202395087,3982.3203490266874,1213108,INDIGO
2025-01-24,4154.77880859375,4262.596611560324,4119.089119185833,4155.078594965388,1481820,INDIGO
2025-01-27,4168.705078125,4230.949984721707,4049.556336420079,4128.572704697272,1360996,INDIGO
2025-01-28,4275.275390625,4293.744180987303,4175.7433902840685,4200.601773764749,691200,INDIGO
2025-01-29,4286.65576171875,4301.730384344523,4222.863663443336,4280.21693584118,344762,INDIGO
2025-01-30,4220.61767578125,4346.554759958439,4176.392606016548,4285.857526122921,571581,INDIGO
2025-01-31,4317.0546875,4337.520102902356,4210.933728817195,4220.617559380818,519645,INDIGO
2025-02-01,4484.82080078125,4509.329675094527,4278.469815615057,4332.678011420112,642870,INDIGO
2025-02-03,4386.28759765625,4491.360030715257,4330.182217514912,4475.387024264482,787814,INDIGO
2025-02-04,4337.86962890625,4412.543242644935,4285.657569103623,4396.120799620871,727129,INDIGO
2025-02-05,4407.95068359375,4422.476428771225,4354.0919950836,4362.577654738268,670519,INDIGO
2025-02-06,4387.435546875,4497.399615339021,4357.4359517499215,4497.399615339021,587111,INDIGO
2025-02-07,4357.1865234375,4447.484123349098,4328.684884139549,4417.534735313077,1091319,INDIGO
2025-02-10,4317.85302734375,4372.610588483261,4282.762425706208,4357.236667010684,1026383,INDIGO
2025-02-11,4309.5673828125,4382.593878072945,4267.787888100646,4317.853185366632,997718,INDIGO
2025-02-12,4330.1826171875,4351.6463465868155,4192.914580331412,4309.567551325707,685035,INDIGO
2025-02-13,4357.486328125,4392.576930430006,4320.199242371784,4334.025974064749,839061,INDIGO
2025-02-14,4216.1748046875,4375.605574682304,4199.6032000060495,4359.632567793206,821919,INDIGO
2025-02-17,4295.74072265625,4307.720478331797,4150.835692122291,4168.954975090053,435501,INDIGO
2025-02-18,4338.21875,4347.65300258908,4247.821705170272,4292.745789008735,415081,INDIGO
2025-02-19,4392.47705078125,4402.560109066757,4317.953086562583,4328.684950774026,596622,INDIGO
2025-02-20,4493.85595703125,4517.765259354223,4359.532659128819,4388.982890716513,940390,INDIGO
2025-02-21,4503.14013671875,4537.332355237315,4472.442013523249,4492.4082725121925,505647,INDIGO
2025-02-24,4528.34765625,4566.283549313823,4488.065630202571,4494.405015087632,739113,INDIGO
2025-02-25,4419.98095703125,4551.208904552962,4407.551765563251,4532.340886898563,547833,INDIGO
2025-02-27,4435.90380859375,4491.410107907807,4410.546756331783,4436.003737383495,591554,INDIGO
2025-02-28,4469.74658203125,4517.366306923707,4395.871420326863,4462.359163352315,2126278,INDIGO
2025-03-03,4457.16796875,4484.970594104055,4260.350183080341,4471.393928114835,802730,INDIGO
2025-03-04,4590.94189453125,4603.220948663101,4410.1970449638375,4427.168364878666,825683,INDIGO
2025-03-05,4690.17431640625,4714.133827964955,4600.3261480611045,4612.205975050794,1344602,INDIGO
2025-03-06,4754.36572265625,4774.382190734231,4651.189976854594,4742.635544933519,1390376,INDIGO
2025-03-07,4649.6923828125,4807.525761009409,4638.112342315616,4787.909008621964,843155,INDIGO
2025-03-10,4619.74267578125,4698.759531959584,4597.23091481871,4658.128001855396,534997,INDIGO
2025-03-11,4643.60302734375,4667.11310264251,4560.09375801175,4594.535555239807,812720,INDIGO
2025-03-12,4721.2216796875,4735.147852516154,4631.872672903889,4662.071638883825,1122703,INDIGO
2025-03-13,4692.91943359375,4736.545416152002,4662.970045699419,4732.003287304356,553796,INDIGO
2025-03-17,4772.38525390625,4786.860791429786,4702.053912817524,4702.053912817524,1030205,INDIGO
2025-03-18,4772.38525390625,4772.38525390625,4772.38525390625,4772.38525390625,0,INDIGO
2025-03-19,4972.1474609375,5044.225852255738,4781.919119747658,4802.883692088933,2103310,INDIGO
2025-03-20,5078.16845703125,5181.593777336617,4997.005808242365,5031.497326080012,1825431,INDIGO
2025-03-21,5035.5400390625,5106.170677450049,5010.0830598556795,5063.443079881985,897795,INDIGO
2025-03-24,4961.96484375,5068.884257652674,4947.938254398035,5046.771235954583,766222,INDIGO
2025-03-25,4998.25341796875,5023.660188934254,4949.68510515973,5002.545968478568,818364,INDIGO
2025-03-26,5016.67236328125,5066.438362719862,4966.607064932279,5011.531148936691,736014,INDIGO
2025-03-27,5119.14892578125,5140.313355204007,4966.60690272673,4966.60690272673,940051,INDIGO
2025-03-28,5106.72021484375,5168.0662527691875,5043.277134787225,5141.211732070968,951945,INDIGO
2025-04-01,5019.517578125,5124.290718578211,4983.2288044272855,5091.396111463306,793792,INDIGO
2025-04-02,5059.69970703125,5074.175245087177,4991.564846871454,5019.517610013935,418272,INDIGO
2025-04-03,4995.15869140625,5076.42126669928,4958.520411764875,4991.065510887522,950156,INDIGO
2025-04-04,5090.2978515625,5141.311741283042,5036.488880538436,5047.420602427659,1413600,INDIGO
2025-04-07,4980.2841796875,5007.687578631627,4626.7814544605435,4741.986675355574,1786910,INDIGO
2025-04-08,5148.349609375,5192.225658557886,5017.820191021521,5099.382554107611,1232399,INDIGO
2025-04-09,5184.98779296875,5256.117589406588,5136.8191939775115,5136.8191939775115,1128920,INDIGO
2025-04-11,5142.41015625,5225.519712925592,5106.370959707579,5206.102330226787,1131912,INDIGO
2025-04-15,5247.1328125,5337.979290037576,5192.225600801465,5311.024840658295,1567359,INDIGO
2025-04-16,5235.65234375,5276.0840188232905,5191.726573300005,5251.126194703976,1012248,INDIGO
2025-04-17,5356.947265625,5390.889905772457,5169.763588341234,5235.153086272363,1172355,INDIGO
2025-04-21,5487.22705078125,5508.1916224298275,5341.972518644677,5384.899974877479,844886,INDIGO
2025-04-22,5524.6640625,5639.47005584794,5441.804084692357,5492.718046959704,1045582,INDIGO
2025-04-23,5549.12255859375,5560.60315757258,5475.746556424704,5530.653768932153,1454342,INDIGO
2025-04-24,5511.1865234375,5565.594578057071,5461.270876997526,5550.619884125079,852761,INDIGO
2025-04-25,5304.53564453125,5512.683886158194,5184.2389389387,5471.253900414701,1913262,INDIGO
2025-04-28,5331.9892578125,5369.925148431649,5211.193395577841,5245.136034552869,1162878,INDIGO
2025-04-29,5255.119140625,5437.311246089298,5206.7009646522965,5370.923437796828,761297,INDIGO
2025-04-30,5240.64404296875,5311.52426528531,5197.716584382664,5253.122955348426,881119,INDIGO
2025-05-02,5312.5224609375,5377.412803878576,5209.19706871594,5221.176824335831,560286,INDIGO
2025-05-05,5522.16796875,5582.565900976227,5403.368730156264,5410.856077126457,1049781,INDIGO
2025-05-06,5313.021484375,5560.103937847907,5290.0602866785275,5546.127556641359,872819,INDIGO
2025-05-07,5287.564453125,5352.454793812836,5148.299798879567,5197.217132628858,1565403,INDIGO
2025-05-08,5137.318359375,5358.943830766615,5066.438141047051,5301.04168058322,1756653,INDIGO
2025-05-09,5092.39453125,5114.856573389409,4883.247961107504,4963.612156317389,2112896,INDIGO
2025-05-12,5467.2607421875,5587.557449835376,5403.867871352312,5412.353531227888,2240163,INDIGO
2025-05-13,5511.68603515625,5535.645546991742,5458.775446519539,5491.71977529334,1117587,INDIGO
2025-05-14,5442.30322265625,5525.662356672905,5410.856363715835,5515.6792268505515,933189,INDIGO
2025-05-15,5579.5712890625,5585.561166989567,5400.8732642383475,5411.854707104637,701995,INDIGO
2025-05-16,5553.11572265625,5623.496784849017,5535.146089755969,5589.554144926264,433634,INDIGO
2025-05-19,5565.095703125,5655.9421842415795,5534.647157256256,5550.620164925105,953693,INDIGO
2025-05-20,5432.81884765625,5598.538790455025,5422.835718571986,5581.567471011777,666863,INDIGO
2025-05-21,5452.2861328125,5473.250704594806,5380.90675745846,5451.786976341493,597496,INDIGO
2025-05-22,5493.71630859375,5555.611713124517,5320.509007205232,5455.780415494248,2271953,INDIGO
2025-05-23,5511.68603515625,5535.645546991742,5426.33027424231,5510.687722163105,544144,INDIGO
2025-05-26,5410.85595703125,5552.61638985384,5401.371984412837,5520.6703768233965,556606,INDIGO
2025-05-27,5304.53564453125,5319.011181718735,5221.675673044265,5261.109032968794,28753330,INDIGO
2025-05-28,5321.50732421875,5345.965992156722,5285.068900556057,5326.998045592581,1090832,INDIGO
2025-05-29,5313.021484375,5334.984369128148,5262.6066807370935,5321.507144393261,1713578,INDIGO
2025-05-30,5321.0078125,5384.4006823112095,5297.048302650093,5297.048302650093,1743945,INDIGO
2025-06-02,5324.0029296875,5360.94050861089,5271.092343662104,5340.974249733382,1172879,INDIGO
2025-06-03,5374.41796875,5449.291442820076,5335.483762233561,5349.959300553775,1239471,INDIGO
2025-06-04,5406.86279296875,5418.842548049183,5352.454738645117,5374.417622959244,932116,INDIGO
2025-06-05,5472.75146484375,5496.710975087502,5412.353532770958,5454.781832160936,1119642,INDIGO
2025-06-06,5471.25390625,5482.734504721285,5435.8137979256,5470.754749794727,447731,INDIGO
2025-06-09,5685.39208984375,5699.368470749424,5500.704199304489,5500.704199304489,1386071,INDIGO
2025-06-10,5589.55419921875,5719.33488253692,5561.601436657913,5695.3753717704885,1124088,INDIGO
2025-06-11,5621.5,5642.96372757947,5571.584354466347,5597.04133368851,1217882,INDIGO
2025-06-12,5467.2607421875,5616.508524704989,5408.859435985004,5588.555762761915,1444586,INDIGO
2025-06-13,5253.12255859375,5309.0280818323,5167.267647905976,5191.227157865355,3340182,INDIGO
2025-06-16,5373.41943359375,5395.382318412898,5235.153090527752,5271.092356595448,1208296,INDIGO
2025-06-17,5301.541015625,5379.409427115208,5272.090783074216,5370.923766888711,821905,INDIGO
2025-06-18,5264.10400390625,5325.500248215037,5249.628466630194,5299.044955951901,603006,INDIGO
2025-06-19,5262.107421875,5319.01125853728,5224.171530766814,5272.589707575947,621641,INDIGO
2025-06-20,5380.90673828125,5398.876371173469,5232.65726692044,5246.6336480588325,1218340,INDIGO
2025-06-23,5457.77685546875,5475.247331958727,5306.033288241523,5310.026540010661,922620,INDIGO
2025-06-24,5597.04150390625,5690.882920363431,5560.6030815585145,5621.999327432096,1450372,INDIGO
2025-06-25,5629.48681640625,5680.40077768249,5553.61503097499,5664.926926706378,962393,INDIGO
2025-06-26,5681.89794921875,5712.346493091397,5632.980616439742,5682.397105675678,1374904,INDIGO
2025-06-27,5806.18798828125,5833.641593796679,5665.4258654566875,5680.400559374194,2751255,INDIGO
2025-06-30,5966.41748046875,5986.882896406106,5810.181500264055,5830.147759715134,2392470,INDIGO
2025-07-01,5954.9365234375,6007.847107803332,5917.9989456726735,5952.440741156092,1289620,INDIGO
2025-07-02,5945.9521484375,5981.392259463278,5876.569395865908,5891.0449341722115,1388532,INDIGO
2025-07-03,5756.2724609375,5957.4325200562835,5740.299453761815,5945.9519211487595,1144838,INDIGO
2025-07-04,5743.29443359375,5815.172966397287,5727.820582781877,5779.732856473321,345735,INDIGO
2025-07-07,5738.302734375,5782.2285033924845,5721.331414527336,5746.788394298833,385469,INDIGO
2025-07-08,5792.2119140625,5798.201791946743,5729.8173527683075,5739.800482575378,512178,INDIGO
2025-07-09,5842.12744140625,5854.107196925196,5781.230350851605,5805.189861889498,1655274,INDIGO
2025-07-10,5830.1474609375,5925.9855013912675,5821.661801105656,5915.00405925594,716153,INDIGO
2025-07-11,5907.51708984375,5928.980819025269,5829.149520506575,5856.103971106622,1332425,INDIGO
2025-07-14,5930.47802734375,5949.945129697626,5877.567441458855,5907.017673224976,979832,INDIGO
2025-07-15,5920.4951171875,5954.437758446142,5897.533918689008,5939.9622202623095,787926,INDIGO
2025-07-16,5939.9619140625,5948.447573939732,5855.604471753545,5909.513369797138,842097,INDIGO
2025-07-17,5786.72119140625,5947.948737755272,5760.265897423283,5920.994287282061,1351389,INDIGO
2025-07-18,5851.1123046875,5859.098808430463,5780.232083968713,5808.18484706908,789730,INDIGO
2025-07-21,5868.08349609375,5900.029510363059,5810.181345230627,5890.0463809039,491974,INDIGO
2025-07-22,5937.96533203125,5949.445930773409,5861.095236105492,5890.046311194415,514262,INDIGO
2025-07-23,5887.05126953125,5946.95004453072,5805.189610365308,5915.004031197669,585120,INDIGO
2025-07-24,5834.14111328125,5922.990969387005,5815.6723229671325,5830.147861321441,343255,INDIGO
2025-07-25,5793.2099609375,5847.118859419427,5750.781661206353,5805.189716155706,877612,INDIGO
2025-07-28,5752.279296875,5860.59625343712,5735.307976491995,5761.264113548355,506105,INDIGO
2025-07-29,5746.28955078125,5785.223757258052,5693.378962492264,5715.841004690418,634249,INDIGO
2025-07-30,5730.31640625,5795.705905310867,5688.387261814025,5790.215184015679,1217558,INDIGO
2025-07-31,5900.52880859375,5920.495067991749,5597.04166574416,5615.51045568731,2572409,INDIGO
2025-08-01,5778.734375,5903.523490811523,5770.7478715880625,5860.096878509113,523408,INDIGO
2025-08-04,5770.748046875,5807.186469798785,5732.312998037583,5790.215149532913,545636,INDIGO
2025-08-05,5771.74609375,5792.211508421257,5696.373468985124,5755.773087177311,929923,INDIGO
2025-08-06,5883.55712890625,5906.019169357661,5771.746083103671,5790.2148719192755,980678,INDIGO
2025-08-07,5849.11572265625,5897.03474547371,5783.726222769924,5883.5575203063,483125,INDIGO
2025-08-08,5759.7666015625,5855.105488892289,5751.280941433671,5838.633325112796,345649,INDIGO
2025-08-11,5868.58251953125,5895.037811998304,5724.825458578201,5732.312805502839,799984,INDIGO
2025-08-12,5917.5,5952.44095318431,5814.174609869253,5815.172922817376,883247,INDIGO
2025-08-13,5969.5,5993.0,5886.0,5886.0,510227,INDIGO
2025-08-14,6002.5,6055.0,5955.5,5978.0,767646,INDIGO
2025-08-18,6096.5,6232.5,6009.0,6009.0,1148778,INDIGO
2025-08-19,6055.5,6129.0,6021.0,6060.0,499624,INDIGO
2025-08-20,6155.5,6173.5,6026.5,6050.0,501673,INDIGO
2025-08-21,6099.0,6125.0,6010.0,6100.0,689343,INDIGO
2025-08-22,6086.5,6145.0,6072.5,6099.0,596200,INDIGO
2025-08-25,6116.0,6149.5,6028.5,6149.5,478863,INDIGO
2025-08-26,6050.0,6101.5,6017.0,6100.0,920406,INDIGO
2025-08-28,5727.0,5875.0,5709.5,5875.0,18614885,INDIGO
2025-08-29,5646.0,5739.0,5610.0,5715.0,1628751,INDIGO
2025-09-01,5670.0,5710.0,5582.0,5629.5,1708748,INDIGO
2025-09-02,5665.5,5690.0,5646.5,5679.0,579446,INDIGO
2025-09-03,5740.0,5747.5,5660.5,5660.5,801254,INDIGO
2025-09-04,5695.0,5794.0,5686.0,5780.0,658347,INDIGO
2025-09-05,5670.0,5710.0,5637.0,5705.0,820854,INDIGO
2025-09-08,5696.5,5739.5,5660.0,5681.0,603400,INDIGO
2025-09-09,5637.5,5706.5,5608.0,5670.0,549536,INDIGO
2025-09-10,5619.0,5679.0,5602.5,5665.0,740160,INDIGO
2025-09-11,5667.0,5683.0,5540.5,5560.0,675142,INDIGO
2025-09-12,5727.5,5778.5,5668.5,5699.0,918969,INDIGO
2025-09-15,5728.5,5760.5,5718.5,5758.0,359796,INDIGO
2025-09-16,5727.5,5745.5,5691.0,5691.0,651834,INDIGO
2025-09-17,5746.5,5759.5,5720.0,5749.0,429255,INDIGO
2025-09-18,5715.5,5763.5,5705.5,5740.0,460346,INDIGO
2025-09-19,5679.0,5758.0,5648.5,5758.0,750086,INDIGO
2025-09-22,5747.5,5769.0,5682.0,5698.5,449815,INDIGO
2025-09-23,5732.0,5812.5,5716.0,5765.0,662077,INDIGO
2025-09-24,5686.0,5757.5,5663.0,5745.0,690321,INDIGO
2025-09-25,5674.5,5717.0,5644.5,5690.0,572155,INDIGO
2025-09-26,5561.0,5700.0,5531.5,5679.0,896954,INDIGO
2025-09-29,5707.0,5785.5,5501.0,5575.0,13795988,INDIGO
2025-09-30,5594.5,5655.5,5526.0,5551.0,1425301,INDIGO
2025-10-01,5606.0,5625.5,5526.0,5568.0,795729,INDIGO
2025-10-03,5657.0,5690.0,5602.0,5602.0,856525,INDIGO
2025-10-06,5694.5,5706.0,5604.5,5659.5,632790,INDIGO
2025-10-07,5664.0,5693.5,5610.5,5675.0,471217,INDIGO
2025-10-08,5635.0,5683.5,5625.0,5637.5,386534,INDIGO
2025-10-09,5724.5,5744.0,5624.5,5656.0,668462,INDIGO
2025-10-10,5735.0,5770.0,5706.0,5721.0,426462,INDIGO
2025-10-13,5787.5,5824.0,5712.5,5758.0,669754,INDIGO
2025-10-14,5759.0,5799.5,5740.5,5778.0,535051,INDIGO
2025-10-15,5860.5,5872.5,5775.5,5780.0,734165,INDIGO
2025-10-16,5881.0,5921.0,5853.0,5895.5,533386,INDIGO
2025-10-17,5848.0,5930.5,5838.0,5875.0,582184,INDIGO
2025-10-20,5934.0,5944.0,5878.0,5890.0,401435,INDIGO
2025-10-21,5913.0,5950.0,5904.5,5950.0,35982,INDIGO
2025-10-23,5789.0,5945.0,5772.0,5941.0,577925,INDIGO
2025-10-24,5779.0,5804.5,5694.5,5800.0,562338,INDIGO
2025-10-27,5835.0,5872.0,5797.0,5801.0,473915,INDIGO
2025-10-28,5809.0,5834.5,5743.5,5807.0,950434,INDIGO
2025-10-29,5813.0,5839.5,5763.5,5815.5,659529,INDIGO
2025-10-30,5725.0,5840.5,5709.0,5815.0,907522,INDIGO
2025-10-31,5625.0,5730.0,5602.0,5729.0,1168861,INDIGO
2025-11-03,5695.5,5704.5,5615.0,5625.0,615829,INDIGO
2025-11-04,5637.0,5699.5,5581.5,5696.0,644454,INDIGO
2025-11-06,5693.0,5833.5,5679.5,5750.0,2249415,INDIGO
2025-11-07,5583.5,5689.5,5569.0,5689.5,795267,INDIGO
2025-11-10,5588.5,5640.0,5541.0,5604.0,983156,INDIGO
2025-11-11,5782.5,5799.5,5597.0,5624.0,959131,INDIGO
2025-11-12,5795.5,5824.5,5752.0,5790.0,695865,INDIGO
2025-11-13,5905.5,5938.0,5811.0,5838.0,1250921,INDIGO
2025-11-14,5908.5,5935.0,5864.0,5900.0,643970,INDIGO
2025-11-17,5873.0,5905.0,5839.5,5900.0,608336,INDIGO
2025-11-18,5739.5,5888.5,5733.5,5876.0,906483,INDIGO
2025-11-19,5758.5,5773.0,5674.0,5712.0,784194,INDIGO
2025-11-20,5785.5,5836.0,5750.0,5761.5,429193,INDIGO
2025-11-21,5843.5,5873.5,5755.0,5785.0,410054,INDIGO
2025-11-24,5805.5,5970.0,5785.0,5953.0,1224537,INDIGO
2025-11-25,5775.0,5805.5,5750.0,5805.5,478426,INDIGO
2025-11-26,5913.0,5923.0,5781.0,5799.0,520063,INDIGO
2025-11-27,5919.0,5959.0,5886.5,5913.0,472382,INDIGO
2025-11-28,5901.5,5936.5,5885.0,5922.0,273162,INDIGO
2025-12-01,5794.0,5916.5,5763.0,5890.0,586223,INDIGO
2025-12-02,5697.5,5805.5,5680.0,5792.0,1179053,INDIGO
2025-12-03,5595.5,5694.0,5570.5,5675.0,1062464,INDIGO
2025-12-04,5436.5,5573.0,5397.0,5520.0,4118078,INDIGO
2025-12-05,5370.5,5475.0,5265.0,5406.0,6700523,INDIGO
2025-12-08,4923.5,5202.5,4842.5,5110.0,15824857,INDIGO
2025-12-09,4967.5,5017.0,4817.0,4901.0,10230467,INDIGO
2025-12-10,4805.5,4999.5,4788.5,4999.5,7127760,INDIGO
2025-12-11,4819.0,4848.5,4645.0,4650.0,6526881,INDIGO
2025-12-12,4860.5,4898.0,4811.5,4830.0,3379049,INDIGO
2025-12-15,4965.5,5014.0,4864.5,4900.0,4014614,INDIGO
2025-12-16,4974.0,5002.0,4951.5,4990.0,2389083,INDIGO
2025-12-17,4980.5,5009.0,4944.5,4999.0,1600991,INDIGO
2025-12-18,5115.5,5140.0,4957.0,4977.0,4260902,INDIGO
2025-12-19,5153.5,5166.5,5103.5,5123.0,9087607,INDIGO
2025-12-22,5145.5,5184.0,5100.0,5100.0,1513801,INDIGO
2025-12-23,5157.0,5172.0,5132.0,5148.0,968910,INDIGO
2025-12-24,5081.5,5168.0,5047.5,5155.0,980384,INDIGO
2025-12-26,5074.0,5098.0,5031.0,5081.5,585777,INDIGO
2025-12-29,5085.5,5099.0,5065.0,5073.5,581866,INDIGO
2025-12-30,5018.0,5074.5,4989.0,5070.0,1306997,INDIGO
2025-12-31,5059.5,5064.5,4976.5,5000.0,908946,INDIGO
2026-01-01,5110.5,5175.0,5062.5,5081.0,744719,INDIGO
2026-01-02,5106.0,5136.0,5095.0,5119.0,464130,INDIGO
2026-01-05,5102.5,5140.0,5075.0,5106.0,634271,INDIGO
2026-01-06,5002.5,5140.5,4990.0,5100.0,856866,INDIGO
2026-01-07,4951.0,5045.0,4919.0,5010.0,1157501,INDIGO
2026-01-08,4906.5,4992.5,4893.5,4959.0,1303022,INDIGO
2026-01-09,4844.0,4924.0,4833.0,4924.0,1257421,INDIGO
2026-01-12,4850.0,4869.0,4771.0,4814.5,691685,INDIGO
2026-01-13,4759.5,4848.5,4725.0,4832.5,1339651,INDIGO
2026-01-14,4733.0,4756.5,4701.0,4730.0,1059301,INDIGO
2026-01-15,4733.0,4733.0,4733.0,4733.0,0,INDIGO
2026-01-16,4740.0,4757.5,4700.0,4700.0,1079566,INDIGO
2026-01-19,4941.5,4952.5,4764.5,4764.5,2171150,INDIGO
2026-01-20,4790.0,4941.5,4775.0,4941.5,681597,INDIGO
2026-01-21,4857.5,4952.0,4750.0,4784.5,1740395,INDIGO
2026-01-22,4909.0,4932.5,4880.0,4905.0,1281956,INDIGO
2026-01-23,4704.5,4878.0,4686.5,4878.0,3668328,INDIGO
2026-01-27,4769.0,4784.0,4643.5,4700.0,1255311,INDIGO
2026-01-28,4749.0,4794.5,4707.0,4777.0,1075513,INDIGO
2026-01-29,4621.0,4749.0,4585.5,4749.0,1751127,INDIGO
2026-01-30,4596.5,4661.0,4551.0,4580.0,1567278,INDIGO
2026-02-02,4687.0,4699.5,4582.7998046875,4610.0,1309113,INDIGO
2026-02-03,4946.2001953125,5007.7998046875,4834.5,4950.0,2915322,INDIGO
2026-02-04,4960.7001953125,4977.60009765625,4897.2001953125,4945.0,1026215,INDIGO
2026-02-05,4932.2001953125,4939.89990234375,4780.2998046875,4845.0,1189049,INDIGO
2026-02-06,4909.39990234375,4931.2998046875,4870.0,4911.0,463970,INDIGO
2026-02-09,4964.10009765625,4978.10009765625,4888.7001953125,4895.0,538869,INDIGO
2026-02-10,4960.39990234375,4996.0,4929.0,4950.0,1115549,INDIGO
2026-02-11,5013.7998046875,5056.0,4945.60009765625,4990.0,527542,INDIGO
2026-02-12,4982.7998046875,4999.89990234375,4930.7001953125,4999.89990234375,971327,INDIGO
2026-02-13,4929.2001953125,4988.0,4900.60009765625,4966.0,232702,INDIGO
2026-02-16,4940.7998046875,4976.2998046875,4903.0,4929.0,425143,INDIGO
2026-02-17,4977.0,5008.2001953125,4937.5,4970.0,263838,INDIGO
2026-02-18,4980.39990234375,4999.39990234375,4960.60009765625,4974.10009765625,201866,INDIGO
2026-02-19,4815.10009765625,4939.0,4790.10009765625,4939.0,1546005,INDIGO
2026-02-20,4854.60009765625,4880.0,4783.89990234375,4785.0,819782,INDIGO
2026-02-23,4862.2001953125,4871.7001953125,4821.0,4850.0,321229,INDIGO
2026-02-24,4850.2998046875,4862.2001953125,4806.0,4812.0,406380,INDIGO
2026-02-25,4947.39990234375,4974.89990234375,4850.2998046875,4855.0,831769,INDIGO
2026-02-26,4933.5,4976.2998046875,4899.89990234375,4975.0,467220,INDIGO
2026-02-27,4827.2001953125,4920.0,4792.0,4890.0,1199332,INDIGO
2026-03-02,4520.39990234375,4664.89990234375,4500.0,4500.0,3465274,INDIGO
2026-03-04,4392.89990234375,4431.0,4293.0,4409.5,2807222,INDIGO
2026-03-05,4512.7998046875,4558.89990234375,4318.0,4389.2998046875,2629784,INDIGO
2026-03-06,4404.10009765625,4465.0,4375.5,4424.7001953125,1640372,INDIGO
2026-03-09,4236.7001953125,4255.5,4035.0,4199.89990234375,4271926,INDIGO
2026-03-10,4380.39990234375,4473.7001953125,4341.60009765625,4410.0,2579968,INDIGO
2026-03-11,4350.7001953125,4512.89990234375,4338.7001953125,4366.0,2647380,INDIGO
2026-03-12,4251.7001953125,4297.5,4194.10009765625,4263.60009765625,1595719,INDIGO
2026-03-13,4158.2001953125,4234.0,4130.0,4226.0,1848484,INDIGO
2026-03-16,4222.10009765625,4270.0,4093.89990234375,4105.0,1792860,INDIGO
2026-03-17,4287.89990234375,4306.0,4208.7001953125,4246.0,1076802,INDIGO
2026-03-18,4360.60009765625,4417.5,4290.0,4290.0,1505698,INDIGO
2026-03-19,4154.2998046875,4320.0,4145.0,4320.0,1501959,INDIGO
2026-03-20,4149.10009765625,4247.0,4135.0,4185.0,1888215,INDIGO
2026-03-23,3945.300048828125,4103.89990234375,3895.199951171875,4069.800048828125,2919605,INDIGO
2026-03-24,4150.7998046875,4168.39990234375,4021.0,4065.0,2152981,INDIGO
2026-03-25,4294.7001953125,4317.89990234375,4181.0,4219.89990234375,2206366,INDIGO
2026-03-27,4099.5,4251.0,4091.60009765625,4251.0,1693708,INDIGO
2026-03-30,3943.5,4092.199951171875,3930.60009765625,4030.0,2450995,INDIGO
2026-04-01,4180.7998046875,4332.7001953125,4063.800048828125,4063.800048828125,4361610,INDIGO
2026-04-02,4193.5,4211.39990234375,3970.0,4070.0,2222700,INDIGO
2026-04-06,4312.5,4328.7001953125,4087.300048828125,4180.0,1802863,INDIGO
2026-04-07,4268.7998046875,4289.39990234375,4180.0,4230.0,1488156,INDIGO
2026-04-08,4615.5,4744.0,4560.39990234375,4600.0,5538528,INDIGO
2026-04-09,4449.10009765625,4597.5,4433.7001953125,4565.0,1904534,INDIGO
2026-04-10,4554.2001953125,4578.0,4460.0,4490.0,1296004,INDIGO
2026-04-13,4427.2001953125,4460.0,4325.0,4330.0,1662563,INDIGO
2026-04-15,4638.0,4659.0,4575.7001953125,4624.0,1623094,INDIGO
2026-04-16,4608.7001953125,4703.60009765625,4598.0,4699.89990234375,1474798,INDIGO
2026-04-17,4638.39990234375,4648.10009765625,4572.7001953125,4620.10009765625,762531,INDIGO
2026-04-20,4678.2001953125,4698.0,4576.7001953125,4635.0,1026819,INDIGO
2026-04-21,4693.10009765625,4748.2998046875,4676.2001953125,4681.10009765625,850836,INDIGO
2026-04-22,4640.89990234375,4713.2998046875,4599.89990234375,4674.7998046875,1082869,INDIGO
2026-04-23,4556.0,4589.0,4510.0,4549.7001953125,1024694,INDIGO
2026-04-24,4523.10009765625,4598.7998046875,4507.0,4566.10009765625,731221,INDIGO
2026-04-27,4561.2001953125,4584.2998046875,4507.0,4522.2001953125,833925,INDIGO
2026-04-28,4442.39990234375,4547.89990234375,4421.0,4514.7998046875,1261879,INDIGO
2026-04-29,4345.2001953125,4507.2998046875,4335.10009765625,4442.39990234375,1695800,INDIGO
2026-04-30,4295.2998046875,4313.0,4172.7998046875,4250.0,2010221,INDIGO
2026-05-04,4262.39990234375,4387.2998046875,4235.2998046875,4349.0,1047968,INDIGO
2026-05-05,4238.39990234375,4285.0,4196.2998046875,4225.0,1239988,INDIGO
2026-05-06,4520.2001953125,4565.60009765625,4315.60009765625,4320.0,2657960,INDIGO
2026-05-07,4506.89990234375,4560.0,4455.10009765625,4530.0,1723948,INDIGO
2026-05-08,4522.7001953125,4545.7998046875,4465.7001953125,4488.0,827316,INDIGO
2026-05-11,4299.39990234375,4432.2998046875,4276.60009765625,4430.0,1791551,INDIGO
2026-05-12,4201.7001953125,4309.10009765625,4187.7001953125,4297.10009765625,758162,INDIGO
2026-05-13,4255.7998046875,4283.60009765625,4146.2998046875,4205.39990234375,1018804,INDIGO
2026-05-14,4280.5,4313.0,4193.60009765625,4261.89990234375,743734,INDIGO
2026-05-15,4314.89990234375,4359.0,4277.0,4293.0,713589,INDIGO
2026-05-18,4275.7001953125,4293.89990234375,4226.0,4268.10009765625,524880,INDIGO
2026-05-19,4230.2998046875,4319.0,4224.2998046875,4279.0,577738,INDIGO
2026-05-20,4264.60009765625,4284.0,4178.0,4178.0,760291,INDIGO
2026-05-21,4403.0,4452.2001953125,4305.0,4305.0,1656192,INDIGO
2026-05-22,4438.60009765625,4460.0,4399.60009765625,4425.10009765625,675234,INDIGO
2026-05-25,4501.89990234375,4538.0,4438.7001953125,4524.10009765625,2493013,INDIGO
2026-05-26,4480.7998046875,4510.5,4440.0,4500.0,759683,INDIGO
2026-05-27,4570.0,4593.2001953125,4429.89990234375,4480.0,1369227,INDIGO
