Price,Close,High,Low,Open,Volume,symbol
Ticker,ITC.NS,ITC.NS,ITC.NS,ITC.NS,ITC.NS,
Date,,,,,,
2015-01-01,156.94801330566406,157.69609505001597,156.45641498892215,157.14037079588215,2636761,ITC
2015-01-02,157.43963623046875,158.2304653363635,156.9907850815057,156.9907850815057,6853849,ITC
2015-01-05,158.0594940185547,158.93581771159768,157.1190443709317,157.6106428194396,8556295,ITC
2015-01-06,153.99847412109375,157.90988324370537,153.46412839044228,157.58927377311807,13597291,ITC
2015-01-07,151.13433837890625,155.601470774864,150.89922347359808,152.60913343060014,12421217,ITC
2015-01-08,154.91754150390625,155.3236454690403,151.9465821559047,151.9465821559047,8774566,ITC
2015-01-09,152.56639099121094,156.39230473345512,150.9419754648383,155.216740330897,11224780,ITC
2015-01-12,152.9724884033203,154.46865197877347,152.22440661559375,152.80149944166618,10249032,ITC
2015-01-13,153.934326171875,154.61829226735261,152.7373931255247,153.20762299147205,12071158,ITC
2015-01-14,148.67637634277344,153.76334982868286,147.94967310263036,153.76334982868286,16849719,ITC
2015-01-15,152.993896484375,153.84885167458864,150.00156856010028,150.94200809225504,16665762,ITC
2015-01-16,153.934326171875,154.7251553016274,151.47633412982495,153.2289915339347,11230052,ITC
2015-01-19,153.37860107421875,154.6396498193129,152.1816681129365,153.891567988634,7117173,ITC
2015-01-20,158.63658142089844,158.95719086062863,153.07937822819142,153.50686086815875,12477394,ITC
2015-01-21,150.77102661132812,159.42743183268314,149.27486257451784,159.42743183268314,33697892,ITC
2015-01-22,149.8946990966797,153.8061082665938,149.12523839016112,150.89926461162096,30768622,ITC
2015-01-23,149.3817596435547,152.16036224289468,149.10390751240857,151.09167049868466,17392494,ITC
2015-01-27,153.95571899414062,154.31907569815482,149.33896520799414,149.61682741235578,26228540,ITC
2015-01-28,154.87477111816406,155.36636951189473,152.84426175678715,153.89157433070272,12792194,ITC
2015-01-29,158.25184631347656,159.02130693801683,153.89158637605036,155.1740139762967,21906152,ITC
2015-01-30,157.54647827148438,159.02127325573485,155.45184324238673,158.1663183163315,14453148,ITC
2015-02-02,154.16944885253906,157.82437412461542,153.63510317136976,156.88392450643974,8820985,ITC
2015-02-03,156.47779846191406,156.88390234154525,154.5114050072704,154.5114050072704,6541497,ITC
2015-02-04,157.140380859375,158.38006099985967,156.1785628637519,157.0976336187024,6030862,ITC
2015-02-05,157.6961212158203,159.06404321769224,155.47324415241076,156.41369370400412,9843219,ITC
2015-02-06,159.6625213623047,160.04724658334618,156.49919461746512,156.49919461746512,7606977,ITC
2015-02-09,157.26866149902344,159.8121483509015,156.75569448401373,158.6579624061477,7464839,ITC
2015-02-10,158.12362670898438,159.0213292031416,156.84119892918093,157.3541761376919,8320305,ITC
2015-02-11,158.65798950195312,159.40607160709166,157.24731980877857,158.6152422434019,4720532,ITC
2015-02-12,158.3373565673828,159.02132276404134,155.8793743226977,159.02132276404134,5498120,ITC
2015-02-13,161.60752868652344,162.12050578462345,158.18771862278496,158.67931701801479,9373648,ITC
2015-02-16,166.5448760986328,167.14334766799053,161.5861552138694,161.75714418769158,12053473,ITC
2015-02-18,168.10516357421875,171.84558289212586,164.57848047085318,164.57848047085318,14195768,ITC
2015-02-19,166.39529418945312,168.29756208894045,163.9800491200811,167.97695262788528,7249013,ITC
2015-02-20,169.3020782470703,170.09291739691037,164.3006107231824,165.6471538098182,9275383,ITC
2015-02-23,166.82273864746094,170.4776736957746,166.39526621191675,168.8532581187463,6077614,ITC
2015-02-24,169.1525115966797,170.1357084917796,166.13879495692493,167.5708430502653,8556081,ITC
2015-02-25,170.86239624023438,170.9906481375175,168.19066799814695,169.9647040861167,16358450,ITC
2015-02-26,169.131103515625,171.58909532645305,167.54944540490592,170.09293169950368,12153247,ITC
2015-02-27,168.2975311279297,169.55859003429666,164.17238662678582,168.76775079958617,35742645,ITC
2015-03-02,146.73135375976562,153.0366286126587,146.19700808880924,153.0366286126587,52676159,ITC
2015-03-03,146.00465393066406,147.69318559453794,144.9145939445725,146.83823040955548,46726874,ITC
2015-03-04,147.1588134765625,149.95878333035776,146.58172060839064,147.47942288354244,33411001,ITC
2015-03-05,148.01376342773438,149.2320750680486,146.06874867231994,148.33437282370969,21288890,ITC
2015-03-09,144.63668823242188,147.4366577463996,144.16645844965922,146.92369088627188,16929751,ITC
2015-03-10,144.72222900390625,146.49625520413798,143.24743356780243,145.34206923866233,13538973,ITC
2015-03-11,144.57257080078125,145.64126198323922,144.2947188156866,145.49165172072202,13191922,ITC
2015-03-12,148.18478393554688,148.86875011513712,144.82909931679512,144.9359623642117,28375424,ITC
2015-03-13,145.08554077148438,149.6167887253334,143.93135516363563,148.89007550521418,16254309,ITC
2015-03-16,143.37564086914062,146.02600034031025,143.20465190215802,145.7695067288566,8926276,ITC
2015-03-17,145.342041015625,145.6199031802786,143.73900413474982,145.12830479703769,11361862,ITC
2015-03-18,143.9100341796875,145.87642827383473,143.63217193573558,145.87642827383473,9094350,ITC
2015-03-19,142.49932861328125,145.70540248094096,141.70849949789383,144.70082697892514,10865286,ITC
2015-03-20,139.9772186279297,142.64894700291552,139.5283674480536,142.64894700291552,10980106,ITC
2015-03-23,139.95584106445312,140.9817851007646,138.92989702814165,139.50698991350558,11832346,ITC
2015-03-24,139.59249877929688,140.9817996200246,139.3573838281629,139.82761373043087,11128170,ITC
2015-03-25,139.677978515625,140.4901863257164,139.3573690999594,140.4901863257164,7528966,ITC
2015-03-26,137.81846618652344,140.61843627984922,137.04900557614212,139.35737724630502,25124845,ITC
2015-03-27,135.72381591796875,139.0367627764441,134.6978719365876,138.50240700351526,22227555,ITC
2015-03-30,140.0199737548828,140.85356037069351,136.64291052461908,136.64291052461908,17152877,ITC
2015-03-31,139.29330444335938,140.55435370509534,138.50246488483188,140.55435370509534,12752488,ITC
2015-04-01,142.1146240234375,142.34973900305852,138.56657142635095,139.29328491191623,11257250,ITC
2015-04-06,145.76951599121094,146.0473781607032,140.68255325632825,140.7894162869927,20059841,ITC
2015-04-07,145.59852600097656,146.62447002190788,144.05961505006977,145.8122622217997,10955870,ITC
2015-04-08,148.01376342773438,148.31299412218743,145.9832541881905,146.1969903985141,12858493,ITC
2015-04-09,148.39852905273438,149.16798978059774,147.05198548020175,148.29166599893668,7962836,ITC
2015-04-10,148.18478393554688,148.59088790208654,146.3038845624102,148.33440439510844,5808788,ITC
2015-04-13,150.2580108642578,150.6427360219105,147.41528385817443,148.33436475403585,11311123,ITC
2015-04-15,151.73284912109375,153.2931390577308,150.215306436379,151.32674514734086,18165922,ITC
2015-04-16,149.6595458984375,152.35265260283774,148.18475082140588,150.83511028419565,8168670,ITC
2015-04-17,150.4076385498047,151.00611013647435,148.63361265361237,149.83054566597127,9146535,ITC
2015-04-20,146.1542510986328,150.51451067009475,145.59852676061297,150.51451067009475,11709786,ITC
2015-04-21,146.17562866210938,149.06110339979497,145.7695247348723,146.13288141508343,11309747,ITC
2015-04-22,146.79547119140625,147.47943731583084,144.72221443574665,145.34205460810782,11183242,ITC
2015-04-23,146.23971557617188,148.12061426519227,144.615300300842,146.79542963916802,9268343,ITC
2015-04-24,148.74050903320312,149.59546422130552,145.83366545804782,146.197022175065,17985818,ITC
2015-04-27,147.41531372070312,150.38628304784558,147.1374616866024,149.14660268330272,9732828,ITC
2015-04-28,144.2947235107422,147.47941846082028,142.6061820394157,147.43667121857024,11098180,ITC
2015-04-29,140.27647399902344,143.6321586813001,139.91311727676828,143.22605470707268,10479677,ITC
2015-04-30,137.7970733642578,140.38330695666315,137.30547499146226,140.12682349980807,20809376,ITC
2015-05-04,141.1527862548828,141.45201699433068,136.83527351320984,138.24594287444535,7487026,ITC
2015-05-05,139.46426391601562,140.63982856873315,138.3314465146161,140.46882940247923,13976353,ITC
2015-05-06,136.08717346191406,140.14820217184075,135.16809250024255,139.35736293856945,20990280,ITC
2015-05-07,137.882568359375,138.3741667339871,134.9116095707089,136.1512897777359,11010190,ITC
2015-05-08,140.21234130859375,140.76806571853322,137.92533803542852,139.16502860506702,12625098,ITC
2015-05-11,139.5497589111328,141.38791104625705,138.67343517553056,141.0673015797497,9134733,ITC
2015-05-12,138.60928344726562,140.21232032077975,138.1176850662821,139.9985841031739,14846868,ITC
2015-05-13,140.14820861816406,140.981784971597,137.21998678824136,139.72072600952066,11037270,ITC
2015-05-14,138.80165100097656,139.78484776207503,137.8184542398781,139.78484776207503,8347876,ITC
2015-05-15,139.5283660888672,140.16958495700993,138.86577867764288,138.97265187599368,5659055,ITC
2015-05-18,142.34970092773438,142.734436275294,139.46423662593733,139.91308775743687,7175678,ITC
2015-05-19,142.1573944091797,143.58944290564324,141.3879437050076,141.81541631843655,8901031,ITC
2015-05-20,141.90086364746094,142.86269194926595,141.28102348364442,142.13597858714408,5360856,ITC
2015-05-21,139.95584106445312,142.52069607474155,139.35736947619623,142.34970709551973,7458421,ITC
2015-05-22,140.7039337158203,142.45659120916895,139.12227537578326,140.63981792418704,12962351,ITC
2015-05-25,135.42462158203125,138.71619062254865,135.25362240507096,137.41238413424523,24332194,ITC
2015-05-26,134.2276611328125,135.72383515491916,133.69331544512755,135.72383515491916,11448185,ITC
2015-05-27,135.80934143066406,136.2581926601263,134.22767277422997,134.65515545804183,9485450,ITC
2015-05-28,137.41236877441406,137.83984126657566,135.2963545357604,135.98032068420045,20765291,ITC
2015-05-29,139.8275909423828,141.04589242674794,136.2154134095689,137.64746126612008,20563442,ITC
2015-06-01,141.943603515625,142.67031683996856,139.14363357198079,139.14363357198079,10448028,ITC
2015-06-02,136.21543884277344,140.76806671590958,135.76658763494413,140.59707771501874,11266482,ITC
2015-06-03,132.8295440673828,136.95320124591066,131.17136227578163,136.93137801479023,21470134,ITC
2015-06-04,131.6077117919922,133.81136007615643,130.1240744886514,133.0913594675902,11429057,ITC
2015-06-05,132.78590393066406,134.35682386668316,128.72771656917337,131.54227021792826,17605227,ITC
2015-06-08,132.80772399902344,134.50955216048135,131.89135578687362,133.9640958791786,10689359,ITC
2015-06-09,131.17137145996094,132.21864806513094,130.77864662261928,131.73864066945447,10292547,ITC
2015-06-10,131.38955688476562,132.39319743478248,130.29864414537852,131.17137641134005,9861385,ITC
2015-06-11,129.62225341796875,131.78226560104113,128.81498064254833,131.78226560104113,11520780,ITC
2015-06-12,129.8404541015625,130.97500288439937,128.7277285512123,129.51317822007405,8653038,ITC
2015-06-15,130.2549591064453,132.1095079920913,128.29131483895029,129.60040755986185,8680427,ITC
2015-06-16,130.4513397216797,130.9749727136326,128.83678391864538,130.03679175025542,8231138,ITC
2015-06-17,131.38955688476562,132.26228915072716,129.70955168099985,130.25500805069342,10881861,ITC
2015-06-18,131.73861694335938,132.82952944509427,130.99680349531442,131.4331643471056,11296145,ITC
2015-06-19,133.0913543701172,133.28771156440553,131.95680579989698,132.13135013804518,8757082,ITC
2015-06-22,135.44772338867188,136.21136005255832,132.96044583088917,133.61498709753891,7197508,ITC
2015-06-23,137.2586669921875,137.4550346020036,134.22593251793649,135.4477535264674,7586161,ITC
2015-06-24,136.86593627929688,138.80775794425608,135.73138750769323,137.54230089580494,7368751,ITC
2015-06-25,136.29864501953125,137.65138450880642,135.16409634521702,135.5350082839413,10885448,ITC
2015-06-26,134.37864685058594,136.2986556405046,133.98592202311747,136.2986556405046,5507615,ITC
2015-06-29,135.25135803222656,135.6877292560458,132.54590000802668,133.1786284289204,9719271,ITC
2015-06-30,137.52047729492188,138.26230123399463,134.4222836343929,135.36047517433988,11639874,ITC
2015-07-01,136.84410095214844,138.06592180032723,136.36410397946517,137.5641015973022,8850821,ITC
2015-07-02,137.47682189941406,138.4586493936666,136.80045737968837,137.0622738959195,6562181,ITC
2015-07-03,137.71682739257812,138.28410689088994,136.29863901905588,137.14955826652363,5122200,ITC
2015-07-06,138.9386749267578,139.04777035042912,136.14594410117292,136.53866895632285,4419337,ITC
2015-07-07,138.48046875,139.33138802607402,137.93501246278944,139.0477482673827,7595780,ITC
2015-07-08,136.5604705810547,137.89138692793964,135.01137377703907,137.52047496468822,11611813,ITC
2015-07-09,135.53501892089844,137.41139161992126,135.2077430450298,136.49502331639246,6711914,ITC
2015-07-10,135.2295379638672,136.01498745479051,133.76771363070856,134.83680284614908,7493999,ITC
2015-07-13,137.2804718017578,138.0659213910932,134.81500688236625,136.5822840167575,6623752,ITC
2015-07-14,136.27685546875,138.10958187316456,135.5568546985593,136.99685623894067,5465329,ITC
2015-07-15,137.01864624023438,137.54228967717208,135.86228470293742,135.86228470293742,5687830,ITC
2015-07-16,138.74229431152344,139.5932136429977,136.27683961573072,137.3677522611772,5838516,ITC
2015-07-17,140.64047241210938,141.33864977865818,138.6113685099342,139.00410365087498,6133622,ITC
2015-07-20,139.85504150390625,141.14232184880663,139.28777227595202,140.4223211041197,4946419,ITC
2015-07-21,136.7568359375,140.70593844975426,136.36411112110054,139.8550294947596,7069753,ITC
2015-07-22,137.23683166503906,138.74228185298404,135.57863961417587,136.18955520456163,8060271,ITC
2015-07-23,137.49867248535156,138.52412589741004,136.14594317676062,137.49867248535156,5631003,ITC
2015-07-24,137.2586669921875,137.71685116691899,136.36412187593038,137.4550346020036,4199466,ITC
2015-07-27,135.99319458007812,136.73501846942005,135.18592174300483,135.92773526008878,5315522,ITC
2015-07-28,135.7968292236328,136.9750140247357,135.0768285532097,136.12410508444097,6795594,ITC
2015-07-29,132.6549835205078,136.14591178218413,131.1713462698752,135.70954056334614,9718356,ITC
2015-07-30,137.8695526123047,138.69863822037425,130.90952969331428,132.65498345098075,20744023,ITC
2015-07-31,142.2550506591797,142.8659663676604,137.58594695759342,138.74230867299917,16948958,ITC
2015-08-03,144.67686462402344,145.52777358155024,141.86231083413927,142.2550356517074,14905871,ITC
2015-08-04,143.9568328857422,144.67683341543324,141.62227659870075,144.63319733400516,10317915,ITC
2015-08-05,144.7859344482422,145.33139067348046,142.5168373810316,143.9568384965385,5929897,ITC
2015-08-06,142.3641357421875,144.4368656836157,141.38230810762255,144.24050845450964,8786024,ITC
2015-08-07,141.57864379882812,142.0804639330102,140.50955459293291,141.38227624172234,4644064,ITC
2015-08-10,140.0513916015625,142.80048595315975,139.35320380528393,141.60048831949524,5799938,ITC
2015-08-11,139.6804962158203,140.46595628320526,138.0441271259195,139.6804962158203,5520369,ITC
2015-08-12,138.2186279296875,139.6368161016413,137.89135214042804,139.6368161016413,12386018,ITC
2015-08-13,138.04409790039062,139.5059223041117,132.21862351410243,138.5022819783407,6900635,ITC
2015-08-14,138.82960510253906,139.74596319839748,137.28050800114963,138.54596526769075,7890438,ITC
2015-08-17,138.28411865234375,139.54957564419948,137.67320301545226,139.33139519254473,4495638,ITC
2015-08-18,137.38954162597656,139.02591031431626,136.4077245618754,138.10954218928498,9429541,ITC
2015-08-19,138.28411865234375,138.7641156459842,134.83682602716596,137.01865128822982,7657887,ITC
2015-08-20,143.7168426513672,144.15321387858944,138.0440996755341,138.80773635785178,18701959,ITC
2015-08-21,144.32777404785156,144.56776735827205,140.8368453362793,143.54231405052198,18452566,ITC
2015-08-24,139.72409057617188,143.78228761122622,137.71681009921477,140.09500245199084,17120031,ITC
2015-08-25,139.59320068359375,142.32048204401752,136.3640991379617,140.53138173756687,22094589,ITC
2015-08-26,138.6113739013672,140.0077494332924,136.84409681516482,138.5895610439426,16777892,ITC
2015-08-27,142.12408447265625,142.93135709563072,138.04407490786136,141.1640803917183,20810590,ITC
2015-08-28,142.69142150878906,143.71687493443304,141.68778094466464,143.71687493443304,10099873,ITC
2015-08-31,141.88414001464844,143.34596478436288,140.33504305321307,141.70959563120664,10005743,ITC
2015-09-01,137.6513671875,141.33864213584104,137.1495470463002,140.72773697314523,9835616,ITC
2015-09-02,139.6804962158203,140.96777655233186,137.5204836235765,139.1568527134773,13515913,ITC
2015-09-03,139.63687133789062,141.68778867330937,139.24413608652236,139.3532315168491,10476984,ITC
2015-09-04,138.3713836669922,140.29138191437877,137.34592003893457,139.63684059331212,16321889,ITC
2015-09-07,136.77865600585938,139.41866536347126,135.77501557045693,138.0222897484934,7386243,ITC
2015-09-08,136.53863525390625,137.71681990079904,135.40408669125924,136.6259074223978,10634960,ITC
2015-09-09,137.19317626953125,138.0658978868882,136.51680145769566,137.56407777077996,6359030,ITC
2015-09-10,136.73501586914062,137.80410522132453,135.42591247231283,135.70955223310935,9313670,ITC
2015-09-11,136.90956115722656,137.9568376584821,136.21137336563692,137.32410918608375,6970833,ITC
2015-09-14,136.86593627929688,137.54230089580494,135.97138082911763,136.90957237157937,7762278,ITC
2015-09-15,138.3495330810547,138.72044494244778,136.3640759080159,136.58225630523077,5374153,ITC
2015-09-16,140.57504272460938,140.88049538684984,138.4150404832344,139.04776904114783,5804856,ITC
2015-09-18,138.76412963867188,143.1277806008211,137.3459410015215,141.8186873866282,13322309,ITC
2015-09-21,137.12771606445312,138.45863208059413,136.75680419337644,138.0658969830984,7060328,ITC
2015-09-22,136.21136474609375,138.87319710562724,135.27318371210643,137.8477335274889,15513834,ITC
2015-09-23,137.9350128173828,139.22229297763147,133.9640976745266,133.9640976745266,12103872,ITC
2015-09-24,140.7495574951172,141.0986565507866,137.23682668763783,137.36773494391747,14665105,ITC
2015-09-28,139.30955505371094,141.81865587386477,138.93864314478512,141.01138311458914,6603226,ITC
2015-09-29,139.81137084960938,141.8186514430189,138.3277336325164,139.17864245024202,8618175,ITC
2015-09-30,143.4768524169922,143.93503654369644,139.63684541730186,140.50957758113177,13981834,ITC
2015-10-01,143.4550323486328,145.6804935498109,142.71320849082093,142.71320849082093,6445786,ITC
2015-10-05,143.78233337402344,144.65506564685342,142.60414843599375,144.0005138491661,9680157,ITC
2015-10-06,149.6077880859375,149.95687679711432,143.47685017621882,144.87322576544176,11133386,ITC
2015-10-07,151.52781677246094,152.72781456188838,149.36780415587668,150.08780490398502,11119883,ITC
2015-10-08,147.97142028808594,151.309607044043,146.35686424243863,151.309607044043,9729114,ITC
2015-10-09,149.86961364746094,150.45870606918763,148.45142511448677,148.75687775516693,5747871,ITC
2015-10-12,148.6914520263672,152.02963948008428,147.86235578563296,149.69509266046438,6302130,ITC
2015-10-13,150.1314239501953,150.938696795963,148.21141525843046,148.3641467585452,7275026,ITC
2015-10-14,150.15325927734375,150.82962390846797,149.45507141347736,150.19689537056922,9432417,ITC
2015-10-15,152.46600341796875,153.77509667676108,149.95690195479867,150.10963347769064,9861249,ITC
2015-10-16,152.2259979248047,152.72781821157798,149.89144087377076,151.87690915913961,10008030,ITC
2015-10-19,153.16415405273438,153.60051490871078,150.63322997130004,151.855050740291,11618584,ITC
2015-10-20,152.13870239257812,153.27325107918898,151.7677904498338,152.94597522545823,7671159,ITC
2015-10-21,152.09506225585938,152.72779071584634,151.70233746518878,152.33506592517577,5676290,ITC
2015-10-23,156.3714599609375,156.63327652087892,152.77144595883692,152.77144595883692,9060774,ITC
2015-10-26,155.56419372558594,157.0041952393316,154.90964192537825,156.58964714883467,8200648,ITC
2015-10-27,155.34600830078125,155.760546005813,154.14600016271532,154.77872870903835,15515511,ITC
2015-10-28,154.9968719482422,156.6332406313213,154.47323894834003,154.6259600538499,10086513,ITC
2015-10-29,152.7278289794922,155.34602602335195,151.46237174247707,154.95329076202987,7932853,ITC
2015-10-30,146.0295867919922,153.3605223066385,144.39321790573902,153.3605223066385,28847862,ITC
2015-11-02,147.14231872558594,148.23323128759768,143.97866607239737,145.30958230228381,10723717,ITC
2015-11-03,146.11685180664062,147.8841392447462,145.22230684512982,146.96777105380474,4061707,ITC
2015-11-04,146.48777770996094,147.5786903514371,145.7459641668928,146.98959793993032,5171885,ITC
2015-11-05,147.1204833984375,148.01503867886598,145.4186657500982,145.74594156624246,5595613,ITC
2015-11-06,147.36045837402344,148.12409488160483,146.18227396295393,146.46591363990706,4635192,ITC
2015-11-09,149.69505310058594,150.10960111140054,144.1532182145505,144.65503839898318,12462025,ITC
2015-11-10,146.94593811035156,150.56777454808795,146.24776077084124,148.71321505937203,7507146,ITC
2015-11-13,143.9132080078125,145.65867214532972,142.7350233452783,144.17502451676302,19348452,ITC
2015-11-16,147.622314453125,147.92777743595627,143.82594374779254,144.00048809669184,9111652,ITC
2015-11-17,152.33505249023438,152.8368726424073,147.9714026008201,149.32413157719694,12018593,ITC
2015-11-18,151.78961181640625,153.22961310842808,150.1532429401059,153.16416416184043,10350049,ITC
2015-11-19,153.622314453125,154.03686241650817,152.20413660796646,152.72776958976232,17590094,ITC
2015-11-20,150.3059539794922,153.70961014142952,149.7168616384371,153.70961014142952,10237807,ITC
2015-11-23,147.1641082763672,150.48048152476713,146.72774746957347,149.82594031457657,9335921,ITC
2015-11-24,146.57505798339844,148.18961417549153,145.00414825674198,147.99324657006238,13590345,ITC
2015-11-26,149.58596801757812,150.5459723658665,146.11686257401993,146.6841421139323,9778092,ITC
2015-11-27,150.26234436035156,150.54598415251465,147.8623384878568,150.284167593099,5895769,ITC
2015-11-30,151.0477752685547,151.33141500599393,148.60413377428634,149.7604952080665,17919712,ITC
2015-12-01,151.0914306640625,151.41870652814728,148.80050998772742,150.6332465287955,10516942,ITC
2015-12-02,152.46600341796875,152.6187245686011,149.4114455659469,150.98235540204578,4813524,ITC
2015-12-03,149.82595825195312,151.81141571895017,149.36777416383734,151.02596617268637,5809665,ITC
2015-12-04,146.5968780517578,149.1277921459519,146.1823299893883,148.9314349170201,14148517,ITC
2015-12-07,136.82229614257812,146.5750506436261,135.5131926682826,146.18232582469247,52829599,ITC
2015-12-08,137.34593200683594,138.851392734857,135.5350186357009,135.7095630031946,19736148,ITC
2015-12-09,138.50230407714844,139.41867237926027,137.56411254295844,139.41867237926027,15655011,ITC
2015-12-10,140.18228149414062,140.40046191054904,138.32773239628432,138.5459128126927,8649047,ITC
2015-12-11,140.07322692871094,140.70595550685294,137.62958480814456,140.07322692871094,9358275,ITC
2015-12-14,139.6804962158203,140.68413675407353,138.39321587930874,139.63686012164663,7573029,ITC
2015-12-15,140.9241180419922,141.33865568457372,138.7641057933318,139.6368379102425,10478148,ITC
2015-12-16,139.30955505371094,141.66592439011384,138.80773488968018,140.9459238009082,8099047,ITC
2015-12-17,139.85504150390625,140.4004978707611,138.02230479215106,139.5059527482421,9018268,ITC
2015-12-18,138.3713836669922,140.94593360770313,138.06592067823672,140.0295653859521,14774200,ITC
2015-12-21,142.4950408935547,142.88776571541152,138.3495707293655,139.63685098161721,8352379,ITC
2015-12-22,139.74591064453125,142.03683095328822,139.41864520521446,141.84046339189288,6326849,ITC
2015-12-23,140.29141235351562,141.3823251642473,139.6368708904326,140.50960321346992,5475581,ITC
2015-12-24,141.2514190673828,141.70960328479336,139.89868965038977,140.94596637986245,3799114,ITC
2015-12-28,142.34228515625,142.71319705543533,140.70591645202526,140.81501184787624,9432149,ITC
2015-12-29,141.7532196044922,143.12777206493556,141.09867822256106,142.45140745081073,4606143,ITC
2015-12-30,142.4950408935547,142.90958894719947,141.49140042099546,142.47321766176674,4984557,ITC
2015-12-31,143.04049682617188,144.0005012047628,141.09867520952076,142.036856356384,8342404,ITC
2016-01-01,142.9095916748047,143.56414342931745,142.1023187838953,142.95322776695497,1536435,ITC
2016-01-04,141.8623046875,142.2986655770023,140.31320797137997,142.03684904330092,6133919,ITC
2016-01-05,141.7532196044922,142.42958421861704,141.40413086746224,141.86231502094338,6040492,ITC
2016-01-06,137.49867248535156,142.6914196183727,137.25866877825985,142.6914196183727,15821205,ITC
2016-01-07,135.0986328125,136.93135870559257,134.68408482999212,136.93135870559257,12264018,ITC
2016-01-08,136.86593627929688,138.32776092914858,135.16410793576208,135.79683645998765,10219316,ITC
2016-01-11,137.91322326660156,138.24049916953007,135.1641181287135,135.27321355377617,7141566,ITC
2016-01-12,137.52047729492188,138.28412446620672,136.36411566640587,137.56411338708742,7222615,ITC
2016-01-13,137.7823028564453,139.81139668044733,137.30229547511675,138.48048032418353,7126884,ITC
2016-01-14,138.4368133544922,139.09136495675935,136.2549885099433,136.86590403020975,11933785,ITC
2016-01-15,136.97500610351562,138.50228990821205,136.27682870457556,137.4986495249782,8287068,ITC
2016-01-18,137.62953186035156,139.04771999317373,136.69135097113352,136.97498029989347,12285620,ITC
2016-01-19,137.04046630859375,138.54592689319745,136.12409809429082,137.56409936119107,7099389,ITC
2016-01-20,134.8150177001953,139.63685251902234,133.091376515792,135.44774621739356,10015115,ITC
2016-01-21,133.7022705078125,135.99319106434413,132.50227289859976,135.99319106434413,13042954,ITC
2016-01-22,134.72772216796875,136.47317590965048,132.044077056836,134.83680719242943,15828472,ITC
2016-01-25,135.0113525390625,136.08045216921576,132.67680645661244,133.2440755559179,9688748,ITC
2016-01-27,136.5604705810547,137.10592691001065,133.94228435096946,135.0331970088814,8839231,ITC
2016-01-28,139.004150390625,140.44415206558546,135.9932283681981,136.45141260518741,14425495,ITC
2016-01-29,139.72409057617188,142.25500402681033,138.26226629959416,140.8804519125128,12977498,ITC
2016-02-01,141.70956420898438,141.81865961057483,137.38955018766748,139.04774220720157,7634682,ITC
2016-02-02,141.4914093017578,142.2114100398157,140.2695882959234,141.33867778643136,7338991,ITC
2016-02-03,140.4877471923828,141.49138757381317,139.46229395340353,140.40047501767214,5111345,ITC
2016-02-04,140.4222869873047,141.64410770753645,140.07318794419797,140.6841034904422,3309501,ITC
2016-02-05,141.36048889160156,142.23322107011006,140.50957994437843,140.94594084750358,6754583,ITC
2016-02-08,137.56411743164062,141.77504712458523,137.12775649715573,141.73141103113673,6509280,ITC
2016-02-09,136.32046508789062,136.90955745565367,135.16409320999998,136.69137701801137,11915170,ITC
2016-02-10,134.83682250976562,136.5604635912619,133.96410072591277,136.18956201925343,8168586,ITC
2016-02-11,130.27682495117188,135.57865687284814,129.79681756071042,135.57865687284814,14580660,ITC
2016-02-12,130.9531707763672,133.15680869294386,130.40771451147845,130.56043562740265,13703734,ITC
2016-02-15,132.52410888671875,133.52774946072682,130.2113750686052,132.21865621662135,12478912,ITC
2016-02-16,128.94589233398438,133.52772296532805,128.13861953706703,132.87317128702574,10988951,ITC
2016-02-17,130.84410095214844,131.6950099874802,126.13136122137655,129.38227621692513,13598699,ITC
2016-02-18,133.2877197265625,133.83317600280625,131.28044934268175,131.56407872341282,9751124,ITC
2016-02-19,132.89501953125,133.57138419426914,131.34592259030765,133.09138714615406,7194078,ITC
2016-02-22,130.84410095214844,132.0659219796723,128.02954690490864,132.0659219796723,15270590,ITC
2016-02-23,128.20408630371094,130.01499972723022,127.7022660465211,130.01499972723022,9198036,ITC
2016-02-24,125.49858093261719,128.90222604330052,124.80039333084046,127.85494982676295,14353186,ITC
2016-02-25,124.88768768310547,126.67678789627439,123.927683449619,124.18949995722707,15129076,ITC
2016-02-26,126.96043395996094,127.41861809467136,124.42951997566207,126.10952501218085,12468580,ITC
2016-02-29,129.01133728027344,131.62953354008468,116.94585067073153,126.54588287885854,79431944,ITC
2016-03-01,141.97140502929688,142.69140570812357,133.09137245516507,133.09137245516507,67402048,ITC
2016-03-02,139.4404754638672,145.7023216319035,138.96047848664097,143.1277612736438,24680589,ITC
2016-03-03,138.82960510253906,141.81870386968075,138.21868933303966,140.94597150136465,10227569,ITC
2016-03-04,137.54229736328125,140.4004872650242,137.34592976692403,139.63685048356376,11818471,ITC
2016-03-08,139.74591064453125,141.3822793301415,137.8913615419576,137.8913615419576,13109801,ITC
2016-03-09,139.59320068359375,139.94228937860564,136.45137131171467,138.3277437919183,20903665,ITC
2016-03-10,137.9350128173828,140.4223009614827,136.516824392538,139.52774559502248,13915900,ITC
2016-03-11,140.2041015625,140.50956453344298,137.45500742981287,137.93500437060496,12149994,ITC
2016-03-14,141.84048461914062,142.25503265953884,140.50957869035793,140.72775913997327,7708725,ITC
2016-03-15,138.1095428466797,142.2550122846571,137.4550015915822,142.2550122846571,16209915,ITC
2016-03-16,140.53140258789062,141.12049503425416,137.8913930095276,138.13139670908575,9728463,ITC
2016-03-17,141.22955322265625,141.81864551372257,140.29136190455552,141.05500889526715,13035516,ITC
2016-03-18,141.70956420898438,142.60411953415715,140.5095666527758,141.99320395531373,14383934,ITC
2016-03-21,144.6332244873047,146.7059543026539,142.36412708253525,142.58230753063654,16781906,ITC
2016-03-22,141.01138305664062,144.34956949108727,140.61864791923023,143.34592916343817,19781991,ITC
2016-03-23,141.4914093017578,141.86232128736557,139.78959126130454,141.81868519330934,16015333,ITC
2016-03-28,140.70590209960938,143.9131902412008,139.76772120556348,142.69136964467975,17073110,ITC
2016-03-29,139.63687133789062,142.71324215488877,139.20049998884366,140.13869164732563,18701607,ITC
2016-03-30,142.8441162109375,143.67321224037437,139.89865439294599,139.89865439294599,14435320,ITC
2016-03-31,143.23684692382812,145.0913961315201,141.7750224889304,142.16774726172466,28529105,ITC
2016-04-01,146.6405029296875,146.96777878255702,142.03684887570955,142.29866540910203,14850746,ITC
2016-04-04,144.3059539794922,145.30959445022836,142.27686017852997,142.69140823142175,14209372,ITC
2016-04-05,142.45138549804688,144.15321357332144,141.46956839032578,143.1713860933433,8964083,ITC
2016-04-06,142.21139526367188,143.52049869385857,141.81867045797068,142.62594330026326,6892514,ITC
2016-04-07,139.39682006835938,142.69138062228572,139.2004525096533,142.69138062228572,10412846,ITC
2016-04-08,140.16049194335938,140.70594830156793,139.20048750824125,139.4186783493319,4985755,ITC
2016-04-11,142.80047607421875,143.25866016316408,138.32774095810754,140.50956600174928,14365804,ITC
2016-04-12,140.68411254882812,142.10230092385586,140.0731969632482,141.81866117439884,6187731,ITC
2016-04-13,144.54592895507812,145.17865733847663,141.60046745093746,141.8186478637893,12397612,ITC
2016-04-18,146.3568572998047,147.64413742911088,144.45867195040086,146.18231295120538,14746380,ITC
2016-04-20,146.4005126953125,147.62233366890783,145.13505562881232,146.3350637420846,9345601,ITC
2016-04-21,143.97869873046875,146.83689941883955,142.95324525337185,146.44416416918804,7212220,ITC
2016-04-22,142.1677703857422,144.50232728994035,141.57867794460455,142.23322971131697,6515084,ITC
2016-04-25,140.0513916015625,142.03684920950818,139.81138792592645,140.20411272693806,6324530,ITC
2016-04-26,142.8659210205078,143.28046898177723,136.36408262949095,136.66953520064774,15023308,ITC
2016-04-27,145.54962158203125,145.9641697016948,142.2768830952496,142.2768830952496,9677599,ITC
2016-04-28,140.9022979736328,144.87322348992936,140.31320559664584,144.0004913534374,20225037,ITC
2016-04-29,141.7968292236328,142.29864937555456,139.6804635921191,141.0113797119562,10729330,ITC
2016-05-02,140.138671875,141.38230566950716,139.37503508723518,141.05504016922117,3388196,ITC
2016-05-03,137.91322326660156,141.14232545579446,137.0186677489624,140.33504212930163,11124246,ITC
2016-05-04,136.42953491210938,139.41864287750002,135.3386224732496,137.45499841310115,6402669,ITC
2016-05-05,138.6113739013672,139.76774576807753,135.97136470077592,136.14591942145967,6576427,ITC
2016-05-06,138.6332244873047,139.37504848675673,133.52774942709385,136.56048401008857,16183901,ITC
2016-05-09,141.7313995361328,142.21139652513645,139.4186660264172,139.63684647596432,8857475,ITC
2016-05-10,141.16412353515625,142.25503618250775,140.37867389708921,141.8186752724705,8564326,ITC
2016-05-11,138.76412963867188,140.40049874947783,137.93503346652128,139.63686190555356,11154663,ITC
2016-05-12,138.85137939453125,140.11683630953877,137.49865030416166,139.22229132594882,5782937,ITC
2016-05-13,139.35321044921875,140.37867414802696,137.5204738792694,138.76411803348623,9804509,ITC
2016-05-16,143.73867797851562,144.00049451353146,138.3713871494013,138.89502021943298,13469690,ITC
2016-05-17,144.2186737060547,145.5059538837491,143.43321373557524,144.00049326210424,12444300,ITC
2016-05-18,145.1786651611328,146.09503331674352,142.16774418477107,142.95320408561693,7908685,ITC
2016-05-19,141.7532196044922,145.74596870943608,140.72776625333742,145.74596870943608,8918517,ITC
2016-05-20,144.15321350097656,147.79686293329118,141.73138483162103,142.58229368270273,21044560,ITC
2016-05-23,151.35321044921875,154.6914068565653,148.14593265351817,152.57503105578354,54852807,ITC
2016-05-24,151.87689208984375,153.5132610533781,151.26597644633057,151.85506885831262,16271995,ITC
2016-05-25,155.3677978515625,155.97871344545553,152.66233969694724,152.90233299074674,10338908,ITC
2016-05-26,158.1605682373047,158.83693290290194,154.2987374871143,155.34601415016218,13074273,ITC
2016-05-27,156.78598022460938,158.7932609059812,155.43325119925257,158.378712906806,10925400,ITC
2016-05-30,159.4823760986328,160.37708980987634,157.82715413780662,158.0955650611283,7646107,ITC
2016-05-31,157.04428100585938,160.80206577013274,156.23903761583492,159.2586976700505,15054842,ITC
2016-06-01,161.67442321777344,162.03230445619968,157.9166276802785,157.9166276802785,12409528,ITC
2016-06-02,160.15341186523438,161.27180140497893,158.0061030982444,160.98102820610927,13708259,ITC
2016-06-03,158.3192138671875,160.98098147511857,157.71528411637973,160.98098147511857,7381218,ITC
2016-06-06,159.07974243164062,159.6836723006263,157.1784825206489,158.22977454331183,7694861,ITC
2016-06-07,162.2783203125,162.72567177008057,159.70602284765502,159.70602284765502,11008034,ITC
2016-06-08,162.30072021484375,163.2849042833086,161.36128193601857,162.83755272196328,7611794,ITC
2016-06-09,158.40869140625,162.36778898358563,157.73765359307342,162.21121065824374,12065100,ITC
2016-06-10,156.8876953125,160.44417703799138,156.5969221474472,157.93898731235777,11163385,ITC
2016-06-13,156.52980041503906,158.162649235708,154.62854071156232,155.94824350228873,12184759,ITC
2016-06-14,158.0508270263672,158.36398373137234,155.59037234042395,156.97718335265037,7849407,ITC
2016-06-15,160.8468017578125,161.0481046179267,158.25213113324935,158.36397432603795,9890057,ITC
2016-06-16,158.7666015625,160.77970473615753,157.06665509671453,160.77970473615753,9057747,ITC
2016-06-17,160.9810028076172,161.36125689249724,158.9678998269897,158.9678998269897,9326214,ITC
2016-06-20,160.17578125,161.49548428070008,158.8560782192999,161.27179787084893,9020745,ITC
2016-06-21,160.3770751953125,160.9138969930373,159.03499943399328,159.9297130637049,6913784,ITC
2016-06-22,158.6771240234375,160.66785421286983,157.71531295067896,159.23631873321656,9255264,ITC
2016-06-23,161.15989685058594,161.71909137069935,158.81127561270944,158.81127561270944,8991200,ITC
2016-06-24,158.40869140625,161.09282139195116,156.66399947209243,157.7152913371689,12511364,ITC
2016-06-27,160.578369140625,161.67439620040582,158.40869854498172,158.40869854498172,10639592,ITC
2016-06-28,164.8506317138672,165.14140486912527,160.57837708203297,161.04810146895457,16301081,ITC
2016-06-29,163.86643981933594,165.49928864837202,162.83752079646374,165.49928864837202,11999827,ITC
2016-06-30,164.80589294433594,166.2821634802323,163.79933615154022,164.6269417166031,21706947,ITC
2016-07-01,169.3354034423828,174.30104839039674,162.7928202888626,163.26254475288485,29020448,ITC
2016-07-04,164.336181640625,170.44258838873643,163.73225177030645,170.44258838873643,14535927,ITC
2016-07-05,163.43026733398438,165.7453298636929,162.52437792388247,164.97364589829112,9335877,ITC
2016-07-07,165.74537658691406,166.85259042644202,163.66517565740304,164.06779210500014,9305981,ITC
2016-07-08,164.97364807128906,166.01375357329445,162.7256829175693,166.01375357329445,7165465,ITC
2016-07-11,167.1880645751953,168.83208927007988,165.5775779500592,166.61768345239696,7547920,ITC
2016-07-12,166.68478393554688,169.0669545804656,165.74533515912782,168.39592733552598,4302932,ITC
2016-07-13,165.8124542236328,167.22162748194364,165.07431888837598,166.71835435640529,4510416,ITC
2016-07-14,166.88609313964844,168.42947171362638,164.4703738529015,165.74533090229386,6326605,ITC
2016-07-15,166.9867401123047,169.46956729331134,166.11439945057364,167.08739684894724,9705885,ITC
2016-07-18,167.0203094482422,167.72489605828713,166.1479686787359,167.12096619732063,7088259,ITC
2016-07-19,167.1209716796875,167.75845026675782,164.80590890895473,167.08742297339546,6980063,ITC
2016-07-20,167.92620849609375,169.10051950542027,166.38282983147946,167.12096514205498,9671252,ITC
2016-07-21,168.1610870361328,170.10708225008327,165.4098483899079,169.77156326717682,12168179,ITC
2016-07-22,167.65782165527344,171.9188799719676,165.84602119023987,169.8722279048615,16388121,ITC
2016-07-25,168.93275451660156,169.10051930831204,167.08741624231368,167.42293519223074,9212323,ITC
2016-07-26,168.93275451660156,170.1406142294998,168.0939624585609,168.8656571067205,7080363,ITC
2016-07-27,166.01376342773438,170.2412724596762,165.2756281115942,168.42948287455826,9241105,ITC
2016-07-28,170.64389038085938,171.38203633724245,166.5841461050252,167.35583013344296,11787316,ITC
2016-07-29,169.4025115966797,172.1202017916815,168.6979248559938,170.57682283115614,12596909,ITC
2016-08-01,168.1610870361328,171.2478446652642,167.45650036208076,169.1005359348689,9926094,ITC
2016-08-02,175.00563049316406,175.81087392942536,168.4294988029578,168.4294988029578,17425566,ITC
2016-08-03,169.57025146484375,174.46878795029608,168.59724327554378,174.46878795029608,11408861,ITC
2016-08-04,169.16758728027344,171.0129358669445,167.89261974585537,170.44255481469153,8995366,ITC
2016-08-05,169.46958923339844,172.12017089629387,168.49659170905738,169.20116768976663,4533189,ITC
2016-08-08,167.7249298095703,170.94589326071414,167.42297013507573,169.77158200766596,8739307,ITC
2016-08-09,166.1815185546875,167.7584459453483,165.1414129848882,167.7584459453483,9718838,ITC
2016-08-10,165.4098358154297,166.6847929666448,164.94011140177017,166.41638205412627,5457692,ITC
2016-08-11,168.8656463623047,169.6373303278604,165.44337030450626,165.74532989676604,11158153,ITC
2016-08-12,170.50965881347656,171.44910749273023,167.95973427943267,168.12748841494118,8603626,ITC
2016-08-16,171.18067932128906,173.1266738839172,170.07347661843184,170.61029830460453,10689714,ITC
2016-08-17,170.24124145507812,172.28789287109262,169.23469541338324,170.81162250767287,8649054,ITC
2016-08-18,169.20114135742188,171.38200890494295,168.7649763547196,170.7109711005515,6939437,ITC
2016-08-19,168.39593505859375,169.36893258350804,167.5906916942321,169.10052167322218,5531361,ITC
2016-08-22,170.50965881347656,170.9458344527022,168.76497752357903,168.86563425828516,4345966,ITC
2016-08-23,168.69790649414062,171.11362612297935,167.95977112238486,170.71100972934116,6694732,ITC
2016-08-24,167.92620849609375,169.10051950542027,167.15451384703462,168.56368705822644,5590189,ITC
2016-08-25,170.07350158691406,171.11359641494528,167.92619325997424,169.16760156662573,9884849,ITC
2016-08-26,170.3083953857422,171.04653076638303,169.1340842649477,170.00642511175005,4936367,ITC
2016-08-29,169.6373291015625,170.40902369504298,168.46301817681172,169.7715345453193,4437169,ITC
2016-08-30,172.65699768066406,173.05962469093578,169.80510243642507,170.2412781530513,7989072,ITC
2016-08-31,174.50233459472656,175.47533207973373,172.05305589668805,173.32802361850972,13265582,ITC
2016-09-01,175.13983154296875,176.48189681388507,173.86486368717064,175.13983154296875,8695602,ITC
2016-09-02,176.4147491455078,176.95157084755414,174.63650864885128,175.81081941395482,9506919,ITC
2016-09-06,176.2135009765625,178.42790726818083,175.2069545955552,176.48191192703035,9519864,ITC
2016-09-07,176.34768676757812,177.79040875718596,175.81086492656334,177.15293016260478,6656556,ITC
2016-09-08,177.75685119628906,178.1930268955157,176.28058057352814,176.81740238780338,8645619,ITC
2016-09-09,173.3280029296875,177.45485457236927,172.48921099443893,176.48185720350125,10131678,ITC
2016-09-12,169.26829528808594,172.25439625035028,168.93277629491476,171.7511230773462,7627126,ITC
2016-09-14,168.99986267089844,169.83865472948958,167.45648400707026,168.42948151901552,13020551,ITC
2016-09-15,171.71754455566406,173.059620378454,169.43603054382692,169.43603054382692,8077776,ITC
2016-09-16,174.7036590576172,175.94507822892848,171.3820498429045,171.78466624161075,14578809,ITC
2016-09-19,173.69712829589844,176.2135049384999,173.29451186114434,175.47536949136443,6724348,ITC
2016-09-20,172.422119140625,173.96549772233016,171.28136753106236,173.93194901915274,6944197,ITC
2016-09-21,170.20774841308594,173.66357392431357,169.7715726478563,172.254400498346,9139238,ITC
2016-09-22,171.28138732910156,172.58990387280662,170.2748304159029,171.41559279082713,7988449,ITC
2016-09-23,170.07350158691406,172.45567209440992,168.96628808800546,171.11359641494528,5143011,ITC
2016-09-26,166.4499053955078,169.9392892605391,166.0808377886588,169.77152449065156,10060086,ITC
2016-09-27,164.97364807128906,167.25516192824995,164.40326694867298,166.85254558884628,6900812,ITC
2016-09-28,165.71176147460938,167.3557965855084,164.73876414099624,165.27559648952533,7646466,ITC
2016-09-29,164.87303161621094,167.28875150994173,161.7191762697853,166.4835186343688,18104875,ITC
2016-09-30,161.9540252685547,165.71181028101518,161.38364405321988,164.8394694204182,9912734,ITC
2016-10-03,162.5914764404297,163.86644412404766,162.0882033609895,163.86644412404766,6714964,ITC
2016-10-04,161.85333251953125,163.698670589988,161.28295143102542,163.06119209901254,8002732,ITC
2016-10-05,161.18231201171875,163.22896377648823,160.5112847474113,162.25596626811455,6470467,ITC
2016-10-06,159.30343627929688,162.39018317993313,158.1291251920145,162.39018317993313,8986109,ITC
2016-10-07,160.34352111816406,161.21587251834123,158.86725049248574,159.6389345104074,4164582,ITC
2016-10-10,161.11520385742188,162.79278785656984,160.74613622828957,162.39016089133227,5241260,ITC
2016-10-13,160.34352111816406,162.0211052413454,159.00145594631977,161.1152157695897,11089281,ITC
2016-10-14,160.9810028076172,161.38361915034127,159.73958380892012,160.3770729767793,9579094,ITC
2016-10-17,161.4507293701172,162.22241336246364,160.0415562013068,160.98100498051372,6379993,ITC
2016-10-18,165.040771484375,165.4433878612813,161.249427392866,161.71915181600886,12234489,ITC
2016-10-19,160.67901611328125,164.83942709586125,159.97442961057396,164.83942709586125,8734555,ITC
2016-10-20,160.61196899414062,161.95403438603716,159.77317679501706,161.71917214494235,4572220,ITC
2016-10-21,161.14874267578125,161.81978048768286,160.20929399252003,160.37705876224672,10999941,ITC
2016-10-24,161.9540252685547,162.3901903821006,160.84682218008487,161.71916304068182,9944640,ITC
2016-10-25,160.2093048095703,162.99410234683427,159.80668847534693,162.99410234683427,6177333,ITC
2016-10-26,160.2093048095703,162.72568082384876,156.6863826429818,160.94744007239814,24852951,ITC
2016-10-27,163.1283416748047,164.26909350880032,160.8132680300246,161.85337373468676,15943817,ITC
2016-10-28,163.1283416748047,163.93357451050557,160.71261126718562,163.93357451050557,9674418,ITC
2016-11-01,161.01455688476562,162.92700318516137,160.47772444304732,162.92700318516137,5730426,ITC
2016-11-02,159.23634338378906,160.34354652851115,157.76007252415963,159.035029854383,4867894,ITC
2016-11-03,161.2493896484375,162.59145455748586,158.36394637225786,159.06853284204618,9210542,ITC
2016-11-04,167.1209716796875,172.0530674782944,165.77890645945843,168.76500715705794,36621117,ITC
2016-11-07,172.12014770507812,174.23390726291325,165.7453203307031,170.30835835557772,25202734,ITC
2016-11-08,171.51626586914062,172.72412577313045,169.2347515356592,172.12019582113555,10317962,ITC
2016-11-09,166.5170440673828,171.11362096517584,160.07511816231917,160.47773454382144,23914156,ITC
2016-11-10,168.46302795410156,169.77154439855306,164.77234081932818,169.67088765151775,12012673,ITC
2016-11-11,163.0276641845703,167.05385975169918,161.7191477010398,166.4163811794422,13232720,ITC
2016-11-15,159.37051391601562,165.6782336638484,158.22976231101057,162.3566143244601,22012736,ITC
2016-11-16,154.94168090820312,160.44415696611975,153.02923483156744,159.67247304872407,31846924,ITC
2016-11-17,155.3443145751953,157.02189855245865,153.26410363794682,153.29765234011123,9640577,ITC
2016-11-18,152.89505004882812,155.27722079123686,152.39177693615113,154.337771976371,8575440,ITC
2016-11-21,150.4457550048828,153.39830658490058,150.04313868494975,153.1298957049452,7878052,ITC
2016-11-22,151.7207489013672,153.0628141669901,149.9760672461088,150.98261353694983,9570300,ITC
2016-11-23,150.7477264404297,152.861486062573,149.97604249593465,152.49241844127062,10720504,ITC
2016-11-24,149.97605895996094,151.15035935656067,149.03661013587785,150.98260519519047,18697423,ITC
2016-11-25,153.5325469970703,154.6397607377214,149.67410515993777,150.64710279653605,7890103,ITC
2016-11-28,156.82058715820312,157.15610608481887,152.52597041792947,153.26410567638217,9472016,ITC
2016-11-29,155.04234313964844,158.12910018565302,154.50551074171145,156.38440818423646,8945347,ITC
2016-11-30,156.01536560058594,157.29033344598153,153.7674001758771,155.67984662721818,11507955,ITC
2016-12-01,156.6864013671875,157.692947639781,155.04236586401387,156.21667693770934,5358757,ITC
2016-12-02,153.33119201660156,156.3508406618143,152.99567313746644,156.3508406618143,8693600,ITC
2016-12-05,156.0489044189453,156.4850801200331,152.62663875457767,153.59963627223138,5320355,ITC
2016-12-06,154.4719696044922,156.35086713902913,153.76738302904084,156.35086713902913,5100487,ITC
2016-12-07,152.45889282226562,155.34434766052726,151.98916835790945,155.34434766052726,8419775,ITC
2016-12-08,156.55218505859375,157.8942502068922,153.19701687109566,153.7002899725196,7648947,ITC
2016-12-09,158.46466064453125,160.7797237191455,156.04893017081832,157.05548719324182,8648965,ITC
2016-12-12,155.88113403320312,157.4916099487624,155.64627185452753,157.15610166508546,3155645,ITC
2016-12-13,158.1291046142578,158.96789661980463,155.81403144816636,157.55872349844518,7727181,ITC
2016-12-14,156.45152282714844,158.6994879860099,155.67982821631378,158.36396905232107,6556449,ITC
2016-12-15,154.13644409179688,157.29030919498575,153.33121144007052,155.67982262452696,5538310,ITC
2016-12-16,151.88851928710938,154.8746201954436,151.6536570594818,154.8746201954436,13422991,ITC
2016-12-19,152.32469177246094,153.6667571523558,151.2174886315606,151.2174886315606,5665425,ITC
2016-12-20,154.30421447753906,154.87459560170296,152.66017914521512,153.33121701287894,6145411,ITC
2016-12-21,151.85491943359375,154.2035410833121,151.31809770423087,153.66670872044693,13379223,ITC
2016-12-22,152.69375610351562,153.26413733322477,150.47934987077,151.15037722909955,6668113,ITC
2016-12-23,150.7812957763672,152.66019347539483,150.17736589218038,152.66019347539483,11177602,ITC
2016-12-26,150.9825897216797,151.5529708254893,148.96948682403013,150.9154816839067,9071721,ITC
2016-12-27,157.05548095703125,157.62586218373917,150.54644649769904,151.65366024175125,16206836,ITC
2016-12-28,157.9949188232422,158.63239742403616,156.14956980138416,156.14956980138416,14711711,ITC
2016-12-29,158.3639678955078,159.03499512448036,155.88114056455098,157.89424351847535,14593942,ITC
2016-12-30,162.1552734375,162.6585570656204,158.56524381341654,159.33693828753346,10821396,ITC
2017-01-02,161.6855926513672,162.5579333949909,160.10865468510008,162.39016860700315,5075736,ITC
2017-01-03,163.2960968017578,164.87302440600868,160.5448580134354,161.65206114405763,7798116,ITC
2017-01-04,164.70526123046875,165.74535625085713,161.11523045431002,162.9605689045998,9668664,ITC
2017-01-05,165.5775909423828,166.3157262728628,163.79935002795142,164.06776094203428,9532162,ITC
2017-01-06,162.8599090576172,167.08742900928524,162.52440071556825,165.74535310707043,8404984,ITC
2017-01-09,164.97364807128906,165.47692115391948,162.4572720246335,162.96054510726393,5041639,ITC
2017-01-10,167.05386352539062,167.6578040392821,164.87300621474296,165.07431971937345,12438618,ITC
2017-01-11,166.11439514160156,168.09393858804646,165.4769060372359,167.6242142515675,7931415,ITC
2017-01-12,164.1684112548828,166.2150630031321,163.83290294218924,166.2150630031321,5816779,ITC
2017-01-13,167.52359008789062,168.42949023679952,162.72569968975424,165.07432182877395,4553691,ITC
2017-01-16,166.95323181152344,168.32884585584327,165.81246936486332,167.25519146101828,4813933,ITC
2017-01-17,169.0669708251953,169.3018330418667,166.9532215086573,166.9532215086573,4996927,ITC
2017-01-18,168.32882690429688,170.64388961263202,167.62424029012874,168.83210001913005,7534139,ITC
2017-01-19,170.54322814941406,170.94584447834865,167.45647106040602,167.59067650338423,9538148,ITC
2017-01-20,171.38206481933594,171.98599478692293,170.2413023063905,170.61037002916558,11261533,ITC
2017-01-23,174.2339324951172,174.56944081940654,171.1471750970233,171.1807238027514,11101905,ITC
2017-01-24,174.36814880371094,174.97207871192452,172.69056454383934,174.20038399762086,8341113,ITC
2017-01-25,178.15945434570312,178.76339479223395,174.20035654174342,174.4352187264488,18123606,ITC
2017-01-27,172.72410583496094,179.13248296192012,171.851765034667,176.81740955192222,25440485,ITC
2017-01-30,171.85174560546875,175.13980556314596,171.44911864046526,173.39512415980806,9253765,ITC
2017-01-31,173.1938018798828,174.43521014741182,170.84518014833853,171.91883427797268,10380649,ITC
2017-02-01,180.97779846191406,181.24620934603294,173.4622192720639,174.46876540426123,35144107,ITC
2017-02-02,184.0645751953125,187.82237050847326,180.84360170774377,181.85016921448923,30867395,ITC
2017-02-03,183.2257843017578,184.86980912838564,181.51464079624097,183.86326288214394,9356904,ITC
2017-02-06,185.7421417236328,187.21841223741708,183.930341650439,184.467184692093,8538188,ITC
2017-02-07,185.94349670410156,196.04254100318008,184.93695033524807,186.95004307295505,25251605,ITC
2017-02-08,184.4000701904297,187.21841647157964,182.52117266966303,184.86979457062134,11114871,ITC
2017-02-09,186.31253051757812,186.81579297693673,182.9573623871585,185.20532758658052,5070408,ITC
2017-02-10,183.42709350585938,187.2855242371997,182.2192337852734,187.01711332895925,7975779,ITC
2017-02-13,181.58172607421875,185.44017790515377,180.23967159124658,184.80269936736613,9312915,ITC
2017-02-14,181.71592712402344,183.52772710991812,180.60872429203434,181.17910537524182,6911954,ITC
2017-02-15,183.46060180664062,184.86977479648695,181.9843314173744,181.9843314173744,7827599,ITC
2017-02-16,178.93118286132812,182.18569472818348,178.2936935914095,181.21268646886108,10982700,ITC
2017-02-17,179.9376983642578,180.4409820788799,177.15291143303142,179.40087657999877,9700816,ITC
2017-02-20,178.52853393554688,179.467982737312,178.19302562077695,178.49499586427456,5934404,ITC
2017-02-21,176.58253479003906,178.66274584055282,175.00560746691002,178.4949916870937,10251239,ITC
2017-02-22,176.78384399414062,178.66274150813888,175.57598434471413,177.42132252203143,8815003,ITC
2017-02-23,178.26010131835938,179.9712445560885,175.54241199190938,177.1528984940659,12837302,ITC
2017-02-27,177.5555419921875,178.49500145689174,173.02606263233272,178.19303120393278,5270544,ITC
2017-02-28,175.945068359375,177.55554449736607,175.07272756102586,176.4818901942039,8558167,ITC
2017-03-01,180.17257690429688,180.97780960623848,176.0792628186604,176.0792628186604,15139871,ITC
2017-03-02,177.65618896484375,181.34687604134663,176.8173969307978,180.17257570048523,10453722,ITC
2017-03-03,175.50888061523438,176.75029963183025,173.22736670656263,175.8108508517589,10371862,ITC
2017-03-06,177.2200164794922,177.85749499590835,175.50887314568584,176.28056773940318,9927375,ITC
2017-03-07,177.3206787109375,177.82396246282235,175.240478192662,177.35423805006593,7183529,ITC
2017-03-08,177.2535858154297,178.1594753248927,176.81741009718547,177.4548886878079,5993605,ITC
2017-03-09,177.79039001464844,178.69627943423876,176.012149245115,178.5620846216363,9847115,ITC
2017-03-10,176.78384399414062,177.85749819735344,176.24701157578252,177.7903901574949,5880374,ITC
2017-03-14,179.23313903808594,182.28633714434352,177.95817123208033,178.62919852457983,18508020,ITC
2017-03-15,179.97125244140625,181.64883641844497,177.95814954225918,177.95814954225918,14475482,ITC
2017-03-16,180.13902282714844,182.0179204535553,179.50154426111925,181.3468825488374,9020039,ITC
2017-03-17,188.72824096679688,193.86164966552911,185.74214062091346,185.74214062091346,54015422,ITC
2017-03-20,189.16441345214844,190.70780268967604,186.41318581474013,189.835451326421,16509511,ITC
2017-03-21,193.19061279296875,193.66033716211965,189.90254220891248,190.0367582859583,13734401,ITC
2017-03-22,187.78880310058594,193.1570636598664,186.9500110590104,191.24462801323776,12874461,ITC
2017-03-23,186.27899169921875,189.56706278398076,184.6014074492191,186.21189428398145,17547913,ITC
2017-03-24,188.5605010986328,189.9025556288994,187.05067114345104,187.11776855321241,7398317,ITC
2017-03-27,188.963134765625,189.83548628954617,185.40665251726838,188.1914612717446,12623097,ITC
2017-03-28,188.22499084472656,189.36575326285447,187.92304183628917,188.9631262289246,6532115,ITC
2017-03-29,190.03677368164062,190.37228200092665,188.02365996490036,188.02365996490036,8828112,ITC
2017-03-30,189.73480224609375,191.00975937180738,187.92302330608044,190.5735943060649,14948411,ITC
2017-03-31,188.0907745361328,189.902553447937,187.05066899524155,188.56049893308347,9929324,ITC
2017-04-03,188.9295654296875,190.30517927414255,186.98357044477382,189.76835747147825,7507187,ITC
2017-04-05,187.1848602294922,190.23807938472007,186.34606819863987,190.03676589459437,10685034,ITC
2017-04-06,183.93035888671875,187.3190865323798,183.3264396503979,186.6816079568712,16243974,ITC
2017-04-07,182.95736694335938,183.9639131541499,181.78304530826392,183.1922185101738,9480161,ITC
2017-04-10,183.561279296875,184.53428740001516,182.5882924607418,184.53428740001516,5687364,ITC
2017-04-11,189.2650909423828,189.63415862363593,182.38699982793298,183.25935128680828,11355730,ITC
2017-04-12,189.16441345214844,191.11040840063393,187.58748614446182,189.03021863749817,7507416,ITC
2017-04-13,187.31907653808594,189.2315334295821,186.21187360806488,189.16441475478769,4085766,ITC
2017-04-17,187.2855224609375,189.5670470598547,184.90336238101656,185.5744002787574,5017073,ITC
2017-04-18,187.25198364257812,190.57359251268332,186.61450508572025,188.0236570182441,4497780,ITC
2017-04-19,187.01712036132812,188.89601805667107,186.44673918474126,188.6611664782576,5143709,ITC
2017-04-20,187.553955078125,188.89603102896712,186.78228161005055,187.6881711800133,4400814,ITC
2017-04-21,184.09812927246094,189.23153834210103,182.9909050466887,189.23153834210103,9041742,ITC
2017-04-24,185.70858764648438,186.24543070334073,181.95081385053177,185.4737360885529,7392939,ITC
2017-04-25,188.7618408203125,189.23156528791836,183.79618520090946,186.54741332045023,13211107,ITC
2017-04-26,195.20372009277344,196.54579589842572,189.23154017854228,190.1038703119091,19671557,ITC
2017-04-27,191.78143310546875,195.8747362103392,190.9091030691228,195.53922792974546,14075606,ITC
2017-04-28,186.54739379882812,192.2511842322972,186.11122871991276,191.7814598138466,12851433,ITC
2017-05-02,187.35264587402344,188.7618191148017,185.54084563102043,188.22497602283258,7298698,ITC
2017-05-03,186.0441131591797,187.5539217518377,184.8697915941044,187.5539217518377,6271881,ITC
2017-05-04,188.6947021484375,189.3657400692309,185.30599573899494,186.48029615012697,8070845,ITC
2017-05-05,185.97702026367188,188.52695596380138,185.47375775203423,188.52695596380138,4192254,ITC
2017-05-08,183.15870666503906,186.8829430651353,182.89027445451808,186.24546441592227,11038927,ITC
2017-05-09,182.18565368652344,185.64147829521522,181.85014540620614,183.52772934180385,7008749,ITC
2017-05-10,183.8296661376953,185.00398757520435,182.52114990373076,182.6553659671905,4754549,ITC
2017-05-11,185.6415252685547,187.31910962863577,183.86328414550786,184.8698305081543,9778012,ITC
2017-05-12,184.50074768066406,186.07767514855774,183.89682841936886,186.07767514855774,4672675,ITC
2017-05-15,186.51385498046875,187.15133356002926,184.8698088889616,185.13821980314452,5673245,ITC
2017-05-16,190.20449829101562,190.77487935879358,186.5473603507358,186.88288988490186,11635819,ITC
2017-05-17,188.9966583251953,190.84199651966844,187.38617168865196,190.64068303172465,8617269,ITC
2017-05-18,186.48028564453125,188.59403477229168,185.9099045073404,186.547383052728,8229448,ITC
2017-05-19,192.0498809814453,198.39115033554478,189.19799624597078,189.39930975991197,37099971,ITC
2017-05-22,203.72584533691406,204.53107801480056,195.47214127080542,196.24381461198578,37323445,ITC
2017-05-23,201.41079711914062,203.9271733420762,200.13583997162925,202.5850975163739,20546707,ITC
2017-05-24,201.24302673339844,202.61864052028545,199.90095101589475,201.31012413917165,9822098,ITC
2017-05-25,201.34368896484375,204.46398425594964,198.18981306942584,201.3101296275389,23646915,ITC
2017-05-26,207.4165802001953,210.570435338575,201.00819189524205,202.65223814989446,22579834,ITC
2017-05-29,211.94601440429688,214.63014463648346,203.65875088140453,203.9942591853002,20422509,ITC
2017-05-30,208.9934539794922,211.50982982739714,208.05400529491394,209.96644073115922,8876322,ITC
2017-05-31,209.2283172607422,210.30198207495383,206.00736535211988,208.99346570991838,12782086,ITC
2017-06-01,210.83883666992188,212.54998026503688,208.5573118764352,209.36256592919972,8570891,ITC
2017-06-02,214.1940155029297,214.66373996734876,211.50988482068237,212.11380412235798,11500232,ITC
2017-06-05,216.3633575439453,216.90862725304567,213.5348586813522,214.69352711205156,9847609,ITC
2017-06-06,212.00137329101562,217.41981203607372,210.8086186282586,216.3974663257324,10220219,ITC
2017-06-07,212.81919860839844,214.5231149501645,211.5242291009205,212.1717138546595,11978598,ITC
2017-06-08,212.37620544433594,213.5007877340303,210.87674079058243,213.33037880461154,8081100,ITC
2017-06-09,208.55943298339844,213.05776230142692,207.67338860219806,211.79687874455263,10453119,ITC
2017-06-12,207.46893310546875,209.5817967198692,206.17396332932924,209.24102202114733,6507632,ITC
2017-06-13,208.0482635498047,208.55944718932167,205.9694860838187,207.9119623131534,5303687,ITC
2017-06-14,204.3677978515625,208.55943872295458,203.8907003409908,207.84378165668255,15135338,ITC
2017-06-15,205.76498413085938,206.4806411270692,204.12923991260504,206.4806411270692,7713717,ITC
2017-06-16,209.10470581054688,211.0130960258851,206.17396986580064,206.17396986580064,12798297,ITC
2017-06-19,211.8991241455078,212.54660900409587,209.99073407756663,210.6041328275024,7251573,ITC
2017-06-20,210.39964294433594,212.78513034294792,209.9907176765936,212.64882912064303,8579082,ITC
2017-06-21,210.570068359375,211.967274801942,209.37731376627224,210.87675693398606,8598645,ITC
2017-06-22,212.17172241210938,214.14826285617804,210.0588591508378,210.36556928892432,9289243,ITC
2017-06-23,211.96722412109375,213.26219352888992,210.33145851068204,211.28565331668685,7453263,ITC
2017-06-27,212.8873748779297,215.7158737541447,211.9672659906859,212.47842799434204,10061814,ITC
2017-06-28,210.1610870361328,212.376186917059,209.30912886667284,212.376186917059,8224059,ITC
2017-06-29,212.37620544433594,213.5007877340303,210.3314926987599,210.67228895676973,10311615,ITC
2017-06-30,220.5890655517578,221.3047009326621,211.45606331422744,211.45606331422744,24090343,ITC
2017-07-03,233.43663024902344,241.81991247886813,231.93718701463308,235.8221179404764,48892799,ITC
2017-07-04,229.85836791992188,234.0840727795569,229.17679704557392,233.6410614316026,11664585,ITC
2017-07-05,225.63267517089844,230.2673271240679,225.08740548165747,229.85838025734404,12439637,ITC
2017-07-06,229.75616455078125,230.88074693628207,225.80308314705172,227.84777446599333,13946670,ITC
2017-07-07,227.84774780273438,230.50585916679796,226.99578958606853,230.36955794859452,10301830,ITC
2017-07-10,227.16619873046875,228.3248672006327,225.59860496558684,226.58688609621586,1316454,ITC
2017-07-11,225.18963623046875,228.35893116193242,224.91701219348698,228.3248450569996,8657755,ITC
2017-07-12,224.13319396972656,227.37063935687505,223.14493458258366,223.82650544316638,10643992,ITC
2017-07-13,230.8807373046875,231.39192091351273,225.59860028375067,226.2801712285748,18165609,ITC
2017-07-14,229.79025268554688,231.698642787159,228.18857276472878,231.698642787159,5801768,ITC
2017-07-17,221.6114501953125,228.32488024293735,218.57847761535785,228.32488024293735,21102802,ITC
2017-07-18,193.93984985351562,199.46054724503682,188.38508795023506,199.46054724503682,155236591,ITC
2017-07-19,198.6426239013672,199.63088330338883,195.06438222964223,196.15489994315803,40641441,ITC
2017-07-20,197.31358337402344,200.99404043744394,196.5638402381003,200.3806201264599,15896377,ITC
2017-07-21,196.9046173095703,198.84707157005099,195.3029376769834,198.67668425610412,13681787,ITC
2017-07-24,199.8694610595703,201.3007319378216,196.3593912753385,197.65436092748408,18479650,ITC
2017-07-25,198.60858154296875,201.16445667097028,198.23372072156175,201.06221993778374,9927828,ITC
2017-07-26,200.14205932617188,200.5509845526311,198.67668092895215,199.0174771519645,9564282,ITC
2017-07-27,196.6660919189453,201.3348304160949,195.4392728044688,200.85773289375237,19620418,ITC
2017-07-28,198.71080017089844,200.89181427877296,195.71189227205284,200.58510410715877,19206912,ITC
2017-07-31,194.41690063476562,197.85881954815017,193.90573867391205,197.31357148290903,22065527,ITC
2017-08-01,196.18896484375,196.66606229422513,194.2465105387754,194.45098396052563,14063559,ITC
2017-08-02,194.55320739746094,197.5861792112283,193.76939986783796,197.5180070080786,10247374,ITC
2017-08-03,191.7928924560547,194.51915462524693,191.28170884896866,194.24653056841055,10592033,ITC
2017-08-04,191.349853515625,193.83757765807513,190.60013198241992,191.11131557361787,11717562,ITC
2017-08-07,190.7364501953125,192.8833780247788,190.4638261535412,191.9291830781655,8776750,ITC
2017-08-08,186.85153198242188,191.79289436369749,186.40852058576,190.90684996954494,13231816,ITC
2017-08-09,185.9654998779297,187.70350267333757,184.29566930253554,186.7493076014466,10291858,ITC
2017-08-10,186.13587951660156,187.19228955050158,184.5341782117783,185.82916937732733,10380837,ITC
2017-08-11,185.04537963867188,187.05600638910903,184.0911846249332,184.70460496269186,14964550,ITC
2017-08-14,184.87498474121094,187.0219126339215,184.36380114731418,187.0219126339215,10066349,ITC
2017-08-16,190.29344177246094,192.03142276575304,184.9431327675203,185.38614414215118,19412233,ITC
2017-08-17,190.83871459960938,192.81525538984562,189.4074219720251,192.09961987646872,14231781,ITC
2017-08-18,192.09957885742188,193.56493568175503,188.65766006407753,190.32749030595156,15442589,ITC
2017-08-21,191.92921447753906,194.24655161294973,191.48620303728796,192.44039814000638,13592218,ITC
2017-08-22,192.8152618408203,194.246554516291,191.07725896328495,192.20186303752214,12417415,ITC
2017-08-23,192.5767059326172,194.65548332946426,191.9291994771547,193.22419078725048,9084531,ITC
2017-08-24,191.82696533203125,193.22419338541778,191.58842737220272,192.2018477274694,11235986,ITC
2017-08-28,192.50851440429688,192.88337515626102,190.36158660675923,192.2699764716047,10358573,ITC
2017-08-29,191.0090789794922,192.81523220179466,190.42974477603406,192.44037143494856,6377756,ITC
2017-08-30,192.2018585205078,192.81525730939026,191.24766342595228,191.6225242416112,6785885,ITC
2017-08-31,192.37222290039062,192.98562161602277,191.11131776155221,192.88338489661274,11654017,ITC
2017-09-01,193.2923583984375,193.8035420658984,191.31581755230718,192.33816328639787,7526993,ITC
2017-09-04,192.9515380859375,193.4627000317613,192.2018166180685,193.19007600715676,8807199,ITC
2017-09-05,192.78114318847656,193.49680020582733,191.929184949325,192.64484196667573,8121365,ITC
2017-09-06,187.90794372558594,191.52024993179967,187.60123359090895,191.1794536929942,14710804,ITC
2017-09-07,184.29563903808594,189.16885032646792,183.7163048680864,188.79396798044473,19958290,ITC
2017-09-08,185.6247100830078,186.27219491466283,184.02303025707323,184.8068379168375,10090288,ITC
2017-09-11,186.47665405273438,187.02190212169137,185.04536167110223,185.6587819492989,9672742,ITC
2017-09-12,189.2370147705078,189.64594004918564,187.15823746773236,187.77163618616325,11906324,ITC
2017-09-13,185.04537963867188,189.13478375457643,184.67051885476232,189.06663313954618,12593161,ITC
2017-09-14,185.38613891601562,185.7269351645171,184.2956427627958,185.5906123449511,7312288,ITC
2017-09-15,183.5459442138672,185.89734573906762,182.79622261455197,185.38616210279372,13653947,ITC
2017-09-18,181.9783172607422,185.18169851027713,181.46715525770105,184.70460101360837,10543289,ITC
2017-09-19,182.55764770507812,184.02302627199862,180.00178374062622,182.659884423739,35187337,ITC
2017-09-20,185.0794677734375,185.38615634484657,182.4895067648081,183.6140891288523,9974675,ITC
2017-09-21,183.71630859375,185.6587845679439,182.0464782587069,185.3861389287931,8058682,ITC
2017-09-22,182.9665985107422,184.67051505726127,182.01240351662526,183.6822339559157,7142399,ITC
2017-09-25,178.74087524414062,183.7844632662893,177.82076639435255,183.00067723909046,18260404,ITC
2017-09-26,178.877197265625,179.76324165991664,177.9230022566428,179.45653149256623,9950366,ITC
2017-09-27,176.18499755859375,180.95596145599774,175.0263291890056,180.68333741624062,18208892,ITC
2017-09-28,178.26376342773438,179.52466843216138,176.59392238967345,177.4799666631662,22436773,ITC
2017-09-29,176.04867553710938,179.18388421744083,175.4693413852282,179.11572281116713,12640792,ITC
2017-10-03,178.1615447998047,179.08166446937463,176.18500423603396,178.91126633775812,11940746,ITC
2017-10-04,182.25096130371094,183.00068284886532,179.35429024213417,180.0017858678336,11194466,ITC
2017-10-05,180.7855987548828,183.614097853545,180.20626449118137,182.25097746909762,7204474,ITC
2017-10-06,181.39901733398438,182.31912628448777,180.3766608551401,181.16045776854725,8158755,ITC
2017-10-09,182.6598663330078,183.44367389816978,181.56937024306578,182.6598663330078,6323114,ITC
2017-10-10,181.4330596923828,182.59172806686666,180.7174134846864,182.0464799850486,5683301,ITC
2017-10-11,180.88780212402344,182.48948178088202,180.24030656030493,181.63752359741144,7959877,ITC
2017-10-12,181.9783172607422,183.47778196514994,179.93362604692092,180.99005776103232,9518815,ITC
2017-10-13,181.26268005371094,182.38726237046097,180.06993632363628,181.46715349327062,12504487,ITC
2017-10-16,182.31912231445312,183.98895283283247,180.95598037234345,181.29677665828558,9504724,ITC
2017-10-17,182.14871215820312,183.1369715817505,181.26266784672384,182.65987412185035,11038203,ITC
2017-10-18,184.26158142089844,184.53420549584175,182.04650271167264,182.65990148008763,7508323,ITC
2017-10-19,183.7844696044922,184.90905192653403,183.34145821724704,184.7046000868405,1283342,ITC
2017-10-23,182.0124053955078,185.8973360257079,181.16044711345367,184.0230321253545,10144269,ITC
2017-10-24,181.9783172607422,182.96659836128043,181.36491853692715,182.96659836128043,8723712,ITC
2017-10-25,183.5118408203125,185.04536998386791,182.79620539776144,182.93250662071034,6169387,ITC
2017-10-26,182.93247985839844,184.56824550027324,182.0805217367089,184.56824550027324,9616793,ITC
2017-10-27,183.57997131347656,188.11240769596404,182.28500183323746,184.4319294664392,23852749,ITC
2017-10-30,180.7174072265625,184.43193935645377,179.55874969261586,183.3414432305808,18266520,ITC
2017-10-31,181.09228515625,181.94425423616644,179.86546609780007,181.33083390652718,8452918,ITC
2017-11-01,183.92079162597656,184.84090050346532,181.50121805817324,181.97831555035782,7516426,ITC
2017-11-02,181.0581817626953,183.9889169255218,180.8196330494228,183.81852961621829,10056813,ITC
2017-11-03,180.88780212402344,182.59171849096458,180.5470166905526,181.97829823046922,6210456,ITC
2017-11-06,180.5470428466797,182.59174494331077,180.13810674751932,181.4671625703088,9368140,ITC
2017-11-07,180.81968688964844,182.45544226742192,179.69510439240318,181.09231098587472,9872847,ITC
2017-11-08,180.88780212402344,181.63752359741144,180.41070467724688,180.8537268208003,6186540,ITC
2017-11-09,177.24143981933594,181.63754322503425,176.73026701409924,181.56939261122363,21026098,ITC
2017-11-10,178.3660430908203,180.75153086252953,176.79843838375646,177.58224613749613,17438746,ITC
2017-11-13,176.04867553710938,179.45650824170974,175.8442021187012,179.25203482330159,7681031,ITC
2017-11-14,174.85594177246094,177.78667719934532,174.4810810178883,176.18499746609615,8656529,ITC
2017-11-15,172.64085388183594,175.40120200536168,170.66431337876466,175.16265326875558,17666898,ITC
2017-11-16,173.86766052246094,174.20844595061297,172.02743217093536,173.59503650010444,10343428,ITC
2017-11-17,175.84422302246094,176.525793964569,174.481091938659,174.82187740971304,10383570,ITC
2017-11-20,176.66212463378906,177.68447035441193,175.3330687167301,176.253188505623,8221147,ITC
2017-11-21,174.34478759765625,176.8665872341521,173.93585149460887,176.8665872341521,17266541,ITC
2017-11-22,175.94644165039062,176.28722708640004,174.20844996727968,174.48107399592195,8941555,ITC
2017-11-23,175.94644165039062,177.68443333350157,174.75369802456422,176.08275366471176,7814131,ITC
2017-11-24,177.71852111816406,178.19561857300678,175.878292706805,176.1849920418249,7630740,ITC
2017-11-27,176.69618225097656,177.54814053299032,175.36712646700198,177.20735506010195,5022804,ITC
2017-11-28,175.16265869140625,176.6621017676848,174.48108776559928,176.5939403549385,18183221,ITC
2017-11-29,175.8783416748047,176.32135314877803,175.16269529329057,175.84425556110193,9032800,ITC
2017-11-30,174.5151824951172,175.98055042832345,173.56098741295213,175.7760877681561,22967997,ITC
2017-12-01,173.93585205078125,176.93473841688083,173.56098045460402,175.1285850552537,6847473,ITC
2017-12-04,173.86766052246094,174.68554338994326,172.81122893531347,174.48106997296944,6347174,ITC
2017-12-05,173.01571655273438,174.0380621206877,172.09559690124536,173.7995133814434,9337698,ITC
2017-12-06,171.48220825195312,172.60680147394442,170.97103540581983,172.60680147394442,8562019,ITC
2017-12-07,172.67494201660156,173.18611483290488,170.39169119664373,170.39169119664373,5635445,ITC
2017-12-08,178.70680236816406,179.38836248830717,172.7090085084212,172.94755725057476,13638732,ITC
2017-12-11,181.4671630859375,182.31912139525338,179.45653629175303,180.37665601799662,17842707,ITC
2017-12-12,178.26376342773438,180.75148733347592,177.5481172685654,180.27438989402995,9599026,ITC
2017-12-13,176.52577209472656,178.84309789021978,175.57157721415652,176.93470812907964,8986735,ITC
2017-12-14,180.10403442382812,181.39902583798917,175.537543165574,177.82079419490879,8353203,ITC
2017-12-15,180.34254455566406,182.01238563128277,179.5587477734669,181.29675025643076,12742052,ITC
2017-12-18,179.38833618164062,180.95594042870704,176.55983779690473,180.95594042870704,9650962,ITC
2017-12-19,180.10403442382812,180.88784217439522,179.32023747367649,179.52471093911407,6107682,ITC
2017-12-20,179.45655822753906,180.41075337867474,179.0476220772306,180.41075337867474,7728106,ITC
2017-12-21,179.2861328125,181.22858721450166,178.29785175828394,181.22858721450166,7032195,ITC
2017-12-22,179.32022094726562,180.06994251755404,178.6727361002737,179.59284500911332,6652053,ITC
2017-12-26,180.03587341308594,180.6152076647842,179.01351694530993,179.42246385258628,9917650,ITC
2017-12-27,178.67274475097656,180.13811265487402,178.33195925696006,180.0699512359047,6325599,ITC
2017-12-28,178.46826171875,179.96770485147184,177.92300279749654,179.5246934533937,16501935,ITC
2017-12-29,179.42247009277344,179.93364294423228,178.74089909055155,178.9112864408994,6818477,ITC
2018-01-01,178.77496337890625,181.50122561888702,178.05931711081803,179.42245903122296,10863895,ITC
2018-01-02,177.71852111816406,180.0699222881651,177.51404769454197,178.97941536286936,5907460,ITC
2018-01-03,177.9911346435547,179.01348010049526,177.616273922649,178.09337134933128,11443370,ITC
2018-01-04,178.26376342773438,179.08164629541503,177.6162786743775,177.85482739410048,9729737,ITC
2018-01-05,179.18386840820312,179.59280440852643,178.50229760725225,178.50229760725225,9566733,ITC
2018-01-08,181.0241241455078,181.84200707097307,179.4224444000981,179.93361717835873,14989106,ITC
2018-01-09,184.3979034423828,185.38616300957324,180.44481117154652,180.95598400990585,26728897,ITC
2018-01-10,183.6140899658203,186.74929911661158,183.37555200910046,186.3744383268881,17074502,ITC
2018-01-11,183.88670349121094,184.70459724069525,182.72803507999348,183.68223005383987,11722150,ITC
2018-01-12,182.35316467285156,184.94312540793732,181.39899135026923,184.1934039110911,8494789,ITC
2018-01-15,182.38723754882812,184.77272468432923,181.97829072536356,182.65986156419606,10944192,ITC
2018-01-16,178.3660430908203,183.13700783382328,177.75263349244014,182.79623312393522,13433905,ITC
2018-01-17,181.33084106445312,181.97832592630127,176.90066215632908,178.57050347418524,17006334,ITC
2018-01-18,186.34031677246094,187.60122173478345,181.7397514463613,182.65986019141621,27461089,ITC
2018-01-19,187.12416076660156,189.13478755746593,184.77275929290528,188.11244190814094,26700710,ITC
2018-01-22,186.51075744628906,187.7716410225285,185.1817016544906,187.4308663480484,8660321,ITC
2018-01-23,188.52134704589844,188.96438000719473,186.44256986094902,186.7492800031941,18947034,ITC
2018-01-24,191.82696533203125,192.2018477274694,188.1465080029195,188.5554549064306,17971710,ITC
2018-01-25,191.69064331054688,193.01969900200163,189.8844901503436,191.52025598617107,13629982,ITC
2018-01-29,187.87388610839844,193.08787278518741,187.4308746916875,191.62251569869682,9938281,ITC
2018-01-30,187.56716918945312,188.41912748380386,185.35209058463855,187.4308679588212,13560150,ITC
2018-01-31,184.97723388671875,188.11244307130968,183.92080212224653,186.68115051307277,19675610,ITC
2018-02-01,187.63534545898438,197.8588452120461,182.25097151447142,185.38615909668044,61648368,ITC
2018-02-02,187.66937255859375,194.68951111249586,184.5682501025147,187.0218878260965,36356576,ITC
2018-02-05,190.32749938964844,191.9973513120448,185.2839223201145,186.4425690734347,20465290,ITC
2018-02-06,186.40855407714844,188.99849390859436,182.76216072379793,183.9889800125967,16432103,ITC
2018-02-07,187.53311157226562,189.9867498220773,186.74930386443336,189.47556618635411,13455081,ITC
2018-02-08,186.8174591064453,188.72584925927612,185.82919952069167,187.90797702270444,10156564,ITC
2018-02-09,184.94309997558594,185.72690746935,182.52354849591046,184.70456207794945,14751166,ITC
2018-02-12,183.92079162597656,186.64705375239066,183.54593085360497,185.6928587680215,6972242,ITC
2018-02-14,181.63754272460938,184.70460114840805,180.68334773057552,184.02303020969407,11738542,ITC
2018-02-15,182.72805786132812,183.95489863850904,180.47889297149106,181.6375615271637,12188244,ITC
2018-02-16,181.6034698486328,184.53420565788457,181.02414638897326,183.92080688893094,6401588,ITC
2018-02-19,180.0017852783203,182.52358475864676,178.91126747023108,181.29676572506398,6303342,ITC
2018-02-20,179.42247009277344,181.16046210789955,178.67274847057848,179.93364294423228,9659227,ITC
2018-02-21,182.7961883544922,183.30735029413324,179.55874300012928,179.9336037295297,10961665,ITC
2018-02-22,182.04649353027344,183.34146322115075,180.92190037712413,182.11464414536465,19855003,ITC
2018-02-23,183.3755340576172,184.0230188491334,181.36490747282585,182.28501630283168,6780714,ITC
2018-02-26,181.67161560058594,183.68222056224027,181.29675485171884,183.03473577790865,8701511,ITC
2018-02-27,181.56936645507812,182.79618533108132,180.95594621666385,182.65986252226972,7716072,ITC
2018-02-28,180.6492919921875,181.50123955724393,179.28616076751567,180.61521668168493,13969189,ITC
2018-03-01,179.93360900878906,181.36490136326447,179.1498014240183,180.06992102344196,8081243,ITC
2018-03-05,177.3777618408203,179.4565392862048,177.20736369586504,179.4565392862048,6878708,ITC
2018-03-06,174.82186889648438,178.84311133810706,174.14029798756647,177.92299169110927,8495423,ITC
2018-03-07,177.1392059326172,177.5481420232671,172.81125307147775,174.82187981810557,15736814,ITC
2018-03-08,176.42359924316406,178.50237707093555,175.67387750861263,177.4118697842016,6259151,ITC
2018-03-09,176.69618225097656,177.82077539154957,176.01462210561414,176.52579491473952,6345666,ITC
2018-03-12,184.0911865234375,184.60237014350815,179.21798548194212,179.93363174962647,20666810,ITC
2018-03-13,183.64817810058594,185.38615923537586,182.1146488163135,183.78447933426426,8647577,ITC
2018-03-14,182.69395446777344,183.3755253319795,180.81963999141325,182.69395446777344,8211627,ITC
2018-03-15,180.99005126953125,183.95487286397952,180.75150252975283,181.9783107337956,5771710,ITC
2018-03-16,177.54812622070312,181.56937935604952,176.42354397119783,181.56937935604952,21477001,ITC
2018-03-19,176.6280059814453,178.7067830235835,176.04867184172477,177.58220084677026,13423983,ITC
2018-03-20,176.66212463378906,177.1732974941005,175.5034560700288,175.94647830918692,7769207,ITC
2018-03-21,176.55987548828125,178.33195351990918,176.32132673018546,177.2414464543877,13418488,ITC
2018-03-22,176.04867553710938,178.19561402915627,175.7419654094971,177.20733304045876,8319663,ITC
2018-03-23,174.4810791015625,176.38946895872778,173.62912088681563,174.4810791015625,11616470,ITC
2018-03-26,175.912353515625,177.20732295742556,172.09557419138164,172.36820900055073,12981125,ITC
2018-03-27,176.45762634277344,177.548133331536,175.09449530692368,176.3894757312086,9107151,ITC
2018-03-28,174.14027404785156,176.49168580007137,173.35647733071977,175.84419028548885,12743051,ITC
2018-04-02,176.01463317871094,176.49173071068603,174.10624305081058,175.1626748431004,7299774,ITC
2018-04-03,176.18499755859375,177.20734310788976,175.50342665878736,175.84421210869056,5294559,ITC
2018-04-04,176.25314331054688,177.07101535715913,175.23078705166265,176.8665527457124,8716184,ITC
2018-04-05,176.9688262939453,177.20736425689117,174.1403164425495,174.1403164425495,9464602,ITC
2018-04-06,177.78672790527344,178.57053574322774,177.24147967053713,177.54817910247215,6333848,ITC
2018-04-09,181.16046142578125,181.7057095851736,177.82078944846518,177.9911767981715,9572467,ITC
2018-04-10,181.7738800048828,183.13700038985922,180.68336209607156,181.53532043699312,15248015,ITC
2018-04-11,180.7174072265625,182.35316221578523,179.52467438878563,181.91015086475264,5433736,ITC
2018-04-12,178.53640747070312,180.71742149548209,178.16154669773306,180.68334618896137,6360898,ITC
2018-04-13,177.71852111816406,179.5928248333224,177.20733755910885,179.25203939409,5183544,ITC
2018-04-16,180.24034118652344,180.54705137569363,177.20736860666668,177.54815410560627,5412918,ITC
2018-04-17,182.38723754882812,182.93248557956403,179.0475663595392,180.88779466389178,13716437,ITC
2018-04-18,187.66937255859375,190.08894578098628,182.65986040621218,183.1369578302878,24733011,ITC
2018-04-19,189.0325164794922,190.83866949209275,187.60122419021482,188.9643658754767,13317329,ITC
2018-04-20,188.2487335205078,190.32751082153698,186.40851576593283,188.11243229467243,11206130,ITC
2018-04-23,187.77166748046875,188.9303360982892,187.4308927579718,188.11246380379748,12198602,ITC
2018-04-24,188.11245727539062,190.05491200770786,187.19232667508462,188.11245727539062,8774762,ITC
2018-04-25,186.8174591064453,188.31690234057515,185.8632640300299,187.77165418286071,5118640,ITC
2018-04-26,189.64593505859375,190.2252692557059,186.0677147595624,187.12414643660057,21064135,ITC
2018-04-27,190.42974853515625,191.4861802446207,189.74817759993775,190.5660713625313,10107682,ITC
2018-04-30,191.82696533203125,193.46273134524628,190.56608171425438,190.56608171425438,6146923,ITC
2018-05-02,195.78004455566406,196.76830398469824,191.00906993017435,192.26997499565954,16690653,ITC
2018-05-03,194.2465362548828,197.44989601752263,192.9174804383802,195.95045286061284,9727173,ITC
2018-05-04,188.896240234375,195.60969200831798,188.01021736128916,195.60969200831798,11324148,ITC
2018-05-07,192.37222290039062,193.1560089480968,188.72583031003143,189.68002529063975,6725168,ITC
2018-05-08,192.6789093017578,194.89400939641806,192.20183341762012,192.9856194565559,6842664,ITC
2018-05-09,192.40628051757812,193.56494889552266,191.86103243413152,191.86103243413152,4376684,ITC
2018-05-10,190.94090270996094,193.53084162348375,188.99842692399386,192.84929239413037,5890656,ITC
2018-05-11,193.326416015625,193.5649539580614,190.66830453826785,192.13366150095925,4042002,ITC
2018-05-14,194.11021423339844,195.8141308462505,192.2018457717007,192.88339513617814,6728839,ITC
2018-05-15,192.09957885742188,194.92807739814359,191.31577129045715,194.14426983117886,8077078,ITC
2018-05-16,194.82583618164062,196.83646260650437,190.53195931510837,190.80458333191316,18758524,ITC
2018-05-17,190.123046875,196.76832598905582,189.78227219256812,196.29122847315364,11169294,ITC
2018-05-18,192.40628051757812,194.62138055771754,188.11242485940195,189.85040582549144,16016090,ITC
2018-05-21,192.44036865234375,193.56495093662107,189.81634332236328,192.40628254645864,8909610,ITC
2018-05-22,189.98672485351562,192.9515463494057,189.5096273898187,192.20182484942865,4913188,ITC
2018-05-23,186.37442016601562,190.42973784172435,186.03364551795644,190.1571138031116,8195839,ITC
2018-05-24,187.32861328125,188.6576689570893,185.21575000149858,186.74927910451729,6524303,ITC
2018-05-25,189.2737274169922,191.15048691253565,186.80615866586456,189.34325253018147,9600297,ITC
2018-05-28,191.3590087890625,192.88820873202005,189.3432432252091,190.455380627541,7266559,ITC
2018-05-29,190.49014282226562,193.06197708242235,189.37798339253405,191.01144896755963,9171106,ITC
2018-05-30,188.99569702148438,190.24686270161888,188.12683135390478,189.41275959136388,8313920,ITC
2018-05-31,188.82191467285156,189.5517520879885,187.3969803678922,189.20421465782852,13721531,ITC
2018-06-01,187.6402587890625,188.85668389658176,187.04942751332516,188.474383898105,6862252,ITC
2018-06-04,186.91041564941406,189.03044685442046,185.9372844048699,187.84878433897362,8291604,ITC
2018-06-05,185.93728637695312,187.57075197701226,185.48546127537102,186.97992071302238,6011246,ITC
2018-06-06,187.95306396484375,188.47439218090588,186.1458295316686,186.28483570294907,7577818,ITC
2018-06-07,188.4048614501953,189.27372709806548,187.74452708253452,188.02256144631258,7059595,ITC
2018-06-08,186.21534729003906,188.71767886529875,185.58975338147118,188.43964447132612,7030323,ITC
2018-06-11,187.15371704101562,188.99571418593354,186.3891169464655,186.63241081082563,8903144,ITC
2018-06-12,187.8488006591797,190.87246029095752,187.15370370561527,187.18846626362003,8774931,ITC
2018-06-13,186.18057250976562,188.92619776798347,185.7287694029024,188.71766647881444,8118945,ITC
2018-06-14,185.76353454589844,186.91043462278307,184.89466884860664,185.24220631572146,9522749,ITC
2018-06-15,183.8520050048828,186.1110533888274,183.22642220602506,185.93728467265908,11231098,ITC
2018-06-18,183.8867645263672,184.5470988941687,183.15691606023046,183.81725042803197,6522996,ITC
2018-06-19,184.92938232421875,185.6939822636215,182.5660684139053,184.1300308461388,7618626,ITC
2018-06-20,183.33070373535156,185.58974130039056,182.84413807019627,185.20744127987598,9907628,ITC
2018-06-21,181.31495666503906,184.06057135960012,181.00217069464807,183.7825369381961,7412366,ITC
2018-06-22,184.30380249023438,185.45071343235958,180.7240745216866,181.10638551222897,17468481,ITC
2018-06-25,182.53134155273438,184.47760421779617,180.55032734429713,184.30382447141434,14142177,ITC
2018-06-26,184.06053161621094,184.99892236902338,182.2185457110759,182.42706597472701,10475574,ITC
2018-06-27,182.6356201171875,184.1995828714966,181.76675436807201,184.13006876507603,10423520,ITC
2018-06-28,181.07162475585938,183.5044528211851,180.0289904505775,182.11427007589228,15200725,ITC
2018-06-29,185.03366088867188,185.9720296018024,180.9326155513292,181.97526091728167,11327082,ITC
2018-07-02,182.8441162109375,185.65924422067627,180.75883661167734,185.5897191128913,18794988,ITC
2018-07-03,184.51235961914062,185.41597686906206,181.52346247230219,183.1569282368822,10784961,ITC
2018-07-04,183.78250122070312,185.10316997308175,182.25330118542183,185.10316997308175,8184810,ITC
2018-07-05,189.4127655029297,190.31637172653143,183.15692589226072,183.9215259412336,16069118,ITC
2018-07-06,189.5170135498047,190.97671042488628,187.7792823217794,189.58651663066496,13434995,ITC
2018-07-09,190.7333984375,191.84555777288656,189.20419862715642,191.15046094195753,10158808,ITC
2018-07-10,192.57542419433594,192.88822111989396,189.829821037559,191.49802724819415,11928591,ITC
2018-07-11,191.67178344726562,194.83447099424643,190.2816116959302,192.43640544737815,11800272,ITC
2018-07-12,192.6796875,193.34002187072468,189.96882490370652,191.67179365081248,10284221,ITC
2018-07-13,187.95306396484375,193.44429237951357,187.1189608486485,193.2357610930887,19306087,ITC
2018-07-16,188.78713989257812,189.96880232580398,187.46647130809097,187.8835338208768,10676970,ITC
2018-07-17,187.5707550048828,189.76028934892318,187.18845500783604,188.40485808130222,10419746,ITC
2018-07-18,186.66714477539062,188.57864494452494,186.00681035600834,188.43963876649985,7321779,ITC
2018-07-19,189.96881103515625,190.8724391777865,185.068414403262,186.91041121318005,9301711,ITC
2018-07-20,190.45538330078125,191.0114520097522,188.1268207987748,189.93405511768177,6825663,ITC
2018-07-23,197.51058959960938,199.24832097550362,192.64493293530364,194.2783986662839,27059765,ITC
2018-07-24,198.55320739746094,199.4915981231302,197.09351052036703,197.75386689270925,12577993,ITC
2018-07-25,198.90077209472656,199.45684081601192,196.8502439017957,197.5800813447948,13814116,ITC
2018-07-26,199.630615234375,202.3762404220132,197.54534645529822,199.49160906483863,21495638,ITC
2018-07-27,210.30027770996094,213.49770569910868,205.05232165774535,208.52778398992743,78783846,ITC
2018-07-30,209.2576141357422,211.03010779435724,208.5277767642543,209.91797046075644,17738557,ITC
2018-07-31,206.9290771484375,209.46614874234277,205.4346177993276,209.0491082503249,15124149,ITC
2018-08-01,209.63992309570312,210.57831379439375,205.81692331048893,207.17235451242888,15187911,ITC
2018-08-02,207.97174072265625,210.9606378124628,206.65104989494785,208.87534694058328,10226827,ITC
2018-08-03,211.27342224121094,212.28129404454558,207.24186893936258,208.52779713275842,12950643,ITC
2018-08-06,209.77896118164062,213.32392678879214,208.52779555385166,212.00325807876575,7979881,ITC
2018-08-07,209.29238891601562,211.44718266263357,208.35402023227977,210.5783170589331,7465742,ITC
2018-08-08,209.18814086914062,210.196034747155,208.52780647952966,208.70157520897922,6690368,ITC
2018-08-09,210.26551818847656,211.72521503258506,208.56254955176775,209.7441900193299,9576528,ITC
2018-08-10,211.86419677734375,213.32389345324518,209.32712539185994,209.91795657230813,15347074,ITC
2018-08-13,212.66360473632812,213.94953299437802,210.7173420850648,211.30817339202005,10341087,ITC
2018-08-14,214.01904296875,215.61776821067247,213.28920546578894,213.3934711132841,12790249,ITC
2018-08-16,213.70623779296875,214.43609729731617,212.07277208448255,214.01903472340337,19393491,ITC
2018-08-17,218.0852813720703,219.16267810104603,213.9494851772276,213.9494851772276,26392504,ITC
2018-08-20,217.77252197265625,218.95418452574802,216.38235017152175,218.3981158052942,19958265,ITC
2018-08-21,217.4945068359375,220.34439783178487,216.86893497751086,218.60666640464788,14143291,ITC
2018-08-23,216.8689422607422,219.92734262577363,213.63675112355637,218.2591142314356,11745180,ITC
2018-08-24,215.75677490234375,216.8689344684435,213.3934716223276,216.1738374933193,5655583,ITC
2018-08-27,217.842041015625,218.84991278967968,215.8262534085104,216.31281903272728,5482067,ITC
2018-08-28,216.62562561035156,219.51025692929716,216.17382252109007,218.25909127253155,6864300,ITC
2018-08-29,217.4249725341797,219.2669693448733,215.4787100904655,216.66037257836368,10748094,ITC
2018-08-30,222.32537841796875,222.8467066047613,217.91154721130255,217.91154721130255,25934792,ITC
2018-08-31,222.32537841796875,224.23687838703654,220.48338153063898,223.81983786710543,18781195,ITC
2018-09-03,217.7030029296875,224.48015880556758,216.2085655993405,224.48015880556758,9463966,ITC
2018-09-04,215.20069885253906,217.0079333031085,213.39346440196962,216.86892713049014,11615187,ITC
2018-09-05,215.6525115966797,218.57190570620415,214.9574146140064,215.75677724555592,10529696,ITC
2018-09-06,216.0347900390625,216.69512439627178,214.1232900499032,216.45185259288021,7902786,ITC
2018-09-07,215.79151916503906,217.7030191624308,214.1580535282222,216.59088172013134,7465327,ITC
2018-09-10,213.0806121826172,216.00000540417864,212.38551541136468,215.61770548441453,10006954,ITC
2018-09-11,206.58152770996094,213.21965567499242,205.43462774973318,213.15015259453992,27008217,ITC
2018-09-12,213.2544403076172,213.81050906781056,205.33038337159454,206.96384912310313,20171661,ITC
2018-09-14,213.49774169921875,214.54037616878261,212.03804463002712,213.3934760493118,13317349,ITC
2018-09-17,209.9180145263672,212.76788356408449,209.57045501453206,212.00328347935516,6049990,ITC
2018-09-18,210.78688049316406,211.93378062151746,208.04125507352603,210.0570209381628,8515415,ITC
2018-09-19,208.2845458984375,212.45508374819067,207.1376237572994,211.65574314370772,6387203,ITC
2018-09-21,211.27342224121094,213.11541915572266,208.8058314933164,208.8058314933164,16966413,ITC
2018-09-24,207.10284423828125,212.94160934643938,203.3145851094071,212.00324070985172,15009283,ITC
2018-09-25,209.32716369628906,210.16126679393545,203.21034155837108,206.373007253472,13785151,ITC
2018-09-26,203.7664337158203,210.6130940976064,201.40313031937694,210.6130940976064,20657879,ITC
2018-09-27,203.87066650390625,205.12183210727292,201.22932913541146,204.0096946951704,12550275,ITC
2018-09-28,206.96385192871094,208.52781461377268,202.8280546707623,205.0523517711933,25554548,ITC
2018-10-01,206.51202392578125,210.57831760518803,203.94016763327474,209.11862074364439,9373133,ITC
2018-10-03,205.19134521484375,208.52777928548687,204.8090232186072,206.4425107450226,7861709,ITC
2018-10-04,199.56109619140625,205.53888971154072,198.20566498454426,204.25296158388898,8417940,ITC
2018-10-05,192.193115234375,198.79650277319988,191.21998397540077,198.44894330670746,18301682,ITC
2018-10-08,189.8993377685547,194.20890383330553,187.08420929524348,193.93086944488664,17063274,ITC
2018-10-09,186.6323699951172,191.4980038936604,186.11104184943343,191.4980038936604,10946626,ITC
2018-10-10,187.74452209472656,188.4743815560693,185.728756488761,187.60551593128227,11921765,ITC
2018-10-11,184.3385772705078,187.18845701572235,183.26118035013656,184.1995600896134,11018554,ITC
2018-10-12,191.2895050048828,192.9924958826245,185.79827640230812,185.93730460785014,13942941,ITC
2018-10-15,196.3636932373047,197.12829329475358,191.84559598069623,193.8961023004883,18623988,ITC
2018-10-16,196.4679412841797,197.23254127313413,192.08885059602906,196.71121308543655,12325066,ITC
2018-10-17,199.10928344726562,202.72377423282478,195.70334597127155,197.33681162574922,15896854,ITC
2018-10-19,201.19456481933594,202.654261682072,197.9276336629991,198.10140237843146,8341467,ITC
2018-10-22,200.53424072265625,203.73166896198745,199.70011559878506,202.96706895144126,12965700,ITC
2018-10-23,198.79652404785156,202.41099308556392,197.09353314764584,198.79652404785156,11261603,ITC
2018-10-24,200.0128936767578,201.3335622924605,199.03976247692378,200.67322798460916,9024700,ITC
2018-10-25,199.87388610839844,201.2293172679009,197.75385501579214,198.7964892855245,9953333,ITC
2018-10-26,195.25152587890625,201.43785120890502,191.84558831526957,201.36834812359717,22302628,ITC
2018-10-29,197.05877685546875,198.2751799473128,193.89608916356798,195.94661737393685,11779416,ITC
2018-10-30,193.89608764648438,197.30204711830362,193.23575328582115,196.8850065918077,7110853,ITC
2018-10-31,194.69546508789062,195.32105896971967,189.65603959245277,194.31316505883012,14021856,ITC
2018-11-01,192.8187255859375,195.87712578803936,191.01146907605482,194.62596006631543,9816770,ITC
2018-11-02,196.885009765625,198.7617472388682,193.44428768217307,193.44428768217307,12093152,ITC
2018-11-05,194.34793090820312,198.27519691227332,193.5138057183083,198.27519691227332,7665505,ITC
2018-11-06,192.74916076660156,195.91184799269516,191.91505780042863,195.39051987039943,10142476,ITC
2018-11-07,194.66073608398438,195.3210705342308,193.79187032744827,195.3210705342308,994001,ITC
2018-11-09,192.71444702148438,194.41741574176893,191.77605627096744,193.93085010318717,15613827,ITC
2018-11-12,190.35113525390625,193.37479493628456,189.9340726688872,193.09676055610683,7318920,ITC
2018-11-13,192.4364013671875,193.1662387674762,189.86454513011822,190.4206138188622,6958821,ITC
2018-11-14,192.15835571289062,193.51378698575564,190.9071900786693,193.30527773797144,7182329,ITC
2018-11-15,190.80294799804688,194.10464222724318,190.1078730272737,192.43643586198044,12621945,ITC
2018-11-16,192.22787475585938,193.44427779562676,191.32424659264484,191.70654657910052,13122152,ITC
2018-11-19,197.75387573242188,198.10141318224012,192.19312232880438,192.78395361709832,17364041,ITC
2018-11-20,197.30201721191406,199.2482794722313,195.8770830675746,198.10137964658006,8096904,ITC
2018-11-21,195.8423309326172,197.96236200118165,194.62592796997404,197.75385277320083,5867663,ITC
2018-11-22,194.97349548339844,197.7538833064486,194.3479236438653,196.01615193179452,6937634,ITC
2018-11-26,198.55320739746094,199.03977302315892,195.11250749184845,195.49480748136097,9292657,ITC
2018-11-27,197.99717712402344,199.1093147532085,196.57224252556497,198.86604290788938,7146777,ITC
2018-11-28,196.1551513671875,200.15194220340138,195.1820200684485,198.3794483315189,9197861,ITC
2018-11-29,199.87388610839844,201.09028908483594,197.02399560632853,197.1630237893935,14183469,ITC
2018-11-30,198.65745544433594,201.57684894003802,197.96235860781152,201.22931153652618,8972623,ITC
2018-12-03,196.6764678955078,201.22932719509555,196.39843354516307,199.66536469859176,8895477,ITC
2018-12-04,195.91183471679688,196.91970631227022,195.28624101243517,195.32100356139927,6548740,ITC
2018-12-05,191.39373779296875,195.8770937462994,190.59439734422466,195.32102507860756,11894383,ITC
2018-12-06,189.79505920410156,191.08098743885176,188.7176622538518,190.80293103984852,10055005,ITC
2018-12-07,190.49014282226562,191.98458020751136,189.9688146474692,191.11571460251892,8415885,ITC
2018-12-10,187.98779296875,189.27369895634354,187.0841648986976,189.06516770713912,6940479,ITC
2018-12-11,190.94195556640625,191.880324299104,186.42385859732053,186.56286476464427,10633126,ITC
2018-12-12,191.8803253173828,193.02722533665616,189.48225963803827,191.63705350852348,10473073,ITC
2018-12-13,191.3590087890625,194.20887740466478,190.1078431966879,193.9308430540818,16430755,ITC
2018-12-14,191.67178344726562,192.71443979764524,190.38587733096816,190.69867423608204,8925774,ITC
2018-12-17,194.5216827392578,195.59907966289222,191.7760576103345,192.54065761494536,12703296,ITC
2018-12-18,193.3400115966797,195.0430022827927,192.54064907114707,193.9656054069667,9172963,ITC
2018-12-19,197.0239715576172,197.40627147750564,193.58327227862114,193.93080964961112,13639278,ITC
2018-12-20,196.4679412841797,197.68434434947002,195.32104130074802,195.32104130074802,5155693,ITC
2018-12-21,192.36688232421875,197.40630729491912,191.88031669885106,196.71121039732205,7079146,ITC
2018-12-24,191.84559631347656,195.11252784269874,191.32426807817305,193.82659954862,8869498,ITC
2018-12-26,192.2974090576172,193.79186872063107,191.01148069916397,192.08887775305655,8821251,ITC
2018-12-27,195.14724731445312,195.7728411293119,192.74918174983296,193.9308442693423,11881735,ITC
2018-12-28,196.18991088867188,197.4063139785236,194.0351170420167,194.0351170420167,13702437,ITC
2018-12-31,195.77284240722656,197.30204236974873,195.39054241659602,196.5722049438187,5662393,ITC
2019-01-01,196.50267028808594,197.09350152299777,194.48690479635817,196.155132869668,2586466,ITC
2019-01-02,195.04299926757812,196.8849960856108,192.92296810355023,196.18989920587168,10316782,ITC
2019-01-03,193.82659912109375,196.3289305860213,193.06199906400505,195.0430243242839,6350450,ITC
2019-01-04,195.28628540039062,196.6764792619597,194.03511973677993,194.03511973677993,8105747,ITC
2019-01-07,195.77284240722656,198.27517362399058,195.3210393354367,197.61483927921992,10133320,ITC
2019-01-08,197.580078125,198.4489437489129,195.5643125210624,196.01613762555908,7768619,ITC
2019-01-09,201.85491943359375,202.7585476859219,197.82338790075363,198.5184848618134,12651287,ITC
2019-01-10,201.298828125,204.14869670771765,200.8122625097187,202.09819064214125,10684824,ITC
2019-01-11,205.2956085205078,205.74743363692764,202.61950849649756,202.89754285994636,17419014,ITC
2019-01-14,204.56578063964844,204.91331810284123,201.5768835558751,204.70480884262827,6646635,ITC
2019-01-15,206.12973022460938,206.72056149821128,204.35723640380363,205.22610203624708,7490965,ITC
2019-01-16,204.39198303222656,206.12971416169864,202.75851753288296,205.74741419439482,8083821,ITC
2019-01-17,204.322509765625,205.4694098348672,201.68115013283696,204.426753381461,11009380,ITC
2019-01-18,202.58477783203125,205.12184978307874,202.02868704855774,203.83594354321363,11418250,ITC
2019-01-21,201.50738525390625,203.80118543625554,200.67326007523013,203.55789158263997,8519267,ITC
2019-01-22,201.4031219482422,202.2719876664619,198.205693461653,201.4726250374383,10727385,ITC
2019-01-23,192.74916076660156,204.63524368944175,191.15045790739507,202.6194783323987,41735950,ITC
2019-01-24,193.86135864257812,196.9545213812498,193.131499126198,194.13939301993568,29105831,ITC
2019-01-25,194.06988525390625,196.50269150450558,193.58331959788555,194.62595399521442,9240591,ITC
2019-01-28,190.97671508789062,194.24364635162516,190.5944150895707,193.86134635330524,9338450,ITC
2019-01-29,193.54856872558594,193.9308687620039,190.9767341196383,191.35903415605628,7267917,ITC
2019-01-30,191.498046875,194.76497857587108,190.59444059233718,194.69547548401383,10852162,ITC
2019-01-31,193.68759155273438,194.34792595824575,190.17736620351013,192.19313197857298,15937442,ITC
2019-02-01,195.21678161621094,198.24041910855163,194.00035648432356,195.07775341875103,19060690,ITC
2019-02-04,192.61019897460938,195.9466336371156,191.8803394353233,195.9466336371156,6289877,ITC
2019-02-05,190.55966186523438,193.09675581260063,189.41276181411098,192.78395888152033,10205529,ITC
2019-02-06,193.0272216796875,193.5137873176917,190.83768732342025,191.15048423988793,8409442,ITC
2019-02-07,194.83447265625,195.32103828074358,192.5406506953502,193.1662445109145,6177040,ITC
2019-02-08,191.498046875,195.4600755829621,190.87247498927238,194.27841287385797,4575570,ITC
2019-02-11,192.61019897460938,193.3747990437151,186.5976420407279,191.7065706977093,10335615,ITC
2019-02-12,191.3590087890625,194.97347737614356,190.87244316816668,192.57541182655078,7624089,ITC
2019-02-14,193.166259765625,194.7649629269265,192.54066590065634,192.54066590065634,10378675,ITC
2019-02-15,194.69546508789062,195.28629641089418,191.42853356146338,193.9308650297696,38998388,ITC
2019-02-18,190.94195556640625,196.32891818452785,190.38588683810417,193.7918463505857,42232590,ITC
2019-02-19,191.7760467529297,194.0698686664009,190.45537809782667,190.45537809782667,35777932,ITC
2019-02-20,191.7413330078125,192.88823310998035,190.62917343541915,192.71446437259223,6208106,ITC
2019-02-21,191.18521118164062,192.36687365132994,190.59440197629763,191.77604241648527,7264425,ITC
2019-02-22,190.66392517089844,191.81082520795792,189.82982206108355,191.56755339532592,9100951,ITC
2019-02-25,192.3321533203125,192.64492821789094,189.76029684808472,190.80293124218875,31204722,ITC
2019-02-26,191.498046875,192.54068137088348,190.49017493979824,191.11574682552586,12233273,ITC
2019-02-27,191.21998596191406,193.8613454107847,190.38588288677218,191.8455797903978,13634026,ITC
2019-02-28,191.8803253173828,192.7491909710296,190.6291596573116,192.7491909710296,44873000,ITC
2019-03-01,193.37477111816406,193.93083981002815,192.01933991330654,192.15834607152152,9170950,ITC
2019-03-05,196.3984375,197.40630928660718,191.88031863478585,194.6259436976697,14103324,ITC
2019-03-06,198.6227264404297,201.0207919404345,197.92762956359448,198.10139827542775,20817638,ITC
2019-03-07,201.64639282226562,202.27198671059003,198.692258206081,199.28308953521895,14837761,ITC
2019-03-08,202.96705627441406,203.66213112822192,200.46470308859742,201.7853937757372,13169854,ITC
2019-03-11,203.62741088867188,204.9828422358293,202.3414826279187,203.6621514171218,15287916,ITC
2019-03-12,204.7047882080078,205.50412869867714,203.76639749887067,204.35722875034514,14686757,ITC
2019-03-13,204.9828338623047,206.44253079419227,204.46150566180788,205.05233694586977,11496644,ITC
2019-03-14,205.39984130859375,205.74740072944329,201.8896387556631,205.3303382362238,10503481,ITC
2019-03-15,202.13294982910156,206.12974075431026,201.12507798050393,205.71267817999166,22219476,ITC
2019-03-18,204.04443359375,204.4962586896285,202.48049312414,202.96705874543048,9519926,ITC
2019-03-19,208.14547729492188,208.52777725793987,203.90541514890356,204.77428070389914,16363247,ITC
2019-03-20,207.76321411132812,209.8832455596373,206.1644888706002,208.52781417271797,16221492,ITC
2019-03-22,207.2766876220703,208.52785359812458,206.12978731314632,208.52785359812458,8378083,ITC
2019-03-25,205.0870819091797,206.4425130846934,203.80115381126882,206.4425130846934,8324586,ITC
2019-03-26,203.940185546875,205.99071384412125,202.3067198265614,205.05234507552723,11178168,ITC
2019-03-27,203.73165893554688,206.2339901250037,202.68900258202112,204.35723071815983,8757278,ITC
2019-03-28,208.52780151367188,209.91799537517113,203.6621450279282,204.42674504290167,18436077,ITC
2019-04-01,206.61630249023438,207.9717338015218,206.12973683927214,206.4425337640701,6442182,ITC
2019-04-02,207.06808471679688,208.5277815225821,204.80902541580747,206.72054729949156,10228747,ITC
2019-04-03,205.8516845703125,207.83268752942084,205.15658769659836,207.1375906557067,9413878,ITC
2019-04-04,204.91331481933594,206.65104616646374,204.1834773465241,205.74743996483994,7233298,ITC
2019-04-05,204.7395477294922,206.02547598610212,203.41887894454425,205.0871072194025,8107661,ITC
2019-04-08,203.48837280273438,205.05233536264586,202.75853535717746,204.80904152779132,5492542,ITC
2019-04-09,205.95596313476562,206.2339974958086,203.14083493863836,203.31460366060233,6413515,ITC
2019-04-10,204.8437957763672,206.1297239225092,204.00969272534402,205.78216446245605,5540095,ITC
2019-04-11,206.02548217773438,206.75531967832228,203.6621568815354,204.73955388247876,11179559,ITC
2019-04-12,212.52456665039062,213.6714665341974,205.46937661374494,206.19921398362163,22658578,ITC
2019-04-15,212.350830078125,215.47875567139778,211.55148942854967,214.0190585298376,13098155,ITC
2019-04-16,213.53245544433594,215.44395540367833,212.80261801604257,213.25442108929548,10121522,ITC
2019-04-18,211.58619689941406,214.2623189222067,210.99536562280412,214.2623189222067,9178504,ITC
2019-04-22,209.77896118164062,212.35079551945594,209.25763299110227,211.20389552977466,6929432,ITC
2019-04-23,210.89111328125,211.86422248710497,209.60518514249168,210.02224768035973,7784732,ITC
2019-04-24,213.01116943359375,213.5324756375296,207.48517827714159,210.8911380001096,11888770,ITC
2019-04-25,211.4124298095703,215.33971749858114,209.91799235796708,213.56722365507164,24135743,ITC
2019-04-26,211.6904754638672,212.9764037343892,210.30030357769905,211.7252380220856,4834044,ITC
2019-04-30,209.46617126464844,213.775759038388,208.18026506753594,211.69046823607744,11593138,ITC
2019-05-02,212.00326538085938,213.04589976834475,208.94486530303456,209.29240275569506,7781859,ITC
2019-05-03,211.48193359375,213.7062305298486,210.82159922716662,211.48193359375,6112578,ITC
2019-05-06,213.3934326171875,213.74097002647238,209.04910485362103,211.30814207297493,6997113,ITC
2019-05-07,209.84844970703125,215.1311682396893,209.1186123204083,214.26230266873256,8989234,ITC
2019-05-08,208.9796142578125,210.89113641304,207.58944236160715,208.52781114523384,8179360,ITC
2019-05-09,208.42355346679688,209.43144740589145,205.99072501855622,208.11075651712903,10617358,ITC
2019-05-10,206.96385192871094,208.84061155668604,206.37302060193184,208.52781461377268,7170576,ITC
2019-05-13,201.0902862548828,210.96060419904657,199.97814892401982,205.12181712351273,37262425,ITC
2019-05-14,204.6005096435547,207.31137190629505,200.77748802788193,202.2719473394315,21959611,ITC
2019-05-15,206.4772491455078,208.04121154952477,202.96704640417104,206.82480858501222,18583184,ITC
2019-05-16,204.87855529785156,206.44251777117904,203.83592099213394,206.44251777117904,7637614,ITC
2019-05-17,209.50091552734375,210.1612498467531,205.12182505144213,205.12182505144213,11626049,ITC
2019-05-20,213.3934326171875,213.7757325792013,209.98747348229108,213.28916698850182,11437612,ITC
2019-05-21,212.62884521484375,215.47871382141122,212.21178267554026,213.39344518389856,10923996,ITC
2019-05-22,212.50228881835938,214.66452922116991,210.41093528190723,214.20373088768514,14266773,ITC
2019-05-23,204.31410217285156,216.6495164454601,203.46339246953752,216.22415035975263,32589058,ITC
2019-05-24,205.90919494628906,206.75990461828707,203.67604554663177,206.65356310077482,11298665,ITC
2019-05-27,206.19276428222656,208.10686665609748,204.91668854361265,206.47633417212967,9371741,ITC
2019-05-28,204.81033325195312,207.00802783602208,204.24319351028967,206.86623166655698,16199349,ITC
2019-05-29,204.2432403564453,206.79539224740245,203.88876108552685,204.7394933612483,7534947,ITC
2019-05-30,204.6331329345703,206.33455239272692,204.38499522102566,204.88124818001342,8989691,ITC
2019-05-31,197.472900390625,206.65356852272154,196.69307755380837,205.12937751188926,27294002,ITC
2019-06-03,197.472900390625,199.56425366576988,195.1688865429761,199.49336680826855,20323304,ITC
2019-06-04,197.96914672851562,200.02504527231036,197.65014464634564,197.9691467285156,14384170,ITC
2019-06-06,195.48788452148438,198.78442664527515,195.16888243539185,198.78442664527515,11071548,ITC
2019-06-07,195.1334228515625,196.23227019844362,194.38905471198797,196.23227019844362,7995725,ITC
2019-06-10,198.07550048828125,198.89077801110747,196.3031717235902,197.2956776292653,8947150,ITC
2019-06-11,198.39453125,199.49337871329877,197.9337329465916,199.1388994684368,8787243,ITC
2019-06-12,198.4654083251953,199.49336887607268,197.26021939467728,199.49336887607268,8565517,ITC
2019-06-13,198.9262237548828,199.4579088795881,197.47289715724767,197.72103485659036,7475823,ITC
2019-06-14,197.1184844970703,198.85535890855593,196.48043524299072,198.85535890855593,8212601,ITC
2019-06-17,194.95620727539062,197.68558725707095,194.56629584943627,197.68558725707095,10398919,ITC
2019-06-18,195.027099609375,196.97665679387774,194.2472767355739,195.7714902867953,14378973,ITC
2019-06-19,196.515869140625,197.7210581810896,195.38158943296625,195.4524762976692,9394923,ITC
2019-06-20,196.3740692138672,197.04757305411513,195.20433486201938,196.3740692138672,10973042,ITC
2019-06-21,194.4245147705078,196.1259567923759,193.71557872238753,196.1259567923759,19311989,ITC
2019-06-24,195.84239196777344,196.7285564339796,194.42451983460217,194.42451983460217,9279182,ITC
2019-06-25,197.43743896484375,198.50083154232857,194.42446711585654,194.99160682810214,12856683,ITC
2019-06-26,196.6576690673828,197.5792657303062,195.91327833552572,197.40203733113657,7707084,ITC
2019-06-27,193.89283752441406,197.22481237209354,193.39658451722113,197.04758396983257,24205884,ITC
2019-06-28,194.1409454345703,195.27524760862866,193.18389412415752,194.318173830113,8775151,ITC
2019-07-01,194.92076110839844,195.84238018632752,194.35362127648918,194.53084966544807,5236646,ITC
2019-07-02,194.1409454345703,195.41702133782167,193.68014711253878,195.2043382759293,10360661,ITC
2019-07-03,196.16140747070312,196.7640019759496,192.93575188754815,194.45996548342495,18818695,ITC
2019-07-04,196.83489990234375,197.26024357199373,195.09800315191902,196.69310370039136,10071080,ITC
2019-07-05,198.11094665527344,199.81238848747174,189.99367137516725,196.83487089814977,38474130,ITC
2019-07-08,196.6930694580078,200.55675128836316,195.5233352509286,198.60719427656448,12637923,ITC
2019-07-09,193.60923767089844,196.76398362884922,192.93573389740985,196.33861755466702,8003290,ITC
2019-07-10,193.64468383789062,195.1334427368529,191.9432418864906,193.92825375177364,8477115,ITC
2019-07-11,195.4170379638672,196.3032024850782,193.9637335414263,194.24730349204125,8727346,ITC
2019-07-12,194.99163818359375,195.98414407367142,193.60924333823658,195.23977589016363,10872126,ITC
2019-07-15,192.08502197265625,195.3815640728482,191.80145208254834,194.95619800363633,8865479,ITC
2019-07-16,192.79397583007812,193.36111566294457,191.83690208550112,192.12049447003642,6602372,ITC
2019-07-17,193.4674530029297,193.64468138835196,191.90780726225108,193.14842842830862,6536611,ITC
2019-07-18,193.538330078125,195.02708888298295,193.04207714317235,193.50289788369298,9447100,ITC
2019-07-19,190.2063751220703,194.42451426549047,189.99369206137638,194.31817273514352,8294444,ITC
2019-07-22,187.4415283203125,190.13547613719822,187.15795841349842,189.9936799497405,14037538,ITC
2019-07-23,191.87234497070312,192.61673561522824,187.86688925335602,188.22134601011035,14951457,ITC
2019-07-24,192.01414489746094,193.78647365198452,189.9227915747788,191.62423347018978,12537555,ITC
2019-07-25,189.88734436035156,193.1838867577756,189.21386300210847,192.12049395696536,18350433,ITC
2019-07-26,191.69512939453125,192.1204955055248,189.21386452723942,190.52539505740128,4972441,ITC
2019-07-29,189.81646728515625,192.2268453948308,188.93030282744115,191.41156780266402,5738104,ITC
2019-07-30,190.6317138671875,191.48242351969157,188.96572675513818,189.99366477673482,13743007,ITC
2019-07-31,191.55332946777344,192.19137862182697,188.57583415316228,190.4190498180362,14175457,ITC
2019-08-01,189.67465209960938,191.90780158782428,188.93028391560503,191.7305732076424,6153824,ITC
2019-08-02,187.51242065429688,189.42653431757282,186.51991477688335,189.42653431757282,9233326,ITC
2019-08-05,184.18045043945312,187.51243634007565,182.65624806707996,187.44153824259377,12001827,ITC
2019-08-06,183.5424041748047,185.38563105118035,183.01070778698215,183.43606265043005,9770895,ITC
2019-08-07,179.82054138183594,183.8614524241244,179.43062989828636,183.64876934798747,8816780,ITC
2019-08-08,182.7271270751953,183.40060837768428,179.35969809465027,180.77755878970342,6616227,ITC
2019-08-09,180.21041870117188,183.50694958607835,179.71416577363325,183.50694958607835,10309668,ITC
2019-08-13,174.60987854003906,180.06865000141352,172.97933466445173,179.92686504276043,21801393,ITC
2019-08-14,176.34674072265625,179.78506786397995,173.01476633565738,174.60986667167404,14340858,ITC
2019-08-16,179.35971069335938,179.64328060547868,175.38969822153618,176.34674948345162,10735480,ITC
2019-08-19,178.33177185058594,182.40812608830285,177.9064169573286,179.71418929623667,13006987,ITC
2019-08-20,174.75167846679688,178.61534981467173,174.007298944571,178.36722330726312,15577976,ITC
2019-08-21,171.1715545654297,175.03523689317262,170.74619968102044,174.89345193170288,15303762,ITC
2019-08-22,170.1790313720703,174.39718129346542,169.43466320822722,171.70324483017328,10917955,ITC
2019-08-23,167.3787841796875,169.75370775735593,166.35083469846958,169.4346943761756,17073495,ITC
2019-08-26,171.91592407226562,172.5894166427669,166.56349434235915,170.6398482589641,13352257,ITC
2019-08-27,174.04273986816406,174.60989097722484,172.05772783752914,172.94389231776947,15089362,ITC
2019-08-28,174.36175537109375,175.56693315959905,172.34130001225867,174.5035403324443,9237042,ITC
2019-08-29,170.9943084716797,174.00726948466706,170.24992907547926,172.943865532645,11532941,ITC
2019-08-30,174.14906311035156,175.2479105453215,169.47011469680467,172.0931644283213,12225631,ITC
2019-09-03,171.24246215820312,173.29836106458637,170.60442417918583,173.29836106458637,9913882,ITC
2019-09-04,172.4476318359375,173.36925094396025,171.06521440795478,171.277897468891,7303230,ITC
2019-09-05,173.1565399169922,175.0352100277064,171.56143968569344,171.56143968569344,8777107,ITC
2019-09-06,172.908447265625,174.29086474058425,172.44763769595468,173.19201720047516,9039911,ITC
2019-09-09,174.04273986816406,174.75167594597707,172.41219587643565,173.4401453254282,9435127,ITC
2019-09-11,172.80209350585938,174.00728249478354,172.2703971071197,173.40468800032144,9314093,ITC
2019-09-12,170.67529296875,173.6882541415497,170.14359658156198,173.19200118442737,8395088,ITC
2019-09-13,170.0727081298828,171.88048032302513,169.15108908439402,170.85253098833437,14572355,ITC
2019-09-16,169.71826171875,170.7462111841971,168.93843876110404,169.78914858723488,7357494,ITC
2019-09-17,168.15859985351562,170.21449858940662,167.8750187043178,170.001815536021,11083300,ITC
2019-09-18,169.61187744140625,171.77411736421612,165.9254354216312,168.51303015032116,20724917,ITC
2019-09-19,167.8041229248047,170.10814802251724,167.37875684063903,170.10814802251724,8810026,ITC
2019-09-20,168.7611846923828,176.16952462469612,166.10269143641318,168.0168052326252,66016326,ITC
2019-09-23,180.67124938964844,184.67670547361476,177.16203505736925,177.23292192158826,54044544,ITC
2019-09-24,181.4864959716797,182.90435667624394,179.926850320064,180.77756000237247,17828419,ITC
2019-09-25,175.4960174560547,181.66371281447465,172.05769058064425,180.84844661217184,21390350,ITC
2019-09-26,177.5165252685547,178.2254501696107,174.57445041850067,175.31882999014908,18534981,ITC
2019-09-27,179.3242645263672,182.90436550588123,177.23291117978678,177.23291117978678,18211017,ITC
2019-09-30,184.2158966064453,184.8893779482214,176.80755691070527,180.60034095080098,21381205,ITC
2019-10-01,181.41561889648438,186.05912419503923,180.77758094381704,183.6842007802019,16035574,ITC
2019-10-03,185.49197387695312,185.84644188267197,181.52195018738317,182.6916957296605,12832216,ITC
2019-10-04,182.37266540527344,187.08705715397278,180.91936123190538,186.44901925741235,18781574,ITC
2019-10-07,178.5798797607422,182.90436004462575,177.72915882871663,182.5498920534442,22082491,ITC
2019-10-09,175.17701721191406,178.7925729527488,174.609877381066,178.15453502601926,22332047,ITC
2019-10-10,172.41217041015625,175.5669163925616,172.02225899516685,175.1061068866422,25230638,ITC
2019-10-11,172.94387817382812,174.53897860142868,170.92342287475785,172.41218177597824,26037798,ITC
2019-10-14,173.0502166748047,174.68076050467516,172.2703938070516,174.00727916144308,15280471,ITC
2019-10-15,175.53146362304688,176.66575437921284,173.72369159211192,173.72369159211192,10373904,ITC
2019-10-16,172.73117065429688,175.5314482559803,171.66776684433506,175.38966332812845,16681940,ITC
2019-10-17,174.2908477783203,174.89344225677027,172.87298700800622,172.97932853173864,14175284,ITC
2019-10-18,174.75167846679688,175.67328639400662,173.7591724371624,174.39721042277714,13327812,ITC
2019-10-22,176.45309448242188,178.01275149788117,173.65281626850663,173.68825969970652,18979485,ITC
2019-10-23,177.97727966308594,178.6153175333876,176.55941897731,177.5164813997875,13325639,ITC
2019-10-24,176.55941772460938,180.0686316033955,175.77959491466802,179.07612576017922,17438024,ITC
2019-10-25,175.60235595703125,182.33721385112707,175.10610303359158,182.1245308170672,33846376,ITC
2019-10-27,177.5165252685547,178.0127783163203,177.02027222078908,177.1975006375399,3252338,ITC
2019-10-29,179.53695678710938,180.84847610348575,176.91390692030535,177.9064128825583,12397313,ITC
2019-10-30,183.8968963623047,187.15798444642283,180.28134022833854,181.48652935101134,35611812,ITC
2019-10-31,182.65625,186.34269272488908,181.62830059696807,184.32223735091557,17296427,ITC
2019-11-01,185.2438507080078,186.44902846813625,183.43606721673865,183.86143332482598,13055757,ITC
2019-11-04,184.8539276123047,187.8314340109676,184.35767467351914,186.41357328617335,8199342,ITC
2019-11-05,186.37811279296875,187.15793555850388,183.32970858184996,185.03113904901303,10674212,ITC
2019-11-06,185.279296875,187.01618229588604,184.32223435172165,186.41358778989786,9198544,ITC
2019-11-07,188.469482421875,188.7884957665917,185.74010234021205,186.37814026369634,15351749,ITC
2019-11-08,184.6766815185547,188.18589539564144,184.32221354128484,187.76054056334755,12357632,ITC
2019-11-11,183.9322967529297,185.98820646729982,183.47149850661106,184.74757420019273,7524183,ITC
2019-11-13,179.96231079101562,183.7905384260931,179.46605781231472,183.54241193674264,10664859,ITC
2019-11-14,179.9977264404297,181.4155870604243,179.53692819850988,180.13951137902419,9222757,ITC
2019-11-15,177.6937255859375,181.30928132876667,177.23291604758103,180.2458772942635,17386229,ITC
2019-11-18,177.7646484375,178.8280413860411,176.3467761940418,178.2608902418473,8167820,ITC
2019-11-19,176.73666381835938,178.50899264923513,176.38220703942508,178.47354921815193,12621028,ITC
2019-11-20,177.72914123535156,178.15450727628263,174.89342005470752,176.73663545191135,10362358,ITC
2019-11-21,174.1845245361328,178.22543545777492,173.72372619699675,178.22543545777492,10793493,ITC
2019-11-22,175.56692504882812,179.11158262099102,174.858000274826,175.21245704480168,17000856,ITC
2019-11-25,175.6378173828125,176.09861566228827,174.57441340560993,175.6378173828125,10994413,ITC
2019-11-26,176.6303253173828,177.51648969164205,175.6023647572776,176.275857320869,20539741,ITC
2019-11-27,175.07064819335938,177.26834277791383,174.82252174781448,177.05565975771844,9182137,ITC
2019-11-28,174.8934326171875,175.77959695404752,174.14905322613907,175.31878745462228,11416080,ITC
2019-11-29,174.68075561523438,175.38969160283034,173.6882497262202,174.92888208748792,10185713,ITC
2019-12-02,173.65281677246094,175.0352341678305,173.36924685393672,174.3971962341254,10356741,ITC
2019-12-03,173.0147705078125,174.25540288418148,172.02226460671733,173.65280841079505,8442322,ITC
2019-12-04,172.37673950195312,173.01477743046476,171.56146195026815,172.62486598715492,12406762,ITC
2019-12-05,175.07064819335938,175.46055957435144,172.34126852641486,172.37671195176438,11699738,ITC
2019-12-06,172.51852416992188,175.21246083754588,171.91592967343792,175.10611931063093,10773814,ITC
2019-12-09,171.1715545654297,172.4830851186146,170.8525412106356,172.27040205938434,6981671,ITC
2019-12-10,167.02432250976562,171.34881491070087,166.59896757392644,171.277916804368,15972570,ITC
2019-12-11,168.4421844482422,169.29289426782125,167.0243122808398,167.0243122808398,14331297,ITC
2019-12-12,169.11566162109375,170.28539601920727,168.44218022231053,168.76119358813617,10704007,ITC
2019-12-13,171.27786254882812,171.91590036750253,169.57643211037941,170.14357184517928,8521473,ITC
2019-12-16,167.9459228515625,172.5539734579144,167.55601139567355,172.27040353254995,12476974,ITC
2019-12-17,170.8879852294922,171.34879478139024,168.37127687814387,168.37127687814387,16534369,ITC
2019-12-18,173.79457092285156,175.35421643230487,169.96634399925756,170.56893839483692,17794641,ITC
2019-12-19,173.22744750976562,175.74415560429435,172.44761344750518,174.43262518044054,9699414,ITC
2019-12-20,170.95889282226562,173.75917125305025,170.24995673905727,173.22747480766998,14495913,ITC
2019-12-23,169.36378479003906,172.12861966506244,169.1865563940715,171.5614685766736,19817033,ITC
2019-12-24,169.25743103027344,170.28538036753093,168.86751960007408,169.4346706474872,8200254,ITC
2019-12-26,167.87501525878906,169.71824213751438,167.55600191930918,169.3637741338306,15017235,ITC
2019-12-27,167.9459228515625,169.0447703549139,167.62689825998896,168.37127773960916,9048085,ITC
2019-12-30,168.86752319335938,170.78163695526362,168.37127022908223,168.72573823700174,13680470,ITC
2019-12-31,168.51303100585938,169.39919528147885,168.30035921886423,169.11562540945246,7417112,ITC
2020-01-01,168.79664611816406,169.15110291258225,168.0877100612246,169.15110291258225,4370931,ITC
2020-01-02,170.03726196289062,170.81709609436126,168.79664075375123,168.86752761676144,8726602,ITC
2020-01-03,169.08021545410156,170.85254435618046,168.72574742687547,170.85254435618046,9642051,ITC
2020-01-06,166.6698455810547,168.938427433394,166.59894748327164,168.37127635328352,7930726,ITC
2020-01-07,166.84707641601562,168.65484874434767,166.31537999404168,167.34332940560506,8740894,ITC
2020-01-08,166.0317840576172,167.16607482269652,165.35829154350623,165.88999911623847,7314466,ITC
2020-01-09,167.16610717773438,167.73324705301923,166.63439950208996,167.0243109748613,9816703,ITC
2020-01-10,168.72572326660156,169.25741961427994,167.8750023698862,168.4421533790464,10357864,ITC
2020-01-13,169.61187744140625,170.49804171252666,168.90294153089022,169.08018112554385,12715178,ITC
2020-01-14,172.4476318359375,172.83755452567107,168.93842873479804,170.32084616278075,12299570,ITC
2020-01-15,171.8450469970703,172.2704018810392,170.92342789739413,171.95138852657536,5687654,ITC
2020-01-16,170.67529296875,172.90843127580052,170.21449467574408,171.91592536155585,9730522,ITC
2020-01-17,170.108154296875,171.63235660857052,169.71824286137505,170.67529411794737,7677106,ITC
2020-01-20,171.4905548095703,172.44760597214147,170.17902444256953,170.17902444256953,8329721,ITC
2020-01-21,169.04478454589844,171.17157039872265,168.7257599275434,171.17157039872265,9939680,ITC
2020-01-22,168.7611846923828,169.8600321664133,168.0877033291002,169.8600321664133,7949731,ITC
2020-01-23,168.65484619140625,169.25744070307923,167.94592138418918,168.79664238690097,6356150,ITC
2020-01-24,168.8320770263672,169.5055583666629,168.0167994979612,168.30038064013107,7063834,ITC
2020-01-27,166.3153839111328,168.30039591624188,166.10270084371348,168.0168147483322,7100949,ITC
2020-01-28,163.58596801757812,167.23696688239568,163.4087396438501,166.42170063557674,15144538,ITC
2020-01-29,167.76866149902344,168.4775974546888,163.86954744501364,164.11767390609154,21258057,ITC
2020-01-30,165.9254608154297,168.0168029736344,165.18108136568026,167.981359542899,10794458,ITC
2020-01-31,166.70529174804688,169.0093170700541,165.92546882989532,167.13064663957002,19166671,ITC
2020-02-03,147.17420959472656,153.767283004754,145.33099395093242,152.42030908501926,82836335,ITC
2020-02-04,152.88111877441406,154.26352489169392,148.2730571919617,149.44279149414893,37145337,ITC
2020-02-05,153.44825744628906,154.19263687867561,149.93904333190986,153.34191592251233,22072147,ITC
2020-02-06,151.39236450195312,155.89407346266808,150.1517320676435,154.5471107346043,28443398,ITC
2020-02-07,151.2860107421875,152.916554490581,150.82520123697296,151.56958063737326,17793265,ITC
2020-02-10,149.26556396484375,151.7468287722373,148.9110959589231,151.71137410780966,9987781,ITC
2020-02-11,150.71885681152344,153.80271587286725,150.1517170320878,153.48369132139723,30951617,ITC
2020-02-12,151.03787231445312,152.27850455020598,150.15170803663673,151.2859987616037,10310789,ITC
2020-02-13,150.2226104736328,151.32145788702815,149.72636876189512,151.0378879848779,9505645,ITC
2020-02-14,147.2451171875,150.93155994694317,146.60707923363583,150.47075038924348,14260540,ITC
2020-02-17,145.18923950195312,147.9186201109765,144.622088330356,147.4578217202353,16161290,ITC
2020-02-18,144.51573181152344,145.04743949045167,142.14080829248383,145.01198482248847,21741128,ITC
2020-02-19,146.53619384765625,146.85521846929143,144.51573827945748,145.5082443458081,9403278,ITC
2020-02-20,147.06785583496094,147.84768987143485,145.6499951729126,146.74884252217373,16193373,ITC
2020-02-24,143.91311645507812,147.06786246830336,143.06240675990864,146.74884914112738,17233132,ITC
2020-02-25,143.06240844726562,145.6145600309762,142.8497254039396,144.48026918998812,15903285,ITC
2020-02-26,140.7938232421875,143.16874638639868,139.16327949694028,142.24712737774794,18557438,ITC
2020-02-27,140.04942321777344,141.18371386332802,138.87968914912142,140.65201758067244,17936226,ITC
2020-02-28,140.04942321777344,141.7154101459836,136.1502984215515,138.241651363125,33885063,ITC
2020-03-02,138.454345703125,144.23214137599064,137.28461144381214,141.4318633457945,19274852,ITC
2020-03-03,137.42640686035156,139.97855861470816,136.5047990010675,139.6595452624392,18638624,ITC
2020-03-04,132.92471313476562,138.63161180634808,132.25122045315138,138.20624564237013,28729502,ITC
2020-03-05,133.31460571289062,135.54773282070403,132.2512016878858,132.96013770455568,20797182,ITC
2020-03-06,128.8483428955078,131.0460380432645,127.4304819436322,131.0460380432645,27795285,ITC
2020-03-09,125.62266540527344,126.89874093734215,123.70855210717036,126.89874093734215,22633662,ITC
2020-03-11,124.52386474609375,125.30368772551473,122.18438457377844,123.35413027696228,29032759,ITC
2020-03-12,110.45156860351562,119.91579666975024,106.72967106371385,119.80946636922889,54043896,ITC
2020-03-13,115.02416229248047,116.26479465842048,95.42220461277974,106.33974696495086,63962722,ITC
2020-03-16,104.39019775390625,112.08209653755651,102.97232566592245,112.01120967358813,34535653,ITC
2020-03-17,105.73713684082031,110.4515391333615,103.53945357087359,104.92187068337117,49492914,ITC
2020-03-18,106.83599853515625,109.63627656274977,104.4610753558129,107.82850441512365,52178352,ITC
2020-03-19,114.74059295654297,115.94577066508508,102.61786160787219,106.83600043884542,93204936,ITC
2020-03-20,124.41748809814453,125.12642400705332,117.04460407530975,117.04460407530975,64384067,ITC
2020-03-23,109.3881607055664,114.8469323409452,105.7726048254836,112.01121060938917,53330913,ITC
2020-03-24,106.1270751953125,116.05212394315485,104.496531231723,115.52042751099673,54576761,ITC
2020-03-25,104.46107482910156,107.75760578005708,98.54149424203672,107.04868103654799,64913270,ITC
2020-03-26,110.87691497802734,113.00371180372137,101.55446136299486,106.33975141229368,60694283,ITC
2020-03-27,115.69763946533203,117.6826511795652,109.88440050283496,114.8469185543678,33893412,ITC
2020-03-30,112.86192321777344,116.90283368645207,110.6287849374877,110.6287849374877,29203338,ITC
2020-03-31,121.72356414794922,123.24776639525659,114.527907759248,116.26479304749837,44272500,ITC
2020-04-01,117.96623229980469,122.46795251332514,116.65471299752843,121.72357304963825,18840671,ITC
2020-04-03,126.11893463134766,129.55725033015068,118.39157112312691,119.02960897203829,65288649,ITC
2020-04-07,128.70655822753906,131.64862167558485,123.10600127568155,131.64862167558485,37509626,ITC
2020-04-08,126.65065002441406,130.44343426201596,125.23278917281691,128.2102958377658,39007671,ITC
2020-04-09,131.32958984375,132.03851460472436,127.60769272094504,130.44342546699414,44268652,ITC
2020-04-13,128.7419891357422,132.32210146105575,128.3520776918448,130.797899116534,18427550,ITC
2020-04-15,134.23622131347656,137.35552423961815,129.52182910862115,130.47888042903912,50983406,ITC
2020-04-16,132.1094207763672,135.54773697098562,131.47138283544885,134.44890071576867,28122965,ITC
2020-04-17,133.3500518798828,135.68952056160822,132.53477432057767,135.01603919578747,27694463,ITC
2020-04-20,128.10394287109375,134.66156136258832,127.25323317651578,134.66156136258832,37141676,ITC
2020-04-21,127.32412719726562,130.65611300766224,124.80741893260311,126.18983630662972,24232310,ITC
2020-04-22,129.20277404785156,130.12438171829578,124.77195281718852,126.89874925471655,26132520,ITC
2020-04-23,127.99758911132812,130.443410143003,127.35955128438016,129.69903080588887,34237726,ITC
2020-04-24,127.6431655883789,129.59272300165796,127.11145789925537,128.31664701586584,18744844,ITC
2020-04-27,127.50137329101562,129.23824752886193,127.11145059670868,127.78494321955564,13589672,ITC
2020-04-28,127.21781158447266,128.174874282228,126.22530544874218,127.60772310435917,18488267,ITC
2020-04-29,129.13189697265625,129.66360459407437,127.35956819206447,127.96216267363786,22287597,ITC
2020-04-30,129.06101989746094,131.08147530988154,127.92672894252216,131.08147530988154,31326446,ITC
2020-05-04,123.38956451416016,128.84833619723707,120.97919765106059,128.84833619723707,31461042,ITC
2020-05-05,123.28319549560547,125.79990332941138,121.93623301698332,124.06301824302862,18389548,ITC
2020-05-06,116.19389343261719,121.5108795140877,113.78352685837923,121.5108795140877,68112675,ITC
2020-05-07,114.13801574707031,117.57633224532955,113.78354769657867,116.26481281596794,25183509,ITC
2020-05-08,112.18842315673828,116.37111829865052,111.37315692514981,116.22933335550685,26281664,ITC
2020-05-11,112.33021545410156,115.91032763055442,112.01120211965512,113.42906287796835,18792383,ITC
2020-05-12,117.00916290283203,117.61175737145629,111.65673324599717,112.33021457325341,22211224,ITC
2020-05-13,117.25727844238281,123.07051707446674,116.619240603937,122.92873213637316,20785966,ITC
2020-05-14,116.12299346923828,119.27773939209348,114.811474301217,116.6192463942301,15525762,ITC
2020-05-15,116.72559356689453,117.32818803844432,114.24434005576978,114.98870824527182,15526021,ITC
2020-05-18,116.79649353027344,118.60426573982153,115.66220266203625,117.68265792001966,21602419,ITC
2020-05-19,121.05005645751953,121.68810550055267,117.04460124769322,118.03710700256843,20917906,ITC
2020-05-20,124.59474182128906,125.48090619089041,121.2273127231838,121.90079404918467,26295911,ITC
2020-05-21,133.95265197753906,135.0160448347266,122.39705934357302,124.48841285917388,60630670,ITC
2020-05-22,132.1094207763672,136.04398995103895,130.86878832623393,133.27915512904232,40516307,ITC
2020-05-26,135.90219116210938,138.20621620132133,133.137356621435,134.6970135003578,55283582,ITC
2020-05-27,136.22122192382812,137.46184307020366,132.4993247825497,136.46934839991334,25491463,ITC
2020-05-28,135.15780639648438,136.75290664011362,133.9880722093161,136.32754058365265,25524647,ITC
2020-05-29,139.9076690673828,140.36846737115866,133.98808810767696,135.01603747601285,37214719,ITC
2020-06-01,142.1762237548828,145.50819770908646,141.07737650017785,142.49523704021883,29606349,ITC
2020-06-02,139.8367919921875,143.13332364620507,139.44688049158722,143.13332364620507,23502975,ITC
2020-06-03,139.44686889648438,142.42438690881576,138.66704596012667,141.78634893960927,19710133,ITC
2020-06-04,141.8926544189453,143.55864140221433,138.24165593184145,140.1912127773586,22843181,ITC
2020-06-05,141.78631591796875,143.20417649331714,140.82925357003035,143.0623915591872,15193091,ITC
2020-06-08,140.12034606933594,144.3739398916826,139.65954774851687,143.84224347240212,20304292,ITC
2020-06-09,140.72293090820312,146.1817021565297,140.1203364319075,140.54570252531647,41451482,ITC
2020-06-10,141.1128692626953,144.01948944136535,140.58117277853492,141.39645045709327,28247205,ITC
2020-06-11,137.7099609375,142.67249014897743,137.24916267789848,141.78632582322072,20611505,ITC
2020-06-12,137.46185302734375,138.38347213901875,133.17281576379165,133.95264991229774,23431727,ITC
2020-06-15,132.7120361328125,137.49732705842902,132.07399809166716,137.46187238710488,25404661,ITC
2020-06-16,131.15235900878906,135.370509363712,128.95467525155496,135.2641678339335,28700454,ITC
2020-06-17,128.4584197998047,131.15235648819663,128.10395178537257,130.44343169338353,24952658,ITC
2020-06-18,132.28662109375,132.92467013330648,128.1039263167448,128.45839426070432,30000032,ITC
2020-06-19,130.4788818359375,133.24371676304867,130.15986847037556,132.64112223092408,31707306,ITC
2020-06-22,131.15235900878906,132.92469911501183,129.84083968764068,132.21576307252272,32605144,ITC
2020-06-23,131.75494384765625,132.9246893552822,130.97512099860597,131.435930515795,27569189,ITC
2020-06-24,136.00852966308594,138.02898476459703,131.96761946006376,132.8537837811818,56757828,ITC
2020-06-25,143.27503967285156,144.26754528183807,135.8667134927119,136.29206822482874,78484846,ITC
2020-06-26,138.38345336914062,148.45027426111344,137.03647955065804,146.03990774607345,74727243,ITC
2020-06-29,139.8367919921875,143.91314664740563,139.09241242720898,143.55868981708005,95027403,ITC
2020-06-30,137.99356079101562,141.36097894555812,137.5327512348134,141.36097894555812,42797633,ITC
2020-07-01,143.84222412109375,144.51570541264115,137.9935418277376,137.9935418277376,46004000,ITC
2020-07-02,145.93357849121094,146.57161636044793,143.59409881464202,144.941072642609,40835235,ITC
2020-07-03,147.13876342773438,147.81224475804927,146.0399160074938,147.45778799517862,39352660,ITC
2020-07-06,149.22323608398438,150.82899075667797,148.58839981370065,149.63400970943195,36046969,ITC
2020-07-07,145.07809448242188,149.74598600253603,144.89138355566718,149.37256414902663,32467210,ITC
2020-07-08,146.60914611816406,147.84146644624676,145.0780717848396,145.0780717848396,22093693,ITC
2020-07-09,145.9743194580078,147.13196023509485,145.0034014255187,147.05726877023096,19492371,ITC
2020-07-10,145.1527862548828,146.75854046772344,144.89138385580995,145.75027068983528,16815128,ITC
2020-07-13,147.5427703857422,148.43900901131155,145.71295331045,146.3104496725384,21079233,ITC
2020-07-14,146.3104248046875,148.99912838927986,143.95780325060693,147.43071401989283,19185879,ITC
2020-07-15,148.4016571044922,149.3725872118755,145.26483967292154,146.6465315155611,24692471,ITC
2020-07-16,144.7793731689453,148.51368692420033,143.39768134014645,148.40165561792247,22997164,ITC
2020-07-17,144.92872619628906,145.9369959917233,144.14451898542353,144.36858156999222,15455455,ITC
2020-07-20,143.92047119140625,145.89965916873956,143.65906878241648,145.6382567597498,19643434,ITC
2020-07-21,143.5843963623047,145.0407797149307,143.02425165017007,143.4723650528524,29089491,ITC
2020-07-22,146.79588317871094,147.80415297646684,143.77109745569308,144.14451931733421,33826583,ITC
2020-07-23,149.89535522460938,150.4928396036302,146.98258928907396,147.61741348300268,32700809,ITC
2020-07-24,149.0738067626953,150.6422211188027,147.35602130150022,150.11941633343358,62500933,ITC
2020-07-27,146.6838836669922,149.74602170772303,145.75030514036848,149.74602170772303,23517850,ITC
2020-07-28,145.93701171875,148.36431325103314,145.6756092869579,147.13199257335302,20029937,ITC
2020-07-29,146.9079132080078,148.02821428867267,144.4432721337698,144.48061195258785,15402845,ITC
2020-07-30,144.40594482421875,148.17761037930032,143.771120456792,148.17761037930032,16943579,ITC
2020-07-31,145.00341796875,147.09463720204022,144.51795297955763,144.51795297955763,17294202,ITC
2020-08-03,143.84579467773438,144.89140442244513,143.322989805379,144.89140442244513,13776301,ITC
2020-08-04,144.62998962402344,146.23574392754134,143.84578238252047,143.84578238252047,17849565,ITC
2020-08-05,143.99514770507812,145.33949954066262,143.1736006761237,145.26481990264398,50646546,ITC
2020-08-06,145.899658203125,146.08636913611406,144.21921246572316,145.04075950707517,18574935,ITC
2020-08-07,146.42245483398438,147.13198243431208,145.0034233035797,146.01168130306456,21717194,ITC
2020-08-10,148.513671875,149.11116816956095,146.68385500650882,146.68385500650882,17108987,ITC
2020-08-11,151.6505126953125,155.12342393496266,149.37258230345196,149.37258230345196,57266693,ITC
2020-08-12,152.5093994140625,153.03220427391895,149.67132434278903,151.23973892235836,22106836,ITC
2020-08-13,150.45550537109375,152.50937279408723,147.20664547547352,151.9865680254845,23573090,ITC
2020-08-14,146.6838836669922,151.8745812218302,146.0117076012282,150.56758075265898,29858596,ITC
2020-08-17,148.43899536132812,148.99914001262738,147.01995198759462,147.9161905307487,12192938,ITC
2020-08-18,148.28961181640625,149.29786973722614,147.31868187805262,149.29786973722614,12969115,ITC
2020-08-19,148.21493530273438,150.6422367233129,147.95353288297204,148.32696660193616,16070316,ITC
2020-08-20,146.23573303222656,147.28134260966056,145.30215474310685,147.13197150361634,17561721,ITC
2020-08-21,146.98260498046875,148.77507014401266,146.60917128615236,147.87883164467829,17897538,ITC
2020-08-24,146.9079132080078,148.62569873026075,146.64651080603184,147.3186867203808,15304895,ITC
2020-08-25,145.93701171875,148.10291081924103,145.712949110035,147.3187035238647,15784633,ITC
2020-08-26,145.6009063720703,146.79588713283502,144.6299882024256,146.7585473126901,23502769,ITC
2020-08-27,145.07809448242188,148.5510171351065,144.8166920838905,148.25226308312443,49030500,ITC
2020-08-28,146.0490264892578,146.60917111250654,144.92872540763554,145.33949892035957,35979788,ITC
2020-08-31,142.7254638671875,148.6256750456903,141.90391697336088,148.6256750456903,100730476,ITC
2020-09-01,142.05332946777344,143.65908391062814,140.59694615505327,142.72550547094224,41311165,ITC
2020-09-02,142.9121856689453,144.14450610369485,141.64252541847958,142.8748458532291,21378178,ITC
2020-09-03,143.09893798828125,144.33127061472968,141.90396885860784,142.94956684707208,16295787,ITC
2020-09-04,139.4392852783203,141.90393816295364,138.6924178987042,141.90393816295364,42983034,ITC
2020-09-07,141.23175048828125,142.27736008619775,135.03279620795442,139.85005885396285,33918419,ITC
2020-09-08,140.522216796875,142.3146935456089,137.87085332258505,141.6051660748036,26574542,ITC
2020-09-09,137.2733917236328,139.1031967543211,136.15309061114237,138.54305211563846,28901363,ITC
2020-09-10,138.0949249267578,138.69240932541734,136.82525282692032,137.4974286929743,18469229,ITC
2020-09-11,137.3854217529297,139.2899182409583,136.4891832382177,138.0949374997173,19997552,ITC
2020-09-14,136.9373016357422,138.8044583731987,136.67589921909325,138.76711855228473,32185628,ITC
2020-09-15,135.7796630859375,137.57214021344282,135.03280747874837,137.422769092005,31956903,ITC
2020-09-16,134.92079162597656,137.04935106163447,134.47267821035857,135.81703029233964,52591750,ITC
2020-09-17,133.3896942138672,135.55559291736876,132.7921979785182,135.0327881496099,35240133,ITC
2020-09-18,133.76312255859375,134.32327900498044,132.1947200140848,134.09921642642576,30929813,ITC
2020-09-21,131.26113891601562,134.8834207380241,130.73833413396036,134.43529559047712,24811451,ITC
2020-09-22,130.10350036621094,132.0079967715983,129.76740649960607,131.26114123768392,19242719,ITC
2020-09-23,128.83383178710938,132.60549671993633,128.23634734336937,130.66364860753163,64164525,ITC
2020-09-24,124.3899917602539,128.2736758061116,124.09124956483188,128.23633599046482,32698988,ITC
2020-09-25,127.52684020996094,127.8629341397707,124.72610480205319,126.14514833603874,27650738,ITC
2020-09-28,129.4313507080078,130.55164015356024,127.34013111884126,127.7135648790677,24087933,ITC
2020-09-29,126.51856231689453,130.51427801441463,126.21982009383926,130.51427801441463,26602326,ITC
2020-09-30,128.23634338378906,128.53508559643473,125.99575311869752,126.9666712273582,19193371,ITC
2020-10-01,127.60150909423828,130.4022440060811,127.04136447889465,130.32756436943512,20517295,ITC
2020-10-05,126.40653228759766,129.0578961727382,126.03309858748456,127.78822395937863,25234767,ITC
2020-10-06,126.89199829101562,128.16165867935362,125.54764642801061,126.59324422747274,22728054,ITC
2020-10-07,126.59326171875,127.63887149780821,126.219839799195,126.96669547343176,16913783,ITC
2020-10-08,124.8381118774414,127.26541305939612,124.65140095387738,127.04136231814418,26484289,ITC
2020-10-09,125.36091613769531,126.14512331658611,124.24062693077956,125.09951374473171,23234939,ITC
2020-10-12,128.6097869873047,130.8503655900958,126.96668102076569,127.34011473293934,68801924,ITC
2020-10-13,127.07872009277344,130.58897116469166,126.59325505373376,129.0952480597345,37058708,ITC
2020-10-14,125.32360076904297,127.71356258949409,124.7634560563087,127.3774686607775,39688050,ITC
2020-10-15,123.26969909667969,125.32357845789217,122.89627724475433,125.24888698643232,28161148,ITC
2020-10-16,123.75516510009766,124.5767121173488,122.33612181158448,123.60579399106332,21006060,ITC
2020-10-19,125.65966796875,126.14513297431394,124.09126532601522,124.57671849645384,19748904,ITC
2020-10-20,125.06219482421875,125.69703100393909,124.50205012716462,125.47296839106689,16770677,ITC
2020-10-21,125.21156311035156,126.14514152927848,124.4273558182378,125.58499684494755,17113482,ITC
2020-10-22,125.88375091552734,126.29452451160522,124.72610978014757,125.13689521135268,22893091,ITC
2020-10-23,127.52684020996094,127.71356300489751,125.28626135173614,126.18248816097535,20921450,ITC
2020-10-26,125.88375091552734,128.16168152473276,125.65968828671133,128.0870018718789,16699886,ITC
2020-10-27,124.87547302246094,126.44387567094199,124.5393791323487,125.84639120202071,47652264,ITC
2020-10-28,123.60580444335938,125.84639493859146,123.23237072163307,125.84639493859146,17468592,ITC
2020-10-29,122.37348937988281,123.94190398140293,122.0747352878364,123.23237632730978,21816186,ITC
2020-10-30,123.41909790039062,124.57672709335235,122.00005444128702,122.48551948035234,16976909,ITC
2020-11-02,124.53936767578125,124.87546153497571,122.82158223296624,124.57670749287254,14924105,ITC
2020-11-03,127.04135131835938,127.52680441164304,124.80076125396859,124.87545271800177,23473408,ITC
2020-11-04,126.81729888916016,128.31102177300332,125.62231821506076,127.0040216465933,19533203,ITC
2020-11-05,130.51429748535156,130.70100844383458,127.11606572697258,127.90027305582926,28037401,ITC
2020-11-06,129.91676330566406,132.34407607028928,129.50598984844635,131.8212713365352,35571152,ITC
2020-11-09,129.0579071044922,132.41878701994094,128.3483912987658,129.9167940358912,36645472,ITC
2020-11-10,133.20297241210938,134.09921085396047,128.34837020273704,130.70097983930057,59672371,ITC
2020-11-11,138.39369201660156,138.84181723131684,133.38971785491447,134.13657348756308,65757234,ITC
2020-11-12,140.41021728515625,140.97037379280965,137.31073984006144,138.31900971871173,48153554,ITC
2020-11-13,139.738037109375,141.00770937504433,138.58040797699326,139.81272858652488,29284742,ITC
2020-11-14,140.8583221435547,141.9039316932961,140.44754865403115,141.19440416447205,8066280,ITC
2020-11-17,139.9247589111328,141.45582174836025,139.21523130608495,141.15707951209032,21757459,ITC
2020-11-18,137.46011352539062,140.74631381265243,136.48919528590744,139.51399314310154,27620283,ITC
2020-11-19,140.33551025390625,143.24827618476374,136.45182629113748,136.52650592083336,50871154,ITC
2020-11-20,143.17359924316406,143.39766182522723,138.953821013348,141.00770040030264,47052232,ITC
2020-11-23,142.53875732421875,143.77108964006771,140.89566334991915,143.3976559636021,24073204,ITC
2020-11-24,146.0490264892578,146.72120240418124,142.35205303961652,142.35205303961652,47160760,ITC
2020-11-25,144.7793731689453,147.84151092165948,143.77111508269724,146.38512761029992,43263598,ITC
2020-11-26,145.48887634277344,146.27308358339363,143.8084424001233,145.7129389358436,25155854,ITC
2020-11-27,144.62998962402344,146.19840410702938,144.2939075691652,145.22748592784131,32594141,ITC
2020-12-01,145.19012451171875,146.64650760015735,143.6964016052784,145.63824966823805,16505446,ITC
2020-12-02,146.3477783203125,148.4389976752286,144.5553012060628,145.63826253994836,29520716,ITC
2020-12-03,146.5344696044922,147.2813369410923,145.3021491507136,147.2813369410923,29087754,ITC
2020-12-04,148.02821350097656,148.88710033997026,146.75854131667094,147.01994371725593,23005484,ITC
2020-12-07,151.72518920898438,152.17331441460868,147.58010206771476,148.02822727333907,37068111,ITC
2020-12-08,151.20237731933594,152.8828230919354,149.03647837674689,152.2853386257558,32042241,ITC
2020-12-09,153.40560913085938,155.1980741450125,152.84546455363179,153.1068669343545,41212760,ITC
2020-12-10,158.8577117919922,159.56722748675287,151.72516768709164,154.33919156535345,67739601,ITC
2020-12-11,161.54641723632812,162.77873772148268,159.3431786569722,160.16472564707524,62645643,ITC
2020-12-14,161.2476806640625,163.2642083925583,160.57550475456392,162.77874341092746,28029531,ITC
2020-12-15,159.4925537109375,161.62111270852063,158.03617061600562,160.76221404477897,24151252,ITC
2020-12-16,159.82864379882812,160.98628473650103,159.4552100929538,159.64193286345358,20304621,ITC
2020-12-17,159.11912536621094,160.65018814888379,157.77477351577258,159.9780122236646,23248344,ITC
2020-12-18,160.20205688476562,161.28500620782495,156.6544548882663,159.1564473769501,24690701,ITC
2020-12-21,151.57577514648438,160.35141197074327,148.73770093372372,160.20204088955825,43445980,ITC
2020-12-22,151.9119110107422,154.04047021836303,147.05729627022717,151.68784840937394,42564860,ITC
2020-12-23,155.1607666015625,155.53420034242708,150.86630816943568,151.6131638160385,24608258,ITC
2020-12-24,155.79559326171875,157.32665612008387,153.55500278851008,156.8412029382245,23645158,ITC
2020-12-28,156.46775817871094,156.99056298007105,155.23543764770127,156.09432448700733,16347233,ITC
2020-12-29,157.99887084960938,159.45524247859814,156.9159093320848,157.2146634585369,27568853,ITC
2020-12-30,157.70008850097656,159.45521394231827,156.50510771440608,158.85772946659577,19654130,ITC
2020-12-31,156.09434509277344,157.81213083327245,155.75826301046186,157.25198613933557,18947950,ITC
2021-01-01,159.71661376953125,159.97801618220277,156.31839423992702,156.76650758945306,20279389,ITC
2021-01-04,159.3805389404297,161.3223753781856,158.40962072155173,159.8286523102674,27927482,ITC
2021-01-05,157.9241485595703,159.26850044347174,157.28931243797095,158.67101597734901,18718244,ITC
2021-01-06,153.40560913085938,157.9614690504922,152.7334332711615,157.92412923471008,50957586,ITC
2021-01-07,151.46377563476562,155.04871784024158,150.9409708234384,153.92842857889752,36298522,ITC
2021-01-08,150.49285888671875,153.8537385371591,149.55928054853393,152.62141797118514,58600546,ITC
2021-01-11,151.23973083496094,153.92843463608904,150.30615246872895,152.36002014038917,44625924,ITC
2021-01-12,154.1898193359375,154.52590135490064,150.56753758477032,151.6131352933077,36989137,ITC
2021-01-13,157.77476501464844,159.08177697524127,153.29358453122282,154.93667851875418,66387977,ITC
2021-01-14,159.94065856933594,161.69578378697142,158.0361622518085,158.33490445159242,50164605,ITC
2021-01-15,162.70407104492188,163.18953604824767,157.7374370563878,160.5008204549724,60567280,ITC
2021-01-18,164.12310791015625,165.8035417749933,160.27676336122676,163.11483812315416,70211602,ITC
2021-01-19,163.45091247558594,165.57947140571451,162.44265457112326,165.05667846255284,33009228,ITC
2021-01-20,162.55471801757812,163.562976121518,161.09833468066358,163.18955420754122,46392916,ITC
2021-01-21,159.60459899902344,163.9363970104556,158.48429783959654,163.56296329064665,30116008,ITC
2021-01-22,157.36402893066406,160.38881523274347,156.20638779960925,159.82867049792335,25663922,ITC
2021-01-25,155.19808959960938,158.70835218102644,154.48857385347588,158.33491848064696,25929487,ITC
2021-01-27,157.32662963867188,158.82036425946748,154.675277907544,155.34745375285257,50338134,ITC
2021-01-28,154.30186462402344,157.58805281933553,153.66702850988355,156.2810526062683,22984352,ITC
2021-01-29,151.79986572265625,155.94495245527017,151.12768981561413,155.75824152808474,24679902,ITC
2021-02-01,161.28501892089844,162.77874183475117,150.71691539911896,152.3600094208445,59968324,ITC
2021-02-02,162.96548461914062,166.92386088706314,162.06924602666032,164.30983659029806,50324035,ITC
2021-02-03,161.8825225830078,165.80354689039115,161.09831535450613,165.43011318608674,55709225,ITC
2021-02-04,171.74111938476562,172.82406889657946,161.32237414102494,161.39706561965468,109894300,ITC
2021-02-05,175.0272979736328,178.38818945700945,169.72458201089154,173.38420388673765,130323308,ITC
2021-02-08,174.09373474121094,177.79070859261626,172.8987657271518,177.3799350352519,43093963,ITC
2021-02-09,171.0316162109375,178.649627374688,170.43413163698784,175.21405556909502,73377134,ITC
2021-02-10,169.94863891601562,172.60000291092584,166.6250989671229,171.03158840659154,49104142,ITC
2021-02-11,169.12710571289062,171.25566504758524,167.67072238730344,171.0316024328406,45311749,ITC
2021-02-12,162.40533447265625,168.60428926051785,161.17300201128708,168.60428926051785,114826417,ITC
2021-02-15,163.2642059326172,165.0566828876889,162.44265892617787,163.15217464353464,33000365,ITC
2021-02-16,163.0028076171875,165.65417146306058,162.25595206314748,163.60030389554439,30271502,ITC
2021-02-17,162.62937927246094,163.11484427490046,161.73315257813064,162.51734797688835,20615018,ITC
2021-02-18,163.45091247558594,164.75792442130071,162.74139677725114,162.96545934940917,24997592,ITC
2021-02-19,161.28501892089844,163.4882693910528,159.82863582523277,163.45091773774112,29208388,ITC
2021-02-22,158.4478759765625,162.2359345993568,157.64434765495668,162.2359345993568,53531490,ITC
2021-02-23,159.55751037597656,161.12630726511745,158.40961967794462,159.17488822777668,27703323,ITC
2021-02-24,159.82534790039062,160.55235663684053,158.0269802068067,160.01667109491564,13667471,ITC
2021-02-25,160.05490112304688,161.62369766890586,159.78705840188624,160.3227438442075,26953713,ITC
2021-02-26,155.99905395507812,159.1749079156486,155.3485768199369,158.60095036892537,45101885,ITC
2021-03-01,158.3330841064453,158.98356114524904,156.15208213206262,157.22345322498268,16850430,ITC
2021-03-02,160.6288604736328,161.31759722766054,158.02696472211525,158.40959894695615,26590262,ITC
2021-03-03,160.66712951660156,162.2359140457144,159.78706960250685,162.2359140457144,21648963,ITC
2021-03-04,160.475830078125,161.7002524808171,158.86877340083234,159.78709323453046,25858155,ITC
2021-03-05,159.59576416015625,160.70539494264392,158.56265294792854,159.17487014358213,17990773,ITC
2021-03-08,159.17486572265625,161.31759553114463,158.94528276482325,160.47580752137623,23874105,ITC
2021-03-09,159.02178955078125,160.5140544033186,156.68773675613846,159.71052624220513,23463213,ITC
2021-03-10,158.02696228027344,160.09317251042947,157.49127679911658,160.01665294267244,20358192,ITC
2021-03-12,157.0321502685547,159.17489256509867,155.731196123734,159.17489256509867,31973696,ITC
2021-03-15,157.2234649658203,157.6443590513674,154.27720636699092,157.52957967716827,42699297,ITC
2021-03-16,159.06008911132812,159.8636174121362,156.84081527383725,157.95045825594048,50641203,ITC
2021-03-17,161.16456604003906,163.68994253721434,159.59578128749007,162.38898843603275,81604999,ITC
2021-03-18,166.55967712402344,167.6693079971668,162.15940129298986,163.0012015216271,95536034,ITC
2021-03-19,170.61553955078125,173.06438389532923,164.95259458321027,167.59274996569854,139352860,ITC
2021-03-22,172.94960021972656,173.25570272345496,169.5059046092847,170.883378002776,47823778,ITC
2021-03-23,170.0416259765625,174.55668130388847,169.3528891343167,172.18436820875655,43165463,ITC
2021-03-24,165.25872802734375,170.50079211798618,164.7230424687859,169.12331843218487,28672557,ITC
2021-03-25,161.92982482910156,165.25871733325204,159.9784059216144,164.6465122354974,42248040,ITC
2021-03-26,161.39414978027344,164.11083736299213,160.97325571657072,163.95778607861988,27083832,ITC
2021-03-30,164.1873321533203,164.53170658620238,161.01149119696362,163.19249289174041,28862387,ITC
2021-03-31,167.21014404296875,167.82234912489022,162.7716086921781,163.80471992631433,37890481,ITC
2021-04-01,168.39627075195312,168.81716471829418,166.29180092024785,168.3580109713894,30182056,ITC
2021-04-05,162.6568145751953,168.35803191021654,161.08802998312458,166.52139244074635,32586507,ITC
2021-04-06,162.73333740234375,164.4934450785155,160.82017846651107,163.61338517707253,26663018,ITC
2021-04-07,163.61337280273438,164.68474366604548,162.5802738464796,162.77158487490803,15790468,ITC
2021-04-08,163.19248962402344,165.37349127512854,162.88638710762268,164.4169118163406,14660557,ITC
2021-04-09,163.0777130126953,165.25871486259157,162.65681898260263,163.57513874222084,16994483,ITC
2021-04-12,157.10865783691406,161.47066167751757,156.87908698463505,160.70540529206158,35840817,ITC
2021-04-13,159.71054077148438,160.4758092212242,157.64433050924424,158.4095989589841,21027436,ITC
2021-04-15,158.1800079345703,161.04974628472127,157.64432247240504,159.94011557786857,18205903,ITC
2021-04-16,159.13656616210938,160.131417388722,158.02693560323743,159.17483806624148,13824608,ITC
2021-04-19,157.3382568359375,157.72089113098272,155.92252328365868,156.87910295791332,16400507,ITC
2021-04-20,155.7694549560547,158.40961068772106,154.96592666234852,157.79739345725733,22187707,ITC
2021-04-22,157.56781005859375,157.873912586091,153.4736493414959,154.5832800987093,24030915,ITC
2021-04-23,157.1469268798828,158.4096089878505,156.30513880790437,156.30513880790437,20381213,ITC
2021-04-26,157.10865783691406,158.21830081757744,156.64950400564047,157.49129209299983,20652091,ITC
2021-04-27,157.18516540527344,158.37132777900632,156.9173226798084,157.10863371512042,11885588,ITC
2021-04-28,157.26168823242188,158.0269444572551,157.10862486074222,157.64431028148198,13197445,ITC
2021-04-29,156.34339904785156,158.83050348409924,156.15207585939228,158.48614114761713,13601150,ITC
2021-04-30,155.0424346923828,157.4147596095508,154.58328089876056,156.0372861019695,17130954,ITC
2021-05-03,153.7797393798828,154.46847607417362,153.05274290444072,153.97105041235278,21405441,ITC
2021-05-04,152.74664306640625,154.85112526093232,152.36402096441486,153.97106532223688,18962501,ITC
2021-05-05,154.12411499023438,154.5832687477649,152.6701099013173,154.16237477168352,14396547,ITC
2021-05-06,155.1572265625,157.606071054737,154.65980085645623,154.8128642480963,14872429,ITC
2021-05-07,157.1469268798828,157.98871495186125,155.31028733491587,155.31028733491587,20213092,ITC
2021-05-10,157.29998779296875,158.75398105122156,156.87909373118862,158.5244101890699,16922951,ITC
2021-05-11,156.1138153076172,158.02697442254558,155.92250424681046,156.0372957339806,14277000,ITC
2021-05-12,155.53985595703125,157.07038068546188,155.23375343668795,156.03728164762475,17174525,ITC
2021-05-14,162.42723083496094,163.15423951290225,156.11380845804487,156.87907692112583,64021335,ITC
2021-05-17,162.69508361816406,166.06224808598063,161.96808702210188,165.90919680926837,39465392,ITC
2021-05-18,160.74366760253906,164.22562362283887,160.43756504355238,163.84298936074762,31653409,ITC
2021-05-19,158.98355102539062,161.77677007223627,158.83049975424655,160.74365883361997,25345241,ITC
2021-05-20,158.40960693359375,160.1697147552306,158.2565556612838,159.51923775287705,21688686,ITC
2021-05-21,159.9783935546875,160.5905986051164,158.71569941642764,158.86875067903486,23509878,ITC
2021-05-24,161.85330200195312,162.27419606141333,158.9835631637884,160.3227770469418,29977506,ITC
2021-05-25,161.39414978027344,163.30730902500073,160.89672401102655,163.00120645625623,26310600,ITC
2021-05-26,161.16456604003906,162.58031163564445,160.93499517790755,162.08288586871336,18253046,ITC
2021-05-27,161.58544921875,163.8812425724524,160.9349843386851,161.4706577320576,49385674,ITC
2021-05-28,162.92466735839844,163.3838211906822,161.89156820408112,162.61856480354263,26583388,ITC
2021-05-31,165.7561492919922,166.75098867654322,164.07256095654148,164.53172692380795,75852502,ITC
2021-06-01,164.7230224609375,167.89887563712747,163.95776613217427,166.8275046501443,40247686,ITC
2021-06-02,159.9401397705078,162.5803076981655,159.63403721060183,161.088042560229,100377464,ITC
2021-06-03,159.9783935546875,161.27933535020617,159.71053868673184,161.27933535020617,48454441,ITC
2021-06-04,159.74880981445312,160.4758063399529,159.17486455081044,160.3227550780958,31286264,ITC
2021-06-07,161.81503295898438,162.54202954252787,160.85845340096802,161.0115046750448,32643869,ITC
2021-06-08,163.4986114501953,163.95777740573968,161.62372422077416,162.3889806021556,22080199,ITC
2021-06-09,162.6185760498047,164.34041213498296,161.85330748302562,163.76646677325687,25846432,ITC
2021-06-10,164.80078125,166.45430342331935,163.38348009496656,164.32833921342825,31902690,ITC
2021-06-11,163.69842529296875,165.70626642019633,163.58031478948354,165.58816839405145,22249404,ITC
2021-06-14,163.22598266601562,164.13147565788321,161.57246070451205,163.73777817028625,18358717,ITC
2021-06-15,163.02915954589844,164.09214172242505,162.98979353264684,163.42285711043945,15426377,ITC
2021-06-16,163.65907287597656,164.84015305423554,163.02915429752144,163.02915429752144,20878518,ITC
2021-06-17,161.92681884765625,163.77719623887253,161.4150232196823,162.95043505828883,22304032,ITC
2021-06-18,161.0606689453125,162.5567145579304,159.4465253041258,162.20238304020225,24475206,ITC
2021-06-21,160.98194885253906,162.20239505689088,159.36779261442777,159.91896669794465,19809308,ITC
2021-06-22,161.4937286376953,162.39923417655115,160.9031885995469,162.2811236734534,18737552,ITC
2021-06-23,160.58824157714844,162.0842872100579,160.3126545520688,161.92679821514892,13059519,ITC
2021-06-24,160.03704833984375,161.13939630799965,159.48587435576582,160.98191980931153,23299321,ITC
2021-06-25,161.45436096191406,161.88742448390704,160.43075740787063,160.6275999261074,14411660,ITC
2021-06-28,160.31265258789062,162.12365123374792,160.11579758533665,162.12365123374792,15190488,ITC
2021-06-29,160.07643127441406,161.65120890517827,159.95832076857215,160.3126522860979,13839294,ITC
2021-06-30,159.60400390625,160.94256054359553,159.4858933987964,160.8638285235203,16556397,ITC
2021-07-01,159.84019470214844,160.47011317953536,159.17092269643274,159.76146269081218,10583793,ITC
2021-07-02,159.36778259277344,160.3913861932189,159.24967208554114,160.07643315882655,13187847,ITC
2021-07-05,160.3520050048828,160.7063364930399,159.6039884996705,159.84019701443572,10642939,ITC
2021-07-06,159.44651794433594,160.47012148606845,159.24966295112662,160.03705796928392,11515716,ITC
2021-07-07,160.43075561523438,161.57246965839852,159.2890415720702,159.446518080368,18568033,ITC
2021-07-08,159.05284118652344,161.02131651139925,158.89536465781435,160.23392139051228,21730892,ITC
2021-07-09,158.54100036621094,159.3283953244746,158.18668136912962,159.0528083368162,12289809,ITC
2021-07-12,158.34417724609375,159.4858913411806,158.226066740164,159.0528278043318,13589278,ITC
2021-07-13,158.9346923828125,159.21027936099904,158.54099491721192,159.05280287022654,11247522,ITC
2021-07-14,160.7063446044922,161.533105641249,158.81660152695088,158.93471202896475,21269167,ITC
2021-07-15,162.39923095703125,164.1708510363546,159.76147136460884,160.9425514174911,29963443,ITC
2021-07-16,163.69842529296875,165.07636037139565,163.147251261598,163.5409487807686,30137464,ITC
2021-07-19,163.580322265625,164.95825740702793,162.47797415250267,162.83230567915237,17099088,ITC
2021-07-20,162.83229064941406,164.80076567619818,162.51733763969014,163.93463866078753,24567907,ITC
2021-07-22,162.98977661132812,163.97401418182798,162.08428353649808,162.98977661132812,19016769,ITC
2021-07-23,167.24166870117188,168.18654019911614,162.59606817917705,162.98976567643214,46241640,ITC
2021-07-26,166.2574462890625,169.56449059340127,165.98185926370093,168.50150850205216,49084040,ITC
2021-07-27,164.28897094726562,167.71412575602244,163.73779689705972,166.9267306907738,25378089,ITC
2021-07-28,164.64328002929688,165.3519305004968,163.34407710098114,164.01336156748636,15304399,ITC
2021-07-29,162.24176025390625,165.50942599750084,161.92679474817265,164.64329893074955,16204679,ITC
2021-07-30,161.37562561035156,163.06852626338937,161.1000510601445,162.28113119115508,15515733,ITC
2021-08-02,163.22598266601562,163.38345916558654,161.76930320964087,162.55669818483474,10046707,ITC
2021-08-03,165.273193359375,166.06058835229933,162.55670184526338,163.38346284463205,19179805,ITC
2021-08-04,164.2495880126953,166.21806299564176,163.85589052063813,166.06058649428675,11421835,ITC
2021-08-05,169.48573303222656,170.66682554017152,162.91102341775309,164.2495924312894,48995450,ITC
2021-08-06,168.69833374023438,170.0762561465657,167.39913086286646,169.60382667673827,24489836,ITC
2021-08-09,168.34400939941406,170.98176879151765,167.4778824294312,169.2888808563677,21142199,ITC
2021-08-10,165.2338409423828,168.85583824397807,164.21023734926786,168.50150672481868,18855165,ITC
2021-08-11,164.28897094726562,165.82438259036198,163.34409936443538,165.23384253009587,16012451,ITC
2021-08-12,164.48582458496094,168.65898345953536,164.05276104587622,165.54879418913586,28758718,ITC
2021-08-13,166.49366760253906,167.16295216209318,164.72203493956422,165.23384298110693,19576945,ITC
2021-08-16,166.06060791015625,167.91097263638235,165.74565486682863,166.45430545298632,11621038,ITC
2021-08-17,164.7220458984375,166.5330446920648,164.407092841461,165.9818706036851,8161139,ITC
2021-08-18,164.52517700195312,166.53301801522025,164.05274749216665,165.0369849955599,11149120,ITC
2021-08-20,164.48582458496094,165.9031257087546,162.7535579512815,162.98977896436065,20168965,ITC
2021-08-23,162.4385986328125,165.50942177464665,162.20237762887444,164.9582477503513,10319044,ITC
2021-08-24,162.0055389404297,162.98977651031956,161.1787778844413,162.98977651031956,12971124,ITC
2021-08-25,162.51734924316406,163.69842935262582,162.20238373361238,162.51734924316406,10994627,ITC
2021-08-26,161.10003662109375,162.8716566588231,160.90318163200843,162.51733764221314,15407558,ITC
2021-08-27,162.12364196777344,162.871658493641,161.33624695724134,161.41499144923048,10879860,ITC
2021-08-30,163.77716064453125,163.93463714793995,162.2023706557649,162.2023706557649,12550267,ITC
2021-08-31,166.3755645751953,166.6117856015037,163.18663062939757,163.81654920710614,26802390,ITC
2021-09-01,164.958251953125,167.1629481064773,164.80077543893418,166.13933204822632,16867486,ITC
2021-09-02,165.15509033203125,166.53302539329775,164.56455029929995,164.56455029929995,14872714,ITC
2021-09-03,165.8243865966797,166.33619464919067,165.1551020227825,165.1551020227825,10622796,ITC
2021-09-06,164.80078125,166.29682690357572,164.60393871965573,166.1393379064912,11041632,ITC
2021-09-07,166.72988891601562,168.77709613116127,165.47006429233338,166.06060435526612,38933378,ITC
2021-09-08,166.33619689941406,167.7141320768607,165.11573824548404,167.12357951699698,17897021,ITC
2021-09-09,167.4385223388672,168.42275983540185,165.7850003501275,166.17869784420927,19784972,ITC
2021-09-13,168.61961364746094,169.40700868840878,166.76924902630796,167.98970759657496,16661794,ITC
2021-09-14,170.155029296875,171.06053486327144,168.6589836743691,169.21015772069546,20377545,ITC
2021-09-15,170.07626342773438,171.02113488517887,169.5251019280091,170.9424028755063,21028598,ITC
2021-09-16,181.6903076171875,183.9737484792687,170.31251922903218,170.82432730589102,154986538,ITC
2021-09-17,182.0052490234375,186.8476921958144,180.39109298108522,183.4619160804491,82563658,ITC
2021-09-20,184.0524444580078,188.46183631236283,181.2965745490359,181.88712701334362,73101936,ITC
2021-09-21,190.1547393798828,190.90275592435293,182.43831549865877,184.99733063051883,58854434,ITC
2021-09-22,191.7294921875,193.54049054087287,189.52479636994372,191.7294921875,54648494,ITC
2021-09-23,190.94212341308594,193.38304053896022,190.3122173659831,192.9105985262928,22630330,ITC
2021-09-24,187.75320434570312,192.1232181484446,187.16265182316474,192.1232181484446,25779310,ITC
2021-09-27,187.9500274658203,190.43031037241508,185.4303785542336,188.81615443967712,23772123,ITC
2021-09-28,187.20199584960938,190.23344001302593,186.0602695010966,188.85550517631927,16319138,ITC
2021-09-29,187.47760009765625,190.07598104866133,185.58785715388956,185.8240781411952,16045073,ITC
2021-09-30,185.94219970703125,189.2885973473177,185.23354918025598,188.89491231481816,16987893,ITC
2021-10-01,185.31228637695312,186.61147696614174,183.38317725894132,185.19417587296502,16570661,ITC
2021-10-04,186.29652404785156,187.67445913294048,185.35165249274198,185.82409450896697,11098123,ITC
2021-10-05,184.80047607421875,186.9658061735164,184.64299956328915,186.13904513313076,9578825,ITC
2021-10-06,182.08399963378906,186.13906068027865,181.5721915725142,184.8792360102755,18179336,ITC
2021-10-07,183.42254638671875,184.9973239124191,182.91073838799676,183.46191239359283,10770973,ITC
2021-10-08,182.4383087158203,184.87921325467937,182.04461121540055,184.83984724783932,10114327,ITC
2021-10-11,187.43824768066406,188.5799618158465,182.4383275878769,182.67453613069122,22000303,ITC
2021-10-12,189.99725341796875,191.33582249501308,187.39887223642205,187.87130177561045,30347455,ITC
2021-10-13,196.2176513671875,197.55620801503875,189.09176715007376,190.98151032948132,52091422,ITC
2021-10-14,202.0049591064453,206.17813037151106,197.12313729423073,199.40657792601294,88696178,ITC
2021-10-18,206.7292938232422,208.89461136276043,202.63486726293698,205.50883531332843,62614961,ITC
2021-10-19,193.6586151123047,206.7292895233663,192.94996461617106,205.82378404215478,61336411,ITC
2021-10-20,194.17044067382812,195.66648638712743,190.82403018299684,193.65864508356523,49663940,ITC
2021-10-21,192.67437744140625,195.5483454293724,191.41455295195846,195.27275843238885,23385990,ITC
2021-10-22,186.29652404785156,193.54051850812448,184.01309589389874,192.67439144816584,36905793,ITC
2021-10-25,183.7769012451172,186.33591678313033,181.4934727636496,184.32807535820828,23194065,ITC
2021-10-26,186.37527465820312,188.18627333269242,183.1469748432162,184.32805496785062,19663381,ITC
2021-10-27,187.75320434570312,189.9972540219873,185.98157173276883,189.1705054451144,26909428,ITC
2021-10-28,177.24154663085938,185.78473183439743,176.4935175841915,185.11544728429377,48064941,ITC
2021-10-29,175.7454833984375,179.7217993361874,175.03683290975596,177.1627843758006,27668175,ITC
2021-11-01,178.6194610595703,179.17063507818324,175.19431892448145,176.4935094780662,24090945,ITC
2021-11-02,177.63522338867188,180.50920398031298,176.76909635360414,179.5249664445833,14896284,ITC
2021-11-03,175.15496826171875,178.61947670813132,174.56441570622468,177.95020460747324,18530527,ITC
2021-11-04,178.3832550048828,178.97379503947474,176.375401418994,177.04468594762358,7295341,ITC
2021-11-08,180.94229125976562,181.65094187945968,177.713991219528,180.86354675653666,21051238,ITC
2021-11-09,180.1155242919922,181.80841252185562,179.40687369524335,180.98165141275842,11964518,ITC
2021-11-10,181.76904296875,183.34382065558341,178.89506214873856,179.09191715793088,13948380,ITC
2021-11-11,181.09974670410156,182.28083925097576,179.95803264292795,181.41469972566526,8448263,ITC
2021-11-12,183.3831787109375,184.20993976806014,180.43046599721686,182.04462210226785,12312123,ITC
2021-11-15,187.47760009765625,188.18625058223392,183.5406377110322,184.20992219017202,40247848,ITC
2021-11-16,185.39100646972656,188.69803775939988,185.03667500440153,188.2256082829719,15241184,ITC
2021-11-17,188.57994079589844,193.10744329840165,185.5484962693945,185.8240832697439,48496295,ITC
2021-11-18,187.00515747070312,191.33580485127737,186.06028600211584,188.97363241847876,21005037,ITC
2021-11-22,181.8083953857422,189.56418520729864,180.74542582947836,187.3201231162149,23443628,ITC
2021-11-23,182.3595733642578,183.22570042218587,180.43046424965607,180.43046424965607,13950744,ITC
2021-11-24,179.2887420654297,183.22569213417566,178.69820205058576,183.02884962167428,14684422,ITC
2021-11-25,182.1233367919922,182.8319872767649,177.75332338967073,178.73756086726274,24825493,ITC
2021-11-26,176.37539672851562,181.13910784159535,175.6667462103829,180.23361480961353,28067913,ITC
2021-11-29,174.40692138671875,176.09980942592364,173.38331785721667,174.80061889109334,22985358,ITC
2021-11-30,174.13133239746094,177.3202659260209,173.2258393773218,174.80061689953843,24408641,ITC
2021-12-01,174.72190856933594,175.82424425017024,173.6982924354063,174.800640593582,13496307,ITC
2021-12-02,177.5171356201172,178.06829719281234,174.24945732994973,174.72189935988953,16517389,ITC
2021-12-03,174.52503967285156,178.10767090197103,174.28883114155934,177.162799344781,14325920,ITC
2021-12-06,171.57232666015625,174.95810288343574,171.2573736341164,174.52503935329582,13644352,ITC
2021-12-07,173.73764038085938,174.76124385749264,171.72978695545592,172.35970542538814,9246755,ITC
2021-12-08,177.1234130859375,177.674587058173,174.0132242296594,174.0132242296594,10241656,ITC
2021-12-09,185.35165405273438,186.17841511074607,175.58802282556195,175.58802282556195,39714672,ITC
2021-12-10,185.90284729003906,188.1469096857232,184.05248245940055,185.9815917939849,36517117,ITC
2021-12-13,184.7217559814453,187.98942186818215,184.36742445097596,187.39888179474096,22903720,ITC
2021-12-14,179.9973907470703,186.69021078676872,179.17062974376594,185.03668878015998,38953007,ITC
2021-12-15,176.41477966308594,182.83200049545155,175.90297164589242,181.09974640239682,35987634,ITC
2021-12-16,175.50926208496094,178.0682770406119,173.85574012198424,177.950179023833,25131188,ITC
2021-12-17,171.61167907714844,175.46989701125088,170.66682007386325,175.43053100544884,30827201,ITC
2021-12-20,167.24166870117188,170.27312570496238,165.19446167918886,170.27312570496238,38778895,ITC
2021-12-21,167.3204345703125,169.6432288894266,166.17872041653217,168.50151473564628,20142586,ITC
2021-12-22,166.9267120361328,168.65896601328555,166.21806154753946,168.50148951330252,17903428,ITC
2021-12-23,171.0998992919922,172.00539237268066,167.87159954077234,168.42277358200553,23065082,ITC
2021-12-24,171.65106201171875,173.58015855145786,170.43060350415095,171.65106201171875,17220191,ITC
2021-12-27,171.2967529296875,172.00540353191394,169.800719701288,171.9660375199406,8467106,ITC
2021-12-28,173.26519775390625,173.6982612415112,171.6510542959858,171.6510542959858,12014352,ITC
2021-12-29,170.6668243408203,173.46206036943826,170.31249284772494,173.22583937404133,11923119,ITC
2021-12-30,170.07626342773438,171.57230886224323,169.68257842469333,170.54870539512615,10116360,ITC
2021-12-31,171.69044494628906,172.28098501621568,170.19439928877944,170.78495183604701,7875890,ITC
2022-01-03,172.51719665527344,173.1077366930921,170.9030405760728,171.6904356113912,8064567,ITC
2022-01-04,173.42269897460938,174.5644131026343,172.4778398545935,172.8321589052642,9398805,ITC
2022-01-05,173.65892028808594,174.4069368787036,172.16287462950967,172.95026970820055,11663111,ITC
2022-01-06,172.20223999023438,173.5407965491586,171.80854248090134,172.43844851396216,9295303,ITC
2022-01-07,171.9660186767578,173.73765122686788,171.25736815218178,173.06836670995165,9196075,ITC
2022-01-10,175.82421875,176.92656674829976,172.35971072944602,173.14709324441756,16451394,ITC
2022-01-11,174.76124572753906,176.57224419163154,174.17070573382918,175.8635937037118,8329596,ITC
2022-01-12,175.3911895751953,176.09984021603742,174.48569638641897,175.19434702726107,13665682,ITC
2022-01-13,176.33602905273438,177.79270855985848,175.39115754505113,176.296663045805,11944029,ITC
2022-01-14,175.2730712890625,177.00532543830553,175.03685027695096,176.33604088888322,10976796,ITC
2022-01-17,176.84786987304688,177.63525254446202,174.28885435559903,175.27309205287452,12792728,ITC
2022-01-18,173.81639099121094,178.97379988614793,173.4620719517968,176.84784821764137,14948456,ITC
2022-01-19,173.5014190673828,175.1155625283592,172.20222860210828,173.81637206308469,11915686,ITC
2022-01-20,172.24160766601562,174.9187332871304,171.65106763496712,173.65890873146816,17997322,ITC
2022-01-21,170.90304565429688,173.61954987272554,170.0762845858482,172.04477223263598,17225050,ITC
2022-01-24,166.76925659179688,171.45422360915106,166.06060601373204,170.90304955095164,18023332,ITC
2022-01-25,168.73770141601562,169.05265439902257,164.99759419145724,166.92670304771758,19028606,ITC
2022-01-27,168.97393798828125,169.68258850412488,166.2180679392561,166.33617843812,24041247,ITC
2022-01-28,171.33609008789062,172.63529303763193,169.36761513794596,169.36761513794596,15865353,ITC
2022-01-31,173.38333129882812,173.81639484401165,170.9424265462173,172.04477465299018,15618203,ITC
2022-02-01,179.32809448242188,180.15485543148478,172.5565428737224,174.0132222742642,44871108,ITC
2022-02-02,182.7926025390625,183.69810791296263,180.3123198578633,181.09971475018185,42714702,ITC
2022-02-03,184.6036376953125,185.19417774387864,182.51705204335036,182.7926390629933,28918394,ITC
2022-02-04,184.4855194091797,187.79256350541536,182.3202018299825,186.80832597353665,58889867,ITC
2022-02-07,181.2572479248047,184.83987958485034,179.91869116200988,184.24933946957785,25101983,ITC
2022-02-08,182.08399963378906,182.9107607432294,180.3517453915377,181.33598302506076,16825239,ITC
2022-02-09,181.2178497314453,183.46191175286648,180.115501724103,182.91073774919533,12351873,ITC
2022-02-10,182.87136840820312,183.77686141067338,179.32810345568086,180.07613243407573,20317032,ITC
2022-02-11,183.02886962890625,183.69815420831537,180.9422838680079,182.67453809486338,18793513,ITC
2022-02-14,176.9430389404297,182.22432189577324,176.17705601787924,182.22432189577324,23621214,ITC
2022-02-15,179.805419921875,180.20857355135138,176.21737434048643,178.1928181809996,13371177,ITC
2022-02-16,179.60382080078125,181.17611087246988,178.87814944285026,180.4504395145389,11664158,ITC
2022-02-17,179.52322387695312,180.89393096275387,178.07188094985545,179.84574168807907,14564261,ITC
2022-02-18,178.91845703125,180.16821644496972,178.59592652016735,179.5231809768599,9004891,ITC
2022-02-21,175.77392578125,178.43471698842487,175.08856582411784,177.62842243035578,16750193,ITC
2022-02-22,173.2340545654297,174.88698062987757,171.74240017602617,173.35500193319785,26741024,ITC
2022-02-23,174.1209716796875,175.37074401574475,173.395300305177,174.8063315270111,11438476,ITC
2022-02-24,168.11402893066406,171.9842807836957,166.90458081654236,169.32348982181588,42933709,ITC
2022-02-25,172.5083770751953,174.56444392392865,169.7669503512076,170.53293328412147,24543858,ITC
2022-02-28,174.04037475585938,174.52415148582455,169.9685393647856,171.90367183870865,20806226,ITC
2022-03-02,173.59689331054688,174.64508251587702,171.29893169849586,172.8712091179761,20039140,ITC
2022-03-03,176.90272521972656,177.54776077240024,174.1612857897752,174.20161009458937,29631546,ITC
2022-03-04,181.82118225097656,183.35314821377685,174.96760861866514,175.53202116612752,69409780,ITC
2022-03-07,181.37770080566406,183.03061399137795,177.46713763260496,178.99910345799256,47001716,ITC
2022-03-08,182.9499969482422,184.19975656628327,180.41014062901002,180.53108799331105,37424203,ITC
2022-03-09,184.8448028564453,186.5783519123669,182.30494656552446,183.5950304753054,43923809,ITC
2022-03-10,187.0621337890625,187.4652874177732,183.71598294712075,186.25583930867114,37523806,ITC
2022-03-11,190.56956481933594,191.17428890090787,185.57048770941546,186.98151908443702,43305144,ITC
2022-03-14,192.7062530517578,193.06908236240744,189.72293162439257,190.4889145512315,36465969,ITC
2022-03-15,191.77899169921875,194.6413656631645,190.20670159540308,192.70624626148398,34269168,ITC
2022-03-16,195.6089324951172,195.9314502671168,192.78687004754755,193.51254142306126,22462538,ITC
2022-03-17,197.4634246826172,197.86657827762363,195.68955141999467,197.7456309214188,35541798,ITC
2022-03-21,197.1409149169922,199.7614071721921,196.5765151569361,198.269739991165,29052540,ITC
2022-03-22,201.37400817871094,202.18031545063138,196.37493120227074,197.1812384741912,38368305,ITC
2022-03-23,203.18817138671875,204.55887826971855,200.36610901432374,202.74469349074622,42051087,ITC
2022-03-24,205.48614501953125,206.81654045540617,202.74470553659432,203.1478591533221,39712133,ITC
2022-03-25,204.2766876220703,206.21181990425967,200.9708483522742,205.84897780996297,30412482,ITC
2022-03-28,207.25999450683594,208.0259773936977,203.63163770455793,204.80077418656813,25876007,ITC
2022-03-29,205.28456115722656,207.62283423882658,204.5992012887139,207.26000492886845,18820674,ITC
2022-03-30,200.93052673339844,206.73589773439286,200.48706160287966,205.68770858744202,18281803,ITC
2022-03-31,202.09963989257812,205.08296087991462,201.1723982114341,201.2530212565626,26644916,ITC
2022-04-01,204.23635864257812,205.88927174773397,200.6080018947724,201.57555517616808,14856664,ITC
2022-04-04,205.96994018554688,207.94538414094924,202.4625302368793,204.0751320715415,16520039,ITC
2022-04-05,209.1951141357422,211.13024628404852,205.68770468535183,206.45368757316572,28230046,ITC
2022-04-06,209.31607055664062,212.33970348940832,207.46157415796623,207.62283304780362,20352716,ITC
2022-04-07,206.93748474121094,211.41246043318327,206.2521248806672,208.02598543545855,16679649,ITC
2022-04-08,215.92776489257812,216.77437088247606,206.4133880353562,208.02598973458663,39283623,ITC
2022-04-11,215.68589782714844,220.2414972534464,214.476449591873,216.69377561555507,47924937,ITC
2022-04-12,213.5088348388672,216.61311630671662,212.1381279200194,215.2020723065873,24460888,ITC
2022-04-13,217.33877563476562,218.18538159443972,212.58159376450095,213.9119891605937,22239115,ITC
2022-04-18,217.78225708007812,219.71738941664793,215.48430819307558,216.08901947983708,25339139,ITC
2022-04-19,210.88836669921875,219.71738380228194,208.67104092963092,219.31421740068245,24280577,ITC
2022-04-20,209.2757568359375,214.03293875590498,207.66315517742856,211.97687196073184,25454589,ITC
2022-04-21,209.9611358642578,213.22665100721966,209.31608747573918,209.39672331569048,24313956,ITC
2022-04-22,210.52552795410156,212.05749377102563,208.46944839397293,209.6385849089521,16274820,ITC
2022-04-25,205.80865478515625,208.83228762728925,203.59131636804125,208.67102874228564,25140992,ITC
2022-04-26,208.7919921875,210.20301073425622,206.61496512964095,206.8971713943982,21327644,ITC
2022-04-27,207.62286376953125,208.4291711150562,206.21184508040974,206.57467444197397,17219401,ITC
2022-04-28,210.52552795410156,212.62190626474379,208.14693061957095,209.23544407946432,28999835,ITC
2022-04-29,209.2757568359375,212.0574950162911,208.42913809038868,212.0574950162911,21206335,ITC
2022-05-02,212.17845153808594,213.26696505137113,207.26001051760238,208.02599346363607,19696250,ITC
2022-05-04,209.43699645996094,214.51669568899095,208.50975474414105,212.8637826547382,26951488,ITC
2022-05-05,211.29153442382812,213.83139092878088,209.96113887329463,211.25122289179004,18623544,ITC
2022-05-06,215.00051879882812,215.56493133244766,208.75166939862066,208.8323052364364,35818441,ITC
2022-05-09,212.01718139648438,214.59736191248055,210.08206198077386,214.59736191248055,22228031,ITC
2022-05-10,209.43699645996094,215.12143243520853,208.9128955389151,211.2511811445572,18727774,ITC
2022-05-11,206.1311798095703,211.41246278167694,202.98659949875966,208.83229497675688,18012072,ITC
2022-05-12,203.91384887695312,206.73589855721096,200.89021600572949,205.60707357429612,20816708,ITC
2022-05-13,208.509765625,210.32393762723868,205.2039266069546,205.56675589659076,12380764,ITC
2022-05-16,204.8814239501953,209.59829479661943,203.99449359145518,209.59829479661943,8502159,ITC
2022-05-17,213.42822265625,214.0732582327937,205.4458243458276,205.60708323996352,18483427,ITC
2022-05-18,215.1214599609375,215.92776720771263,212.1784500095351,214.47642438514129,20978307,ITC
2022-05-19,222.25721740722656,225.1599029308869,211.73497599544325,211.73497599544325,81302807,ITC
2022-05-20,225.76461791992188,227.65942563276792,223.34569651450448,223.34569651450448,33617466,ITC
2022-05-23,221.32997131347656,226.1274904708716,220.16084753074523,225.76464837799926,22535903,ITC
2022-05-24,218.38697814941406,221.73312880083532,217.70161829733135,221.73312880083532,16146766,ITC
2022-05-25,219.87860107421875,220.84617986787484,218.10474069125786,220.08019702560142,15877459,ITC
2022-05-26,220.28396606445312,221.56418425757377,217.929962440469,221.56418425757377,19129574,ITC
2022-05-27,222.34884643554688,223.58778318265777,218.9210970032313,222.18364265327773,13986762,ITC
2022-05-30,222.22494506835938,223.835570655958,221.02728966132824,223.4225742982746,12274291,ITC
2022-05-31,223.54647827148438,226.72642206707778,220.0361530846581,222.22495270655295,24102167,ITC
2022-06-01,224.53765869140625,226.39605082828868,223.17479939791943,223.5464882961431,15265925,ITC
2022-06-02,225.90048217773438,226.68514125578938,221.2337828455851,223.58778625686693,14789457,ITC
2022-06-03,225.2396697998047,227.7175692475997,224.33111452208075,227.13939532749225,12968807,ITC
2022-06-06,226.97422790527344,227.80019452013295,222.7618321997438,224.9919394421526,11345943,ITC
2022-06-07,226.23086547851562,227.13942085836277,224.86803240874488,225.65269149342043,11245578,ITC
2022-06-08,221.2751007080078,226.64384438903687,219.87096009350418,226.27215548923564,14915091,ITC
2022-06-09,223.71168518066406,224.41375546325983,219.4992765736481,221.1925041323462,10239939,ITC
2022-06-10,223.13351440429688,223.83558469699466,221.977166413632,222.2249590083627,8693455,ITC
2022-06-13,218.5906982421875,222.26621379010152,217.2278522224148,220.03613305797234,11519902,ITC
2022-06-14,219.25148010253906,220.90340014110433,217.26917867397242,217.39306187880416,7708043,ITC
2022-06-15,217.55824279785156,220.7794806446632,217.26915583984268,219.70574778428298,5254329,ITC
2022-06-16,215.32814025878906,221.27507021620568,214.33699617301733,220.531692519041,14843837,ITC
2022-06-17,217.47567749023438,218.17774780469682,213.552355698647,213.92404460226564,17296080,ITC
2022-06-20,218.13644409179688,219.82967165509365,215.86504253991671,217.47566820974785,17738981,ITC
2022-06-21,222.92701721191406,223.71167626793147,218.13643480874302,218.87979946406426,14417711,ITC
2022-06-22,219.12757873535156,223.2573983689782,218.797197353,220.5317061546247,11756920,ITC
2022-06-23,219.29278564453125,220.73823374847439,216.73231010910726,219.29278564453125,9416459,ITC
2022-06-24,219.5818634033203,221.64677983019354,219.04499691203588,219.78836159028685,7283228,ITC
2022-06-27,222.96829223632812,223.5464661840021,220.11872998604753,220.5317001584795,8487729,ITC
2022-06-28,224.53765869140625,224.86804009745464,221.81196628155058,222.10106637254168,11673046,ITC
2022-06-29,226.3547821044922,227.13944125964449,222.30756384531153,222.39015265713823,16635367,ITC
2022-06-30,225.90048217773438,226.8916263536275,224.66151923647192,226.27214488299626,20003893,ITC
2022-07-01,234.86215209960938,235.39901855813434,224.00074340239433,225.9004690169087,36520000,ITC
2022-07-04,241.09815979003906,242.25450776340497,235.23383111857387,235.9359014007687,41417701,ITC
2022-07-05,236.96835327148438,242.00671536934345,236.01851657460995,242.00671536934345,19283789,ITC
2022-07-06,238.9506378173828,239.52881173193077,235.64679809587176,236.30756080475118,18997440,ITC
2022-07-07,241.1394805908203,242.13062483250513,238.28991799099774,240.35482146068003,14326277,ITC
2022-07-08,242.0480194091797,243.20436736699975,239.85921978738577,241.92412311533346,11538313,ITC
2022-07-11,243.65867614746094,245.26930199589077,241.22208362701988,242.0067428034385,12828405,ITC
2022-07-12,241.75892639160156,243.9476996632051,240.27217098300977,242.00669278258547,14616684,ITC
2022-07-13,242.8739776611328,243.49343293204035,241.75893723180653,242.0067036339,9634877,ITC
2022-07-14,240.23092651367188,244.77370370175507,238.82678586385754,243.08048912957122,13930984,ITC
2022-07-15,242.4609832763672,242.83267214820577,239.11586196116835,241.18076523522785,11450042,ITC
2022-07-18,243.9064483642578,244.7324149671778,242.62620405629954,243.65865576567,11751684,ITC
2022-07-19,243.32827758789062,244.15424420176777,241.75895934550684,243.6586589980178,9542292,ITC
2022-07-20,246.30169677734375,247.37545582011504,242.50227190728475,243.57603095005604,16397373,ITC
2022-07-21,247.41677856445312,249.60557832547528,246.13653423135128,246.96250085049297,16660697,ITC
2022-07-22,248.24273681640625,249.85336250745388,246.2191409182665,247.78845911775784,10351425,ITC
2022-07-25,248.69699096679688,250.22502770716503,246.79729154608424,246.96246914243397,11050533,ITC
2022-07-26,249.81201171875,250.88577071905152,248.16010499957042,248.61438261948393,10114261,ITC
2022-07-27,251.2161865234375,251.9182567918126,248.2840353339806,250.1424273758432,9706094,ITC
2022-07-28,250.6380157470703,252.08346379233228,249.7707678616067,251.83567120302354,11256515,ITC
2022-07-29,250.30763244628906,252.66163584966696,248.90349190231746,251.9182580874055,17584873,ITC
2022-08-01,253.98313903808594,255.05689809660817,250.34891788172524,251.09226940138336,16501510,ITC
2022-08-02,256.00677490234375,261.54072247929173,254.56135294553908,256.04808239546793,40483892,ITC
2022-08-03,254.52000427246094,256.7914186615352,250.80319433755776,256.7914186615352,18376724,ITC
2022-08-04,255.63511657714844,256.33718690964423,253.6941093778855,254.39615353326226,16514348,ITC
2022-08-05,256.7501220703125,257.53478110618533,255.30470028603258,255.63508166023612,10477269,ITC
2022-08-08,258.6498718261719,259.3106608802243,256.08940913378075,256.83276082604897,8627072,ITC
2022-08-10,257.03924560546875,259.4345568410696,256.66758284839733,258.64987147651317,9267241,ITC
2022-08-11,252.95071411132812,258.89763160348264,252.16605502237957,258.5259427159437,11305242,ITC
2022-08-12,254.85040283203125,255.55247308622108,251.5052815179966,252.95070333848875,6669853,ITC
2022-08-16,256.5023193359375,257.2869783407319,254.85038635323346,254.85038635323346,8941455,ITC
2022-08-17,258.1542663574219,258.73244031509876,256.874022152772,257.4521961104488,8283028,ITC
2022-08-18,260.7147521972656,261.0038522908399,258.19557104865856,258.52595245765906,10264507,ITC
2022-08-19,257.6999816894531,261.1277178536069,257.03919277211645,261.1277178536069,10823811,ITC
2022-08-22,259.6823425292969,261.82986130123504,256.8740870094798,257.0392646521689,11793184,ITC
2022-08-23,260.9212341308594,261.00382292953924,257.78257183275747,258.4846420643243,9698555,ITC
2022-08-24,259.4345703125,263.85345172472415,258.5672960876847,260.7974036315165,11783894,ITC
2022-08-25,257.98907470703125,261.334222321047,257.3696194085465,260.54956323669603,8057930,ITC
2022-08-26,258.44329833984375,260.50820125712465,257.6999469017207,259.9713348753073,7224507,ITC
2022-08-29,258.9802551269531,260.13657696446035,255.09821469092915,256.0480775980396,11798961,ITC
2022-08-30,264.7206726074219,265.4640241874967,259.5583881513092,259.5583881513092,18516092,ITC
2022-09-01,262.3253479003906,265.87698036201425,261.00382241565404,263.89469213490935,13765474,ITC
2022-09-02,266.90948486328125,267.8180665355072,262.69708882441705,263.2339553868557,26750910,ITC
2022-09-05,271.617431640625,272.2369131163737,267.4050361368849,268.4374878117214,18144801,ITC
2022-09-06,270.21331787109375,272.56729513005047,269.5938363939382,272.56729513005047,12431779,ITC
2022-09-07,269.3460693359375,271.1631802716919,268.64399898764697,269.2634805235267,8397233,ITC
2022-09-08,272.4847106933594,273.06288468893354,270.5023961118026,271.7413329088565,11331350,ITC
2022-09-09,272.9803161621094,275.2929861390914,272.5673197476658,273.0629049741503,9770432,ITC
2022-09-12,273.3106689453125,274.54960570456757,272.5672911834894,274.2192243139073,9048240,ITC
2022-09-13,276.2015380859375,276.69709708202555,273.062875617502,273.9714309836329,10925371,ITC
2022-09-14,276.98614501953125,280.0008844500612,273.3518980619933,273.393205544357,12739464,ITC
2022-09-15,275.9537353515625,278.39032746072826,274.9625650416018,277.8534348171276,8742900,ITC
2022-09-16,273.64105224609375,276.3667183709045,272.3195004971111,274.508300130491,12973988,ITC
2022-09-19,277.1927185058594,278.26647779585454,271.823974410124,271.823974410124,14918717,ITC
2022-09-20,277.5230407714844,280.4964992114063,276.6970742765917,279.7944289996032,9892945,ITC
2022-09-21,281.6115417480469,285.121892834061,277.1100727439219,277.52304290598715,21800547,ITC
2022-09-22,284.998046875,288.0540946744189,281.57031015782064,281.6528989693943,25111230,ITC
2022-09-23,286.113037109375,288.7148328987913,283.5525749841519,287.02159240818236,23718397,ITC
2022-09-26,274.7148132324219,285.7413740994733,274.0127429512819,284.8328187184961,16829922,ITC
2022-09-27,276.5732116699219,280.45525205089524,275.87114137263256,276.6971079680975,10375837,ITC
2022-09-28,268.39617919921875,275.29293264978725,267.85928658247207,274.17789228396856,16151900,ITC
2022-09-29,275.08648681640625,276.6145237344205,270.70888734748166,271.74133906460094,18985406,ITC
2022-09-30,274.3844299316406,277.3166076109009,272.69121531523365,275.0865002748844,12906555,ITC
2022-10-03,267.9418640136719,275.04515459572417,266.99202745724295,274.9625396261199,9462192,ITC
2022-10-04,274.9212951660156,275.8711318497507,270.91538480226563,271.49355878142114,9142294,ITC
2022-10-06,278.0599060058594,280.2487054281175,274.67347742175554,276.69707307490677,23091432,ITC
2022-10-07,275.9537353515625,278.2251236833629,273.6410395311418,278.18381619474263,10910698,ITC
2022-10-10,270.79150390625,273.7649627746661,269.3047744720419,272.5673072579149,9750594,ITC
2022-10-11,269.5111999511719,272.9389357722804,268.52002976292,271.74128052051356,11018577,ITC
2022-10-12,272.6498718261719,273.7649384355314,268.23099140909665,270.87406863238516,10735673,ITC
2022-10-13,271.4522399902344,273.6410395218355,270.91537352376776,272.5259991002834,7546587,ITC
2022-10-14,274.30181884765625,275.78854822524454,273.2693671638556,274.467022634996,6672357,ITC
2022-10-17,274.42572021484375,276.49062362060135,272.2369205105713,273.47585731860227,7195922,ITC
2022-10-18,281.0746765136719,281.6528504493247,275.49944841618117,275.8298297826807,21691854,ITC
2022-10-19,286.0718078613281,286.9803633254826,280.6617563938779,283.38742278634123,16923690,ITC
2022-10-20,288.8387451171875,289.8711967570723,284.79152735924646,286.60863805710517,19186222,ITC
2022-10-21,285.4522705078125,291.729568717296,284.543715221326,291.729568717296,28426343,ITC
2022-10-24,287.1867980957031,288.83873111025656,286.60862415832094,288.2192496855203,3292671,ITC
2022-10-25,286.030517578125,288.67359531755864,283.84171759810397,288.6322878204771,17906260,ITC
2022-10-27,285.6175231933594,287.723708001335,284.0068974229033,286.31956734460533,19273344,ITC
2022-10-28,285.6175231933594,287.9301931150614,285.03934916865416,287.062945166563,13572499,ITC
2022-10-31,288.0127868652344,289.4995162224048,284.7502280712986,287.43461288316155,14358449,ITC
2022-11-01,288.6735534667969,289.49952004883465,286.7738538875155,288.4670683655667,20422565,ITC
2022-11-02,292.92724609375,294.24877163638735,287.8475766628655,287.8475766628655,17427813,ITC
2022-11-03,292.14263916015625,296.1072426726224,291.5644650878048,292.3904317878956,11149636,ITC
2022-11-04,292.0599670410156,294.0422814980806,291.15141170175997,292.39037459812306,8709851,ITC
2022-11-07,291.9773864746094,294.3313898669706,289.08651659676076,293.21632322879685,10437370,ITC
2022-11-09,297.9243469238281,298.54382847907294,291.7296360798615,291.9774287019594,21404869,ITC
2022-11-10,294.04229736328125,297.26354871339765,292.47297917936925,296.5201971125878,20071989,ITC
2022-11-11,294.3313903808594,298.1308156302202,292.92724984100755,297.3461303799853,11372654,ITC
2022-11-14,286.7738342285156,294.82693586425324,286.27824907784293,294.33137689069605,18319254,ITC
2022-11-15,285.1632080078125,288.21925534997126,280.1248200675382,288.21925534997126,16046491,ITC
2022-11-16,284.21337890625,286.48476748246463,282.1897567570709,285.5349045589136,7897812,ITC
2022-11-17,283.8829345703125,286.9802890814712,282.9743793412083,284.2133159102492,10379179,ITC
2022-11-18,281.69415283203125,284.75020004960976,280.6617012640111,283.88295225040315,8140173,ITC
2022-11-21,278.51422119140625,280.8269172079522,276.20155135197825,280.0835655895584,9553090,ITC
2022-11-22,281.03338623046875,281.6528676912749,277.27526850722194,278.3490276469138,6746019,ITC
2022-11-23,280.6617126464844,282.478823291556,278.7619870250983,282.478823291556,8067471,ITC
2022-11-24,281.4464111328125,282.8918331184242,278.80333359391636,280.66175198764506,8454385,ITC
2022-11-25,281.0746765136719,282.39622815678473,279.0097733402139,281.6528504493247,7200274,ITC
2022-11-28,280.8682556152344,282.272396376565,279.7944962959014,280.82694811856436,10284123,ITC
2022-11-29,282.7266540527344,284.95673517212254,280.82692817476186,280.82692817476186,10582296,ITC
2022-11-30,280.826904296875,284.2546406719797,280.00093773220857,281.85935595842886,23425220,ITC
2022-12-01,280.4552917480469,282.2310953113914,278.1838767447306,282.2310953113914,17270904,ITC
2022-12-02,278.4729309082031,281.4876971310472,278.14254951321044,280.29004166922135,8711914,ITC
2022-12-05,278.142578125,279.877100259975,275.9950595709625,278.88592979592084,10090597,ITC
2022-12-06,278.5968017578125,279.34015328437266,275.95372466215963,275.95372466215963,6571118,ITC
2022-12-07,280.9095458984375,282.0658677860122,278.05995705372226,279.58799403430766,10191144,ITC
2022-12-08,279.50537109375,282.6027259937334,278.7619933527383,280.9921003986574,6439244,ITC
2022-12-09,281.9832458496094,282.89180119697886,279.1749910060446,280.62041282855523,8445424,ITC
2022-12-12,283.469970703125,284.1307596357325,280.9095084813154,281.65286003696474,11646572,ITC
2022-12-13,285.4522705078125,285.7826518686154,282.8091934442751,284.543715221326,11105261,ITC
2022-12-14,285.287109375,286.8977351103185,283.9242762415949,285.7826945788267,7664099,ITC
2022-12-15,279.8770751953125,285.86527405280185,279.17500490518864,284.7502335577192,8469001,ITC
2022-12-16,276.77972412109375,279.9183605491572,273.64106151591244,278.762012546044,12907968,ITC
2022-12-19,281.2398681640625,282.7678786461262,276.98616571590406,278.18379484570767,8113695,ITC
2022-12-20,280.9508056640625,281.6115684568815,278.1425507060231,280.86821685923945,5693354,ITC
2022-12-21,276.8210144042969,281.85937679089994,276.284147877286,281.652891678751,7316532,ITC
2022-12-22,274.59088134765625,278.67938003214726,272.48467077722,277.23395834350976,6838031,ITC
2022-12-23,269.84161376953125,274.13662402235815,268.72657335064105,273.3106574917627,10461859,ITC
2022-12-26,276.36669921875,276.7796955641752,268.85046415112413,269.67640448774426,9934633,ITC
2022-12-27,275.1690673828125,277.8534258052888,272.6911678653941,277.19266307148985,6986433,ITC
2022-12-28,276.2015380859375,276.69709708202555,273.80622720019244,274.92129383990306,8035558,ITC
2022-12-29,276.98614501953125,277.3165263471053,273.8474831419103,276.1601786120403,8417520,ITC
2022-12-30,273.8475341796875,278.1425445928473,272.9802863053131,277.02747795521594,7228324,ITC
2023-01-02,274.9212951660156,275.8711318497507,272.2782178580357,273.31066952244794,6181118,ITC
2023-01-03,273.475830078125,275.3342481936164,272.7737598488454,273.80621144888335,6228015,ITC
2023-01-04,270.0894470214844,274.6322243582212,269.2634803664996,274.09535781218494,6947412,ITC
2023-01-05,275.4168701171875,275.7885590204129,271.08057811091294,271.45226701413833,8486143,ITC
2023-01-06,276.7384033203125,278.80330662983584,275.1277776917996,276.4493032448786,8603181,ITC
2023-01-09,279.21630859375,281.90069367244115,277.64699027661214,278.30775312834186,11027747,ITC
2023-01-10,275.3756103515625,279.50541757160306,274.67353998290116,279.09242114332676,7217255,ITC
2023-01-11,274.0540466308594,276.779739173355,273.6410763974821,276.779739173355,4760847,ITC
2023-01-12,272.4433898925781,275.5407448224612,270.9979680628125,275.3755672187192,6894087,ITC
2023-01-13,271.53485107421875,274.4257210868893,269.5938439608081,272.4434064814698,14967746,ITC
2023-01-16,272.7325134277344,274.38442049284765,270.5437136614806,272.8564097297577,8571826,ITC
2023-01-17,274.42572021484375,275.45817191772255,271.82395030026686,272.7325057046308,14240647,ITC
2023-01-18,276.4080810546875,277.9773995289192,274.54966244318445,275.87118827893283,13039078,ITC
2023-01-19,274.3431396484375,277.2340097387525,273.9301432486104,275.8711504141537,8667564,ITC
2023-01-20,276.36669921875,276.8622843624142,271.9478189447949,274.2192072247305,13608325,ITC
2023-01-23,278.968505859375,279.29891345037254,275.0864915248994,277.5230839015149,7399204,ITC
2023-01-24,279.9596862792969,281.4464157834227,278.8446456954824,279.0098233197633,12776694,ITC
2023-01-25,280.2074890136719,281.652911075375,276.90362228328684,279.91838889505897,12978859,ITC
2023-01-27,285.7826843261719,288.1366877827789,282.06584778505237,282.313640378076,21850457,ITC
2023-01-30,284.7915344238281,290.5319667310704,282.3549422107496,286.52605636311534,14634225,ITC
2023-01-31,291.02752685546875,293.2163264889536,281.694180516648,285.7826797040602,17794183,ITC
2023-02-01,298.50250244140625,302.05413539091774,271.8239609151385,291.5644403392269,67003785,ITC
2023-02-02,312.7090148925781,317.7473765717263,297.67651865297285,298.66766275838864,57892084,ITC
2023-02-03,314.4022216796875,315.72374712187093,307.25764949867965,315.4346732478112,23153980,ITC
2023-02-06,316.6736755371094,320.63830503971246,313.5350126956419,315.93032386607115,26783409,ITC
2023-02-07,308.2901611328125,317.0866418304203,304.32555785670064,317.0866418304203,21438758,ITC
2023-02-08,310.18988037109375,311.63530234613074,306.8860138388054,309.5290913583647,10821785,ITC
2023-02-09,309.1160888671875,313.86537687881804,307.38156697190806,308.90960377475056,12318006,ITC
2023-02-10,306.7208251953125,311.3461910554725,305.8535510997639,307.42289549933633,10674456,ITC
2023-02-13,309.0747985839844,309.8594576851963,305.6057546003046,308.08365437884055,10282470,ITC
2023-02-14,319.19281005859375,320.1839803775418,308.7030899714619,309.73556777940473,30246745,ITC
2023-02-15,320.85595703125,321.4016217851001,317.79178430847446,320.4781768449944,12679568,ITC
2023-02-16,321.1497497558594,323.41640413620297,319.84852470474647,320.6880273125074,10151755,ITC
2023-02-17,321.8633117675781,322.828741055192,318.3794013713562,319.8904953577429,7967611,ITC
2023-02-20,322.4089660644531,325.3052538338516,320.1003540216937,322.9546573517298,8105569,ITC
2023-02-21,320.8978576660156,323.96202984256394,320.43613527827057,323.2064962108482,8577674,ITC
2023-02-22,322.2410888671875,323.12254926502857,319.00903193362467,320.68801045477653,9306194,ITC
2023-02-23,325.38922119140625,330.7620059629958,321.6114727530318,322.74481324821056,19555814,ITC
2023-02-24,323.29052734375,326.5645693953837,319.8485741021876,326.5645693953837,13407431,ITC
2023-02-27,320.85595703125,324.71764796537934,317.41400412221884,323.29049611026613,8455904,ITC
2023-02-28,316.2386474609375,322.57686075128794,314.8115224748693,321.1077513280003,16997837,ITC
2023-03-01,317.91766357421875,319.34481521626765,313.63623525418024,314.1818999265662,8065784,ITC
2023-03-02,315.2732849121094,318.7991532971468,314.5597090253691,318.58928429660216,5212922,ITC
2023-03-03,323.1645812988281,323.54236149901516,315.7350370590492,316.4905708533101,8495772,ITC
2023-03-06,325.8509216308594,329.50274310094,323.41638285284193,323.96204753922774,11126980,ITC
2023-03-08,329.4188537597656,330.04848747770455,323.2905341983266,325.72507356416486,9261146,ITC
2023-03-09,325.3052673339844,330.4261984799356,323.7521888925352,329.16695791400014,10005328,ITC
2023-03-10,325.72503662109375,327.57192650942363,321.9472879541555,324.84357612206804,8684320,ITC
2023-03-13,322.0732116699219,328.15957264032426,321.1078088957629,326.732420792291,9130473,ITC
2023-03-14,318.7572021484375,324.42379831258455,316.6584588867369,323.79419129774107,10623744,ITC
2023-03-15,318.50537109375,322.61891562561215,317.3300726560751,319.84855410474245,8748113,ITC
2023-03-16,320.226318359375,320.9818787200227,316.364627485881,319.5127424430228,16315136,ITC
2023-03-17,315.2732849121094,323.2065353391372,310.3202381474808,323.2065353391372,50787703,ITC
2023-03-20,318.00164794921875,318.463370411472,312.2930672313096,313.3844233266862,10512002,ITC
2023-03-21,316.4485778808594,318.00165648015326,314.0140387776578,318.00165648015326,12057999,ITC
2023-03-22,317.12017822265625,318.0436231202378,314.139947920916,316.44856016486983,4958761,ITC
2023-03-23,319.5547180175781,321.3176655373776,314.3078599013099,316.4905454279664,10127917,ITC
2023-03-24,317.91766357421875,321.5275005119195,317.3300144631462,320.2682600185091,10317108,ITC
2023-03-27,319.17694091796875,322.70283599148394,315.9448837369688,317.2880666567205,11232922,ITC
2023-03-28,318.7991638183594,320.9818759931685,317.45598088565663,319.17694399547383,9523719,ITC
2023-03-29,321.31768798828125,322.3670596848559,316.6164942736706,319.1769601490683,10551626,ITC
2023-03-31,321.947265625,322.78676822677375,319.00904642795757,320.6880250253946,9877493,ITC
2023-04-03,318.0856018066406,322.3670574554572,317.74980605879256,322.3670574554572,7331070,ITC
2023-04-05,324.3818359375,324.9275006639533,318.08557963436516,318.08557963436516,12055499,ITC
2023-04-06,325.1793518066406,327.65584858262633,322.53491726045695,324.591702641501,13394394,ITC
2023-04-10,326.1867370605469,327.4040198262392,322.9966378104752,325.1793499002608,7044256,ITC
2023-04-11,332.44097900390625,334.2039264718616,325.7250114550278,326.18673389143686,18939829,ITC
2023-04-12,330.3841857910156,333.952064796574,329.1669297702602,333.91008035905895,10122932,ITC
2023-04-13,332.1051940917969,332.9446967142466,330.51015773342004,332.02125181138524,6292395,ITC
2023-04-17,335.9248962402344,337.47794801298824,329.8385360430229,329.8385360430229,11466474,ITC
2023-04-18,334.5397033691406,337.47794898377504,333.2804628503284,335.7989704940616,9860308,ITC
2023-04-19,334.7496337890625,336.93231935583754,332.4409948905821,332.4829793344839,10119480,ITC
2023-04-20,336.05084228515625,338.0236587472074,333.8681302200744,335.79898884640755,6924577,ITC
2023-04-21,342.724853515625,343.3544871641832,335.00149819461507,336.0508698714704,14801099,ITC
2023-04-24,343.10260009765625,344.1939561128873,339.32485178856473,344.1939561128873,6212135,ITC
2023-04-25,345.4952087402344,347.17418742929436,342.0112714224472,343.1026275249201,9180650,ITC
2023-04-26,346.0827941894531,346.7124011045941,343.3964021756401,345.8728986116325,7914219,ITC
2023-04-27,349.23095703125,350.4062553632205,345.03347059024406,346.04085775788565,13100076,ITC
2023-04-28,357.24810791015625,359.5147354234288,347.3000576960502,350.90989454831663,13208557,ITC
2023-05-02,356.32470703125,358.4654081012991,353.59633018552336,357.6259320928701,10648421,ITC
2023-05-03,358.5913391113281,359.7246796272577,354.30991031392773,355.9469311197148,7607609,ITC
2023-05-04,356.4506530761719,358.4654275329511,355.9469461589209,357.03830227759386,8292456,ITC
2023-05-05,359.9345703125,362.578978463399,356.2407904691982,357.58397346453967,12890455,ITC
2023-05-08,362.201171875,363.88017710294014,360.4382509736069,361.82341831390767,7522610,ITC
2023-05-09,355.7790222167969,363.62833056708234,353.8481901134796,363.33451927997135,10377820,ITC
2023-05-10,357.0802307128906,357.9197333038093,354.4358228273012,355.9049324068264,10130159,ITC
2023-05-11,352.92474365234375,358.80123542986723,351.66550301604906,358.67530870562666,16597954,ITC
2023-05-12,352.9667053222656,354.855552851783,349.2728993263859,352.92472088152385,11564770,ITC
2023-05-15,359.1370544433594,359.89258823167586,351.79145254826733,352.5889707827564,9503538,ITC
2023-05-16,355.9049987792969,360.9839731075579,355.52724515813003,360.9839731075579,8302077,ITC
2023-05-17,358.9691467285156,360.1024607249822,354.7716598908181,356.07288506748245,9844782,ITC
2023-05-18,352.3370666503906,363.04065112279585,350.9938838393776,360.9838924661413,24919291,ITC
2023-05-19,352.4630126953125,355.19138951321884,345.327280453651,353.38645758005697,26759905,ITC
2023-05-22,356.5765380859375,357.4160140416538,351.8333605843728,354.2259415552699,16015615,ITC
2023-05-23,360.27032470703125,361.9912876995608,356.1148228603138,357.62591685967556,9068926,ITC
2023-05-24,363.92218017578125,364.9715518454359,358.4654262086875,359.5567823233287,11921823,ITC
2023-05-25,370.34429931640625,371.43562871411757,365.01347261947217,366.8184044789324,18905572,ITC
2023-05-26,372.40106201171875,373.3664913098744,368.95913601863043,372.233150853127,13496209,ITC
2023-05-29,377.018310546875,379.2849650000539,372.8208239793013,373.57638433239805,20589822,ITC
2023-05-30,386.17340087890625,387.5038534045596,378.5340511282782,378.5340511282782,19627897,ITC
2023-05-31,382.39666748046875,387.97598863487576,379.7786896234105,385.65842153341305,14821960,ITC
2023-06-01,377.418212890625,383.6842103628602,376.8173641905987,383.6842103628602,9142172,ITC
2023-06-02,380.5941162109375,381.8816685853723,377.5040449197469,377.67572763758034,9558309,ITC
2023-06-05,378.233642578125,383.5554530940748,377.7615491165868,381.96748999447993,7427630,ITC
2023-06-06,380.0791015625,380.7657779886173,378.01904508042327,378.3623832934819,6703067,ITC
2023-06-07,381.06622314453125,382.5254037767352,380.036181282122,381.109123419648,7833952,ITC
2023-06-08,380.1649475097656,382.61126980001274,379.30658833417493,382.568342319929,7294955,ITC
2023-06-09,376.34527587890625,381.7099867726844,373.5127150558858,373.5127150558858,7329661,ITC
2023-06-12,375.0577087402344,378.49111788734564,372.39680372945446,377.6756862753256,9054977,ITC
2023-06-13,382.310791015625,383.1691500995419,376.21647688465555,378.53404369085877,16732376,ITC
2023-06-14,381.5382995605469,384.32793267131706,380.8945234252868,383.04040760452125,9039402,ITC
2023-06-15,384.6283874511719,385.1863086570211,381.7528992605887,381.9674822471672,7787525,ITC
2023-06-16,388.920166015625,391.0660503441356,384.4567146426835,385.40090157093005,12181426,ITC
2023-06-19,389.3493347167969,391.32356354688983,388.19056478835836,390.3364491318434,4350517,ITC
2023-06-20,388.7055358886719,390.37929934637066,386.3879691252716,390.37929934637066,4644353,ITC
2023-06-21,383.72711181640625,389.8643540714859,382.01042067086826,387.975980209531,6292873,ITC
2023-06-22,384.24212646484375,385.95884478597384,382.697090857317,384.5425372089923,6892713,ITC
2023-06-23,381.7528991699219,384.24212166183725,379.99328059518047,384.11336642917564,6325479,ITC
2023-06-26,382.568359375,387.460976969883,381.1091514318163,383.59837410939156,5688287,ITC
2023-06-27,382.0533142089844,383.8558602828028,380.3795233692762,382.9116733684778,5052984,ITC
2023-06-28,385.7013244628906,386.7742665852522,381.5383112044259,381.9674771718805,12548096,ITC
2023-06-30,387.6326599121094,387.933070675078,383.34086384041257,386.2592797284209,9456776,ITC
2023-07-03,397.6324462890625,399.9499860582149,386.3021762961916,387.6326288913875,11111199,ITC
2023-07-04,400.2933349609375,401.70964255111215,394.67114089487524,399.1345650454297,8022597,ITC
2023-07-05,407.803955078125,412.5678446751099,398.5337407783372,400.2933594993313,16878943,ITC
2023-07-06,406.77386474609375,409.7781078600926,403.85547658086824,409.7351803857059,9835812,ITC
2023-07-07,402.0529479980469,408.1472622331097,401.36624439695015,406.0013780885266,7605499,ITC
2023-07-10,399.86419677734375,404.19889319750484,398.0187230764531,403.4263617309754,6772454,ITC
2023-07-11,406.130126953125,407.3317970278463,399.9928853379448,399.9928853379448,8783282,ITC
2023-07-12,405.4005432128906,410.0785501321813,403.81258018675834,410.0785501321813,12816220,ITC
2023-07-13,405.14306640625,409.22025219887996,404.28470720721316,406.7739298418112,8214385,ITC
2023-07-14,405.9155578613281,407.718103961429,404.58510522527325,406.00141282113736,5277090,ITC
2023-07-17,405.4434814453125,408.404797590093,403.9413732339311,407.2889551029162,6325310,ITC
2023-07-18,405.57220458984375,407.0314124077616,404.28467948145015,405.61513206815613,5558415,ITC
2023-07-19,411.0227966308594,412.3961495805734,401.7954828864581,405.7868136998256,14401395,ITC
2023-07-20,422.4389343261719,423.7693871222688,408.8340227846411,411.9240944126014,21030102,ITC
2023-07-21,420.97967529296875,427.2027452802702,418.01835927513474,422.1384452121807,14510084,ITC
2023-07-24,404.5851135253906,428.919472774112,401.8383804408482,423.5547346399295,40477929,ITC
2023-07-25,396.8170166015625,402.13879980516936,390.89435750965157,401.6237788744661,45211370,ITC
2023-07-26,405.3576354980469,406.0014116761696,396.60241549420846,399.04873776734865,18842179,ITC
2023-07-27,399.1774597167969,407.8468240381567,395.78695080095144,407.2030751174403,14528232,ITC
2023-07-28,402.0958557128906,402.9542148273559,397.76118707098624,401.45210677983493,10362522,ITC
2023-07-31,399.73541259765625,403.16882205833537,397.847038754469,402.5679733624371,8510403,ITC
2023-08-01,398.9629211425781,402.4392309902516,398.1045619490417,399.99293585258584,6686176,ITC
2023-08-02,394.92864990234375,398.96293553714946,393.1261036919994,398.79125281075716,10715605,ITC
2023-08-03,391.4522705078125,398.0615782365644,389.95013533038855,394.928579864411,11026824,ITC
2023-08-04,390.50811767578125,396.0445114363515,389.90726895140716,391.6669148466131,7097614,ITC
2023-08-07,390.4651794433594,391.8814597552039,387.074670427447,389.7785030261726,9513953,ITC
2023-08-08,388.27642822265625,392.2677865260814,387.1605584681685,392.2677865260814,6638681,ITC
2023-08-09,393.6839904785156,394.75693254013754,383.5983187770358,388.27635269460086,10134166,ITC
2023-08-10,387.7613525390625,394.24193273120994,385.4008853179906,393.8985945175745,13702317,ITC
2023-08-11,385.1863098144531,389.6068336069002,381.75290040770386,389.6068336069002,12028396,ITC
2023-08-14,385.5726013183594,387.3322200165696,382.01043644013106,385.18633559327105,7854074,ITC
2023-08-16,386.47381591796875,392.6110577135574,384.7141974241364,387.11759205167533,15494896,ITC
2023-08-17,378.5340881347656,386.25926638958845,377.6757289500683,386.25926638958845,16896158,ITC
2023-08-18,379.0920104980469,380.5512183960282,376.38820490169604,378.5340892680003,20068497,ITC
2023-08-21,384.3708801269531,384.97172881651846,378.83448668712066,379.392435101255,9940689,ITC
2023-08-22,389.9072265625,390.6797579257352,383.6841841982633,385.4008752214677,10234488,ITC
2023-08-23,386.6455383300781,391.10896263642394,385.0575751730007,391.0660623589204,8770272,ITC
2023-08-24,387.03179931640625,389.26351144228437,385.6584191748243,386.7742888396267,6322751,ITC
2023-08-25,380.55120849609375,387.1176166624597,379.43533886130297,387.0317889070838,9628041,ITC
2023-08-28,378.8774108886719,383.55544513098135,378.53407266956555,381.9674820643546,7176903,ITC
2023-08-29,377.76153564453125,381.1091172355908,376.9890314639849,380.2078578243325,9845106,ITC
2023-08-30,380.0791015625,381.10911620167593,378.10487283275666,378.53406600187367,7648569,ITC
2023-08-31,377.418212890625,381.88166426278127,374.3281416344115,380.25077367486637,20666732,ITC
2023-09-01,378.57696533203125,381.9674743835826,376.21649812081193,377.67570592546565,11879159,ITC
2023-09-04,375.5298156738281,380.5511879537414,374.8002117832023,380.5511879537414,14128562,ITC
2023-09-05,380.33660888671875,381.53830622437647,376.3881786635184,376.73151687374565,8701612,ITC
2023-09-06,384.0704345703125,384.97172118866524,379.39242758395017,381.0662183857372,13358433,ITC
2023-09-07,382.74005126953125,385.4009295313947,381.62418154440905,385.22927400674706,8401953,ITC
2023-09-08,379.95037841796875,384.4567302500349,379.26370193386344,384.4567302500349,10322317,ITC
2023-09-11,383.8558349609375,384.6283663146376,379.9503323271619,382.82582035972797,9679540,ITC
2023-09-12,387.2463684082031,389.9501739098533,382.4825063700108,385.3150671054277,14961276,ITC
2023-09-13,389.26348876953125,392.26773215076497,387.2034322790102,388.147619169723,12268130,ITC
2023-09-14,386.21630859375,391.323535820513,383.81294115046234,391.323535820513,14986708,ITC
2023-09-15,384.8429870605469,388.0618136094338,383.68421711999105,384.58547658403967,15657801,ITC
2023-09-18,388.01885986328125,389.6926506435505,382.9974875224736,384.8429610100351,8513132,ITC
2023-09-20,388.7913818359375,390.63682807513425,385.8729663086368,387.7184397515577,10343224,ITC
2023-09-21,384.1134033203125,389.30643178942125,381.5383528272174,388.6626827680115,11132308,ITC
2023-09-22,380.33660888671875,384.88588777874793,379.6070049885891,384.1133564029431,7795399,ITC
2023-09-25,379.90740966796875,381.79578339599294,376.25941743916974,380.3366028267079,6005673,ITC
2023-09-26,379.7786560058594,381.5383017176104,377.4181888361012,380.7657703509308,5533023,ITC
2023-09-27,385.5296630859375,386.08758431524456,376.6457148790023,379.7786864629706,10894817,ITC
2023-09-28,378.3194580078125,386.21629079353744,377.3323437082007,386.21629079353744,10610213,ITC
2023-09-29,381.4524841308594,382.4825260540032,376.98905980966003,379.39245469202604,8474326,ITC
2023-10-03,377.4611511230469,380.1649567483239,377.0319579229584,378.5340933176777,7770032,ITC
2023-10-04,374.328125,379.13491438660606,371.9247303066969,377.46112359689323,13912656,ITC
2023-10-05,374.2851867675781,378.1048616803135,373.4268548621111,377.67569572758,10416552,ITC
2023-10-06,379.5211486816406,380.76577349254103,374.800214303173,375.8302289301865,8742804,ITC
2023-10-09,378.0620422363281,380.42250988847496,375.31530882190356,378.49120828081664,5827256,ITC
2023-10-10,381.4524841308594,381.8387498520383,378.0620020104501,378.0620020104501,5207891,ITC
2023-10-11,384.75714111328125,385.7871557668888,381.7957979771746,383.85585448811497,7946195,ITC
2023-10-12,386.8601379394531,388.40517368163955,382.9546347027776,385.95887842473115,12227957,ITC
2023-10-13,384.8429870605469,387.8043031329266,383.68421711999105,386.1305122393563,7926432,ITC
2023-10-16,385.3580017089844,387.11762033136023,382.9975071821044,384.5425428121438,4377288,ITC
2023-10-17,389.2205810546875,390.12186771668456,385.40090581968064,386.08758228347983,7203352,ITC
2023-10-18,387.6755065917969,393.29772738412527,387.11758542128985,389.90721847754884,7160492,ITC
2023-10-19,386.6026306152344,390.46523360420406,383.5554865889753,386.0447093493473,9830006,ITC
2023-10-20,376.216552734375,385.4009396561479,375.40112096155644,381.96752983198763,13521824,ITC
2023-10-23,374.1564636230469,377.632800630929,371.7530959964487,375.9590097457904,7555671,ITC
2023-10-25,371.40972900390625,375.9590081702813,366.56003908686273,375.0148212342857,11308597,ITC
2023-10-26,372.8260192871094,374.7572933458955,368.705906299922,368.705906299922,19525305,ITC
2023-10-27,372.3110046386719,374.92898237526947,370.98055203087665,372.8260255716831,13638258,ITC
2023-10-30,369.47845458984375,375.2294039584859,367.6759084759495,372.99769185716616,7911426,ITC
2023-10-31,367.7187805175781,371.9676486039867,367.2896145631058,369.09216053859353,8952141,ITC
2023-11-01,367.4613342285156,370.03638462181203,365.22959487034984,369.09219766402157,8297973,ITC
2023-11-02,370.07928466796875,371.4097100435163,367.9334004313936,369.1350977801737,8465990,ITC
2023-11-03,371.8818054199219,372.86891979091905,370.03635911281424,371.4955669301622,14334179,ITC
2023-11-06,373.6843566894531,374.9289815402163,371.2809891494467,372.0964208224146,7589690,ITC
2023-11-07,371.40972900390625,373.2981300796239,370.93763553590844,373.2981300796239,5321353,ITC
2023-11-08,375.0577087402344,375.5298021579156,371.06635122406453,371.79595508843073,7248663,ITC
2023-11-09,372.86895751953125,375.959028972627,372.43979150805103,375.78737344952606,8085620,ITC
2023-11-10,374.71441650390625,375.9590142105664,371.23807945474016,372.86894287880256,4236307,ITC
2023-11-13,374.2423095703125,376.3023389149238,373.3839504081949,376.3023389149238,3888975,ITC
2023-11-15,379.3495178222656,379.8216112907805,375.52984259383584,376.04486354266163,7722827,ITC
2023-11-16,376.5169372558594,381.5383096322674,375.61565064270343,379.349497918328,11276031,ITC
2023-11-17,377.03192138671875,378.96322259064704,376.21648975041495,377.03192138671875,6911592,ITC
2023-11-20,374.9289855957031,377.93322905786397,372.9547840084122,377.54696335478775,4502356,ITC
2023-11-21,374.4568786621094,377.07485632698126,373.81310251348316,375.22938283673597,6228803,ITC
2023-11-22,377.418212890625,378.0190615906513,373.21227199044085,375.10067305032794,5074887,ITC
2023-11-23,377.97613525390625,379.6070258467537,376.17361635210193,378.4911561994082,6611803,ITC
2023-11-24,375.7873229980469,379.6069979208294,374.97189136347384,378.53405583244916,7084608,ITC
2023-11-28,373.59857177734375,376.8173985631585,373.2981610017908,375.95903931286216,9082513,ITC
2023-11-29,375.2723388671875,376.38820854179903,372.6543610031265,374.24232415474165,14316126,ITC
2023-11-30,374.07061767578125,376.34525715789107,372.95477527576713,374.8431490638451,15710110,ITC
2023-12-01,386.08758544921875,387.074699876353,375.4440185618797,375.87318455434155,20081576,ITC
2023-12-04,389.735595703125,391.752724785251,387.1176179239576,390.55102739116836,13293194,ITC
2023-12-05,387.7613525390625,392.95440762914575,386.3450722064194,390.5510129299725,12603697,ITC
2023-12-06,397.6324462890625,398.70538842019147,388.061794862349,389.60683044302573,21203900,ITC
2023-12-07,393.21197509765625,398.96295221820054,392.6111263357527,398.9200247338756,11746535,ITC
2023-12-08,385.5296630859375,396.2161846263528,384.97174185663044,394.7998770071899,19386851,ITC
2023-12-11,388.3622131347656,389.3493275315955,385.65840761706403,387.5467814518858,6854157,ITC
2023-12-12,388.920166015625,394.8427980571218,388.27638983558137,389.86435294387155,10549319,ITC
2023-12-13,391.10894775390625,393.8556807624182,388.9201631652517,391.66689617376363,11718443,ITC
2023-12-14,394.92864990234375,395.7011813655176,385.7871908104874,394.8428221410115,14924265,ITC
2023-12-15,393.29779052734375,397.37497648354775,390.5510573024647,396.47368976709555,16397959,ITC
2023-12-18,387.6755065917969,391.4093536958949,386.559637047059,390.5509946002291,12490839,ITC
2023-12-19,391.4952392578125,393.1261027378061,388.01890208942376,389.134771798946,10664235,ITC
2023-12-20,387.1175842285156,394.19898553756065,385.65837649075223,393.98440256523634,10766954,ITC
2023-12-21,387.5038757324219,389.47807729462164,381.49538888446534,385.40089173377436,11584223,ITC
2023-12-22,390.72271728515625,391.32356599323725,386.73135932353364,388.834316199954,11450973,ITC
2023-12-26,391.795654296875,393.898611145563,390.29351894461826,391.45231606874586,6097422,ITC
2023-12-27,392.35357666015625,393.55527406397204,389.478088387006,392.26774890380545,7833901,ITC
2023-12-28,398.362060546875,398.8770542846564,391.4952144071042,392.4394013307172,21493169,ITC
2023-12-29,396.6453552246094,401.6238004767668,396.0015790266033,398.3620736168077,13384631,ITC
2024-01-01,401.7525329589844,403.3834235003086,397.1174262070781,397.8470301222474,9706230,ITC
2024-01-02,403.7267761230469,404.5851080974229,397.93287207365034,403.4263381690342,10924918,ITC
2024-01-03,409.6493835449219,412.610699407938,402.8683926924601,403.6408968636394,24961710,ITC
2024-01-04,408.9197998046875,413.25449592440776,407.03142595569284,412.00987104917436,12240910,ITC
2024-01-05,406.8168640136719,411.494898602191,405.1430730693269,411.494898602191,9564086,ITC
2024-01-08,399.56378173828125,408.1473195214147,398.74832279775234,407.71812631002143,8311403,ITC
2024-01-09,398.748291015625,403.3834249883553,397.9757868226536,401.2804409887197,5916180,ITC
2024-01-10,397.67535400390625,400.63669719235435,394.8857207330158,398.74829615510856,6123200,ITC
2024-01-11,397.117431640625,400.4650133189814,395.7869790243903,398.3620565020552,6786448,ITC
2024-01-12,400.59375,401.4521091194677,395.14321175715304,397.6324341610022,9714589,ITC
2024-01-15,401.3663024902344,403.8555523975188,400.07877725787444,403.42635918424696,7167978,ITC
2024-01-16,405.4005432128906,407.7180829336906,398.4907971207317,401.53794073992424,12531058,ITC
2024-01-17,400.5079345703125,409.4348098392072,399.3062372068339,404.62802038529264,11536527,ITC
2024-01-18,399.56378173828125,401.5809109410194,390.16478501461893,399.3491715307208,9495938,ITC
2024-01-19,404.7138366699219,406.00138895410885,400.33624051486,402.1817139863782,12673308,ITC
2024-01-23,394.24188232421875,406.6450927222465,391.75266019083494,406.6450927222465,8728196,ITC
2024-01-24,397.932861328125,401.1946152353453,393.2119267816324,394.9286178877544,22459072,ITC
2024-01-25,391.10894775390625,399.09163630931187,388.06180399939313,397.889966121581,20435547,ITC
2024-01-29,386.08758544921875,392.48233828149625,384.1133837986769,391.3235683388679,18557346,ITC
2024-01-30,376.0019226074219,389.43514944296885,375.4440014019763,383.68420026968823,45190319,ITC
2024-01-31,379.0061950683594,379.82162680148224,376.5598726652632,377.6757423653789,20648695,ITC
2024-02-01,380.1649475097656,384.3279609474678,377.07487624062026,379.3924432943424,19903526,ITC
2024-02-02,377.76153564453125,383.85585015123644,377.2465419254087,381.9674763724285,17816750,ITC
2024-02-05,376.0019226074219,380.8087120811852,374.71439748515684,379.39243172632115,12505666,ITC
2024-02-06,370.2938537597656,378.4481972306161,368.66296330261633,377.6756930803656,19487043,ITC
2024-02-07,370.63720703125,373.3839399508634,369.7788478931724,373.3839399508634,13376903,ITC
2024-02-08,361.2610168457031,373.9406548583127,356.07587448707574,373.8535172676072,50039587,ITC
2024-02-09,362.0888671875,369.67052751049914,356.07584909868194,357.3830233416138,33527317,ITC
2024-02-12,354.55078125,364.2674916906546,353.8536253524433,363.8753311411971,11326971,ITC
2024-02-13,354.4636535644531,357.99304337034437,351.4571445057712,354.5943737512555,16207766,ITC
2024-02-14,358.6466369628906,359.2566552825192,352.4157335824784,353.810073006866,12618012,ITC
2024-02-15,351.98004150390625,361.26100948205914,351.3264405397178,359.9102525686611,21169031,ITC
2024-02-16,352.5900573730469,356.9037408495518,348.0584884974271,352.93863534518886,38963810,ITC
2024-02-19,356.6423034667969,359.6923952723139,352.59006034002135,352.93863831509657,17602580,ITC
2024-02-20,353.897216796875,357.68804696525905,352.3286021787309,357.68804696525905,14626643,ITC
2024-02-21,351.5007629394531,357.3830614696527,349.71426274400176,354.6815474921949,20162369,ITC
2024-02-22,361.1738586425781,361.7838769804783,351.5878680265273,354.5943771137186,19321180,ITC
2024-02-23,358.5158996582031,362.437422138074,357.7315785908986,362.437422138074,11576964,ITC
2024-02-26,356.5987243652344,359.9538113149577,354.94294457199726,358.2544765395862,8289561,ITC
2024-02-27,358.29803466796875,359.69237410510254,356.03226415387263,357.29588340568495,8083518,ITC
2024-02-28,355.8144226074219,359.34381253424715,354.50724831349424,358.2980510039956,8949664,ITC
2024-02-29,354.07147216796875,358.21088006238347,352.50285763753504,356.42440777306143,15468800,ITC
2024-03-01,356.86016845703125,360.04098051981117,355.11727854645085,356.337315293301,12873024,ITC
2024-03-04,356.5115966796875,359.86671160136217,355.94516090125154,359.2566932173203,7103794,ITC
2024-03-05,353.9407958984375,358.5159474971022,352.0236031921604,356.9908877579181,10108373,ITC
2024-03-06,355.4222717285156,357.25232683748783,349.19139545598193,354.245817593779,11534613,ITC
2024-03-07,360.3895568847656,361.60959362614113,351.76216210472074,355.4222723288473,23907135,ITC
2024-03-11,356.7730407714844,364.5289770408403,355.55300399076174,363.22180266689134,18298683,ITC
2024-03-12,352.4593505859375,354.24582311819125,348.0149191296,354.24582311819125,36226074,ITC
2024-03-13,368.1454772949219,381.69657345167786,367.01260581088286,379.08222489894086,105525827,ITC
2024-03-14,365.7054138183594,370.8034184912404,364.2675193135294,367.7097716994342,31949569,ITC
2024-03-15,365.2261047363281,373.4613385589126,361.87101765864895,363.57035249882944,76074975,ITC
2024-03-18,363.7882080078125,366.62044193009535,363.3089098568447,365.13896487478166,16547358,ITC
2024-03-19,356.9037170410156,365.61824861989226,356.16297854254486,364.26749180614473,21803126,ITC
2024-03-20,362.2631530761719,363.0910291374463,356.9037085493894,357.2958690896408,20364534,ITC
2024-03-21,367.0997619628906,367.75333532468477,362.69891313703715,365.13898663973265,19968509,ITC
2024-03-22,373.50494384765625,374.41995760845924,367.0997646653715,367.0997646653715,40358503,ITC
2024-03-26,372.67706298828125,374.0278199287093,370.84700787081954,370.84700787081954,10669833,ITC
2024-03-27,372.9820251464844,373.7663462493522,371.6312683263577,372.1105664607041,12698464,ITC
2024-03-28,373.28704833984375,377.55714895063414,372.1105666848334,372.98202537113855,29009002,ITC
2024-04-01,371.8491516113281,375.90139442993103,371.02124791223844,373.94061930272346,9743648,ITC
2024-04-02,371.10845947265625,373.5920880235266,370.0191428902278,373.5920880235266,9194659,ITC
2024-04-03,370.5419616699219,373.679218545448,366.88187928309895,371.23914520830874,13152268,ITC
2024-04-04,368.4069519042969,372.4156403114754,365.9233233103204,370.8470255103089,19065447,ITC
2024-04-05,372.5899353027344,376.20646302902105,365.9668706199768,368.1890863828757,16768902,ITC
2024-04-08,373.9406433105469,375.94500116709133,372.76418920624536,373.24348736865613,8844633,ITC
2024-04-09,371.54412841796875,376.03211438370613,370.8469725212621,375.1171007216393,6967273,ITC
2024-04-10,380.7815246582031,381.52226312429957,371.0212320403527,373.24344743864197,14547618,ITC
2024-04-12,374.81207275390625,379.73580180355174,373.24345819780376,379.0822008973071,18785009,ITC
2024-04-15,371.1520080566406,373.9842421696475,368.5376593514713,372.9820631978144,9083087,ITC
2024-04-16,371.1520080566406,372.11060442312856,368.79909974576583,368.84265473222285,10357752,ITC
2024-04-18,365.00823974609375,372.0234367437925,363.96250587237773,371.2391432432269,22133191,ITC
2024-04-19,370.1498107910156,371.4569849814609,362.52459579138616,364.26748550568493,17221280,ITC
2024-04-22,370.6291198730469,372.63345000847283,368.92978508955906,372.1105692692811,7386048,ITC
2024-04-23,374.0278015136719,375.1606729933093,370.45482904533475,370.62913183698697,12484384,ITC
2024-04-24,373.766357421875,375.42210964113116,373.243476671,374.07135278062805,6070285,ITC
2024-04-25,381.3044738769531,381.9580472629004,373.85353289737685,375.59645049768056,30337038,ITC
2024-04-26,383.4394836425781,386.31527251993987,380.30225439111325,382.78588270732047,15342965,ITC
2024-04-29,381.8708801269531,385.5745452174713,378.7336507842141,385.182412263794,12075706,ITC
2024-04-30,379.6486511230469,383.8751968280465,379.16935297976505,383.3958986847647,12528665,ITC
2024-05-02,382.56805419921875,385.7052836906617,378.9515265248856,379.95370549597897,24123523,ITC
2024-05-03,380.3457946777344,383.48305142686223,375.9013913463709,383.48305142686223,23786388,ITC
2024-05-06,378.8643493652344,383.8316334777261,377.6443127327708,381.6965555614722,10753860,ITC
2024-05-07,383.7444763183594,388.6682055521619,379.2564902446458,380.73796727495403,26969062,ITC
2024-05-08,384.3109436035156,387.5353104505702,381.87087026244257,384.52880137635015,10916481,ITC
2024-05-09,370.4548034667969,384.74663711557434,368.92977152540453,383.4830455341657,24314298,ITC
2024-05-10,377.6443176269531,380.2586660910364,371.6748545706709,371.6748545706709,14524604,ITC
2024-05-13,376.337158203125,379.47438753102364,374.2892177623848,377.5571672805197,7584217,ITC
2024-05-14,374.4635009765625,377.6007301404288,373.4613221101125,375.1606568754472,11423749,ITC
2024-05-15,372.8077392578125,377.5571378637732,371.89269799745216,375.3785050214278,7856433,ITC
2024-05-16,375.9885559082031,376.9907348358264,368.5376430939357,374.7249642167052,23911954,ITC
2024-05-17,380.2151184082031,381.260852290136,373.7663570890688,376.8164487683138,11894830,ITC
2024-05-21,378.90789794921875,380.91225564823026,377.51358617502353,379.9536593987499,11175153,ITC
2024-05-22,383.35235595703125,385.13882840102065,379.4308054819888,381.1301403386556,11036895,ITC
2024-05-23,384.615966796875,387.70964129923095,380.43300335151315,384.65954940215045,27244733,ITC
2024-05-24,380.1279296875,385.5745117710288,379.3436362292917,384.31092019422533,13252938,ITC
2024-05-27,376.0321350097656,382.48089645524146,375.33497907481865,382.3937588680947,12282545,ITC
2024-05-28,373.853515625,376.90360747517,373.1999146503608,376.5550294949917,9668761,ITC
2024-05-29,375.5528564453125,376.81647580985464,370.80342960528895,370.80342960528895,10832067,ITC
2024-05-30,369.365478515625,375.5527989564336,368.0583043647801,373.4177487640164,21314885,ITC
2024-05-31,371.63128662109375,374.3328003943377,369.7140939893284,371.8927270015866,29300711,ITC
2024-06-03,375.02996826171875,378.9951014605376,373.548518756603,378.21078029410506,16116836,ITC
2024-06-04,368.496826171875,378.3482827063766,357.5360024211148,378.08202332328574,47791986,ITC
2024-06-05,381.8983459472656,386.9571898919485,371.02626584102927,374.5319394116942,28197030,ITC
2024-06-06,386.42462158203125,388.4658963975464,382.60830317461443,386.95714028519546,32318523,ITC
2024-06-07,389.7528381347656,391.97162873664547,382.60833352183147,382.8745928945324,29543660,ITC
2024-06-10,387.7559509277344,391.3947824225192,386.82407117924964,390.50726048759805,11872688,ITC
2024-06-11,384.29461669921875,388.55471053198954,383.6289963758289,387.844704269185,13158571,ITC
2024-06-12,383.67333984375,385.53712730991356,381.80955237758644,382.1201976859324,10751658,ITC
2024-06-13,381.8983459472656,387.7559399211235,381.4102131161108,387.7559399211235,9641349,ITC
2024-06-14,382.6527099609375,383.3183302481955,380.7889225262687,382.51958027789186,9572809,ITC
2024-06-18,380.522705078125,385.3596757536979,380.0345722291756,384.2946381720094,14641141,ITC
2024-06-19,375.9963684082031,382.29770931274305,375.4638496334078,381.63208897222137,11329972,ITC
2024-06-20,375.68572998046875,378.52578328491967,374.0882017547134,376.35137846118886,15147549,ITC
2024-06-21,372.4018859863281,377.4607294610519,371.46997822289575,377.1944701000712,26176371,ITC
2024-06-24,375.68572998046875,376.2626065784442,372.7569329212461,372.7569329212461,9723008,ITC
2024-06-25,375.68572998046875,376.30699251981656,372.5350594703304,375.4194705881807,10655609,ITC
2024-06-26,376.2626037597656,378.43703669518015,374.57633179187087,375.41946777581825,11511714,ITC
2024-06-27,377.72698974609375,379.19138810710024,373.73315557755257,376.2625632571175,38438054,ITC
2024-06-28,377.1057434082031,379.8570246308186,375.86321841942026,377.63823402627366,18554411,ITC
2024-07-01,380.7889404296875,381.8539498161556,376.8838497566948,378.3482763390493,13391362,ITC
2024-07-02,377.63824462890625,382.20895565283456,375.02006489132174,381.6320790804071,11177863,ITC
2024-07-03,380.123291015625,381.32143008834834,377.63824099221983,378.1707597480842,7435499,ITC
2024-07-04,380.7889404296875,382.9633451417158,379.0138966576025,381.6320763766379,9478861,ITC
2024-07-05,384.87152099609375,385.1821381877556,379.5020318353326,380.7445568579234,13427543,ITC
2024-07-08,393.7022705078125,394.5454064017364,384.871494397807,386.20276307915896,21311436,ITC
2024-07-09,401.6899108886719,403.81995765649066,394.05727377595514,397.25232986369844,27489709,ITC
2024-07-10,400.6693115234375,404.1306271806451,396.2760880434586,402.6662006020045,12065662,ITC
2024-07-11,407.0594177246094,407.81380990765183,398.22861309156133,399.38239433526815,19556596,ITC
2024-07-12,407.4144287109375,411.1420037598132,404.5743755491234,407.0594255817072,19693114,ITC
2024-07-15,411.2751159667969,413.98203932408734,405.77249737770325,407.41441139257415,16876907,ITC
2024-07-16,413.1832580566406,414.24829551887325,409.5000691316833,411.31947062570373,13497253,ITC
2024-07-18,417.3546142578125,417.9315189735093,410.6094983275924,410.92014365573266,21907158,ITC
2024-07-19,421.1709289550781,425.47540879743394,416.6002178558093,418.0202585325393,25939326,ITC
2024-07-22,414.07080078125,425.51975718184343,413.44953827294006,421.21530556282863,18762384,ITC
2024-07-23,436.8355712890625,441.4506680930601,413.93765914854197,414.07078883419376,56125835,ITC
2024-07-24,438.47747802734375,453.210261927794,435.4599375014016,440.20813578403585,43693692,ITC
2024-07-25,434.83868408203125,440.20814495659073,430.13484351054876,434.8830418921205,18567567,ITC
2024-07-26,445.71075439453125,449.43830114712074,432.57549856626446,438.4774780631656,21534703,ITC
2024-07-29,440.2525634765625,449.26085622757836,438.4775196143826,448.6395936886127,12978187,ITC
2024-07-30,434.7943115234375,441.8056866583547,433.6849161895334,440.47441788326415,13891052,ITC
2024-07-31,439.63128662109375,441.9388210644049,435.3268349298526,437.057492794329,11982586,ITC
2024-08-01,438.1669006347656,440.8738242304474,435.72620830215726,440.1637898116665,12114803,ITC
2024-08-02,434.0843200683594,443.2701002450131,430.26800111466224,430.26800111466224,22141163,ITC
2024-08-05,431.3330078125,436.5693674354034,425.6085153542388,426.0522903769102,25022076,ITC
2024-08-06,431.5992736816406,436.3918583538408,429.602356369564,431.5548877403152,14251363,ITC
2024-08-07,437.2349548339844,439.8531344481693,433.19676276137596,434.8830345877464,11320399,ITC
2024-08-08,439.0987548828125,441.98319394772153,437.1018376938733,438.4331345718136,21349889,ITC
2024-08-09,440.1194152832031,441.98320282176905,437.6343652317819,441.98320282176905,9556181,ITC
2024-08-12,438.96563720703125,443.7582217148487,436.65810276874254,436.65810276874254,9425644,ITC
2024-08-13,434.883056640625,441.85007398597685,433.32991441946837,440.16377394612385,8056478,ITC
2024-08-14,436.8355712890625,442.87070869735584,434.7942963223527,436.61369785563306,9609981,ITC
2024-08-16,446.1101379394531,447.48579265284656,437.23497527546624,438.87688936925474,13643352,ITC
2024-08-19,445.0451354980469,452.01212479668385,443.40322137860943,447.97393247220106,10591508,ITC
2024-08-20,442.6932067871094,446.7757849749655,441.7169411474016,444.645738066525,6888634,ITC
2024-08-21,448.5508117675781,451.7458679452625,442.91506345507685,443.75819937308097,8801221,ITC
2024-08-22,447.79644775390625,451.30212133109177,445.04513826702214,450.7252447462828,8686423,ITC
2024-08-23,448.90582275390625,449.9264461841349,443.7138493421569,448.24017431856487,8195369,ITC
2024-08-26,448.8170471191406,450.8583502184477,445.53324716421866,449.0833064910477,8126402,ITC
2024-08-27,444.29071044921875,450.5033352031046,443.7581917194657,450.4589492663018,8260450,ITC
2024-08-28,441.3619384765625,445.79951979911414,440.65193221566744,444.11321976952377,8081932,ITC
2024-08-29,448.2845764160156,450.5921108617591,441.4063027627872,441.9832074702022,19389694,ITC
2024-08-30,445.44451904296875,451.87901762056,443.9357346345459,445.4888768545288,15523349,ITC
2024-09-02,452.6777648925781,455.20720087112886,446.6870413627012,447.30830387252314,16497266,ITC
2024-09-03,452.10089111328125,457.9141271779408,450.769622334864,452.67776768740197,12481552,ITC
2024-09-04,449.3939208984375,452.67772062754966,443.7138151149141,443.7581729218678,8739052,ITC
2024-09-05,453.69842529296875,454.3196878148697,450.01523610168874,451.16898926523896,11318636,ITC
2024-09-06,445.2669982910156,454.40842025952134,441.2288060631329,454.40842025952134,14245025,ITC
2024-09-09,454.1865234375,454.9852734029617,444.068836355185,445.5332347318398,14265060,ITC
2024-09-10,455.82843017578125,457.0709269769429,451.5239507318818,454.31964588641193,11332248,ITC
2024-09-11,456.49407958984375,461.06479055779437,454.36403269993195,455.29594052025584,15497555,ITC
2024-09-12,461.0647888183594,461.95231069647195,451.3464903537594,457.15972630822966,19085324,ITC
2024-09-13,456.05029296875,461.5084972145128,454.4083790375372,461.06475037644014,9165077,ITC
2024-09-16,453.60968017578125,458.84601159207153,452.36715513571806,457.8697459360179,7821668,ITC
2024-09-17,450.636474609375,455.78406201482926,449.30517775626555,453.56527143027444,10889862,ITC
2024-09-18,450.2814636230469,454.76343093157726,448.2845745094767,450.72523863670733,5638729,ITC
2024-09-19,451.0802307128906,456.89346666395045,450.4145822727039,452.63337290269794,14461616,ITC
2024-09-20,456.5384521484375,459.15663177722325,450.8583460271267,454.4084053209533,24725118,ITC
2024-09-23,458.8016052246094,461.0203958219378,455.8284505768036,457.4703364918065,8105508,ITC
2024-09-24,457.2928771972656,459.5560257442093,456.3166115244718,458.8460194599906,7015487,ITC
2024-09-25,459.3341369628906,460.88730730174024,454.67468220228506,457.51473537232573,8802667,ITC
2024-09-26,463.9492492675781,464.836771186585,458.84601932926836,459.4228959190351,16086557,ITC
2024-09-27,463.90484619140625,469.0524337523458,461.730441478933,461.730441478933,17916386,ITC
2024-09-30,459.8666687011719,465.3692595674388,456.22783728937105,462.041073483364,10936940,ITC
2024-10-01,458.135986328125,461.28665660969307,456.1834550969594,459.8666441244711,5285319,ITC
2024-10-03,455.0740661621094,457.6922177343659,450.9471020792447,451.3464911442906,16481353,ITC
2024-10-04,446.9089050292969,459.15663932880176,445.1338612892048,452.63336905434744,18930962,ITC
2024-10-07,452.8109130859375,457.0266211371439,449.74898635096883,449.97085980040646,17114457,ITC
2024-10-08,450.8139953613281,454.89657371344003,449.0833374525847,452.63339702416863,9868331,ITC
2024-10-09,436.3918151855469,452.4558677197935,435.37116365980967,452.4558677197935,24874940,ITC
2024-10-10,436.7024841308594,439.8975404359125,434.39492158878744,439.63128105582945,13292273,ITC
2024-10-11,433.2855224609375,438.38875219322694,432.57551620558445,437.5456162489988,14949380,ITC
2024-10-14,441.0513000488281,442.8707297967612,433.6849216890066,435.7705826929564,6970606,ITC
2024-10-15,442.4713439941406,443.2257362116992,438.87689853964406,441.9832111625406,8347216,ITC
2024-10-16,437.7231140136719,442.73760011362725,436.9687218016791,440.2081640936547,6939430,ITC
2024-10-17,433.90679931640625,439.3206464164686,433.1080492847109,439.3206464164686,7669729,ITC
2024-10-18,431.9542236328125,436.2586749322282,424.58784595834544,433.7736250834996,22616838,ITC
2024-10-21,429.2473449707031,432.7530466847723,423.65598222997573,431.9542685241088,7680088,ITC
2024-10-22,427.60540771484375,433.46302952571807,426.71788584919966,429.24732175988674,12772970,ITC
2024-10-23,426.3185119628906,428.93666341421607,425.5641198064172,426.89538850044147,10553961,ITC
2024-10-24,418.6415100097656,428.1379350949523,417.13272562053703,427.7829319671288,13596626,ITC
2024-10-25,428.0491638183594,437.9893351421083,420.86027359030857,422.2802860102857,32154050,ITC
2024-10-28,429.6910705566406,431.24424086047924,422.45782216873073,427.73853932024565,8946214,ITC
2024-10-29,433.06365966796875,434.173055017219,427.1616797853139,430.44547989302475,7131161,ITC
2024-10-30,436.2586975097656,437.76748187143,431.7767303629288,433.0636412897533,6640080,ITC
2024-10-31,433.8180236816406,437.5455985635339,430.1791925460866,436.6580767162302,8111694,ITC
2024-11-01,435.1492919921875,436.74682006469067,434.26177014569237,435.7705544719371,1517892,ITC
2024-11-04,430.0904541015625,437.9449648846851,425.60848700060944,437.9449648846851,8754385,ITC
2024-11-05,426.1854248046875,430.48987661737266,423.3009855731891,428.6260890085853,7610046,ITC
2024-11-06,426.9841613769531,429.91298645719,424.2328800557218,426.18541135723177,11749720,ITC
2024-11-07,424.14410400390625,428.40419782708676,422.54657585220644,427.5610618759079,9267980,ITC
2024-11-08,424.2772216796875,426.62914196530926,421.21529515296464,424.14409199348466,6325023,ITC
2024-11-11,423.30096435546875,427.3391565747761,420.771556524025,424.2772299880931,5700343,ITC
2024-11-12,419.6621398925781,424.1884646983555,418.153355581329,423.8778475255531,5236095,ITC
2024-11-13,419.08526611328125,421.30405680700125,415.57959256886795,417.1771207432275,11548660,ITC
2024-11-14,413.53826904296875,419.7508939310638,410.254469103816,418.1977517730254,12087836,ITC
2024-11-18,414.07080078125,415.18019610837695,410.0326085412211,413.582667962433,8448573,ITC
2024-11-19,414.7807922363281,420.4608983587322,413.80452663353714,415.35769691286504,7121472,ITC
2024-11-21,405.7281494140625,411.8520025055283,404.17497910804383,409.14507908254996,20313155,ITC
2024-11-22,421.25970458984375,422.90159059798174,404.2637428976069,404.8850054252185,20214206,ITC
2024-11-25,423.1678161621094,427.9604003657754,419.26275380237485,425.12034734197664,14427013,ITC
2024-11-26,423.3453674316406,428.3598254865603,420.7715735570813,426.00790505967507,6791715,ITC
2024-11-27,423.30096435546875,426.0966596925035,419.79529089140067,423.78909717178095,7339184,ITC
2024-11-28,421.4815673828125,429.3804644079403,417.6208626211006,423.3453549185364,14967609,ITC
2024-11-29,423.12347412109375,425.03161943508326,419.4402569251216,419.9727756769193,8668142,ITC
2024-12-02,423.5228576660156,425.38664526883133,420.15031373251634,422.45784823353785,5689595,ITC
2024-12-03,419.3959045410156,420.150296739833,410.69822941298054,413.5826685185779,23073942,ITC
2024-12-04,414.5589294433594,424.41035759923045,413.93766694127874,421.0378138404822,13957078,ITC
2024-12-05,414.9139099121094,419.573364359292,410.4763288904174,414.95829584839544,27432375,ITC
2024-12-06,418.15338134765625,421.5259532874458,415.09145472778096,417.1327297650406,7842234,ITC
2024-12-09,412.6507568359375,418.9077678081534,410.87574120351246,418.4639928040686,12154116,ITC
2024-12-10,413.0945129394531,413.982034779044,410.5650771030177,413.00576919388504,9163636,ITC
2024-12-11,412.9170227050781,415.5352024480384,412.4288898824899,414.6476805538857,7005617,ITC
2024-12-12,408.7900390625,415.26889469194026,407.5031282466963,413.1388761476678,13380617,ITC
2024-12-13,417.1327209472656,421.0378115655174,400.84679442097826,408.2575584671943,32976794,ITC
2024-12-16,417.2214660644531,421.0378129462512,415.3577066901408,417.35459575232846,9354160,ITC
2024-12-17,416.7333679199219,422.28034494961406,410.9645174346367,417.1327570167734,20608409,ITC
2024-12-18,417.57647705078125,420.50527378595007,414.38139282481444,419.5290082075605,12841386,ITC
2024-12-19,414.07080078125,420.9934321229976,412.96140545412305,416.24520549634906,15161531,ITC
2024-12-20,412.384521484375,414.8695714730185,407.63629494293747,414.02640741203714,20231570,ITC
2024-12-23,420.9046630859375,423.9665895043808,415.00265554758255,418.1977397754907,19562956,ITC
2024-12-24,424.6322326660156,426.22976080207064,419.48464513072406,421.4815623327857,12009880,ITC
2024-12-26,423.30096435546875,427.64980189132285,422.4578284116542,426.49602063096154,9188830,ITC
2024-12-27,424.765380859375,427.6942060097115,422.4578463685404,425.78603247431005,16906420,ITC
2024-12-30,423.3453674316406,427.294816060941,422.45784551297163,426.67355353066995,13578360,ITC
2024-12-31,429.2473449707031,430.13486688433846,421.1709321229858,424.6322478965829,13787501,ITC
2025-01-01,429.51361083984375,432.0874047386494,427.9160826223791,431.3330125070726,18931186,ITC
2025-01-02,434.0399169921875,434.8830529409553,428.0491934724373,430.75611694752047,27131131,ITC
2025-01-03,427.4279479980469,435.7705921957735,425.8747776002328,435.1049437212856,38500784,ITC
2025-01-06,407.9893493652344,425.5937753688359,406.698978628043,419.92534197219254,22009958,ITC
2025-01-07,406.5606994628906,412.5517321310893,405.6850757448119,410.6161621050003,14294780,ITC
2025-01-08,414.34906005859375,416.6533035871767,402.8739441630344,408.3119532648956,13482926,ITC
2025-01-09,414.8559875488281,424.57988345002826,411.1230963623607,414.21078814534843,19732649,ITC
2025-01-10,410.0631408691406,416.60719760759747,407.8510728791192,414.71772931211405,9145729,ITC
2025-01-13,404.67120361328125,409.2336166719609,400.93834065834005,400.93834065834005,17799607,ITC
2025-01-14,402.4130859375,406.9293975210864,401.72181289527845,406.468548826272,18048459,ITC
2025-01-15,403.1043395996094,407.2058759094838,401.2609449089771,402.4130665906223,9786805,ITC
2025-01-16,398.9567565917969,405.0399655358091,397.34378601494376,403.74956657194696,15774070,ITC
2025-01-17,405.731201171875,407.20589448929087,398.63412003792996,399.09496873161544,11270061,ITC
2025-01-20,403.4269104003906,406.65285087793734,401.8600137743947,404.6251056122919,8742771,ITC
2025-01-21,403.2886657714844,411.99871701322076,401.16877310962934,403.7034408317465,15686500,ITC
2025-01-22,402.78173828125,407.34415137338146,402.36696322633964,405.45465494630946,9619648,ITC
2025-01-23,405.731201171875,407.2519962354426,400.10884148331786,400.9383635063573,8888248,ITC
2025-01-24,407.0215759277344,410.15534145029955,404.6712306898313,404.9938304042069,9665384,ITC
2025-01-27,405.6390075683594,410.1553189378108,402.36696511353375,406.2841788337263,10480203,ITC
2025-01-28,401.3531188964844,407.205874516849,400.47749517024033,405.5468305521421,20813072,ITC
2025-01-29,399.41754150390625,403.24257977791996,396.4220251969846,401.81396017503766,15158510,ITC
2025-01-30,402.0444030761719,403.70344708698457,397.66634057922397,399.0949602480921,22496695,ITC
2025-01-31,412.4595947265625,413.1047941706201,401.0305523642032,402.3209231243453,13546181,ITC
2025-02-01,426.3310852050781,434.58028749136196,405.13204679086533,412.9204004159707,30393007,ITC
2025-02-03,418.7732238769531,428.77364640147414,416.88372730958895,425.8242034381593,16991730,ITC
2025-02-04,419.51055908203125,424.30339673436174,413.61170144468196,422.13740225440523,18923681,ITC
2025-02-05,413.05865478515625,420.1557355112139,411.53785980899255,419.5105361259467,12836283,ITC
2025-02-06,406.5606994628906,414.7638001060609,403.8877828211345,414.7638001060609,17469129,ITC
2025-02-07,397.1133117675781,410.6161724179037,394.8551419924304,405.5468369559543,18875982,ITC
2025-02-10,393.7491149902344,399.37144626315796,393.103915600897,393.5647642710035,12227140,ITC
2025-02-11,385.5459899902344,396.83678252001545,384.8086433619268,395.22381215861816,14288751,ITC
2025-02-12,383.76715087890625,387.4185038147077,381.61379694988227,386.80994975406657,13884574,ITC
2025-02-13,383.57989501953125,387.55893945511997,382.92451156606495,383.81395645691885,12989029,ITC
2025-02-14,384.0948486328125,389.6655227047761,382.3627881470121,385.4992173663877,14124236,ITC
2025-02-17,382.5500183105469,385.1714949759147,380.81795796252226,383.6734960648676,11975265,ITC
2025-02-18,379.41363525390625,384.65661779105346,378.2433279273982,381.9883113722239,12998403,ITC
2025-02-19,380.49029541015625,382.7372796630362,378.7114340671244,378.9922963842513,7079032,ITC
2025-02-20,376.4176025390625,378.1496629377972,370.940587610997,374.45150926845105,15355585,ITC
2025-02-21,375.3409423828125,377.54112576751635,373.7493416368229,376.41761935814907,8240986,ITC
2025-02-24,376.2771911621094,377.6815598988965,373.3280225292474,374.49832980990334,7037625,ITC
2025-02-25,379.03912353515625,381.05204632098673,374.96644852961964,376.3708172507043,15760891,ITC
2025-02-27,375.9963073730469,380.5839059368619,374.0301855394252,379.03910612899966,19051003,ITC
2025-02-28,369.81707763671875,376.8389208829856,367.1956009202271,373.5620607013944,31954776,ITC
2025-03-03,372.11090087890625,373.5620704254616,366.2593646880312,370.7065321930963,10702826,ITC
2025-03-04,369.6766662597656,371.8768496423385,367.80417462727036,370.1915900299199,13404774,ITC
2025-03-05,379.2263488769531,386.435452947024,369.3489671413712,369.3489671413712,15665018,ITC
2025-03-06,379.8349609375,383.5799444179902,375.0132718488037,383.0649920462489,17869996,ITC
2025-03-07,378.1496887207031,379.97537953583947,376.08996501773333,377.82199696260744,11180761,ITC
2025-03-10,379.1795349121094,380.9115952921479,374.8727986777293,375.48135271072846,9785018,ITC
2025-03-11,380.3030700683594,382.36279376469145,375.6218408876654,375.9027032097249,11099475,ITC
2025-03-12,386.1077575683594,386.9503730638485,378.2432986572043,380.49028283582663,13844306,ITC
2025-03-13,385.7800598144531,387.9802430981233,382.17553644149433,386.66950472868797,8196569,ITC
2025-03-17,381.94146728515625,389.71229562499354,381.0520223888826,386.669496920414,5257805,ITC
2025-03-18,383.0181579589844,385.6864641717792,381.7542204295601,383.8607734546159,13861897,ITC
2025-03-19,377.35382080078125,384.5629241739053,376.9325273757762,383.8607398936121,12830387,ITC
2025-03-20,378.1965026855469,380.72434920469203,376.27718165061447,379.17954934766647,16994037,ITC
2025-03-21,379.6944580078125,381.5201486756552,376.0899346754333,380.0689791708236,25302035,ITC
2025-03-24,384.703369140625,386.5290597637776,379.74127814367813,381.05201646627233,14362572,ITC
2025-03-25,383.67352294921875,388.77607406165146,382.64367541191723,385.7332751677312,20338110,ITC
2025-03-26,381.3797302246094,384.9842822489654,380.34985413594273,384.14163817608556,13891436,ITC
2025-03-27,383.3458557128906,384.5161629673909,379.78810451603715,381.98828786888856,18642328,ITC
2025-03-28,383.626708984375,389.10375252075136,382.12871001952664,384.70338591875066,12981873,ITC
2025-04-01,380.724365234375,387.9802704965241,379.74131853086607,383.67353391685737,15206240,ITC
2025-04-02,382.9713439941406,383.86078895831395,380.1626065139579,381.0988523406854,8001323,ITC
2025-04-03,383.29901123046875,384.0480249871138,380.77116480316903,381.09882796400086,7059566,ITC
2025-04-04,383.57989501953125,386.4822339855749,378.7114056930887,381.52014294173955,18627592,ITC
2025-04-07,380.16259765625,382.0819186994949,365.27629507252,365.27629507252,26762866,ITC
2025-04-08,386.2481689453125,389.29096760296807,381.28607794776286,385.6396149281719,18600796,ITC
2025-04-09,389.7591247558594,392.3338007695701,385.0310947776454,386.66952496818857,21785572,ITC
2025-04-11,394.6744079589844,395.51705204166717,390.4145009718859,393.2232383889498,8939356,ITC
2025-04-15,393.59771728515625,401.8366972313636,392.2869789172459,401.8366972313636,11685880,ITC
2025-04-16,397.3895568847656,398.8875273661801,391.35075980822495,391.35075980822495,13034594,ITC
2025-04-17,400.010986328125,400.57273947796745,394.67437426255,397.9044334451799,22410217,ITC
2025-04-21,395.89154052734375,401.7430767519647,394.6276029884348,400.76000152305585,27388236,ITC
2025-04-22,405.9561767578125,407.0796545529523,396.5468895062768,398.7939022404639,32031936,ITC
2025-04-23,403.3815002441406,409.5607281098517,401.5090086831345,408.39042088422286,19566317,ITC
2025-04-24,402.6324768066406,408.2499513547456,401.9302924881275,404.317736314244,26064089,ITC
2025-04-25,400.52593994140625,405.11356719755287,396.3128338610747,402.63249298157206,22944377,ITC
2025-04-28,401.4621887207031,403.05381801388353,397.6704046490059,399.4492659595311,6287095,ITC
2025-04-29,398.8406982421875,402.21118873045583,397.90445247166593,401.5558052623093,11189930,ITC
2025-04-30,398.6534729003906,401.93033338689156,395.0957500866863,400.1514719800394,10026546,ITC
2025-05-02,402.1175537109375,403.990045229964,397.06183232395665,397.06183232395665,9263372,ITC
2025-05-05,409.0926208496094,410.5437904360518,401.9771469315377,402.8197624517931,11525305,ITC
2025-05-06,407.7818298339844,411.62044316903246,405.39441457186894,409.6075204969808,15026568,ITC
2025-05-07,403.6623840332031,407.26693619437197,402.30484472239505,405.7689371514499,9710361,ITC
2025-05-08,403.1474609375,403.9900764718335,396.5469106793177,401.64946189204306,19937960,ITC
2025-05-09,396.5469055175781,401.7898878224534,396.031981745509,398.7939183424925,8226512,ITC
2025-05-12,407.73504638671875,408.3904298762828,400.85363403411344,402.1175715800131,8031891,ITC
2025-05-13,400.61956787109375,410.02885520481095,398.23215253511023,407.1732884018215,14976369,ITC
2025-05-14,401.7430725097656,404.3177484214116,398.74707456561424,399.8705809376595,9557309,ITC
2025-05-15,405.0667419433594,407.64141790790075,398.8407130525867,401.7430807633696,24263510,ITC
2025-05-16,407.9223327636719,408.3904556938244,404.55184195218266,407.1733189322542,16402035,ITC
2025-05-19,407.5946350097656,410.5438037120058,405.0667597952994,407.26694324908215,7543854,ITC
2025-05-20,407.1733093261719,412.69715405726095,405.30081764973795,409.1394313008186,9868414,ITC
2025-05-21,405.3944396972656,410.2629293856914,404.4581938781033,408.7649303606408,5776672,ITC
2025-05-22,398.934326171875,405.3944162358384,395.9383282951614,405.3944162358384,19451749,ITC
2025-05-23,408.4840393066406,411.01191444613914,401.6494562583,406.3306853522196,18536884,ITC
2025-05-26,414.66326904296875,415.2718231131618,408.90536294937203,410.30973168302756,13107662,ITC
2025-05-27,406.2370300292969,415.88037851185567,403.38149188670627,414.6632418792466,26986022,ITC
2025-05-28,400.65911865234375,402.9475037342144,393.79393430833676,398.2753781298962,431851622,ITC
2025-05-29,399.2765197753906,403.1381676108757,397.22650883681956,402.37538231693094,21478547,ITC
2025-05-30,398.60906982421875,400.5160622005545,397.03580693342064,399.61025828083166,30656239,ITC
2025-06-02,399.8009338378906,400.8974777159352,395.2718270145734,398.8474376645607,14973380,ITC
2025-06-03,397.5602722167969,402.0893793944988,396.32070963544066,399.5149278857097,13216486,ITC
2025-06-04,397.60791015625,399.5149025311001,396.60675079881145,397.7509287646849,12598933,ITC
2025-06-05,399.6102600097656,401.37423378518696,396.4160419459044,399.0381564747108,13212523,ITC
2025-06-06,401.4695739746094,401.7079480309055,399.5149183523392,400.7544518057209,8774988,ITC
2025-06-09,403.3765563964844,403.9009967663349,400.94515272206996,402.375397024289,10473123,ITC
2025-06-10,407.14288330078125,408.62079079284285,403.3765616168375,404.75914276623337,13041075,ITC
2025-06-11,406.3323974609375,408.1917266795449,405.09286404746234,408.0963712404173,20789182,ITC
2025-06-12,401.421875,407.3335627082408,400.0392939574362,407.1428518408551,18508835,ITC
2025-06-13,394.6520690917969,399.8486349912841,394.27067643366814,395.70092072544685,17873926,ITC
2025-06-16,398.75213623046875,399.4195661344484,394.0323182383462,395.65327347360335,7006629,ITC
2025-06-17,397.98931884765625,399.5625818006199,396.3683927227586,398.65677784510535,9028406,ITC
2025-06-18,396.5590515136719,398.99048420762057,395.60555534311806,397.6079031209599,8036215,ITC
2025-06-19,396.6544189453125,398.799785393935,395.51021186668925,396.3206894558478,12601006,ITC
2025-06-20,399.0858154296875,399.9916484421562,396.6544118043789,396.6544118043789,13203184,ITC
2025-06-23,394.6520690917969,398.08466121174473,392.6020580932596,397.60791311448514,14839890,ITC
2025-06-24,395.0811767578125,401.0881914896625,394.50907318849437,397.51258055441934,16690068,ITC
2025-06-25,396.9881286621094,398.7044100961672,395.7962584722378,397.0357918303469,9946718,ITC
2025-06-26,400.7544250488281,401.32652856542074,396.89277723401676,397.7986102268212,13703918,ITC
2025-06-27,399.1811828613281,402.37540098742386,398.370705262409,401.4219047765532,21409935,ITC
2025-06-30,397.08349609375,401.1835180314217,396.46370029757674,400.27768502039476,12317124,ITC
2025-07-01,395.7962646484375,399.3718752738479,395.6055537757248,397.60790154563335,13670465,ITC
2025-07-02,393.7462463378906,397.512538667108,392.5543761517345,397.512538667108,15990899,ITC
2025-07-03,394.1276550292969,396.65441410717574,392.125307215327,394.7474217316605,14185298,ITC
2025-07-04,393.3648376464844,395.70091492818915,392.60205234140216,395.60555949045533,8256733,ITC
2025-07-07,396.7974548339844,397.7986433459749,392.8404512538974,393.7939474948049,6845218,ITC
2025-07-08,397.79864501953125,398.656785820279,395.3672121359503,396.7974565033287,6807192,ITC
2025-07-09,399.9440002441406,400.7544487506528,396.13001537247743,396.84513753591426,9930533,ITC
2025-07-10,397.46490478515625,400.75444928229246,397.0358198471668,400.75444928229246,6220360,ITC
2025-07-11,397.4172058105469,398.6090760644153,396.1776723858816,397.6079166905238,8578844,ITC
2025-07-14,399.89630126953125,400.42074163962934,397.1788312743534,397.6555793753181,6896989,ITC
2025-07-15,402.47076416015625,402.75680138955454,399.5149200299927,401.3265570457718,8532755,ITC
2025-07-16,404.8544921875,405.66496977687433,400.7544410700043,402.47075168839604,9780773,ITC
2025-07-17,404.2347106933594,406.0940107556235,403.3288776974709,405.99865531946784,7240795,ITC
2025-07-18,403.09051513671875,405.4265924462953,400.56375604779373,405.4265924462953,6730256,ITC
2025-07-21,400.5637512207031,403.09051027917883,398.9427960746048,402.3753881438521,4822343,ITC
2025-07-22,396.6544189453125,400.8497964029397,395.8916336251602,400.5637591824813,9869507,ITC
2025-07-23,395.65325927734375,398.46605560438246,394.74742624924966,397.7032702848046,12196187,ITC
2025-07-24,390.8857727050781,396.5113943772586,390.4090246125477,396.5113943772586,9005157,ITC
2025-07-25,390.361328125,391.1718056932205,388.7880652563331,390.93343164953177,5824089,ITC
2025-07-28,390.8381042480469,391.7439373183991,389.59857077130863,391.69624504720383,8123337,ITC
2025-07-29,389.4555358886719,392.2683322294525,389.02645095781634,390.9334433644723,6811772,ITC
2025-07-30,388.6450500488281,390.26597610105154,386.8810762904252,389.979938885481,10915863,ITC
2025-07-31,392.79278564453125,394.7474412869076,386.6903864618624,387.07180823457605,19364174,ITC
2025-08-01,397.08349609375,399.8486291981142,392.6497155747587,393.22181910286025,14324065,ITC
2025-08-04,397.46490478515625,402.85215260384814,395.79628640159,400.6591229390907,18352458,ITC
2025-08-05,394.89044189453125,398.5137448813091,393.7939270939727,397.798622737676,8495104,ITC
2025-08-06,392.8404235839844,395.700912105227,391.4101793233631,394.8904345378628,9080543,ITC
2025-08-07,394.36602783203125,395.4625426248142,392.5066986324122,392.84042811675334,11514878,ITC
2025-08-08,395.22418212890625,396.03465973340934,393.74627463123227,394.6520785787631,9814361,ITC
2025-08-11,397.46490478515625,397.6079233983543,394.74743474081214,395.22418285040254,8514272,ITC
2025-08-12,396.9881286621094,400.277672927119,395.9869402435813,397.60789534116395,13635738,ITC
2025-08-13,394.8427734375,398.08465462555023,394.3660253481281,397.79861741128474,10874910,ITC
2025-08-14,392.3160095214844,395.7485724437067,391.8869246070097,394.98578714952254,9580361,ITC
2025-08-18,387.4054870605469,394.4613820852118,386.02293505585004,393.79392311853456,30950814,ITC
2025-08-19,390.0752868652344,390.36132407533586,385.68919868718467,387.45317241186046,16681331,ITC
2025-08-20,387.1671142578125,391.17180987394187,386.5950398255606,390.07529508093324,18188129,ITC
2025-08-21,386.69036865234375,387.9299311597819,384.59269449100873,387.16711674788274,15028966,ITC
2025-08-22,379.7774963378906,387.5961762308591,379.01471107445633,387.1194281666145,13087624,ITC
2025-08-25,380.7787170410156,381.92289503325094,377.82287297221643,380.44498754804886,10440286,ITC
2025-08-26,384.59271240234375,386.5473680457286,379.87289439733723,380.7310351895941,13715752,ITC
2025-08-28,382.2566223144531,385.6892144680879,381.39848155064317,385.6892144680879,12471719,ITC
2025-08-29,390.695068359375,391.3625273394323,383.21011736185324,383.3054728016321,25255050,ITC
2025-09-01,386.9764404296875,391.12415473908817,386.1659628361549,390.69506980769,12268090,ITC
2025-09-02,387.8345947265625,388.88344640782555,385.6415650189729,387.6438838396435,19808255,ITC
2025-09-03,392.60205078125,394.03229504639114,388.3589811553069,389.50318820677745,12936588,ITC
2025-09-04,396.5590515136719,407.1428648264985,395.7009107798522,404.2347131456668,27274123,ITC
2025-09-05,388.40667724609375,397.60790962272006,385.59385185760647,397.5125541844266,16000675,ITC
2025-09-08,388.5973815917969,391.4578703163545,387.88225941065747,388.5020552463618,7419022,ITC
2025-09-09,390.9811096191406,391.8392794876205,388.4543504800707,389.5032021316832,8825896,ITC
2025-09-10,393.8415832519531,394.46137904411546,389.9322722150785,391.8869277335158,9252397,ITC
2025-09-11,395.74859619140625,397.32188823995943,393.26952928734954,393.8416037431192,8274406,ITC
2025-09-12,394.509033203125,397.65555886786507,393.6508924853225,396.03463286721455,7803379,ITC
2025-09-15,393.460205078125,395.03346800431143,392.60206430915014,393.84159774229215,5707331,ITC
2025-09-16,393.8892822265625,395.0811524650244,392.84043059703714,393.98463766531836,8239087,ITC
2025-09-17,390.2659606933594,395.31950772328065,389.0740905115468,394.6997410484167,14113882,ITC
2025-09-18,392.4113464355469,393.84159072448466,391.02879441527705,392.22066465605855,15647808,ITC
2025-09-19,391.5531921386719,393.4125212893377,389.932266126311,392.411332862674,19505321,ITC
2025-09-22,388.0252990722656,391.8869471309128,387.16712919399254,391.5532176336283,8930779,ITC
2025-09-23,384.4496765136719,389.1218020379517,383.4008248820839,388.16830584530703,14936357,ITC
2025-09-24,382.3519592285156,385.83221438435834,382.0659220205699,384.4496624147626,12380865,ITC
2025-09-25,381.49383544921875,384.2589686096089,379.4914876094897,382.7810611389299,22006368,ITC
2025-09-26,386.26129150390625,387.02407677530545,381.20774451111,381.49381081167934,14414044,ITC
2025-09-29,388.3113098144531,389.02643193197514,384.44966201919163,387.97758033993085,19717660,ITC
2025-09-30,382.8763732910156,387.8345649867495,381.7798585213034,387.8345649867495,9465490,ITC
2025-10-01,386.7380676269531,387.1194602903188,381.16010899274613,383.6392049522153,17643039,ITC
2025-10-03,385.4985046386719,386.6427117258004,383.5915122257209,386.0706081822361,16987141,ITC
2025-10-06,382.11358642578125,385.1170935125061,381.20775343369894,384.25895278749806,13989077,ITC
2025-10-07,381.2077941894531,383.8776011840606,380.92175695000077,383.78224573811093,12298968,ITC
2025-10-08,381.16009521484375,383.0670875611344,379.4914769118394,381.3984692581301,8402463,ITC
2025-10-09,381.3031005859375,382.73334479601107,380.3972967119267,380.4449598795719,15656267,ITC
2025-10-10,384.0682678222656,385.0694563176354,380.92174191886477,381.82757497204756,15085738,ITC
2025-10-13,380.683349609375,382.3043047536442,380.0158906444655,381.3984717438948,9508594,ITC
2025-10-14,378.3472595214844,382.2089363761892,377.77518511195166,381.3984588314936,10291102,ITC
2025-10-15,381.3031005859375,382.2089335583413,378.7763416344861,379.4914637395229,16043867,ITC
2025-10-16,386.3089904785156,387.11946809099607,380.96940578861586,382.3519869568705,22962049,ITC
2025-10-17,392.9834289550781,394.60438403521437,386.40431139747704,386.49966683131913,21071344,ITC
2025-10-20,393.8415832519531,395.5578938251509,392.17296494651845,393.3648351646861,13083621,ITC
2025-10-21,393.6509094238281,394.6997610566706,393.1741613269356,394.27067613010945,1142130,ITC
2025-10-23,396.60675048828125,400.89748332833454,394.3183363615374,396.65441365825745,24305990,ITC
2025-10-24,397.4172058105469,398.5137497228218,394.22301680889524,396.6067573166322,14935678,ITC
2025-10-27,401.0881652832031,403.0428499257912,397.22651736481293,397.60791001997336,11603679,ITC
2025-10-28,398.466064453125,402.04167527754,396.559072013437,400.9451604443985,17163147,ITC
2025-10-29,401.9940185546875,402.56612211545064,396.7020969906232,398.7521371748908,11470661,ITC
2025-10-30,399.2765197753906,402.08934510630013,396.7974239224796,401.9939896699586,12938674,ITC
2025-10-31,400.8021545410156,406.5707952146441,398.7521434230218,400.94517315884843,18599864,ITC
2025-11-03,394.69976806640625,402.041671429904,394.07997225072296,400.42074533071906,7635440,ITC
2025-11-04,389.88458251953125,395.22416695182824,389.36017125943533,394.7474188614159,10085404,ITC
2025-11-06,388.5496826171875,394.07994866906864,387.6438496318514,390.933423001342,10095563,ITC
2025-11-07,385.2601318359375,390.0753051532848,384.3543278958865,387.1671242550703,8411611,ITC
2025-11-10,386.69036865234375,388.1683052075514,384.8787317089743,385.26012436572665,6650003,ITC
2025-11-11,387.929931640625,389.07410961230016,385.7845652080402,387.11945405752516,12005318,ITC
2025-11-12,388.07293701171875,389.1217886071048,386.6903559407471,389.0264331714527,7987236,ITC
2025-11-13,386.83343505859375,388.54971664613856,385.68922793463327,388.07296852755434,6617185,ITC
2025-11-14,389.1694641113281,389.74156764498133,381.49383142153096,385.87991971501265,64020258,ITC
2025-11-17,388.1683044433594,392.8404299507648,387.1194528155595,390.69506352506284,7855399,ITC
2025-11-18,386.9764404296875,390.74273297855876,385.73687790475674,389.26482550088946,7661681,ITC
2025-11-19,384.78338623046875,386.6903786619881,384.06826406864894,386.0229487699935,7882450,ITC
2025-11-20,386.59503173828125,388.07293915467255,384.49732853592553,384.78336574606783,6693410,ITC
2025-11-21,388.8834228515625,389.5031895489138,385.8799157040955,386.1659529187517,5808131,ITC
2025-11-24,384.78338623046875,389.78924136320717,384.1159563384741,389.40784869658233,11037491,ITC
2025-11-25,382.1612548828125,385.6892023658129,381.49382502007865,384.78336936119564,8199785,ITC
2025-11-26,383.5915222167969,385.16481427717554,382.3043255832445,382.3519887554517,11443953,ITC
2025-11-27,385.4985046386719,387.07179665807234,383.40083044346284,384.7357193128495,8679529,ITC
2025-11-28,385.4508361816406,386.1659583266901,383.782217843192,385.4984993519528,6883500,ITC
2025-12-01,385.4508361816406,386.6427064233897,379.6821958509331,384.0682550618539,13442658,ITC
2025-12-02,382.3043212890625,386.64271745343586,381.8752363504342,385.45084717768543,8093808,ITC
2025-12-03,381.875244140625,383.496199388071,380.3019811642192,383.0194512680452,10772192,ITC
2025-12-04,384.3066101074219,384.7833581805478,380.49262552241476,381.493813935015,8057989,ITC
2025-12-05,386.1182861328125,386.49967878158014,383.3054607886625,384.3066201289768,4419747,ITC
2025-12-08,383.5915222167969,386.40434773852076,381.92290381200377,386.11831050848593,6056866,ITC
2025-12-09,382.399658203125,385.6892318944884,381.3984987831776,383.30549127709355,9426717,ITC
2025-12-10,384.4019775390625,385.5938477590759,382.35196658031816,382.447322017598,6969146,ITC
2025-12-11,384.1636047363281,385.2124563530077,382.44732325332086,384.40197878110104,6980147,ITC
2025-12-12,381.49383544921875,385.21246480963276,381.2554613992128,384.1636131699276,12407516,ITC
2025-12-15,383.5915222167969,384.5927107187102,380.9217444084862,381.49384796695153,7756564,ITC
2025-12-16,383.0194091796875,386.8810568881978,382.39961341304394,382.7333428800691,12347384,ITC
2025-12-17,381.2077941894531,384.35434931541226,380.54036426459874,382.35200134405585,8087490,ITC
2025-12-18,381.7798767089844,383.2578132936943,381.2554654327811,381.3984840446188,7227668,ITC
2025-12-19,382.399658203125,383.9252580179369,381.63687284491715,381.63687284491715,10654835,ITC
2025-12-22,383.9729309082031,384.87873483805475,382.5426866099581,382.92407926981116,6847871,ITC
2025-12-23,388.40667724609375,389.8845846952617,383.114755953949,383.78221492360865,10081997,ITC
2025-12-24,387.6915588378906,390.45669198464753,386.7857258129762,388.9787845212552,5777430,ITC
2025-12-26,385.3554992675781,388.21598798528635,385.0694620351657,387.5962212494621,3152453,ITC
2025-12-29,383.8775634765625,385.97523758942174,382.7810487018413,385.30780773012765,6647710,ITC
2025-12-30,381.9705810546875,384.6880510266874,381.68451473751173,384.258966100121,12340527,ITC
2025-12-31,384.25897216796875,384.97409432460887,382.2089611386127,382.4473351908261,9945109,ITC
2026-01-01,346.9295959472656,383.9729288975114,345.833081144032,383.9729288975114,282626710,ITC
2026-01-02,333.77130126953125,343.25859919211456,329.19453158632655,343.25859919211456,118790358,ITC
2026-01-05,333.4376220703125,337.4899807901625,329.9573377733733,333.91437015500077,48358124,ITC
2026-01-06,326.5248107910156,334.39115505441515,322.04336666220496,333.96207009159815,72582738,ITC
2026-01-07,325.3805847167969,328.5271105999748,323.5212554504856,327.0492030999599,29440734,ITC
2026-01-08,325.0468444824219,329.0992032790893,323.2828707159584,325.61894801457146,36706319,ITC
2026-01-09,321.47125244140625,325.1422187958776,320.47009302582137,325.0468633519181,35193201,ITC
2026-01-12,322.6631164550781,323.71196812139505,320.1840204524369,322.52009784112477,16156143,ITC
2026-01-13,319.13519287109375,323.71196303607496,318.18169666185645,323.23521493145626,24922339,ITC
2026-01-14,319.182861328125,320.37473160941005,317.9433278749468,320.37473160941005,14913422,ITC
2026-01-15,319.182861328125,319.182861328125,319.182861328125,319.182861328125,0,ITC
2026-01-16,313.8909606933594,321.8049675143545,313.2711648846159,321.8049675143545,30526898,ITC
2026-01-19,317.7049255371094,319.0874774812901,312.07927503151404,314.65372624927437,15507440,ITC
2026-01-20,311.12579345703125,318.9444738116522,310.3630081485584,318.5153888891398,18771011,ITC
2026-01-21,309.64788818359375,313.9862842154765,309.2664955266801,310.8397584229455,14177965,ITC
2026-01-22,309.7432556152344,313.4142219142513,306.1199524882791,310.9351259007337,18622852,ITC
2026-01-23,308.36065673828125,311.2211452592271,307.6932268757636,310.41066769194697,11950089,ITC
2026-01-27,303.83154296875,309.60021214650556,303.06875768662377,308.551360559787,47847784,ITC
2026-01-28,306.2153015136719,308.64673430417406,304.499019977878,305.07112352260765,28400238,ITC
2026-01-29,303.7839050292969,307.5978899534603,303.25946464318696,307.5978899534603,17719420,ITC
2026-01-30,307.1687927246094,310.02928130332384,301.7338818840886,303.9745746586993,41975824,ITC
2026-02-02,300.06524658203125,300.7326764202941,287.9558339773994,295.0593918522917,35227572,ITC
2026-02-03,301.924560546875,309.64788544935533,297.1094164617701,306.26298563884325,33168353,ITC
2026-02-04,305.5264587402344,306.5972918224836,303.09276069340797,304.2122558533025,11196759,ITC
2026-02-05,301.9732666015625,306.98667865411124,301.09711153502366,305.62381368471375,15816704,ITC
2026-02-06,317.1595153808594,319.0091496502099,300.12362917115206,301.7785557148148,68057745,ITC
2026-02-09,314.23907470703125,319.9826257687896,313.11957956571865,319.25251636686045,20059198,ITC
2026-02-10,312.876220703125,314.9691951201795,312.2434651409776,314.43379342333833,11489090,ITC
2026-02-11,309.80975341796875,313.6550081166595,307.91145710682224,313.41163831821643,24843366,ITC
2026-02-12,309.0309753417969,311.90272107711473,308.49554397172875,308.8849296992704,13294561,ITC
2026-02-13,305.4291076660156,309.9557801328065,304.9423680522052,307.6194359281623,8730618,ITC
2026-02-16,309.5177307128906,309.80976259638305,304.8450126194144,305.4291060946274,11693763,ITC
2026-02-17,316.8188171386719,319.34983928901715,309.7124011623626,310.0044627469445,39360672,ITC
2026-02-18,323.6331787109375,324.11991832114603,316.18603890816456,317.35422585595626,35473203,ITC
2026-02-19,317.3542175292969,325.38542088701683,316.3807383344217,325.19071316475083,19911747,ITC
2026-02-20,318.32769775390625,319.1551610138723,316.4294014344681,316.4294014344681,11282027,ITC
2026-02-23,316.7701416015625,319.39854745647875,315.79666235281263,318.3277143412081,13486092,ITC
2026-02-24,314.9205322265625,316.7701368296786,313.5089754538475,315.4072718436051,13135859,ITC
2026-02-25,311.2699890136719,317.93832779267075,309.6637541988749,316.86749468006315,13492101,ITC
2026-02-26,309.8584289550781,312.87622052851447,309.1770113147723,311.5133555396741,11270119,ITC
2026-02-27,305.2830810546875,309.32301376648314,304.3582639374763,307.6194251776827,13892595,ITC
2026-03-02,306.548583984375,307.376047218612,298.85810450075655,298.85810450075655,22194311,ITC
2026-03-04,303.6768493652344,307.13268865380064,302.2652926371002,302.3626464990797,24165489,ITC
2026-03-05,303.23876953125,305.28308178434213,300.026300067982,303.9202168516899,19938009,ITC
2026-03-06,301.48651123046875,304.0175333092302,300.9997716448259,301.8272051738374,21288269,ITC
2026-03-09,297.8846435546875,299.05283051074235,295.54829935080625,296.9111643273846,14084931,ITC
2026-03-10,300.8537292480469,301.77854635403554,295.69430146786544,300.8050671722483,18352950,ITC
2026-03-11,300.8050842285156,302.41131902789596,299.53957310372596,300.85374630707344,14842485,ITC
2026-03-12,296.0350341796875,299.83159716315987,294.8181851652266,298.9067800288785,23319679,ITC
2026-03-13,293.455322265625,297.8846408259882,292.67652106597967,295.937682389217,25659996,ITC
2026-03-16,300.0749816894531,301.2431686839447,293.99073631862075,294.52613802796225,37472204,ITC
2026-03-17,296.76513671875,301.7298865244703,295.98633554258623,301.7298865244703,25649286,ITC
2026-03-18,295.986328125,298.8094414690324,295.45092646773946,297.7872705212262,16702554,ITC
2026-03-19,290.0968017578125,297.3978957617843,289.2206764189814,293.50397895966603,17851126,ITC
2026-03-20,291.9950866699219,300.56169141647746,290.2428063525175,293.0658899820715,58679529,ITC
2026-03-23,282.7470397949219,291.07027490300464,281.87088476609046,290.9729210433315,31788160,ITC
2026-03-24,283.52581787109375,288.14984408530046,281.0921198636166,288.1011820084419,33335721,ITC
2026-03-25,287.8578186035156,290.58354854916115,284.49930339528424,284.9373809296547,26184716,ITC
2026-03-27,286.88433837890625,288.9773127628988,283.81785506545845,286.88433837890625,22179022,ITC
2026-03-30,280.0699768066406,286.64096138513423,279.38852948557997,285.813498126197,24586921,ITC
2026-04-01,283.9638977050781,286.64096553507443,283.1850965114152,285.22940879596706,18604340,ITC
2026-04-02,285.0834045410156,285.86217605837106,280.75140999162466,282.5523525472668,18082775,ITC
2026-04-06,287.0303649902344,287.51710461894146,282.552354464483,285.2294224223722,18047063,ITC
2026-04-07,290.5348815917969,291.0702832730548,284.98603822136056,286.3489031712945,26963485,ITC
2026-04-08,294.4288024902344,296.52177687527063,293.5526474241106,295.8403295367806,22310207,ITC
2026-04-09,294.9642028808594,296.32706784361375,293.26061425035937,293.5039840547165,17691477,ITC
2026-04-10,296.1810607910156,297.30055598300885,294.57482597570106,294.96421173271233,17744386,ITC
2026-04-13,290.72955322265625,293.4553127708808,290.19415155315835,292.0437560666014,16522014,ITC
2026-04-15,294.0393981933594,295.9376946310278,292.57917930537735,292.725224960759,18701403,ITC
2026-04-16,295.35357666015625,297.2518729405252,293.84469581756434,294.91552885499743,16512053,ITC
2026-04-17,298.6634216308594,301.729905030981,295.7916756720069,295.7916756720069,35111203,ITC
2026-04-20,296.9111633300781,299.7829389242669,296.37576164015127,298.8581217781442,13540471,ITC
2026-04-21,301.4378356933594,302.849392451092,296.4730857105753,296.91116324455527,24411865,ITC
2026-04-22,297.39788818359375,302.3139461377078,297.0085024549496,301.77854447435044,24500511,ITC
2026-04-23,297.20318603515625,298.22535701375915,295.2075655708127,295.93767496628874,10701849,ITC
2026-04-24,293.6013488769531,298.5174072251711,293.114609250071,298.5174072251711,17011704,ITC
2026-04-27,295.7916564941406,297.5439071449768,294.8181773085145,295.5969487737246,14382348,ITC
2026-04-28,296.3757629394531,297.6899361310764,294.526128639099,296.32707115310103,12907339,ITC
2026-04-29,307.86279296875,309.0796419528162,297.00850597252486,297.00850597252486,31199038,ITC
2026-04-30,306.548583984375,309.07963576218305,304.99101137432183,307.86278680248944,11541956,ITC
2026-05-01,306.548583984375,306.548583984375,306.548583984375,306.548583984375,0,ITC
2026-05-04,302.8493957519531,309.4690426623296,302.26530226968964,309.4690426623296,20245091,ITC
2026-05-05,303.19012451171875,305.38045282577866,301.4378440355334,302.8494008323303,26795704,ITC
2026-05-06,302.4599914550781,305.28307511999276,301.04843476850743,304.504273955316,20287609,ITC
2026-05-07,299.24749755859375,303.38478412292693,298.85811182359606,303.1901061095417,25718615,ITC
2026-05-08,299.29620361328125,300.70773068347654,297.59261494674206,300.70773068347654,17739844,ITC
2026-05-11,297.7386169433594,299.83159126541733,297.05716962537434,298.85811207299713,14968661,ITC
2026-05-12,292.7252197265625,298.1280176321973,292.141126240168,297.25189225671994,15968338,ITC
2026-05-13,296.3757629394531,297.6899361310764,293.0659097966479,293.99072694682496,13024778,ITC
2026-05-14,299.0528259277344,300.9997843525029,296.7651438369858,296.91115977719784,11113377,ITC
2026-05-15,301.2431640625,303.77418633135375,298.17668067606064,299.0528357626027,11954564,ITC
2026-05-18,301.924560546875,304.01753483399096,298.371367495507,301.24314294849347,14422870,ITC
2026-05-19,302.0705871582031,305.91584192326644,300.17232052251813,303.67685162223455,17519355,ITC
2026-05-20,299.3935241699219,301.43783648682927,298.07935098097914,300.8050809313701,12127920,ITC
2026-05-21,299.8802490234375,303.0440563532439,297.68992087203304,301.6325293694972,21868988,ITC
2026-05-22,293.6986999511719,298.8581280637695,293.01725259672514,297.7872949531656,30751752,ITC
2026-05-25,295.8890075683594,297.3978884085819,294.33143494437775,295.8890075683594,15734247,ITC
2026-05-26,293.6499938964844,296.32706168880947,293.1145922213104,296.27839961224,37560542,ITC
2026-05-27,291.95001220703125,296.3500061035156,291.04998779296875,295.6499938964844,25446093,ITC
