Price,Close,High,Low,Open,Volume,symbol
Ticker,NTPC.NS,NTPC.NS,NTPC.NS,NTPC.NS,NTPC.NS,
Date,,,,,,
2015-01-01,79.6338119506836,80.64006578318894,79.43814807120422,80.6121108757938,1478980,NTPC
2015-01-02,80.7238998413086,81.05931770059648,79.66174158087348,79.66174158087348,2383093,NTPC
2015-01-05,80.50031280517578,81.00343976020812,79.96923605866566,80.80778098371957,2197057,NTPC
2015-01-06,77.81694793701172,80.77980416249795,77.2858713345571,80.22077777614699,5923512,NTPC
2015-01-07,79.6897201538086,79.94128363916057,77.90082596399637,78.5437121325866,5848555,NTPC
2015-01-08,81.03136444091797,81.22702827484441,80.05306574356757,80.10896530920046,7564225,NTPC
2015-01-09,78.40392303466797,81.33882924452185,77.98465071897456,81.143170536555,3778993,NTPC
2015-01-12,78.26416015625,79.04680518691941,77.42561556486851,78.82319158986101,3190536,NTPC
2015-01-13,77.67720794677734,78.45985326968476,77.20203591294634,77.8449169276758,4515434,NTPC
2015-01-14,77.00634765625,78.4039237608628,76.69888470060722,78.0964556871497,2736211,NTPC
2015-01-15,77.81694793701172,78.57163816484912,77.36972580431681,78.18031559994691,7016253,NTPC
2015-01-16,78.48779296875,79.27043307295595,77.34178004060418,77.50948899993912,6225934,NTPC
2015-01-19,79.24247741699219,79.88536341952052,78.18031904717819,78.76730036137813,5186906,NTPC
2015-01-20,79.85740661621094,80.2207794045931,79.43813425890134,79.80150704728351,6449028,NTPC
2015-01-21,80.22079467773438,80.58416241722692,79.54995877831936,80.08103549266566,6947634,NTPC
2015-01-22,78.37600708007812,80.33261035842764,77.90082987784893,80.22080606534473,6729064,NTPC
2015-01-23,79.32632446289062,79.4940333941018,78.51572958934642,79.15861553167943,9045246,NTPC
2015-01-27,80.02510833740234,80.33257641103935,78.65548713314709,79.66174069988246,17981989,NTPC
2015-01-28,79.85740661621094,81.0313692166778,79.13067127558814,79.94126108767286,6764469,NTPC
2015-01-29,79.29839324951172,79.77356525383314,78.87912082330365,79.77356525383314,17553748,NTPC
2015-01-30,80.30463409423828,82.40099588648197,79.43813447473038,79.82945704863945,22309884,NTPC
2015-02-02,79.41020202636719,80.75187386630581,79.13068876573728,80.75187386630581,10364854,NTPC
2015-02-03,80.50031280517578,80.94753505918052,79.4661091036333,79.63381808864409,7781553,NTPC
2015-02-04,80.24742126464844,80.97796673061299,79.82595371598957,80.47220567222236,4036543,NTPC
2015-02-05,78.75824737548828,80.41602172559826,78.14009658242095,79.91026058266996,6143088,NTPC
2015-02-06,78.67393493652344,79.09540245429922,77.71861027785405,78.7582284400786,5976495,NTPC
2015-02-09,77.99959564208984,78.8987281623143,77.60622934469669,78.11199042266023,3114468,NTPC
2015-02-10,77.07235717773438,78.84252072503277,76.84757793497296,77.5500220721198,4506774,NTPC
2015-02-11,78.75824737548828,79.23591239209891,76.87569372510022,76.98808337523926,3522442,NTPC
2015-02-12,79.85405731201172,80.16313525824734,78.70204933442702,78.98302601154337,5162803,NTPC
2015-02-13,80.50029754638672,80.75317806223924,79.5730689882608,79.8540456242523,3614205,NTPC
2015-02-16,80.9217758178711,81.28704600764857,79.91025362014771,79.91025362014771,1945558,NTPC
2015-02-18,82.07379150390625,83.05721246379673,80.6969939282706,80.94987448564841,4976054,NTPC
2015-02-19,82.41097259521484,82.72004542840607,79.79787327988444,82.1580920163119,3709054,NTPC
2015-02-20,81.84900665283203,82.80433148308586,80.97797534127321,82.27047424630697,3178180,NTPC
2015-02-23,82.07379150390625,82.49525909953591,81.09036539914766,81.84900707128106,6031716,NTPC
2015-02-24,82.38285827636719,83.84394926410602,82.04568422456094,82.18617512776946,5885637,NTPC
2015-02-25,82.07379150390625,83.50678132904712,81.82091094652846,82.60764874341446,7538304,NTPC
2015-02-26,86.17607116699219,87.01901148840356,81.90520303575124,82.66384469464026,25489447,NTPC
2015-02-27,89.04205322265625,89.63210782841442,85.41742692813108,85.97938541047576,12085627,NTPC
2015-03-02,89.6321029663086,89.91307447493779,87.4966639361567,87.66525095722828,7853508,NTPC
2015-03-03,89.18254089355469,89.91308127688542,88.7329720401087,89.63210974700065,5796930,NTPC
2015-03-04,88.50817108154297,89.80067478756554,87.52475038832586,89.35110604422434,4580594,NTPC
2015-03-05,88.87345886230469,89.18253162896477,87.21567967541498,87.80573423250642,4307704,NTPC
2015-03-09,85.30502319335938,88.84535024288614,85.08023880859247,88.50817623816931,3058852,NTPC
2015-03-10,84.26542663574219,86.1479802624642,83.73156422833917,86.1479802624642,3849673,NTPC
2015-03-11,86.40084838867188,86.96280169624744,82.38285600068184,84.01253396930673,4759294,NTPC
2015-03-12,89.74449920654297,92.58238795937984,85.97939200612171,86.54134538670706,23732349,NTPC
2015-03-13,89.60399627685547,90.64361960712561,89.12633650930492,90.08165604440602,16271358,NTPC
2015-03-16,87.5809555053711,89.63210097952147,86.93470870216643,89.51970620472002,12014666,NTPC
2015-03-17,88.70487213134766,89.07013714137507,87.2718824880872,87.72144100654171,6403596,NTPC
2015-03-18,85.7826919555664,89.54780355989058,84.96785302574733,88.78916201501784,19386136,NTPC
2015-03-19,86.96280670166016,87.58096257838778,84.3778089903428,86.26036245432556,24922042,NTPC
2015-03-20,81.76469421386719,83.33817458036116,80.19121384737322,80.80936960467454,20606029,NTPC
2015-03-23,84.3778076171875,84.5744907684721,81.59612165178571,81.59612165178571,8907972,NTPC
2015-03-24,85.81078338623047,86.20415476962333,84.06871599676718,84.29350037940124,7701613,NTPC
2015-03-25,82.80433654785156,87.047108866721,82.32667667594241,86.82232956636436,19117210,NTPC
2015-03-26,80.9217758178711,83.05720985366449,80.33172120253246,82.18617856502533,26353953,NTPC
2015-03-27,81.8208999633789,82.41095451805502,80.64079085402665,81.98948697900065,5357637,NTPC
2015-03-30,82.94480895996094,83.28198298012339,81.87708951449079,82.10187390955484,4959049,NTPC
2015-03-31,82.52335357666016,83.45058226853274,81.42753784990164,83.45058226853274,8397256,NTPC
2015-04-01,83.02909851074219,84.23730364382777,82.60763100561151,82.60763100561151,3645848,NTPC
2015-04-06,85.47362518310547,85.95129015516625,83.28199376815405,83.4505808000734,4071922,NTPC
2015-04-07,87.83385467529297,88.22722103599291,85.13646182537994,85.95130096374736,5508952,NTPC
2015-04-08,87.72144317626953,88.7610665691629,86.23226125380214,87.83383795353062,3068680,NTPC
2015-04-09,88.42389678955078,88.78917211595589,86.20416928735563,87.74954867294792,3480921,NTPC
2015-04-10,87.46855926513672,89.35111769041234,86.68182672391224,88.22720083043266,3200816,NTPC
2015-04-13,88.39578247070312,89.18252525383039,86.26034879835852,87.4966552112249,3189088,NTPC
2015-04-15,86.73799896240234,89.0701153620605,86.20414192119135,87.77762207537401,4110085,NTPC
2015-04-16,87.72144317626953,88.00242497455467,86.26035737568361,86.54133402910118,3141138,NTPC
2015-04-17,88.78915405273438,89.26681377490799,87.41235683151992,87.41235683151992,3831186,NTPC
2015-04-20,86.7661361694336,89.91308749187158,86.4289620784769,89.5759134009149,2855564,NTPC
2015-04-21,85.05215454101562,87.83384046753051,84.85547139248058,87.04709758365487,3864529,NTPC
2015-04-22,85.81078338623047,86.23225088812747,84.46208738016004,85.3612197658293,3322204,NTPC
2015-04-23,84.01253509521484,86.54133530293022,83.67536104820377,86.54133530293022,2880820,NTPC
2015-04-24,84.18110656738281,84.85545453682815,83.11338723413877,84.54637666921013,4004778,NTPC
2015-04-27,83.3100814819336,86.17606073524986,83.0010087178601,84.77117237432016,4911789,NTPC
2015-04-28,85.02405548095703,85.50171527444982,82.55144242401026,83.16959826068073,3926425,NTPC
2015-04-29,85.1926498413086,85.83889671050811,84.51830170310528,85.08025505502938,4480990,NTPC
2015-04-30,84.46208953857422,85.36122194722066,83.95632852337317,85.02404793708664,6908986,NTPC
2015-05-04,85.6141128540039,86.00747915036274,83.92824259855826,84.85547123905336,2244895,NTPC
2015-05-05,84.5744857788086,85.47361825781773,83.39437665098862,85.13644422129774,2478207,NTPC
2015-05-06,81.2589340209961,84.32159614016513,80.41599902077829,84.06871564009978,5876370,NTPC
2015-05-07,80.0788345336914,81.56802159260712,79.79785788186237,81.37133330594601,3870685,NTPC
2015-05-08,79.7978515625,81.25893723911904,79.54497105241975,80.5002957088783,2922648,NTPC
2015-05-11,81.45560455322266,81.76468238716734,79.68544132628398,80.0226152742723,2935518,NTPC
2015-05-12,79.60116577148438,81.73660468638337,78.84252421760726,81.28703589121132,5078632,NTPC
2015-05-13,77.77481079101562,80.13502898552032,75.44268871720399,79.82595107842701,12966652,NTPC
2015-05-14,78.14009094238281,80.72509386794623,77.38144928274802,78.33677410214693,11796906,NTPC
2015-05-15,76.4822998046875,79.46067353624541,76.1170296901959,78.67393078137088,3487633,NTPC
2015-05-18,76.51041412353516,77.38144538128066,75.8922582613836,77.38144538128066,3840517,NTPC
2015-05-19,76.4822998046875,77.49382179392599,75.77985569378308,76.65088680289392,3091772,NTPC
2015-05-20,76.51041412353516,77.38144538128066,76.11704267897214,76.93188169097132,4418476,NTPC
2015-05-21,75.8360595703125,77.04426477932128,75.30219726702127,76.98806739348343,4420716,NTPC
2015-05-22,76.06085205078125,76.25754036298382,75.44270127853888,75.63938444587322,5611028,NTPC
2015-05-25,75.44268035888672,76.34181271499105,75.30218948125163,75.89224396450548,1798695,NTPC
2015-05-26,74.45926666259766,75.58318357745362,74.17829000631748,75.58318357745362,8415657,NTPC
2015-05-27,75.44268035888672,76.34181271499105,73.78490652431312,74.45925450517468,8322991,NTPC
2015-05-28,75.66746520996094,76.17322619878756,75.30218995478604,75.7517587080987,9531386,NTPC
2015-05-29,76.73518371582031,78.47725115641063,75.33029543151027,75.72366168158086,55394842,NTPC
2015-06-01,77.8591079711914,78.28057552580833,76.76329232918737,76.76329232918737,5682194,NTPC
2015-06-02,77.52194213867188,78.0557993827773,76.3137315908838,77.8310149482164,4976767,NTPC
2015-06-03,77.80290222167969,78.53344761946805,76.48230231083417,77.38143471235315,8343859,NTPC
2015-06-04,76.931884765625,78.33677328331471,76.5104171813445,77.85911345104212,6126315,NTPC
2015-06-05,78.7020492553711,79.15161296727929,76.20133985348293,76.20133985348293,6811179,NTPC
2015-06-08,77.80290222167969,78.9549151287946,77.57811783508319,78.7582268611975,5851057,NTPC
2015-06-09,78.11199188232422,78.36487242603152,76.84758916378769,77.94340485318602,5823418,NTPC
2015-06-10,78.67393493652344,79.09540245429922,77.9995869080822,78.33676092230282,4557562,NTPC
2015-06-11,76.73518371582031,78.89871867067707,76.53850059078502,78.81442516782377,5646832,NTPC
2015-06-12,76.70708465576172,77.26904303486214,76.20132365803141,76.42610803864497,4680678,NTPC
2015-06-15,76.34181213378906,76.79137573598524,75.63936289582827,76.42610563075502,2415729,NTPC
2015-06-16,77.35334014892578,77.5500232756111,76.08893759551907,76.08893759551907,2201316,NTPC
2015-06-17,76.98807525634766,77.52193761416277,76.7351947115514,77.18476355443443,4718553,NTPC
2015-06-18,76.76331329345703,77.49385382439392,76.56662495100794,77.0442900249813,3119080,NTPC
2015-06-19,76.45423126220703,77.15667562646989,76.20135067368815,76.87569890973849,3558112,NTPC
2015-06-22,76.98807525634766,77.26905706936651,76.42612192004566,76.53851155833249,2489085,NTPC
2015-06-23,78.2524642944336,78.67393179538183,76.36991117182046,76.93186955470709,4895708,NTPC
2015-06-24,76.87568664550781,78.75824012252882,76.56660870500338,78.61775435900965,1151251,NTPC
2015-06-25,76.20133972167969,77.18476580620015,75.86416565211474,76.76329821924395,13284873,NTPC
2015-06-26,77.38143157958984,77.66240819280993,76.0889329849372,76.22941871911382,3012900,NTPC
2015-06-29,77.91529846191406,78.39296339468699,76.08894252958392,76.79138672318263,2735258,NTPC
2015-06-30,77.35334014892578,77.88719728985289,76.51040511332131,77.43763365248623,5584984,NTPC
2015-07-01,77.71861267089844,78.30866721395299,76.93187499511482,77.18475551356677,2692186,NTPC
2015-07-02,77.35334014892578,78.02768817740935,77.18475314180489,77.83099990585687,2130937,NTPC
2015-07-03,78.0276870727539,78.50534682292266,76.48230276611262,76.84757803961472,1848141,NTPC
2015-07-06,77.55003356933594,77.88720762833306,76.81948805988625,76.81948805988625,1829578,NTPC
2015-07-07,75.5550765991211,77.71861160905041,75.30219608412419,77.55002459905248,11870942,NTPC
2015-07-08,74.74024200439453,75.2179017643028,73.81301345945036,74.20637971527279,6979066,NTPC
2015-07-09,73.67252349853516,74.8245364505008,73.44773910318723,74.45926116495201,3690094,NTPC
2015-07-10,72.9700698852539,74.03778404890132,72.01474018742212,73.75680744976252,6700296,NTPC
2015-07-13,74.79643249511719,74.96501949934725,72.54860920196101,73.05437021465121,3433429,NTPC
2015-07-14,74.79643249511719,75.33029477175711,74.6840428739195,74.85262987814957,2489889,NTPC
2015-07-15,74.82455444335938,75.30221432414282,74.74026091794248,74.74026091794248,2469536,NTPC
2015-07-16,75.69556427001953,75.92034865541328,74.74023963561342,75.04931237755441,1189351,NTPC
2015-07-17,76.17324829101562,76.3137340654119,75.35840919107031,75.72367940731625,1445403,NTPC
2015-07-20,76.25753784179688,76.53851452082333,76.11704692984964,76.2294365724866,886364,NTPC
2015-07-21,76.20133972167969,76.45422027385341,76.03275268689721,76.14514232846287,1367409,NTPC
2015-07-22,77.29714965820312,77.46573668035842,76.08894438104605,76.08894438104605,1659378,NTPC
2015-07-23,77.7467041015625,78.05578198709341,77.04425997430171,77.04425997430171,2745640,NTPC
2015-07-24,77.55003356933594,78.05579465783161,76.93188284279718,77.49383617788047,3777370,NTPC
2015-07-27,75.41460418701172,78.28058386366956,74.93693919261268,77.55003830956544,3031380,NTPC
2015-07-28,77.01616668701172,77.26904719950662,74.57165506622775,75.10551221098346,3351928,NTPC
2015-07-29,76.1451416015625,77.21286119328148,75.58318825423079,76.98807676742803,3799195,NTPC
2015-07-30,76.34181213378906,77.94338857614221,76.145123877624,76.34181213378906,8104052,NTPC
2015-07-31,75.89226531982422,76.93188884610323,75.7798756730109,76.42612771814098,5377446,NTPC
2015-08-03,75.89226531982422,76.70710440760837,75.69558215168387,75.92036659017873,2878239,NTPC
2015-08-04,75.94845581054688,76.3699233788629,75.10552067391482,75.94845581054688,4383127,NTPC
2015-08-05,76.84760284423828,77.10048343296351,75.63939215708295,75.97656627538328,2769999,NTPC
2015-08-06,76.36991882324219,77.55002794413114,76.00464866744667,76.98806950494249,12025086,NTPC
2015-08-07,75.2179183959961,76.65090828230859,74.90884557591934,75.92036784861051,4762880,NTPC
2015-08-10,73.81302642822266,75.63938257439065,73.56014587153464,75.30220849880664,4761007,NTPC
2015-08-11,73.5039291381836,74.3468641053646,72.82958116443879,73.67251613161979,6722565,NTPC
2015-08-12,71.95856475830078,73.222967466989,71.42470240694279,73.05438043916391,5033044,NTPC
2015-08-13,71.8461685180664,72.60481012787932,71.14372429801035,71.9866594200247,6023696,NTPC
2015-08-14,72.85769653320312,73.02628357118576,71.70568853690057,71.95856909387452,2001253,NTPC
2015-08-17,71.95856475830078,73.05438043916391,71.76187646259298,72.8576921434561,1299099,NTPC
2015-08-18,71.50897979736328,72.52050173624087,71.31229669087041,72.49240561956094,2115512,NTPC
2015-08-19,70.80654907226562,71.59328679144605,70.7222555614653,71.36850752589027,2073483,NTPC
2015-08-20,70.7784652709961,71.76188630494299,70.24460284641732,70.35699764362785,3895869,NTPC
2015-08-21,69.34546661376953,70.49747455373257,68.44633407354533,70.24459400912588,8286668,NTPC
2015-08-24,64.7936019897461,68.55870802940217,63.33251130298802,67.99675482206445,21259096,NTPC
2015-08-25,66.95713806152344,68.78349902342467,60.18556164549658,66.31089129636186,12442059,NTPC
2015-08-26,67.37860870361328,69.12067624256878,65.35556452090395,66.9852424313314,10884993,NTPC
2015-08-27,66.95713806152344,68.39012762451145,66.31089129636186,68.2215406171011,12451533,NTPC
2015-08-28,68.33394622802734,70.27269712087353,67.4629097882859,68.50253326218788,4771845,NTPC
2015-08-31,68.24964141845703,69.31735569489928,67.49099989025838,67.99676090905749,4827870,NTPC
2015-09-01,67.5752944946289,68.83969706223193,67.09762958746758,67.49100099012203,3799548,NTPC
2015-09-02,65.46795654296875,67.99676166508084,65.04648902261674,67.99676166508084,6875404,NTPC
2015-09-03,67.09394836425781,68.12089655350665,65.92436674094822,66.03847557752826,5062188,NTPC
2015-09-04,65.32533264160156,67.09396789001646,64.5551212755172,66.7516517273123,10292604,NTPC
2015-09-07,64.2413330078125,65.61059761740474,64.12722414145983,65.43943954120572,8050246,NTPC
2015-09-08,65.29682159423828,66.26671584884832,64.55513467992989,65.04008441890052,5787757,NTPC
2015-09-09,68.9766845703125,69.2334216096561,65.7246820719603,66.75163022933468,12015592,NTPC
2015-09-10,68.03533172607422,68.97670109586895,67.29364502694422,68.83406763206288,2798323,NTPC
2015-09-11,68.2635498046875,68.89112769475118,67.72154573190831,68.3776534510636,2404740,NTPC
2015-09-14,71.82933807373047,72.11460501828105,68.29207288194125,68.46323095933961,5742222,NTPC
2015-09-15,72.371337890625,73.88323067010181,71.03059795518037,71.68670562117748,5089286,NTPC
2015-09-16,72.9418716430664,73.42682131046946,71.429978649197,72.34281832235162,3290786,NTPC
2015-09-18,72.34281921386719,74.16850902933616,71.51555857633423,72.9418725419644,7200021,NTPC
2015-09-21,72.31427764892578,72.85627641090463,71.3158539284423,71.3729083540877,2233722,NTPC
2015-09-22,68.9766845703125,72.65658213423737,68.49173508822068,72.45689951141294,6530800,NTPC
2015-09-23,69.20491790771484,70.34597001931061,67.92123232342085,67.92123232342085,3839610,NTPC
2015-09-24,69.63280487060547,69.83248753011283,68.6058565245744,69.49017141476914,3772704,NTPC
2015-09-28,69.00521850585938,70.174800251155,68.8340604564663,69.63280150252002,2310477,NTPC
2015-09-29,69.23345184326172,70.03218790668849,67.89271164453578,67.9782906950219,3975267,NTPC
2015-09-30,70.60271453857422,70.97355533847472,69.03376706771608,70.11776485921928,3470785,NTPC
2015-10-01,70.46005249023438,71.82931670201756,70.23184527048947,71.42995145579977,3822145,NTPC
2015-10-05,72.85626983642578,73.17006131416534,70.68826976081938,70.68826976081938,4026033,NTPC
2015-10-06,71.7437515258789,74.1114397565156,71.20175274528981,73.88322726942728,8623933,NTPC
2015-10-07,72.88481903076172,73.02744728492056,71.45849992586199,71.91491974116462,3385142,NTPC
2015-10-08,71.8863754272461,73.17006070273263,71.48700493376292,72.97037806765542,3521266,NTPC
2015-10-09,71.8863754272461,72.45690395746081,71.60111377380312,72.3998495374407,3262202,NTPC
2015-10-12,72.59953308105469,73.59795671559287,71.71521828798468,73.59795671559287,2117947,NTPC
2015-10-13,72.71368408203125,73.2556831116062,72.39989242105005,72.68515424345814,2506449,NTPC
2015-10-14,71.8008041381836,73.08448955185791,71.42996342645412,72.6851190153828,2665834,NTPC
2015-10-15,71.31586456298828,72.3428130377673,71.05912744429352,72.17165495863746,2725071,NTPC
2015-10-16,72.34281921386719,72.99892698098859,71.4299795294632,71.48702874515689,19650850,NTPC
2015-10-19,72.62806701660156,72.82774966548732,71.94343482233141,72.45690896803403,4176244,NTPC
2015-10-20,72.99891662597656,74.05438964655525,72.28575974432391,72.65660048705053,5440894,NTPC
2015-10-21,74.13996887207031,75.13839268761706,72.51396720798749,72.99891681382387,4227984,NTPC
2015-10-23,75.68038177490234,76.42206839027375,74.79606693516155,74.79606693516155,3888451,NTPC
2015-10-26,75.79449462890625,76.16533534453012,74.88164991737511,75.88007365738325,2554590,NTPC
2015-10-27,75.68038177490234,76.02269787071543,74.79606693516155,75.42364470304251,8433085,NTPC
2015-10-28,73.85470581054688,75.88007800841568,73.62649331374584,75.10986670795806,4449216,NTPC
2015-10-29,72.99891662597656,74.85313078626916,72.62807588324995,74.19702311221768,9820096,NTPC
2015-10-30,75.76596069335938,78.53301927954845,73.05596175416515,73.05596175416515,10949250,NTPC
2015-11-02,75.70892333984375,76.05123948874532,73.99734259533582,75.56628987002478,11462052,NTPC
2015-11-03,77.42048645019531,78.61859269845678,75.88006413100202,75.88006413100202,11192800,NTPC
2015-11-04,77.04965209960938,77.8769178027262,76.76439040554439,77.73428434402895,4315034,NTPC
2015-11-05,77.5916519165039,78.16217527380938,76.82144068314521,77.02112333586922,7694065,NTPC
2015-11-06,77.3349380493164,79.47441433965777,76.67883024583479,79.01798924883109,7245621,NTPC
2015-11-09,76.19385528564453,76.70732942509851,75.39511947649247,76.16533068567344,3002449,NTPC
2015-11-10,74.9386978149414,76.87848547585901,74.36816926702681,76.1082742866723,2695531,NTPC
2015-11-13,74.6249008178711,75.7374280089632,74.05437231209896,74.68195523544686,2186415,NTPC
2015-11-16,74.85313415527344,75.30955395327419,74.05439297960963,74.33965992377384,3069470,NTPC
2015-11-17,75.36658477783203,76.02268705255659,74.62489826800389,75.0242687307311,2031129,NTPC
2015-11-18,75.8230209350586,77.10670639106974,75.30954675265413,75.36660118069778,8835048,NTPC
2015-11-19,76.42208862304688,76.7644048094883,75.30956101711226,76.39356401528691,1697204,NTPC
2015-11-20,76.53617095947266,76.99259589648489,76.10827584560433,76.45059193669898,4503478,NTPC
2015-11-23,75.93712615966797,76.8499709108548,75.4521817927843,76.59323381427065,1590408,NTPC
2015-11-24,74.82459259033203,76.30796584198914,74.6534345400123,75.76596186709055,2367228,NTPC
2015-11-26,75.8230209350586,76.22239148470523,74.56786008140452,74.96723063105115,5874213,NTPC
2015-11-27,75.70892333984375,76.45060484691058,75.45218622816756,76.16534313060255,4532130,NTPC
2015-11-30,74.68197631835938,76.27944822816609,74.22555129556031,75.88008286237941,8954815,NTPC
2015-12-01,75.68038177490234,75.82301522260083,74.73901251141632,74.79606693516155,1776526,NTPC
2015-12-02,75.93712615966797,76.13681405034204,75.02428663181072,75.7374434923235,1556103,NTPC
2015-12-03,76.16533660888672,76.96407248015474,75.53775879741396,75.79449588710683,2710232,NTPC
2015-12-04,74.39669799804688,76.07975391270348,74.16849074487017,75.93712046197113,2029555,NTPC
2015-12-07,74.2825927734375,74.76754231683154,73.02743201465067,74.16848914930382,3599509,NTPC
2015-12-08,74.19700622558594,74.7390049144211,73.76911114931382,73.85469016456824,2817922,NTPC
2015-12-09,74.25408935546875,75.45219603230434,73.54092713703669,74.42524745215955,4174069,NTPC
2015-12-10,75.99417877197266,76.25091586241851,74.2825981690003,74.2825981690003,4689330,NTPC
2015-12-11,75.73743438720703,76.13680489721345,75.10985663433607,76.13680489721345,7819576,NTPC
2015-12-14,75.79449462890625,76.108280917769,74.96722894585211,75.30954505976013,3892008,NTPC
2015-12-15,75.19544219970703,76.02270266790445,74.45375553753367,75.59480752113701,2294697,NTPC
2015-12-16,76.19385528564453,76.96406649482549,75.19543683003671,75.19543683003671,2827382,NTPC
2015-12-17,77.3349380493164,77.81988252623992,76.59325119422112,76.73588468802082,5617645,NTPC
2015-12-18,77.50607299804688,78.78975838875802,77.13522706962195,77.53459759895294,7227156,NTPC
2015-12-21,77.8198471069336,78.39037559912843,77.02111139652357,77.02111139652357,2724703,NTPC
2015-12-22,78.16217041015625,78.96091141800888,77.87690874925396,78.0480667904611,5186119,NTPC
2015-12-23,79.30323791503906,79.75965767708851,78.27628953293063,78.27628953293063,2906598,NTPC
2015-12-24,79.47438049316406,79.81669655383335,79.18911362705394,79.4458506725559,2214117,NTPC
2015-12-28,82.12733459472656,82.55522969469331,79.47438497493275,79.47438497493275,6195141,NTPC
2015-12-29,82.61228942871094,84.92292326322595,82.21292410002678,82.41260676436886,11830292,NTPC
2015-12-30,82.75492858886719,83.86745606731111,82.09882089893132,82.15587533124354,7060556,NTPC
2015-12-31,83.43956756591797,83.81040834732306,82.18440651783338,82.75493521665915,6167425,NTPC
2016-01-01,82.4411392211914,83.46808768992597,82.21293193258153,83.46808768992597,1087959,NTPC
2016-01-04,81.7564926147461,83.86744361696303,81.49975554244928,81.72796801448949,1660154,NTPC
2016-01-05,81.15745544433594,83.0972487807396,81.01482719160798,82.55524992904702,2183413,NTPC
2016-01-06,80.70104217529297,81.52830804616049,79.90230613594781,81.0148337587249,2555581,NTPC
2016-01-07,78.64714050292969,80.38724596917496,78.19072068145476,80.38724596917496,4397205,NTPC
2016-01-08,79.61701965332031,79.98786558560346,78.21923062111331,78.84680841088046,5000222,NTPC
2016-01-11,80.78660583496094,81.55681711940443,78.30481391842082,78.30481391842082,9595707,NTPC
2016-01-12,82.84051513671875,83.23988575245492,81.44272581663768,81.87062103945131,5331380,NTPC
2016-01-13,82.29849243164062,83.83891478771989,80.61543663481478,83.23986164924463,6335397,NTPC
2016-01-14,81.6994400024414,82.49817578623306,80.04490879006948,81.52828196139113,2617408,NTPC
2016-01-15,77.84837341308594,82.44111006981484,77.39194855059907,82.09879403461376,5813482,NTPC
2016-01-18,76.79291534423828,79.04649997420778,76.02270406589341,77.53460202005058,7094769,NTPC
2016-01-19,77.1067123413086,78.81829308140424,76.6788171562847,77.24934581075986,3276105,NTPC
2016-01-20,75.42365264892578,76.90702603594201,74.62491674899141,76.62175911049215,4893918,NTPC
2016-01-21,75.88007354736328,77.19228357433157,75.4807030072732,75.82301912068488,3672420,NTPC
2016-01-22,78.81826782226562,79.47437530348074,76.53615915904935,77.0496332165234,4081641,NTPC
2016-01-25,78.70417785644531,79.7025963256709,77.79133318830019,79.58849270090117,3248101,NTPC
2016-01-27,82.01322174072266,82.4981712380726,78.9894315899803,79.75964273224446,6462206,NTPC
2016-01-28,82.29849243164062,82.92607016893368,81.64238487220096,81.64238487220096,10947943,NTPC
2016-01-29,81.27154541015625,83.69628259915154,80.10196371452541,82.15586022002606,9604422,NTPC
2016-02-01,80.01638793945312,82.24144257734167,79.7596508658506,81.01481163346155,4772776,NTPC
2016-02-02,76.47913360595703,80.15903215521674,75.73744688592653,79.87376521956587,5540090,NTPC
2016-02-03,73.39828491210938,76.33649660536132,72.59954379724759,75.05281112432947,5409084,NTPC
2016-02-04,71.82933807373047,74.79607982307851,71.08765655389095,74.16850194706124,8947989,NTPC
2016-02-05,72.1182632446289,73.1584305029649,71.65596844888988,72.20494384949023,2917293,NTPC
2016-02-08,71.2225570678711,72.75391071370109,70.93361822519235,72.11825478282243,2578603,NTPC
2016-02-09,72.72503662109375,73.10065085919078,70.03793753259087,70.03793753259087,2829949,NTPC
2016-02-10,72.0893783569336,72.92728742356134,71.48261406496499,72.23384251845437,3106880,NTPC
2016-02-11,69.89346313476562,72.20494782175261,69.48895715020221,72.08937543910086,2946543,NTPC
2016-02-12,71.6270751953125,72.6672425089543,69.43116818559021,69.92236006944258,4086475,NTPC
2016-02-15,72.1182632446289,73.53404469384259,71.33813780087691,72.34941328778055,4458290,NTPC
2016-02-16,73.82300567626953,75.7588713343343,71.77156231673776,73.24513304063214,6067938,NTPC
2016-02-17,73.96746063232422,75.09430869226092,72.69614839943907,74.16971893935631,4187010,NTPC
2016-02-18,73.67852020263672,75.26766299250535,72.37831102259018,74.80536815867704,2623275,NTPC
2016-02-19,75.00761413574219,75.52769775908068,73.38957972350966,73.64962153517891,1806504,NTPC
2016-02-22,73.38958740234375,76.77013130775406,72.84060665989206,76.77013130775406,2703391,NTPC
2016-02-23,71.54039001464844,72.2338348461008,70.90473401600516,71.2225646606089,11574602,NTPC
2016-02-24,68.56436157226562,70.61580441106351,68.36210858188664,70.38465435737002,21683338,NTPC
2016-02-25,68.4776840209961,68.85329824577535,67.55308905550326,67.66866673279283,40502397,NTPC
2016-02-26,70.24018859863281,70.50023043872305,68.24653449127425,68.76661817145474,8436524,NTPC
2016-02-29,69.0555648803711,70.4424548509187,68.04428917999168,70.4424548509187,6291750,NTPC
2016-03-01,70.9914321899414,71.07811281532595,68.93998895898537,69.34450030763507,4792212,NTPC
2016-03-02,73.27400207519531,73.82298276033575,70.6735839578907,71.4826064547616,7180521,NTPC
2016-03-03,73.04287719726562,74.45865901612248,72.7828353147879,73.96746703014267,4161891,NTPC
2016-03-04,72.84060668945312,73.76520165824849,71.65597517223927,73.67852104525407,7395987,NTPC
2016-03-08,73.70743560791016,73.96747752729192,71.94493102895586,72.81173742689509,4202145,NTPC
2016-03-09,73.12955474853516,73.79410267098001,72.8695128769962,73.56295786776677,4332384,NTPC
2016-03-10,73.27400207519531,73.96744690647654,73.04285732514437,73.15842970016983,4072078,NTPC
2016-03-11,73.04287719726562,74.40087016760555,72.60947405980275,73.27402201020206,2484648,NTPC
2016-03-14,73.62074279785156,73.851892895946,72.84061716866903,73.24512851769292,2195317,NTPC
2016-03-15,73.56295776367188,73.90968025856654,72.8117239278783,73.79410256655804,2454310,NTPC
2016-03-16,73.70743560791016,74.05415816708584,73.18735176914662,73.79411624770408,6045006,NTPC
2016-03-17,73.30290985107422,74.1119271756296,72.81171792693435,73.62073525148973,5303053,NTPC
2016-03-18,73.64964294433594,73.90968483159656,73.01398147065504,73.10066209974191,6395342,NTPC
2016-03-21,73.47627258300781,74.3719705424134,72.98508064884858,73.64963381970341,3162202,NTPC
2016-03-22,74.1119155883789,74.42974622966722,73.27400132892653,73.73630140544846,4386978,NTPC
2016-03-23,73.59185028076172,74.14082580633863,73.30291662896842,74.11193402832893,2682230,NTPC
2016-03-28,74.63199615478516,75.26765212080518,73.53404013114698,73.96744312856154,6322756,NTPC
2016-03-29,73.56295776367188,75.15210076841726,73.30291589250088,74.92095067496568,5982391,NTPC
2016-03-30,75.06539916992188,75.325440968432,73.44735954900425,73.9674431460245,4581528,NTPC
2016-03-31,74.45864868164062,76.19226099087557,74.16971506028978,75.00762414937672,12576144,NTPC
2016-04-01,75.09430694580078,75.70107127165525,74.14082014802948,74.37197022616239,6204711,NTPC
2016-04-04,75.75885772705078,76.10558018804414,75.06541280506404,75.18098519520687,2727397,NTPC
2016-04-05,73.30290985107422,76.19226197354202,73.12954861791485,75.7588588906436,4594977,NTPC
2016-04-06,72.92728424072266,73.85187917070051,72.72503124908185,73.85187917070051,4536128,NTPC
2016-04-07,73.12955474853516,73.30291599622781,72.26274851007194,72.98508527860282,9263898,NTPC
2016-04-08,76.0188980102539,76.56787346535445,73.21622660502042,73.79409383442157,9962676,NTPC
2016-04-11,77.78141021728516,78.0125603076444,75.84554474354317,76.01890598867126,4473735,NTPC
2016-04-12,78.30148315429688,78.76378327126065,76.82791277392465,77.83918832789772,4394954,NTPC
2016-04-13,79.2549819946289,79.65949333620908,78.734898251411,78.87936772138222,4541049,NTPC
2016-04-18,80.61296844482422,80.84411850496176,78.59042261295592,80.55517960714867,5881213,NTPC
2016-04-20,81.65313720703125,81.91317904527021,80.38181978989701,80.61296985407544,3941576,NTPC
2016-04-21,81.56645202636719,82.40436633284462,81.27751843024869,81.91317445793517,5878872,NTPC
2016-04-22,83.01113891601562,83.21339192453276,80.9308041179023,81.13305712641943,5904096,NTPC
2016-04-25,81.10415649414062,83.12670223013583,79.77505032455815,83.09781045794992,3757774,NTPC
2016-04-26,81.0174789428711,81.82649620967116,80.32403405973828,80.55517882707282,6118725,NTPC
2016-04-27,81.30641174316406,81.62424240831132,80.78632808595833,81.19083936063986,2213048,NTPC
2016-04-28,79.2549819946289,81.73982830908069,79.05272896912152,81.39310581360209,7582244,NTPC
2016-04-29,80.49739074707031,81.21972736279824,78.64820096914907,79.68836823526816,4812152,NTPC
2016-05-02,80.06398010253906,81.07525021023692,77.89696517095251,80.49738308885638,2710262,NTPC
2016-05-03,78.90824127197266,81.76870119892759,78.27258527394852,79.86172791429097,5122599,NTPC
2016-05-04,80.20844268798828,80.52627330200181,78.76376962188397,78.76376962188397,7557462,NTPC
2016-05-05,80.72853088378906,81.33529508765217,80.23734434103778,80.55516968268532,4772552,NTPC
2016-05-06,80.90190124511719,81.16194307621637,79.65948092672033,80.75743708821625,3943374,NTPC
2016-05-09,82.7510757446289,83.675665222962,80.90188620683548,80.90188620683548,8002119,NTPC
2016-05-10,81.27753448486328,82.86667751326246,80.95970376295725,82.86667751326246,5002198,NTPC
2016-05-11,81.76870727539062,82.98223581943101,80.55517873135022,81.27752067746495,5366452,NTPC
2016-05-12,81.73983001708984,82.51995564821794,80.90191553865262,81.50867991841892,2931638,NTPC
2016-05-13,81.47978973388672,81.88430109183216,80.95970596962788,81.19085607282035,3152124,NTPC
2016-05-16,80.95967102050781,81.71090456366248,80.38179865726858,81.47975456025412,6137539,NTPC
2016-05-17,79.16828918457031,81.82649633758982,78.6771025852931,81.19084029057923,8913270,NTPC
2016-05-18,78.64820861816406,79.77505659938586,78.33038322742676,79.11050875288801,6099468,NTPC
2016-05-19,78.21483612060547,78.59045578820923,77.08798769892798,78.47487806406951,5504425,NTPC
2016-05-20,79.11048889160156,79.39942243534146,78.18589414484498,78.21478591204992,5662137,NTPC
2016-05-23,78.41705322265625,79.74615402623887,78.18590318659507,79.3127510152267,2955597,NTPC
2016-05-24,80.03507995605469,81.0752470830961,78.59040691776178,78.64819045333279,5846558,NTPC
2016-05-25,81.97095489501953,82.05763549403063,80.35291528329101,80.38180705277341,2999689,NTPC
2016-05-26,81.59534454345703,82.3465782488983,80.52628546655423,81.53756099804465,9645368,NTPC
2016-05-27,80.95967102050781,81.88426574357791,80.55515983718402,81.76868809659206,3192600,NTPC
2016-05-30,82.98223876953125,84.25355619581549,79.54391129955727,81.10416234022053,11452723,NTPC
2016-05-31,82.7221908569336,85.49597028116122,80.84411456548908,83.27117156168825,49654994,NTPC
2016-06-01,83.56011199951172,83.90683445594124,81.79760794285,82.5777334698164,5578209,NTPC
2016-06-02,83.76234436035156,84.34021674218162,83.2133690364793,83.38673022197197,3890110,NTPC
2016-06-03,85.29371643066406,86.27609486993481,83.76235729220183,83.79125435462096,5230866,NTPC
2016-06-06,85.00479888916016,85.72713564642048,84.60028755400039,85.52488262412326,3080890,NTPC
2016-06-07,85.78491973876953,86.21832282722649,84.97589711327318,85.23593896634735,4160961,NTPC
2016-06-08,85.61155700683594,86.47836316859747,85.06257624401033,85.98717124674428,3645885,NTPC
2016-06-09,87.28738403320312,88.00972076714254,85.66934403536847,85.69824110231036,7092262,NTPC
2016-06-10,87.54742431640625,88.26976103734336,86.70950991091235,87.25849068614441,2818471,NTPC
2016-06-13,85.95828247070312,87.05623345353294,85.61155999390105,86.68061920051908,1383117,NTPC
2016-06-14,85.66932678222656,86.18941039565775,85.00477902544056,85.72711561390695,2696526,NTPC
2016-06-15,89.07876586914062,89.5699630236919,85.84269167665411,85.84269167665411,4583678,NTPC
2016-06-16,87.72077178955078,89.28102267118311,86.73839336834072,89.07876440022497,3753651,NTPC
2016-06-17,88.00969696044922,88.50088876937673,87.34514924958911,87.89412459563958,3636291,NTPC
2016-06-20,89.25212860107422,89.54106748625286,87.114010477913,87.114010477913,2779868,NTPC
2016-06-21,87.72077178955078,89.33880621383037,87.34515760008664,89.04987791946559,3185960,NTPC
2016-06-22,88.18306732177734,88.61647034808124,86.79617763760488,87.83634490073423,2958055,NTPC
2016-06-23,86.16051483154297,86.62280959293942,84.57137229065955,85.52485887330238,7649942,NTPC
2016-06-24,86.21830749511719,86.65171050650255,82.77997517460523,84.34022601559255,3570870,NTPC
2016-06-27,86.21830749511719,87.48961946813819,84.94699023153207,84.94699023153207,2847684,NTPC
2016-06-28,85.52488708496094,87.05624130184836,85.03369510168756,87.0273495230319,3265359,NTPC
2016-06-29,87.89414978027344,88.12529986668875,85.52488123413627,85.52488123413627,3666712,NTPC
2016-06-30,90.32120513916016,90.72571116808226,88.03861726544781,88.09640081782804,9291400,NTPC
2016-07-01,90.58123016357422,91.07241672035306,89.56995998863131,89.74332119468599,3022617,NTPC
2016-07-04,90.1189193725586,91.30356119383907,89.136546375798,90.14781643050816,3504501,NTPC
2016-07-05,88.18306732177734,90.09004592807877,87.9808143396903,90.09004592807877,3307670,NTPC
2016-07-07,88.35643005371094,89.07876667980061,86.6806067533346,88.18306884020427,6193146,NTPC
2016-07-08,88.87652587890625,89.25213481655402,87.05622770532217,87.98082267926627,1792663,NTPC
2016-07-11,91.101318359375,91.70808261105495,89.62774803386655,89.62774803386655,3684830,NTPC
2016-07-12,91.47691345214844,92.08367754198648,90.92793289144345,91.13019111509813,2558658,NTPC
2016-07-13,91.101318359375,92.11258858513196,90.49455410769505,91.93922737036627,3752023,NTPC
2016-07-14,91.70809173583984,91.99703064957451,90.58124372774351,90.58124372774351,3467246,NTPC
2016-07-15,90.29229736328125,90.58123625317329,82.54883140244854,82.54883140244854,24967578,NTPC
2016-07-18,89.91669464111328,90.61013955973078,89.36771388683117,90.14783942027587,3678940,NTPC
2016-07-19,90.2634048461914,90.4945495939736,89.42548529586537,89.85888831116219,3266539,NTPC
2016-07-20,90.92794799804688,91.30356745263144,89.82999727535137,90.26340026866905,3747645,NTPC
2016-07-21,89.51217651367188,91.39026352342206,89.22324818996383,91.30358291008373,3602185,NTPC
2016-07-22,90.49454498291016,90.78348383876153,89.04987186590884,89.56995545776465,4439348,NTPC
2016-07-25,91.01464080810547,91.30357970279331,90.14783470517114,90.14783470517114,2762284,NTPC
2016-07-26,91.36135864257812,91.79476167219188,90.78349146346935,91.18799743073264,2391322,NTPC
2016-07-27,91.91032409667969,92.69044942059676,90.78347640657725,91.82364350513335,3822085,NTPC
2016-07-28,91.65029907226562,92.45931102047048,90.32119289860218,91.93922737614072,9605690,NTPC
2016-07-29,91.50582885742188,92.45931558577279,90.75460041667336,91.39026176261709,3023502,NTPC
2016-08-01,92.11259460449219,92.45931705668116,90.98574663487805,91.65030505565991,4640031,NTPC
2016-08-02,92.08369445800781,92.92160339943018,91.59249733620165,92.40151979831397,2760872,NTPC
2016-08-03,91.01464080810547,92.08370519543422,90.55234069283077,91.82366336455391,3387386,NTPC
2016-08-04,91.91032409667969,92.17036587131872,90.92794053211219,90.92794053211219,3007062,NTPC
2016-08-05,93.29723358154297,94.19292616563881,91.91034381919674,92.459313962706,3142065,NTPC
2016-08-08,92.37262725830078,93.64394984399578,91.82365715100967,93.64394984399578,2541385,NTPC
2016-08-09,92.37262725830078,93.75951692914735,91.96812129801336,92.19926604944496,3574959,NTPC
2016-08-10,91.24578857421875,93.38391741915166,90.58124073383665,92.80603961078245,3919809,NTPC
2016-08-11,92.19927978515625,92.45932163718064,90.84128697385006,91.88145438194759,2147083,NTPC
2016-08-12,92.77714538574219,93.21054841529077,92.02590641377222,92.17038114437418,2793805,NTPC
2016-08-16,93.23944854736328,93.73064577351855,92.28596174275981,92.60379773171444,5136718,NTPC
2016-08-17,93.3550033569336,93.6150451490142,92.51709444282756,92.77713623490814,1653793,NTPC
2016-08-18,96.38884735107422,97.51569538665333,93.38392278324,93.47060340136146,8815767,NTPC
2016-08-19,96.35995483398438,98.23804203603754,95.83987110070147,96.88003856726729,5195581,NTPC
2016-08-22,94.56853485107422,97.5445723193514,93.78840944900303,97.02448871797061,8943697,NTPC
2016-08-23,91.8814468383789,94.53964869156567,91.15910489279513,94.3085039246757,7852124,NTPC
2016-08-24,93.21054077148438,94.51074975350542,91.36135113667852,91.73697059186053,6789516,NTPC
2016-08-25,91.67916870117188,93.32609993880446,91.36134339288157,92.86381050513255,8434987,NTPC
2016-08-26,91.24578857421875,92.34375006144252,90.87017963802126,91.82366638258796,3957362,NTPC
2016-08-29,92.19927978515625,92.45932163718064,90.61014218798286,91.30358712671453,1646781,NTPC
2016-08-30,93.47057342529297,93.78839872943487,91.79474515200697,92.45929281744068,2913315,NTPC
2016-08-31,92.0259017944336,93.7595138256074,91.62139584753575,92.63266600534443,11099280,NTPC
2016-09-01,91.73698425292969,92.83493514087355,91.30358119438219,92.28595440633694,3383041,NTPC
2016-09-02,92.4593276977539,92.92162788092146,91.15911835240519,91.99703809571707,4700020,NTPC
2016-09-06,94.51075744628906,94.7707992638596,92.74824826682368,92.74824826682368,5273948,NTPC
2016-09-07,93.18165588378906,94.53964858202913,92.77714989691799,94.30850381540697,3051766,NTPC
2016-09-08,93.32770538330078,94.64218010700925,92.91876125722128,92.94796467515522,2926024,NTPC
2016-09-09,92.772705078125,93.99954820250862,92.53902423922153,93.47375829205849,2551233,NTPC
2016-09-12,89.29666137695312,92.42218701217152,88.94613473759316,91.60429865181432,3768448,NTPC
2016-09-14,90.96166229248047,91.48745224792833,88.80007958165747,88.80007958165747,3852837,NTPC
2016-09-15,89.61797332763672,91.72112767629463,89.00455174926641,91.37060106008303,3226718,NTPC
2016-09-16,89.41351318359375,91.69194197793803,89.03377772550941,90.28983524210324,7863216,NTPC
2016-09-19,90.6403579711914,91.1369338527242,89.2966688422365,89.79324472376929,2220804,NTPC
2016-09-20,89.61797332763672,90.55271275373822,89.38428713395842,90.49428451955403,3677742,NTPC
2016-09-21,89.968505859375,90.78640496534491,89.50113876211532,89.50113876211532,3328227,NTPC
2016-09-22,91.72110748291016,91.89637075242986,90.55269281759274,91.57505832405073,2877253,NTPC
2016-09-23,91.66270446777344,92.30534012347324,91.3121778732504,91.83796776503496,4637128,NTPC
2016-09-26,88.8876953125,91.42901832371284,88.39111956485876,90.84480023531148,5557129,NTPC
2016-09-27,88.91691589355469,89.58875497713888,88.21586269425889,88.82928424364272,2940974,NTPC
2016-09-28,89.20902252197266,89.7348124386051,88.88770467893784,89.09218210114709,2364836,NTPC
2016-09-29,87.3103256225586,89.82243451712748,86.60927247510784,89.55953958683344,9046064,NTPC
2016-09-30,86.46321868896484,88.71242718463289,86.05426925856577,87.16427179901426,3917944,NTPC
2016-10-03,87.98217010498047,88.59559160969646,86.75532709554847,86.90138161763691,2458561,NTPC
2016-10-04,88.94611358642578,89.2966401424314,87.89453391840892,88.09900595987527,3592586,NTPC
2016-10-05,89.06297302246094,89.85166329063466,87.83612981425368,89.53034542942403,3460152,NTPC
2016-10-06,87.01821899414062,89.88084901733116,86.75532407270818,89.50111369146569,5083105,NTPC
2016-10-07,86.63848876953125,87.71927728285318,86.28796218698238,87.0474328834308,2824920,NTPC
2016-10-10,85.67455291748047,87.31034030418996,85.23639462664545,86.93060490167025,5757795,NTPC
2016-10-13,84.56454467773438,85.87901946547117,83.71743692054457,85.87901946547117,7622096,NTPC
2016-10-14,84.71060180664062,85.06112842742864,83.83428525467059,84.88586511703463,3912372,NTPC
2016-10-17,86.17113494873047,86.813770720606,85.35324119652164,85.87903118335853,9453096,NTPC
2016-10-18,86.46321868896484,86.93058564612754,85.96663761980959,86.46321868896484,10349815,NTPC
2016-10-19,87.07664489746094,87.74848393206763,86.2587459921669,86.72611832336665,8062418,NTPC
2016-10-20,87.04743957519531,87.57322948943866,86.66770419777897,87.48559783706476,3200011,NTPC
2016-10-21,87.33955383300781,87.63165757538847,86.6969181117137,86.6969181117137,1824866,NTPC
2016-10-24,88.42033386230469,88.80006922519239,87.45638572307243,87.54401737209355,1329955,NTPC
2016-10-25,88.8000717163086,89.12138955460377,87.3687565250147,87.98217808537088,2033961,NTPC
2016-10-26,88.71244812011719,89.3258697361734,88.27428982293416,88.47876726069426,1938522,NTPC
2016-10-27,88.62480926513672,89.26744494790354,87.92375604656316,88.62480926513672,3302029,NTPC
2016-10-28,88.94611358642578,90.52348308845106,87.77769351594398,88.74164154495942,7337786,NTPC
2016-11-01,90.55268096923828,91.4582006117935,88.04057265194871,88.62477990816689,4078814,NTPC
2016-11-02,91.42900848388672,92.0716333358563,89.47189842309342,89.93927070407028,8157837,NTPC
2016-11-03,89.41351318359375,91.89640874543029,89.09220062237344,91.60431030694835,4332021,NTPC
2016-11-04,89.6763916015625,90.84481188233275,89.26744744502938,89.73481448761513,2394276,NTPC
2016-11-07,90.61112213134766,91.6627018852898,89.58875114325573,90.05611813991517,4567302,NTPC
2016-11-08,90.05612182617188,91.48744233781089,89.70560057578787,90.78638913982,4490103,NTPC
2016-11-09,90.02691650390625,91.1369138115107,85.06112134028042,86.28796441081998,8218180,NTPC
2016-11-10,90.43587493896484,91.34140567625278,89.99771663015203,90.84481912811536,4426790,NTPC
2016-11-11,88.62480926513672,89.9684928178655,88.09901935120655,89.9684928178655,3641463,NTPC
2016-11-15,87.71927642822266,89.12138274475768,87.0474320353459,88.44953835188093,4077310,NTPC
2016-11-16,87.71927642822266,88.68322452084048,87.19348655952201,88.39112082109939,3384367,NTPC
2016-11-17,88.68321990966797,89.20900975102963,87.16427326193788,87.63164022694463,6488716,NTPC
2016-11-18,92.91876220703125,93.4737555201217,88.88770099784203,89.20901882757015,13243760,NTPC
2016-11-21,90.49427795410156,93.38612232804101,90.23138301101616,92.88954655684279,9888339,NTPC
2016-11-22,90.02691650390625,91.19533134436693,88.24506943095314,91.1369138115107,10578529,NTPC
2016-11-23,93.38612365722656,94.05797343060026,88.18664760284703,90.20218087713397,10153308,NTPC
2016-11-24,91.72110748291016,93.47374017810729,90.6403244523526,92.77268710002843,5111353,NTPC
2016-11-25,94.35006713867188,94.90507112032093,90.8448013539878,92.27612178180789,5798672,NTPC
2016-11-28,96.01506805419922,96.36559463145485,93.5321785967866,93.5321785967866,4603195,NTPC
2016-11-29,95.22638702392578,96.51165832287542,94.75902536723738,96.1027035017448,6154771,NTPC
2016-11-30,95.31401062011719,95.81059704708089,94.49612244139178,95.34322473265085,9674742,NTPC
2016-12-01,94.58377838134766,96.36561506201785,94.14562006688377,95.3140351073045,3768108,NTPC
2016-12-02,94.43771362304688,95.19719512722003,93.35693030108527,94.61297693982162,3513333,NTPC
2016-12-05,94.90507507324219,95.34323331457756,93.79507776093347,93.79507776093347,3422251,NTPC
2016-12-06,95.28483581542969,96.71614590658119,94.81746336066443,95.22640757281843,5353840,NTPC
2016-12-07,95.31401062011719,96.86217673163219,94.93428064328815,95.72296540670162,3689476,NTPC
2016-12-08,95.25559997558594,96.48244302954932,94.2332343296906,95.78138985585596,4154828,NTPC
2016-12-09,95.83981323242188,96.04429065295936,94.11639430773573,95.4892866241994,2481586,NTPC
2016-12-12,96.65771484375,98.14745296917498,95.54771745329215,95.75218418216231,3724072,NTPC
2016-12-13,96.2779769897461,97.56324842476059,95.25561122313235,97.18350767843035,3550705,NTPC
2016-12-14,95.54772186279297,97.21272337393083,95.25561276878186,96.45324186894672,3354277,NTPC
2016-12-15,93.59061431884766,96.13193249791749,93.32771933480595,95.05113844222682,3354172,NTPC
2016-12-16,93.4737548828125,94.75902619296193,93.21085993717594,93.73664982844906,4329195,NTPC
2016-12-19,93.41534423828125,94.20402913335117,93.03560350083974,94.05797994074605,3143113,NTPC
2016-12-20,94.5545654296875,94.93430620599003,93.76588045390697,93.99956132543375,2882146,NTPC
2016-12-21,95.60614013671875,96.33640752874116,94.08718781231276,94.84666932312777,3838824,NTPC
2016-12-22,93.765869140625,95.86902882228388,93.47376006354239,95.43087055527161,2898685,NTPC
2016-12-23,94.08718872070312,94.55456113977674,92.24692386070748,93.53219533885385,3019249,NTPC
2016-12-26,93.44454193115234,94.72980241295107,93.09401537273254,93.5321735707573,2883518,NTPC
2016-12-27,93.70745086669922,94.32087243568928,93.18166095042201,93.41534179191525,3137931,NTPC
2016-12-28,93.91191101074219,94.81744159106185,93.47375277788146,93.70744430022216,2598544,NTPC
2016-12-29,95.54772186279297,95.95666603662937,93.76587457460587,93.76587457460587,5976016,NTPC
2016-12-30,96.24876403808594,96.65770816479203,95.22638767548666,95.34323343906956,4244060,NTPC
2017-01-02,96.2779769897461,97.6508800818196,96.04429613666335,96.4240368829936,3152186,NTPC
2017-01-03,96.65771484375,97.12508723315389,95.9566616082559,96.33640234322303,2448501,NTPC
2017-01-04,96.30718994140625,97.85534563162335,96.0150808556729,96.42403571514431,3729337,NTPC
2017-01-05,96.39482116699219,97.15429194983942,95.83981711574407,95.83981711574407,6652960,NTPC
2017-01-06,95.81060791015625,97.1542860835045,95.57691637783425,96.42402946236135,4947444,NTPC
2017-01-09,95.25559997558594,95.98586726392402,94.11638856833422,95.81060397050068,4569656,NTPC
2017-01-10,94.81744384765625,95.69376033423347,94.46691725302536,95.43086538826032,2423820,NTPC
2017-01-11,96.10270690917969,96.27797021095766,94.55455130921528,95.22639040028983,2763603,NTPC
2017-01-12,101.47744750976562,101.85718821356835,96.10270291299516,96.39481196955283,12138549,NTPC
2017-01-13,99.90007781982422,102.23691817969328,99.69560041059249,102.17850064729389,6432948,NTPC
2017-01-16,99.69559478759766,101.15612929020904,98.73164672265182,98.93612412035068,5560533,NTPC
2017-01-17,102.64586639404297,102.93796473446925,99.4619131845104,100.07533467551617,7873125,NTPC
2017-01-18,100.9224624633789,102.96720484881317,100.48430414487332,102.8211556417195,6211531,NTPC
2017-01-19,101.74034118652344,102.23691694899708,100.33823484803561,101.06850213173884,7877224,NTPC
2017-01-20,99.57878875732422,101.71115220929215,99.19904796439256,101.47747132753233,4372642,NTPC
2017-01-23,99.0821762084961,100.74717746059855,98.84849538797687,99.31586772623761,4522695,NTPC
2017-01-24,100.68878173828125,101.76957582456714,99.14062590972951,99.14062590972951,7209640,NTPC
2017-01-25,100.10456848144531,101.36061512626125,99.57877852857614,100.80562175193755,13115185,NTPC
2017-01-27,103.69746398925781,104.13562227273746,100.1337694854742,100.19219772142063,6091371,NTPC
2017-01-30,102.64586639404297,103.93112690469543,101.94481326146493,103.31770541368965,5516523,NTPC
2017-01-31,100.68878173828125,103.81430751573558,100.33825508296957,102.82115579050219,7441196,NTPC
2017-02-01,99.8416748046875,101.24378136392372,98.90692996704726,100.86404060505586,10397133,NTPC
2017-02-02,100.80561065673828,102.82113858756378,100.3382382954436,100.89324230590461,7142464,NTPC
2017-02-03,100.4551010131836,101.44825273986075,100.16299190092434,100.77641354861154,4129434,NTPC
2017-02-06,101.41905975341797,102.17853068677734,100.54274302368574,100.77642391920577,6082885,NTPC
2017-02-07,101.0685043334961,102.52902823549734,100.68876362614226,100.95165857033584,6618921,NTPC
2017-02-08,100.42588806152344,102.38299881171007,99.46193974679677,101.88641224536772,10220055,NTPC
2017-02-09,98.2643051147461,101.62351162123466,97.79693269502609,100.42588249865582,7504140,NTPC
2017-02-10,99.52033233642578,100.27981370725448,98.52718084722218,98.87770741922864,4783242,NTPC
2017-02-13,100.77639770507812,101.12692430579143,99.87086708749442,99.87086708749442,7380872,NTPC
2017-02-14,99.81246185302734,101.01009098730762,99.25745776776368,101.01009098730762,5174097,NTPC
2017-02-15,100.29302215576172,101.21260095778159,99.84806642303873,100.11503986267253,4591172,NTPC
2017-02-16,101.03458404541016,101.36088118320964,100.32265511699428,100.55996113874178,4049570,NTPC
2017-02-17,100.70829772949219,101.42022681120447,100.17435091820798,101.27191187357298,3268471,NTPC
2017-02-20,101.92449188232422,102.39910391034284,100.55995785963144,100.85659852452282,7358422,NTPC
2017-02-21,102.33980560302734,102.6661028114277,101.1829208440366,102.01350839462698,2167004,NTPC
2017-02-22,98.8988037109375,103.22970135356347,98.45384810165491,103.14071023170695,8138626,NTPC
2017-02-23,98.18688201904297,99.31409935844493,97.32662720183832,99.31409935844493,8046589,NTPC
2017-02-27,98.1275405883789,98.75047844460568,97.05964712056158,98.57249619996946,8850588,NTPC
2017-02-28,96.67401885986328,98.57248875039076,96.2587197449821,98.48349763479813,16850186,NTPC
2017-03-01,94.89420318603516,97.47494571874944,94.33058912679816,96.97065545299958,11781903,NTPC
2017-03-02,92.52110290527344,95.45781003772191,92.1058146086116,95.45781003772191,16388160,NTPC
2017-03-03,92.61009216308594,93.26269735597336,91.77951558651023,92.52110103965467,9776836,NTPC
2017-03-06,93.9746322631836,94.33059677933203,92.61009799688966,93.08472097281255,5028422,NTPC
2017-03-07,93.38136291503906,94.9535359275833,93.14404599237855,94.92386859645697,4820226,NTPC
2017-03-08,93.203369140625,94.06361300526648,92.69907888965092,93.49999896254344,3653134,NTPC
2017-03-09,93.9153060913086,94.47890931884938,92.3134658091249,92.93640369664078,5600349,NTPC
2017-03-10,93.203369140625,94.59755972052815,92.7880700088612,93.94495455859484,2902393,NTPC
2017-03-14,94.68653869628906,95.48745866646443,93.79662761831642,95.19081801941611,5506806,NTPC
2017-03-15,94.12294006347656,94.92386016416438,93.91530135356247,94.62723033195164,3038296,NTPC
2017-03-16,95.66546630859375,95.81378123995177,94.36026666838762,94.5975727311955,3935551,NTPC
2017-03-17,94.89420318603516,96.02142044133511,94.18227421149328,95.93242931951737,7716466,NTPC
2017-03-20,95.75444030761719,96.02141365419976,94.38990624847071,94.38990624847071,2691794,NTPC
2017-03-21,96.19940948486328,96.43671553875996,94.92386636092215,95.78412117475038,3637201,NTPC
2017-03-22,95.36881256103516,96.11040884291805,95.07218273882098,95.69512057391397,2992011,NTPC
2017-03-23,97.5342788696289,97.77158492951854,95.57647400180788,95.75445626251889,6384273,NTPC
2017-03-24,97.6529312133789,98.21653442820495,97.00032601059809,97.80124613362138,4581844,NTPC
2017-03-27,96.91133117675781,97.86056618369378,96.70368160582613,97.29696299043836,3264932,NTPC
2017-03-28,97.8309097290039,98.09788309315536,97.23762834432911,97.35628679389886,1686946,NTPC
2017-03-29,97.2673110961914,98.45386319051855,96.94101388710112,98.45386319051855,4597850,NTPC
2017-03-30,96.76303100585938,98.18688916480188,96.46639026835447,97.32663428499035,9615726,NTPC
2017-03-31,98.48351287841797,98.92846852525294,96.76302495277267,97.05965480854601,3814359,NTPC
2017-04-03,97.68257904052734,99.25476268138699,97.3266145728872,98.4834990927177,3542816,NTPC
2017-04-05,98.78013610839844,99.67004724451013,97.7122427450644,98.42417165395376,6131202,NTPC
2017-04-06,99.4920883178711,99.69973791931875,97.89024789772648,98.78015924225127,5319375,NTPC
2017-04-07,99.81838989257812,100.4413278610139,98.48352281735862,99.07680431512911,7405474,NTPC
2017-04-10,98.9284896850586,100.23370043706261,98.03857820104554,99.69975354665478,2686148,NTPC
2017-04-11,99.0767822265625,99.61072893761013,96.88166072791759,99.10643869061606,17414233,NTPC
2017-04-12,97.8605728149414,99.81837761784409,97.47495183830434,99.31409818360922,8425531,NTPC
2017-04-13,97.68257904052734,98.15720195177204,97.41560568979723,97.89022860104193,4090750,NTPC
2017-04-17,94.50859069824219,97.89025401889492,93.97464385813912,97.71227173886057,9580728,NTPC
2017-04-18,95.93242645263672,96.9706525550922,94.92385681445153,95.22049749937041,5073410,NTPC
2017-04-19,97.8309097290039,98.4241802505047,95.57646436622247,95.93242885175775,5434806,NTPC
2017-04-20,97.1189956665039,97.83092474686148,96.8223549286297,97.77159008138123,2381107,NTPC
2017-04-21,99.19542694091797,99.37340917278755,97.26728971672203,97.32661350628744,9538297,NTPC
2017-04-24,98.809814453125,99.93703173018116,98.33519150654513,99.19543541299528,2517796,NTPC
2017-04-25,98.15721893310547,99.07679758798872,97.03000154495932,99.04713025616174,3704083,NTPC
2017-04-26,98.24622344970703,98.7505029804129,97.53429429427437,98.15723230527796,4119194,NTPC
2017-04-27,97.35630798339844,98.75049890079782,96.7037026634869,98.03856977477663,4868335,NTPC
2017-04-28,97.59358215332031,98.00888124979458,96.94098791001416,97.29695235660763,3063996,NTPC
2017-05-02,96.16974639892578,98.24620976748542,95.69513427018524,97.6825956435338,4025983,NTPC
2017-05-03,96.16974639892578,97.62327184323506,95.72479073874696,96.70369319114039,3870368,NTPC
2017-05-04,96.49605560302734,96.9113439363948,96.19941487166463,96.46638827093845,3344888,NTPC
2017-05-05,94.7458724975586,96.34771260726595,94.59755758993981,96.31805614364627,2507920,NTPC
2017-05-08,95.27983093261719,95.72478657343447,94.56790190730952,94.56790190730952,3692730,NTPC
2017-05-09,95.66546630859375,95.84344857149347,94.83487879400337,95.72479010850192,3186598,NTPC
2017-05-10,96.22905731201172,96.67401286237063,95.63577600275143,95.72476711282322,2730601,NTPC
2017-05-11,95.07219696044922,96.37739661768505,94.77555623068751,96.28840548507407,4567666,NTPC
2017-05-12,94.2416000366211,95.8731075928426,93.73732062317414,94.9535290265106,2748128,NTPC
2017-05-15,94.77552795410156,94.9238428431445,93.6186435753191,94.33057242380062,2060881,NTPC
2017-05-16,94.89420318603516,95.4578063820981,94.56789516392077,94.77554473588683,5617327,NTPC
2017-05-17,94.2712631225586,95.99175086190498,94.03394622782724,95.22049811196258,8423958,NTPC
2017-05-18,93.61863708496094,94.53821540488809,93.32199646426832,93.73729550587227,6185143,NTPC
2017-05-19,94.38990783691406,95.33915366063094,93.79663734447112,94.5678900709643,2852978,NTPC
2017-05-22,93.8559799194336,95.07219933764429,93.58900651492523,94.508585195957,3324104,NTPC
2017-05-23,93.11437225341797,93.97461606477138,92.01681156342198,93.73731004930187,2820800,NTPC
2017-05-24,92.81774139404297,94.24159936365436,92.31346198419699,93.20337321520412,2830014,NTPC
2017-05-25,92.7584228515625,93.23303495952209,91.83884423973173,92.93640510784105,5992188,NTPC
2017-05-26,92.5507583618164,92.90672281705416,92.25411769472724,92.69907326377444,3186957,NTPC
2017-05-29,92.84740447998047,93.61865722388485,90.85993253382742,93.08471050968019,8203143,NTPC
2017-05-30,95.66546630859375,97.00033328034158,92.78808277065671,92.8474174337401,5871019,NTPC
2017-05-31,95.04251861572266,96.52570036632072,94.80521257731573,94.98319482191445,6385513,NTPC
2017-06-01,95.30950927734375,95.8731234419037,94.65690397433623,95.04253586200105,2350266,NTPC
2017-06-02,96.46638488769531,96.94100786859472,95.39849132805293,95.48748245802314,5955807,NTPC
2017-06-05,96.46638488769531,96.76302560865433,95.81377964685551,96.2587352967065,2986412,NTPC
2017-06-06,93.796630859375,96.70367019347832,93.58898131294879,96.70367019347832,5236093,NTPC
2017-06-07,93.64833068847656,94.03395165411335,93.11438393928,93.55933956361048,10697568,NTPC
2017-06-08,93.64833068847656,93.91530406307484,93.02539281441392,93.79664560886191,1812870,NTPC
2017-06-09,93.61863708496094,94.65686296262804,92.75839340707515,93.73729550587227,2940114,NTPC
2017-06-12,93.7076416015625,94.21192095208654,92.43209869944528,93.73730892683082,3738913,NTPC
2017-06-13,94.92387390136719,95.10185617172174,93.79665647684695,93.88564761202421,4090297,NTPC
2017-06-14,94.89420318603516,95.10184189482717,93.97462463952722,95.10184189482717,2630623,NTPC
2017-06-15,94.36026000976562,96.40705588867817,93.88563705446688,94.65688985154969,6250599,NTPC
2017-06-16,95.27983093261719,95.66546277571712,94.36026318371134,94.36026318371134,5082594,NTPC
2017-06-19,95.48747253417969,95.93242813778724,94.53823753420824,95.5764636549012,3415876,NTPC
2017-06-20,94.3009262084961,95.39848704996747,94.1229439565372,95.07218987576768,2603080,NTPC
2017-06-21,94.80522918701172,95.51715829013527,93.61867706074713,94.47892110596274,4094097,NTPC
2017-06-22,94.3009262084961,95.39848704996747,93.91530523803486,94.95353142007023,5139614,NTPC
2017-06-23,93.64833068847656,95.45780965197083,93.2923661890122,94.27126856253922,4643132,NTPC
2017-06-27,93.67800903320312,94.2119559071033,91.95752079275391,93.44070293252871,3746638,NTPC
2017-06-28,94.71621704101562,94.98319039547214,93.29235915058094,93.6779800871246,5058873,NTPC
2017-06-29,94.12294006347656,94.86453637035666,93.64832798666653,94.33058963656478,10103880,NTPC
2017-06-30,94.3009262084961,94.83487296437278,93.17370890048129,93.91530523803486,6122950,NTPC
2017-07-03,92.99573516845703,94.27127837874797,92.1354911595681,94.27127837874797,8945122,NTPC
2017-07-04,93.76697540283203,94.77554507476393,93.61866048699684,94.38991325778353,5282948,NTPC
2017-07-05,94.33061218261719,94.98321752317847,93.61868303406914,93.85598912919292,5059808,NTPC
2017-07-06,93.76697540283203,94.12293989137575,93.14403754788053,93.7966427312687,5379126,NTPC
2017-07-07,94.36026000976562,94.68655718099788,93.50000522433825,93.67798747467847,4768952,NTPC
2017-07-10,94.95352935791016,95.45780877311712,93.73732095032899,95.16117893507742,1170691,NTPC
2017-07-11,96.88166046142578,97.71224785293973,94.8645320685189,94.95352318678205,5956020,NTPC
2017-07-12,97.32662200927734,97.53427158565769,96.52570189589146,96.94100104865218,4097499,NTPC
2017-07-13,97.23761749267578,98.60215148933793,97.00031148319346,97.89022259771816,3014683,NTPC
2017-07-14,99.2547607421875,99.84803122227218,96.91132442161712,97.29695620841746,4127641,NTPC
2017-07-17,99.99635314941406,100.26332651367815,99.34375883444007,100.14467892723233,4854055,NTPC
2017-07-18,99.4030990600586,101.95417467479977,98.60217883486564,99.55141399922091,4280904,NTPC
2017-07-19,99.5513916015625,101.21256634441309,98.95812111521491,99.72937383378411,4443198,NTPC
2017-07-20,98.15721893310547,100.14469117565623,97.80125440388296,99.61074438182247,3079837,NTPC
2017-07-21,97.77156829833984,98.83946168095463,96.05108064624264,98.12753275921143,4679146,NTPC
2017-07-24,97.32662200927734,98.78014731759129,97.17830709081953,97.35628933823861,4095321,NTPC
2017-07-25,97.23761749267578,98.30551083010543,97.08930259464593,97.35627592900333,5238774,NTPC
2017-07-26,98.69115447998047,99.16577741924701,97.29696385380103,97.29696385380103,4710169,NTPC
2017-07-27,98.1275405883789,99.19543405619623,97.44527893833143,99.07678646855483,13313542,NTPC
2017-07-28,97.23761749267578,98.3945019415579,95.99174193234118,97.83089881114078,5825488,NTPC
2017-07-31,97.4156265258789,98.92847583693062,96.08075948671564,98.30553788532109,11319219,NTPC
2017-08-01,98.0088882446289,98.4835002985111,96.76301259263435,97.65292377263046,7131372,NTPC
2017-08-02,101.95417022705078,102.60677548461152,98.39452493703824,98.39452493703824,22272063,NTPC
2017-08-03,102.3694839477539,103.37804301427337,100.88629095763983,102.04317584107683,7242470,NTPC
2017-08-04,105.2171859741211,105.72146543735981,100.61930355164763,102.25081126896164,9251462,NTPC
2017-08-07,103.4966812133789,106.28507349424157,103.11104937341155,105.18751263474967,4356682,NTPC
2017-08-08,101.53889465332031,103.02207675609023,100.50066826769904,102.22115646522266,4508409,NTPC
2017-08-09,103.02206420898438,104.03063399941267,101.1532504245638,101.44989115426044,3248853,NTPC
2017-08-10,102.42880249023438,103.37803769908801,100.50066473803359,103.02207313787086,2957564,NTPC
2017-08-11,100.1743392944336,102.5177758708734,99.34376270426272,100.55997112333935,6021926,NTPC
2017-08-14,101.89482116699219,102.9923818137204,100.08533163874789,100.8565951691721,4955436,NTPC
2017-08-16,100.91592407226562,102.93305238445718,100.64895072815911,101.74651143054365,6909514,NTPC
2017-08-17,104.89085388183594,105.27648565547773,100.44129827509555,101.44986783368098,6198212,NTPC
2017-08-18,102.87374114990234,105.98843054457932,102.42878552209135,105.24683421050283,9086977,NTPC
2017-08-21,102.04315948486328,103.88231675970304,101.83552075554357,102.75508852978832,4958263,NTPC
2017-08-22,99.4920883178711,103.14072483042273,99.19544758197098,103.11105749788004,5514501,NTPC
2017-08-23,101.00492095947266,101.50920035054719,99.43274813094115,99.67005416265143,5016500,NTPC
2017-08-24,100.26332092285156,101.80583722920028,99.81836534055611,101.44987276336391,5959692,NTPC
2017-08-28,102.81442260742188,103.22971092687393,100.6786354847969,100.6786354847969,6243884,NTPC
2017-08-29,99.9073715209961,100.20401224164486,98.54284810499684,98.63183923487396,26027901,NTPC
2017-08-30,99.64038848876953,101.65752781289453,98.33518899793934,98.48350391232319,24858153,NTPC
2017-08-31,100.11500549316406,100.38197884114582,97.14863133897549,97.29695710774759,100020078,NTPC
2017-09-01,99.81838989257812,100.20402177981134,98.92847850909845,99.34377773017302,6407655,NTPC
2017-09-04,99.81838989257812,100.38200405650727,98.98781317678115,99.07680431512911,5787289,NTPC
2017-09-05,100.55996704101562,100.70828195541635,99.40308246443756,99.90736186393924,3431329,NTPC
2017-09-06,100.82693481445312,101.00491704713531,100.11500588372442,100.23366432657033,2789814,NTPC
2017-09-07,102.22113037109375,102.58169873219107,100.86899901697875,100.95914110725307,5341582,NTPC
2017-09-08,100.80891418457031,102.22113668487097,100.087777417834,101.68028410981874,3959727,NTPC
2017-09-11,102.49158477783203,102.94229535293243,100.2079808627646,100.658691437865,13794789,NTPC
2017-09-12,102.37139129638672,103.2728124437094,101.71035645746751,102.43149337532564,4997685,NTPC
2017-09-13,101.53007507324219,103.00238898601137,101.31973979841383,101.98078565953406,5065327,NTPC
2017-09-14,101.34977722167969,102.16105616800411,101.01924883369014,101.530061431974,7281802,NTPC
2017-09-15,100.56851959228516,101.07933209550748,100.29809332716965,100.95913897645407,6626685,NTPC
2017-09-18,100.95913696289062,102.37135931799256,100.77885278974261,100.95913696289062,3664866,NTPC
2017-09-19,101.5600814819336,101.92064983157795,100.26805223148988,100.95913790041728,2329150,NTPC
2017-09-20,100.83895111083984,101.80047410601411,100.14786539854303,101.56008785538381,4668108,NTPC
2017-09-21,101.07935333251953,101.25963754714134,100.38825650735245,100.41830754434783,3728936,NTPC
2017-09-22,99.75727844238281,100.9591770754592,98.88590826051673,100.62865962792594,6742154,NTPC
2017-09-25,99.90750885009766,100.89907205942481,99.03612778490526,100.35821939979182,5028435,NTPC
2017-09-26,100.32817077636719,100.62864815128627,98.64552168490704,100.29811973777254,4261666,NTPC
2017-09-27,99.15630340576172,100.62862794240513,98.8558260911864,100.50843481584029,3760716,NTPC
2017-09-28,99.78730010986328,100.05772639742388,98.61545286376732,99.15630543888852,6199570,NTPC
2017-09-29,100.62863159179688,100.92909791359531,99.30654016265744,100.05772797450149,4245489,NTPC
2017-10-03,101.19953918457031,101.53006759261567,100.71878859706445,100.95916389081738,5038693,NTPC
2017-10-04,100.98919677734375,101.6802824999665,100.4783842398771,101.19952099519601,6354854,NTPC
2017-10-05,102.82208251953125,103.12255984664942,100.83895636863414,100.86900740244818,13895436,NTPC
2017-10-06,105.79678344726562,106.96863084785953,102.85214492904962,102.91223599964985,18944218,NTPC
2017-10-09,105.10569763183594,106.72825557126393,104.65498709310593,105.13574866897635,6961627,NTPC
2017-10-10,105.46625518798828,105.67659041893263,104.7451184003781,105.1056867941832,5929921,NTPC
2017-10-11,105.07564544677734,106.51791915495696,104.71507701973243,105.82683333767928,5036053,NTPC
2017-10-12,106.18740844726562,107.50948909507252,105.16579417178822,105.16579417178822,19542392,NTPC
2017-10-13,105.67659759521484,107.2090133729497,105.04560286320638,106.96862709163942,6797923,NTPC
2017-10-16,105.43620300292969,106.4578171087828,105.10568564677456,105.76673136275882,2658920,NTPC
2017-10-17,105.70663452148438,106.0672029291798,104.41460506302546,105.5864523880356,23635226,NTPC
2017-10-18,106.99868774414062,108.17053520890376,105.16579445187558,105.9470334308349,8205376,NTPC
2017-10-19,105.19583892822266,107.26910739038986,104.68503732282682,107.20901632024776,556915,NTPC
2017-10-23,106.33763122558594,106.90853488301583,104.35450494613708,105.19583491440092,6443756,NTPC
2017-10-24,109.16210174560547,109.91328970847142,105.91698559131828,106.36769616830261,14176243,NTPC
2017-10-25,110.1837387084961,111.38562649177894,109.2522663233252,109.3123574113858,10983906,NTPC
2017-10-26,110.96492767333984,111.23535397961119,109.67288720881858,110.12359771927082,11019600,NTPC
2017-10-27,109.34235382080078,112.97808840716301,108.92169440721575,110.87476933189197,7227376,NTPC
2017-10-30,109.73299407958984,110.0635114671551,109.43251672491914,109.43251672491914,5224491,NTPC
2017-10-31,108.92172241210938,110.0935698689437,108.23062555050014,109.97337671829953,9992200,NTPC
2017-11-01,108.62123107910156,110.87478359111613,108.20057161141698,108.89165738054332,9539526,NTPC
2017-11-02,108.32073974609375,108.68130810142462,106.30757376461165,106.42775588060664,7958055,NTPC
2017-11-03,109.34235382080078,110.5142009763411,107.5695630739,107.5695630739,10815914,NTPC
2017-11-06,107.7198257446289,109.31233275022794,107.35925729025358,109.31233275022794,4282537,NTPC
2017-11-07,107.2090072631836,108.65128085415165,106.45781943332965,107.9902351237332,10390363,NTPC
2017-11-08,105.97705078125,107.68975055544934,105.67658447243598,106.90852274738994,7184114,NTPC
2017-11-09,106.99868774414062,108.0203020223389,106.09726661739977,106.09726661739977,5041654,NTPC
2017-11-10,106.09725189208984,107.2090081286608,105.49630822555994,106.87847975894616,6573186,NTPC
2017-11-13,106.33763122558594,107.53952960829503,105.91697174329141,106.99867698662715,5605167,NTPC
2017-11-14,106.39775848388672,109.28230648228701,105.91699681626088,106.66818485873674,11136588,NTPC
2017-11-15,104.68501281738281,106.33761039067745,104.29439344371026,106.03714410662711,8244417,NTPC
2017-11-16,106.03714752197266,107.2089946770617,104.62491412749365,105.46624395801267,8639272,NTPC
2017-11-17,106.69818878173828,108.20056435815192,105.82681887006338,107.02871713045957,8639323,NTPC
2017-11-20,108.44096374511719,108.86162327823143,106.4578372260876,106.4578372260876,5624824,NTPC
2017-11-21,109.94331359863281,111.65601353965272,108.53109099936755,108.65128413680434,12956512,NTPC
2017-11-22,109.28227233886719,111.17525637138615,108.86160188474702,110.6043527571796,7199913,NTPC
2017-11-23,108.4109115600586,109.67290114974094,107.5395414636461,109.31233269554599,6313909,NTPC
2017-11-24,108.3508071899414,109.22217717942875,107.62967037004162,108.17052298496647,4985976,NTPC
2017-11-27,111.98653411865234,112.28700043580987,107.93013980396151,108.1705150584223,12239492,NTPC
2017-11-28,109.85317993164062,111.74616422233278,109.58275360439887,111.74616422233278,21490923,NTPC
2017-11-29,109.3724365234375,110.81471036329084,109.1320502143445,110.45414190332751,14803374,NTPC
2017-11-30,108.86161041259766,110.00341773045609,108.1404735818133,108.77146830874962,21081258,NTPC
2017-12-01,108.95173645019531,110.39400989908339,108.4709859696814,109.85315735575035,5247830,NTPC
2017-12-04,108.29071044921875,109.52264878411165,107.96018208829882,109.31231355476933,10381372,NTPC
2017-12-05,106.4277572631836,107.90008173446894,105.94700678561242,107.90008173446894,9543513,NTPC
2017-12-06,105.55640411376953,106.81839357371213,104.98550045209437,105.79677939062888,10349719,NTPC
2017-12-07,108.3508071899414,109.04189297445382,105.22588463826725,106.36768093521702,13097042,NTPC
2017-12-08,108.4109115600586,109.16209950752341,106.99868878235367,107.02873982142857,13832593,NTPC
2017-12-11,107.17898559570312,109.3724476175306,106.78836605656198,109.13206128405423,8522901,NTPC
2017-12-12,105.70663452148438,106.87848184649451,105.10569084321685,106.78833974457066,9448897,NTPC
2017-12-13,105.79678344726562,106.36768713083133,105.37612394571342,106.18740291535535,8234570,NTPC
2017-12-14,106.54795837402344,106.90852676107598,104.29440595494512,105.82682159991838,8551278,NTPC
2017-12-15,106.63810729980469,107.3291930846873,105.82682837698283,107.02872674535118,6455800,NTPC
2017-12-18,106.81841278076172,107.11889018362098,104.47471764801926,105.40618989430918,6610290,NTPC
2017-12-19,108.2005844116211,108.38086863391001,106.33764011218521,106.87849277905195,7419950,NTPC
2017-12-20,107.2390365600586,108.41088373542705,106.7883261079938,108.2907016173252,5873828,NTPC
2017-12-21,108.23059844970703,108.38084260131026,107.26908649634231,107.47942170638302,6576799,NTPC
2017-12-22,108.02029418945312,108.56114682627874,107.68976579783187,107.87005001010708,3793356,NTPC
2017-12-26,107.2390365600586,108.47098579815112,106.30757562824012,108.47098579815112,11741056,NTPC
2017-12-27,106.66813659667969,108.35078516653881,106.12728409168865,107.23902912727755,7842159,NTPC
2017-12-28,105.85688781738281,107.38930368216398,105.49631937861078,106.90854209590943,17995456,NTPC
2017-12-29,106.3676986694336,107.11888664996299,105.64656172930185,106.33764762903596,8900653,NTPC
2018-01-01,106.09725189208984,106.57801342751837,105.58645032572313,106.39772922719196,6689762,NTPC
2018-01-02,107.50949096679688,107.71982623403008,106.09726818196937,106.24750137074966,10171537,NTPC
2018-01-03,106.39775848388672,108.35083418991113,106.21747423398669,107.87007252228528,12409998,NTPC
2018-01-04,106.4277572631836,106.90851874442788,106.09723993439427,106.63809247441668,8712321,NTPC
2018-01-05,106.66813659667969,107.11884701750556,106.06718203313028,106.54794348323533,12431070,NTPC
2018-01-08,106.75830841064453,107.26911002860321,106.30759786430586,106.72825737299681,7290126,NTPC
2018-01-09,106.18740844726562,107.20902272274304,105.61650473395828,106.90854534673772,7868696,NTPC
2018-01-10,104.5347900390625,106.2474900221888,104.20427265757887,105.88692160468852,9836607,NTPC
2018-01-11,104.26435852050781,105.1056884538964,103.96389219004169,104.56483585464822,6643371,NTPC
2018-01-12,103.66340637207031,104.62491835748534,103.24274694164001,104.38454311204994,8369301,NTPC
2018-01-15,103.933837890625,105.40616247688597,103.24275214785301,103.96388892419733,5463837,NTPC
2018-01-16,104.11412048339844,104.92539934430803,102.52161379468939,104.32445570782183,10138000,NTPC
2018-01-17,104.71507263183594,105.07564104377187,102.6718552987572,104.08407791094805,7596332,NTPC
2018-01-18,103.45307159423828,105.07562926608114,103.15260528708671,105.07562926608114,8280381,NTPC
2018-01-19,103.81366729736328,104.23433784400528,102.28125131495285,103.39300775439763,3836697,NTPC
2018-01-22,103.60331726074219,104.14416982590208,103.03241366296,103.96388563751546,5422626,NTPC
2018-01-23,103.78362274169922,105.9169824074032,103.42305429095062,103.42305429095062,6478592,NTPC
2018-01-24,104.56483459472656,104.9854940545151,103.12256101410964,103.75355570562954,11677422,NTPC
2018-01-25,103.33291625976562,105.46627600973426,103.00238783107343,104.29442849851499,13565392,NTPC
2018-01-29,102.79202270507812,103.81362561403942,102.46149440776247,103.36291521194711,12918822,NTPC
2018-01-30,102.34130859375,103.66338872407964,102.04083133535491,102.79201897950686,9204885,NTPC
2018-01-31,102.31127166748047,102.73193108427219,101.40985077173174,102.16103851941337,7820538,NTPC
2018-02-01,101.59017181396484,102.0408824253844,100.59860846884186,101.71036497823573,11024756,NTPC
2018-02-02,99.27651977539062,101.28968634372347,99.03613346598063,100.65869153795548,4803742,NTPC
2018-02-05,99.90750885009766,100.59859469173686,97.3534787339389,97.3534787339389,7129994,NTPC
2018-02-06,99.33660125732422,99.75726075265167,96.90276438441336,97.3534749164339,4853142,NTPC
2018-02-07,101.09639739990234,101.58523230448598,97.06354020534594,100.51590664998787,11374195,NTPC
2018-02-08,100.02708435058594,101.27971052502947,99.59934960734545,101.0963988317715,7486767,NTPC
2018-02-09,99.75210571289062,100.24092938155646,98.07174498215325,99.2632708557682,4518222,NTPC
2018-02-12,100.76032257080078,101.00473441157911,99.04940611998185,100.08817602308929,10466476,NTPC
2018-02-14,99.56879425048828,101.24914379632087,99.07995939233258,100.82142028822001,4921964,NTPC
2018-02-15,99.72154235839844,100.4242333207769,99.38547471351409,99.87429834453575,2581964,NTPC
2018-02-16,99.47713470458984,100.08816986315792,99.01885553854974,99.90485819674187,7340724,NTPC
2018-02-19,99.53823852539062,99.99651770828838,98.6522358346072,99.81320603512928,2634882,NTPC
2018-02-20,100.33259582519531,100.8825309019262,99.04941397948988,99.2021811819981,6225978,NTPC
2018-02-21,99.17161560058594,100.82142066603008,98.68278074059843,100.82142066603008,9316350,NTPC
2018-02-22,98.22449493408203,99.17160891506674,97.85787161092098,98.92719709577801,5934736,NTPC
2018-02-23,99.9354019165039,100.21036938323675,98.28559711610677,98.40779742012924,4571212,NTPC
2018-02-26,99.56879425048828,99.99651775858912,98.68278037080253,99.9659620835617,3486711,NTPC
2018-02-27,101.15750122070312,101.43246876662633,99.32438424788182,100.2103982437175,3844933,NTPC
2018-02-28,99.75210571289062,100.94363158650557,99.32437101723727,100.21038489505023,5257828,NTPC
2018-03-01,99.59932708740234,100.0576062169279,98.98829197752003,100.02706173392974,2576112,NTPC
2018-03-05,99.78265380859375,100.88252388555972,97.7967810102242,98.68278373162778,3945470,NTPC
2018-03-06,99.8132095336914,100.7908680953224,99.11051849143698,100.39370024852758,6137704,NTPC
2018-03-07,99.90486145019531,100.63810813973802,98.92720292695721,99.59933826673365,3130801,NTPC
2018-03-08,101.00472259521484,101.43244606365252,99.14105036049429,100.21037581427186,5446693,NTPC
2018-03-09,100.45480346679688,101.00473852227205,99.32437767883437,100.88252700268067,4485285,NTPC
2018-03-12,104.57930755615234,105.55696606499491,100.27148331851942,100.69920681830247,3493401,NTPC
2018-03-13,103.50999450683594,104.33489703074044,102.22681280298448,103.50999450683594,3752316,NTPC
2018-03-14,103.69332122802734,103.96828877590208,102.74620705586162,103.44889817094435,4448883,NTPC
2018-03-15,103.81551361083984,103.96828080692192,102.22681980386173,103.2655785572419,4383296,NTPC
2018-03-16,100.72978210449219,103.5405578574486,99.99653528298542,102.53234347787681,14854449,NTPC
2018-03-19,102.04349517822266,102.59343016207814,99.9965112310531,100.82141370683632,6026004,NTPC
2018-03-20,101.6768798828125,102.2268149100841,100.60755431525764,101.6768798828125,3780434,NTPC
2018-03-21,104.09048461914062,104.39600783306628,101.21860892437866,102.34902355783399,6866022,NTPC
2018-03-22,104.45709991455078,104.6098671039169,102.96006201565191,103.26557401747051,4472313,NTPC
2018-03-23,103.90717315673828,104.97649881359831,102.83785868833596,103.20448207046907,10827793,NTPC
2018-03-26,103.78495788574219,104.48764887088558,103.11281138574235,103.8460580444854,6600055,NTPC
2018-03-27,104.5181884765625,104.7931559313195,102.9294838973706,104.0293537163986,4195293,NTPC
2018-03-28,103.69332122802734,104.48766819240166,101.70743703440432,104.30435649381849,10138818,NTPC
2018-04-02,104.12102508544922,104.39599258127346,102.71563193286215,103.81550191615915,3367125,NTPC
2018-04-03,103.47944641113281,105.03759573707546,103.02116719762027,104.36544916110462,4460793,NTPC
2018-04-04,101.76853942871094,103.47944473529745,101.12694854018385,103.35723321752084,3998232,NTPC
2018-04-05,103.23504638671875,103.72387014482703,101.92130876132813,102.04352029508452,3916746,NTPC
2018-04-06,103.54054260253906,103.8766214718533,102.1351605273489,102.89895172824797,3134724,NTPC
2018-04-09,103.6627426147461,104.15157743230557,102.92949598263472,103.26556362620053,3930802,NTPC
2018-04-10,102.89895629882812,104.12103793838892,102.74620028955457,103.81551473138437,2607237,NTPC
2018-04-11,102.96007537841797,104.2432572802741,102.47124044822478,103.44889912015289,6787894,NTPC
2018-04-12,103.57108306884766,103.78495039169024,102.25734583730933,102.71562496593255,6867020,NTPC
2018-04-13,104.45709991455078,104.9153791057355,103.35722985570746,103.63219737041828,3483164,NTPC
2018-04-16,106.38188171386719,106.87071662287455,103.63220632905909,103.63220632905909,3694548,NTPC
2018-04-17,108.12333679199219,108.64272735038864,106.38187581156714,106.59574317022786,6699236,NTPC
2018-04-18,109.10099029541016,109.9869928976001,107.75669736769139,107.84835319510604,4948994,NTPC
2018-04-19,108.48993682861328,109.74257384626576,108.15386921308578,109.37595056079766,3141238,NTPC
2018-04-20,106.53460693359375,108.73434637457335,105.86246059714331,108.73434637457335,3495886,NTPC
2018-04-23,106.07635498046875,107.23732514140309,105.80138748010619,106.35132248083133,3569025,NTPC
2018-04-24,105.61807250976562,106.71794247681511,105.15979335682833,106.04579598968846,2003576,NTPC
2018-04-25,105.00703430175781,105.61808067857153,103.57109657431339,105.58752500319382,5424140,NTPC
2018-04-26,105.09871673583984,106.2291427494011,103.60167846725447,105.4958958624337,5347538,NTPC
2018-04-27,104.33488464355469,105.55695485268492,103.50998221758694,105.4652990275774,9327048,NTPC
2018-04-30,105.19032287597656,105.80136911859674,103.75438546388227,104.60984349047796,2290147,NTPC
2018-05-02,104.12102508544922,105.55696272304606,103.75440175768355,105.55696272304606,2610385,NTPC
2018-05-03,106.50408935546875,107.66505963502134,103.90717007944971,104.33490480490913,3549040,NTPC
2018-05-04,104.42656707763672,106.44299574380932,104.24325538071194,106.44299574380932,3371295,NTPC
2018-05-07,104.18212127685547,105.28199121827139,103.8766093076548,104.57930026296309,5823535,NTPC
2018-05-08,104.73204803466797,105.09867131972335,104.02935713446341,104.51819191068883,3453937,NTPC
2018-05-09,104.12102508544922,105.34310657415345,103.81550191615915,104.21268091739063,10928712,NTPC
2018-05-10,102.96007537841797,104.91539272227416,102.56289629835736,104.73208102200901,9844190,NTPC
2018-05-11,102.31846618652344,104.02937135449818,101.98238733698005,102.65453384761054,15561708,NTPC
2018-05-14,104.88483428955078,105.64862548015769,101.37135677200591,102.34901531398029,7046984,NTPC
2018-05-15,103.93770599365234,106.2902017825421,103.44887119541404,104.02936181904356,5782708,NTPC
2018-05-16,103.87661743164062,104.91537610969118,102.96005907544513,104.2126850994268,3899072,NTPC
2018-05-17,102.10460662841797,104.54875865305358,101.79908342966709,103.93772344400895,6783446,NTPC
2018-05-18,101.79907989501953,102.71563827099047,101.27970054478824,101.73797973277371,5496430,NTPC
2018-05-21,100.45480346679688,102.1657087987894,99.41603352141357,101.43246205815583,3879174,NTPC
2018-05-22,100.91307830810547,102.62398356598099,100.2103872749249,100.36314327645366,4612272,NTPC
2018-05-23,101.76853942871094,102.6239864877756,100.54645781631648,100.69921382219434,3475720,NTPC
2018-05-24,100.85196685791016,102.53231625203377,100.36313204388851,101.82962529749784,2379879,NTPC
2018-05-25,101.00472259521484,102.71562765742114,100.76031078302982,101.06582275114721,7705690,NTPC
2018-05-28,102.47122955322266,103.78496699492915,101.15749211151615,101.46301530896017,11540245,NTPC
2018-05-29,101.40190124511719,103.50998528506254,100.63809895043441,103.17390645740524,7141778,NTPC
2018-05-30,101.00472259521484,102.8683948299354,100.45478762645688,100.51588778238923,5414080,NTPC
2018-05-31,102.37956237792969,104.1515788253857,100.27147828241277,101.12693642747013,29432894,NTPC
2018-06-01,100.42423248291016,102.34900488369534,100.0270646845757,102.34900488369534,2975864,NTPC
2018-06-04,99.01885223388672,101.0658249815792,98.89664073086932,100.69920166098284,5021538,NTPC
2018-06-05,98.56058502197266,99.32437624009735,97.7662269388212,98.68278535133658,2369418,NTPC
2018-06-06,99.29383087158203,99.62989855703881,97.91899326499916,98.62168431221139,3647491,NTPC
2018-06-07,99.29383087158203,99.9048660783554,98.86609615722931,98.98830767396682,4624826,NTPC
2018-06-08,98.65222930908203,99.29382012269973,98.25505031402388,99.14105294620111,2199740,NTPC
2018-06-11,98.8355484008789,99.35492775003743,98.53002521336738,98.6827812128948,4838494,NTPC
2018-06-12,98.56058502197266,99.32437624009735,98.31616198633043,98.98830855166077,3082809,NTPC
2018-06-13,97.91899871826172,98.77444581769419,97.76623151671771,98.68278997215087,6527995,NTPC
2018-06-14,96.78856658935547,97.8884366642345,96.54415474664579,97.8884366642345,6200254,NTPC
2018-06-15,95.3526382446289,96.97188784077652,94.43607975842119,96.84967631312945,10800649,NTPC
2018-06-18,95.93311309814453,96.4219479961788,95.26097770036212,95.53594523267061,2289944,NTPC
2018-06-19,95.4137191772461,96.14696581837767,94.19163771254154,96.14696581837767,5222522,NTPC
2018-06-20,95.96366119384766,96.36084021639911,95.26097017406275,95.81090519523093,7262452,NTPC
2018-06-21,94.8637924194336,96.36084150433055,94.64992506774638,96.36084150433055,9600354,NTPC
2018-06-22,96.11641693115234,96.66635195082542,93.91667685246007,94.71103489540336,5141889,NTPC
2018-06-25,94.49716186523438,96.36083416044205,93.70280946428217,95.96365516285198,8198617,NTPC
2018-06-26,95.07765197753906,95.50537545739591,93.82502042829442,94.37494981750638,6173371,NTPC
2018-06-27,93.97777557373047,95.59702474013133,92.63348828598835,95.59702474013133,7083915,NTPC
2018-06-28,95.56649017333984,96.48304861869943,91.35032691891456,93.48896142667732,15010362,NTPC
2018-06-29,97.55237579345703,98.31616705092718,93.85558627639188,94.92490074992475,6659236,NTPC
2018-07-02,93.82502746582031,97.24684353247468,92.51129006624475,97.15518769502654,15954402,NTPC
2018-07-03,94.7110366821289,94.98600419715271,92.63350248165071,94.09999030088258,7506727,NTPC
2018-07-04,93.42787170410156,95.2304388208271,93.18345980620063,94.68050365920539,11418056,NTPC
2018-07-05,92.96958923339844,93.79449194770991,92.69462166196128,93.39731843148832,4155312,NTPC
2018-07-06,91.74749755859375,93.152885266843,91.56418587516,93.12233518434691,10642270,NTPC
2018-07-09,92.41963958740234,92.81681863552545,91.80860436513841,91.839154447983,5759994,NTPC
2018-07-10,94.03890228271484,94.25276966261646,92.45020274437108,92.87792631571605,3890373,NTPC
2018-07-11,93.30565643310547,93.94724739089696,92.72517124079909,93.36676219859058,4037034,NTPC
2018-07-12,94.13055419921875,94.5277332628786,93.15288997343228,94.0999985209502,3424965,NTPC
2018-07-13,93.45838928222656,95.0165326773066,92.81679852192346,94.22218594165442,3615536,NTPC
2018-07-16,95.07765197753906,95.93309893725277,92.90846212256125,93.48894718478294,4117044,NTPC
2018-07-17,94.89435577392578,95.32207932345538,93.51951249714709,94.71104408291913,2670880,NTPC
2018-07-18,94.8637924194336,95.38317177243765,93.36674892876505,95.29151593435124,2892637,NTPC
2018-07-19,94.43606567382812,95.23041251391656,93.76391915470322,94.71103317868064,3163729,NTPC
2018-07-20,95.10820770263672,95.3220750620694,94.09999344717252,94.09999344717252,3659896,NTPC
2018-07-23,96.63580322265625,97.52180587486609,94.8943424034622,94.8943424034622,6286406,NTPC
2018-07-24,96.20806121826172,97.1246194743533,95.5664704389976,96.54414003779881,4224482,NTPC
2018-07-25,92.2668685913086,96.02475193991778,91.56417204619811,95.32206098903507,15232765,NTPC
2018-07-26,93.70281219482422,94.00832977598814,91.65583377199243,92.54184202986441,17803995,NTPC
2018-07-27,94.68046569824219,94.86377734528621,92.93900505132389,93.48893999245598,5766367,NTPC
2018-07-30,95.2609634399414,96.17752174376234,94.1305378024103,95.93309873710619,9747265,NTPC
2018-07-31,94.619384765625,97.0329811496806,94.25276139706392,95.23041998374104,9065227,NTPC
2018-08-01,94.92489624023438,95.32207528340096,93.3361968502539,94.58882855045172,4903117,NTPC
2018-08-02,94.95545196533203,95.16931932537032,94.19164955530147,94.52772843371268,3895179,NTPC
2018-08-03,95.59703826904297,95.99421729335037,94.95544740817691,95.23041491997665,3276529,NTPC
2018-08-06,95.78035736083984,96.54415979336271,95.32207813901765,95.8720132052043,2395237,NTPC
2018-08-07,97.06352996826172,97.70512081791028,95.53593643667921,95.9331042655859,4450873,NTPC
2018-08-08,96.6969223022461,97.61348080748066,96.29974322049168,97.46072478609433,4151246,NTPC
2018-08-09,98.19395446777344,98.59112229181366,95.81090276970671,96.78856127532556,4915016,NTPC
2018-08-10,97.49127197265625,98.65225357035678,96.69692497564427,98.37728601118432,4518788,NTPC
2018-08-13,96.54414367675781,97.18573448020489,95.65812987016997,97.15517880769836,2702390,NTPC
2018-08-14,95.87200164794922,97.00242732165837,95.62758982192679,96.42193664784186,2030044,NTPC
2018-08-16,96.88021850585938,97.15518601344459,95.41372513207153,95.87200431138024,2153881,NTPC
2018-08-17,96.54414367675781,97.91898111271581,96.33027634612357,97.15517880769836,4672155,NTPC
2018-08-20,96.88021850585938,97.82733253924953,96.54415083718517,96.72746250890864,3448567,NTPC
2018-08-21,98.28561401367188,98.80499336619783,96.2997300646565,97.52181163416928,5279408,NTPC
2018-08-23,100.42423248291016,100.82141146970025,97.82732479796405,98.49946008212497,7704134,NTPC
2018-08-24,100.39368438720703,102.4406570268575,99.99650541470601,100.57699603782977,5436786,NTPC
2018-08-27,101.52409362792969,101.95182825000624,100.21036765735724,100.76030258135167,2630486,NTPC
2018-08-28,102.83786010742188,106.6568499945217,101.64633409904711,101.82964579264323,8727238,NTPC
2018-08-29,101.4630126953125,103.5405412944271,101.12694501870101,103.5405412944271,3769664,NTPC
2018-08-30,103.69332122802734,104.3349121730684,101.15750193865485,101.15750193865485,13384598,NTPC
2018-08-31,104.79316711425781,105.52641373852444,103.26556252139862,103.5405300054986,8445506,NTPC
2018-09-03,103.57108306884766,105.58751123478982,102.28790150870263,105.40419958334053,4592967,NTPC
2018-09-04,102.71562957763672,104.18212285507332,102.28790610120298,103.57108771896,3016566,NTPC
2018-09-05,102.62399291992188,104.12104214980111,101.73799012876692,102.47123690446975,2837060,NTPC
2018-09-06,104.6943130493164,105.81006061289703,102.67977262061952,102.89671596911278,7658860,NTPC
2018-09-07,105.09721374511719,105.71706964897642,102.83472210357776,105.68607288129401,3585828,NTPC
2018-09-10,104.8802719116211,106.2129741855476,104.22941916039649,105.31416996244708,5871138,NTPC
2018-09-11,105.22120666503906,106.4609301590952,104.60135059299746,104.78730854960723,9709410,NTPC
2018-09-12,105.37616729736328,106.36793917064212,103.42360897342667,105.62410742819007,7109565,NTPC
2018-09-14,108.4444808959961,108.53745987037107,105.62411488996456,105.62411488996456,7340733,NTPC
2018-09-17,106.77084350585938,108.7234016778535,106.05799724150006,108.47545021634993,2792490,NTPC
2018-09-18,105.19021606445312,108.13454644928082,104.81830016952868,107.35971788486411,3646318,NTPC
2018-09-19,104.8492660522461,106.58488080505667,104.1364311698237,105.99601029785626,5092003,NTPC
2018-09-21,104.29142761230469,107.7316501635424,103.42363129215539,104.88029831881423,9597428,NTPC
2018-09-24,104.074462890625,105.87204872130397,103.08267965648649,104.26042082827949,6216532,NTPC
2018-09-25,105.37616729736328,105.68608962340386,101.90494871592986,104.84927891314531,6496965,NTPC
2018-09-26,104.01245880126953,106.36792955611544,102.89671128844314,106.36792955611544,3591889,NTPC
2018-09-27,104.10545349121094,105.37617369502975,103.20666053117051,104.22942923913706,6718629,NTPC
2018-09-28,103.4236068725586,105.19020722499683,102.89671849904343,104.10544505597485,5444684,NTPC
2018-10-01,105.12821960449219,105.56212903653805,102.98970326788861,103.8265140082987,4950123,NTPC
2018-10-03,103.7335205078125,104.66331008914923,102.95870342334553,104.63232466975167,5780126,NTPC
2018-10-04,103.39259338378906,104.5083407944055,102.12188483835466,103.1446532980864,6563494,NTPC
2018-10-05,100.97516632080078,104.07446925454853,99.51849950342584,103.26864390879008,13292940,NTPC
2018-10-08,101.31608581542969,102.2148901389957,98.8366502693258,100.04537694242198,4637569,NTPC
2018-10-09,100.23133087158203,102.27686823630819,99.73543924226378,102.15289249148562,5756458,NTPC
2018-10-10,101.87393951416016,103.29962062990958,99.95237819725725,100.23131506664494,3411681,NTPC
2018-10-11,101.13011932373047,102.71076176273132,99.98338629737756,100.41728436005394,3668989,NTPC
2018-10-12,101.7809829711914,102.49382936102928,101.06814793132631,101.59502501731593,4147903,NTPC
2018-10-15,102.05990600585938,102.61777979152755,101.47104679874602,101.8119658844417,2191491,NTPC
2018-10-16,101.62601470947266,102.49382221706173,100.47927029051264,102.05991278828121,3857880,NTPC
2018-10-17,100.97516632080078,102.71077006171383,100.54126822306563,101.99793504044057,5369029,NTPC
2018-10-19,100.07635498046875,102.43181433577384,99.3635087400732,100.78918987089392,6202959,NTPC
2018-10-22,102.18390655517578,104.0744830712471,100.47928801281725,101.06815871289906,6407974,NTPC
2018-10-23,102.27684783935547,102.89670373990708,100.75818783053874,101.74997089138509,7316558,NTPC
2018-10-24,101.068115234375,103.36159214020982,98.99158163789554,102.89669740592107,12856915,NTPC
2018-10-25,100.60324096679688,102.24586557880278,97.5039383243604,100.72721670448517,94631476,NTPC
2018-10-26,98.74366760253906,99.33253820458508,95.9542984612244,98.52671288600168,9339921,NTPC
2018-10-29,98.5267105102539,99.1465778711363,97.50394184976693,98.89862638679462,6963919,NTPC
2018-10-30,98.80565643310547,99.82842518691417,97.2250138135829,98.61969847786752,3257071,NTPC
2018-10-31,98.96062469482422,99.73544190825349,96.23323768562724,99.17756806659767,6069514,NTPC
2018-11-01,97.3179931640625,99.33254525350732,97.16303198409479,99.02261154359898,2992327,NTPC
2018-11-02,97.9378433227539,98.77465397704651,96.72911682210905,97.8758497817146,11487762,NTPC
2018-11-05,95.14848327636719,97.62792452094212,94.03273556755643,97.62792452094212,18263054,NTPC
2018-11-06,95.5513687133789,95.89229911410402,94.43562693138007,95.42740434036074,6223800,NTPC
2018-11-07,95.98529052734375,96.10925491645199,95.76833582144705,96.0782694941607,212175,NTPC
2018-11-09,95.73735046386719,96.45019686110348,95.14848549547862,96.41920008514494,8098182,NTPC
2018-11-12,94.71456909179688,96.35719927586938,94.52861117190132,95.64435301628929,3916333,NTPC
2018-11-13,97.19401550292969,97.81387148822583,94.43563764090908,94.52861660620206,7903864,NTPC
2018-11-14,97.53494262695312,99.54948325759534,96.94607201493119,97.31798790674036,3853852,NTPC
2018-11-15,95.33442687988281,98.65067253457366,95.08648110500508,97.9068408849256,4538966,NTPC
2018-11-16,95.48941040039062,96.38820340434685,94.83855755442886,94.96252763342609,5166086,NTPC
2018-11-19,94.80754089355469,95.76832151547876,94.15668822306114,95.45838788906332,6879644,NTPC
2018-11-20,92.45209503173828,94.90054523039902,92.04918801961088,94.46664144234813,4600113,NTPC
2018-11-21,91.64629364013672,92.88601162332685,91.21238979227593,92.45210777546606,7625524,NTPC
2018-11-22,90.49954223632812,91.98720597541838,90.25160206313761,91.5842989377437,3684871,NTPC
2018-11-26,89.69371032714844,91.08839480523997,87.8341310230264,90.74747004115571,6534517,NTPC
2018-11-27,90.34455871582031,90.9954114407971,88.79490747897569,89.5697302599053,4866687,NTPC
2018-11-28,88.91889190673828,91.4603210269286,88.02009892458545,91.08840512397258,17823474,NTPC
2018-11-29,88.175048828125,90.34456176799884,87.30724705716682,89.16682633420977,30727317,NTPC
2018-11-30,86.96632385253906,88.39200510707926,85.26171137644221,88.0200892450228,29840662,NTPC
2018-12-03,89.81768035888672,90.28257518476087,86.780365604847,86.99732030691206,12013041,NTPC
2018-12-04,88.763916015625,89.72469671399215,88.02008433302196,89.72469671399215,6785000,NTPC
2018-12-05,87.43123626708984,89.81769875365603,86.28449735340868,88.60897195883457,8833965,NTPC
2018-12-06,86.6563949584961,88.14405839125997,85.66461744499162,87.21426874578255,5460772,NTPC
2018-12-07,85.44766235351562,87.46220833403427,84.64184282631112,86.78035885909769,13240540,NTPC
2018-12-10,84.42489624023438,86.31546654778488,83.4951066340644,84.23893831900038,34436070,NTPC
2018-12-11,85.13774871826172,85.57164681173862,83.09221129905693,83.09221129905693,13406569,NTPC
2018-12-12,87.21427917480469,87.77215302880131,84.85881368292551,85.50966651258824,12274362,NTPC
2018-12-13,87.43123626708984,88.02010695045563,86.62542218720009,87.61719423552391,10636545,NTPC
2018-12-14,88.94989013671875,89.35279714651506,86.53243672796809,87.4002386240626,13732576,NTPC
2018-12-17,90.56151580810547,93.81577972318112,89.72470508708601,92.97896900216166,21749589,NTPC
2018-12-18,91.55329895019531,91.98719704866514,90.03463858059216,90.49953345394287,13037010,NTPC
2018-12-19,92.85501098632812,93.164939031564,91.2743683081479,91.95621227766148,8182075,NTPC
2018-12-20,92.54505920410156,92.94797182675711,90.90243464245691,92.11116116045248,13909968,NTPC
2018-12-21,93.31990051269531,93.84677759172833,91.8942191018163,92.66904768272464,18956932,NTPC
2018-12-24,90.74746704101562,93.31988688500132,90.00363534395811,92.97896213218813,8506178,NTPC
2018-12-26,90.22058868408203,91.95619795198637,89.4147747570076,90.62350132260501,10358386,NTPC
2018-12-27,91.92521667480469,92.82400966447813,89.38378753334906,90.93343903362788,32905857,NTPC
2018-12-28,92.88600158691406,93.97075825186356,90.80947291256918,91.39833789783437,11010662,NTPC
2018-12-31,92.39010620117188,93.00996222535882,91.80123560071243,92.85500105680511,5010889,NTPC
2019-01-01,92.17314910888672,92.73102292126394,90.7474734800291,92.32811594843125,4011082,NTPC
2019-01-02,91.11939239501953,92.17315218411625,90.59250966297815,91.70825732495798,5201079,NTPC
2019-01-03,88.88787841796875,91.36731903816506,88.5469537011336,91.11937327364997,7035283,NTPC
2019-01-04,90.34455871582031,90.68547778843694,88.17504584924076,89.22881118728868,7988112,NTPC
2019-01-07,92.11116790771484,92.79301179409902,90.59250761874263,90.65449549022699,14121843,NTPC
2019-01-08,91.0884017944336,92.6690443242197,90.49953118628726,91.73925460081611,6656692,NTPC
2019-01-09,90.84046173095703,92.01819734686906,90.12762100619628,91.1193986656478,4636543,NTPC
2019-01-10,91.8012466430664,92.70004536373173,90.96443580227043,91.08841156200913,15340801,NTPC
2019-01-11,91.73924255371094,93.16491805071612,91.24335098302492,91.73924255371094,13579929,NTPC
2019-01-14,90.22058868408203,91.95619795198637,90.00363965371365,91.73924892161799,5010679,NTPC
2019-01-15,90.37555694580078,90.77846391569419,89.3527882972372,90.49952701154048,14730974,NTPC
2019-01-16,90.71648406982422,92.04918075474609,90.31357141450975,90.6854872963471,5679378,NTPC
2019-01-17,89.81768035888672,91.5222928287634,89.41477340145767,91.05739800288924,7529166,NTPC
2019-01-18,89.4457778930664,90.74748360044991,89.25981993486877,90.06563964538739,3100312,NTPC
2019-01-21,88.88787841796875,90.96440646145493,88.42298365636849,90.80944532424476,13187677,NTPC
2019-01-22,88.51598358154297,89.19782750178354,88.02009761000312,89.19782750178354,7074433,NTPC
2019-01-23,87.2452621459961,89.01186251904991,86.9663252449876,88.57796445636055,5323552,NTPC
2019-01-24,86.81136322021484,88.08207197329612,86.22249265172769,87.24526127859033,4250377,NTPC
2019-01-25,85.72660827636719,87.95810350265006,85.57164143843559,87.09030169520199,5463236,NTPC
2019-01-28,85.91255950927734,86.4704332723246,84.70383302267496,85.85057164394362,7303346,NTPC
2019-01-29,85.8505859375,86.40845979342957,85.16874200524819,85.91257381315428,9728281,NTPC
2019-01-30,85.97454833984375,87.02830801243508,85.60263249363676,86.40844637709495,13777792,NTPC
2019-01-31,86.59439849853516,87.52418805175846,86.16050049035432,87.09029004357762,44034840,NTPC
2019-02-01,86.87332916259766,87.0902838261847,86.03651862443677,86.78035021391311,7099405,NTPC
2019-02-04,85.07575225830078,87.02831050685195,84.76582426924024,86.8423525784185,6716304,NTPC
2019-02-05,85.57164001464844,85.78859471914002,84.42490132299507,84.92078725114517,8526399,NTPC
2019-02-06,87.24527740478516,87.65891098656235,85.90891648173593,86.4180044151595,12810810,NTPC
2019-02-07,86.51344299316406,87.81798750316932,85.9725389831696,87.18162333286209,5193513,NTPC
2019-02-08,84.03164672851562,87.43618725734278,83.71346749420265,86.16346449401951,5597162,NTPC
2019-02-11,82.94983673095703,84.82710770525036,81.83620061724788,83.96801848709315,13126864,NTPC
2019-02-12,84.79528045654297,85.2407360396849,82.72710672111324,82.75892289631221,14900754,NTPC
2019-02-14,83.5225601196289,84.82710490542597,81.51801867675782,83.36346758690104,37913966,NTPC
2019-02-15,86.7043685913086,87.43618723875133,83.99983053504495,83.99983053504495,25855830,NTPC
2019-02-18,87.4679946899414,89.34526538470632,85.87709285132642,86.41799691298438,13001166,NTPC
2019-02-19,85.0816421508789,87.75436395484442,84.28619117505575,87.24527602944615,9029095,NTPC
2019-02-20,87.30889129638672,88.39070503878345,84.1907147345648,85.39980479446915,14955330,NTPC
2019-02-21,86.83164978027344,88.13618879156029,86.22710162765594,87.69073900403039,4719134,NTPC
2019-02-22,88.89981842041016,89.24981965519942,85.90891731516521,87.02255337053373,11678731,NTPC
2019-02-25,89.31346130371094,89.72709490557804,86.70437168127408,88.83618952229828,27557787,NTPC
2019-02-26,89.44071960449219,89.85435314978928,86.73618182172679,87.30890788109386,15501729,NTPC
2019-02-27,88.29527282714844,90.96799459921347,87.91345543113914,88.64527404884733,18258775,NTPC
2019-02-28,89.88616943359375,90.80889080875232,88.00889886077289,89.21798907347943,50183582,NTPC
2019-03-01,90.99982452392578,91.47709634105489,90.1407352530934,90.17255725828332,6789074,NTPC
2019-03-05,93.54528045654297,94.30891539904536,90.99982870617758,90.99982870617758,12988303,NTPC
2019-03-06,94.78616333007812,95.13616453246792,93.6088950326882,93.99071240763313,10313295,NTPC
2019-03-07,93.03617858886719,95.83617101925181,92.5907229966875,94.88162748320349,8337421,NTPC
2019-03-08,96.85433959960938,98.50887956238036,92.49525610072341,93.86343304151072,34663172,NTPC
2019-03-11,96.34525299072266,102.0088756781669,95.13616847072629,97.36343464141473,30007645,NTPC
2019-03-12,96.24980163574219,99.49525538410501,95.58162118115274,95.96343858377527,23315044,NTPC
2019-03-13,94.30889892578125,96.12253159743089,92.27254137682996,96.09071542240815,20943115,NTPC
2019-03-14,97.77706909179688,98.57251418090847,94.24525257973193,94.75434629239086,14675396,NTPC
2019-03-15,100.57706451416016,101.34069932642115,97.14071368505697,98.38161442890981,20356743,NTPC
2019-03-18,101.02252960205078,102.32706856979468,99.11344250186805,100.44980347199596,19289406,NTPC
2019-03-19,103.01432800292969,104.84705848119114,99.57797146484933,102.28887728643004,25950621,NTPC
2019-03-20,98.69979858398438,103.85433351970502,97.82162321875559,103.70160888907512,28098992,NTPC
2019-03-22,102.82343292236328,104.00706932820229,99.04344256035279,100.03617024435142,53779933,NTPC
2019-03-25,103.35797119140625,104.99978129257889,102.13615089369037,102.21251903185083,31535535,NTPC
2019-03-26,107.519775390625,108.43613476241427,103.85432625132634,103.85432625132634,23510777,NTPC
2019-03-27,104.61798095703125,107.59615239641037,104.00707070860521,107.59615239641037,20849776,NTPC
2019-03-28,103.66342163085938,106.41251150623623,103.16706368353897,104.99978249902883,41232946,NTPC
2019-04-01,103.16706085205078,104.99977961724046,101.98342464230082,104.15977671944584,26716877,NTPC
2019-04-02,103.20525360107422,104.388890044015,102.32707811393907,103.89253201252887,14343829,NTPC
2019-04-03,102.93798828125,104.99980020948009,102.32707802232967,103.81616376759895,12596804,NTPC
2019-04-04,103.58705139160156,104.4652383641644,102.67069200243574,102.93796883150745,12939086,NTPC
2019-04-05,102.93798828125,104.19798122290615,102.63252732571783,103.5107144642108,7742848,NTPC
2019-04-08,103.51069641113281,104.46523988292094,102.74706163370232,103.01432681451779,13409083,NTPC
2019-04-09,103.77796173095703,104.19796318953479,103.12887916055686,103.47251248043248,7506763,NTPC
2019-04-10,102.78524780273438,104.61796664515019,102.55615503439684,104.04524055037747,9502300,NTPC
2019-04-11,103.81614685058594,104.15978017393799,102.6325106015803,103.0525120644071,8703097,NTPC
2019-04-12,103.81614685058594,104.23614831341273,103.2434207609518,103.8543309203233,7212573,NTPC
2019-04-15,104.42707824707031,105.61071473678957,103.39616641521766,104.04526077633147,11013801,NTPC
2019-04-16,105.0379638671875,105.49613773320564,104.23614503647855,104.92341166157665,7469500,NTPC
2019-04-18,103.35797119140625,105.26705812399858,103.12887842906677,104.99978129257889,6634192,NTPC
2019-04-22,103.85433959960938,104.15978887875099,102.59434675797135,103.16707289546919,5541225,NTPC
2019-04-23,102.05977630615234,103.93069070357926,101.75432707709633,103.85432257024466,8790522,NTPC
2019-04-24,102.28888702392578,102.67070445339333,101.02889416754019,102.05979423581661,9255095,NTPC
2019-04-25,101.48702239990234,103.35793628368087,101.02884868210722,102.32702502740038,29354749,NTPC
2019-04-26,102.40343475341797,103.16706957886585,101.83070863433205,101.90706512559122,4789673,NTPC
2019-04-30,102.36526489257812,102.93799109117276,100.37980940992561,102.51798954844115,7527996,NTPC
2019-05-02,101.63980102539062,102.25069957063072,100.87616619169766,101.79252566170065,6401386,NTPC
2019-05-03,103.43433380126953,104.35069325273867,101.56343082699034,101.63979896967219,9226969,NTPC
2019-05-06,103.09068298339844,103.54886845751425,102.09795555757462,103.09068298339844,6080575,NTPC
2019-05-07,102.40343475341797,104.00706089557289,102.02161734069404,103.43433477648698,9137799,NTPC
2019-05-08,99.88343811035156,102.32706723631256,99.42525255142141,102.2125266726514,8742473,NTPC
2019-05-09,97.51617431640625,99.8834471652449,96.52345244289603,99.8452630898487,14395488,NTPC
2019-05-10,96.98162078857422,98.3179817049522,96.40889468155508,98.08888893171606,9724014,NTPC
2019-05-13,94.34707641601562,96.98161399327871,93.92707496986837,96.90525168290762,11507204,NTPC
2019-05-14,95.91253662109375,96.59980915579594,93.46890741556548,94.46162923140503,6908544,NTPC
2019-05-15,94.65252685546875,96.90525290938798,93.92707615865547,96.44707321529165,9384447,NTPC
2019-05-16,96.02706909179688,96.48524877314398,94.11798223112497,95.33979665674084,6519422,NTPC
2019-05-17,95.8361587524414,96.67615579143195,94.69070665579868,95.26343270412005,10003051,NTPC
2019-05-20,98.69979858398438,99.34889282933949,95.91253037945452,97.89797970799934,12330905,NTPC
2019-05-21,98.20344543457031,99.08162084284042,97.55435115740164,99.04343677027585,8095621,NTPC
2019-05-22,98.96705627441406,99.6161387420152,97.28705653224557,98.20342161690205,9540723,NTPC
2019-05-23,99.1579818725586,101.90706011779334,98.77616447859748,99.73070796350027,11017547,NTPC
2019-05-24,98.62342071533203,100.0361496266411,98.16524686863217,99.65433226165392,9371443,NTPC
2019-05-27,101.71615600585938,104.3125213931163,99.3870674672801,101.10524581755524,19948676,NTPC
2019-05-28,101.25797271728516,102.89978277227559,100.5706944495991,102.28887264060185,15628186,NTPC
2019-05-29,99.95979309082031,101.75433957533238,99.42525104824522,100.79979605211162,5397986,NTPC
2019-05-30,103.16706085205078,103.54887823247711,100.07433774016917,100.07433774016917,30257040,NTPC
2019-05-31,101.75434112548828,103.89252098050497,101.0288903672173,103.28161078590837,11325445,NTPC
2019-06-03,101.63980102539062,102.93797791224009,101.33434010062773,102.6325169874772,7302092,NTPC
2019-06-04,103.12886810302734,104.1215955390044,101.67795518824835,101.67795518824835,10439893,NTPC
2019-06-06,104.27435302734375,104.61798641872821,101.41072201223258,103.20525712374892,12191883,NTPC
2019-06-07,103.20525360107422,104.99980030348225,102.7088955695881,104.61798284783322,9310029,NTPC
2019-06-10,103.09068298339844,104.69432049066312,102.59432509655684,103.24340759072349,7295669,NTPC
2019-06-11,103.31979370117188,104.35069371912873,102.13615739716867,103.39615019205239,4554162,NTPC
2019-06-12,102.63251495361328,103.62524254816987,101.7925236444828,103.09070050560636,3660802,NTPC
2019-06-13,103.01432800292969,103.73979037157146,101.79251933623084,102.7088787492905,5113806,NTPC
2019-06-14,101.37252044677734,103.4725161622473,101.10524360395148,103.05251468872483,4761596,NTPC
2019-06-17,100.99069213867188,102.21251235659355,100.34159796312451,101.90705147604255,3655275,NTPC
2019-06-18,101.1052474975586,101.83070991255457,100.72343008004192,101.25798378627955,5172138,NTPC
2019-06-19,102.82343292236328,103.28161851563763,101.18162257539362,101.18162257539362,5278372,NTPC
2019-06-20,102.74703979492188,103.28158169507849,102.0215892409851,102.78522385610582,6963441,NTPC
2019-06-21,102.74703979492188,103.24339763389455,102.3652224873615,102.976132509886,9456244,NTPC
2019-06-24,103.54887390136719,103.85432313207562,102.1361449920229,102.86159565406136,5918107,NTPC
2019-06-25,105.72521209716797,106.67975538380209,103.20521549002592,103.81612552389971,18761799,NTPC
2019-06-26,106.94705963134766,108.35977706710023,106.37433351227811,106.52705814693478,24643824,NTPC
2019-06-27,107.0234146118164,108.436143679769,106.18342330699105,107.71069293628356,38789825,NTPC
2019-06-28,107.93978881835938,108.32160623667384,106.52705970973865,106.98524527257318,10648757,NTPC
2019-07-01,108.85614776611328,111.37614504524588,105.87796492635917,108.58887091372692,31289422,NTPC
2019-07-02,109.16160583496094,110.26887410152285,108.85615653802792,109.19978991011351,8847109,NTPC
2019-07-03,109.39070129394531,110.26887678309144,108.93251568525965,109.84888690263098,6947927,NTPC
2019-07-04,109.54341888427734,110.30705374809544,108.70342752536342,110.30705374809544,5792826,NTPC
2019-07-05,104.23614501953125,109.8106811129089,103.39614212042191,109.04704635086104,21459265,NTPC
2019-07-08,98.96705627441406,104.31249887699822,98.16523755359842,104.31249887699822,20404790,NTPC
2019-07-09,98.92890930175781,100.79981258367746,97.43981766567376,98.08890620270269,19374808,NTPC
2019-07-10,98.54707336425781,100.03615889524714,98.24161245268158,98.50888929379299,9141198,NTPC
2019-07-11,98.47069549560547,99.95978087949103,98.20343033303898,99.46342296890957,6669919,NTPC
2019-07-12,97.59252166748047,101.14341853179836,96.56161011221845,99.15797520793188,21467991,NTPC
2019-07-15,97.70706939697266,98.47070418968389,97.21071144256724,97.74525346703666,5852788,NTPC
2019-07-16,99.99796295166016,100.34159624075805,97.7452428874174,98.35615298589195,11313969,NTPC
2019-07-17,98.58525848388672,100.91433532917694,98.27979756905971,100.4943455060213,10958942,NTPC
2019-07-18,97.01979064941406,99.9979613088572,96.52342693081674,99.34887880725589,18049102,NTPC
2019-07-19,99.1961669921875,100.03617002732015,96.25617967351046,97.70708129549199,33840376,NTPC
2019-07-22,99.9216079711914,101.29614114820683,97.47797336669869,99.65433115780445,15870663,NTPC
2019-07-23,101.60161590576172,101.90706517523257,99.65434476949251,100.37979552359283,9840729,NTPC
2019-07-24,100.68526458740234,101.98344156584828,99.8070774754068,101.98344156584828,10421947,NTPC
2019-07-25,99.08161926269531,101.44889189822955,98.05070758060783,100.79979763141257,29337351,NTPC
2019-07-26,98.3561782836914,99.57798714275611,97.93617675470442,99.57798714275611,11411885,NTPC
2019-07-29,97.21070098876953,98.3561530546573,96.79069956751583,97.74524295575563,22168687,NTPC
2019-07-30,97.13433837890625,98.24160644178401,96.2943413147158,96.71434275984643,16228044,NTPC
2019-07-31,96.63798522949219,97.24888956726913,95.83616636770051,96.37070839151423,14557889,NTPC
2019-08-01,96.86707305908203,97.55434554319154,95.56889623159718,96.52343973006286,11138203,NTPC
2019-08-02,94.00344848632812,96.9052632349197,93.50708467063858,96.37071534645729,21851409,NTPC
2019-08-05,92.3998031616211,94.27070593653143,91.97980172591272,93.46889295845729,8713907,NTPC
2019-08-06,94.19435119628906,95.37798746397192,91.44526708788017,91.63617578743734,13232442,NTPC
2019-08-07,93.96527099609375,95.41617255599849,93.23981439006981,93.92708692301349,13132981,NTPC
2019-08-08,95.18708038330078,95.56889778890883,93.31617160017859,94.04162816647664,8227791,NTPC
2019-08-09,94.61436462402344,96.71436058457004,94.04163845296527,95.14890671991564,10566552,NTPC
2019-08-13,91.30206298828125,95.86131968660544,89.43159702469899,95.86131968660544,25954194,NTPC
2019-08-14,91.65277862548828,92.74388433630138,90.83445380191428,91.38000368429695,8641527,NTPC
2019-08-16,91.80863952636719,92.97767989752103,90.87340366181603,91.49689423818347,10992249,NTPC
2019-08-19,92.66596221923828,93.873967395062,91.65279121727775,92.237311577013,9653434,NTPC
2019-08-20,91.92554473876953,93.71807580196614,91.4579297493413,92.74387542980433,7758935,NTPC
2019-08-21,91.8865966796875,93.21150704370936,91.53588091553,91.96453153415086,12842739,NTPC
2019-08-22,89.43161010742188,92.27627689046238,88.73018452521283,91.96453152658633,16991585,NTPC
2019-08-23,92.35420989990234,92.70491971097638,88.92502285786934,89.62644842606556,9284204,NTPC
2019-08-26,93.56220245361328,93.99084703293518,91.7307010688981,92.74387179465343,11965007,NTPC
2019-08-27,96.0171890258789,97.7317852971555,93.64014361799508,93.64014361799508,22238086,NTPC
2019-08-28,93.44528198242188,97.18620708708302,93.09456635176721,96.48478771786567,11905383,NTPC
2019-08-29,95.93925476074219,96.75758547992028,91.88658345159212,92.54903853823527,38336134,NTPC
2019-08-30,94.8091812133789,96.36790180563817,90.09404904337578,95.78338158354094,18833819,NTPC
2019-09-03,91.6917495727539,95.04299562730321,91.30206938412856,95.04299562730321,7635093,NTPC
2019-09-04,93.09458923339844,93.44530495025519,90.9123838724954,91.96451913097074,7299231,NTPC
2019-09-05,96.21202850341797,101.04406007775228,93.4063325587707,93.4063325587707,19432303,NTPC
2019-09-06,98.97876739501953,99.60225807198995,96.09513639263886,96.21203569177902,11891983,NTPC
2019-09-09,98.47217559814453,99.71915092543499,97.57591003770072,99.2125714724448,5303272,NTPC
2019-09-11,97.03034973144531,99.40740083822472,96.52376438701154,98.58907020905889,5473674,NTPC
2019-09-12,95.27681732177734,97.22521849400184,94.77023182778929,96.64069814233449,8444053,NTPC
2019-09-13,96.6796646118164,96.87450472111385,94.4974530092656,95.35474830096476,7509999,NTPC
2019-09-16,96.05614471435547,96.7575700840347,94.96503924441517,96.1340795451984,5593727,NTPC
2019-09-17,94.22466278076172,95.97822348035636,93.95188786114535,95.74441300865816,5663425,NTPC
2019-09-18,95.4716567993164,95.74443177239047,93.25048066707261,94.73126673725129,8627190,NTPC
2019-09-19,94.84815979003906,95.82236030532725,93.60118431967979,95.82236030532725,6031946,NTPC
2019-09-20,93.40634155273438,97.73179409567409,92.35420621543895,94.34157758836756,34008081,NTPC
2019-09-23,90.44476318359375,94.7702091848472,88.88604261823099,94.38052904350651,33355557,NTPC
2019-09-24,89.74335479736328,91.0293006974149,89.11986407429335,90.63962048200824,20864605,NTPC
2019-09-25,91.10722351074219,92.43213368960812,89.66540809349458,90.09405270616418,18851203,NTPC
2019-09-26,90.8344497680664,92.51006973784996,90.3668288084503,91.37999962622186,21458595,NTPC
2019-09-27,91.22412872314453,92.82181382708112,90.63960847745001,91.88658381238885,9325734,NTPC
2019-09-30,91.5748519897461,92.12040192105292,90.21097121543072,91.26310662355006,12045142,NTPC
2019-10-01,91.22412872314453,92.66594413998155,90.6006380826514,91.96451865593863,9718865,NTPC
2019-10-03,90.99032592773438,91.6138166208618,89.31469989274639,91.6138166208618,10477900,NTPC
2019-10-04,91.49690246582031,93.91291826091658,90.79547699084466,91.418967623278,20289650,NTPC
2019-10-07,90.3668212890625,91.92554183528901,89.39262094767095,91.53586169873238,14111765,NTPC
2019-10-09,91.3800048828125,91.96452516990938,89.93818936384976,90.40580440431769,8413122,NTPC
2019-10-10,91.3800048828125,91.57484497851145,90.67857934908668,91.34103448525357,6885340,NTPC
2019-10-11,90.95135498046875,92.23730081099936,90.32787023715395,91.34103517480845,9176578,NTPC
2019-10-14,91.76969146728516,92.08143683133059,90.56168041137718,90.8344613211971,12146203,NTPC
2019-10-15,93.05563354492188,93.36737889612716,91.18516738373816,91.18516738373816,7630007,NTPC
2019-10-16,91.49690246582031,93.36736841707294,91.10722230706132,92.58800809955495,10206387,NTPC
2019-10-17,92.51007080078125,92.89975097424039,91.14619019367426,91.73071045386297,10163035,NTPC
2019-10-18,94.34156036376953,94.69227009682051,92.27625451812746,92.587999806421,16961782,NTPC
2019-10-22,94.22466278076172,94.80918301395994,93.48426691774894,94.80918301395994,12091476,NTPC
2019-10-23,94.34156036376953,94.84813976794388,93.71806978718244,93.71806978718244,6580501,NTPC
2019-10-24,93.67910766601562,95.08195861415155,92.89974734950619,95.08195861415155,8009018,NTPC
2019-10-25,92.35420989990234,94.18570570026884,92.12039939515422,94.18570570026884,8505881,NTPC
2019-10-27,92.5880126953125,92.82181723454475,92.3931726062618,92.743882388134,312098,NTPC
2019-10-29,93.44528198242188,93.79599166703055,91.65275128186512,92.5100462467221,8581053,NTPC
2019-10-30,94.26363372802734,94.88712439817985,92.93872348651291,94.30260412467977,12119474,NTPC
2019-10-31,95.39371490478516,96.79656006826774,94.14673944411796,94.69228935001985,16511583,NTPC
2019-11-01,94.69229888916016,96.01720933470426,94.38055350607665,95.86133961618683,4170369,NTPC
2019-11-04,93.9518814086914,95.54956636874522,93.44529605216825,94.80917650262843,7894331,NTPC
2019-11-05,93.99085998535156,94.6922855116847,93.17253515966937,93.67911464630929,6156847,NTPC
2019-11-06,94.02982330322266,94.88711846150937,93.48426751446033,93.60117275105563,5317553,NTPC
2019-11-07,93.17252349853516,94.4584631988133,92.821807806239,94.41949875258953,6794239,NTPC
2019-11-08,91.49690246582031,93.01665270656144,91.18515714960365,92.82181262718194,9771715,NTPC
2019-11-11,92.15935516357422,94.88711620435653,91.76967501489102,92.7049049933118,22943443,NTPC
2019-11-13,92.19832611083984,92.9387160193677,91.61380588430295,91.88658080081072,12220298,NTPC
2019-11-14,92.39318084716797,92.86079591338853,91.61382042145098,92.35421044746285,5208393,NTPC
2019-11-15,91.45793914794922,92.62697971467898,91.14619380761171,92.3931751689617,4650424,NTPC
2019-11-18,91.53587341308594,91.84761875143641,91.02929392757014,91.22413402078323,4727251,NTPC
2019-11-19,91.45793914794922,92.19833507450674,91.02929450777698,91.76968448828671,7577320,NTPC
2019-11-20,91.22412872314453,91.65277333569206,90.44476839555183,91.41896880504271,10033434,NTPC
2019-11-21,89.8602523803711,91.49690795615808,89.47057219822906,91.49690795615808,15099980,NTPC
2019-11-22,91.80863952636719,92.89973911594,91.14617855920923,91.14617855920923,13934099,NTPC
2019-11-25,92.04244995117188,92.27626041885505,91.26308965362419,91.96451511062654,10863475,NTPC
2019-11-26,90.91239166259766,92.6659525589982,90.56167591568878,92.04246186185883,14426269,NTPC
2019-11-27,90.21095275878906,91.41896357587851,89.97714229546624,91.02928343437185,5455521,NTPC
2019-11-28,90.05509948730469,90.60064940638624,89.66541927480411,90.52271455309575,10014250,NTPC
2019-11-29,90.6785888671875,91.65278944793951,90.01613366148582,90.40581389378663,7014266,NTPC
2019-12-02,89.8602523803711,90.63961274465515,89.70437673988566,90.21096216587983,6609154,NTPC
2019-12-03,89.27572631835938,90.24992671054555,89.15882108208757,89.7043709232929,6614178,NTPC
2019-12-04,89.47057342529297,89.86025361277936,88.84708274689564,89.66541351903616,4444594,NTPC
2019-12-05,88.92501068115234,89.82127623189481,88.7301706025582,89.43159607470655,2537275,NTPC
2019-12-06,87.7949447631836,89.39262991572056,87.44422903746991,89.39262991572056,3836996,NTPC
2019-12-09,87.83391571044922,88.22359591492513,86.89868559812628,88.22359591492513,7866941,NTPC
2019-12-10,85.72965240478516,88.18463909467735,85.49584188344359,87.67805359580301,18958648,NTPC
2019-12-11,88.06771850585938,88.69120915688625,85.80757232844641,86.11931765395984,8746687,NTPC
2019-12-12,89.19779205322266,89.58747223859461,88.22359158979275,88.49637247639133,3850652,NTPC
2019-12-13,90.13302612304688,90.52270630001979,89.23676052679963,89.66541109988889,4293299,NTPC
2019-12-16,89.58746337890625,90.63960453219799,89.31468846533132,90.5616637459933,3659151,NTPC
2019-12-17,90.05509948730469,90.36683890046662,88.5353430909235,89.58747847546546,6241009,NTPC
2019-12-18,88.9639892578125,90.60064487932624,88.69121431190153,89.62644439675285,8626400,NTPC
2019-12-19,88.88604736328125,89.15882228757201,87.95081140650915,88.84707696864797,5995825,NTPC
2019-12-20,89.39262390136719,89.93817967820084,88.69120438922668,88.88604446394287,5813877,NTPC
2019-12-23,89.314697265625,89.93818794041293,88.69121253688482,89.00295192823104,13980109,NTPC
2019-12-24,89.78231048583984,90.24993145551264,89.23676061595177,89.23676061595177,7929835,NTPC
2019-12-26,90.71754455566406,92.19833038745314,88.84707855477508,89.74334413291433,12763347,NTPC
2019-12-27,91.0682601928711,91.34103513959415,90.21096495486383,90.6396155468914,4474934,NTPC
2019-12-30,90.8344497680664,91.69174495061677,90.6785741328452,91.06825430182695,4193724,NTPC
2019-12-31,92.78286743164062,93.28944698630612,90.6785905700703,90.83446623354695,12438719,NTPC
2020-01-01,94.73125457763672,95.08196436285111,92.15936299923888,92.7828536685619,9953746,NTPC
2020-01-02,94.61434936523438,95.19886963815051,93.99085869570474,94.69228421241365,8731299,NTPC
2020-01-03,93.01664733886719,94.57536788395436,92.8218072707313,94.3025929777735,7392962,NTPC
2020-01-06,92.66596221923828,92.86080233915004,90.79549587887577,92.74389707799327,6596841,NTPC
2020-01-07,93.9518814086914,94.73124166609723,92.93871069564507,92.93871069564507,8959942,NTPC
2020-01-08,93.48428344726562,94.10777418467244,91.61382312714186,93.28944333508203,6372683,NTPC
2020-01-09,93.01664733886719,94.45846265386342,92.66593759464138,93.91291284150171,8309627,NTPC
2020-01-10,93.75706481933594,94.92610549815035,92.78286425365725,93.4842839041072,5588344,NTPC
2020-01-13,94.88712310791016,95.08196319642742,93.60117733448665,93.83498781912643,3534313,NTPC
2020-01-14,96.2509994506836,96.64067961040296,94.57537357468084,94.8871188916658,8631692,NTPC
2020-01-15,96.5237808227539,97.42004643920414,95.35474026548346,95.86132569617688,6537916,NTPC
2020-01-16,94.65331268310547,96.17306894212946,94.2636325058246,96.17306894212946,8806007,NTPC
2020-01-17,94.45848846435547,94.84816870710618,93.99087336226432,94.65332858573083,6811534,NTPC
2020-01-20,92.15935516357422,94.88711620435653,91.80864540817822,94.30259598133175,10655638,NTPC
2020-01-21,91.30206298828125,93.17252895186351,91.14618735612176,92.27626339160041,5150830,NTPC
2020-01-22,87.4052505493164,90.21094617416311,86.89866521312473,89.58745561484312,19388739,NTPC
2020-01-23,88.45738983154297,89.19777970281552,87.52215989456217,87.7559644057839,22793170,NTPC
2020-01-24,89.43161010742188,90.63962116267346,88.496379961842,88.84708977992238,9898052,NTPC
2020-01-27,88.18463134765625,89.86025741393753,87.75598074486986,89.62644691313623,5597365,NTPC
2020-01-28,87.32732391357422,88.65223404394395,86.43105838018424,88.65223404394395,12128081,NTPC
2020-01-29,88.22360229492188,89.5485186535817,87.09353199863857,87.36630697228814,18501507,NTPC
2020-01-30,88.57430267333984,89.47056824184321,87.3273273348361,88.41842703974723,18545239,NTPC
2020-01-31,87.9508056640625,89.82127150943364,86.89867048418093,88.65223109933255,64518347,NTPC
2020-02-03,85.92447662353516,87.01558227780541,83.54742523194808,85.30098597936716,14889516,NTPC
2020-02-04,87.28836059570312,87.5221710828607,85.92447996139526,86.0024148084319,9743806,NTPC
2020-02-05,86.66487884521484,87.75598465414652,86.11932891377316,86.74281964631935,10671590,NTPC
2020-02-06,87.28836059570312,87.67804077693395,86.11932005201068,86.11932005201068,11852617,NTPC
2020-02-07,90.09404754638672,90.60063291966307,87.5221621795213,87.60009701862988,18446803,NTPC
2020-02-10,88.45738983154297,90.3278556515515,87.32731982885392,90.24992081447759,31637511,NTPC
2020-02-11,91.0682601928711,91.6138160323651,88.92501912482898,89.23676446939014,20937033,NTPC
2020-02-12,91.029296875,92.66595252177345,90.71755152655554,91.18516657619824,13679292,NTPC
2020-02-13,89.74335479736328,91.26310525902997,89.39263903586836,91.0293006974149,20903696,NTPC
2020-02-14,87.83391571044922,90.01612723393349,87.2104309509166,89.47057732608644,23827224,NTPC
2020-02-17,85.96343994140625,88.65223048766839,85.10613888974287,88.14564512424374,22137354,NTPC
2020-02-18,85.41789245605469,86.431063280996,80.89760603150683,85.41789245605469,34458578,NTPC
2020-02-19,87.32732391357422,88.65223404394395,86.04137823054053,87.52216398839607,17935374,NTPC
2020-02-20,86.7817611694336,87.60009179640707,86.47001588553671,87.05453606307584,19663654,NTPC
2020-02-24,85.49583435058594,86.31416515713146,84.83337919321711,86.31416515713146,11370193,NTPC
2020-02-25,85.80756378173828,87.63905921089153,85.45685404174718,86.43105437066347,10775289,NTPC
2020-02-26,85.0282211303711,86.9376577381739,84.36576595870406,85.72964670168543,14998071,NTPC
2020-02-27,84.98924255371094,85.96344292252446,83.11877665637954,85.10614184113082,22610691,NTPC
2020-02-28,83.04084014892578,85.88550041191311,82.10560424601263,83.11877498765678,25696761,NTPC
2020-03-02,80.97554016113281,85.72963702513536,80.04030418959374,85.22305161714097,15614944,NTPC
2020-03-03,84.87234497070312,85.69066978664262,81.28728847951899,81.5600634181655,17194661,NTPC
2020-03-04,84.13195037841797,86.50900190837348,83.78124058693828,84.67750621033369,17095867,NTPC
2020-03-05,84.05400848388672,85.45685942430447,83.43052380173785,84.24884856194211,11579256,NTPC
2020-03-06,81.94973754882812,83.54742261208153,80.19617685639692,81.63799223651979,13533444,NTPC
2020-03-09,80.1961898803711,81.36523053184575,77.58533361462067,81.05348516890953,47383195,NTPC
2020-03-11,80.31307983398438,81.67696033420019,79.10506901251725,80.27410944127365,28434577,NTPC
2020-03-12,73.53266143798828,77.93604941939377,72.67536608358469,77.15668892519983,47225243,NTPC
2020-03-13,76.41629028320312,78.52056100364078,63.32303306745224,70.14243662856249,49533058,NTPC
2020-03-16,70.76592254638672,74.81859401018609,68.7785512645721,74.81859401018609,34649740,NTPC
2020-03-17,68.66165161132812,74.74066524791075,67.29777088032994,70.92179801190619,21241388,NTPC
2020-03-18,62.7774772644043,70.41520496782059,58.37409018933736,69.36306970642697,88654467,NTPC
2020-03-19,61.062889099121094,66.20666679827114,58.4910032225702,61.2187647542761,33846928,NTPC
2020-03-20,63.323036193847656,64.180331494647,59.504168821870564,61.17979496882512,58499591,NTPC
2020-03-23,59.54314422607422,62.348840876297864,57.04918702339302,58.374103459643635,37653540,NTPC
2020-03-24,60.439388275146484,62.03707318061057,58.490987698204904,60.86803283444562,13742927,NTPC
2020-03-25,62.115013122558594,62.73850373687184,58.68583258197725,60.79010299970191,16472741,NTPC
2020-03-26,62.467933654785156,64.46784503975154,59.9190224119889,64.31099135670556,39959613,NTPC
2020-03-27,65.09528350830078,66.19327743889284,62.938512066760694,64.70314324620259,39345541,NTPC
2020-03-30,64.11493682861328,65.48742783106066,62.115018974469876,62.66401896560038,17043895,NTPC
2020-03-31,66.03641510009766,66.50698818264428,63.6443631872171,64.8992107789757,28293281,NTPC
2020-04-01,63.526737213134766,66.15407638263962,63.21302373388338,66.11486593747503,14355207,NTPC
2020-04-03,62.389522552490234,64.38943444198155,61.84052255616217,64.35022400312053,18310156,NTPC
2020-04-07,63.958091735839844,64.35023207515563,62.82088116167202,63.99730217961939,47686619,NTPC
2020-04-08,66.82068634033203,68.07553974191822,62.977717244623875,63.95806772487279,38072700,NTPC
2020-04-09,68.31083679199219,69.29118750939617,66.899135349082,69.29118750939617,9322342,NTPC
2020-04-13,69.5264663696289,69.91860661313095,66.46777127359593,68.31082922133848,33266662,NTPC
2020-04-15,70.50682830810547,73.87923135398232,69.56568798231785,69.76175813557533,24127975,NTPC
2020-04-16,74.5850601196289,75.52620013017497,68.23239047867592,68.42846056625832,20876392,NTPC
2020-04-17,74.89879608154297,79.21233931137006,74.50665578792233,79.21233931137006,16969641,NTPC
2020-04-20,77.56533813476562,77.87905151323409,73.25179563568304,76.07520407472919,17639066,NTPC
2020-04-21,76.31050109863281,77.17320852037113,74.93801011472637,75.68307425541268,15085097,NTPC
2020-04-22,76.54579162597656,77.3692887167865,74.42823622616045,76.31051101687845,10342633,NTPC
2020-04-23,74.66350555419922,76.62420691837026,74.1537279863833,76.42813678195316,14078729,NTPC
2020-04-24,73.25180053710938,75.56542563890174,72.11459021201628,74.3105780246485,10148964,NTPC
2020-04-27,72.42829132080078,74.03606848045989,72.07536754603873,74.03606848045989,22675928,NTPC
2020-04-28,70.85974884033203,72.85966670243796,69.52647425465203,72.27145627047574,19815445,NTPC
2020-04-29,70.74210357666016,72.4283079644605,70.38917972079798,71.72245426915038,21550996,NTPC
2020-04-30,74.54586029052734,76.07520479766494,70.8989549462934,71.6440189915994,15151435,NTPC
2020-05-04,71.72245025634766,73.44787096874626,70.97738616517502,71.40874283917103,10305663,NTPC
2020-05-05,72.6243896484375,74.4674480466026,71.64403880009579,72.31067618025081,10628539,NTPC
2020-05-06,74.27137756347656,74.85958806999909,72.31067587506814,72.89888638159067,10232281,NTPC
2020-05-07,70.93818664550781,74.03609898860435,70.70290602657555,73.80081238608523,8449705,NTPC
2020-05-08,68.23240661621094,72.5067331429876,67.25205594643779,71.36952875948501,28174665,NTPC
2020-05-11,67.9579086303711,70.15389050835861,67.33048181746864,69.1735398529395,12243824,NTPC
2020-05-12,71.87931823730469,73.1341660014706,67.1736346339929,67.84027194774485,18124894,NTPC
2020-05-13,72.97731018066406,77.25163693758327,72.66359675272827,74.46743849208372,19037031,NTPC
2020-05-14,70.0754623413086,73.33022765311024,68.62454459515665,73.17337394461264,39115884,NTPC
2020-05-15,71.25187683105469,71.99694683976792,69.95781290736112,70.58523965326857,16925981,NTPC
2020-05-18,69.7225341796875,70.97738172057176,68.89903730220264,70.97738172057176,11368562,NTPC
2020-05-19,71.40875244140625,72.07538976792652,69.17354790015264,70.27154195867286,12262118,NTPC
2020-05-20,72.85965728759766,73.25179752490057,70.03624877573374,70.50681586378019,10126022,NTPC
2020-05-21,70.78131103515625,72.66358532311287,70.42838722398282,72.27144509577128,20143324,NTPC
2020-05-22,71.330322265625,71.52639242686486,69.29119378544779,70.50683117856948,9392095,NTPC
2020-05-26,72.9381103515625,73.25182385086732,70.70291139234499,70.70291139234499,12350762,NTPC
2020-05-27,74.27137756347656,74.66351790115824,71.48718475608861,72.93810280879352,11684730,NTPC
2020-05-28,75.05564880371094,75.68307565856345,74.1145145050181,74.70272493759761,12156645,NTPC
2020-05-29,76.7418441772461,77.52612466139493,73.95765204866889,74.27135945546023,19891080,NTPC
2020-06-01,76.78107452392578,78.15356562017313,76.1928640541055,77.17321483713931,10106253,NTPC
2020-06-02,75.879150390625,77.604565370414,75.33015634712477,77.44771163901001,18170659,NTPC
2020-06-03,74.27137756347656,76.70265244397237,74.03609695101957,76.66343601676952,23102350,NTPC
2020-06-04,74.62429809570312,74.8987951009265,72.74202351425062,73.84001751873008,12827335,NTPC
2020-06-05,76.82028198242188,77.01635213141589,73.84001930786445,74.50665661772689,11744302,NTPC
2020-06-08,77.29084014892578,78.58489809464598,76.66341340029756,77.60454753965497,14168383,NTPC
2020-06-09,76.8594741821289,78.19274838165052,76.23204750965743,77.64375453092615,14232434,NTPC
2020-06-10,76.97713470458984,78.54569575416443,76.27128103556417,76.97713470458984,12104423,NTPC
2020-06-11,76.89871978759766,78.19277806753489,75.91836897941097,76.9771466555353,10258905,NTPC
2020-06-12,75.99679565429688,76.82028674092992,73.9576671751658,74.11452091064263,10925477,NTPC
2020-06-15,73.09494018554688,76.03599205970116,72.62437308239926,75.83992193475754,10980359,NTPC
2020-06-16,72.78121948242188,74.58506071236476,72.34986289287886,74.46741746216357,8757035,NTPC
2020-06-17,71.76167297363281,73.01652070323051,71.25188940060019,72.8988774196713,17081311,NTPC
2020-06-18,72.70280456542969,73.95765823184716,70.50682261637057,71.99695685755202,16520026,NTPC
2020-06-19,72.9381103515625,73.76160753928926,72.46754309439892,72.97732678282085,13836691,NTPC
2020-06-22,74.74193572998047,75.17328642456265,73.21258513031957,73.8007955185925,18868376,NTPC
2020-06-23,79.01626586914062,79.32997928767075,74.50665268057925,74.58507953931534,20331626,NTPC
2020-06-24,76.11443328857422,81.40832724573232,75.87914671926612,79.99661979705576,24055051,NTPC
2020-06-25,75.36936950683594,77.29086069556959,73.99687836499183,76.11443971684608,69278017,NTPC
2020-06-26,76.0752182006836,76.38893163740363,74.93801372410782,75.6046510373966,15572219,NTPC
2020-06-29,74.42821502685547,76.89869961203331,74.07528523835298,76.58498623900384,18130595,NTPC
2020-06-30,75.13407135009766,76.66341587175228,74.66349828166382,76.07520551979509,18496305,NTPC
2020-07-01,73.40866088867188,74.27136832757357,72.38909972763749,74.27136832757357,21639137,NTPC
2020-07-02,73.25180053710938,74.11450789793439,73.05573041039527,74.11450789793439,14333457,NTPC
2020-07-03,74.11450958251953,74.78114683178275,72.74201866432472,73.40865591358795,15274841,NTPC
2020-07-06,74.66350555419922,75.60464579915273,74.3890085599324,75.21250552631854,11830916,NTPC
2020-07-07,72.58516693115234,74.85957572785355,72.3498803739005,74.82036529070206,18786009,NTPC
2020-07-08,71.36953735351562,72.82045532277641,71.2518940622596,72.82045532277641,26256635,NTPC
2020-07-09,71.52638244628906,72.15380926814194,71.21267501894825,71.6048152867099,11910945,NTPC
2020-07-10,70.89896392822266,71.60481763001012,70.3891803667325,71.52638478702254,12213053,NTPC
2020-07-13,70.50682830810547,72.8204537231092,70.19311486617626,71.4087522098071,17508551,NTPC
2020-07-14,68.74220275878906,70.5068342877641,68.54613258890295,70.428407416527,14240946,NTPC
2020-07-15,69.05590057373047,70.38917503329466,68.8206140297672,69.2519706991714,11582839,NTPC
2020-07-16,68.03632354736328,69.33038738215683,67.33047000260457,69.1735277146635,10152592,NTPC
2020-07-17,69.25196838378906,69.52646535351171,68.23240137215045,68.38925507382477,12238969,NTPC
2020-07-20,68.35004425048828,69.7225350748612,68.23240098311072,69.7225350748612,12349129,NTPC
2020-07-21,69.29119110107422,69.52647767888152,68.07555973863313,69.01669408268987,20118152,NTPC
2020-07-22,70.85974884033203,72.6243801362187,69.56568469329795,69.60490111552981,31321718,NTPC
2020-07-23,71.0166244506836,71.8401156497097,70.78133783176912,71.29112151702563,11161294,NTPC
2020-07-24,70.11468505859375,70.97739249999807,69.44804776221703,70.82053877741036,11352904,NTPC
2020-07-27,68.74220275878906,70.27154769046606,68.42848929025394,70.23233724664088,10071266,NTPC
2020-07-28,69.44803619384766,69.64410630621472,68.15397225550805,68.93825270497629,13888285,NTPC
2020-07-29,69.13433074951172,70.31075155869144,68.93826061464843,69.40882774160319,10732504,NTPC
2020-07-30,67.918701171875,69.80097587534308,67.52656085796858,69.44805198626185,10668042,NTPC
2020-07-31,68.23240661621094,68.70297374098492,67.68341263457224,68.15397975934621,7906179,NTPC
2020-08-03,67.13440704345703,68.38925459889279,66.66383995811675,68.38925459889279,14158505,NTPC
2020-08-04,67.13440704345703,68.23240089830774,66.93833692593316,67.84026066326,19621505,NTPC
2020-08-05,67.36971282958984,67.91870692210401,66.97757248248348,67.36971282958984,9478990,NTPC
2020-08-06,67.56578063964844,68.58534191630795,67.13442387948584,67.84027767630343,12208873,NTPC
2020-08-07,67.29127502441406,67.99712274766054,66.93834517920496,67.60498246426323,10339288,NTPC
2020-08-10,69.17353820800781,69.56567846085046,67.56576676150422,68.07555028691674,12215464,NTPC
2020-08-11,69.21275329589844,70.27153076149824,68.85982946856026,69.80096366385224,11180265,NTPC
2020-08-12,69.56568145751953,69.91861129043225,68.27162335426321,69.01668747332508,14803880,NTPC
2020-08-13,70.53581237792969,70.73792072285212,69.92948734316238,70.65707861845459,13723113,NTPC
2020-08-14,71.46549987792969,72.63772561253292,70.09115966482449,70.61664250607483,25402282,NTPC
2020-08-17,77.043701171875,78.01381873039513,72.27394314546078,72.27394314546078,115111358,NTPC
2020-08-18,76.84159088134766,79.06478255035411,76.03315754716348,77.77128428137395,52023697,NTPC
2020-08-19,76.5182113647461,78.0138117026769,76.1948368184176,77.60959506173039,21840924,NTPC
2020-08-20,81.73260498046875,82.3793540843199,76.1948381372233,76.47778855721197,112338263,NTPC
2020-08-21,85.65350341796875,87.18952788119282,82.13681988891395,83.02609526198374,107862545,NTPC
2020-08-24,85.20886993408203,87.31079525289525,83.87495377303594,86.58320405888314,49154455,NTPC
2020-08-25,83.91536712646484,86.82572536084707,83.43030228085469,85.69391766751629,50940674,NTPC
2020-08-26,83.10694122314453,84.56211738391718,82.13681761477316,84.56211738391718,30828711,NTPC
2020-08-27,82.94525909423828,83.99622489886791,82.46020032589264,83.43031786258392,19363725,NTPC
2020-08-28,82.09640502929688,84.27917249733704,81.85387256935611,83.3898970906487,21358972,NTPC
2020-08-31,77.93297576904297,83.02610214689177,77.2053845242483,82.9452600458828,40298594,NTPC
2020-09-01,80.68162536621094,81.77300881113435,78.01379368497145,78.8222267801525,44304572,NTPC
2020-09-02,79.9944839477539,81.24755820815703,79.46900716228564,80.68165728479545,20904846,NTPC
2020-09-03,78.98394012451172,80.6008069124678,78.33719711004368,80.0349060038261,19004282,NTPC
2020-09-04,76.55863189697266,78.78182349677537,75.99273104780191,77.65002179843387,27339411,NTPC
2020-09-07,74.69923400878906,77.60959249373279,74.41628360306024,76.63947505470362,28474893,NTPC
2020-09-08,73.28449249267578,75.38641820089875,73.0015420225442,75.38641820089875,31186005,NTPC
2020-09-09,73.0823745727539,73.76954167257087,71.54635000572627,72.83984210559176,28307198,NTPC
2020-09-10,73.20364379882812,73.97165302980899,72.15267795530549,73.56743634658598,27263673,NTPC
2020-09-11,72.83984375,73.48659289846196,72.31436083785678,72.9206858515935,18190992,NTPC
2020-09-14,73.44618225097656,74.33545786752055,72.55690663443258,73.08238964307252,22533738,NTPC
2020-09-15,73.64826965332031,74.9821857822085,73.20363505559517,73.48658546648505,26866105,NTPC
2020-09-16,72.47603607177734,74.05247831109911,72.19308569136776,74.05247831109911,20778500,NTPC
2020-09-17,71.66761779785156,72.3143607779205,71.38466735858034,71.99099237181453,21804215,NTPC
2020-09-18,73.20364379882812,73.64827844965916,71.70803713661735,71.99099374915913,44757908,NTPC
2020-09-21,71.38465118408203,73.85036864516557,70.61663597395653,73.68868447874736,17714694,NTPC
2020-09-22,70.89960479736328,72.39521148124238,68.95936962406849,71.38466975854418,25113194,NTPC
2020-09-23,68.79766845703125,71.26339234081696,68.07007729723742,70.85917571513774,24107408,NTPC
2020-09-24,66.81700897216797,69.24230870859617,66.41279234942994,67.98923471096579,17724521,NTPC
2020-09-25,68.55513763427734,68.83808801991016,66.57447259913602,67.38290579686166,15999517,NTPC
2020-09-28,70.73790740966797,71.34423233032227,68.79766643000302,69.20188304377254,22735756,NTPC
2020-09-29,68.83808898925781,71.869713523419,68.433872384703,71.54633900620395,21328822,NTPC
2020-09-30,68.79766845703125,69.40399339555007,67.4233343968644,69.20188508271048,18475452,NTPC
2020-10-01,68.63599395751953,69.36358521996672,68.3126193777811,69.36358521996672,18244405,NTPC
2020-10-05,68.27218627929688,69.08061953857975,67.74670959504803,68.71682703904497,15677842,NTPC
2020-10-06,68.02965545654297,68.433872059175,67.62543885391094,68.27218171740867,13094249,NTPC
2020-10-07,66.93828582763672,68.11051175267642,66.4936450048384,68.0700876168376,19056844,NTPC
2020-10-08,66.77658081054688,67.38290570804189,66.57447251138187,67.18079740887688,11961568,NTPC
2020-10-09,67.01911163330078,67.22121992763049,66.00857016165226,66.97868750729258,18016087,NTPC
2020-10-12,66.8978500366211,68.35303232329123,66.61489963861747,67.62544117995616,11714109,NTPC
2020-10-13,66.81700897216797,67.42333390627502,66.61490066079895,66.93827519256061,11503196,NTPC
2020-10-14,63.94705581665039,67.14037020444775,63.13862273131257,66.9382619331133,47114322,NTPC
2020-10-15,63.866233825683594,65.07888383503202,63.46201715590079,63.94707592606878,20107413,NTPC
2020-10-16,64.9172134399414,65.0788976750965,63.42160650939485,63.86624740785867,16578267,NTPC
2020-10-19,66.00859069824219,67.22124084150006,65.0788910215063,65.44268359734062,21839955,NTPC
2020-10-20,65.20014190673828,66.25110141588347,64.91719150688597,66.00857514509126,14238188,NTPC
2020-10-21,66.5340576171875,67.74670746803886,65.20014154767978,65.84688443408685,38563701,NTPC
2020-10-22,68.43389129638672,69.44443308703669,65.80648264069683,66.53407396353631,34256481,NTPC
2020-10-23,69.72737121582031,70.01032163355958,68.31261295926744,69.52526289345562,46258872,NTPC
2020-10-26,69.48483276367188,71.142123331142,68.15092288549775,70.41453219986595,34724632,NTPC
2020-10-27,72.31434631347656,72.79941116132596,70.37411159350196,71.78886967473264,95412168,NTPC
2020-10-28,71.22296905517578,73.28447633771336,70.73791033218349,72.31435272387249,44763206,NTPC
2020-10-29,69.92947387695312,71.54634032497516,69.52525726494761,70.33369048895864,41912944,NTPC
2020-10-30,70.81876373291016,71.74846336501419,69.7678040265877,70.25286282703324,40735912,NTPC
2020-11-02,72.11225891113281,72.43563351411363,71.10171713172872,71.3846737642479,31922062,NTPC
2020-11-03,69.48483276367188,74.37585620983027,67.14038136090767,73.93121547186826,118128168,NTPC
2020-11-04,68.79766845703125,70.41453495974811,68.31260973978745,69.6465258381001,47519427,NTPC
2020-11-05,70.17201232910156,70.33369652062706,69.20188867637899,69.40399699971412,41267817,NTPC
2020-11-06,70.57623291015625,71.74845878370502,70.2528583412217,70.49538464202995,46143960,NTPC
2020-11-09,72.31434631347656,72.63772082275759,70.8995882322459,71.66760346277029,42703600,NTPC
2020-11-10,73.97164916992188,74.17375750098724,72.39520665475477,72.59731498582013,43483223,NTPC
2020-11-11,75.10344696044922,75.58850565622278,74.13332340104616,74.3758558328609,51801855,NTPC
2020-11-12,73.40573120117188,74.86090714496586,73.08235671326587,74.69922298494053,33374610,NTPC
2020-11-13,73.93122863769531,74.65881989854233,72.1122535695063,72.75900272756078,24025139,NTPC
2020-11-14,73.48657989501953,74.69922970791472,73.00152120343265,73.20362950558184,12521960,NTPC
2020-11-17,71.7080307006836,74.69923758878147,71.34423818557681,74.17375471418326,55324429,NTPC
2020-11-18,71.38465118408203,72.39519264383486,71.22296084980823,71.70801951691847,37574681,NTPC
2020-11-19,72.59732055664062,74.29502943429351,71.14213799416258,71.46551258225294,55196018,NTPC
2020-11-20,74.21417999267578,74.45670628387529,72.67815547698557,72.96110590064667,47670803,NTPC
2020-11-23,75.70977783203125,76.3161027914423,74.37586168775564,75.1034528726202,54262598,NTPC
2020-11-24,76.1139907836914,76.63947362329108,75.79061625410267,76.19483287412456,35713773,NTPC
2020-11-25,75.95230102539062,76.72031631011612,75.06302568800085,76.35651764855471,32464332,NTPC
2020-11-26,76.0735855102539,76.63949261926476,75.50768456910072,75.95231926061889,30825401,NTPC
2020-11-27,76.55863189697266,78.45845510745303,74.2141802351024,77.40748933858545,216981706,NTPC
2020-12-01,75.7906265258789,77.77128576527907,75.5480940538533,76.55863574086501,35330973,NTPC
2020-12-02,76.63948059082031,76.96284898195131,75.83104727727941,76.51821436021784,27650080,NTPC
2020-12-03,79.67111206054688,80.15617085494137,77.04370357573141,77.48833823398586,43841111,NTPC
2020-12-04,79.67111206054688,80.68165378547589,78.8222545444636,80.19658882322419,34813873,NTPC
2020-12-07,80.64122772216797,81.77303566061191,79.79237022637075,80.03490270170055,27049393,NTPC
2020-12-08,79.3881607055664,81.53051053799413,79.06479226644024,81.28798420864952,30386160,NTPC
2020-12-09,79.46900939941406,80.76250166626608,79.14563479073665,80.23701869814748,24061383,NTPC
2020-12-10,78.5392837524414,80.31783426050775,78.0138009580132,79.5498252156281,25985382,NTPC
2020-12-11,82.7835693359375,83.18778597706233,78.94351124525157,79.14561956581399,63463638,NTPC
2020-12-14,84.56211853027344,85.16844348077902,83.26862653609948,83.63241903926028,45802433,NTPC
2020-12-15,85.57266998291016,86.01731079836725,83.14736990119599,84.96634496248161,52215593,NTPC
2020-12-16,84.80464935302734,86.70446626131236,84.52169894844978,86.46193381861374,25184934,NTPC
2020-12-17,84.44084930419922,85.41097289122798,84.07705681397351,85.41097289122798,16840984,NTPC
2020-12-18,83.87495422363281,84.72381164918329,83.14736302571193,84.52170332575285,33596568,NTPC
2020-12-21,78.82225036621094,84.03664292329445,76.59905868921524,83.83453458902211,34210970,NTPC
2020-12-22,79.95405578613281,80.68164700046557,78.01381460386433,78.70098168545657,29181188,NTPC
2020-12-23,79.67111206054688,80.35827919992717,79.06478702558945,80.07532875051848,17602151,NTPC
2020-12-24,80.80290222167969,82.05597624727818,80.03489308847823,80.27742553467675,23052394,NTPC
2020-12-28,81.2071304321289,82.09641208308166,80.84333787881711,81.53050501721562,15454893,NTPC
2020-12-29,79.7115249633789,81.69219031908821,79.18604206623739,81.24754952123227,23647197,NTPC
2020-12-30,80.11572265625,80.56036334881496,79.38813159925976,80.03488057610782,30281285,NTPC
2020-12-31,80.31784057617188,81.04543172045038,79.22645694368217,79.30729903352287,50363279,NTPC
2021-01-01,80.0753173828125,81.00501070347968,79.87320906651853,80.80290238718572,13493039,NTPC
2021-01-04,80.0753173828125,80.84332651758704,79.63067661982323,80.64121820129307,22325584,NTPC
2021-01-05,78.903076171875,79.54982517512745,78.41801750336346,79.54982517512745,23510160,NTPC
2021-01-06,79.1052017211914,80.03490130323472,78.6201429468644,79.2264679567374,21952878,NTPC
2021-01-07,78.41801452636719,79.63066423553781,78.29674832187905,79.3072897461879,24999580,NTPC
2021-01-08,80.964599609375,81.24755004261873,78.70098380771154,78.90309214115089,43240591,NTPC
2021-01-11,80.034912109375,81.85388738458806,79.79237960553681,81.44967065676293,22036573,NTPC
2021-01-12,80.964599609375,81.65176670949742,79.46899917549518,80.03490004198262,24262426,NTPC
2021-01-13,82.90483856201172,84.36001482200726,80.96459738082766,81.04543947840685,49236964,NTPC
2021-01-14,82.62187194824219,83.95578798401871,82.21765534151331,83.83452176842886,29301114,NTPC
2021-01-15,81.2071304321289,83.75369680888309,80.76249577450973,82.86442132578755,24067229,NTPC
2021-01-18,78.86266326904297,81.57091332902756,78.25633835257526,81.20711467843333,23613664,NTPC
2021-01-19,80.56037902832031,81.53049651455149,78.86267034348748,79.22646285886003,22934496,NTPC
2021-01-20,79.46900939941406,80.60081127799853,79.22647690094159,80.51996916779359,25599184,NTPC
2021-01-21,77.69043731689453,80.15616129890621,77.2862206751127,79.7923626205887,22667011,NTPC
2021-01-22,76.03314971923828,78.01380871692976,75.10345024707149,77.85212453388172,26029669,NTPC
2021-01-25,75.3459701538086,77.04368477161243,74.94175356249448,76.84157647595538,18599824,NTPC
2021-01-27,73.80996704101562,75.26514336475897,73.4057503675552,75.18430126363828,22812859,NTPC
2021-01-28,74.052490234375,74.90134768013496,73.04194859316394,73.40574728471394,32227832,NTPC
2021-01-29,71.9101333618164,74.86091588572712,71.26339047834604,74.37585718116034,36962884,NTPC
2021-02-01,74.37586975097656,74.69924433129137,71.4655108638576,72.23352009523028,29033297,NTPC
2021-02-02,76.1139907836914,77.08410820460146,75.1034492336367,75.1034492336367,29279584,NTPC
2021-02-03,78.37760925292969,79.30730882046788,76.23526585242206,76.88200881881531,31420256,NTPC
2021-02-04,80.0753173828125,81.00501070347968,78.41802672205944,78.66055916875473,39264443,NTPC
2021-02-05,80.4391098022461,82.46019296310655,79.34772612895271,81.16670097372712,54911202,NTPC
2021-02-08,81.08585357666016,81.61133022982493,77.69043038781126,77.77127247538616,53737961,NTPC
2021-02-09,80.80290222167969,81.81344380107966,80.43910972023822,81.16670089097747,28074809,NTPC
2021-02-10,80.7220687866211,81.24755169784021,79.75195123349117,80.84333502272658,19070866,NTPC
2021-02-11,81.09712219238281,81.59720593385154,80.2219708756302,81.59720593385154,18452535,NTPC
2021-02-12,79.97193908691406,81.59721946483933,79.0134477397014,81.51387322059182,21660998,NTPC
2021-02-15,79.34683990478516,80.59705275848815,79.18014740118933,80.38868394953765,12574055,NTPC
2021-02-16,81.68059539794922,82.63909345246289,79.59690673983827,79.88862188019118,32865663,NTPC
2021-02-17,82.80574798583984,83.47253059388403,80.8470828182116,81.55553536493966,28774857,NTPC
2021-02-18,86.18133544921875,86.88978808508472,82.97245725694746,83.09747344763892,50705280,NTPC
2021-02-19,86.84811401367188,88.97347833478868,84.51438724974544,86.38970646523279,61069583,NTPC
2021-02-22,85.05615234375,88.59842217864258,84.51439215604294,86.93147166810489,30636415,NTPC
2021-02-23,86.18133544921875,86.80644183832008,83.80593244241591,85.13949146738321,31233104,NTPC
2021-02-24,86.01463317871094,87.26484590723238,85.0978117829107,87.09815342032717,16153025,NTPC
2021-02-25,90.01530456542969,91.84894711486521,85.8479293540672,86.34801310764871,68361756,NTPC
2021-02-26,89.431884765625,92.47406392929351,87.34819692261333,89.26518592283767,67331805,NTPC
2021-03-01,90.39036560058594,91.51556199241283,89.30685186325881,91.26551693669354,27205189,NTPC
2021-03-02,93.80763244628906,94.76612379974796,89.93197165387011,90.39037917967417,53649872,NTPC
2021-03-03,93.93265533447266,95.59960578483712,93.34922522040964,95.39123697854156,31702057,NTPC
2021-03-04,92.34904479980469,94.18268749959546,92.09899972305574,92.93247483367163,28057179,NTPC
2021-03-05,90.5987319946289,93.64091708485063,90.34869330434957,92.51572708131924,24778407,NTPC
2021-03-08,92.14068603515625,94.43274283842968,91.26553453034194,92.22403228349306,28163362,NTPC
2021-03-09,91.26553344726562,93.22419887503659,89.55690676153777,92.84913758251638,20611697,NTPC
2021-03-10,91.39055633544922,92.18235522654491,90.8071198840372,91.97398642795014,13207045,NTPC
2021-03-12,90.93213653564453,93.43256195656369,90.51539896549134,92.5157405740088,21763020,NTPC
2021-03-15,92.0989990234375,92.51573657557975,89.76526618787673,91.64058517251686,20350674,NTPC
2021-03-16,91.30719757080078,92.89079513590218,91.09882880077056,92.1406726509216,15360040,NTPC
2021-03-17,88.80677032470703,91.59891050826832,88.47337902840641,91.43221168066297,18850429,NTPC
2021-03-18,86.51470947265625,90.22367076179428,86.01461937437763,89.51521826777923,20023557,NTPC
2021-03-19,90.43204498291016,91.30719634888948,85.01445703462522,85.30617203698161,72249183,NTPC
2021-03-22,91.55723571777344,92.14067208562469,89.05681049275144,90.68209070436185,31980425,NTPC
2021-03-23,90.55708312988281,91.84896589419604,90.0986692193422,91.68227339522376,14060206,NTPC
2021-03-24,88.3483657836914,91.1821825617429,88.01497445234816,90.0153160814969,15196366,NTPC
2021-03-25,85.84793853759766,88.7651014976131,85.55622351337823,88.34836393189661,22543755,NTPC
2021-03-26,86.84811401367188,88.1400031279054,86.43137641023024,88.1400031279054,17402475,NTPC
2021-03-30,89.7652587890625,90.59873382464863,87.18148745052747,88.22333124501013,36129962,NTPC
2021-03-31,88.80677032470703,90.84878168131945,88.43170273177756,89.76526155806997,23063667,NTPC
2021-04-01,89.93197631835938,90.64042897419151,89.14017105450247,89.5985849629939,13753303,NTPC
2021-04-05,88.5984115600586,89.84862429312295,86.47304737028486,89.5152329591903,15666099,NTPC
2021-04-06,88.39004516601562,90.09866546548305,88.18167637152611,89.80695042497993,17393454,NTPC
2021-04-07,87.88994598388672,89.47354993183907,87.72325350890661,89.09848868367865,15692013,NTPC
2021-04-08,87.51488494873047,88.72342129255357,87.26483987674139,88.34836004348028,11394998,NTPC
2021-04-09,85.68124389648438,88.30668540723246,85.3478525805275,88.30668540723246,19751417,NTPC
2021-04-12,82.55570983886719,84.597721256671,81.72223475259456,84.597721256671,20221362,NTPC
2021-04-13,83.84758758544922,84.30600140010142,82.72239755546916,83.01411254710696,19192856,NTPC
2021-04-15,84.47270202636719,85.84793724429578,82.76408184801635,84.34767948675359,13865351,NTPC
2021-04-16,85.38951873779297,85.76458633621971,83.76424488800764,84.93111126270719,14654851,NTPC
2021-04-19,82.55570983886719,83.68089993355316,82.22231853257608,83.34750862726207,11652043,NTPC
2021-04-20,82.55570983886719,84.09763747668948,81.80558098943978,82.68072601467986,16528675,NTPC
2021-04-22,82.47237396240234,83.13915671015872,80.88877606457618,81.72225131981587,18614270,NTPC
2021-04-23,85.47288513183594,85.847946431906,81.68057039152221,81.68057039152221,29484794,NTPC
2021-04-26,85.34785461425781,86.63973725087276,84.05596561873227,86.63973725087276,24369413,NTPC
2021-04-27,85.05615234375,86.30636522665326,84.76443091727666,85.05615234375,17763436,NTPC
2021-04-28,86.3480224609375,86.6397374855497,85.1394860622967,85.7229161115211,15160578,NTPC
2021-04-29,85.8896255493164,87.51489971473988,85.55623418338274,87.1815083488062,11588556,NTPC
2021-04-30,85.38951873779297,88.05664278837912,85.0561337955161,85.22282626665454,15321193,NTPC
2021-05-03,86.88977813720703,87.18149314694078,84.22266039262666,84.51437540236041,12186212,NTPC
2021-05-04,86.4730453491211,88.39004070524419,86.26467656514731,86.93145921742769,12992684,NTPC
2021-05-05,86.59807586669922,88.05665748884653,85.6812544045603,87.30652852567424,14956169,NTPC
2021-05-06,85.8896255493164,87.59824596649544,85.55623418338274,87.51489971473988,13547274,NTPC
2021-05-07,87.55656433105469,87.93162559333882,86.13965280472564,86.68141290717762,13229291,NTPC
2021-05-10,89.7652587890625,90.01530384330229,88.0149624861136,88.34835377213003,23980945,NTPC
2021-05-11,93.93265533447266,94.51609180744701,88.93180398337928,90.01532431968072,45613487,NTPC
2021-05-12,94.43272399902344,97.30821032590376,93.14083515134685,95.18284644331578,62158914,NTPC
2021-05-14,92.84912872314453,94.97448644281599,91.80728483342996,94.97448644281599,16227312,NTPC
2021-05-17,92.97416687011719,93.55759700273892,91.64060138027631,92.68244544489478,12832920,NTPC
2021-05-18,93.43256378173828,95.18286033879103,93.14084874871463,93.84930136003231,14892142,NTPC
2021-05-19,93.30753326416016,94.30770718195623,92.47405817878521,94.30770718195623,12610425,NTPC
2021-05-20,93.1408462524414,93.97432138669144,92.432393660111,93.34921503600391,10303689,NTPC
2021-05-21,94.05767822265625,94.30772333465971,92.72411912943097,93.59927066253172,12171685,NTPC
2021-05-24,94.0993423461914,94.9744874070907,93.39088976577469,93.64092848649855,11341268,NTPC
2021-05-25,94.43272399902344,95.72460648779015,94.2243552402956,94.9328077481883,15289982,NTPC
2021-05-26,92.59908294677734,95.01616202444443,92.432390469246,95.01616202444443,17466748,NTPC
2021-05-27,91.93231201171875,93.05750219761572,91.09883685788235,93.01582589635959,34169451,NTPC
2021-05-28,90.80712127685547,92.5157479951043,90.30703742433985,91.93231789365461,13383166,NTPC
2021-05-31,92.0989990234375,92.80745159029725,89.8486187854335,90.80711006823236,14754293,NTPC
2021-06-01,91.84896087646484,92.89080483540347,91.26553080302357,92.47406725182802,10271211,NTPC
2021-06-02,92.64076232910156,92.80745481218116,91.72394095434251,91.76561089565709,6492771,NTPC
2021-06-03,93.18252563476562,93.51591061236397,92.05732907918326,93.0158267870556,12140851,NTPC
2021-06-04,93.1408462524414,94.18269017025395,92.55741620203064,92.9324774688789,8930671,NTPC
2021-06-07,97.01651763916016,97.30823269666125,93.34922537067288,93.47424792643373,28407410,NTPC
2021-06-08,96.84981536865234,98.76681086572883,96.68312287278096,97.93333566854967,43191813,NTPC
2021-06-09,98.43341827392578,100.85049758705051,96.51642915993177,97.09985924703625,49807823,NTPC
2021-06-10,98.76679992675781,99.9336663453539,97.76663234448138,99.47525249411281,22144392,NTPC
2021-06-11,99.01683807373047,99.64194435864314,97.97499426554269,99.10018430660351,13871562,NTPC
2021-06-14,98.51676177978516,99.10019820956775,96.89148775456327,99.0168519650019,14179055,NTPC
2021-06-15,98.18336486816406,99.141856102541,98.01666604038236,98.51674980590731,8148417,NTPC
2021-06-16,99.85032653808594,100.517102849581,97.39157100501124,98.18337622098207,21585917,NTPC
2021-06-17,97.84998321533203,100.51710113360215,97.47491558504014,98.5167595154442,14466025,NTPC
2021-06-18,94.64110565185547,98.47509006301598,94.09934553357054,97.84998370166663,43927941,NTPC
2021-06-21,98.3500747680664,98.7251360689564,94.22437502263149,94.39106752104678,34597018,NTPC
2021-06-22,98.60011291503906,99.10019673389837,97.47491637396718,98.76680540168859,16712010,NTPC
2021-06-23,97.7249755859375,99.05853474859013,97.47493046091627,99.05853474859013,12590251,NTPC
2021-06-24,98.3500747680664,98.76681237301584,96.43307924173452,97.68329205658283,14046692,NTPC
2021-06-25,96.72478485107422,99.26688001063468,96.43306348813714,99.26688001063468,12768348,NTPC
2021-06-28,96.80813598632812,98.22504113983435,96.68311344715747,97.43324232327096,10709748,NTPC
2021-06-29,98.01666259765625,98.80846769426037,96.18302006883275,96.89147257501864,33488455,NTPC
2021-06-30,97.01651763916016,98.72513803818728,96.8081488325292,98.22505417405523,16739618,NTPC
2021-07-01,97.80831146240234,98.18337911013397,96.43307613854171,97.34990392705613,12479506,NTPC
2021-07-02,97.9333267211914,99.2252157023543,97.5165891606757,97.97500302080718,17215972,NTPC
2021-07-05,98.85014343261719,99.2668809735295,97.72495334393601,98.26671341890406,16409169,NTPC
2021-07-06,98.05834197998047,99.1418557415206,97.55825821627656,98.43340321303089,14979094,NTPC
2021-07-07,97.89164733886719,98.51675365995551,97.3915635537786,97.55826238808169,14545289,NTPC
2021-07-08,97.89164733886719,98.93349120734773,97.68327856517108,97.80830110117081,12037089,NTPC
2021-07-09,98.18336486816406,98.68344863368901,96.89147597822371,97.51658227485741,9585144,NTPC
2021-07-12,98.22505187988281,98.97518083801633,97.6416217785074,98.3500744327236,7651672,NTPC
2021-07-13,99.93366241455078,101.68395879414335,98.43340474123707,98.47508103840528,30663035,NTPC
2021-07-14,100.64212799072266,100.80882048316775,99.85032911324203,99.97534530312035,9539611,NTPC
2021-07-15,100.2670669555664,101.0171895323678,99.35023916807849,100.64212824396711,11278872,NTPC
2021-07-16,99.26687622070312,100.6837876073104,98.60010000251434,100.14202755828144,17198632,NTPC
2021-07-19,101.18389129638672,101.55895259558231,98.7668119268174,99.26689577871525,14364285,NTPC
2021-07-20,98.7251205444336,101.68395961786169,98.51675177472487,101.68395961786169,11360716,NTPC
2021-07-22,99.35022735595703,99.76696489748187,98.80847363910293,98.97516611214877,9520328,NTPC
2021-07-23,98.76679992675781,100.10035882276317,98.60010744934854,99.51692879292033,10442400,NTPC
2021-07-26,99.47525787353516,100.01701799277818,98.39174399395984,98.5167601793222,5370055,NTPC
2021-07-27,99.05851745605469,99.68362380057195,98.5167573523576,99.43358507811139,5280342,NTPC
2021-07-28,97.34991455078125,99.64197155437583,96.51643927674687,99.64197155437583,11010096,NTPC
2021-07-29,97.3082275390625,98.55844031258366,96.05801476554136,98.10002641872816,11897018,NTPC
2021-07-30,98.51676177978516,99.97534331587535,96.89148775456327,97.47491782543501,14546264,NTPC
2021-08-02,98.1417007446289,98.9751759101884,97.5165943704593,98.8501533635723,11742555,NTPC
2021-08-03,98.05834197998047,98.76679450847018,97.09984439018376,98.76679450847018,21122697,NTPC
2021-08-04,98.22505187988281,99.05852708693979,97.14153792605545,98.39175073664092,9432176,NTPC
2021-08-05,97.09986114501953,98.183381452434,96.64144723982623,97.55827505021284,11045322,NTPC
2021-08-06,98.05834197998047,98.9334869767348,97.05816809366259,97.09984439018376,8434733,NTPC
2021-08-09,97.26654815673828,99.26688980281972,97.14153197047321,98.76680598102706,7816050,NTPC
2021-08-10,95.3078842163086,97.6832871740066,94.72445414210588,97.43324843888153,9774255,NTPC
2021-08-11,97.47492218017578,97.76664358755531,95.47458678558621,95.5996029785647,8056886,NTPC
2021-08-12,99.30856323242188,99.51693201538586,97.09985286122141,97.47491412699236,8640167,NTPC
2021-08-13,98.55843353271484,99.55860113916548,97.6832821078876,99.55860113916548,9744939,NTPC
2021-08-16,99.05851745605469,99.51693131893157,98.43341111153741,98.55843365222297,8768804,NTPC
2021-08-17,97.84998321533203,99.60027974662871,96.8498092267977,99.47525720319808,8758578,NTPC
2021-08-18,97.14152526855469,99.10019047814309,96.76645765890349,97.8499778304598,9357721,NTPC
2021-08-20,95.14118194580078,97.51658465930961,94.5577455726639,96.93315464508296,11684504,NTPC
2021-08-23,94.51609802246094,96.47476365865121,93.51592387112788,96.26639483865412,6271685,NTPC
2021-08-24,94.97447967529297,96.93315113551719,94.72444097492456,95.1828484383883,11791078,NTPC
2021-08-25,95.01617431640625,96.0580183330335,94.84948181731038,95.59960442215302,9491958,NTPC
2021-08-26,93.97431945800781,95.43290091301014,93.30753682072826,95.09950959437037,11668986,NTPC
2021-08-27,94.51609802246094,95.09952817488808,93.4325776149114,93.93266151112205,8095717,NTPC
2021-08-30,95.8079605102539,96.26637436029567,94.39105537925094,94.39105537925094,9915170,NTPC
2021-08-31,96.64144134521484,96.9748326778466,95.59959740505984,96.05801128229234,11386659,NTPC
2021-09-01,96.18302154541016,97.26653528947247,95.64126149392402,96.68310530104738,7508413,NTPC
2021-09-02,97.09986114501953,97.26655364204738,95.84964834057723,95.93299458909115,5700524,NTPC
2021-09-03,97.51659393310547,98.2667228505269,97.09985635219476,97.51659393310547,9364904,NTPC
2021-09-06,97.05818176269531,98.05835578987109,96.59977423095349,98.05835578987109,7005043,NTPC
2021-09-07,96.55809020996094,97.43324161891856,96.05800641580392,97.26654278159259,7723357,NTPC
2021-09-08,97.7147445678711,98.18596474123082,96.3010709745027,97.54338642939469,10508654,NTPC
2021-09-09,98.14312744140625,98.31447903858043,97.24351521463075,97.62905957659486,5757417,NTPC
2021-09-13,98.52867126464844,98.95705679188605,97.8004171756734,98.228802702911,6322443,NTPC
2021-09-14,99.29977416992188,99.51396695003963,98.35732724473272,98.74287163428671,7369292,NTPC
2021-09-15,106.41097259521484,106.96787514156492,99.38545188683777,99.38545188683777,48721413,NTPC
2021-09-16,106.2396011352539,107.69610918132165,105.3828301583567,106.66798662370252,17684303,NTPC
2021-09-17,106.02542114257812,106.83935105386331,104.1405273813679,106.36813088188305,15763396,NTPC
2021-09-20,105.12579345703125,106.19675714969313,104.35470482762962,104.95444188086282,7431359,NTPC
2021-09-21,106.3252944946289,107.4390995632961,104.61175225769163,104.78311040337229,8629222,NTPC
2021-09-22,106.58232116699219,108.80992461557265,106.23961143567723,106.75367276432743,11698183,NTPC
2021-09-23,108.12449645996094,108.80991586748455,106.79650534576932,106.92502230176049,11053966,NTPC
2021-09-24,106.45380401611328,108.55289049473099,106.19677008391157,108.38153889769279,8598140,NTPC
2021-09-27,108.68140411376953,109.49534051624518,106.66799349567795,107.35341293601068,8490460,NTPC
2021-09-28,113.0509262084961,114.50743423422786,109.10978107712452,109.2382980291935,35900138,NTPC
2021-09-29,120.50483703613281,123.58921789399844,111.8942988650601,112.57970521277416,75859390,NTPC
2021-09-30,121.53297424316406,122.68960727454322,119.1768539415209,121.44729191197084,34614825,NTPC
2021-10-01,119.86225891113281,123.67490035922,117.97736530628374,120.76187108510044,22452069,NTPC
2021-10-04,124.70304107666016,127.95877399812412,120.37634423848371,122.90381646726718,58612212,NTPC
2021-10-05,124.57450103759766,126.67360049453595,123.54637842859441,124.70302453452823,24390676,NTPC
2021-10-06,122.77528381347656,126.20236772691185,122.34689832429714,125.4741071659918,14421296,NTPC
2021-10-07,122.346923828125,124.78871378147838,121.87569707714054,123.54639821854873,10035682,NTPC
2021-10-08,120.8904037475586,123.28935229566778,120.20498427383207,122.98949026379869,10686586,NTPC
2021-10-11,124.0604476928711,125.73114858582747,121.19025951457773,121.66148619548554,17449923,NTPC
2021-10-12,123.84627532958984,125.30278370500703,123.20369695161546,125.0885909123489,16030831,NTPC
2021-10-13,125.3884506225586,126.15953935193053,123.97477052099143,124.66018998781591,19100941,NTPC
2021-10-14,128.0015869140625,129.02972261079267,125.81683124173199,126.3737271830538,29263867,NTPC
2021-10-18,128.13011169433594,129.97216420170594,127.40185108074951,129.5866198482202,25346029,NTPC
2021-10-19,128.2157745361328,130.31487393846743,126.88778994874615,129.32957944744982,20234486,NTPC
2021-10-20,125.30274200439453,129.07252867128065,124.48881227782665,129.07252867128065,16129487,NTPC
2021-10-21,126.71643829345703,127.27334734290594,125.00289612276369,126.54508669104555,20818539,NTPC
2021-10-22,124.14612579345703,126.88780374189439,123.37503704126486,126.6736109692533,11379569,NTPC
2021-10-25,123.28935241699219,125.30276967180347,122.64677411098295,123.97477189139322,14079380,NTPC
2021-10-26,122.68960571289062,124.78869206752417,122.04702745698516,124.48883005874113,16224116,NTPC
2021-10-27,121.06173706054688,123.84624262989678,120.67619275021738,123.37501599581091,15072448,NTPC
2021-10-28,117.67750549316406,121.53297510501203,116.77789330240853,121.06174842668406,19999659,NTPC
2021-10-29,113.65068054199219,117.29195769636881,110.13792689586134,112.23701346431469,29217522,NTPC
2021-11-01,115.0643539428711,115.92112498775728,112.15132454628491,114.12190056418085,10043407,NTPC
2021-11-02,117.07774353027344,120.63335076943255,115.66407671089947,115.66407671089947,21525811,NTPC
2021-11-03,117.16342163085938,119.04831501318847,116.13529915625138,118.19154410546737,9808728,NTPC
2021-11-04,117.50614166259766,118.49143619213908,117.33479007106955,118.49143619213908,1026849,NTPC
2021-11-08,120.20496368408203,120.46199757686361,116.99207270752933,118.83412497143814,12765483,NTPC
2021-11-09,118.66280364990234,121.1474347424976,118.27725924909139,120.59053872724733,9556650,NTPC
2021-11-10,117.7203369140625,118.44859753509466,117.163440961477,118.40575636798299,5479056,NTPC
2021-11-11,117.07774353027344,118.02019679204743,115.10718083012476,117.80600405739762,11418813,NTPC
2021-11-12,116.90640258789062,118.40575186678002,115.36421214351816,118.40575186678002,9306659,NTPC
2021-11-15,117.50614166259766,117.93452717806215,116.52086020634468,117.63466516121007,3991733,NTPC
2021-11-16,115.0643539428711,118.06305259997272,114.80732001474752,117.97737026616863,5762128,NTPC
2021-11-17,116.90640258789062,118.23440027813602,114.8073162121031,114.8073162121031,15264066,NTPC
2021-11-18,115.92111206054688,117.8916878586895,115.44988542375167,117.03491690934811,9942974,NTPC
2021-11-22,111.50873565673828,117.29193965966459,111.12319133786734,115.66408005852622,15990636,NTPC
2021-11-23,114.37892150878906,114.59311424569691,109.79519170964632,111.42306435411824,11510010,NTPC
2021-11-24,115.96397399902344,117.63467503490806,114.42178339924936,115.23571333229165,7570759,NTPC
2021-11-25,115.83544921875,117.12060585891355,113.35081827708291,116.0924831614406,13919886,NTPC
2021-11-26,110.39495086669922,114.85015754435354,109.66669027229447,114.12189694994879,13323593,NTPC
2021-11-29,108.38152313232422,110.82332552311824,107.13920789289568,109.49532796098968,16077669,NTPC
2021-11-30,109.02410888671875,110.90900245713608,106.83934023936072,109.49533554764506,22883512,NTPC
2021-12-01,109.4096450805664,113.90769246036221,107.824620168348,111.38022083303909,17010938,NTPC
2021-12-02,110.26642608642578,111.6372649281865,108.46720827741989,109.40965507864735,12916313,NTPC
2021-12-03,108.80992126464844,111.59442712378313,108.29585995182933,110.26642940707659,12827354,NTPC
2021-12-06,106.53947448730469,109.32398028812945,106.23960593916007,108.80991898607523,8158812,NTPC
2021-12-07,107.39624786376953,108.2958600646231,106.23960827456082,107.18205510515146,8701301,NTPC
2021-12-08,109.02410888671875,109.36681859133388,106.9678571956719,106.9678571956719,12093435,NTPC
2021-12-09,107.9959945678711,109.36682695451398,107.65328483704927,109.02411722369214,11518172,NTPC
2021-12-10,108.08167266845703,108.55289283880973,106.58232328374064,108.03883149995016,8389566,NTPC
2021-12-13,107.78178405761719,110.18074524175218,107.52475016765867,109.32396778743824,13223189,NTPC
2021-12-14,108.25300598144531,109.19545269958279,107.09636653024734,107.09636653024734,11649242,NTPC
2021-12-15,108.5528793334961,110.05222853167501,107.86746647917198,108.08165922176897,11916145,NTPC
2021-12-16,109.15262603759766,109.83803891140576,108.16733808631432,109.28114299413791,10758513,NTPC
2021-12-17,107.56759643554688,109.40964876668525,106.32527462395264,109.15262140116633,13041775,NTPC
2021-12-20,104.3118667602539,107.48191676993264,102.04142235711674,106.66798695401734,14185935,NTPC
2021-12-21,104.69740295410156,106.83933023660481,103.54076352887847,105.85404891596798,10168470,NTPC
2021-12-22,104.99728393554688,106.15392342612267,104.22618876294845,105.42566941625226,7885198,NTPC
2021-12-23,106.7108383178711,107.43909241277208,105.211488960339,105.4685163567864,9836979,NTPC
2021-12-24,103.88347625732422,107.09636727559197,103.58360773628127,106.92501570260843,8509575,NTPC
2021-12-27,104.39754486083984,104.65457877504976,103.32658111270517,103.883483569064,5097217,NTPC
2021-12-28,106.3252944946289,106.75368005386323,104.48323528259236,104.52607645317374,6511374,NTPC
2021-12-29,105.51134490966797,106.88217713675859,104.69740857662028,106.75366018557804,8960770,NTPC
2021-12-30,108.7242431640625,109.53817301405338,104.74025663503305,105.59702765045253,32394253,NTPC
2021-12-31,106.58232116699219,108.63857301823741,106.23961143567723,108.63857301823741,9155163,NTPC
2022-01-03,107.95315551757812,108.42438222378094,106.83935050472307,107.43909417958524,9034081,NTPC
2022-01-04,113.86486053466797,114.20757677823136,108.59572412027738,108.80991687002152,33986738,NTPC
2022-01-05,113.09378814697266,113.8220488302653,111.97998307329148,113.60785604968392,16122852,NTPC
2022-01-06,112.15132904052734,113.39365756402708,110.78050315774952,113.39365756402708,8037648,NTPC
2022-01-07,112.53689575195312,113.26514338528573,110.90902272341094,112.49405457980644,8820039,NTPC
2022-01-10,112.96526336669922,113.35080770814187,112.02281002247213,113.05093262408192,7324926,NTPC
2022-01-11,113.35081481933594,114.80732301909954,112.23700981717941,113.22229131526653,11971883,NTPC
2022-01-12,114.67880249023438,114.97866449341387,113.39364600243924,114.25041699430267,10439580,NTPC
2022-01-13,115.62126159667969,117.07776990576586,114.37894607049708,115.15003485963389,15114699,NTPC
2022-01-14,115.96397399902344,116.64938042266567,114.20759062353879,115.15003099269161,9344382,NTPC
2022-01-17,117.03492736816406,117.67750563759405,115.19286181849175,115.3642134090154,9803141,NTPC
2022-01-18,115.6640853881836,118.02020564609104,115.15001755714313,117.03492422209949,6473378,NTPC
2022-01-19,115.49273681640625,115.92112232902402,113.9077051904052,114.89299971339906,21136414,NTPC
2022-01-20,115.57841491699219,116.82074345725559,114.9358365989067,115.23571170999567,8466412,NTPC
2022-01-21,114.89299774169922,116.60653976276386,113.5650000607165,114.85015657651498,12437749,NTPC
2022-01-24,113.60784912109375,115.87828722747356,112.23701017966016,113.95055231980764,14284658,NTPC
2022-01-25,115.92111206054688,116.22097404884404,112.27983552584598,112.40834593893231,10007486,NTPC
2022-01-27,115.6640853881836,116.52085639105903,114.07905380354885,114.97866597122565,18760325,NTPC
2022-01-28,120.07645416259766,123.37502784470547,118.23440168450941,119.9479437379081,34009553,NTPC
2022-01-31,121.704345703125,122.8609789233495,118.70564664779495,121.66150453053363,27928927,NTPC
2022-02-01,120.93321990966797,123.50353287755283,120.33348283181905,123.37502245847371,17413984,NTPC
2022-02-02,120.93321990966797,122.30405872185501,120.5905167432651,121.66148047988379,10783943,NTPC
2022-02-03,120.49235534667969,122.21179606584988,120.18374778638355,121.24185583732176,9571728,NTPC
2022-02-04,118.33203125,121.19774742219055,118.06750091242188,120.80095864310931,7213085,NTPC
2022-02-07,119.16970825195312,120.22782968050626,118.33203999982594,118.33203999982594,10562489,NTPC
2022-02-08,119.03744506835938,119.61058294056329,117.09757828408577,119.4342338610061,8721631,NTPC
2022-02-09,119.08154296875,119.5665130580564,118.02343497226438,119.30198269529171,5144026,NTPC
2022-02-10,120.31600189208984,120.66871353268436,118.42022559672272,119.16971260566103,6081460,NTPC
2022-02-11,120.93321990966797,121.41818996412833,118.55247372499333,118.55247372499333,8426925,NTPC
2022-02-14,116.83307647705078,120.3160221037534,116.21584782053998,118.77294373518858,7705072,NTPC
2022-02-15,119.34608459472656,119.74287344903371,115.20180658097013,116.48036787923402,12674466,NTPC
2022-02-16,117.45028686523438,120.5364431223404,117.1416793122679,118.9492743563426,12946623,NTPC
2022-02-17,117.05349731445312,118.94927362170905,116.78896694599166,118.59657543347605,5811964,NTPC
2022-02-18,116.70079040527344,118.2438684089835,116.30398815494718,117.05348856714961,6760078,NTPC
2022-02-21,116.34807586669922,118.28794261744262,115.64266610609104,116.74486465248754,12212740,NTPC
2022-02-22,116.48033905029297,116.83303717692317,112.77694817510597,115.55448964967484,13578566,NTPC
2022-02-23,114.80500030517578,117.67071658580015,114.49639277846735,116.39216893612837,9263264,NTPC
2022-02-24,109.69081115722656,113.746900849825,109.0294919662392,111.98338300719205,18045779,NTPC
2022-02-25,114.9372787475586,115.5104166544729,110.21986321991689,110.21986321991689,10424521,NTPC
2022-02-28,117.71480560302734,118.11159439167368,113.57054172964045,113.70280017433183,13262687,NTPC
2022-03-02,115.46632385253906,119.03745004479757,115.0254444079287,117.09758317942656,12587947,NTPC
2022-03-03,116.48033905029297,117.67070531859821,114.84907994184334,116.48033905029297,15628119,NTPC
2022-03-04,114.80500030517578,117.5825487729859,114.40821151108072,116.39216893612837,15883138,NTPC
2022-03-07,114.67274475097656,115.06953355507953,111.89520294039667,113.74689523835448,14985637,NTPC
2022-03-08,117.93524169921875,119.74284996384075,115.06952554577978,115.06952554577978,28572640,NTPC
2022-03-09,115.9512939453125,118.11160053322693,115.59859577141447,118.11160053322693,14286413,NTPC
2022-03-10,117.2298355102539,119.03744382969332,116.34807666707098,117.18574487718031,13101323,NTPC
2022-03-11,116.34807586669922,117.62662348960473,115.9512870809109,117.18574407104613,8669803,NTPC
2022-03-14,116.52442932128906,117.18574847397419,115.28997228477256,116.34808023815422,5670284,NTPC
2022-03-15,115.55451202392578,117.22984863166303,115.20180037443066,115.77495175939508,6895190,NTPC
2022-03-16,117.05349731445312,117.27393704574212,115.99538929518067,116.74487630881917,5561866,NTPC
2022-03-17,117.18576049804688,118.42023111580126,116.30400153732546,117.71482125630932,13995384,NTPC
2022-03-21,117.18576049804688,117.62663997840758,116.12765243609597,117.18576049804688,9172207,NTPC
2022-03-22,117.14165496826172,118.28793057616979,116.17171496434025,117.53844371365841,10343712,NTPC
2022-03-23,117.67072296142578,117.93525332334605,116.56852433223563,117.1857528736675,11892811,NTPC
2022-03-24,119.39015197753906,119.65468234354833,117.58255696138453,117.7148154171025,11276181,NTPC
2022-03-25,118.81700897216797,120.05146602121853,118.33203889769355,119.91920757116766,7266868,NTPC
2022-03-28,118.8611068725586,119.47833543481265,117.97934793946034,119.47833543481265,7778682,NTPC
2022-03-29,118.46430969238281,119.30197792885963,118.06750743680252,119.03744757666362,5116935,NTPC
2022-03-30,119.3019790649414,119.87511695468007,117.67071975634255,119.03744871022636,24047012,NTPC
2022-03-31,119.03744506835938,119.56650576160324,118.4202165626231,118.4202165626231,11615450,NTPC
2022-04-01,126.04743194580078,126.48831139538706,120.62462009771885,121.68272808581129,32589741,NTPC
2022-04-04,127.23782348632812,128.7368110611943,124.76889565177392,125.07751667655855,15437496,NTPC
2022-04-05,131.47024536132812,132.79288359049815,127.63458911490635,128.20772696571797,23958626,NTPC
2022-04-06,134.90911865234375,136.93716691777087,130.76485429968977,132.57246282875684,52737388,NTPC
2022-04-07,135.3499755859375,139.31789017966204,134.2036864568361,134.8650055557902,37738903,NTPC
2022-04-08,134.07144165039062,136.58444640917935,133.32194121354303,136.58444640917935,17585569,NTPC
2022-04-11,134.99729919433594,136.31993760530105,133.89510051853168,134.4241478101735,15583159,NTPC
2022-04-12,134.55638122558594,135.43813991394606,133.01330352095567,134.64454902168004,11306524,NTPC
2022-04-13,135.7467803955078,137.7307379268131,134.6886724030596,134.95320276481493,19454061,NTPC
2022-04-18,143.90304565429688,144.38801572627676,136.23174613563214,136.58444430366876,82098517,NTPC
2022-04-19,141.65455627441406,146.68059256835895,140.64053896153607,145.40203145050515,38522118,NTPC
2022-04-20,141.52230834960938,143.903054771118,140.19966995381864,142.9772052031498,20047692,NTPC
2022-04-21,143.462158203125,144.07938668999688,141.39003303615706,142.49223156791828,21966151,NTPC
2022-04-22,141.47821044921875,143.72669829754895,140.94916319080582,142.18362024834215,9922564,NTPC
2022-04-25,137.642578125,141.8750103412718,137.0253360934343,139.8469755103807,12008027,NTPC
2022-04-26,138.4361572265625,139.71470503232612,137.55439826333597,138.965217986328,11735823,NTPC
2022-04-27,137.2457733154297,140.72873188412666,136.84898448425147,138.25980416685584,17873048,NTPC
2022-04-28,140.81690979003906,141.16962146323706,136.89308492591175,139.31792217902773,29123808,NTPC
2022-04-29,137.730712890625,141.96315754563253,137.28983351936526,141.43409691829257,28941216,NTPC
2022-05-02,138.87704467773438,139.62654522131714,134.9091291155134,136.31994891946633,13368198,NTPC
2022-05-04,139.89108276367188,142.7567999806456,138.70071599244423,139.31794470210784,24511385,NTPC
2022-05-05,139.6706085205078,141.74274737879233,138.4361514057256,140.72872999554792,33396072,NTPC
2022-05-06,140.19964599609375,141.39002573071926,137.59846028645154,137.95115841656292,22604305,NTPC
2022-05-09,140.19964599609375,140.90505571088772,137.51027902663807,140.15555536618703,22958742,NTPC
2022-05-10,137.0694122314453,142.18361631541023,136.23174400453257,140.15556824449297,20322427,NTPC
2022-05-11,134.5123291015625,138.39206305901098,132.30793174970003,135.83496751267998,13794764,NTPC
2022-05-12,130.98532104492188,134.9091464702996,130.5003508340153,133.23380951034218,11818556,NTPC
2022-05-13,127.10554504394531,132.263840193314,126.53240711827038,132.263840193314,22913410,NTPC
2022-05-16,130.7207794189453,131.29391742073955,124.90116429569838,126.44424263622555,16286682,NTPC
2022-05-17,132.7047119140625,132.92515163484998,129.00132729574742,130.05943526461274,13925542,NTPC
2022-05-18,130.9412078857422,133.05742404550026,129.7949185264673,132.70472583706533,17611218,NTPC
2022-05-19,130.5003204345703,130.98529053250536,128.5163628603961,130.0594409736427,11701170,NTPC
2022-05-20,131.91111755371094,133.10148382209155,130.19167718620932,133.10148382209155,17841739,NTPC
2022-05-23,132.3961181640625,136.98127606351144,130.85303980105675,136.143594188505,26055890,NTPC
2022-05-24,129.5303955078125,133.89511344916977,129.00134816507904,132.39611234165415,16581141,NTPC
2022-05-25,134.60047912597656,135.04135853805585,129.97124529914407,130.85300412330264,19926619,NTPC
2022-05-26,135.92311096191406,136.76079256907775,132.792878047204,135.04135217927544,22698086,NTPC
2022-05-27,132.66062927246094,136.67263512345116,131.82296097390935,136.67263512345116,10245727,NTPC
2022-05-30,133.05743408203125,134.46825393133767,131.2057481662137,132.3079469689296,12513990,NTPC
2022-05-31,137.5543975830078,139.31791550073868,132.5724648472477,133.23378406639677,124665699,NTPC
2022-06-01,138.25978088378906,141.25775538624478,137.77481085865233,137.9511599256371,16084988,NTPC
2022-06-02,140.24375915527344,140.4641988856481,136.0113136411653,137.11351229303858,17646975,NTPC
2022-06-03,136.672607421875,140.59643120210498,136.40807710369268,140.19964245211693,14063328,NTPC
2022-06-06,136.84896850585938,139.89103379580106,136.31992127758414,137.37802918870665,18485464,NTPC
2022-06-07,138.65658569335938,139.05337450363405,135.34998985011552,136.8489772748048,14911957,NTPC
2022-06-08,138.480224609375,140.8609707193511,137.64255642590197,137.64255642590197,16416591,NTPC
2022-06-09,136.80487060546875,139.3178885336318,136.40808184169862,136.9371424964397,13821409,NTPC
2022-06-10,136.89308166503906,138.08346167004302,135.79088293987772,135.87906421972033,7908849,NTPC
2022-06-13,131.2938995361328,136.5844531258425,130.2798821466012,135.79087546921545,19208167,NTPC
2022-06-14,133.498291015625,134.42414054417054,131.29389378317035,131.29389378317035,17034328,NTPC
2022-06-15,130.63258361816406,135.52634850246366,130.10353631865055,134.51233108746572,15172295,NTPC
2022-06-16,126.04743194580078,132.3960933289285,125.20976368250147,132.35201614762832,18494040,NTPC
2022-06-17,123.843017578125,127.3700526872468,123.04944006040107,124.4161688561,21387729,NTPC
2022-06-20,121.02140808105469,124.68070210568362,119.03745057152919,123.8430338481319,16578770,NTPC
2022-06-21,123.40215301513672,124.54844225423183,121.46228616297653,121.85907496950908,51398446,NTPC
2022-06-22,121.37410736083984,123.40215552438896,120.40418064232372,123.40215552438896,8317317,NTPC
2022-06-23,120.3600845336914,122.69674013365203,119.61058411996764,121.59454155733619,11257409,NTPC
2022-06-24,120.44827270507812,121.59454852648706,118.99336242821002,121.59454852648706,21879039,NTPC
2022-06-27,122.12360382080078,122.6085738915091,120.58052579418415,121.02140523036033,12872030,NTPC
2022-06-28,122.2117919921875,122.82902054677969,120.93323079140744,122.12361071814288,14272044,NTPC
2022-06-29,124.98931884765625,126.17969869470102,120.6246151661129,121.5063740292357,53487394,NTPC
2022-06-30,126.00333404541016,126.92918352707758,124.46025606082185,125.4742868091518,19270932,NTPC
2022-07-01,124.0193862915039,126.26787422071932,123.22580864805062,125.20976621125716,9592229,NTPC
2022-07-04,124.68070220947266,125.3861120154724,122.8731072407253,122.8731072407253,17526429,NTPC
2022-07-05,124.19573974609375,127.19371446251473,123.62258841927316,124.68069635127043,11370649,NTPC
2022-07-06,122.52039337158203,125.20976063961506,120.00738864275591,124.76888120074318,15929985,NTPC
2022-07-07,123.843017578125,125.87106545678428,123.00534943062281,123.44622881926304,18144208,NTPC
2022-07-08,126.70875549316406,127.14963495796601,124.32800907414827,124.32800907414827,15375888,NTPC
2022-07-11,127.6786880493164,129.61855488732786,126.6205800880895,126.97327825697423,16779135,NTPC
2022-07-12,129.70672607421875,130.5884848824607,127.01735901816649,127.01735901816649,19138561,NTPC
2022-07-13,131.02938842773438,131.69070765575879,130.05944817813557,130.27988792081038,13644449,NTPC
2022-07-14,130.76486206054688,131.64662105831917,129.618572672528,131.38209066807258,9775869,NTPC
2022-07-15,132.0434112548828,132.3961094757371,130.6325914623163,130.89712185524436,11518139,NTPC
2022-07-18,132.08750915527344,133.6305875018197,131.6466296276888,133.49831557079904,8286352,NTPC
2022-07-19,132.92515563964844,133.3219444581059,131.60251727507483,132.08748736633314,6798359,NTPC
2022-07-20,132.74880981445312,134.24779730693274,132.39609816914563,134.1155388490509,7271345,NTPC
2022-07-21,133.01332092285156,133.36601906251056,132.26382055786172,133.1455793615808,7521568,NTPC
2022-07-22,131.33795166015625,133.49825771821932,130.63254203080086,133.14555963082643,6800124,NTPC
2022-07-25,132.3520050048828,132.66061252086763,129.92716823630587,131.5584139896963,7996687,NTPC
2022-07-26,132.2638397216797,133.10150801566894,131.51433924809407,132.2638397216797,5774871,NTPC
2022-07-27,131.99929809570312,132.7487985053786,131.42616022094356,131.86703964908858,5403197,NTPC
2022-07-28,132.5724639892578,133.10151128840877,131.42617465923658,132.30793361239537,6030744,NTPC
2022-07-29,134.86505126953125,136.18768991575988,132.66065352581685,133.10153307455974,11771461,NTPC
2022-08-01,137.99526977539062,139.05337777923936,133.14559575772512,134.82093230927117,14221965,NTPC
2022-08-02,140.68463134765625,141.16960142033955,138.03935471982658,138.52432479250987,18278835,NTPC
2022-08-03,140.77281188964844,141.91910122292416,138.61250513919072,141.12552354465768,10147608,NTPC
2022-08-04,136.40811157226562,141.52231634932429,134.95321463648546,140.81690647411372,15754128,NTPC
2022-08-05,137.20169067382812,138.5684062096722,134.9091121444462,136.14356922668378,33864055,NTPC
2022-08-08,140.5523681640625,141.08142890428297,136.62854361357682,137.11351371635,16964235,NTPC
2022-08-10,139.96823120117188,141.22636712016612,139.2942268775707,141.00169901229907,14055597,NTPC
2022-08-11,138.08099365234375,140.95675598751305,137.36206678120251,140.37261076389694,15810624,NTPC
2022-08-12,142.43959045410156,142.88892670159083,137.13742821878967,138.12595973567366,17998843,NTPC
2022-08-16,142.66424560546875,143.60785438192525,141.04663251906516,142.88891370878443,8309725,NTPC
2022-08-17,145.0906524658203,147.06772895189545,142.88890788558544,142.88890788558544,19674110,NTPC
2022-08-18,144.5065460205078,146.16908197863802,143.69773251337412,145.09067768178107,9585888,NTPC
2022-08-19,141.76559448242188,145.27041193543565,141.2263854684252,144.73121663409384,9599472,NTPC
2022-08-22,140.64224243164062,142.84398725433363,140.19290619383986,141.3611831546526,11400211,NTPC
2022-08-23,142.57437133789062,143.06864390237277,139.87835412724547,140.5972947926147,14362373,NTPC
2022-08-24,144.5065460205078,146.483622850188,141.99026018607182,142.79905998055088,20602844,NTPC
2022-08-25,142.7990264892578,145.5399798140516,142.39462668686397,145.00078464841027,12889454,NTPC
2022-08-26,146.8430633544922,148.0113402065173,142.799037590857,142.88891031510988,30724938,NTPC
2022-08-29,144.64132690429688,146.84307164629388,144.41665879363077,145.40520396562286,10928330,NTPC
2022-08-30,147.38229370117188,148.68536611636475,145.18054876341085,145.4052168940529,24663153,NTPC
2022-09-01,144.41665649414062,147.60694635733196,144.05719300785978,145.13559717935533,14554158,NTPC
2022-09-02,145.40521240234375,149.53909765086468,144.91093978766895,146.48361665358163,25106698,NTPC
2022-09-05,147.83160400390625,148.37081290782632,145.76465482241545,146.12413199591285,15226001,NTPC
2022-09-06,151.38134765625,151.74082480731659,148.10119921459307,148.99987152328276,27866331,NTPC
2022-09-07,150.347900390625,152.9091085903916,149.7637550831093,151.4263045648769,19415892,NTPC
2022-09-08,149.8985595703125,152.05536785255765,149.13468254266382,150.97696371143508,11595205,NTPC
2022-09-09,149.7188262939453,152.19017537692508,149.13468101037677,150.66242133732467,16415150,NTPC
2022-09-12,149.5391082763672,151.06686259621733,148.730308458633,150.48271720549374,15469466,NTPC
2022-09-13,150.43777465820312,151.83071980946795,148.86509774511643,150.0333747659403,15644741,NTPC
2022-09-14,154.88619995117188,155.51526791433474,148.2809520563287,148.2809520563287,38751148,NTPC
2022-09-15,157.3575439453125,158.30113900250768,155.1557855781166,156.72846229031214,29483891,NTPC
2022-09-16,155.29061889648438,156.99809125107816,153.94261007570353,156.32408684068776,26126152,NTPC
2022-09-19,153.67298889160156,156.45887897060422,153.26858903178592,155.91967001574778,13304030,NTPC
2022-09-20,154.48178100585938,155.60512151262873,153.5831086004439,154.48178100585938,15395199,NTPC
2022-09-21,151.5161895751953,154.61660696974016,151.1117759784969,153.67299809853412,7370283,NTPC
2022-09-22,151.5611114501953,152.45978394907024,149.94351192234373,150.0783073121133,7447846,NTPC
2022-09-23,147.3373260498047,151.42628790185086,146.16904927598412,150.2130747689119,12264388,NTPC
2022-09-26,142.5294647216797,147.24749537106334,140.7321197123907,145.98934563696852,21951865,NTPC
2022-09-27,142.88890075683594,145.2703769510559,141.54089225912995,143.24836420449694,8367800,NTPC
2022-09-28,141.94529724121094,143.29330578806508,139.29421650826154,141.81050187158635,14261815,NTPC
2022-09-29,143.38316345214844,145.31530334800752,141.99021869081602,142.6642228934623,17623352,NTPC
2022-09-30,143.4730224609375,145.18050800200984,141.45100985286675,143.78756324058654,12015533,NTPC
2022-10-03,144.10211181640625,147.47213301218142,142.8439623423927,143.65277565696957,10528629,NTPC
2022-10-04,146.0792236328125,147.38229606893987,145.00081933093657,145.54001462554717,9013773,NTPC
2022-10-06,146.3937225341797,148.37081270407006,145.94438635241406,147.6069357100077,6456408,NTPC
2022-10-07,147.6519012451172,148.14617388525264,145.0008199914057,146.57349693832919,8825983,NTPC
2022-10-10,147.3373260498047,148.82014362480245,145.450122380696,146.21398563510252,10484521,NTPC
2022-10-11,144.731201171875,147.7417456592057,144.0571968327132,147.7417456592057,13805741,NTPC
2022-10-12,148.28094482421875,148.55054928461146,144.82105062659264,145.4950549212482,12496248,NTPC
2022-10-13,148.05628967285156,149.89857098187304,147.60695343712212,148.14616240505893,9447511,NTPC
2022-10-14,148.37083435058594,150.52764285266701,148.14616622692526,149.40430223436354,9588164,NTPC
2022-10-17,151.38134765625,151.9205565265243,147.38225862511106,148.37080364973022,13426449,NTPC
2022-10-18,150.0333709716797,152.28005221927194,149.53909835467857,151.83071596975347,20635735,NTPC
2022-10-19,147.4272003173828,151.06682604179764,147.24746859167192,149.6289448108073,6947654,NTPC
2022-10-20,150.0333709716797,150.88710710323392,145.1356085944594,147.38228984205165,12020720,NTPC
2022-10-21,148.32586669921875,151.38134705149693,147.83159418888374,150.52761110418254,7414335,NTPC
2022-10-24,150.0333709716797,150.9320434707166,149.40430296488466,150.0333709716797,685185,NTPC
2022-10-25,152.19020080566406,152.5047279684592,148.6853696566047,150.48271474453625,8131380,NTPC
2022-10-27,153.3584442138672,154.1223212620347,150.572567917189,152.6844398934793,16225577,NTPC
2022-10-28,156.41392517089844,156.99805671300484,152.6844266929326,153.3584309550485,16185760,NTPC
2022-10-31,155.5601806640625,156.36898024925685,151.92055510538577,152.68441833303578,24233760,NTPC
2022-11-01,163.37863159179688,164.4120992815254,155.91964854426706,156.36898470721886,41101936,NTPC
2022-11-02,162.61477661132812,164.18745339424746,161.76104052884543,163.46851269381082,22146420,NTPC
2022-11-03,160.0984649658203,163.42356345021713,159.28966537984064,161.17688269732798,16719953,NTPC
2022-11-04,159.02008056640625,161.3116979596166,158.48088534677913,160.90729811673307,14881752,NTPC
2022-11-07,158.03155517578125,161.31170411989893,157.13288272943083,159.82890006848208,12799401,NTPC
2022-11-09,155.82980346679688,159.73903426293447,154.79633559375787,159.73903426293447,14929008,NTPC
2022-11-10,154.6615447998047,156.54874884740653,153.26859966367795,155.91968083153927,10668583,NTPC
2022-11-11,154.077392578125,156.00954662047027,152.45977938603357,155.4703376522219,16963169,NTPC
2022-11-14,154.077392578125,155.82980115595169,153.76286544052488,154.88620603049756,10224241,NTPC
2022-11-15,154.6615447998047,156.5038124792758,154.0324630712831,154.8412765596733,13899999,NTPC
2022-11-16,152.7293701171875,155.4253872903511,152.0104294618134,154.66152398554624,9781274,NTPC
2022-11-17,151.24655151367188,153.49323227378983,150.5276109279039,152.72935533028928,12778124,NTPC
2022-11-18,149.04483032226562,151.9205794005312,148.3708259892665,151.4712431785318,11134908,NTPC
2022-11-21,147.74172973632812,149.35934271850874,147.5170616474878,148.28093863460563,12788632,NTPC
2022-11-22,150.1232452392578,150.5276451254221,148.1461684637234,148.5056319819463,15198091,NTPC
2022-11-23,151.02191162109375,151.20164337291416,149.40429842940256,150.84217986927334,12004998,NTPC
2022-11-24,152.32496643066406,152.7743026148253,150.61749441591215,151.60602579347565,10986350,NTPC
2022-11-25,152.5496368408203,153.89764541378779,151.51616908660617,152.99897303180947,12358833,NTPC
2022-11-28,153.1337890625,154.48179781732009,152.2351165592866,152.77432554627632,5471921,NTPC
2022-11-29,152.9091339111328,154.21222012148326,151.92060230131307,153.67301108874133,7693168,NTPC
2022-11-30,154.7513885498047,155.33553385254174,152.5496438552492,152.86418468846554,9133076,NTPC
2022-12-01,154.7513885498047,156.05446082105973,153.53818900594086,155.91966544262584,9214914,NTPC
2022-12-02,154.7064666748047,155.33554840015262,153.80779416734103,154.9311348016706,6376672,NTPC
2022-12-05,157.40248107910156,157.85181732393215,154.03245924287197,155.51527707840535,9861212,NTPC
2022-12-06,157.44740295410156,158.1663436221875,156.23420343231842,157.80688014447088,7008295,NTPC
2022-12-07,154.43687438964844,157.26768727554665,153.94260177282305,156.4588875117626,7718718,NTPC
2022-12-08,153.08885192871094,154.97605577937966,152.77431109727306,154.43686055603982,4225180,NTPC
2022-12-09,152.32496643066406,154.34697925938968,150.97695787818031,153.8527067142819,6174919,NTPC
2022-12-12,151.7857666015625,152.77431175089416,150.57256705936774,152.77431175089416,7153044,NTPC
2022-12-13,152.05538940429688,152.77433017116266,151.0219214793773,152.549662038558,5166993,NTPC
2022-12-14,154.2122039794922,156.0994079712373,152.28004990829248,152.72938615099187,8562333,NTPC
2022-12-15,154.6615447998047,156.41395345566866,154.3020675674132,154.57167206354325,10644546,NTPC
2022-12-16,152.59457397460938,155.56019559267494,151.92056968471502,154.4817777587221,9433166,NTPC
2022-12-19,154.39193725585938,154.79633713574415,152.3249877765378,152.59459226734566,7706855,NTPC
2022-12-20,152.5496368408203,154.077377147653,151.47123272497677,153.80777269052905,7387632,NTPC
2022-12-21,150.93203735351562,153.71792747268088,149.71883775657864,152.77431864440533,8454254,NTPC
2022-12-22,149.08975219726562,151.56110140538135,147.87655263178254,151.4263060245454,6979001,NTPC
2022-12-23,146.4835968017578,149.49415473642534,145.89946524435769,147.65187362921023,5313321,NTPC
2022-12-26,148.86508178710938,150.75229936556963,145.49506019175385,145.58493291935787,8321609,NTPC
2022-12-27,148.460693359375,151.15671084306578,147.87656172297028,150.07830659212027,9244387,NTPC
2022-12-28,149.04483032226562,150.61750709926358,148.10122151353622,148.28095325980533,9652984,NTPC
2022-12-29,149.8536376953125,150.4377693287034,147.38228834801347,148.2809608379404,19571340,NTPC
2022-12-30,149.58401489257812,150.79722809051015,149.17961506415156,149.85361934907993,8626291,NTPC
2023-01-02,150.9769744873047,151.47124708678788,149.5390930547451,150.12323838600838,7322962,NTPC
2023-01-03,150.61749267578125,152.05536022089387,149.89855204689897,150.97695613389644,9629995,NTPC
2023-01-04,149.7188262939453,151.4262983571249,148.01134051811323,150.84216678620885,11995082,NTPC
2023-01-05,152.68441772460938,153.08883122824608,150.21306890867888,150.97694584593597,18887530,NTPC
2023-01-06,151.87562561035156,154.70643799909328,151.47122579948154,153.17869776211123,13216749,NTPC
2023-01-09,153.1337890625,153.6729980494897,152.28005292697813,152.99899367207968,6012344,NTPC
2023-01-10,150.93203735351562,153.40338662570454,150.21309664089358,153.13378214438958,7557693,NTPC
2023-01-11,149.22454833984375,151.69589733347584,148.73027579858692,151.3813565219528,8463293,NTPC
2023-01-12,149.13470458984375,150.25804525971702,148.77524106054616,149.9884407564165,7628932,NTPC
2023-01-13,150.79722595214844,151.11175305306355,148.7302767651477,149.35934467963,5090393,NTPC
2023-01-16,149.13470458984375,151.56111769423907,147.96642755064462,151.56111769423907,10321015,NTPC
2023-01-17,150.70736694335938,151.15670316782536,148.99989477544997,149.71883547712622,13015434,NTPC
2023-01-18,152.28004455566406,152.5047126691167,150.16817251680138,150.5276360132642,5536057,NTPC
2023-01-19,151.60604858398438,153.13378909726313,150.3479125642617,153.13378909726313,6812613,NTPC
2023-01-20,151.60604858398438,152.68445284555443,150.66243971286528,152.68445284555443,8545359,NTPC
2023-01-23,149.94351196289062,152.32498860049154,149.17963485357873,152.2351158655181,7787735,NTPC
2023-01-24,149.22454833984375,150.57255688182488,148.64040307739404,150.25801607030184,7033092,NTPC
2023-01-25,149.08975219726562,149.71883387490854,147.7417435382934,149.17962492625838,9257370,NTPC
2023-01-27,149.44921875,150.1232230314528,147.3822695443476,149.40428238870604,13756671,NTPC
2023-01-30,151.7408447265625,154.7963254921445,150.1681679799079,150.61750419323778,30768122,NTPC
2023-01-31,153.8077850341797,155.1557937153299,150.39284067872183,152.6395218139722,24990701,NTPC
2023-02-01,152.77432250976562,156.18928069663235,150.25803680825047,154.79633560180665,13878016,NTPC
2023-02-02,149.9884033203125,153.5381699212377,148.7302675691386,152.77429297132062,19898080,NTPC
2023-02-03,152.66268920898438,153.4926226790914,149.89622554734513,151.69442411321828,11730514,NTPC
2023-02-06,153.1237335205078,153.86145981898173,151.2794248098024,151.69439145551937,7588936,NTPC
2023-02-07,152.38604736328125,154.64532331483787,151.51000330912206,153.53874061111242,8699758,NTPC
2023-02-08,152.6165771484375,152.84711578461338,151.32556641423722,152.70879823129252,8839686,NTPC
2023-02-09,153.07763671875,153.67703147510807,151.83272259897856,153.03152618265474,5507650,NTPC
2023-02-10,152.15550231933594,152.89322878113722,151.3255688441607,152.2477234036718,9468345,NTPC
2023-02-13,154.7836456298828,155.10639127727023,151.97107146028642,152.2477206373054,9829152,NTPC
2023-02-14,153.1237335205078,155.38300887693018,152.01715110827632,155.38300887693018,12916373,NTPC
2023-02-15,152.89320373535156,153.53870900707528,151.4177510534463,153.07763180284982,11855678,NTPC
2023-02-16,154.36866760253906,154.6453167845288,152.70880065252445,153.0776568478695,7923121,NTPC
2023-02-17,154.9680633544922,156.44350208159432,153.49261055642936,153.9997983351985,10182025,NTPC
2023-02-20,154.82974243164062,156.76627260395654,154.23034760595135,154.64531433688714,6679716,NTPC
2023-02-21,159.76327514648438,160.68542969278442,155.8902288662165,155.8902288662165,26883881,NTPC
2023-02-22,157.2273406982422,159.71715500947673,155.38303171644463,159.48661638675205,12225021,NTPC
2023-02-23,156.39739990234375,158.2878052626842,155.84410160553765,157.6422999637172,11184381,NTPC
2023-02-24,157.68844604492188,157.8728741617759,156.212992968163,156.99683005349678,8338893,NTPC
2023-02-27,158.9794464111328,159.9938220931342,157.227358310544,157.8267531683869,17669762,NTPC
2023-02-28,157.2273406982422,159.53272692548916,156.62794590754234,159.34829884150156,19044910,NTPC
2023-03-01,158.84112548828125,159.57885196221605,156.72016715232948,157.64232172700747,9318790,NTPC
2023-03-02,157.50396728515625,158.79497775899375,156.9967795736634,158.79497775899375,7725981,NTPC
2023-03-03,159.16387939453125,161.37704466440124,158.14950377111322,158.61058104158295,12962719,NTPC
2023-03-06,163.03689575195312,163.68240099803526,159.25605719910786,159.44048525928002,12402804,NTPC
2023-03-08,164.92735290527344,165.20398802358366,161.79201887845554,162.0225575243556,22099710,NTPC
2023-03-09,165.48062133789062,168.0165461995135,164.1435001341362,164.51235630380606,18874546,NTPC
2023-03-10,166.6793975830078,166.9099361688764,163.9590450839499,164.14347313845306,12399692,NTPC
2023-03-13,165.711181640625,167.41717330819438,165.48064298668118,167.18663465425055,13669178,NTPC
2023-03-14,164.05126953125,166.9099539285765,163.40576423632598,164.74288536244575,9217542,NTPC
2023-03-15,164.32791137695312,165.57282544617894,163.91294471086437,165.48060437773276,8548173,NTPC
2023-03-16,165.6189422607422,165.98779840659506,163.17522456384685,164.32791760833712,9405016,NTPC
2023-03-17,163.17523193359375,167.55546570048827,162.20696691829863,167.55546570048827,47276890,NTPC
2023-03-20,162.2991943359375,163.72853664570192,161.33092928280928,163.72853664570192,5627841,NTPC
2023-03-21,163.3135528564453,163.72851952984584,161.65367209188346,163.08301425222726,12894327,NTPC
2023-03-22,160.7776641845703,163.95909482044277,160.27047632761375,163.95909482044277,7893205,NTPC
2023-03-23,161.00819396972656,162.16088718522872,160.17824641198774,160.50100614071317,5759884,NTPC
2023-03-24,159.25607299804688,161.56145915630165,158.93332737846748,161.56145915630165,4977283,NTPC
2023-03-27,157.91896057128906,160.40877494566604,157.41177277424012,159.20997126290342,12077986,NTPC
2023-03-28,158.61058044433594,159.532734981803,157.22734863813534,158.01118562336697,8750986,NTPC
2023-03-29,160.45486450195312,161.74587502473452,158.33390658227566,159.2099504420887,20272070,NTPC
2023-03-31,161.46926879882812,163.4518954709371,161.00819151964353,161.192619617125,8125121,NTPC
2023-04-03,163.9590606689453,164.23570981247605,161.79199212740795,161.93032373465329,9098662,NTPC
2023-04-05,162.2069854736328,164.4201649147596,161.51536953658612,164.4201649147596,10829323,NTPC
2023-04-06,161.56146240234375,162.85248711948154,161.23871677627983,162.66804496634705,7159274,NTPC
2023-04-10,163.77464294433594,164.14349911170825,161.56146372721955,162.1608725879006,10968456,NTPC
2023-04-11,164.2357177734375,165.75726703017025,162.80637552171123,164.2357177734375,9208605,NTPC
2023-04-12,162.11477661132812,164.42016304189036,161.65369932521568,164.14351385603047,7591360,NTPC
2023-04-13,159.57884216308594,162.39141625733672,158.88722627454695,162.299195177147,9944382,NTPC
2023-04-17,156.39739990234375,160.40876330582734,156.07464021738016,158.93332463261137,17401126,NTPC
2023-04-18,156.85848999023438,157.45788480179812,155.84411438655275,156.7662689095501,16199789,NTPC
2023-04-19,154.09202575683594,156.72015769346973,153.8153765869373,155.61357508483647,16314641,NTPC
2023-04-20,156.48960876464844,156.95068599381415,153.8153664638715,154.09201561556299,15498083,NTPC
2023-04-21,156.48960876464844,156.7201473792313,155.29080515462553,156.4434982275398,6672391,NTPC
2023-04-24,157.64231872558594,157.91896790691453,155.10639369350412,155.38304287483268,8088991,NTPC
2023-04-25,157.78065490722656,159.02555515270552,157.0890389694175,157.9650830097832,9175412,NTPC
2023-04-26,156.6279296875,158.333906876419,156.30517002072537,157.78062268175313,9032416,NTPC
2023-04-27,157.64231872558594,158.01118899101132,155.65969205616125,156.7662747105137,9054900,NTPC
2023-04-28,158.61058044433594,159.07165771306947,156.3974151827996,158.51835936220462,21552892,NTPC
2023-05-02,161.93032836914062,162.29918452376504,159.1177544595083,159.20996146268422,8893428,NTPC
2023-05-03,162.6219482421875,164.74289229027715,161.46925514172108,161.93033238190765,11194149,NTPC
2023-05-04,162.6219482421875,163.63630972802153,161.192605983417,162.7141552476484,4671155,NTPC
2023-05-05,160.68540954589844,162.66803594347533,159.5327165075491,162.62193947870932,5958697,NTPC
2023-05-08,163.2674560546875,163.7285333019072,160.91595927967487,161.19260844219886,6287186,NTPC
2023-05-09,162.2991943359375,164.7428981677248,161.56146791112738,163.4057769376721,7918748,NTPC
2023-05-10,163.2674560546875,163.5441052172115,161.3309259879804,162.29919102133394,6231734,NTPC
2023-05-11,165.5728302001953,165.98779687819882,163.17522306134848,163.77463188154013,12125975,NTPC
2023-05-12,161.33091735839844,165.29618428657813,160.91595067228943,165.15786674819518,8920297,NTPC
2023-05-15,162.25308227539062,162.99080869328654,160.31656625824505,160.45488380555506,7980565,NTPC
2023-05-16,163.63629150390625,164.1434792258183,161.83809328163548,163.12910378199422,7874923,NTPC
2023-05-17,162.2991943359375,164.00518581387587,161.423150362521,163.6363155659902,6639494,NTPC
2023-05-18,161.46926879882812,163.86686220801084,161.0542879907925,163.22135683134482,6921939,NTPC
2023-05-19,159.8093719482422,161.69979141981918,159.48661225640203,161.37703172797902,6657753,NTPC
2023-05-22,160.54710388183594,163.26745683931338,159.67104585113967,159.8093774685469,13339834,NTPC
2023-05-23,160.59320068359375,161.97643243477359,159.34830055010852,161.3309270984152,8359389,NTPC
2023-05-24,161.33091735839844,161.65367704257218,159.94768569072832,160.45487344973273,8507023,NTPC
2023-05-25,160.9159698486328,161.884234945582,159.90159420974095,161.33093658419338,7986243,NTPC
2023-05-26,160.9159698486328,163.45189487490066,160.54711365501495,161.37704712613606,6926193,NTPC
2023-05-29,162.57583618164062,163.95906788924796,161.1926044740333,161.3309220164098,9943211,NTPC
2023-05-30,163.03689575195312,164.14347818394523,161.93031331996104,163.22132381212532,9727639,NTPC
2023-05-31,160.31655883789062,163.22133976463988,158.56445691761485,163.22133976463988,41785992,NTPC
2023-06-01,160.82373046875,161.10037961797153,158.47224787776767,160.08601816543958,11602551,NTPC
2023-06-02,160.9620819091797,162.2069821276064,159.9015957183399,162.2069821276064,7262018,NTPC
2023-06-05,160.54710388183594,162.4836198868886,160.03991609326468,162.11476371572456,12239684,NTPC
2023-06-06,161.7458953857422,162.0686550925471,160.03991798523944,160.91596195533126,4889564,NTPC
2023-06-07,163.54409790039062,164.14349266657547,161.74588545991554,162.25307322335826,6270083,NTPC
2023-06-08,167.87823486328125,169.9991930947375,164.235727286955,164.83512210257982,27382635,NTPC
2023-06-09,168.56985473632812,169.9069760210805,166.4950069965863,169.6764373833314,10235269,NTPC
2023-06-12,171.24407958984375,171.93569543154018,168.4315056860862,168.5698372970017,17450400,NTPC
2023-06-13,170.9213409423828,172.12013052676974,170.59858124137963,171.52073573457628,8332566,NTPC
2023-06-14,172.6273193359375,173.73390192014355,170.92134195598342,170.92134195598342,15061573,NTPC
2023-06-15,172.16624450683594,172.71954284219746,170.92134435871426,172.4428936745167,9840499,NTPC
2023-06-16,173.54949951171875,174.01057682926898,171.56687267463792,172.3506956718955,8562558,NTPC
2023-06-19,171.38243103027344,173.54948580908146,170.78302212220675,173.54948580908146,5363723,NTPC
2023-06-20,172.90396118164062,173.36503841145833,170.18360833990823,171.52072949218748,6035600,NTPC
2023-06-21,172.90396118164062,174.01054371901105,171.98180672200522,172.90396118164062,5906854,NTPC
2023-06-22,170.1375274658203,173.31895809204553,169.07705528073285,172.90399132705315,6683123,NTPC
2023-06-23,172.16624450683594,172.9039709303309,169.44589151172428,170.18361793521927,15255365,NTPC
2023-06-26,170.50634765625,172.81173372013092,170.0913809789434,172.81173372013092,7231775,NTPC
2023-06-27,171.56683349609375,172.3967668497776,170.41414046544406,170.50634746532012,6787438,NTPC
2023-06-28,174.37940979003906,175.76264144653024,170.87522011273606,171.56683594098166,32476741,NTPC
2023-06-30,174.42552185058594,176.73090815086312,173.36504978084298,173.45727086123858,9579059,NTPC
2023-07-03,176.36204528808594,177.60695947144495,174.01054853671928,175.20935218162785,7352149,NTPC
2023-07-04,178.94407653808594,179.6356923860268,174.2871936810922,176.22372368371072,13258826,NTPC
2023-07-05,178.3446807861328,179.58959503219887,177.3764297847053,178.89797913348696,6558910,NTPC
2023-07-06,181.43389892578125,181.8027550995331,177.74528090441848,178.436896783424,16276609,NTPC
2023-07-07,177.60696411132812,182.35605420561842,177.19198332539347,181.4338996963612,12652336,NTPC
2023-07-10,176.63870239257812,178.29858335472704,175.02493197095362,177.6530639293081,10238356,NTPC
2023-07-11,177.42251586914062,177.9297036460336,175.94707714749646,177.6530544885501,11236383,NTPC
2023-07-12,175.9470672607422,179.58957442854117,175.43987951234894,178.66742000272066,9191559,NTPC
2023-07-13,173.2728271484375,176.86923818723352,172.3967831763712,176.86923818723352,10612659,NTPC
2023-07-14,172.8578643798828,173.68781190207918,170.36804995521675,173.31894164633806,12369394,NTPC
2023-07-17,171.98179626464844,174.24107173918784,171.3362909963457,173.77999453740594,9058800,NTPC
2023-07-18,172.76565551757812,174.42552240225845,171.79739045420703,172.44289580613398,7177677,NTPC
2023-07-19,177.56088256835938,181.2956117549456,175.3938134893259,176.1315400313988,31761232,NTPC
2023-07-20,177.88360595703125,179.12852022015056,176.91535494234031,177.69917786237403,8936996,NTPC
2023-07-21,179.91233825683594,181.06503131570608,177.14587491554758,177.79138021432283,11031250,NTPC
2023-07-24,180.65008544921875,181.6644611653291,177.9297321190574,180.28122922752203,9981788,NTPC
2023-07-25,185.03030395507812,185.67582339379828,180.65006986326927,181.20336821904033,18028061,NTPC
2023-07-26,185.90634155273438,186.4135152402043,184.4308888138396,185.8141204799434,13857423,NTPC
2023-07-27,186.22909545898438,187.19736048256914,184.9841953466275,186.04466737614936,16013422,NTPC
2023-07-28,193.65245056152344,194.0674172842487,183.96982803344727,186.13689679906793,39630520,NTPC
2023-07-31,201.35244750976562,201.90573178589187,193.32969183180106,195.68118870048164,43494779,NTPC
2023-08-01,207.62307739257812,209.00630912489635,201.81351537361033,202.45902070116665,63510580,NTPC
2023-08-02,202.04405212402344,207.6230754692568,199.96920454476654,207.53086846386623,22647784,NTPC
2023-08-03,202.96621704101562,206.19375788583255,200.9835763651941,202.04406251392507,29868065,NTPC
2023-08-04,200.9835662841797,204.90272282773594,200.66082065846325,204.44164558731754,12879897,NTPC
2023-08-07,200.9835662841797,204.1188999616011,200.70691712573654,202.59733662564403,12929354,NTPC
2023-08-08,200.61473083496094,203.24286293414042,197.3410792757732,203.1506559191122,15314866,NTPC
2023-08-09,201.67520141601562,202.59735598496948,199.60035363586945,201.44466277377717,12554174,NTPC
2023-08-10,200.4763946533203,203.65783912523182,199.64646118210277,202.1362756667172,10970619,NTPC
2023-08-11,199.1673126220703,202.44001494215127,198.8400366829223,200.94391674583147,7970536,NTPC
2023-08-14,199.1673126220703,200.10237042780773,198.04524610875535,199.4478328173615,9283695,NTPC
2023-08-16,203.3282928466797,203.7958216940015,198.27898700274355,199.12053322078353,9687712,NTPC
2023-08-17,201.7387237548828,205.52571076236833,201.17768335827384,205.19843481970477,11865239,NTPC
2023-08-18,201.17767333984375,202.58025999366888,199.44782502750232,201.78546945054418,14101163,NTPC
2023-08-21,204.59063720703125,205.2919305149156,201.69195249396972,203.0945391097384,13336739,NTPC
2023-08-22,207.3022918701172,207.86333220438425,204.6373859519696,205.01140332958207,16930149,NTPC
2023-08-23,207.3022918701172,208.4243582708029,206.69451006453485,208.4243582708029,13507905,NTPC
2023-08-24,206.50750732421875,207.95683540510146,205.38542662336286,207.58281801671538,11182959,NTPC
2023-08-25,203.74908447265625,207.44257411644563,203.0945468804902,207.44257411644563,7413549,NTPC
2023-08-28,204.49713134765625,205.0581717165277,203.09454469332684,203.74908227844404,4851793,NTPC
2023-08-29,206.7412872314453,207.34906910002132,204.0763667692431,204.9646688340272,8799235,NTPC
2023-08-30,206.08673095703125,207.58282912634292,205.47894910141378,207.58282912634292,5490930,NTPC
2023-08-31,205.99322509765625,207.25554449895105,204.54388273215577,207.25554449895105,18532999,NTPC
2023-09-01,215.71780395507812,216.60610589764298,202.11271185544948,203.70232132596837,29859815,NTPC
2023-09-04,220.48663330078125,221.14117091079504,215.5308240800772,218.5230062028901,21895573,NTPC
2023-09-05,219.36456298828125,221.5151844885226,216.65288683969723,221.5151844885226,13952922,NTPC
2023-09-06,216.8398895263672,220.53337910439103,213.56718735596067,220.2061031802107,14623019,NTPC
2023-09-07,218.89703369140625,222.54375335435887,214.4555092021911,217.86846441834294,30334731,NTPC
2023-09-08,224.6476287841797,227.78007801442865,219.738575501695,220.67363326978733,28856420,NTPC
2023-09-11,227.3125457763672,228.06058056552433,222.6839984783254,227.7800746535149,22493483,NTPC
2023-09-12,219.83206176757812,229.04237116601598,218.8970041067511,228.34107792039572,21174310,NTPC
2023-09-13,221.74896240234375,222.96454045533332,218.00873101951458,220.76716307863146,9151928,NTPC
2023-09-14,222.4969940185547,223.66581623368458,220.62687847434688,222.4969940185547,7568464,NTPC
2023-09-15,220.8606414794922,223.75932626128258,220.29961538059192,220.29961538059192,14098284,NTPC
2023-09-18,225.5359344482422,226.42423648868856,220.72039257203068,221.60869461247705,11163399,NTPC
2023-09-20,226.05023193359375,230.0242277380106,224.74115666986714,225.8164674745104,18936709,NTPC
2023-09-21,223.4320526123047,227.1255279721276,221.70220428826073,224.46062187254117,10134737,NTPC
2023-09-22,222.4969940185547,223.75932771803468,220.67363421652195,223.1047901311318,7209300,NTPC
2023-09-25,224.0865936279297,224.6476340089733,221.74894915333059,223.61906473300988,8027642,NTPC
2023-09-26,224.60086059570312,227.40603374452834,223.52554992912616,224.18008747694904,10681642,NTPC
2023-09-27,223.75933837890625,224.88140490532123,222.40350739832775,224.32036450818876,9679279,NTPC
2023-09-28,221.65545654296875,225.53594074433335,220.34636704926933,224.03985681019813,32887087,NTPC
2023-09-29,229.60342407226562,235.16701460599484,223.94632206018196,223.99307779935918,35038887,NTPC
2023-10-03,225.5359344482422,230.67875225570475,224.92815259631823,228.48137502595316,14885044,NTPC
2023-10-04,219.8788299560547,225.3489236437587,216.4658747864321,225.3489236437587,25424437,NTPC
2023-10-05,218.6632537841797,221.98269727977254,216.98014703264687,221.84244432874837,22472389,NTPC
2023-10-06,220.2528533935547,222.0762131320162,218.47623512778927,219.03727547863073,8825123,NTPC
2023-10-09,219.4580535888672,220.95415171316876,215.530813847387,218.6632630529594,10659145,NTPC
2023-10-10,220.5801239013672,221.4684402038539,218.56975538782746,219.64506612430696,11665907,NTPC
2023-10-11,223.19827270507812,224.1333304158391,220.67361973959314,220.9073841672834,14313043,NTPC
2023-10-12,225.9099578857422,226.98526859004878,223.10478463849134,223.43204628996122,13170027,NTPC
2023-10-13,226.33071899414062,227.9670699680964,224.03983048417217,224.92813244503566,11880728,NTPC
2023-10-16,227.63980102539062,229.08914335734354,225.3489124453869,227.0787749493063,6936948,NTPC
2023-10-17,229.97744750976562,231.1462696807523,227.49955021441343,228.94889256000664,10084205,NTPC
2023-10-18,226.2839813232422,230.77226149231439,225.90996392075675,229.9307009349481,6987265,NTPC
2023-10-19,223.94635009765625,226.09698595842715,223.01129226843847,224.60088772453864,11485237,NTPC
2023-10-20,225.34893798828125,226.42424879021385,222.12299131463317,223.43206657505985,9040953,NTPC
2023-10-23,221.1879119873047,225.25540460914345,219.73856963190744,225.1619073955413,7058625,NTPC
2023-10-25,216.9801788330078,220.9541747300671,213.520467611491,220.6736545190575,23949207,NTPC
2023-10-26,216.60614013671875,218.14899411354094,212.95942031486658,215.8581052886415,17410264,NTPC
2023-10-27,221.23468017578125,222.96452853716355,216.93340860830432,216.93340860830432,10519462,NTPC
2023-10-30,219.36456298828125,222.91777117190585,215.67107330775903,222.02946912599973,8812268,NTPC
2023-10-31,220.48663330078125,221.79570852080883,218.38275323926206,219.27105530055576,6583581,NTPC
2023-11-01,217.4944610595703,221.32818967403185,217.02693213576887,221.32818967403185,6718059,NTPC
2023-11-02,219.9723358154297,220.3931089496046,218.569749189614,218.9905223237889,6057787,NTPC
2023-11-03,221.2468719482422,222.09654478452845,220.2555773688219,220.2555773688219,6825146,NTPC
2023-11-06,222.66299438476562,223.93750359019216,221.43567801960648,222.1909507370605,5338605,NTPC
2023-11-07,225.77845764160156,226.15610118090788,222.04931592542331,223.08781765148066,7002346,NTPC
2023-11-08,223.46546936035156,227.4306332870592,222.7574038589527,226.43935310960444,9777991,NTPC
2023-11-09,224.64556884765625,226.2977216130497,222.8046015044865,223.93750337677335,13987058,NTPC
2023-11-10,229.17718505859375,229.64922869414184,222.61578140560113,224.55116319247395,9589671,NTPC
2023-11-13,231.9622344970703,236.58827066650812,229.696430858802,231.25416905940793,18792969,NTPC
2023-11-15,233.4727783203125,235.03051651064783,232.19825477867224,235.03051651064783,10965645,NTPC
2023-11-16,238.2404327392578,240.03419282307848,233.80321096394468,234.88891998783933,22145147,NTPC
2023-11-17,237.53236389160156,238.9484948025476,236.9659057649717,238.85408031289975,5618928,NTPC
2023-11-20,237.01312255859375,241.119893722414,236.30505707459415,236.96591531186795,6283832,NTPC
2023-11-21,236.0218048095703,238.66525190456304,233.4727721987525,238.47643734184092,6851869,NTPC
2023-11-22,239.46774291992188,239.79817924412416,235.40817896903263,236.77710270170198,5275418,NTPC
2023-11-23,238.61805725097656,241.4031118135319,237.62676273735423,239.79816633728208,8200025,NTPC
2023-11-24,239.70375061035156,242.48881956415394,238.8540778348505,239.137306895227,7149443,NTPC
2023-11-28,243.14968872070312,243.85775424267518,239.46775376870033,240.60067012835958,6151585,NTPC
2023-11-29,243.9521484375,245.0378430519115,241.780759208677,245.0378430519115,8637363,NTPC
2023-11-30,246.69000244140625,247.02043876197428,241.68635122569017,243.5273330036704,21687673,NTPC
2023-12-01,253.91226196289062,260.04882871451554,247.11482265197344,247.68128072975898,29121320,NTPC
2023-12-04,259.4351501464844,263.40032789739877,257.97182651600076,260.5680663071041,20464526,NTPC
2023-12-05,269.4897155761719,270.52818849653744,257.54698887940503,259.81282131612767,18883076,NTPC
2023-12-06,265.3829650878906,272.1331840114384,263.3531830075595,271.8971621692776,13415314,NTPC
2023-12-07,267.9319763183594,272.1331765176366,265.571757961745,266.0910232869557,25133786,NTPC
2023-12-08,269.1120910644531,275.5790952576272,265.28854877213445,270.4338364205108,20815064,NTPC
2023-12-11,271.2362365722656,272.36915271812524,268.49838949956825,270.05612759168446,8071675,NTPC
2023-12-12,267.5542907714844,272.4635554433936,265.14688007946825,271.3778609903521,8640883,NTPC
2023-12-13,277.6088562011719,278.41133616021585,268.592834102889,268.82885592547507,23629670,NTPC
2023-12-14,278.8833923339844,281.810068827781,277.1840466595265,281.1020033282137,24900443,NTPC
2023-12-15,288.0410461425781,289.83480628239994,278.50575847983055,281.3380204304729,28843558,NTPC
2023-12-18,286.2472229003906,289.40989166573337,284.87828506818846,288.89065528041647,13307504,NTPC
2023-12-19,292.33660888671875,295.0272632901764,285.58639086489075,287.9466089712122,15650536,NTPC
2023-12-20,281.0075378417969,295.8297178009819,278.64731993818486,295.027237951503,23497233,NTPC
2023-12-21,285.06719970703125,286.200087291343,276.80643502215923,279.2610391937983,17868637,NTPC
2023-12-22,285.8695983886719,291.6757578345257,282.8485365746254,287.002514575974,15207726,NTPC
2023-12-26,292.2894287109375,293.32793048495756,287.5689922938076,289.31555953039714,9917180,NTPC
2023-12-27,288.9378967285156,294.7912493122202,286.57767855948265,294.17759835052306,12630732,NTPC
2023-12-28,296.3490295410156,297.85957514552723,290.54289778458326,291.8174215387418,37591916,NTPC
2023-12-29,293.7527160644531,296.7738065214485,290.92045456524016,296.7738065214485,12682889,NTPC
2024-01-01,292.43109130859375,295.7825902736625,290.5901092334776,294.5552880977603,8024960,NTPC
2024-01-02,288.8907165527344,293.4223241114112,285.16156015769747,293.4223241114112,13506040,NTPC
2024-01-03,289.07952880859375,290.7788743419336,286.34165272195344,290.0236160629507,14259987,NTPC
2024-01-04,299.3700866699219,303.760086824481,291.34534467145073,293.51673392300455,40057506,NTPC
2024-01-05,297.3403015136719,307.44201816209477,295.2161051254336,304.8457781320258,27456415,NTPC
2024-01-08,298.7564392089844,300.5501993263362,295.1216973222731,298.7564392089844,10136462,NTPC
2024-01-09,301.8719177246094,303.47687767798476,298.3787831490316,300.07815759576874,12229517,NTPC
2024-01-10,295.8297424316406,301.8718950057037,290.77886993512664,301.7774805194476,14455000,NTPC
2024-01-11,295.4048767089844,299.5588545928614,294.88564027772026,297.3402727399559,10316319,NTPC
2024-01-12,295.1689147949219,297.67074059984236,292.383874299354,297.5763549104669,12341629,NTPC
2024-01-15,299.55889892578125,300.21977158269954,292.2894437559744,297.29309509118247,9706124,NTPC
2024-01-16,294.08319091796875,299.5116928370003,292.80866731385765,299.5116928370003,10162832,NTPC
2024-01-17,292.0062255859375,296.53786245927733,289.9292505621771,292.43107644668424,13502940,NTPC
2024-01-18,282.5653381347656,293.8943865674794,279.96909786893536,291.67580429841433,32481018,NTPC
2024-01-19,291.2037353515625,292.147822639055,284.83114616098817,286.81370641571635,28651237,NTPC
2024-01-23,285.68084716796875,297.67073961635,283.5094289055577,295.92420101102726,21652362,NTPC
2024-01-24,291.5813903808594,293.3279577799721,281.5740584830813,286.01128065258274,23922028,NTPC
2024-01-25,297.1514587402344,299.4644840023494,291.91178608361434,292.6670443509854,32525422,NTPC
2024-01-29,306.4035339355469,307.5364502653257,298.4732060608724,300.030944405874,24694773,NTPC
2024-01-30,297.81231689453125,305.8370580441437,296.9154225356609,303.85446917434143,20918448,NTPC
2024-01-31,299.7477111816406,302.10792937992125,295.12168927526204,300.73899130041553,20931224,NTPC
2024-02-01,303.9961242675781,308.669368137189,299.3701020518451,302.1551424253049,24020951,NTPC
2024-02-02,313.9090576171875,315.04197401128766,305.0346419009387,305.8843147908834,32346639,NTPC
2024-02-05,317.3077392578125,321.98095398772887,314.42825577896815,319.1014993201417,19651482,NTPC
2024-02-06,318.5946960449219,320.3106342341467,313.6374960209353,320.3106342341467,12024661,NTPC
2024-02-07,315.25811767578125,322.12189932359104,314.2571295176651,322.12189932359104,8080437,NTPC
2024-02-08,315.44879150390625,319.595676344339,312.6842113078097,318.35639080240543,17754869,NTPC
2024-02-09,309.7289123535156,319.357302516559,304.67640547311805,317.4030381232624,18304439,NTPC
2024-02-12,301.3875427246094,311.44493369630254,299.81459439131015,310.92059819015185,11714289,NTPC
2024-02-13,306.5353698730469,308.8233263320677,301.14919965196634,303.67545339184574,15426888,NTPC
2024-02-14,312.6842346191406,313.9712029886801,303.4848414618187,305.91575908783267,14085723,NTPC
2024-02-15,323.40887451171875,324.9818226886184,314.73378908213067,315.54410453464675,21973316,NTPC
2024-02-16,321.9789123535156,326.9361122784451,321.0732605485046,325.9351241109213,20307449,NTPC
2024-02-19,322.9322204589844,325.9351268011953,321.74058864917265,324.5051686294212,8496898,NTPC
2024-02-20,329.5577087402344,330.3203414702357,322.0265723417457,324.69584508189797,19340526,NTPC
2024-02-21,320.4059753417969,331.7979582903083,319.07135349791184,330.79699918053814,17751633,NTPC
2024-02-22,323.6948547363281,324.36218019006014,315.162788392604,323.17054837451985,16083122,NTPC
2024-02-23,321.9789123535156,324.12384959347247,319.214332396086,324.12384959347247,9665454,NTPC
2024-02-26,321.8359680175781,322.6939372167734,318.9283685575674,322.21728442915634,7711995,NTPC
2024-02-27,320.4059753417969,322.21724992225325,318.49936439551135,320.4059753417969,8882923,NTPC
2024-02-28,317.7366943359375,320.7872834080509,316.3067361632419,320.0246506863093,12977628,NTPC
2024-02-29,319.9293212890625,320.31063765823603,315.1627939429578,317.7367012543099,13149469,NTPC
2024-03-01,327.46038818359375,328.27070355074267,319.3572926972457,319.9292817265609,13027254,NTPC
2024-03-04,337.3271179199219,341.56930944799126,329.6053384458433,331.75027557238894,38075510,NTPC
2024-03-05,341.5216979980469,343.14232899752415,337.0411504766042,338.32811873000367,15918221,NTPC
2024-03-06,335.515869140625,342.6656601088789,328.89038453968016,342.6656601088789,13120921,NTPC
2024-03-07,335.7542419433594,337.374843998093,333.3709779576529,335.56356918747167,9172926,NTPC
2024-03-11,331.7026672363281,336.65983848351686,330.5110353366324,335.8018693342511,10664917,NTPC
2024-03-12,328.6520690917969,333.132616551108,326.55478536774166,331.7503119476296,9637912,NTPC
2024-03-13,307.4410095214844,328.41372955085694,304.58109315384263,327.7940868230493,23722232,NTPC
2024-03-14,306.82135009765625,311.68321347659827,301.72116036771286,306.0586883189086,20859127,NTPC
2024-03-15,301.530517578125,310.8252461897208,291.473156204659,307.5840133129101,43285007,NTPC
2024-03-18,302.3408203125,307.8223266982901,300.24356575956807,302.29316667660964,13690352,NTPC
2024-03-19,298.8136291503906,303.05582129106284,295.62004981562166,299.6239155744839,13388060,NTPC
2024-03-20,299.0042419433594,302.6268200285703,293.9040520804449,301.24451551969446,10026655,NTPC
2024-03-21,309.8243103027344,311.11127864096886,302.1978657414363,302.4361921339769,23370426,NTPC
2024-03-22,309.58599853515625,311.9692625731482,306.1540925019321,309.34767213135706,14709219,NTPC
2024-03-26,313.7328796386719,314.8768289062614,305.1531292151489,305.1531292151489,11208959,NTPC
2024-03-27,316.1160888671875,318.49935246073903,311.0635525933144,316.4974052236411,45209520,NTPC
2024-03-28,320.1199645996094,324.1238592032676,314.8767845242624,316.4020790919691,19868037,NTPC
2024-04-01,326.3641357421875,328.31840033224563,320.45363015006274,323.17055657696807,8580656,NTPC
2024-04-02,328.69970703125,329.4623688456532,324.8388316015551,326.9837688608464,9745257,NTPC
2024-04-03,334.84857177734375,337.56549839177484,326.03049550989766,328.27076935311544,21679943,NTPC
2024-04-04,338.08978271484375,345.7639092855542,336.1831717545541,338.4234454514093,28962927,NTPC
2024-04-05,337.9944152832031,341.4740032399819,335.13449910562395,339.75803607789135,11208130,NTPC
2024-04-08,346.52655029296875,348.90981405014185,336.755168888559,338.99544263881677,11447140,NTPC
2024-04-09,345.95458984375,349.7678121712481,343.523672247001,347.956537384202,10010148,NTPC
2024-04-10,345.5732421875,351.15008515579945,344.4769466859719,347.09853679911845,12886638,NTPC
2024-04-12,344.8582458496094,357.01289031286444,344.14326676353556,345.5732249356832,30924494,NTPC
2024-04-15,344.2862548828125,348.9097920993652,336.3261486161293,338.9000849489736,18126999,NTPC
2024-04-16,342.4750061035156,345.0489426298416,338.0421412793547,344.14329075398507,15328939,NTPC
2024-04-18,334.75323486328125,344.38162664473583,332.8943065141011,342.7609955882007,22966560,NTPC
2024-04-19,334.1811828613281,335.9448035987468,326.9837390185031,327.0790753731743,12867942,NTPC
2024-04-22,326.8884582519531,338.42346090701733,325.93515272827136,338.42346090701733,37382916,NTPC
2024-04-23,330.94000244140625,332.36996070840866,327.93709589921633,329.84370692188617,14651106,NTPC
2024-04-24,335.2298583984375,336.65981658505893,331.0829738387206,333.4662374830896,11132307,NTPC
2024-04-25,342.4273681640625,343.7619901271113,332.79897620712,334.61025094929886,19865014,NTPC
2024-04-26,339.3767395019531,344.52458310285004,338.4234340539139,343.8572867447667,10986589,NTPC
2024-04-29,346.0498962402344,346.66953899625423,340.28240960659383,342.9039997296259,13652173,NTPC
2024-04-30,346.2405700683594,348.38550744850943,342.5226553353725,347.908854697365,14566548,NTPC
2024-05-02,351.8173522949219,355.2016039787771,346.2405388828888,346.2405388828888,27892188,NTPC
2024-05-03,347.9088439941406,362.63739609584326,343.52363300000525,354.9156159463444,26844664,NTPC
2024-05-06,340.1393737792969,351.6267219362613,337.85144651205155,350.62573375569707,15319437,NTPC
2024-05-07,332.84661865234375,341.7123775014994,330.6540275791264,341.52170475923015,10028071,NTPC
2024-05-08,338.85247802734375,341.76004839197395,329.0810958906137,329.0810958906137,9595776,NTPC
2024-05-09,329.891357421875,341.28336981097533,328.74740827470174,339.8534115575774,9043486,NTPC
2024-05-10,338.90008544921875,339.7104008953898,331.3212955299917,331.41663189293655,11699095,NTPC
2024-05-13,334.5148620605469,339.37672546294056,330.3203240812048,338.90007275863866,10691781,NTPC
2024-05-14,339.18609619140625,340.5684008479736,333.94291577247316,334.18124215515195,10891985,NTPC
2024-05-15,344.4769287109375,346.5265296012057,339.99638147796406,340.80669692553244,8538183,NTPC
2024-05-16,344.5722961425781,346.86022360062486,336.5645064005505,346.86022360062486,13114162,NTPC
2024-05-17,348.3854675292969,349.3864265549768,343.52360420619755,345.52555135012926,8509179,NTPC
2024-05-21,354.6296691894531,356.63161668887676,348.2901930184259,349.86314137776696,10939593,NTPC
2024-05-22,356.39324951171875,359.7298185980534,353.2950067886937,357.48954496442826,14001806,NTPC
2024-05-23,354.9156188964844,358.06154443894985,352.246375187036,357.5372089689184,15370357,NTPC
2024-05-24,357.44189453125,360.4924545534,351.4837353951282,355.5829372437504,13317821,NTPC
2024-05-27,352.3893737792969,362.7327443175096,350.8164255160146,362.2084379272739,21891930,NTPC
2024-05-28,348.3377990722656,355.82125253279617,347.0985136475597,355.2016098204432,10200096,NTPC
2024-05-29,347.5751953125,349.2434799576302,343.1899841410712,344.6199424083257,18146672,NTPC
2024-05-30,342.9040222167969,347.76585730791965,340.4730755786585,347.00322449550976,14425073,NTPC
2024-05-31,342.2366638183594,349.5294448472274,338.90009467249797,346.47888479798434,30515612,NTPC
2024-06-03,373.50506591796875,374.83971683004967,356.01193407938297,367.02260045603447,39261174,NTPC
2024-06-04,315.78240966796875,373.6003756120576,299.2902380981873,373.6003756120576,84042244,NTPC
2024-06-05,325.07720947265625,326.2688414721894,300.5772439252225,324.1239038730297,46418629,NTPC
2024-06-06,333.4185485839844,342.9516021532191,328.89034813859786,331.5595915009553,33171039,NTPC
2024-06-07,343.7619323730469,345.0965541118712,331.464298556083,335.5635001308803,23930193,NTPC
2024-06-10,347.86114501953125,352.81834488445253,344.9058923728502,347.9564813808899,16072588,NTPC
2024-06-11,350.2444763183594,354.5820343120741,347.8612122863991,351.5314447141336,11235777,NTPC
2024-06-12,353.9622802734375,356.53621646785444,348.3377842813627,352.2939958380932,12134524,NTPC
2024-06-13,352.6753845214844,358.8241875960236,350.7687735044039,358.8241875960236,11243702,NTPC
2024-06-14,351.24542236328125,353.53334973988905,349.0051486245418,352.7230342481014,10298434,NTPC
2024-06-18,352.3893737792969,354.8679739085229,351.48375100592835,354.43897479463897,10228382,NTPC
2024-06-19,345.5732421875,353.5810025327781,344.66759032956486,352.5323606690045,8337334,NTPC
2024-06-20,340.94970703125,347.8611719219554,340.3777179114352,345.57324453527144,14338604,NTPC
2024-06-21,342.999267578125,346.0022028297469,340.0916977765594,343.1422866606378,17931844,NTPC
2024-06-24,345.8115539550781,347.6228285018691,338.9477430389954,340.90203667815894,9335598,NTPC
2024-06-25,344.00030517578125,347.67053727259895,341.0450522240874,347.24153814849427,14983828,NTPC
2024-06-26,348.004150390625,349.7677713296745,342.8563066681199,346.04988581300825,15918394,NTPC
2024-06-27,359.5391540527344,363.30472231575226,347.09852924187913,348.0041519875216,55378829,NTPC
2024-06-28,360.6831359863281,371.3124863231485,359.11018775495035,360.30181961092967,25141039,NTPC
2024-07-01,352.4847106933594,364.1627031368851,350.6257533204211,363.92437676048667,23389211,NTPC
2024-07-02,353.1043701171875,355.2016539654993,348.09951597663013,355.2016539654993,13702830,NTPC
2024-07-03,355.249267578125,356.7745621057088,351.43604580545207,353.247320328957,9207317,NTPC
2024-07-04,355.5352783203125,363.0663855378561,354.39130014616035,356.4409010399906,14916930,NTPC
2024-07-05,362.0654296875,363.4477343469648,353.67635263665295,356.8699319897579,15946104,NTPC
2024-07-08,359.8251647949219,363.44771397919294,358.5858502163006,363.06639760599194,8898299,NTPC
2024-07-09,359.4438171386719,362.4944062908382,357.5372061917115,361.4934471807137,8355819,NTPC
2024-07-10,363.5906982421875,365.87862553784595,352.7230217683793,361.11209821665165,17715196,NTPC
2024-07-11,359.4915466308594,365.4020238797319,357.10828263714194,364.54405466050923,19873143,NTPC
2024-07-12,359.5391540527344,361.6840913713352,354.62963667534063,361.2551213631596,16151583,NTPC
2024-07-15,367.6422424316406,370.7881678846579,359.3008197110679,360.92145061952294,22951140,NTPC
2024-07-16,362.68511962890625,370.5975443076396,362.2561204807796,368.59559677067773,11893034,NTPC
2024-07-18,360.1111755371094,365.0206933559629,356.72695243381787,365.0206933559629,15709153,NTPC
2024-07-19,347.6228332519531,360.34946707428185,345.9545486821648,360.1111407071692,13330099,NTPC
2024-07-22,356.0595703125,359.634465596762,345.43022081914194,347.7181479825552,18715538,NTPC
2024-07-23,364.5916748046875,367.6422347373944,344.6675679636162,359.1101685601744,49882257,NTPC
2024-07-24,374.2677307128906,376.5556580063129,363.87670698135776,366.1646342747801,36868466,NTPC
2024-07-25,373.8387145996094,377.79492627372576,368.21421844064866,372.6947655512597,25973101,NTPC
2024-07-26,377.7949523925781,380.84554158422503,371.5031594602401,376.50801326078374,20381410,NTPC
2024-07-29,375.5070495605469,389.23464363403076,374.3154176254775,385.13544141442276,27751449,NTPC
2024-07-30,387.94769287109375,393.4291996092578,378.4622913132404,378.4622913132404,34447139,NTPC
2024-07-31,396.5750732421875,397.909695074007,389.4729358944505,390.3785877227783,29727771,NTPC
2024-08-01,403.6772155761719,404.53518468632683,396.1937617687037,400.29296367976303,28803487,NTPC
2024-08-02,400.1023254394531,406.3941183938803,394.0488297647423,396.813409864805,24233263,NTPC
2024-08-05,393.9534912109375,396.2414185537202,385.75505823110603,388.6149746827281,42489503,NTPC
2024-08-06,395.62176513671875,405.1071660824479,393.9534805849374,393.9534805849374,18230579,NTPC
2024-08-07,399.9935302734375,404.5094431491151,398.74446296171675,404.5094431491151,15556736,NTPC
2024-08-08,391.73040771484375,400.666115099696,389.90480723384377,400.0415814561878,16447385,NTPC
2024-08-09,394.56488037109375,400.04162374868645,392.2108641855873,397.59148936514947,10954753,NTPC
2024-08-12,385.14874267578125,393.94033202606795,384.42812011719695,393.94033202606795,26254763,NTPC
2024-08-13,380.680908203125,388.65578653162726,379.5279003213666,387.21454134053346,11355664,NTPC
2024-08-14,380.8250427246094,384.33206697128037,378.23078954366935,383.27514792266743,9424614,NTPC
2024-08-16,382.4583740234375,385.24480451218176,377.89443147269384,382.4583740234375,13844122,NTPC
2024-08-19,387.3106384277344,391.5382852134501,385.72527454836717,386.54195671619846,10677045,NTPC
2024-08-20,390.33721923828125,392.21084961950777,387.3106103566289,388.70379637658596,10126083,NTPC
2024-08-21,392.93145751953125,393.6520800512417,389.32834486097903,391.5382422293421,9726854,NTPC
2024-08-22,387.5508117675781,393.98835559622273,386.4938928338584,393.7481480804777,10445288,NTPC
2024-08-23,386.2056579589844,390.00091913816664,383.8996423356456,387.55081419112753,11513586,NTPC
2024-08-26,398.600341796875,399.65726068897834,386.2056403369135,386.6860553494873,13772637,NTPC
2024-08-27,393.60400390625,399.8974580039009,393.0755591347684,399.2248652745565,8441188,NTPC
2024-08-28,393.02752685546875,398.1679735741486,391.39413333623094,393.98835692168154,15884745,NTPC
2024-08-29,393.84423828125,396.43849118894053,387.9351392384066,393.0275268605173,19014705,NTPC
2024-08-30,399.8974914550781,402.779981698179,395.38157834533723,396.53458617146043,22633988,NTPC
2024-09-02,393.9403381347656,402.6838978456129,391.73044064972186,401.4348011313733,11107165,NTPC
2024-09-03,390.4813232421875,395.4295920945257,389.7126709373954,394.4207322792103,7538160,NTPC
2024-09-04,389.2322692871094,392.25887815923033,384.235941167711,384.3320300396623,11052003,NTPC
2024-09-05,387.4547424316406,392.40301164103147,386.1095861400889,389.47249153007215,14246871,NTPC
2024-09-06,379.3357238769531,388.79990652892644,377.31800406022086,387.4547502103688,17956121,NTPC
2024-09-09,374.5796203613281,377.366021786975,370.2078258128648,375.87674686081084,12293356,NTPC
2024-09-10,380.7769470214844,383.75552611864373,374.48352175865654,374.8198181493725,15852309,NTPC
2024-09-11,374.3874206542969,383.6594247113386,372.32164192483253,383.3711874271179,11492592,NTPC
2024-09-12,388.9920654296875,390.3372216830461,375.3482665059757,375.68456289986716,24028069,NTPC
2024-09-13,385.67718505859375,391.3460766192792,383.7074951397629,388.9920605360675,12017217,NTPC
2024-09-16,394.99725341796875,395.8619946291736,386.25369378865963,386.6860790553656,11479712,NTPC
2024-09-17,399.9935302734375,401.29065668004324,394.0364016731159,395.7178542277737,14432501,NTPC
2024-09-18,397.9277648925781,403.3084191120582,396.8228161841097,402.10738153280846,10303840,NTPC
2024-09-19,407.34393310546875,414.9344850400012,404.07708730384036,407.3919628816425,59601773,NTPC
2024-09-20,407.34393310546875,413.01282483772934,400.2337668992966,411.28331306236,36084164,NTPC
2024-09-23,411.57159423828125,413.6373731643233,408.3528074212251,410.75488275899704,14139629,NTPC
2024-09-24,411.33135986328125,414.550146470297,410.2744409191886,414.550146470297,12539885,NTPC
2024-09-25,419.0179748535156,419.8827160014345,408.97728948112103,411.3313347436495,19443168,NTPC
2024-09-26,417.57672119140625,420.79550753524273,413.6853421229934,420.79550753524273,20041825,NTPC
2024-09-27,419.7866516113281,425.16730586639505,416.51983523860395,418.92191041299037,53885913,NTPC
2024-09-30,425.83990478515625,430.88426272411255,416.6159301180519,419.7866576650844,20903229,NTPC
2024-10-01,422.861328125,430.21167244300176,421.61223141570485,428.5302197868873,15984996,NTPC
2024-10-03,418.29736328125,425.1672921946432,415.0785767866347,415.0785767866347,13563784,NTPC
2024-10-04,413.5893249511719,422.1407069080299,409.60185661044045,415.94334108393554,18347292,NTPC
2024-10-07,399.1768798828125,416.03943654026097,393.0275437371532,413.73345014674265,23431004,NTPC
2024-10-08,404.4614562988281,410.9470596979186,395.1894220556948,397.7836751442145,18706355,NTPC
2024-10-09,402.059326171875,408.11254345719044,400.6661109397255,407.82430618539627,13916492,NTPC
2024-10-10,406.14288330078125,413.0608422281992,404.02904541278286,404.22122315613063,15866037,NTPC
2024-10-11,405.9507141113281,409.93815313105705,403.1643127073131,407.3439294744393,8639087,NTPC
2024-10-14,407.87237548828125,409.31362063134935,403.54864005907683,407.96846436226065,8483177,NTPC
2024-10-15,409.8901062011719,410.46661009702905,406.9595569481505,409.9381359749074,9365964,NTPC
2024-10-16,407.6321716308594,412.58044080212534,404.7496813187967,408.6410315111982,6219440,NTPC
2024-10-17,401.3867492675781,408.92927094710126,400.28180058586076,407.0556406399501,11968387,NTPC
2024-10-18,408.3047790527344,409.26560919115974,398.21606259926824,401.3387605491506,8828971,NTPC
2024-10-21,408.3528137207031,411.95592678294463,402.68392170055165,409.3616736492471,9139781,NTPC
2024-10-22,399.465087890625,409.60183305229253,397.2551905343637,406.2869870179006,14242323,NTPC
2024-10-23,392.3069152832031,398.50428111257094,385.9654601265195,397.7836585427471,22522821,NTPC
2024-10-24,395.7658996582031,398.9846862546203,390.86566044060453,393.21970583914117,9400171,NTPC
2024-10-25,383.27508544921875,391.5382294066592,376.26103809915935,386.73407935258973,19642277,NTPC
2024-10-28,388.07928466796875,390.5774488770113,382.2182149950405,383.2751340052749,11716022,NTPC
2024-10-29,396.006103515625,398.07188228097175,388.60772964412655,392.9794946899117,20284308,NTPC
2024-10-30,392.4990539550781,398.55227121008124,389.9048012331028,397.92773757618477,12264297,NTPC
2024-10-31,394.57757568359375,396.9944419189493,390.08221038638476,395.3993161041669,12204072,NTPC
2024-11-01,397.6711730957031,401.63483959064007,396.70442660926784,398.29955241133376,2145479,NTPC
2024-11-04,387.6170349121094,400.52307754891115,380.6081225351178,400.08805930992804,13866505,NTPC
2024-11-05,389.695556640625,390.6623032313967,383.94340262442756,386.6986363086798,6665326,NTPC
2024-11-06,395.30267333984375,397.1394859537363,389.74388046717985,393.1758485510919,9700643,NTPC
2024-11-07,390.37225341796875,397.23615996997137,388.63212139194627,397.23615996997137,7589295,NTPC
2024-11-08,384.4267578125,390.758965385453,382.396584166952,389.7438638112974,7536509,NTPC
2024-11-11,379.4963684082031,387.56870846936687,378.77130845365724,384.9101553026986,12243693,NTPC
2024-11-12,367.6536865234375,381.67151094022915,366.4452533840589,380.07638509680186,10549517,NTPC
2024-11-13,368.66876220703125,374.7109274801806,366.73526931962346,371.23063438229457,20602407,NTPC
2024-11-14,360.1130676269531,372.3907598545337,359.00131506369064,367.4119918274149,15086601,NTPC
2024-11-18,354.5059509277344,367.3636674887354,350.5906099278422,367.3636674887354,16383636,NTPC
2024-11-19,354.5059509277344,365.91354774864834,352.9107956114292,355.76270956803853,17055094,NTPC
2024-11-21,344.3067321777344,352.234064636544,343.00161860792605,351.6056853630095,21276150,NTPC
2024-11-22,353.29754638671875,354.89267232928063,343.8717673137683,345.17685158319637,15949254,NTPC
2024-11-25,356.1494140625,364.6568011878135,355.27934809017864,361.5632005053791,18388844,NTPC
2024-11-26,349.6238708496094,358.0829028461915,348.2704316307087,357.6962101411859,11222231,NTPC
2024-11-27,357.01947021484375,359.2430048637975,349.33385325084475,351.7023644713081,14225274,NTPC
2024-11-28,350.01055908203125,359.48469249879605,347.6420478549115,357.406193421034,16837860,NTPC
2024-11-29,351.5573425292969,353.2491488258794,348.2220849605476,351.17064984777295,14280017,NTPC
2024-12-02,346.2886047363281,351.79904203112784,345.1284971464958,351.55735540847627,12510350,NTPC
2024-12-03,355.2309875488281,357.69617914453113,346.2885830702148,347.06196841320724,14205760,NTPC
2024-12-04,360.3547668457031,362.6749526029096,355.76272085638834,356.6811418553563,22035954,NTPC
2024-12-05,356.8744812011719,361.51488231902454,352.2824351122292,360.35477466387056,18758283,NTPC
2024-12-06,357.21282958984375,358.85631043100994,355.811035372216,357.16450406624074,9736086,NTPC
2024-12-09,357.5512390136719,360.886497110959,355.5210652354994,358.56631115137554,10878679,NTPC
2024-12-10,356.8744812011719,358.85632932016296,354.21592820231035,356.72947511996847,7913822,NTPC
2024-12-11,353.3458557128906,358.42127498099643,352.5724702921891,356.9711551901091,9998662,NTPC
2024-12-12,343.77508544921875,354.7959904228358,341.26153847210094,353.8292438549262,22538216,NTPC
2024-12-13,345.2735595703125,346.3853123154025,336.4761591694516,343.9201201631261,14269143,NTPC
2024-12-16,341.1648254394531,346.9653042947663,340.00474737004714,345.27349796196665,12168143,NTPC
2024-12-17,337.44287109375,342.083272230146,335.7027391068286,340.2947852141214,15646176,NTPC
2024-12-18,330.3856201171875,339.32802534347564,328.69381372302485,337.9262311014932,14672392,NTPC
2024-12-19,326.1802978515625,329.27389878131925,323.9084374346566,325.79360511103414,14513129,NTPC
2024-12-20,322.1683044433594,332.46414983259416,319.9931245934042,326.5669896721628,20375797,NTPC
2024-12-23,322.5549621582031,327.00200193578314,319.5097165994865,324.73014177196666,8884187,NTPC
2024-12-24,324.15008544921875,325.64856020646164,320.71814721978757,323.95675385338063,7755462,NTPC
2024-12-26,323.521728515625,326.1802815401117,321.2015426857165,324.1501078754055,9030212,NTPC
2024-12-27,323.8600769042969,328.69380939540576,323.08669150682414,325.45520272581047,9090597,NTPC
2024-12-30,320.3797912597656,325.6002165742575,316.5128051745475,323.8600846370144,36657549,NTPC
2024-12-31,322.26495361328125,323.4733867455474,315.35272199727143,319.12302746938934,8580998,NTPC
2025-01-01,322.5549621582031,323.52170865320915,317.8662357568717,321.92658283700155,7843971,NTPC
2025-01-02,326.76031494140625,327.3403687383043,319.0263429901304,322.5549617923477,16543382,NTPC
2025-01-03,328.5487976074219,333.04416284542174,325.84188975781973,326.8086362392288,8689629,NTPC
2025-01-06,316.6094970703125,330.3373099657643,315.594424987681,330.3373099657643,10538077,NTPC
2025-01-07,317.67291259765625,319.3647190088551,314.28929977525866,316.1261122640077,13891401,NTPC
2025-01-08,314.5793151855469,319.50972839261175,311.14737680270713,319.50972839261175,8993608,NTPC
2025-01-09,309.697265625,315.11105224806533,309.16553731666653,313.27421018643054,12403467,NTPC
2025-01-10,297.9996032714844,310.3256209250494,297.37122395832546,309.6972416118905,15941143,NTPC
2025-01-13,288.2838134765625,299.64308466934125,286.9786998219463,291.08737238103646,29630336,NTPC
2025-01-14,300.078125,302.30165977985166,290.2173278331477,290.4590144720818,22732888,NTPC
2025-01-15,310.6639709472656,313.51585521196364,302.15658466801193,302.15658466801193,21894626,NTPC
2025-01-16,314.6759948730469,316.41612682239185,310.95401483958733,313.90260945172975,14865186,NTPC
2025-01-17,315.30438232421875,318.0596159005053,312.59750377723475,314.48264185371033,7129232,NTPC
2025-01-20,324.8751525878906,325.79357357265724,313.7575677330373,315.3527230752912,17991880,NTPC
2025-01-21,313.5158996582031,327.00202605954723,313.03252637504045,326.56697830359525,12774630,NTPC
2025-01-22,311.6790771484375,316.12611711234416,306.7970189452083,316.12611711234416,11068145,NTPC
2025-01-23,312.88751220703125,314.28930649309245,308.923845486948,310.3256397730092,6477347,NTPC
2025-01-24,312.88751220703125,318.9296780904621,311.3890668690456,313.99926482902987,7492600,NTPC
2025-01-27,311.4857482910156,314.24095233932104,304.52516137281737,312.88751307821667,13803855,NTPC
2025-01-28,307.66705322265625,313.0808391642039,297.9029083195942,311.7757255751976,22008929,NTPC
2025-01-29,310.5673522949219,312.1624783205528,302.88170484947443,309.3589190175097,16056888,NTPC
2025-01-30,312.2591552734375,315.9327805931954,310.4706681429902,311.53409531537227,10375720,NTPC
2025-01-31,315.6691589355469,317.8613058725993,309.384992489505,314.159025160958,13195557,NTPC
2025-02-01,309.5311584472656,322.2943012327426,308.60557340577117,317.66643549106175,10097627,NTPC
2025-02-03,303.2469787597656,305.97497181609333,296.1833945155622,302.1265541020915,15881217,NTPC
2025-02-04,310.8951416015625,312.2104356494708,302.3213939161228,306.75441980108087,12141064,NTPC
2025-02-05,311.3822937011719,314.7435677661699,310.21313679767115,312.7462902666593,12226722,NTPC
2025-02-06,304.75714111328125,314.402611877744,303.3931444568907,314.30517717380957,13384442,NTPC
2025-02-07,308.8004150390625,311.04126425092375,304.07511502320597,305.4391114883777,8937447,NTPC
2025-02-10,302.5162658691406,308.7029973818034,301.0548346330578,308.36199081347183,6806132,NTPC
2025-02-11,297.7422790527344,304.3187199672192,296.3295502223903,304.3187199672192,13241830,NTPC
2025-02-12,298.37554931640625,299.5934087013712,292.2862523915816,298.3268468341657,7616083,NTPC
2025-02-13,298.8139953613281,300.6651357094654,295.3065543300232,298.2781193836465,9086906,NTPC
2025-02-14,292.62725830078125,300.32412364968485,290.67868328926664,298.96012708820365,7446248,NTPC
2025-02-17,294.5758361816406,295.40398651618,285.27137257129044,289.8505357861115,6464173,NTPC
2025-02-18,303.1982727050781,304.36739982991213,289.8505224664086,293.40666578706475,15793327,NTPC
2025-02-19,306.7056884765625,308.2158519185008,302.61369887807547,303.19827731582916,13079903,NTPC
2025-02-20,316.7895812988281,318.7381563395503,303.4905625924784,304.5135525956993,22888146,NTPC
2025-02-21,317.86126708984375,321.27127302030954,313.28210437577576,314.98710734100865,10809296,NTPC
2025-02-24,311.8694152832031,317.03312681861235,311.23613439420285,313.81799016190746,6034113,NTPC
2025-02-25,310.50543212890625,313.2334251829092,307.63127216641857,311.8694286559077,10686112,NTPC
2025-02-27,307.58258056640625,311.08999183623087,306.4134236545345,307.24157398936904,7302366,NTPC
2025-02-28,303.44183349609375,307.5338228829829,298.66780127871704,305.92625456195884,21127180,NTPC
2025-03-03,306.3159484863281,309.6285196551184,299.78824083401315,303.29565164044317,9779703,NTPC
2025-03-04,305.6827087402344,306.80313343923706,300.0805555123257,303.29569242822816,8734999,NTPC
2025-03-05,317.8125915527344,318.8842840068403,305.4391285201632,305.48783100157,10493615,NTPC
2025-03-06,329.2117004394531,330.08855313669676,314.8896937634298,320.5405486860146,26294903,NTPC
2025-03-07,321.076416015625,330.0398724142012,320.2482954726346,327.2144447666804,8992315,NTPC
2025-03-10,320.9302673339844,326.3375803064068,317.90997041239154,320.9789995442844,11383132,NTPC
2025-03-11,321.80712890625,324.6812887417573,315.3768556012048,318.59199225372737,10299324,NTPC
2025-03-12,321.6609802246094,326.1914107029773,318.0074024625559,322.4891304639199,6984859,NTPC
2025-03-13,323.3659973144531,325.9478530992446,320.0047234661789,323.46343200561176,8965150,NTPC
2025-03-17,323.1224365234375,325.8991617856791,322.00201186895947,324.38902808610794,4353561,NTPC
2025-03-18,323.1224365234375,323.1224365234375,323.1224365234375,323.1224365234375,0,NTPC
2025-03-19,332.5243225097656,335.057476037498,327.7016170699998,330.28347308113456,30582397,NTPC
2025-03-20,332.9627380371094,335.8368979250275,331.5500093329679,335.8368979250275,15002119,NTPC
2025-03-21,342.2671813964844,344.75163232158565,332.96274781308057,333.20631968419474,36406837,NTPC
2025-03-24,357.51483154296875,358.5378215864017,344.55678917307,347.820658441156,24588471,NTPC
2025-03-25,357.51483154296875,361.8991255569329,354.7868085389864,359.51210914506044,23189083,NTPC
2025-03-26,345.5310363769531,359.51206715743194,344.21574237979854,357.5147897886035,18668095,NTPC
2025-03-27,351.3768005371094,355.0791110834549,341.97493158401426,344.80035954510913,37930538,NTPC
2025-03-28,348.40521240234375,354.93292074620217,347.28478773532055,352.6920714121557,11327077,NTPC
2025-04-01,343.0953063964844,353.56889608181143,341.82874465327615,343.290175772159,18736320,NTPC
2025-04-02,342.70562744140625,344.36192808126043,338.1264643073824,343.09533649404995,13593404,NTPC
2025-04-03,349.6717834472656,352.058799753951,342.7056336564081,342.7056336564081,10317410,NTPC
2025-04-04,341.39031982421875,349.6230607492348,339.5878820777657,349.6230607492348,10872963,NTPC
2025-04-07,340.8057556152344,342.3646215618517,315.66915000777334,319.5663000078693,18025165,NTPC
2025-04-08,343.8747863769531,349.03849825419917,341.00062634743813,347.6745016953884,17506712,NTPC
2025-04-09,340.3673400878906,345.67718906100674,339.24691542258313,344.8977709632871,7462119,NTPC
2025-04-11,350.8409118652344,352.2049083298919,341.97489024562117,341.97489024562117,11246077,NTPC
2025-04-15,353.17919921875,358.9762214163254,352.25361425177806,357.5634927262931,17497327,NTPC
2025-04-16,350.06146240234375,353.66633779367334,348.69746594420843,353.1791940777041,11541484,NTPC
2025-04-17,354.640625,356.05335366856923,348.0641848385989,350.0127597012363,12288196,NTPC
2025-04-21,355.1764831542969,358.732656184675,352.497192627948,356.3943424844555,7375594,NTPC
2025-04-22,350.987060546875,357.6122034398902,350.4512143323274,357.6122034398902,12077119,NTPC
2025-04-23,354.44580078125,354.8842420743632,348.6975101506468,353.6176801454308,9719205,NTPC
2025-04-24,353.8612365722656,357.0276709891354,352.30237060507375,354.3970828111932,7491123,NTPC
2025-04-25,347.2847595214844,356.3943230274272,342.0723159263955,353.861199545306,9785640,NTPC
2025-04-28,352.2049255371094,353.56892206840587,344.6054950535328,344.6054950535328,5315840,NTPC
2025-04-29,347.77191162109375,354.9816326894661,344.9951864863246,354.640626140829,9472828,NTPC
2025-04-30,345.4336242675781,351.7177905909625,342.9492030139025,347.8206405567136,16739088,NTPC
2025-05-02,339.7340393066406,348.7949005277519,338.66231718525614,345.4335969954307,8221620,NTPC
2025-05-05,339.6366271972656,342.94919873850176,336.66503249345936,341.97491124208557,9492646,NTPC
2025-05-06,333.0114440917969,340.5134694755459,331.25773854559543,340.02632574239055,8904223,NTPC
2025-05-07,333.2550354003906,334.86263359990505,328.33489530164,329.3091828247903,8465490,NTPC
2025-05-08,331.2577209472656,334.2780178789515,329.6988551374059,332.28071083938704,14286109,NTPC
2025-05-09,326.1427001953125,330.03984971220945,322.09941351811017,325.60685402989566,11322011,NTPC
2025-05-12,339.587890625,340.22120127585947,329.40660425783733,331.64745357768135,7978210,NTPC
2025-05-13,332.7191467285156,340.80572024633017,331.74485932960346,339.6365932073706,14738980,NTPC
2025-05-14,329.8450012207031,335.0087424971646,329.06558316114706,333.64474602649494,22485535,NTPC
2025-05-15,333.1575927734375,334.9112982237066,324.09670199266805,330.7705767183953,43307763,NTPC
2025-05-16,334.27801513671875,338.6623084662309,333.20629304292623,334.1805804494845,6920351,NTPC
2025-05-19,336.2752990722656,338.75974984782056,333.59600865128397,334.27802174250905,6218209,NTPC
2025-05-20,333.7908935546875,340.708340546268,332.76787387026775,337.980317787376,9986143,NTPC
2025-05-21,337.2496337890625,338.4674932421018,331.11163403890316,333.74219261773,5930972,NTPC
2025-05-22,332.6217346191406,338.0777503699608,329.5527350508336,337.2496000780954,8717514,NTPC
2025-05-23,335.73944091796875,336.08044745143036,331.4038501344387,333.20628775454304,4045937,NTPC
2025-05-26,334.6677551269531,342.1697807449365,333.74217011190115,341.97491135243246,16655082,NTPC
2025-05-27,329.8450012207031,335.6420233871655,328.1399981991428,335.15487966671975,24937330,NTPC
2025-05-28,331.3064270019531,331.93973761456283,328.4322969377317,329.8937280753369,10985957,NTPC
2025-05-29,330.6244201660156,333.44984755150284,329.35782876363135,332.2319883566471,15884093,NTPC
2025-05-30,325.3145751953125,331.9884502069465,324.2915852609797,328.8220159790005,19143010,NTPC
2025-06-02,323.999267578125,326.1914142592568,321.8071208969932,325.3145615333826,29479727,NTPC
2025-06-03,319.80987548828125,326.14274430983136,318.59201609952163,324.4377411655679,14081719,NTPC
2025-06-04,320.7841796875,321.466192873844,316.4973203626291,320.5406077970767,15654279,NTPC
2025-06-05,320.1995849609375,323.07374501529193,319.1765949662122,320.7354609324231,16270360,NTPC
2025-06-06,324.2915954589844,324.9248763779097,320.5892851747618,321.1738636125753,11402511,NTPC
2025-06-09,328.43231201171875,328.8707235333864,324.19415557156725,325.3145802152433,19416373,NTPC
2025-06-10,330.47833251953125,332.13460343293355,328.1400187287834,330.0885937324766,12061248,NTPC
2025-06-11,329.4065856933594,333.7908791238844,328.7733048110843,332.232013290897,10807496,NTPC
2025-06-12,325.1197204589844,332.8652875251476,324.09670083922475,329.4552815917332,11881618,NTPC
2025-06-13,323.41473388671875,324.34028913297107,318.2022900348364,318.39712968688724,11711773,NTPC
2025-06-16,325.1197204589844,326.04527565831876,322.0994235428103,323.4634199695977,8065112,NTPC
2025-06-17,326.5811767578125,328.23744764203144,324.53516709340613,325.412019883039,6796992,NTPC
2025-06-18,323.8531799316406,327.26318640147747,322.24561139958263,326.5812029472482,17835507,NTPC
2025-06-19,321.5635681152344,324.58386522383717,320.1021369078034,323.85314962012166,11610604,NTPC
2025-06-20,326.5811767578125,327.36059485239855,321.22259559207384,321.51486994431997,16592862,NTPC
2025-06-23,324.04803466796875,327.06833192253436,321.8558877508818,325.1197568851237,8277787,NTPC
2025-06-24,321.4661865234375,323.1711897227192,313.0873077118169,322.489176549848,100814893,NTPC
2025-06-25,322.343017578125,325.1197428330004,320.9302888439042,322.97629849133307,17963666,NTPC
2025-06-26,328.4809875488281,329.11426840566673,322.7814003714975,323.85312244693523,13754087,NTPC
2025-06-27,329.6014404296875,332.52430285052264,325.85045744259764,330.23475107385036,50845169,NTPC
2025-06-30,326.28887939453125,328.57846097727514,325.0710200135925,327.11702972014865,11858890,NTPC
2025-07-01,324.04803466796875,326.62989064595877,323.60959339139316,326.62989064595877,8903292,NTPC
2025-07-02,325.1684265136719,327.0195666655982,322.78141044086397,324.09670440480113,11326880,NTPC
2025-07-03,325.9966125488281,327.701615721434,322.4891715043168,325.9966125488281,15786429,NTPC
2025-07-04,326.87347412109375,327.36061789772725,323.7070395729758,327.06834352490574,5899185,NTPC
2025-07-07,328.7733154296875,330.28344910026277,325.16843993278087,326.8734429886082,9454556,NTPC
2025-07-08,334.3754577636719,335.0574411247211,328.3348638064204,329.5040206152087,12092302,NTPC
2025-07-09,335.1548767089844,336.71374254723264,333.98571989707494,334.4241611347642,9079872,NTPC
2025-07-10,332.67047119140625,336.1291798444743,332.4268993219537,335.1548923666643,6426072,NTPC
2025-07-11,333.8883361816406,335.1548980310419,330.7706043067986,331.7448918010749,17234194,NTPC
2025-07-14,333.30377197265625,336.129199880142,331.20905971708385,334.2293272920089,11516965,NTPC
2025-07-15,333.206298828125,335.252308363999,332.18330892663425,334.32672341854163,8450777,NTPC
2025-07-16,333.6447448730469,334.96000912738907,332.03714681481887,333.20630363300415,6001484,NTPC
2025-07-17,333.839599609375,335.6420373968367,333.20631869294095,335.34976304552697,7562006,NTPC
2025-07-18,333.30377197265625,335.0574776440899,331.8910431524654,334.18062480837307,6370338,NTPC
2025-07-21,332.76788330078125,333.98574267420366,330.5757364286209,333.303759264824,4463318,NTPC
2025-07-22,332.0859069824219,333.79091014162015,331.3064591270511,332.7678904063639,4728372,NTPC
2025-07-23,334.22930908203125,335.15489408385076,332.18332915446274,333.0114497285289,5058422,NTPC
2025-07-24,330.18603515625,334.7651984013802,327.8477510507583,334.7651984013802,9098453,NTPC
2025-07-25,324.6325988769531,331.16030712602645,323.99928823127567,330.1860196500847,7790739,NTPC
2025-07-28,324.3890380859375,327.9451815479893,321.8558846154022,324.87618184054446,4605823,NTPC
2025-07-29,325.9966125488281,326.873465376732,320.0534526863084,323.4634590315202,7551356,NTPC
2025-07-30,330.08856201171875,333.49856794048816,323.95056323309075,326.3862817536403,12537358,NTPC
2025-07-31,325.65557861328125,331.35516611524565,324.4377193065749,327.4092841217811,8935384,NTPC
2025-08-01,322.3917236328125,326.14273640586663,321.7097402313719,324.43773330292333,7107542,NTPC
2025-08-04,323.46343994140625,324.7300017588626,318.7868719799893,322.39171777815415,8193399,NTPC
2025-08-05,325.0223083496094,325.7530239575299,322.78142931225005,323.90188369737683,9855535,NTPC
2025-08-06,323.5609130859375,326.7760502248769,323.0737692931953,325.02234446416406,13872826,NTPC
2025-08-07,321.27130126953125,323.9018893974965,320.19957907914187,323.560882827887,8731389,NTPC
2025-08-08,326.1427001953125,328.82199048817915,321.17382861469065,321.5148351439974,11247218,NTPC
2025-08-11,327.5067443847656,330.3809044661656,325.3633296773396,326.3863196816912,11993280,NTPC
2025-08-12,331.3551940917969,333.0601972651404,327.1170374000495,327.604181163862,7221182,NTPC
2025-08-13,331.2090148925781,334.18057958170766,330.4295671296203,331.54999169767444,5417151,NTPC
2025-08-14,330.6244201660156,331.69614220406675,327.6528258908333,331.20899852612445,5689423,NTPC
2025-08-18,327.4093017578125,333.01145487042396,326.8247530454211,332.6704780324939,6511340,NTPC
2025-08-19,326.43499755859375,331.89101321396157,325.55814480197415,330.18601017996497,10316115,NTPC
2025-08-20,333.206298828125,334.57029527441017,327.84771799901773,329.11427975637696,10824544,NTPC
2025-08-21,330.08856201171875,335.49587496707403,328.23742188267954,333.5473001506344,11135121,NTPC
2025-08-22,328.33489990234375,330.1860402756887,326.8734685971404,329.79633120754704,8534844,NTPC
2025-08-25,329.16302490234375,332.6217334984358,328.38357709319916,328.38357709319916,7142387,NTPC
2025-08-26,324.6325988769531,328.72458843617204,323.21987014367994,327.50672909124484,13113388,NTPC
2025-08-28,322.2942810058594,324.34029062561814,320.24830111899445,322.73272225755545,10486948,NTPC
2025-08-29,319.1278381347656,322.976285404538,318.59199193750806,322.4891416859791,11813425,NTPC
2025-09-01,322.1968688964844,323.07372164752593,319.56628091046656,319.56628091046656,6897558,NTPC
2025-09-02,327.6528625488281,329.55273499851813,322.5865855711445,322.5865855711445,9224639,NTPC
2025-09-03,325.65557861328125,329.3091565334003,324.92486302925744,327.8477253653527,10778333,NTPC
2025-09-04,324.8190612792969,329.5922001613107,324.0809479480754,328.21439461647896,7934237,NTPC
2025-09-05,323.4904479980469,326.54129209246787,320.7840327289342,324.8190278303053,5678244,NTPC
2025-09-08,321.52215576171875,325.70479766845176,321.1776968920301,323.5396533737569,5239184,NTPC
2025-09-09,318.9633483886719,322.94914796612073,318.52046842055296,322.40787692411345,9735495,NTPC
2025-09-10,320.4888000488281,322.85075668455676,319.9967244983052,320.3411833904529,6509477,NTPC
2025-09-11,325.8031921386719,328.21437421770185,320.8332413642303,321.27612134900113,10309925,NTPC
2025-09-12,326.44293212890625,328.2143920966744,323.1952154761205,326.7381654455649,5257048,NTPC
2025-09-15,325.8524169921875,328.5096067932287,325.40953700839407,325.75399588091045,6566824,NTPC
2025-09-16,329.73980712890625,330.47792043843276,325.9508495004629,325.9508495004629,8784889,NTPC
2025-09-17,331.06842041015625,332.1017970741923,329.2477348882994,330.1826904366309,7936518,NTPC
2025-09-18,331.6097412109375,332.2494334501217,328.80490443338095,331.6589367547557,6497322,NTPC
2025-09-19,333.28277587890625,334.1193103504831,331.1176614021352,331.6097369696617,10646331,NTPC
2025-09-22,333.8240661621094,334.95583392381485,331.5113050632019,333.77484058661287,6966213,NTPC
2025-09-23,337.5638427734375,338.6464150398427,332.7415081691703,334.0701182218535,10738268,NTPC
2025-09-24,342.0909423828125,344.8465535621512,336.82572777530635,337.859074459081,14653575,NTPC
2025-09-25,335.1034240722656,345.2401676180112,334.6113485596779,343.7639410802479,13228081,NTPC
2025-09-26,332.54461669921875,335.3494530543635,331.11761577039425,335.103415304507,6337702,NTPC
2025-09-29,335.54632568359375,338.301936718208,332.64306795855805,333.72564016283786,16922231,NTPC
2025-09-30,335.05426025390625,337.61302913447474,333.77484577971336,335.6939524740484,8308029,NTPC
2025-10-01,334.8573913574219,337.6130022558381,332.692247055876,334.906586895859,6022078,NTPC
2025-10-03,336.57965087890625,338.0558774178488,333.3811600445307,334.85738658347327,8506827,NTPC
2025-10-06,333.7256164550781,336.3828061852815,330.33028342692836,335.2018429831596,8436245,NTPC
2025-10-07,332.64306640625,335.98917408521186,331.511298666383,333.7256386054779,16130172,NTPC
2025-10-08,328.5096435546875,333.873279363479,327.03341682205604,333.873279363479,13223442,NTPC
2025-10-09,330.52716064453125,331.06843174858204,325.9508639296648,328.50963282216907,6824759,NTPC
2025-10-10,334.3161315917969,336.5304715065776,330.62556506716226,330.67476060726113,8970962,NTPC
2025-10-13,336.284423828125,336.67807823903706,330.87159308484115,332.59385741224963,6663149,NTPC
2025-10-14,331.314453125,337.5638184529958,329.88745208774424,336.5796673787888,7545848,NTPC
2025-10-15,333.8732604980469,336.3336382467429,331.4128827493509,331.6097249828098,8121744,NTPC
2025-10-16,336.08758544921875,337.1701576170371,334.26689998978424,334.8082010906468,6788416,NTPC
2025-10-17,335.59552001953125,338.7448155054184,334.75898559041366,336.0875955620819,7032129,NTPC
2025-10-20,336.53045654296875,338.9908341166594,334.9065833172082,335.98915545641324,6896835,NTPC
2025-10-21,336.57965087890625,338.0558774178488,335.6446953906803,337.5146063671322,346988,NTPC
2025-10-23,337.2193603515625,339.7289636169493,335.64471262240147,338.3511280827413,8710859,NTPC
2025-10-24,334.2177429199219,337.809888679138,332.7907117116462,337.0225797576888,7584711,NTPC
2025-10-27,336.3336181640625,337.4653858541025,335.0542338246966,335.30027158487513,6752390,NTPC
2025-10-28,333.77484130859375,337.46540795294777,331.9541557572641,336.9733324003672,13186584,NTPC
2025-10-29,341.99249267578125,344.45287032093074,333.77482533420056,333.8732464467879,15423201,NTPC
2025-10-30,339.6797180175781,343.4687054454625,338.00667930652526,343.4687054454625,6721032,NTPC
2025-10-31,331.6097412109375,339.5321459358775,330.28113115484126,339.5321459358775,18651312,NTPC
2025-11-03,329.887451171875,332.1509866227039,328.11596122287625,331.51129443302676,10242245,NTPC
2025-11-04,325.3603515625,330.6747613633437,324.4746216013439,330.0842647112706,11887651,NTPC
2025-11-06,321.47296142578125,327.6731315809044,319.45546361771085,326.78737153452323,11587302,NTPC
2025-11-07,323.6564636230469,324.6489703926429,318.4458030826677,321.96918999917244,8578167,NTPC
2025-11-10,323.0113525390625,325.79035948383523,321.5722055529706,323.6564759060022,5246998,NTPC
2025-11-11,324.20233154296875,324.9963551352011,320.43081791879985,323.50759497478134,6103758,NTPC
2025-11-12,324.6986083984375,325.7903719861034,323.1105913880966,325.045991852091,6850550,NTPC
2025-11-13,324.5001220703125,327.4776425776202,323.11058826911164,324.6986052641234,7276001,NTPC
2025-11-14,325.9888610839844,327.4279777287404,323.75572084900506,324.5497141503254,9169855,NTPC
2025-11-17,327.72576904296875,328.96640258675814,326.0881085340428,326.53474872536896,6283156,NTPC
2025-11-18,325.9888610839844,327.2791077708557,324.6985841082101,326.58434091552317,6776200,NTPC
2025-11-19,324.1527404785156,326.4851376137269,322.6143367009101,326.4851376137269,6935056,NTPC
2025-11-20,324.1527404785156,327.52725768169756,323.7557437997128,325.5422439987782,5155775,NTPC
2025-11-21,324.20233154296875,325.93921839679183,322.5647014242876,324.4008450132526,6142545,NTPC
2025-11-24,321.0263366699219,324.64898043320596,319.6368029183904,324.25198377087,13719726,NTPC
2025-11-25,321.27447509765625,323.16023202926664,320.08345477826816,321.02634838852583,8074651,NTPC
2025-11-26,323.6564636230469,325.3437069580184,321.5721933491146,321.8699332644323,7101095,NTPC
2025-11-27,324.8970947265625,326.2865981361298,322.5646977771625,324.6985812585232,6755179,NTPC
2025-11-28,324.00384521484375,325.6910885402578,321.8203182185401,325.5422185834422,8930988,NTPC
2025-12-01,324.64898681640625,325.79036360140253,323.0113566215068,324.64898681640625,6936186,NTPC
2025-12-02,326.13775634765625,327.4776466503896,324.3016126208665,324.99637953010756,5806943,NTPC
2025-12-03,320.53009033203125,326.5347444905355,318.8924298443442,326.5347444905355,8546132,NTPC
2025-12-04,320.53009033203125,321.86995031082324,318.69394665325495,320.48044681758057,5965357,NTPC
2025-12-05,320.87744140625,321.72107825739164,318.54507462043483,319.8353213653072,6574010,NTPC
2025-12-08,317.1059265136719,320.7782138345562,315.4682963312413,320.7782138345562,7906928,NTPC
2025-12-09,317.45330810546875,318.99168153992724,313.1855106643288,315.0712978277346,7152584,NTPC
2025-12-10,319.190185546875,321.2744558363941,317.1059152573559,317.45329868709297,5484712,NTPC
2025-12-11,320.1827087402344,321.0263456017354,316.7585480683971,319.2398151381619,6317942,NTPC
2025-12-12,322.61431884765625,323.5075991866605,320.48043531438657,320.48043531438657,4261023,NTPC
2025-12-15,321.5225830078125,322.8624429276532,319.1405425083109,320.6293026760478,10219819,NTPC
2025-12-16,318.5946960449219,321.3737030848919,316.6592955889,319.63681611268436,5241263,NTPC
2025-12-17,318.8428039550781,319.984180697448,317.1555303088596,317.6021704766537,5043027,NTPC
2025-12-18,316.1134033203125,319.7360469395152,314.62464317908655,319.5871769831731,5554193,NTPC
2025-12-19,317.5029296875,318.1976965858744,315.12091934706694,316.56006636988315,10833662,NTPC
2025-12-22,318.29693603515625,321.224812858892,317.1059157851905,317.55255595115347,8925871,NTPC
2025-12-23,320.82781982421875,322.3165800090179,317.8502994546204,318.6442927709519,6024641,NTPC
2025-12-24,320.133056640625,324.202340583696,319.8353167157995,321.4729468801477,5678004,NTPC
2025-12-26,321.67144775390625,323.3090778540973,319.88491740823196,320.1330440988337,4174183,NTPC
2025-12-29,323.06097412109375,323.35871405541303,320.6293202648354,321.6714706127625,14043845,NTPC
2025-12-30,322.4654541015625,323.11057746546095,320.9270806731198,322.5647108396016,8035909,NTPC
2025-12-31,327.0805969238281,328.1723604385753,322.2669632765072,322.316576499899,8497983,NTPC
2026-01-01,333.780029296875,334.37553944281365,327.1302518191223,327.32873500849905,10357315,NTPC
2026-01-02,349.4616394042969,350.35488943856933,333.43266114357067,334.276267666054,23128940,NTPC
2026-01-05,347.972900390625,352.14141090010577,345.78937325072695,347.7247736833141,18248271,NTPC
2026-01-06,348.17138671875,351.4466774580942,343.5562359789838,347.278136622167,8641743,NTPC
2026-01-07,346.2359924316406,348.7172593541995,343.7050819972889,346.93072899661536,7165806,NTPC
2026-01-08,341.8193359375,347.1788666008996,339.6358391503614,344.15173297579446,8805975,NTPC
2026-01-09,333.4822998046875,341.8193512420237,331.8942827954556,341.8193512420237,10161744,NTPC
2026-01-12,334.9214172363281,338.09742068511275,331.1995168978991,334.22665039092703,9406174,NTPC
2026-01-13,335.3680419921875,336.7079322312866,332.5393915516236,334.9214321050904,5583379,NTPC
2026-01-14,346.484130859375,347.87363432529014,334.9214326664008,336.36054935688634,20389924,NTPC
2026-01-15,346.484130859375,346.484130859375,346.484130859375,346.484130859375,0,NTPC
2026-01-16,343.7547302246094,351.3970142775835,342.81183666554153,350.0075108396703,14275582,NTPC
2026-01-19,340.7772216796875,345.3427590957348,339.4869446442261,340.9260916444588,9974363,NTPC
2026-01-20,336.211669921875,345.6900975044803,335.16954992402526,340.4298237142528,7718407,NTPC
2026-01-21,336.1620788574219,339.04034263593076,334.2762916301079,336.2613053103078,6948955,NTPC
2026-01-22,339.88397216796875,340.6283522819688,334.5740546303211,336.1620715979687,5885972,NTPC
2026-01-23,334.17706298828125,342.8614977822708,333.581552830341,341.37273753187264,10084314,NTPC
2026-01-27,342.1170959472656,343.9035960188152,334.5243949209227,337.94855539511275,12203590,NTPC
2026-01-28,345.4419860839844,350.6030336560542,342.1171124729344,342.1171124729344,13566973,NTPC
2026-01-29,355.46630859375,357.798705659296,344.69760362777674,347.37738413523886,20624409,NTPC
2026-01-30,353.3324279785156,356.6573318838472,348.4691506174911,356.30994843900874,22641103,NTPC
2026-02-02,347.7247619628906,350.10677221500646,335.2191702781529,342.3652313234041,12622760,NTPC
2026-02-03,355.8633117675781,363.20788654042616,351.1489043252551,363.20788654042616,11559806,NTPC
2026-02-04,364.49810791015625,365.78835458365774,354.92042372604976,356.7565672913423,15515053,NTPC
2026-02-05,364.25,367.92228731992134,362.2649863760218,366.97939373297004,18789794,NTPC
2026-02-06,365.04998779296875,365.95001220703125,361.0,361.79998779296875,7328789,NTPC
2026-02-09,361.8999938964844,368.6000061035156,361.0,366.54998779296875,7983235,NTPC
2026-02-10,366.8999938964844,368.1499938964844,361.25,361.8999938964844,8319282,NTPC
2026-02-11,368.45001220703125,369.0,366.0,369.0,5782448,NTPC
2026-02-12,368.25,372.0,366.8500061035156,370.0,6763353,NTPC
2026-02-13,363.0,368.0,362.3999938964844,367.54998779296875,7111972,NTPC
2026-02-16,369.1000061035156,369.6499938964844,362.5,362.6000061035156,6292850,NTPC
2026-02-17,368.3999938964844,369.5,366.04998779296875,368.75,4442793,NTPC
2026-02-18,368.3999938964844,370.70001220703125,367.3999938964844,368.45001220703125,4871319,NTPC
2026-02-19,363.20001220703125,370.8999938964844,362.20001220703125,367.0,5375352,NTPC
2026-02-20,372.95001220703125,373.6499938964844,362.70001220703125,362.79998779296875,16736731,NTPC
2026-02-23,375.45001220703125,376.5,372.1499938964844,374.0,16135451,NTPC
2026-02-24,382.75,385.0,373.54998779296875,374.95001220703125,20774629,NTPC
2026-02-25,384.8999938964844,388.54998779296875,382.70001220703125,382.75,12750016,NTPC
2026-02-26,381.8999938964844,385.8500061035156,378.3999938964844,385.0,10721570,NTPC
2026-02-27,381.8999938964844,385.20001220703125,380.1499938964844,381.0,11548959,NTPC
2026-03-02,377.54998779296875,378.95001220703125,365.0,365.0,14732253,NTPC
2026-03-04,365.79998779296875,373.8500061035156,364.1000061035156,370.75,11433169,NTPC
2026-03-05,378.04998779296875,379.8999938964844,366.6000061035156,366.95001220703125,16158714,NTPC
2026-03-06,380.6000061035156,385.54998779296875,374.6499938964844,377.0,14940896,NTPC
2026-03-09,376.25,379.0,371.3999938964844,373.0,11286578,NTPC
2026-03-10,377.29998779296875,385.45001220703125,374.8500061035156,385.0,10875834,NTPC
2026-03-11,379.8999938964844,383.8999938964844,376.45001220703125,377.5,9963701,NTPC
2026-03-12,390.54998779296875,392.3999938964844,375.6499938964844,379.0,23847146,NTPC
2026-03-13,384.45001220703125,394.5,383.20001220703125,391.8500061035156,27107369,NTPC
2026-03-16,382.3999938964844,388.25,375.45001220703125,384.5,16793109,NTPC
2026-03-17,383.3500061035156,385.8999938964844,378.29998779296875,382.8999938964844,9720902,NTPC
2026-03-18,378.5,386.3500061035156,377.6000061035156,385.0,10681498,NTPC
2026-03-19,374.04998779296875,380.75,373.1000061035156,373.5,10568326,NTPC
2026-03-20,380.95001220703125,383.29998779296875,375.5,375.8500061035156,20930288,NTPC
2026-03-23,372.3999938964844,379.5,369.29998779296875,377.1000061035156,13148432,NTPC
2026-03-24,375.54998779296875,378.1499938964844,371.0,378.0,9339144,NTPC
2026-03-25,378.3999938964844,380.95001220703125,375.6000061035156,376.0,9266292,NTPC
2026-03-27,375.6499938964844,379.8999938964844,374.6499938964844,379.8999938964844,20263654,NTPC
2026-03-30,370.6499938964844,377.95001220703125,369.6499938964844,374.0,17974103,NTPC
2026-04-01,364.6499938964844,381.8999938964844,361.45001220703125,381.29998779296875,15449629,NTPC
2026-04-02,359.6499938964844,361.29998779296875,352.0,359.95001220703125,16551512,NTPC
2026-04-06,366.1000061035156,366.75,355.70001220703125,358.79998779296875,11534034,NTPC
2026-04-07,368.8500061035156,369.79998779296875,362.25,364.8500061035156,12603971,NTPC
2026-04-08,374.1499938964844,375.54998779296875,368.25,373.5,19491331,NTPC
2026-04-09,378.6499938964844,384.20001220703125,376.5,376.95001220703125,18503665,NTPC
2026-04-10,380.1499938964844,384.45001220703125,372.04998779296875,381.20001220703125,14953758,NTPC
2026-04-13,386.25,388.0,374.3500061035156,374.3500061035156,15240045,NTPC
2026-04-15,392.6000061035156,393.95001220703125,387.1000061035156,390.25,7722460,NTPC
2026-04-16,390.79998779296875,397.25,387.79998779296875,397.0,9896906,NTPC
2026-04-17,393.6000061035156,396.25,388.45001220703125,393.0,15320653,NTPC
2026-04-20,398.0,400.8500061035156,390.6499938964844,393.0,9895187,NTPC
2026-04-21,396.20001220703125,402.70001220703125,395.70001220703125,398.6000061035156,9493644,NTPC
2026-04-22,405.3999938964844,407.25,393.20001220703125,398.0,16411131,NTPC
2026-04-23,402.25,405.8999938964844,400.3999938964844,404.0,9144699,NTPC
2026-04-24,401.8500061035156,405.25,399.20001220703125,404.75,6266676,NTPC
2026-04-27,410.20001220703125,414.3999938964844,402.6000061035156,403.8999938964844,13001752,NTPC
2026-04-28,406.8500061035156,414.20001220703125,405.95001220703125,414.0,7726655,NTPC
2026-04-29,401.29998779296875,410.0,399.6499938964844,409.5,11920835,NTPC
2026-04-30,399.1499938964844,400.29998779296875,393.1499938964844,400.0,7706357,NTPC
2026-05-01,399.1499938964844,399.1499938964844,399.1499938964844,399.1499938964844,0,NTPC
2026-05-04,400.04998779296875,404.79998779296875,397.25,400.0,6333200,NTPC
2026-05-05,398.6499938964844,400.5,394.54998779296875,398.29998779296875,6791514,NTPC
2026-05-06,394.8500061035156,403.0,391.6499938964844,400.0,11120409,NTPC
2026-05-07,400.3500061035156,403.5,393.1499938964844,396.75,9700378,NTPC
2026-05-08,402.1499938964844,405.1000061035156,397.1499938964844,398.0,4740939,NTPC
2026-05-11,392.95001220703125,405.0,391.0,401.8999938964844,10088836,NTPC
2026-05-12,392.70001220703125,399.8500061035156,391.25,392.20001220703125,10247516,NTPC
2026-05-13,390.45001220703125,394.04998779296875,385.79998779296875,392.0,12322076,NTPC
2026-05-14,396.29998779296875,398.54998779296875,391.20001220703125,393.70001220703125,7363948,NTPC
2026-05-15,395.25,398.0,392.5,396.0,7107857,NTPC
2026-05-18,388.29998779296875,393.8500061035156,384.8999938964844,393.0,7632596,NTPC
2026-05-19,389.3999938964844,392.75,386.04998779296875,386.70001220703125,6693518,NTPC
2026-05-20,392.45001220703125,393.3500061035156,384.0,386.1000061035156,5386249,NTPC
2026-05-21,388.79998779296875,395.54998779296875,387.8500061035156,393.5,10596954,NTPC
2026-05-22,388.6499938964844,391.5,387.45001220703125,389.95001220703125,11755213,NTPC
2026-05-25,390.04998779296875,392.79998779296875,386.45001220703125,391.95001220703125,10489850,NTPC
2026-05-26,389.70001220703125,392.25,389.0,390.75,9062218,NTPC
2026-05-27,398.1499938964844,403.1000061035156,390.3500061035156,390.3500061035156,14418621,NTPC
