Price,Close,High,Low,Open,Volume,symbol
Ticker,SHRIRAMFIN.NS,SHRIRAMFIN.NS,SHRIRAMFIN.NS,SHRIRAMFIN.NS,SHRIRAMFIN.NS,
Date,,,,,,
2015-01-01,185.3475799560547,187.64266243938394,184.27990132851016,187.64266243938394,230491,SHRIRAMFIN
2015-01-02,185.97808837890625,187.9789324919508,184.44803343933341,184.44803343933341,1170068,SHRIRAMFIN
2015-01-05,180.1773223876953,189.10547868091953,179.00035592912857,186.54136989049545,2785715,SHRIRAMFIN
2015-01-06,175.78050231933594,182.497651918986,174.06549660505533,179.89149203480258,2699693,SHRIRAMFIN
2015-01-07,174.8641357421875,176.40260360255198,172.1066636527259,174.52785962144446,3076271,SHRIRAMFIN
2015-01-08,177.11721801757812,179.02560040579866,174.60354642811558,176.5455537999135,2178650,SHRIRAMFIN
2015-01-09,178.41189575195312,180.58089163948102,176.32697549395263,178.2269451657331,1674675,SHRIRAMFIN
2015-01-12,175.00706481933594,179.90829397585873,173.9309733141089,178.22691334170514,1716246,SHRIRAMFIN
2015-01-13,174.7800750732422,177.09198330108566,173.56947049375754,175.2004136456409,1377123,SHRIRAMFIN
2015-01-14,173.8889617919922,177.3610245171304,171.501390398096,174.36816390281186,1767193,SHRIRAMFIN
2015-01-15,186.77676391601562,188.7355836328997,177.8486073359816,177.8486073359816,6809123,SHRIRAMFIN
2015-01-16,195.8982696533203,196.7053349681811,187.13825178062282,187.13825178062282,6657545,SHRIRAMFIN
2015-01-19,192.1151580810547,197.91594089466167,187.83603063371118,196.9239250249236,3690936,SHRIRAMFIN
2015-01-20,189.0382537841797,193.16605634704828,186.50776963823594,190.84574810226084,4134071,SHRIRAMFIN
2015-01-21,186.03697204589844,195.0407919182837,184.45646619181963,191.16520324311304,4073851,SHRIRAMFIN
2015-01-22,188.79440307617188,189.6603186078035,185.37277875190625,187.64264892102452,2308772,SHRIRAMFIN
2015-01-23,184.1874237060547,191.94702636423008,181.2702262962327,190.50103373540054,4504014,SHRIRAMFIN
2015-01-27,185.22988891601562,187.76878553465696,182.6994051251114,183.08611872311266,6903221,SHRIRAMFIN
2015-01-28,194.84742736816406,195.679718101768,184.44806544043945,185.1206177576235,2941577,SHRIRAMFIN
2015-01-29,195.02394104003906,196.57922126798155,190.83728918274815,193.35937305626283,1557536,SHRIRAMFIN
2015-01-30,192.07313537597656,196.5372137235826,190.04706567083682,195.71333584892955,2126303,SHRIRAMFIN
2015-02-02,194.8557891845703,196.84823346026832,191.05585115541942,191.6779658356335,1948508,SHRIRAMFIN
2015-02-03,197.24337768554688,202.60699597897383,195.04075737482063,196.53718734091626,3615060,SHRIRAMFIN
2015-02-04,191.8209228515625,197.89913158681506,190.55988079952851,196.55401392069203,1380007,SHRIRAMFIN
2015-02-05,194.5615692138672,199.86633723317874,191.8461219151397,191.8461219151397,2562464,SHRIRAMFIN
2015-02-06,191.69480895996094,198.0588563356369,190.00501551081774,193.3593902574309,1398887,SHRIRAMFIN
2015-02-09,192.93902587890625,195.71331030544718,190.16474145236532,191.6947964011361,1226844,SHRIRAMFIN
2015-02-10,192.72886657714844,196.55401744323288,191.25766179475465,193.334168879471,1861388,SHRIRAMFIN
2015-02-11,194.84742736816406,196.604484120704,192.01429217437592,192.01429217437592,1074969,SHRIRAMFIN
2015-02-12,203.80921936035156,205.1291118198721,193.69568310937098,196.71376882671095,2390468,SHRIRAMFIN
2015-02-13,211.85462951660156,213.87229942574234,204.4985662660032,205.1038685553069,4031423,SHRIRAMFIN
2015-02-16,205.36447143554688,215.96560795808514,203.69990339033893,212.5271709421884,2120725,SHRIRAMFIN
2015-02-18,210.2909393310547,212.6953228673968,204.2883933179442,204.62466944667312,2952112,SHRIRAMFIN
2015-02-19,206.44056701660156,212.35903714741318,202.10258935318672,211.01393269324944,1494519,SHRIRAMFIN
2015-02-20,204.17906188964844,208.3236754807279,202.48926877960142,208.3236754807279,2492402,SHRIRAMFIN
2015-02-23,203.53175354003906,206.59187646701764,200.20260447697015,205.12065871084243,2295374,SHRIRAMFIN
2015-02-24,195.0911865234375,203.95209168845207,193.35936862670243,203.95209168845207,5105274,SHRIRAMFIN
2015-02-25,198.43714904785156,200.3455309896564,195.69648971192223,195.7133021997781,2783097,SHRIRAMFIN
2015-02-26,196.82301330566406,202.23708188163386,193.56112743640145,198.4035187780736,3584111,SHRIRAMFIN
2015-02-27,194.58680725097656,198.20179557881713,191.84614743762697,196.72217789923477,4603259,SHRIRAMFIN
2015-03-02,204.46495056152344,208.86177885481644,201.8588039001099,207.65117422129453,4132172,SHRIRAMFIN
2015-03-03,208.54232788085938,209.50071888544178,205.28884089614328,205.28884089614328,2346556,SHRIRAMFIN
2015-03-04,203.32156372070312,216.5120324938952,201.93442166449296,211.01390172900025,1953306,SHRIRAMFIN
2015-03-05,199.7738494873047,203.78395031308307,197.1677032753152,203.78395031308307,1946594,SHRIRAMFIN
2015-03-09,200.92559814453125,206.47416649840665,197.14247258593335,199.74861872686307,3558391,SHRIRAMFIN
2015-03-10,200.39599609375,204.23795949064413,197.39472303367086,201.1442111517961,2014418,SHRIRAMFIN
2015-03-11,196.15049743652344,202.16145650717678,194.7045047614631,201.09377778280302,2329848,SHRIRAMFIN
2015-03-12,202.70791625976562,204.78442348808977,196.42793077008508,196.89032035661057,2436780,SHRIRAMFIN
2015-03-13,199.74862670898438,208.45820628658655,198.16812120798372,201.94283409109633,3695934,SHRIRAMFIN
2015-03-16,192.96426391601562,200.50527772985413,191.90498490809844,200.4212021159368,1917959,SHRIRAMFIN
2015-03-17,197.9916229248047,200.9256461784537,193.46869419275097,193.80497034515815,3004531,SHRIRAMFIN
2015-03-18,198.12612915039062,200.07653603298314,196.71376145987412,198.40355499166662,502969,SHRIRAMFIN
2015-03-19,199.32835388183594,204.08667127523572,197.57129693233577,200.2867449909404,2149251,SHRIRAMFIN
2015-03-20,200.513671875,202.3800028751905,195.89825550757962,198.16812571886817,1250439,SHRIRAMFIN
2015-03-23,201.84193420410156,202.43882352368726,197.63005766451437,201.7662714359506,853355,SHRIRAMFIN
2015-03-24,195.16690063476562,202.77517871976266,194.2085095859547,202.60704063219669,1470447,SHRIRAMFIN
2015-03-25,188.2984161376953,195.77218025041168,186.73473605485304,195.16687793931666,3466992,SHRIRAMFIN
2015-03-26,184.12855529785156,188.91209627031984,180.3370300593995,187.32317799813023,4203081,SHRIRAMFIN
2015-03-27,182.16136169433594,186.25553889852802,175.70483864793854,186.25553889852802,4265342,SHRIRAMFIN
2015-03-30,188.3740692138672,188.7691956281684,182.4471861649629,182.4471861649629,1693385,SHRIRAMFIN
2015-03-31,187.36524963378906,190.9213875290659,184.45645185495778,190.9213875290659,3356729,SHRIRAMFIN
2015-04-01,193.1576385498047,194.8726442512518,185.37281026827114,189.1391241464292,1503520,SHRIRAMFIN
2015-04-06,195.0911865234375,197.0247806046729,189.5089929520045,194.20005884341066,1652388,SHRIRAMFIN
2015-04-07,199.58889770507812,200.89196422007853,193.35936425013298,195.30135794849252,2022624,SHRIRAMFIN
2015-04-08,195.36866760253906,202.95172000663686,194.2085003712031,201.57297722152097,1822676,SHRIRAMFIN
2015-04-09,194.53634643554688,197.04161791168082,192.36736423159834,197.04161791168082,1741883,SHRIRAMFIN
2015-04-10,191.06431579589844,195.20893068024978,189.53426057649418,194.5363783567483,2068038,SHRIRAMFIN
2015-04-13,192.36737060546875,194.55316537060827,190.8373024208183,191.50985465624586,1598162,SHRIRAMFIN
2015-04-15,184.83477783203125,193.8554100820811,183.28789698040205,193.35940867601548,4035764,SHRIRAMFIN
2015-04-16,176.64639282226562,186.60020220486308,173.35088178963434,186.28913825599935,5112751,SHRIRAMFIN
2015-04-17,172.42611694335938,177.52072224863036,170.5429734132559,177.38620917527723,4230088,SHRIRAMFIN
2015-04-20,170.1310272216797,176.1419857661848,168.13859586515605,173.3508887690945,3625000,SHRIRAMFIN
2015-04-21,172.78762817382812,174.81369771940655,169.81998022690928,171.13987255428952,2088883,SHRIRAMFIN
2015-04-22,175.16677856445312,177.386211388437,170.71111359342186,173.6871610703351,2823914,SHRIRAMFIN
2015-04-23,173.18276977539062,178.22692517846846,171.66951393853648,175.73006621327454,2679408,SHRIRAMFIN
2015-04-24,174.8557586669922,176.1420130201422,166.45722789425014,174.02346791955532,2299094,SHRIRAMFIN
2015-04-27,167.62574768066406,177.3693803708692,165.6164909234629,175.30968615290533,3282403,SHRIRAMFIN
2015-04-28,166.66738891601562,169.14743527976046,161.6484458902033,167.78550508730214,6243368,SHRIRAMFIN
2015-04-29,165.49880981445312,169.14742271450066,163.43071569259723,167.0793154270309,4024885,SHRIRAMFIN
2015-04-30,163.0692138671875,165.11209583349103,159.04228706277317,165.11209583349103,6497726,SHRIRAMFIN
2015-05-04,139.21875,158.8909540841807,137.4701064187007,156.5706464115722,28038429,SHRIRAMFIN
2015-05-05,142.36294555664062,143.20363584822013,134.22504246916827,137.8820551117498,30906640,SHRIRAMFIN
2015-05-06,136.9404754638672,144.21247604201352,136.28473572588365,142.58151977599866,11106009,SHRIRAMFIN
2015-05-07,129.6180419921875,138.1762970318138,127.96187351686454,135.35157494519694,8459448,SHRIRAMFIN
2015-05-08,132.837890625,134.91439747042045,128.82777649985186,130.47554515135442,8135095,SHRIRAMFIN
2015-05-11,138.4116973876953,139.0506246552712,132.62772700029544,134.40999572054173,6004394,SHRIRAMFIN
2015-05-12,135.67100524902344,138.37802607699496,134.69580209178383,138.37802607699496,5675252,SHRIRAMFIN
2015-05-13,136.7135009765625,138.0670183953877,132.99763769595688,135.74671034346758,6032361,SHRIRAMFIN
2015-05-14,137.4532928466797,139.5550249921566,134.87235871526545,136.36038897128455,4437703,SHRIRAMFIN
2015-05-15,141.169189453125,142.24526793385076,137.7055264606952,138.54621688801728,3439210,SHRIRAMFIN
2015-05-18,141.97622680664062,142.4133778429885,139.93334486446415,140.50500897569356,2299433,SHRIRAMFIN
2015-05-19,142.1780242919922,144.01073082166056,140.9001695193591,142.3713877068455,2779141,SHRIRAMFIN
2015-05-20,140.589111328125,144.9354893618935,139.52141935310743,143.67444714771656,7249338,SHRIRAMFIN
2015-05-21,138.6218719482422,140.90015538646904,137.02456680828428,140.90015538646904,3625908,SHRIRAMFIN
2015-05-22,138.65550231933594,140.2528205353224,137.37764774654678,139.2187668174571,1985671,SHRIRAMFIN
2015-05-25,139.29443359375,140.83290155561315,138.20992920890967,138.62186814227783,1513937,SHRIRAMFIN
2015-05-26,140.53863525390625,141.9089649999732,138.932917498828,140.90013667744404,2185501,SHRIRAMFIN
2015-05-27,140.2696075439453,140.81605945269405,138.04176210852071,140.22756974351563,3322399,SHRIRAMFIN
2015-05-28,140.051025390625,141.8837445515423,139.2439601466798,140.10987568083942,4665962,SHRIRAMFIN
2015-05-29,138.4789581298828,142.91782436936467,137.8148054933677,140.11831423331208,7732469,SHRIRAMFIN
2015-06-01,138.4116973876953,139.76521470889202,137.31038057623866,139.76521470889202,3210581,SHRIRAMFIN
2015-06-02,135.73828125,139.13468046679114,134.84715351518955,138.46212825207823,5707915,SHRIRAMFIN
2015-06-03,137.98297119140625,139.06747581481844,135.47771205891476,136.52857852814213,6616980,SHRIRAMFIN
2015-06-04,137.2178955078125,138.83202605116563,136.50330550518956,137.47010916516732,3890684,SHRIRAMFIN
2015-06-05,138.80679321289062,140.49658628503354,136.57894792941505,137.85680218291284,1693508,SHRIRAMFIN
2015-06-08,137.03298950195312,140.32010194912422,135.35160845855967,138.8068590100701,1433715,SHRIRAMFIN
2015-06-09,137.40283203125,139.0421877228134,135.21703760811093,137.87362115551005,2460925,SHRIRAMFIN
2015-06-10,139.98377990722656,140.7824323499408,138.20991097990634,138.67230048965817,2127770,SHRIRAMFIN
2015-06-11,133.13214111328125,140.88333076803568,130.81183322998046,140.39572907281368,3669188,SHRIRAMFIN
2015-06-12,137.00772094726562,137.83161188073947,130.41669880438354,131.9887915587449,4681696,SHRIRAMFIN
2015-06-15,138.08380126953125,138.7143156197396,134.87235289920548,137.53734935539816,3611267,SHRIRAMFIN
2015-06-16,138.38650512695312,139.7232102778411,137.3692636861636,137.87367799174788,6024156,SHRIRAMFIN
2015-06-17,139.73155212402344,141.88373473606526,137.95769654164843,139.54660160506606,6614963,SHRIRAMFIN
2015-06-18,146.81019592285156,150.97162231235794,139.73155938115718,140.2275738432594,8024596,SHRIRAMFIN
2015-06-19,148.81947326660156,155.29280848661983,147.12128013477022,147.45755626316483,17643527,SHRIRAMFIN
2015-06-22,149.85348510742188,152.50166875296347,146.7008874101977,149.3070332600297,6526509,SHRIRAMFIN
2015-06-23,151.30792236328125,153.8468190339562,149.06327718521734,149.06327718521734,5831012,SHRIRAMFIN
2015-06-24,149.94602966308594,151.99732495385106,149.07171420251984,151.8291868589108,2786859,SHRIRAMFIN
2015-06-25,147.785400390625,151.03888665120297,143.25407290729925,150.6521599377916,9090226,SHRIRAMFIN
2015-06-26,148.50001525878906,150.29069690116066,147.028797267067,148.74381611940015,4014001,SHRIRAMFIN
2015-06-29,146.05357360839844,147.95354275881294,143.46423978061702,146.28056194709487,2348573,SHRIRAMFIN
2015-06-30,143.49789428710938,147.26419487549785,142.6235658089523,146.05359026439257,4430385,SHRIRAMFIN
2015-07-01,149.75262451171875,150.48402699571866,146.07039994215555,146.2805626280484,8333549,SHRIRAMFIN
2015-07-02,156.02423095703125,156.6211205028432,150.5008731198354,151.32476422174702,6562733,SHRIRAMFIN
2015-07-03,152.45123291015625,157.20954806395764,151.7114177271626,155.52816787389628,3373510,SHRIRAMFIN
2015-07-06,151.61056518554688,154.6791012086575,149.8114840108109,149.8114840108109,3526586,SHRIRAMFIN
2015-07-07,158.16795349121094,159.37854470797419,152.16540853689838,152.16540853689838,4248352,SHRIRAMFIN
2015-07-08,159.32815551757812,162.2033286311751,153.84683549366386,153.84683549366386,5325117,SHRIRAMFIN
2015-07-09,156.19232177734375,158.84891852559775,154.68747912497867,158.84891852559775,2272784,SHRIRAMFIN
2015-07-10,157.9830322265625,159.55512511704546,156.45296397832948,157.49543051905363,2198027,SHRIRAMFIN
2015-07-13,155.46096801757812,160.9086631147969,155.03221655295175,159.39542032806565,2700360,SHRIRAMFIN
2015-07-14,152.5773468017578,156.2343589169656,151.66099385780169,155.69631984106755,2865337,SHRIRAMFIN
2015-07-15,149.2734375,154.23352972723458,147.84425749109423,153.796365530653,4638857,SHRIRAMFIN
2015-07-16,149.5004119873047,151.4255931411463,148.80263453597112,149.6433247087052,3358956,SHRIRAMFIN
2015-07-17,151.08932495117188,152.16541632775565,149.3574938890983,150.39996029014168,1629901,SHRIRAMFIN
2015-07-20,149.68539428710938,153.00613104861398,149.30708033765953,151.9973026271578,1648103,SHRIRAMFIN
2015-07-21,147.70132446289062,151.6441750205853,146.49913296167762,150.29905763875104,1736849,SHRIRAMFIN
2015-07-22,148.97950744628906,150.16456791398568,147.2865506648534,148.47162438870478,1514538,SHRIRAMFIN
2015-07-23,148.85255432128906,152.92410347544836,148.13306313184324,150.55396884472822,1729214,SHRIRAMFIN
2015-07-24,148.92025756835938,150.11378876009783,147.32042521900857,148.97951258221016,1093597,SHRIRAMFIN
2015-07-27,143.59596252441406,149.5636063259917,143.14732112439188,148.1330680715479,2372830,SHRIRAMFIN
2015-07-28,142.6394500732422,144.91647372499446,142.20775000604246,144.23929610929616,2257851,SHRIRAMFIN
2015-07-29,144.3408203125,147.45584433836538,143.56206099199497,144.22232354558435,2152756,SHRIRAMFIN
2015-07-30,145.83062744140625,149.60591438801436,144.5863118466196,144.74714878730745,2602126,SHRIRAMFIN
2015-07-31,150.9095001220703,152.02683511054363,145.8137139415459,147.03264411974564,3393795,SHRIRAMFIN
2015-08-03,155.3619384765625,155.90367781167777,147.62515524489208,152.36542413773648,4049030,SHRIRAMFIN
2015-08-04,153.6774444580078,156.25920005187388,152.36541646493487,155.75130370909443,2313417,SHRIRAMFIN
2015-08-05,152.94949340820312,155.75131463651147,152.30617213544667,154.73554839199804,1742356,SHRIRAMFIN
2015-08-06,152.11148071289062,154.73555016943772,151.180355016646,153.8890782892865,2250272,SHRIRAMFIN
2015-08-07,152.08607482910156,153.09338361042361,151.1380343212081,152.70401054054716,1733847,SHRIRAMFIN
2015-08-10,150.2407684326172,153.55048600113832,148.97952469742899,152.02682339579766,1414225,SHRIRAMFIN
2015-08-11,148.66636657714844,151.85757507609864,147.6421426060314,150.6725141117951,1042173,SHRIRAMFIN
2015-08-12,148.66636657714844,148.66636657714844,148.66636657714844,148.66636657714844,0,SHRIRAMFIN
2015-08-13,139.65135192871094,147.28655251007643,138.71176892321657,146.11842013738266,4621353,SHRIRAMFIN
2015-08-14,146.8548583984375,147.35428405536376,140.17618192343767,140.17618192343767,2216301,SHRIRAMFIN
2015-08-17,144.67095947265625,149.74133287470227,143.83294509495124,146.94796929055948,1457726,SHRIRAMFIN
2015-08-18,145.0603485107422,148.25155618324635,144.7471585480839,145.5936304462277,1210906,SHRIRAMFIN
2015-08-19,146.05072021484375,148.1161088673391,144.74714959548098,146.1015045487443,1175656,SHRIRAMFIN
2015-08-20,144.0361328125,147.79447920002164,142.8002876356116,145.82220137460644,2092285,SHRIRAMFIN
2015-08-21,143.70596313476562,145.76289405265442,140.17616744820808,141.3612278554216,3609918,SHRIRAMFIN
2015-08-24,139.5413360595703,142.00458192741598,133.79377120536859,140.34549432154094,3941322,SHRIRAMFIN
2015-08-25,137.71295166015625,141.8691412865244,133.74298452635247,139.65137297583857,5423932,SHRIRAMFIN
2015-08-26,137.5182647705078,140.17620389360033,136.21469400680226,137.95843548152038,3446994,SHRIRAMFIN
2015-08-27,138.71177673339844,141.53053916474718,137.85683422901351,141.53053916474718,2083084,SHRIRAMFIN
2015-08-28,138.52552795410156,141.26810673797863,137.48436317243744,139.66826138129434,2107849,SHRIRAMFIN
2015-08-31,137.64524841308594,140.09155303281167,136.95960016231197,138.6271585349143,3307738,SHRIRAMFIN
2015-09-01,138.59332275390625,141.69989083762104,137.12892789990693,137.873818101103,1821280,SHRIRAMFIN
2015-09-02,145.83062744140625,148.04839559553284,138.94032942214707,139.1604081239768,6938013,SHRIRAMFIN
2015-09-03,146.609375,147.94680172650828,144.0107046693357,146.77866935454338,2154008,SHRIRAMFIN
2015-09-04,145.0941925048828,148.11610554302942,143.73136689847854,148.11610554302942,3299784,SHRIRAMFIN
2015-09-07,136.02001953125,145.5936434005865,135.57984880258778,143.90069945366727,1403459,SHRIRAMFIN
2015-09-08,138.97421264648438,141.02268683040555,135.93537085575056,136.28243034328852,2161085,SHRIRAMFIN
2015-09-09,142.0892333984375,143.8160468438171,139.16043106620148,140.3455050952196,1586149,SHRIRAMFIN
2015-09-10,147.45587158203125,149.47894675009053,138.34780461163206,141.1919661538745,4797537,SHRIRAMFIN
2015-09-11,148.8271942138672,152.2808081892691,147.9807221497235,149.65673816234394,2102128,SHRIRAMFIN
2015-09-14,146.79563903808594,150.30850783185016,146.44012211847505,150.30850783185016,1092396,SHRIRAMFIN
2015-09-15,146.79563903808594,146.79563903808594,146.79563903808594,146.79563903808594,0,SHRIRAMFIN
2015-09-16,147.86219787597656,149.31813498886805,144.7471730255515,146.897215838729,1464802,SHRIRAMFIN
2015-09-18,153.80441284179688,154.5662441043981,148.47163377205513,150.33387176755681,5423829,SHRIRAMFIN
2015-09-21,153.93141174316406,157.2580576413549,151.23961646804412,153.68593422467362,2436719,SHRIRAMFIN
2015-09-22,150.69784545898438,156.25918665331167,149.5550986699496,154.39693557254853,1612120,SHRIRAMFIN
2015-09-23,149.18270874023438,150.99416290502603,146.4401286918779,150.6555740848496,1776727,SHRIRAMFIN
2015-09-24,148.4038848876953,152.45003411846562,146.53317650102596,149.82596527032516,9689824,SHRIRAMFIN
2015-09-28,150.4947509765625,154.24462681502163,147.6421315383959,148.45474736137746,1767670,SHRIRAMFIN
2015-09-29,158.5023651123047,159.57738637838736,147.47280546592796,148.8017616655842,4597204,SHRIRAMFIN
2015-09-30,156.6062469482422,159.9752193539729,153.21188900456067,159.25571499712856,3881970,SHRIRAMFIN
2015-10-01,157.39344787597656,159.22184271952534,154.39693397597316,156.60623115577368,2499689,SHRIRAMFIN
2015-10-05,159.9836883544922,160.81323211888102,157.0210301593668,157.76593336420402,3572252,SHRIRAMFIN
2015-10-06,161.82899475097656,165.40111762699695,159.84824679014307,161.16874543069872,3277774,SHRIRAMFIN
2015-10-07,164.78318786621094,165.67198658956872,158.8832706754693,161.84592866794335,1893061,SHRIRAMFIN
2015-10-08,160.63546752929688,164.55464990040977,159.78899572037614,162.8616930264128,3201011,SHRIRAMFIN
2015-10-09,162.25225830078125,163.8774897796693,159.56047612046174,161.33807387900544,1296870,SHRIRAMFIN
2015-10-12,165.47731018066406,166.22220009411566,160.99946024785376,162.43845574142782,1277899,SHRIRAMFIN
2015-10-13,170.55618286132812,171.49576609326735,163.4881186530166,164.7578332469702,2510486,SHRIRAMFIN
2015-10-14,167.66123962402344,172.4946072897862,164.3853777716943,171.51269712822207,2056282,SHRIRAMFIN
2015-10-15,168.98171997070312,170.14139508806238,166.9247886178488,169.6335119490008,1508816,SHRIRAMFIN
2015-10-16,168.98171997070312,168.98171997070312,168.98171997070312,168.98171997070312,0,SHRIRAMFIN
2015-10-19,163.79283142089844,165.0794739732842,160.21223749405104,163.28494829592879,1954476,SHRIRAMFIN
2015-10-20,164.77474975585938,165.55350922254453,162.861713942699,164.876318432281,1546210,SHRIRAMFIN
2015-10-21,158.00291442871094,164.21603422085772,153.71975815358826,164.21603422085772,7413144,SHRIRAMFIN
2015-10-23,160.3646240234375,164.2160814833076,158.7986475428397,164.2160814833076,4200058,SHRIRAMFIN
2015-10-26,160.0090789794922,161.9136439179469,157.85056586303745,160.5931452071208,2538571,SHRIRAMFIN
2015-10-27,159.92445373535156,161.5073582031692,157.15647533161652,159.63664930770548,2125256,SHRIRAMFIN
2015-10-28,157.95217895507812,160.9148375835523,156.59782375489758,159.52662615459894,3206573,SHRIRAMFIN
2015-10-29,159.39120483398438,159.983728668625,152.7040554418983,158.18920253620735,6574300,SHRIRAMFIN
2015-10-30,159.704345703125,161.50734196666528,157.53737516960837,157.78285266283132,2435128,SHRIRAMFIN
2015-11-02,159.15414428710938,163.3695888048262,157.68974993232317,160.74551936521613,2628379,SHRIRAMFIN
2015-11-03,161.1687774658203,161.99832130859028,158.31615835665497,159.95831792868503,1455581,SHRIRAMFIN
2015-11-04,161.95594787597656,163.0140408314356,160.75395936893824,161.8543659679386,864640,SHRIRAMFIN
2015-11-05,155.3597412109375,162.18546743471626,152.69914872138008,162.18546743471626,1997823,SHRIRAMFIN
2015-11-06,158.48785400390625,159.6098803164768,154.68822254419732,155.18973188478887,1603489,SHRIRAMFIN
2015-11-09,151.2711181640625,157.25532553388018,150.3105907216789,156.7452965906532,4726931,SHRIRAMFIN
2015-11-10,147.17398071289062,150.95661328823752,146.2049470189958,149.60506454256625,2205863,SHRIRAMFIN
2015-11-13,150.9821014404297,151.62812388601066,145.20191112087593,148.92503977768123,7325419,SHRIRAMFIN
2015-11-16,148.77200317382812,150.47205488540075,146.00940250275562,150.47205488540075,2322730,SHRIRAMFIN
2015-11-17,147.9220428466797,150.4381366950275,147.28452644300572,150.4381366950275,2160243,SHRIRAMFIN
2015-11-18,144.74288940429688,149.18003715200152,144.50488744649843,148.5850256015974,1505311,SHRIRAMFIN
2015-11-19,144.87042236328125,147.04650540700507,143.17886290569223,145.41444978012169,7560046,SHRIRAMFIN
2015-11-20,144.48788452148438,146.86797081628677,144.08837027399642,145.38041521805818,2281580,SHRIRAMFIN
2015-11-23,141.6573028564453,145.28691623261807,141.1047825737814,145.0149158727744,2081812,SHRIRAMFIN
2015-11-24,143.85037231445312,144.92141450495498,141.4447938232454,141.52978977624392,3175558,SHRIRAMFIN
2015-11-26,144.10540771484375,145.0999337242825,143.1448667797203,144.50492203147172,6051394,SHRIRAMFIN
2015-11-27,149.4775390625,150.2850737340498,144.13936787679887,144.436873644309,3165823,SHRIRAMFIN
2015-11-30,149.4775390625,149.4775390625,149.4775390625,149.4775390625,0,SHRIRAMFIN
2015-12-01,149.6815185546875,150.5910481303697,148.49997540638196,149.64752018606265,1386022,SHRIRAMFIN
2015-12-02,150.81207275390625,151.7811062714058,148.0749773810489,150.6250683874823,4608663,SHRIRAMFIN
2015-12-03,146.1879425048828,150.35307666849332,145.43991161845062,149.45205307873928,2458580,SHRIRAMFIN
2015-12-04,143.7058868408203,147.00399638175256,141.95482360478633,147.00399638175256,4087712,SHRIRAMFIN
2015-12-07,145.6439666748047,146.80000502996597,143.94390087357718,144.67493276229632,1584153,SHRIRAMFIN
2015-12-08,145.57594299316406,147.04649957421697,144.58990997902671,144.84492448453256,2643353,SHRIRAMFIN
2015-12-09,145.0829315185547,146.7064808850447,144.0459008920723,145.33794603290616,2167540,SHRIRAMFIN
2015-12-10,140.17823791503906,145.69492056628604,139.85522670773125,145.69492056628604,11353882,SHRIRAMFIN
2015-12-11,137.32212829589844,140.82425384928194,136.5230999087054,140.2547211537324,4855200,SHRIRAMFIN
2015-12-14,135.43505859375,137.19462761882355,133.32699956249252,137.19462761882355,4046346,SHRIRAMFIN
2015-12-15,134.44056701660156,136.76964270431992,132.66401166457956,136.34463627735087,4814671,SHRIRAMFIN
2015-12-16,135.1290740966797,136.65061471669074,133.11450373088257,135.79209573850724,4180727,SHRIRAMFIN
2015-12-17,136.5316162109375,137.70465344043825,135.49457249410787,136.29360094013094,2765162,SHRIRAMFIN
2015-12-18,139.62570190429688,140.74774140868243,135.57105642694168,137.22861690348168,6228712,SHRIRAMFIN
2015-12-21,143.3573455810547,143.63785217357926,139.06469749901157,139.57471311591527,2651318,SHRIRAMFIN
2015-12-22,144.47091674804688,145.3124500572447,143.1448731353726,144.1649046356113,2533994,SHRIRAMFIN
2015-12-23,144.7003936767578,146.03494324568666,143.02583368330718,144.76840374875223,1134640,SHRIRAMFIN
2015-12-24,145.0913848876953,146.71493366243183,143.56983123206894,143.82483234165835,1161452,SHRIRAMFIN
2015-12-28,144.79391479492188,145.5674512579957,144.0458970879738,144.84492568353636,857302,SHRIRAMFIN
2015-12-29,144.16488647460938,146.4854691603666,143.59536696194766,145.52494161541608,1575234,SHRIRAMFIN
2015-12-30,144.6068878173828,146.69796119356408,143.74835552686667,144.84490309561687,1654015,SHRIRAMFIN
2015-12-31,145.9839630126953,148.5850523874655,143.82487925520618,144.50491349682778,2754591,SHRIRAMFIN
2016-01-01,147.17398071289062,147.88799993499558,145.35492096605736,146.03494180840812,596924,SHRIRAMFIN
2016-01-04,142.9578399658203,149.23104707476327,141.81030808658966,145.63543209978124,1399774,SHRIRAMFIN
2016-01-05,147.0379638671875,148.12600512793136,142.35430798827826,144.3263736215032,1721152,SHRIRAMFIN
2016-01-06,148.34701538085938,151.56012844729813,146.78295682158324,147.03797128887564,3760259,SHRIRAMFIN
2016-01-07,139.66824340820312,147.23350986026307,138.62271983592024,147.05499836812123,1288331,SHRIRAMFIN
2016-01-08,143.1363525390625,145.5249318309441,140.59476722052534,140.59476722052534,2641604,SHRIRAMFIN
2016-01-11,139.06466674804688,143.0938065359953,138.04463573979598,142.29477825265474,1796073,SHRIRAMFIN
2016-01-12,137.36465454101562,140.21225190786745,137.0246441072259,140.08473801133343,1066143,SHRIRAMFIN
2016-01-13,137.13510131835938,139.328169240908,133.69248014563294,137.87462577035984,3291686,SHRIRAMFIN
2016-01-14,135.97061157226562,137.4581673183855,133.62453673628642,135.63060111232133,6189014,SHRIRAMFIN
2016-01-15,130.03738403320312,138.4696734188366,129.5443676502453,135.99608525421743,1213979,SHRIRAMFIN
2016-01-18,130.43692016601562,132.09448103378125,126.31427696884506,130.73442597106947,2506047,SHRIRAMFIN
2016-01-19,131.79698181152344,133.28453768497224,128.41387611431549,132.09450097330478,2222289,SHRIRAMFIN
2016-01-20,127.52977752685547,131.0829000901705,126.58624953417912,131.0829000901705,2095852,SHRIRAMFIN
2016-01-21,125.98277282714844,129.71439470399068,125.28573944893175,128.3543529526129,3613536,SHRIRAMFIN
2016-01-22,127.94633483886719,130.43692265781635,126.84129423924662,127.67433447058251,2694921,SHRIRAMFIN
2016-01-25,127.38532257080078,130.40292527011775,126.99430123869499,128.668861341924,1070756,SHRIRAMFIN
2016-01-27,127.03680419921875,128.86437031062277,125.70225456037959,127.50431522947251,2180128,SHRIRAMFIN
2016-01-28,127.63182830810547,128.50735985061695,125.31124573906577,126.8242935288962,4055896,SHRIRAMFIN
2016-01-29,143.52734375,146.0859279596783,127.52130982964609,127.52130982964609,7232947,SHRIRAMFIN
2016-02-01,137.63665771484375,144.36889638987748,136.1916199976032,144.15638653646,2799672,SHRIRAMFIN
2016-02-02,136.2001190185547,143.2213575634494,134.64456652357197,137.63666386041905,2754381,SHRIRAMFIN
2016-02-03,136.71011352539062,141.07075826216013,133.2845040534762,135.15456127137037,2549040,SHRIRAMFIN
2016-02-04,141.55531311035156,142.82185280874663,137.95119138768206,138.4527008533061,3193185,SHRIRAMFIN
2016-02-05,143.04283142089844,144.1478585306296,141.13876259065296,142.80481616121006,2799057,SHRIRAMFIN
2016-02-08,145.60145568847656,147.90502604563054,143.4933827064008,144.45391032427807,2050924,SHRIRAMFIN
2016-02-09,139.0561981201172,144.50488401049356,138.01066149475088,144.50488401049356,1966243,SHRIRAMFIN
2016-02-10,137.7812042236328,139.18375095983114,135.83463000084123,137.70470119031944,1370760,SHRIRAMFIN
2016-02-11,132.5194549560547,138.02764399650786,130.79389774825498,137.70463282863057,2650840,SHRIRAMFIN
2016-02-12,133.73501586914062,134.9250522807781,127.16429019802564,132.85948442144317,5211483,SHRIRAMFIN
2016-02-15,138.24868774414062,139.75324266143264,132.45149750099458,138.3846945886159,1713085,SHRIRAMFIN
2016-02-16,137.56016540527344,143.13635250194358,136.94814129880993,139.40471735220484,1991110,SHRIRAMFIN
2016-02-17,141.76779174804688,142.29480654257205,136.02159995164547,137.88315092148608,2015557,SHRIRAMFIN
2016-02-18,141.9378204345703,144.1308892323592,140.3397632857657,142.80484577623315,1179151,SHRIRAMFIN
2016-02-19,140.45877075195312,143.28086289039075,137.91718524581643,141.9378202442504,1655318,SHRIRAMFIN
2016-02-22,143.05984497070312,144.33487740314612,138.9372019452627,142.3288132417766,1376138,SHRIRAMFIN
2016-02-23,137.59420776367188,145.06596007878292,136.3446670214802,144.53894506836,2754448,SHRIRAMFIN
2016-02-24,138.56320190429688,139.8212352263002,135.40959238011766,136.17462253741655,1674495,SHRIRAMFIN
2016-02-25,135.3160858154297,139.73623477070475,133.0465008591414,139.73623477070475,4054700,SHRIRAMFIN
2016-02-26,136.02162170410156,137.10115690520195,131.83947443346793,135.47759432175755,2486624,SHRIRAMFIN
2016-02-29,136.94813537597656,138.19767566475377,131.43994527966143,136.59961870557615,3836247,SHRIRAMFIN
2016-03-01,144.52188110351562,146.86795546096394,136.3700980439415,136.8716206915633,5025524,SHRIRAMFIN
2016-03-02,147.49700927734375,150.08109943140008,145.031926778229,145.031926778229,3735745,SHRIRAMFIN
2016-03-03,149.31605529785156,150.6250994445426,146.05194452626782,150.2765827641017,2736856,SHRIRAMFIN
2016-03-04,154.875244140625,155.58077044537467,147.57349948824626,149.28205789745977,2475457,SHRIRAMFIN
2016-03-08,156.7538299560547,158.08837974177015,152.24867113159016,154.87526606509715,2656136,SHRIRAMFIN
2016-03-09,159.1678924560547,159.6354034715102,152.58867329979873,154.53523368613205,2620841,SHRIRAMFIN
2016-03-10,157.1873016357422,160.45141203909657,156.40527241164364,159.46537924274224,1963287,SHRIRAMFIN
2016-03-11,157.53585815429688,159.99243451692902,156.40531200289627,157.9353724616612,1695750,SHRIRAMFIN
2016-03-14,160.1369171142578,161.6669639697105,157.7653371668072,157.7653371668072,1587561,SHRIRAMFIN
2016-03-15,157.25535583496094,161.2759911523477,156.57532155023003,160.3154502130636,1087634,SHRIRAMFIN
2016-03-16,154.92623901367188,157.7908355028714,151.01610580631035,157.4168266969653,2872572,SHRIRAMFIN
2016-03-17,155.0707550048828,157.37432501659873,153.92320981276757,156.15029012349288,2240332,SHRIRAMFIN
2016-03-18,154.6967315673828,156.21828555950498,151.67063608523327,155.38525867680912,1779621,SHRIRAMFIN
2016-03-21,158.36886596679688,159.12538985227485,153.35369206948238,154.53523565574935,1735135,SHRIRAMFIN
2016-03-22,158.70889282226562,159.77142887234783,156.762332209737,158.95540107939016,2122146,SHRIRAMFIN
2016-03-23,154.11874389648438,159.12541224721022,153.0052102277725,157.25535458654898,1398143,SHRIRAMFIN
2016-03-28,153.9741973876953,156.9833068215616,151.91713573837336,151.91713573837336,1523580,SHRIRAMFIN
2016-03-29,156.94081115722656,159.8054076777953,154.07621463665782,154.62873491242425,1709010,SHRIRAMFIN
2016-03-30,161.19947814941406,162.64452928331556,158.13937064890607,158.74288855941782,2979433,SHRIRAMFIN
2016-03-31,162.0409698486328,164.0555401581194,160.0604112292203,160.99544650221137,4096518,SHRIRAMFIN
2016-04-01,157.49331665039062,162.82299493993062,156.40527539127274,162.3724831600037,2158622,SHRIRAMFIN
2016-04-04,156.97479248046875,157.73982251944832,155.06223069483536,157.2638053076183,1937598,SHRIRAMFIN
2016-04-05,157.13633728027344,158.91289261446585,154.9262559596686,156.74531592967685,1651018,SHRIRAMFIN
2016-04-06,157.4848175048828,158.78536864907056,154.10171256586284,157.8503333578302,1918267,SHRIRAMFIN
2016-04-07,160.91043090820312,162.1854765371957,156.59229093226654,158.10533851150873,1901420,SHRIRAMFIN
2016-04-08,160.81695556640625,162.8400190726611,158.5303713154906,162.01549839153645,1834714,SHRIRAMFIN
2016-04-11,161.98997497558594,162.84850725586824,159.499387393614,159.9754046325915,822822,SHRIRAMFIN
2016-04-12,164.2935791015625,167.28567643206665,159.81392604568646,160.14543024919024,1734499,SHRIRAMFIN
2016-04-13,167.6342010498047,170.8388083939934,165.57712571812127,165.8491394198466,3274295,SHRIRAMFIN
2016-04-18,170.01426696777344,171.4848235071235,167.18366860247679,167.62568752063663,2767102,SHRIRAMFIN
2016-04-20,168.8497314453125,170.67728427369502,166.945662288791,168.8157197510893,2264184,SHRIRAMFIN
2016-04-21,164.2170867919922,169.46175705816356,163.63056805293164,167.91471071729518,2387214,SHRIRAMFIN
2016-04-22,162.27899169921875,165.4580931197336,161.53946703895326,163.87704866029358,1690044,SHRIRAMFIN
2016-04-25,166.5206298828125,168.08468847244725,162.42349231974575,162.42349231974575,2513575,SHRIRAMFIN
2016-04-26,168.03366088867188,168.98568191251252,165.75558348257402,165.81507398071494,1753984,SHRIRAMFIN
2016-04-27,169.05374145507812,169.81026539543663,166.94566861245502,166.94566861245502,2351041,SHRIRAMFIN
2016-04-28,163.9280548095703,169.206736158435,162.35550320682538,169.0707293209545,4287839,SHRIRAMFIN
2016-04-29,160.28993225097656,164.0555524408394,157.25533049565556,163.97055648883085,2788439,SHRIRAMFIN
2016-05-02,184.11622619628906,185.68028476114625,163.69853546403806,163.69853546403806,18431080,SHRIRAMFIN
2016-05-03,177.25648498535156,191.68146089524913,175.85392550259962,185.34025787476514,13290100,SHRIRAMFIN
2016-05-04,177.22250366210938,183.45321968322736,175.55644982201864,177.14600064652083,6394037,SHRIRAMFIN
2016-05-05,174.92742919921875,180.71612640696037,174.0944022663492,178.1660480344468,4850895,SHRIRAMFIN
2016-05-06,178.6590576171875,179.96810179139646,175.48844898144424,177.06100057837776,1939261,SHRIRAMFIN
2016-05-09,178.34454345703125,179.86609751740406,176.97599542783863,179.18607662852222,2483858,SHRIRAMFIN
2016-05-10,180.77566528320312,183.14724595096874,178.42959006324415,179.35611938382735,3880528,SHRIRAMFIN
2016-05-11,184.354248046875,184.94927299564696,176.21098305297866,177.65602082259414,3293174,SHRIRAMFIN
2016-05-12,190.3469696044922,191.03548347710927,184.65177432739983,186.1563292931528,5036623,SHRIRAMFIN
2016-05-13,181.90614318847656,190.23642492261237,179.8745869630692,189.72640930360197,3168851,SHRIRAMFIN
2016-05-16,182.18667602539062,184.91526577108596,179.96810193490606,182.43318425766668,2694372,SHRIRAMFIN
2016-05-17,186.8022918701172,188.52786252618048,182.26314928617708,182.26314928617708,3717800,SHRIRAMFIN
2016-05-18,193.09255981445312,195.00512202521716,182.3481917508231,186.8873488047215,4373209,SHRIRAMFIN
2016-05-19,187.15081787109375,194.0870592829363,183.94621121419215,193.09252021515286,3193837,SHRIRAMFIN
2016-05-20,182.34815979003906,190.64444304246408,181.47262832911835,189.54790880958905,2995772,SHRIRAMFIN
2016-05-23,189.58192443847656,190.91647406579656,183.2492133649098,185.30627519208832,4039505,SHRIRAMFIN
2016-05-24,196.6201629638672,197.83570495084416,188.35787729060084,190.74646994324866,6325355,SHRIRAMFIN
2016-05-25,194.18907165527344,200.89580464689126,192.83752288044013,198.05670026345663,3594436,SHRIRAMFIN
2016-05-26,203.42892456054688,204.64446674594114,192.29354750898943,192.29354750898943,4595495,SHRIRAMFIN
2016-05-27,202.99539184570312,207.37303654533986,199.33176645676087,203.15690413729968,3826266,SHRIRAMFIN
2016-05-30,204.03240966796875,207.3730235766205,199.86727509636694,202.33235745748178,2653848,SHRIRAMFIN
2016-05-31,200.6747589111328,204.41488638417474,199.49322883688012,203.02084649553495,4411660,SHRIRAMFIN
2016-06-01,197.61471557617188,202.8848910868393,196.52667410286685,200.691808948189,2813400,SHRIRAMFIN
2016-06-02,196.62869262695312,198.90677084235702,195.19213436377893,197.80173012047504,2896239,SHRIRAMFIN
2016-06-03,199.1957550048828,200.91281978580452,197.20668984665028,197.20668984665028,3185431,SHRIRAMFIN
2016-06-06,195.52365112304688,201.3208417958298,192.92256162911872,199.1957696369343,2723212,SHRIRAMFIN
2016-06-07,199.2467041015625,200.83625448485978,195.09006359468827,197.19813575214158,5231861,SHRIRAMFIN
2016-06-08,205.63046264648438,206.4549966048662,199.38274760142315,201.0488147087721,6409267,SHRIRAMFIN
2016-06-09,203.513916015625,208.25707667432067,202.34087857303464,205.70698485944018,4718233,SHRIRAMFIN
2016-06-10,201.4058074951172,205.1459352829667,200.67477580198482,204.00689642626622,1690059,SHRIRAMFIN
2016-06-13,197.07064819335938,202.98685836011077,195.5066030366718,199.75674629155998,2410153,SHRIRAMFIN
2016-06-14,197.61471557617188,200.07979809928463,196.18666363842496,198.46474173727654,1834093,SHRIRAMFIN
2016-06-15,197.21517944335938,200.2497811551223,196.37364631556005,198.0566992593418,1490501,SHRIRAMFIN
2016-06-16,197.20668029785156,198.3032146293422,194.8351001640572,196.96867831525142,3224483,SHRIRAMFIN
2016-06-17,194.0615234375,197.3596317715881,193.12648833270146,197.3596317715881,1990412,SHRIRAMFIN
2016-06-20,193.60255432128906,195.0986028793102,191.8599975353244,192.80352581529039,2468478,SHRIRAMFIN
2016-06-21,196.5266571044922,197.84420752410804,191.91099747796576,193.46654987737784,4015772,SHRIRAMFIN
2016-06-22,196.441650390625,197.7422016365586,194.48659701970735,196.67966568532907,1195146,SHRIRAMFIN
2016-06-23,195.328125,197.0706819026814,194.01058782023415,196.33966342097548,2122813,SHRIRAMFIN
2016-06-24,194.97958374023438,196.00810784114424,186.33478435988042,192.92250891478398,2862360,SHRIRAMFIN
2016-06-27,196.6031951904297,197.75072728542253,192.56556057026745,193.63658963813947,1445749,SHRIRAMFIN
2016-06-28,196.00814819335938,197.0366858178297,194.0955860415681,196.69667536025872,1846830,SHRIRAMFIN
2016-06-29,194.63107299804688,196.83264764576631,193.12651833478333,195.9996208397985,3078745,SHRIRAMFIN
2016-06-30,204.66993713378906,206.5059961646669,195.82963910619642,196.01664351625226,14278735,SHRIRAMFIN
2016-07-01,208.5375518798828,211.65716275366557,205.40094181649044,206.50598232382973,3597017,SHRIRAMFIN
2016-07-04,210.8921356201172,214.54725429741012,208.85205978473707,208.85205978473707,2843035,SHRIRAMFIN
2016-07-05,209.2515869140625,213.0002213341328,208.25706103170566,210.77314096143593,1700584,SHRIRAMFIN
2016-07-07,206.2169952392578,210.84965437339537,205.5114688791448,210.7901505464198,2740926,SHRIRAMFIN
2016-07-08,205.8429718017578,209.52359606694003,203.8454005170119,206.70999707776787,1596474,SHRIRAMFIN
2016-07-11,217.54791259765625,219.6049881431717,207.44107299999837,209.75314976954732,3171145,SHRIRAMFIN
2016-07-12,221.18597412109375,222.67352967527836,219.009904795859,220.99896972343487,4302326,SHRIRAMFIN
2016-07-13,218.6698760986328,220.98195205936705,216.38330557610757,219.68141432338481,1941175,SHRIRAMFIN
2016-07-14,216.4853515625,219.8259657209711,215.23581109757575,218.66992746902508,1956626,SHRIRAMFIN
2016-07-15,216.16232299804688,219.79194975715382,215.56731138337904,218.30439409684942,2636882,SHRIRAMFIN
2016-07-18,209.9191131591797,218.38283525630345,208.40743853179333,217.11029098878228,4999224,SHRIRAMFIN
2016-07-19,205.38409423828125,210.6024039361785,202.6681940625943,208.56120217012878,5073715,SHRIRAMFIN
2016-07-20,203.69305419921875,206.9811739422514,202.41196320033777,206.43458064436692,2279009,SHRIRAMFIN
2016-07-21,199.26902770996094,208.61243335442228,198.28686641800456,204.6154422903117,4602089,SHRIRAMFIN
2016-07-22,201.2077178955078,203.77843284317896,197.2875929366741,199.67895007988608,2687880,SHRIRAMFIN
2016-07-25,204.7606201171875,205.52073078217805,200.7209230381211,202.41195560321324,2718757,SHRIRAMFIN
2016-07-26,207.17759704589844,210.90129790028553,204.76061346635794,204.76061346635794,4409017,SHRIRAMFIN
2016-07-27,215.0264129638672,217.42631682282848,206.1698150280185,208.37329466137635,7732469,SHRIRAMFIN
2016-07-28,210.5852813720703,215.23990394027663,209.24441794617914,214.81288256815012,4616411,SHRIRAMFIN
2016-07-29,218.67324829101562,225.81318774447567,210.3120171316298,211.24293908401114,9217649,SHRIRAMFIN
2016-08-01,221.80764770507812,226.2231270284388,214.3687919945044,218.8098976855299,5786680,SHRIRAMFIN
2016-08-02,219.27110290527344,223.37058631332212,216.07691511705863,222.03825587757277,2611927,SHRIRAMFIN
2016-08-03,211.74684143066406,220.17639181035517,210.6109352749379,219.49314682567268,3511678,SHRIRAMFIN
2016-08-04,215.7865447998047,216.879731455865,209.6629393848738,214.36880205452866,2451041,SHRIRAMFIN
2016-08-05,221.9528350830078,222.56776091445005,216.07690686018427,217.78503268364264,2490447,SHRIRAMFIN
2016-08-08,220.22763061523438,224.62604333201742,217.10177564559922,222.99478332809554,2007691,SHRIRAMFIN
2016-08-09,220.11660766601562,223.38766111306032,218.15228500647316,221.20127446923024,2207787,SHRIRAMFIN
2016-08-10,218.1010284423828,222.1151127521374,213.9332260499546,220.5265588151993,2209820,SHRIRAMFIN
2016-08-11,218.43409729003906,220.8596274359366,213.85634031395716,219.68101524625465,1618335,SHRIRAMFIN
2016-08-12,221.37208557128906,223.42182054073288,216.93097976256286,218.16081806924288,2580938,SHRIRAMFIN
2016-08-16,217.2469940185547,223.76346170887294,215.8207179770532,223.76346170887294,3839752,SHRIRAMFIN
2016-08-17,218.20355224609375,219.83479920001096,216.41857381223326,218.29749777551098,2156466,SHRIRAMFIN
2016-08-18,219.22837829589844,220.68882707845316,217.31528174152686,218.90383560810076,1727197,SHRIRAMFIN
2016-08-19,217.05906677246094,220.12513576504938,215.70965669249568,220.12513576504938,1137780,SHRIRAMFIN
2016-08-22,218.092529296875,219.47609925646458,215.9146755573039,216.9310099774237,1472510,SHRIRAMFIN
2016-08-23,216.31607055664062,218.73305457520377,213.73680848430496,218.73305457520377,1236050,SHRIRAMFIN
2016-08-24,216.042724609375,217.25549635796932,213.3780641193949,217.25549635796932,1360374,SHRIRAMFIN
2016-08-25,213.32687377929688,218.6391161946363,211.83226516910617,216.93100353293215,1711304,SHRIRAMFIN
2016-08-26,214.88975524902344,215.95732877631815,211.39665156473131,214.0783918783187,909521,SHRIRAMFIN
2016-08-29,214.83853149414062,215.8121596453466,212.09700487427048,214.3688038937511,1716944,SHRIRAMFIN
2016-08-30,216.7943115234375,217.93875080640487,215.06910601854779,215.65840544597856,1581413,SHRIRAMFIN
2016-08-31,211.30274963378906,218.52808886358383,210.1583101485163,216.93100153337167,4097949,SHRIRAMFIN
2016-09-01,205.23892211914062,211.79809583793892,203.45394380110815,210.97819912308913,3642324,SHRIRAMFIN
2016-09-02,207.79254150390625,209.58606626302867,203.89802906981976,205.9306975967884,2902428,SHRIRAMFIN
2016-09-06,211.44790649414062,212.1482312486432,207.51923455435607,208.33059798481747,3612176,SHRIRAMFIN
2016-09-07,206.19544982910156,211.88347352245623,205.36700661573047,211.46498531284743,2648762,SHRIRAMFIN
2016-09-08,207.78399658203125,208.88574316423805,205.5378240121763,206.19545600407335,1270771,SHRIRAMFIN
2016-09-09,208.84303283691406,210.78174244974306,205.59760584742824,208.39038504954473,2220221,SHRIRAMFIN
2016-09-12,200.73805236816406,206.87019193454228,199.84983640135283,206.87019193454228,1663047,SHRIRAMFIN
2016-09-14,197.3986358642578,201.38709369423046,193.8713723941634,201.38709369423046,3623794,SHRIRAMFIN
2016-09-15,195.79299926757812,197.7658817637903,193.25644370097987,197.44133907555667,2561715,SHRIRAMFIN
2016-09-16,193.62367248535156,198.99569938349887,192.3511282310466,198.48326572488472,4755652,SHRIRAMFIN
2016-09-19,193.05148315429688,195.67345116636545,190.73697806057714,193.62370283568362,3717097,SHRIRAMFIN
2016-09-20,194.69125366210938,197.69753659501714,191.07004496453834,194.72541323238408,3047047,SHRIRAMFIN
2016-09-21,194.97311401367188,198.2441674534012,193.28208132905795,196.09194038891127,3963558,SHRIRAMFIN
2016-09-22,202.7279510498047,203.76135159448657,197.1680196506645,197.6292139660212,7891692,SHRIRAMFIN
2016-09-23,202.71092224121094,207.4423983286069,201.54085637374382,204.46174106392934,6342433,SHRIRAMFIN
2016-09-26,198.06478881835938,204.2738057573376,196.43354224786253,202.41194864619726,2133718,SHRIRAMFIN
2016-09-27,196.08340454101562,199.37153794795555,194.5375566506657,198.58580081792743,2449194,SHRIRAMFIN
2016-09-28,201.54083251953125,202.4461281109864,196.4506413380576,196.4506413380576,2054496,SHRIRAMFIN
2016-09-29,191.9070281982422,204.5300197373536,188.2601930046195,202.48881815356293,3766186,SHRIRAMFIN
2016-09-30,198.59432983398438,199.84980792418736,191.7020803971093,191.82165228663945,2608387,SHRIRAMFIN
2016-10-03,208.2451934814453,210.09850421977205,196.4335642268021,200.4817948252286,3611729,SHRIRAMFIN
2016-10-04,207.25448608398438,210.9525609887433,205.23891067340486,208.85157326630855,2542091,SHRIRAMFIN
2016-10-05,210.47427368164062,212.1482264901919,206.25523208762482,207.36549844793234,2329386,SHRIRAMFIN
2016-10-06,206.0673370361328,214.36879568512515,204.52150261724464,210.61093490111034,3952063,SHRIRAMFIN
2016-10-07,203.4368438720703,208.2366654831788,202.30949762971,206.06734518744105,3060297,SHRIRAMFIN
2016-10-10,201.22483825683594,205.64886457629183,200.78927021523785,205.37557458691722,1053930,SHRIRAMFIN
2016-10-13,196.65557861328125,199.74727367640494,194.70832271579133,199.74727367640494,2308875,SHRIRAMFIN
2016-10-14,197.6206512451172,198.46617408754489,195.20366795177662,197.28757540562816,2497487,SHRIRAMFIN
2016-10-17,193.27354431152344,199.53380157420648,191.95829363064675,196.8264344786703,2345202,SHRIRAMFIN
2016-10-18,197.0741424560547,198.13318310746706,189.99398737804796,193.35898703060144,4104974,SHRIRAMFIN
2016-10-19,195.01583862304688,200.70387642989897,193.67496151206402,198.65412789479822,3278616,SHRIRAMFIN
2016-10-20,194.63150024414062,198.056285297353,193.49560740568805,197.28762796310278,5234108,SHRIRAMFIN
2016-10-21,196.6812744140625,197.2876537793496,193.41022039966356,193.9568271866268,1974818,SHRIRAMFIN
2016-10-24,197.21929931640625,199.84980053927583,196.16025888743224,197.88546451570795,2500859,SHRIRAMFIN
2016-10-25,197.6548309326172,198.8248830752816,195.25492734081203,197.15093049166563,2477561,SHRIRAMFIN
2016-10-26,192.6671142578125,197.33881624970374,191.24083864281485,197.33881624970374,3567715,SHRIRAMFIN
2016-10-27,186.36422729492188,192.84653560589365,184.65611462566602,192.84653560589365,3206389,SHRIRAMFIN
2016-10-28,184.44261169433594,189.51572410815402,182.597833816632,185.33082767717076,3092698,SHRIRAMFIN
2016-11-01,179.992919921875,187.64529306850935,179.36946088828162,184.69024918849288,2938087,SHRIRAMFIN
2016-11-02,181.56442260742188,182.4099323783807,176.627962173437,179.18159802575053,4529384,SHRIRAMFIN
2016-11-03,179.4554901123047,184.31629648978526,178.50389394693988,180.45850576572465,2413298,SHRIRAMFIN
2016-11-04,176.74647521972656,180.89573286157824,174.03746009482126,179.5326598589491,2313242,SHRIRAMFIN
2016-11-07,177.4665985107422,182.0530693933738,174.63754646888114,178.1695687321413,1898469,SHRIRAMFIN
2016-11-08,181.1357879638672,182.70461955612868,177.96383616621998,178.1352926572967,2757470,SHRIRAMFIN
2016-11-09,169.39093017578125,173.1715506271851,144.91544676535648,173.1715506271851,8264976,SHRIRAMFIN
2016-11-10,165.7046356201172,177.89523000679887,164.35870698140332,171.45702657392454,8335376,SHRIRAMFIN
2016-11-11,151.23365783691406,163.98148888578672,141.01481983212472,163.98148888578672,12489415,SHRIRAMFIN
2016-11-15,143.57809448242188,153.62547552425184,138.02289697677375,153.62547552425184,11453974,SHRIRAMFIN
2016-11-16,146.11566162109375,151.9023271836327,144.21248284256282,147.4530246868926,6927570,SHRIRAMFIN
2016-11-17,144.88975524902344,151.730883300747,143.586680681942,147.27300157010933,7936424,SHRIRAMFIN
2016-11-18,142.60935974121094,146.67289518309738,142.00925543520222,145.22407403973318,4764027,SHRIRAMFIN
2016-11-21,142.06069946289062,143.99815334782173,136.30830930391184,143.99815334782173,6931445,SHRIRAMFIN
2016-11-22,141.53775024414062,146.2442439271664,138.1086077940611,144.88115775587832,2800771,SHRIRAMFIN
2016-11-23,146.14134216308594,147.27295993699002,140.08034210690258,144.01528786566337,6883567,SHRIRAMFIN
2016-11-24,149.45046997070312,151.38792349134107,144.71825397752178,146.03847244070556,8630192,SHRIRAMFIN
2016-11-25,156.72886657714844,160.29517753563164,150.36781897219683,150.8821884214186,6862563,SHRIRAMFIN
2016-11-28,159.11207580566406,160.82664009056217,155.1771299623746,156.008702367093,3789268,SHRIRAMFIN
2016-11-29,155.77725219726562,160.98954970710685,154.96283742407897,159.28355066226206,4271085,SHRIRAMFIN
2016-11-30,155.0742950439453,157.32895222651405,154.00268879610857,157.32895222651405,4627218,SHRIRAMFIN
2016-12-01,154.58563232421875,157.32037023286495,152.5967320270215,155.51150525930834,2797882,SHRIRAMFIN
2016-12-02,153.54830932617188,155.03141905815932,151.07076290587048,151.07076290587048,3054580,SHRIRAMFIN
2016-12-05,153.71119689941406,155.51149633064466,152.85391465250714,153.5568847524256,4534916,SHRIRAMFIN
2016-12-06,157.8347625732422,159.2664396553347,154.4742101133284,155.13432630392856,3098394,SHRIRAMFIN
2016-12-07,154.00265502929688,158.59770333096287,152.75101372867508,158.59770333096287,11337784,SHRIRAMFIN
2016-12-08,155.99159240722656,157.0546198127912,153.79693352887784,156.36879394785228,9262961,SHRIRAMFIN
2016-12-09,152.5538330078125,156.44591128044127,150.45348846028656,153.96835186026468,6154493,SHRIRAMFIN
2016-12-12,148.79037475585938,154.825665753586,147.84735760064703,152.2366613649438,2340183,SHRIRAMFIN
2016-12-13,144.6840057373047,150.53926224481958,143.73240958556897,148.99614060711497,2962950,SHRIRAMFIN
2016-12-14,144.16961669921875,148.1388380924176,143.68095710534342,146.42427364563974,3539692,SHRIRAMFIN
2016-12-15,146.14134216308594,148.56746869845804,142.52361294221032,144.70967900213276,3498895,SHRIRAMFIN
2016-12-16,145.45555114746094,148.37032448964666,144.80401389274775,148.0531347270286,3533200,SHRIRAMFIN
2016-12-19,142.15499877929688,146.08136627885034,141.45201524663526,146.08136627885034,3044055,SHRIRAMFIN
2016-12-20,138.9916534423828,141.87213876725363,138.02292622638413,140.9548444738739,5575668,SHRIRAMFIN
2016-12-21,138.82015991210938,141.3662969971504,138.26292307661393,139.73745396080662,4070521,SHRIRAMFIN
2016-12-22,135.69967651367188,140.74051906850286,135.1081509204382,138.98308659616816,5642513,SHRIRAMFIN
2016-12-23,137.79141235351562,140.2432489024327,135.45102047946722,135.79393336773308,6656755,SHRIRAMFIN
2016-12-26,134.63662719726562,137.5085331635758,133.4021298622767,137.36278643627634,2708597,SHRIRAMFIN
2016-12-27,138.5972442626953,139.2144793287867,134.59372135570862,135.62245989131097,1643233,SHRIRAMFIN
2016-12-28,139.67745971679688,142.2150316815386,137.79143847381295,138.88018911426272,2557830,SHRIRAMFIN
2016-12-29,142.6608123779297,143.8524422905163,139.84035262820368,139.84035262820368,4180040,SHRIRAMFIN
2016-12-30,146.3300018310547,148.06171091772674,143.33807219077855,143.8524416251996,3989431,SHRIRAMFIN
2017-01-02,151.63656616210938,152.59672767657983,146.5957383493182,146.87863948515704,4089087,SHRIRAMFIN
2017-01-03,153.10255432128906,155.6658360780231,150.93361844041624,152.59675032193354,3296058,SHRIRAMFIN
2017-01-04,156.33447265625,156.9259980123676,151.9108806416505,151.9108806416505,3478759,SHRIRAMFIN
2017-01-05,156.857421875,158.42625292262287,155.85439302386865,157.68898086912702,6718411,SHRIRAMFIN
2017-01-06,159.08636474609375,161.83824667417667,157.25177679403848,158.5977185866283,4834792,SHRIRAMFIN
2017-01-09,159.36927795410156,161.76968174318492,156.40307189265528,159.79792580319048,1909903,SHRIRAMFIN
2017-01-10,161.07528686523438,161.51250017966416,158.76919673996247,160.46661708582323,1544619,SHRIRAMFIN
2017-01-11,165.59320068359375,169.21952349182814,159.89225573446143,161.16960722818487,5868883,SHRIRAMFIN
2017-01-12,161.61537170410156,167.46204896342005,159.9693843487725,166.6562130143416,5475864,SHRIRAMFIN
2017-01-13,163.79287719726562,164.41869126777473,161.25531888257487,162.6955477886532,1453615,SHRIRAMFIN
2017-01-16,164.7359161376953,166.06470053259508,161.94116605012275,164.94166123344513,2129274,SHRIRAMFIN
2017-01-17,163.77572631835938,167.41919275991074,162.71269898507995,164.94163289456532,1763775,SHRIRAMFIN
2017-01-18,162.4469451904297,165.76464336199302,161.64110917006815,162.88417194809116,2074047,SHRIRAMFIN
2017-01-19,161.67539978027344,162.7555715393097,160.84382715446455,162.7127174898815,2369171,SHRIRAMFIN
2017-01-20,156.41165161132812,161.59822617146656,155.63152541015884,161.59822617146656,3239641,SHRIRAMFIN
2017-01-23,157.7919158935547,159.52362512203405,155.1686221653714,156.45455256945428,2751343,SHRIRAMFIN
2017-01-24,161.7439727783203,162.31835396529874,157.92048410842034,158.8549225390136,2810546,SHRIRAMFIN
2017-01-25,163.11563110351562,163.70715657004212,160.4408914945595,162.0354459926262,3935267,SHRIRAMFIN
2017-01-27,164.84735107421875,168.02788141884153,162.38694866024784,163.69000980645006,4225680,SHRIRAMFIN
2017-01-30,167.69351196289062,168.5422287815068,160.62091655926358,165.02736481430455,2756849,SHRIRAMFIN
2017-01-31,163.69854736328125,170.8825999993819,160.07223915692396,169.36520186192035,5109780,SHRIRAMFIN
2017-02-01,167.98501586914062,168.88516572368076,160.31231508061435,162.6612728273019,4743988,SHRIRAMFIN
2017-02-02,166.4333038330078,168.83370756131188,165.3959862678219,168.0278582177188,2198633,SHRIRAMFIN
2017-02-03,165.27598571777344,168.1736012364946,164.63301392320088,167.1362836112618,2287420,SHRIRAMFIN
2017-02-06,165.3359832763672,168.01072283721635,163.74144223243255,166.3132891220624,1756976,SHRIRAMFIN
2017-02-07,162.7898712158203,166.3133010357377,160.8952711632882,165.79893162096542,1627515,SHRIRAMFIN
2017-02-08,163.681396484375,165.10449419907775,160.9809477416753,163.56995182277362,2288400,SHRIRAMFIN
2017-02-09,163.31280517578125,164.84734797211416,161.16959257990723,163.37281695432745,7107120,SHRIRAMFIN
2017-02-10,165.39599609375,167.8306885716458,163.39853034402822,163.39853034402822,5721442,SHRIRAMFIN
2017-02-13,165.67889404296875,166.63904206955038,163.7414268371285,165.8589159243177,1452317,SHRIRAMFIN
2017-02-14,163.07275390625,166.0389599265579,162.36978379491,166.0389599265579,2947155,SHRIRAMFIN
2017-02-15,160.0636749267578,165.11308136662277,158.59772298227995,160.32943174722945,3353609,SHRIRAMFIN
2017-02-16,161.5382080078125,163.20991845171642,158.9920710180891,160.65520259810464,2041580,SHRIRAMFIN
2017-02-17,161.1095733642578,164.41869249289982,159.30070835365476,162.71270673012026,2290381,SHRIRAMFIN
2017-02-20,161.4696502685547,162.16404158551666,160.140852561822,161.55537179051444,1518612,SHRIRAMFIN
2017-02-21,162.62696838378906,163.19277067134846,160.33802264031755,161.51249468658708,1934278,SHRIRAMFIN
2017-02-22,161.93255615234375,163.36423295893977,160.5694834069421,163.22706511290792,3018259,SHRIRAMFIN
2017-02-23,160.072265625,163.61283948876252,159.12924838797852,162.02686388699402,12154238,SHRIRAMFIN
2017-02-27,160.0636749267578,161.47819396498525,159.4978726816476,160.05509606299012,1943556,SHRIRAMFIN
2017-02-28,159.31787109375,160.81812538539933,158.70062238628697,160.31232137779386,2763844,SHRIRAMFIN
2017-03-01,158.70919799804688,160.3894741779544,156.27450525498978,159.62649217485168,3549047,SHRIRAMFIN
2017-03-02,154.1741485595703,160.16657286643837,153.46259952548925,158.92351012935225,2525778,SHRIRAMFIN
2017-03-03,157.67185974121094,159.19782354885038,152.288105518469,152.66532046368593,5167341,SHRIRAMFIN
2017-03-06,160.0894012451172,160.8266599510322,157.07174893541617,157.07174893541617,2474077,SHRIRAMFIN
2017-03-07,163.26136779785156,164.0843615195661,160.14941481625544,160.6552187748466,4526870,SHRIRAMFIN
2017-03-08,164.65013122558594,165.7045929813644,161.76966048270262,163.74141616356025,3899099,SHRIRAMFIN
2017-03-09,164.7616424560547,166.06470370432783,163.80148075694387,164.36728313742609,6747512,SHRIRAMFIN
2017-03-10,164.4873046875,165.56747651665188,163.71574379135225,164.34155794853044,2097519,SHRIRAMFIN
2017-03-14,173.78024291992188,175.53767497221838,167.94213105335393,167.94213105335393,12343066,SHRIRAMFIN
2017-03-15,183.15037536621094,186.8881288131664,172.33143399782568,172.33143399782568,7548013,SHRIRAMFIN
2017-03-16,180.03842163085938,184.4620143086005,178.10953314345062,183.74189987810067,3872081,SHRIRAMFIN
2017-03-17,181.16148376464844,181.81300759193658,179.18972770245207,181.2300609805356,5706314,SHRIRAMFIN
2017-03-20,180.66421508789062,182.75598077325137,179.08680524850206,182.60166864927965,1778764,SHRIRAMFIN
2017-03-21,179.9698486328125,182.17307287174216,175.057596213636,181.17862271802633,2941803,SHRIRAMFIN
2017-03-22,177.34657287597656,178.5210584700257,175.78630685229618,178.14384348024495,3606146,SHRIRAMFIN
2017-03-23,177.09791564941406,180.03839818742586,175.151883112341,177.45797281777965,2868836,SHRIRAMFIN
2017-03-24,176.9264678955078,179.51547225530962,176.300653895374,177.97235085025153,3652018,SHRIRAMFIN
2017-03-27,175.0233154296875,179.88412173027706,174.22604486836875,176.42926920577548,2886761,SHRIRAMFIN
2017-03-28,184.07623291015625,185.09640620227813,175.914886849539,176.60071267012583,6314600,SHRIRAMFIN
2017-03-29,182.12167358398438,184.83070246406353,179.41265812936166,184.83070246406353,3298116,SHRIRAMFIN
2017-03-30,180.49282836914062,186.03088239469344,178.59821468747924,182.94465214882902,7316854,SHRIRAMFIN
2017-03-31,184.8306427001953,185.88510456021567,180.3727616017489,182.17306102856878,3644028,SHRIRAMFIN
2017-04-03,189.3056640625,190.14580198703285,185.86795629270935,186.03083387429444,2805410,SHRIRAMFIN
2017-04-05,189.89720153808594,191.94611357367145,186.6566597479135,189.4599882460493,3777511,SHRIRAMFIN
2017-04-06,187.57395935058594,189.46855928908616,185.61078219775848,186.8881335055013,3173074,SHRIRAMFIN
2017-04-07,186.57093811035156,188.97132849557542,185.18212873313607,186.3737584869426,1640360,SHRIRAMFIN
2017-04-10,186.7938232421875,190.3172660891097,184.7706344211184,188.6027015670939,3987235,SHRIRAMFIN
2017-04-11,185.87655639648438,188.60272915323307,184.1619916236863,186.8881509549807,2903777,SHRIRAMFIN
2017-04-12,182.91030883789062,186.60520784712972,181.69296946531145,185.85937032474996,3952889,SHRIRAMFIN
2017-04-13,180.17559814453125,183.44184983161253,179.36118329529197,182.60171181381398,1472648,SHRIRAMFIN
2017-04-17,184.90782165527344,185.61937070542317,178.40959324205426,181.40152274339607,1479166,SHRIRAMFIN
2017-04-18,181.8215789794922,186.60522892904868,181.11860884374397,185.17356548992564,1304368,SHRIRAMFIN
2017-04-19,187.7368621826172,188.328387682486,179.17257716847016,180.372785898322,3492312,SHRIRAMFIN
2017-04-20,184.3076934814453,188.07974876341737,183.6390119916079,187.74541473122468,1904869,SHRIRAMFIN
2017-04-21,180.62991333007812,186.2022672502415,180.0641111583113,186.2022672502415,3075214,SHRIRAMFIN
2017-04-24,180.63856506347656,181.61587110251176,178.77825338540868,181.40154712961308,2118313,SHRIRAMFIN
2017-04-25,186.99102783203125,187.57397447718276,181.4786840332678,182.20737740879778,3497643,SHRIRAMFIN
2017-04-26,180.66421508789062,187.74538821440314,179.51545302074572,187.74538821440314,4352292,SHRIRAMFIN
2017-04-27,178.4010009765625,183.793320249566,176.08633226447992,180.5270689423538,10449718,SHRIRAMFIN
2017-04-28,178.08380126953125,179.61834386053758,174.16601271280575,178.65818238317877,3570871,SHRIRAMFIN
2017-05-02,172.94007873535156,179.42114798182166,172.4428537395209,178.9753693134568,3566458,SHRIRAMFIN
2017-05-03,174.6289520263672,177.61230232095096,171.6284574292751,172.55431689198426,1955943,SHRIRAMFIN
2017-05-04,174.82614135742188,176.0863483526955,173.85740094643657,176.0863483526955,1845368,SHRIRAMFIN
2017-05-05,171.61129760742188,175.5719533395175,171.1997941080796,175.5719533395175,4535799,SHRIRAMFIN
2017-05-08,171.2598419189453,173.2487423540728,170.95979645085572,172.77724041486718,1265044,SHRIRAMFIN
2017-05-09,172.19427490234375,173.17158078437828,169.87104046359892,172.0485416054211,3249951,SHRIRAMFIN
2017-05-10,173.44589233398438,174.70609919499876,172.46858658811476,172.46858658811476,2288107,SHRIRAMFIN
2017-05-11,173.9860076904297,175.51197156550225,172.7943778793445,174.0202962982048,2186286,SHRIRAMFIN
2017-05-12,169.70814514160156,174.74898658584297,168.56796168748127,174.0288587078353,2419225,SHRIRAMFIN
2017-05-15,170.8054962158203,172.125715163273,169.74245528027978,169.74245528027978,3628956,SHRIRAMFIN
2017-05-16,173.2229766845703,174.20028235778776,171.18264383633596,171.4398351926355,4162792,SHRIRAMFIN
2017-05-17,173.62594604492188,174.53467475085222,173.22302131901614,173.22302131901614,2242518,SHRIRAMFIN
2017-05-18,170.5397186279297,173.51449026215505,169.75957897041468,173.51449026215505,1260246,SHRIRAMFIN
2017-05-19,171.29412841796875,174.4317911985581,169.75102019693347,171.62847591652593,1960146,SHRIRAMFIN
2017-05-22,171.01124572753906,173.54880442795002,170.08537263964925,171.79995094032054,1809600,SHRIRAMFIN
2017-05-23,164.46157836914062,172.25430299476844,163.79289674709156,172.25430299476844,1766972,SHRIRAMFIN
2017-05-24,161.97543334960938,165.24168498214837,160.10655657699436,164.25581368503452,3189731,SHRIRAMFIN
2017-05-25,165.21595764160156,166.51903198019124,160.63805315476168,161.23815741872852,3845294,SHRIRAMFIN
2017-05-26,169.14231872558594,170.7625827254961,165.94464476590045,166.31326737867687,3896677,SHRIRAMFIN
2017-05-29,170.36827087402344,172.58862613247643,166.82768333550854,169.39953040103816,3185693,SHRIRAMFIN
2017-05-30,172.26287841796875,173.50594124344113,168.54225538147656,170.55687907291608,1914223,SHRIRAMFIN
2017-05-31,174.8861541748047,178.65821003367654,174.1660396680612,177.28655823970644,8968289,SHRIRAMFIN
2017-06-01,176.1291961669922,178.05809805625938,173.53162619004905,173.53162619004905,3958939,SHRIRAMFIN
2017-06-02,175.9062957763672,177.36368225668915,171.75703910943813,176.32636473359395,2758250,SHRIRAMFIN
2017-06-05,175.0833282470703,177.13224043310626,173.89169840498266,176.9264953556494,2418974,SHRIRAMFIN
2017-06-06,170.91688537597656,176.41208334033357,169.81955618548932,175.40048907626036,2002533,SHRIRAMFIN
2017-06-07,171.48269653320312,173.6773550290347,170.89975001979087,172.48572541239852,1887524,SHRIRAMFIN
2017-06-08,171.46559143066406,173.07729035608088,170.35111762687976,172.8286777952646,1911683,SHRIRAMFIN
2017-06-09,170.06822204589844,171.97140106993612,168.80801489538703,171.6284881075706,3022620,SHRIRAMFIN
2017-06-12,169.21095275878906,171.6456457207078,168.13934631195232,168.88518407673976,1509165,SHRIRAMFIN
2017-06-13,166.4933319091797,170.5997216776981,165.9703836433923,169.39952640873642,2386578,SHRIRAMFIN
2017-06-14,163.6900177001953,167.46207373287342,162.89274707203222,167.46207373287342,3317975,SHRIRAMFIN
2017-06-15,167.00767517089844,167.9335480030277,162.02684611737595,162.8841417436222,3225042,SHRIRAMFIN
2017-06-16,168.75657653808594,169.74244791673934,167.53065803824285,167.53065803824285,2165693,SHRIRAMFIN
2017-06-19,170.48828125,172.10855900032976,169.27094164645197,170.42826947123365,1647139,SHRIRAMFIN
2017-06-20,170.17962646484375,171.45699104404173,168.11357031415417,169.9138696531855,2566015,SHRIRAMFIN
2017-06-21,172.41357421875,173.81083051738344,170.0244504551827,170.75757575844165,1971877,SHRIRAMFIN
2017-06-22,171.17153930664062,176.45002125968395,170.08478467956706,172.6119099338234,2741429,SHRIRAMFIN
2017-06-23,166.8762969970703,172.84478951586954,165.7377966283779,172.3014121910451,1587910,SHRIRAMFIN
2017-06-27,170.67990112304688,171.5510282976365,167.49727620228134,168.17865557787206,3347734,SHRIRAMFIN
2017-06-28,172.4566192626953,173.8711099491781,169.67075255781526,171.44749020024602,2340245,SHRIRAMFIN
2017-06-29,170.43838500976562,174.23338100788,169.91225635895196,172.74988244946164,1687653,SHRIRAMFIN
2017-06-30,172.46527099609375,173.05177647506693,170.27452675019032,170.77477586168337,3232313,SHRIRAMFIN
2017-07-03,177.47637939453125,178.36475507661908,171.5682644145147,172.5515139892145,16628617,SHRIRAMFIN
2017-07-04,180.40025329589844,182.1597561360243,176.036013598631,179.19275876245715,17248239,SHRIRAMFIN
2017-07-05,189.0166473388672,189.922271728834,181.25415449730937,182.3322781278839,21040596,SHRIRAMFIN
2017-07-06,191.65589904785156,196.1322618609818,188.9562743967511,189.57727707832933,8835216,SHRIRAMFIN
2017-07-07,187.9730224609375,195.69238718151735,187.17952054452064,192.33726274057227,6835017,SHRIRAMFIN
2017-07-10,182.073486328125,184.12624174120788,177.48500203703318,177.48500203703318,1134521,SHRIRAMFIN
2017-07-11,174.89752197265625,183.36725970971776,173.55202529620902,183.36725970971776,6893230,SHRIRAMFIN
2017-07-12,178.2181396484375,179.56363625437962,173.36226841227364,174.91476137902916,6961706,SHRIRAMFIN
2017-07-13,177.03651428222656,179.71889000845997,175.94114219957072,176.98476856790458,3977382,SHRIRAMFIN
2017-07-14,178.11463928222656,178.61488837949813,175.01827080132875,177.67476693905382,2663485,SHRIRAMFIN
2017-07-17,173.9746551513672,180.253648865347,173.18978431389587,178.61489939270626,3848348,SHRIRAMFIN
2017-07-18,166.39329528808594,175.768657808486,165.51353702776083,174.22478221679793,7108111,SHRIRAMFIN
2017-07-19,167.1695098876953,169.3602674145894,165.84989295686293,168.6012627860989,5631228,SHRIRAMFIN
2017-07-20,165.55667114257812,168.87729843962805,164.73730311870256,168.53229995514306,3281603,SHRIRAMFIN
2017-07-21,166.84178161621094,168.01477900273062,164.52165294631382,166.28977331165805,2467098,SHRIRAMFIN
2017-07-24,166.31565856933594,168.42877744322726,165.81540946828804,167.152275079483,1821239,SHRIRAMFIN
2017-07-25,172.18063354492188,173.18976271518142,165.85852594131154,166.45364889832769,5595610,SHRIRAMFIN
2017-07-26,169.41201782226562,173.32776755824028,168.22177188919807,172.84476705528337,3350787,SHRIRAMFIN
2017-07-27,169.24818420410156,172.1461743064624,167.60943457501725,170.06755226509074,7354746,SHRIRAMFIN
2017-07-28,167.34202575683594,168.73926803386476,166.64339786477,167.99751196169777,2737262,SHRIRAMFIN
2017-07-31,175.43226623535156,176.63977432171677,166.12591207774892,168.53228370389803,19179223,SHRIRAMFIN
2017-08-01,178.33023071289062,179.74472135433018,174.74223139077378,177.00198291197734,9605691,SHRIRAMFIN
2017-08-02,175.6565399169922,178.90815938132312,173.96603115089655,178.32165385912776,2726542,SHRIRAMFIN
2017-08-03,171.7925262451172,177.33839477112184,170.42978096587896,174.9320230633584,4064578,SHRIRAMFIN
2017-08-04,171.1456298828125,173.87975103980042,169.59313705023567,172.33587573849832,2929317,SHRIRAMFIN
2017-08-07,170.44703674316406,173.36228873586828,169.93817006704646,171.12841616513754,2126462,SHRIRAMFIN
2017-08-08,167.4713897705078,173.59513184667708,167.1522574596601,170.76613676285348,5401327,SHRIRAMFIN
2017-08-09,162.62416076660156,168.1872774171895,161.37352455532266,168.1872774171895,4879011,SHRIRAMFIN
2017-08-10,161.0716552734375,165.1426557426591,158.30303673649553,161.28728267348015,5277896,SHRIRAMFIN
2017-08-11,164.22840881347656,165.23753807350195,158.73429964052815,158.73429964052815,4238976,SHRIRAMFIN
2017-08-14,167.91127014160156,169.80876149958746,164.73727649307233,164.73727649307233,4039126,SHRIRAMFIN
2017-08-16,168.7220458984375,170.5074150618994,164.66829349006875,168.9635394320548,2323654,SHRIRAMFIN
2017-08-17,168.4892120361328,172.3273379772088,166.85046208962086,169.07570419708475,3173834,SHRIRAMFIN
2017-08-18,167.73019409179688,168.2563229438216,164.71145011137068,168.10107225001454,1646584,SHRIRAMFIN
2017-08-21,165.52218627929688,170.42980426776134,164.04731832402567,167.7301794452818,2695901,SHRIRAMFIN
2017-08-22,165.32379150390625,168.3770455836925,164.2198017806738,167.4886697781927,2711701,SHRIRAMFIN
2017-08-23,167.5490264892578,168.95489984188205,165.68603223550693,166.61752260883065,2250919,SHRIRAMFIN
2017-08-24,168.18728637695312,170.51603269178995,167.16090854881296,167.48865843037083,2318266,SHRIRAMFIN
2017-08-28,169.2998809814453,170.3435072207632,167.49725015705022,168.85137765812232,1271654,SHRIRAMFIN
2017-08-29,167.6007843017578,169.73978286126012,166.54854034787454,168.18728978890874,1895324,SHRIRAMFIN
2017-08-30,168.2390594482422,169.87780912248965,167.6698159595013,168.69618044742253,1267856,SHRIRAMFIN
2017-08-31,169.91226196289062,171.63725406115233,168.2993923249505,168.4632604960891,3458818,SHRIRAMFIN
2017-09-01,175.88938903808594,177.1486292496636,169.91226627768438,172.14613853056736,7154090,SHRIRAMFIN
2017-09-04,184.7127685546875,186.09277597324382,172.55153844226078,176.81228720310307,7904141,SHRIRAMFIN
2017-09-05,185.1785125732422,186.8258930658071,180.6158937176334,185.3596428445132,5116528,SHRIRAMFIN
2017-09-06,182.81524658203125,185.31649188492239,181.3662451112555,183.66049406320806,2272107,SHRIRAMFIN
2017-09-07,185.79949951171875,189.40474800326425,183.97100240947276,184.3936261662941,5683961,SHRIRAMFIN
2017-09-08,181.89236450195312,190.4310952368343,181.46110974465316,188.01610641584054,5054055,SHRIRAMFIN
2017-09-11,182.33224487304688,184.53161991998914,181.1419989792272,183.36724012792462,1515887,SHRIRAMFIN
2017-09-12,185.04054260253906,186.1100488291417,181.4698038386352,183.4794182083248,2573076,SHRIRAMFIN
2017-09-13,182.80661010742188,187.67972953734937,181.56461853161915,185.4372398701408,1992593,SHRIRAMFIN
2017-09-14,185.69601440429688,186.97251685008763,183.0395180757733,183.0395180757733,1869070,SHRIRAMFIN
2017-09-15,186.72238159179688,189.33574958506787,184.8162590722192,185.9547593631254,3310612,SHRIRAMFIN
2017-09-18,187.08465576171875,192.3372721217544,186.29978484732155,188.54227510375725,3354471,SHRIRAMFIN
2017-09-19,184.43678283691406,188.0247698046038,183.28965138612986,186.81727509960956,1530400,SHRIRAMFIN
2017-09-20,184.17800903320312,187.67975278691588,181.9958823364474,183.19475938980008,2380030,SHRIRAMFIN
2017-09-21,183.84164428710938,186.29976167773108,181.46976975745645,185.5752676171764,4701611,SHRIRAMFIN
2017-09-22,172.6981201171875,183.09124087699183,170.32624597277487,183.09124087699183,5796225,SHRIRAMFIN
2017-09-25,169.4034423828125,173.69007156507118,167.05744688825024,173.69007156507118,3948394,SHRIRAMFIN
2017-09-26,173.64691162109375,176.53628401992256,169.53279596961133,170.42117178263692,2944322,SHRIRAMFIN
2017-09-27,181.047119140625,185.81673359783514,177.2089949793564,179.39973891566066,13730033,SHRIRAMFIN
2017-09-28,181.8578643798828,184.36772704517452,178.20087056239976,181.12473940876032,10357898,SHRIRAMFIN
2017-09-29,181.8837432861328,184.4367478147213,181.35762812205303,182.84974426953912,3314368,SHRIRAMFIN
2017-10-03,183.0912628173828,187.26575478809818,182.21150463034212,183.02225502444236,2913743,SHRIRAMFIN
2017-10-04,180.857421875,184.47128862600863,179.41703759053743,184.47128862600863,2466641,SHRIRAMFIN
2017-10-05,182.4012451171875,184.91975256300586,180.3485031105252,180.95225711582736,3832147,SHRIRAMFIN
2017-10-06,181.71124267578125,185.18711998152534,180.45200249865977,184.74724767268958,2102436,SHRIRAMFIN
2017-10-09,183.8675079345703,185.6270108529654,179.4601398597051,181.72850941877587,3352373,SHRIRAMFIN
2017-10-10,186.4981231689453,188.36973490244878,183.28100136556165,184.4022394964739,3477296,SHRIRAMFIN
2017-10-11,189.69796752929688,193.88972102760894,185.35960794640363,186.29972925642954,4544589,SHRIRAMFIN
2017-10-12,190.56915283203125,191.90603216355115,185.96340525062797,190.23278536928433,1685497,SHRIRAMFIN
2017-10-13,188.9821319580078,192.50974176342544,187.9471231071203,190.56050458476417,3695405,SHRIRAMFIN
2017-10-16,189.82740783691406,191.40578069923453,188.68890738599515,189.2409022836414,2499581,SHRIRAMFIN
2017-10-17,191.12110900878906,192.57874157331264,189.37886826969384,189.7411152742896,4069910,SHRIRAMFIN
2017-10-18,190.48287963867188,191.82837628969583,187.57625892946285,191.25911939450634,1924913,SHRIRAMFIN
2017-10-19,187.1278076171875,191.09530438744935,184.98017749445185,190.45705302776616,147887,SHRIRAMFIN
2017-10-23,191.66448974609375,196.22710829600857,187.05012548232753,187.97299833508077,7115782,SHRIRAMFIN
2017-10-24,192.5442657470703,195.08000856706462,191.47475967875042,194.01050249874473,2278788,SHRIRAMFIN
2017-10-25,187.99024963378906,194.6573695694034,181.22825580118555,193.71724813172673,3580401,SHRIRAMFIN
2017-10-26,192.9927215576172,194.28647235190348,185.99786594562892,186.3687304576897,6765170,SHRIRAMFIN
2017-10-27,200.01348876953125,202.2559786473815,194.23474459287695,194.23474459287695,4265235,SHRIRAMFIN
2017-10-30,203.73089599609375,206.87037968110647,200.11701573064022,200.11701573064022,6147022,SHRIRAMFIN
2017-10-31,201.479736328125,207.56898213501918,200.0997424822742,206.99973872573705,5589467,SHRIRAMFIN
2017-11-01,206.53399658203125,209.06973944661948,201.3503748665028,201.47974591893347,12831713,SHRIRAMFIN
2017-11-02,224.5774688720703,230.56319631468875,208.37973549966375,208.37973549966375,26418605,SHRIRAMFIN
2017-11-03,224.31011962890625,225.81948470301174,221.68812019997495,222.69723609393466,5615525,SHRIRAMFIN
2017-11-06,225.62966918945312,226.4059223420169,221.44654671089566,222.52467008630003,8552900,SHRIRAMFIN
2017-11-07,220.9722137451172,227.88945846104727,220.21320903659776,225.63833745431575,4606954,SHRIRAMFIN
2017-11-08,219.6439971923828,221.48974325186754,218.51412776043333,221.1361272120775,4644558,SHRIRAMFIN
2017-11-09,217.93621826171875,221.7829604417841,216.28022029560864,219.07471855180748,5720924,SHRIRAMFIN
2017-11-10,217.4512939453125,220.70716733453537,216.13508548133797,218.20464903502653,2885314,SHRIRAMFIN
2017-11-13,221.6683349609375,223.58203095486638,217.45128778111865,219.07921764919675,2179122,SHRIRAMFIN
2017-11-14,216.4208526611328,221.94545702523396,215.80604793046473,221.66835620545163,2041929,SHRIRAMFIN
2017-11-15,211.1473388671875,217.52054839659345,210.393983825852,212.43756481046478,3407450,SHRIRAMFIN
2017-11-16,212.34231567382812,215.44233494427303,208.57554043672835,211.48504444164416,2502460,SHRIRAMFIN
2017-11-17,225.30523681640625,227.47005127769694,215.61553661747993,215.61553661747993,9805044,SHRIRAMFIN
2017-11-20,221.61636352539062,225.09738598603582,218.62026062847482,225.09738598603582,3790920,SHRIRAMFIN
2017-11-21,219.42559814453125,223.21834232330718,217.95352223204813,221.1574441822933,3042690,SHRIRAMFIN
2017-11-22,216.49874877929688,221.14876389064918,215.57220917765224,221.14876389064918,2383304,SHRIRAMFIN
2017-11-23,213.74513244628906,217.77169179559823,213.26887813345212,216.51609991559897,1729860,SHRIRAMFIN
2017-11-24,214.68032836914062,215.95323730069182,213.44205364781436,215.07864890826997,2323105,SHRIRAMFIN
2017-11-27,218.88873291015625,219.43426920627797,211.9786516951879,214.40323636119462,4576770,SHRIRAMFIN
2017-11-28,220.9756317138672,222.6728573915748,217.52059082428286,217.52059082428286,5231820,SHRIRAMFIN
2017-11-29,232.0074920654297,233.1418505781553,220.6465491510092,220.8890157404597,9091447,SHRIRAMFIN
2017-11-30,229.91197204589844,236.3284957679352,228.60444233704493,231.80836475078235,9147064,SHRIRAMFIN
2017-12-01,229.9466552734375,235.43662615902636,228.25809481100586,231.375418426731,4501258,SHRIRAMFIN
2017-12-04,224.08428955078125,234.925679464254,222.02339118712143,231.8949553511363,3395848,SHRIRAMFIN
2017-12-05,237.72259521484375,238.64914845955022,224.17086917069886,225.14070839668776,6558515,SHRIRAMFIN
2017-12-06,232.52708435058594,237.61006877198454,230.5094854706016,237.61006877198454,5207716,SHRIRAMFIN
2017-12-07,233.36703491210938,234.70054703265,228.38795320983692,231.37539138258242,3401929,SHRIRAMFIN
2017-12-08,238.20758056640625,241.28161819244437,232.9340938758367,232.9340938758367,3943380,SHRIRAMFIN
2017-12-11,240.97850036621094,242.58914039077644,236.9259721085306,238.99553578270502,3023467,SHRIRAMFIN
2017-12-12,236.1638946533203,241.61055002104825,235.53177301120763,241.59324648101017,2526106,SHRIRAMFIN
2017-12-13,237.40223693847656,243.30784496596772,233.4536111418032,236.05139412609307,3615224,SHRIRAMFIN
2017-12-14,236.5623016357422,240.19054090722852,234.50141659928275,237.9824401104693,1949934,SHRIRAMFIN
2017-12-15,243.6368865966797,244.53745742310946,239.35922263383796,239.35922263383796,5049940,SHRIRAMFIN
2017-12-18,245.3686981201172,247.1351781923576,237.26364318938462,245.54189626759197,3138903,SHRIRAMFIN
2017-12-19,252.04501342773438,252.72044829449231,244.1910761076105,245.23018372285694,4091704,SHRIRAMFIN
2017-12-20,248.5207061767578,253.33524086754448,247.65476959824738,252.02768422802535,3260927,SHRIRAMFIN
2017-12-21,249.02294921875,252.83301059373983,247.87991182117347,250.2179243697103,2785976,SHRIRAMFIN
2017-12-22,253.7162628173828,254.8333178306781,247.853941183766,249.21346279620326,2036915,SHRIRAMFIN
2017-12-26,253.2746124267578,256.08887905431,252.40002411722497,254.5821690053818,1330015,SHRIRAMFIN
2017-12-27,251.74191284179688,255.07574672253492,249.38659698536,253.27460528308703,3015097,SHRIRAMFIN
2017-12-28,251.78524780273438,254.72939965930388,249.26538534723878,253.1533939825587,6809436,SHRIRAMFIN
2017-12-29,256.5565185546875,259.1716049677852,251.1184862137601,251.46485545471043,2645924,SHRIRAMFIN
2018-01-01,255.17971801757812,258.91185983213074,253.45652341893984,258.288389713875,1092642,SHRIRAMFIN
2018-01-02,253.43055725097656,257.24929840973766,251.48222656708992,256.8336606780595,1420686,SHRIRAMFIN
2018-01-03,251.48220825195312,254.3224579749238,250.25259869445074,252.14031257982649,2552621,SHRIRAMFIN
2018-01-04,254.383056640625,256.8336238089561,251.04057035439527,251.98442723033006,2673614,SHRIRAMFIN
2018-01-05,256.3226623535156,258.39222569260573,252.72908544882674,254.58216465706883,3591100,SHRIRAMFIN
2018-01-08,261.49224853515625,263.1548260713473,256.3226659994993,257.1626200996908,2865039,SHRIRAMFIN
2018-01-09,262.51409912109375,263.5878410882996,260.36658806513697,263.2414718368931,1356269,SHRIRAMFIN
2018-01-10,263.4320068359375,267.7270023686888,262.0032165424886,263.7610454616303,4224151,SHRIRAMFIN
2018-01-11,260.62640380859375,262.37555373526345,259.0590767325961,262.37555373526345,3373802,SHRIRAMFIN
2018-01-12,261.49224853515625,265.70064368589925,257.35312179810035,260.62633912098727,5079960,SHRIRAMFIN
2018-01-15,259.725830078125,263.88226134522193,259.1976108355834,262.15041498393157,1097143,SHRIRAMFIN
2018-01-16,261.67413330078125,265.1465045557051,258.46155931408293,261.50961401598573,3112203,SHRIRAMFIN
2018-01-17,260.6610412597656,262.72192627252315,258.04592742845097,262.72192627252315,2041133,SHRIRAMFIN
2018-01-18,252.2095184326172,262.45343252209886,250.3391356795806,260.67827349549407,4088661,SHRIRAMFIN
2018-01-19,247.30845642089844,254.92860782495643,243.88804955532765,254.92860782495643,2842840,SHRIRAMFIN
2018-01-22,255.66458129882812,257.86402989092323,244.43352352242525,248.68523209670494,2549347,SHRIRAMFIN
2018-01-23,254.37432861328125,258.80788666354186,252.49526699710574,254.44359702497982,4602802,SHRIRAMFIN
2018-01-24,249.02294921875,255.08442405791405,246.6762848982396,254.5821873387701,2453361,SHRIRAMFIN
2018-01-25,250.4603729248047,252.33078303151004,245.97490362071326,245.97490362071326,3041705,SHRIRAMFIN
2018-01-29,247.90586853027344,262.54867917816534,246.32123834645216,255.4654009703464,4027800,SHRIRAMFIN
2018-01-30,238.10365295410156,249.21347865821625,236.06872341366218,249.21347865821625,3896036,SHRIRAMFIN
2018-01-31,238.9522247314453,243.32513933217044,233.9817954528695,234.34549532259751,3878060,SHRIRAMFIN
2018-02-01,239.0041961669922,246.26932584142938,236.09470528528735,237.80056911304555,3704257,SHRIRAMFIN
2018-02-02,228.93348693847656,238.02571409271647,222.34380553612323,234.1983214903828,4947754,SHRIRAMFIN
2018-02-05,233.0725555419922,235.18543194327012,225.14068506999664,225.14068506999664,3432728,SHRIRAMFIN
2018-02-06,235.93881225585938,239.2120027046592,220.9063313192274,221.68566883597552,6417617,SHRIRAMFIN
2018-02-07,229.50498962402344,240.8832361955553,227.39211296046673,239.34189180160132,5578095,SHRIRAMFIN
2018-02-08,231.6525115966797,234.92570264065498,229.5569652531705,229.5569652531705,1806177,SHRIRAMFIN
2018-02-09,227.09771728515625,235.87820858774748,224.2747985255765,230.5094718810724,4429421,SHRIRAMFIN
2018-02-12,229.62620544433594,232.3278909136938,224.40468445715356,227.21893789427267,3403232,SHRIRAMFIN
2018-02-14,233.4969024658203,238.32011628744553,229.4703297232877,231.1848722997014,2747145,SHRIRAMFIN
2018-02-15,235.55775451660156,240.7273368463175,233.22842112877078,234.64853203894378,2899436,SHRIRAMFIN
2018-02-16,228.3359832763672,238.12960005114616,227.2535895641796,235.21143036870518,2640490,SHRIRAMFIN
2018-02-19,223.37425231933594,229.28853953128726,218.6376369100377,228.3360036881437,3849579,SHRIRAMFIN
2018-02-20,223.8677978515625,226.1711626061546,221.21806388463168,222.03203560185895,1846609,SHRIRAMFIN
2018-02-21,218.53369140625,225.76417230282001,217.34736806284445,225.31388691133628,3182881,SHRIRAMFIN
2018-02-22,224.87225341796875,225.8334272278244,218.2132780400968,220.29150670982702,4378238,SHRIRAMFIN
2018-02-23,229.09799194335938,231.34937820948832,224.27477840046052,224.53454852317898,2295230,SHRIRAMFIN
2018-02-26,233.60946655273438,235.32400920022204,230.33627589271106,231.01171082466027,2170506,SHRIRAMFIN
2018-02-27,233.5315399169922,235.0122676927637,231.54857540314947,233.36702063558275,2722072,SHRIRAMFIN
2018-02-28,231.0030059814453,235.09884685419175,228.00691647309912,228.00691647309912,2520667,SHRIRAMFIN
2018-03-01,231.81703186035156,233.4449756155167,229.64356530278417,232.06815026680687,2687957,SHRIRAMFIN
2018-03-05,237.15980529785156,237.94779470437499,231.0463646654072,231.72177253319313,3061852,SHRIRAMFIN
2018-03-06,234.83909606933594,243.14330577196444,227.314183228051,239.25529694749457,4767060,SHRIRAMFIN
2018-03-07,229.47901916503906,236.06871362059437,227.21894021042712,234.31953675351838,3559079,SHRIRAMFIN
2018-03-08,229.6868438720703,232.33659183617968,226.11058319978667,229.98992715336206,2593325,SHRIRAMFIN
2018-03-09,231.8429718017578,235.45387970430852,230.68263085631153,230.68263085631153,3048119,SHRIRAMFIN
2018-03-12,232.7089385986328,237.24637321893542,231.26284489558492,233.02067364660508,6199010,SHRIRAMFIN
2018-03-13,234.9257049560547,237.08186797878076,233.2458234281977,235.01230405708066,5220114,SHRIRAMFIN
2018-03-14,238.32875061035156,239.34187577055758,233.47090293413316,233.47090293413316,3842929,SHRIRAMFIN
2018-03-15,252.962890625,254.12323154343036,237.28097112181615,237.28097112181615,7293100,SHRIRAMFIN
2018-03-16,250.39114379882812,255.27497509620167,248.72856581690814,252.84171122116024,6334331,SHRIRAMFIN
2018-03-19,243.1519775390625,252.7637436788628,242.13017342920523,252.7637436788628,3397141,SHRIRAMFIN
2018-03-20,238.6230926513672,242.45913527300837,236.57086043044973,239.53231495107164,4886549,SHRIRAMFIN
2018-03-21,241.93106079101562,244.76263166011142,239.34192943035205,239.5151276293506,3219433,SHRIRAMFIN
2018-03-22,242.6497802734375,244.13916001642536,239.52377790983854,241.1343909670603,2718095,SHRIRAMFIN
2018-03-23,241.4375,244.3903044805727,235.53189103885464,240.74476137754274,2143596,SHRIRAMFIN
2018-03-26,245.76707458496094,247.03131821790538,240.72737647645064,240.72737647645064,3634483,SHRIRAMFIN
2018-03-27,251.75926208496094,259.57856523453853,247.28241771235622,247.65476935588964,6723183,SHRIRAMFIN
2018-03-28,249.31739807128906,254.23586351253067,248.321576227187,251.41294440635312,3016155,SHRIRAMFIN
2018-04-02,254.27919006347656,257.4398271780574,242.04365472709415,249.55990451117822,5422680,SHRIRAMFIN
2018-04-03,256.4439392089844,257.4397609557775,250.9453172914845,254.33974130601845,1854599,SHRIRAMFIN
2018-04-04,252.01040649414062,258.5135019061116,249.38664117463622,256.66042239013456,4543132,SHRIRAMFIN
2018-04-05,266.3847351074219,267.9174276152565,252.46932349307892,252.6598251949304,7311810,SHRIRAMFIN
2018-04-06,274.5677795410156,275.43371622376077,260.8168851060802,265.33701600747304,11137441,SHRIRAMFIN
2018-04-09,270.0303039550781,278.8281258120935,269.11242956166603,273.24290501433546,7944789,SHRIRAMFIN
2018-04-10,270.3506774902344,275.1565876241646,269.6492872906646,271.3811333597852,2221884,SHRIRAMFIN
2018-04-11,271.3724670410156,273.6238803709571,267.5710576646452,270.68838042195915,3178745,SHRIRAMFIN
2018-04-12,275.74542236328125,278.611654322067,268.7054559003032,270.168880205828,4046710,SHRIRAMFIN
2018-04-13,278.29986572265625,280.5426000601144,274.1520873350191,276.05710426365863,4123135,SHRIRAMFIN
2018-04-16,270.51531982421875,276.56814500162426,269.66671359331446,275.7454940956896,4714728,SHRIRAMFIN
2018-04-17,270.801025390625,274.4379163537839,269.2856631964911,272.76668662918473,3149977,SHRIRAMFIN
2018-04-18,271.840087890625,274.49848723873276,269.3548867126188,271.00013372087153,3401200,SHRIRAMFIN
2018-04-19,273.45068359375,275.7886960147002,271.20794914547884,271.94397351854013,2191607,SHRIRAMFIN
2018-04-20,272.2903747558594,274.93147070554494,270.35069617576477,273.4334122255605,1139627,SHRIRAMFIN
2018-04-23,275.2605285644531,279.1745202105209,270.5412439790449,272.4202789185366,1939143,SHRIRAMFIN
2018-04-24,281.5731506347656,286.93323651754446,278.86281292364725,279.0013497936341,6402273,SHRIRAMFIN
2018-04-25,279.2956848144531,285.5822948664239,276.4381323252356,282.1099242056052,3789801,SHRIRAMFIN
2018-04-26,283.8504638671875,287.35746891743986,279.69400640574827,282.2831371575041,6552111,SHRIRAMFIN
2018-04-27,281.8155822753906,289.00276462655387,265.83925638546043,288.26674013345814,12501612,SHRIRAMFIN
2018-04-30,278.88873291015625,287.01977134411754,275.20852944711584,281.7722681845403,5017703,SHRIRAMFIN
2018-05-02,268.9911804199219,281.0708439250503,263.87356245339885,279.9538161042142,4929429,SHRIRAMFIN
2018-05-03,272.61944580078125,274.8015639050701,268.012715863001,268.9565727324761,3481617,SHRIRAMFIN
2018-05-04,277.05303955078125,278.2653457388008,272.4203261367409,275.32119294043224,4245375,SHRIRAMFIN
2018-05-07,271.9093933105469,277.09630764577497,270.87028551316655,277.09630764577497,4344646,SHRIRAMFIN
2018-05-08,267.45843505859375,272.2556653048843,266.3587109984928,271.2079061086276,3004403,SHRIRAMFIN
2018-05-09,265.7439880371094,268.67946116501804,262.2110001866463,267.90880250942433,3097870,SHRIRAMFIN
2018-05-10,259.7431335449219,268.53230467866473,258.91185814037703,267.72698459425527,4231782,SHRIRAMFIN
2018-05-11,257.6129150390625,260.7562475881141,255.1710269473451,258.4095832326106,8049048,SHRIRAMFIN
2018-05-14,250.19198608398438,257.6216355539548,249.08360982178993,256.31407865042246,5931571,SHRIRAMFIN
2018-05-15,254.7554168701172,259.7777852145411,247.74143185739172,253.24870636679,5304411,SHRIRAMFIN
2018-05-16,248.6678924560547,256.6690454744932,246.39052375520876,252.59053521636804,3548852,SHRIRAMFIN
2018-05-17,250.98858642578125,254.3224206862377,249.0489079415447,250.76345050059254,4832965,SHRIRAMFIN
2018-05-18,244.39028930664062,252.4087749778161,243.61095162437707,250.8327689441062,3312341,SHRIRAMFIN
2018-05-21,243.91400146484375,248.52073137131939,239.7488916641474,244.36427334325361,1684025,SHRIRAMFIN
2018-05-22,250.64224243164062,251.29169495629674,244.01791346909337,246.19137986936445,2264641,SHRIRAMFIN
2018-05-23,251.31764221191406,253.8894423885041,249.63773392888757,249.958120699107,2858435,SHRIRAMFIN
2018-05-24,255.9763946533203,257.1800490677613,251.46491456631387,251.690077679173,2622555,SHRIRAMFIN
2018-05-25,259.30145263671875,260.47047238763713,254.8419391322235,256.30536320293913,2817479,SHRIRAMFIN
2018-05-28,266.8263244628906,269.30287342363545,259.2235065632287,260.64361739228434,2396975,SHRIRAMFIN
2018-05-29,264.31524658203125,268.428392123138,259.3275124703169,268.1859254806214,2395522,SHRIRAMFIN
2018-05-30,257.5176696777344,264.9733005443562,255.56933937742002,261.68277931315725,3256181,SHRIRAMFIN
2018-05-31,251.8632354736328,261.52696889095375,250.14004072744717,255.1017925349411,4799594,SHRIRAMFIN
2018-06-01,252.69448852539062,255.98500982961255,247.3863413331516,252.67715785888828,3072731,SHRIRAMFIN
2018-06-04,250.33050537109375,255.10175470997297,248.17436965567853,252.85036812809983,2475493,SHRIRAMFIN
2018-06-05,239.14273071289062,249.37796666300062,234.66588628562064,249.21344739012903,4782711,SHRIRAMFIN
2018-06-06,247.72402954101562,249.2134360656561,238.87427083699149,239.1600233889547,3776197,SHRIRAMFIN
2018-06-07,252.9022674560547,255.22294923305677,246.09608962116167,248.90170455120116,3717348,SHRIRAMFIN
2018-06-08,250.43443298339844,254.64282886031734,247.39502993416926,252.67716777313714,1601185,SHRIRAMFIN
2018-06-11,253.28326416015625,255.17965649959842,247.30838883652257,250.7720807456522,2601100,SHRIRAMFIN
2018-06-12,260.66961669921875,262.27157754142627,253.30058597644853,253.30058597644853,4555509,SHRIRAMFIN
2018-06-13,261.0420227050781,264.8001467072778,259.22357735701667,261.54425947508474,5680327,SHRIRAMFIN
2018-06-14,257.1972961425781,262.7219005381758,256.78165847130725,262.7219005381758,2923088,SHRIRAMFIN
2018-06-15,253.76820373535156,259.37075469609266,252.50396022469192,257.69949822013353,3110171,SHRIRAMFIN
2018-06-18,254.1319122314453,258.39224539594954,251.29166300023394,253.19670722403882,1939184,SHRIRAMFIN
2018-06-19,254.03665161132812,257.17998428790764,251.43021701466,252.5905580205626,2260510,SHRIRAMFIN
2018-06-20,258.2018127441406,259.3881364251877,254.58225216021475,254.58225216021475,2305750,SHRIRAMFIN
2018-06-21,256.9028625488281,260.1241151581824,254.608163162848,259.6045477870447,1471956,SHRIRAMFIN
2018-06-22,258.7386169433594,260.02019117379695,253.04949377925337,256.8422515958381,1974161,SHRIRAMFIN
2018-06-25,254.27919006347656,258.87726940254413,252.96298117377202,256.31412006542445,1751895,SHRIRAMFIN
2018-06-26,248.69386291503906,255.2662528216146,246.7888188248163,253.8028287669992,2829456,SHRIRAMFIN
2018-06-27,238.09498596191406,248.89310428621422,234.9256976327767,246.9620772891131,3435212,SHRIRAMFIN
2018-06-28,225.77285766601562,238.75308015408203,220.35216930058073,236.90000056061172,8389628,SHRIRAMFIN
2018-06-29,225.0454559326172,232.88207631437908,222.02337031552196,225.14070678799166,7740956,SHRIRAMFIN
2018-07-02,222.7074432373047,228.23204675148517,221.87615446661775,226.68203716308878,2366970,SHRIRAMFIN
2018-07-03,224.62115478515625,230.5527445466073,223.07114508866326,223.36556298982387,4844362,SHRIRAMFIN
2018-07-04,198.34031677246094,211.98730846593713,181.49806810504973,211.98730846593713,94382685,SHRIRAMFIN
2018-07-05,199.52662658691406,206.8436933619297,197.60426519767614,206.0903382690063,34745494,SHRIRAMFIN
2018-07-06,192.54727172851562,198.98976394387418,191.49084691210865,197.25790419870197,15112463,SHRIRAMFIN
2018-07-09,197.5869598388672,198.7992657502493,192.58190936021387,193.9673998931117,8817804,SHRIRAMFIN
2018-07-10,208.878662109375,211.09542826323477,197.77748711021735,198.29705460264088,24899736,SHRIRAMFIN
2018-07-11,208.86131286621094,212.15183415449474,205.40627229389887,208.15125729161448,11767351,SHRIRAMFIN
2018-07-12,210.1515655517578,214.23007668684875,208.86133931193348,210.47196594871747,8097701,SHRIRAMFIN
2018-07-13,217.1395721435547,218.50773200567193,210.29875927219643,211.2859156802291,12773701,SHRIRAMFIN
2018-07-16,209.94371032714844,221.50382028097218,201.38836893720853,216.4814530544424,17408971,SHRIRAMFIN
2018-07-17,219.364990234375,220.63789915693394,209.3808587809044,209.55404339157693,9442367,SHRIRAMFIN
2018-07-18,215.4758758544922,224.47215220193286,211.52585676820206,220.81796590937557,9496824,SHRIRAMFIN
2018-07-19,205.7748260498047,215.51065629007175,204.20003977120646,214.09247934444525,7133415,SHRIRAMFIN
2018-07-20,204.05215454101562,206.227272241083,199.9890317342222,203.59103307668144,7256671,SHRIRAMFIN
2018-07-23,211.13430786132812,212.11746944548136,203.6171010147076,204.63506164380348,6771893,SHRIRAMFIN
2018-07-24,220.08712768554688,220.7222716751545,211.07343778133102,212.0304934280977,7229643,SHRIRAMFIN
2018-07-25,223.36724853515625,225.16825646099642,217.581435123206,217.581435123206,5297674,SHRIRAMFIN
2018-07-26,245.5272674560547,251.94822272477984,222.39272852706156,223.3671699256199,49192337,SHRIRAMFIN
2018-07-27,246.17984008789062,251.26960303255592,244.17002465947425,246.39735458560082,11182517,SHRIRAMFIN
2018-07-30,246.39735412597656,250.55618117328552,240.4897181505152,246.04933638041467,6928838,SHRIRAMFIN
2018-07-31,240.50711059570312,246.24072357947296,239.38473915631047,246.24072357947296,5306177,SHRIRAMFIN
2018-08-01,242.67359924316406,247.61544665913686,241.39461813159258,241.96015047506305,6558705,SHRIRAMFIN
2018-08-02,242.31678771972656,245.19666077222456,240.74200148728357,243.7175787265358,4168822,SHRIRAMFIN
2018-08-03,249.31198120117188,255.44582417741478,243.45655785124853,244.3092298790003,8814715,SHRIRAMFIN
2018-08-06,247.77195739746094,257.0553716358033,247.0933352058332,249.9992868289629,5730879,SHRIRAMFIN
2018-08-07,246.44949340820312,252.31360904721663,244.90953356361646,248.3113920895463,3583002,SHRIRAMFIN
2018-08-08,248.2679901123047,251.4262564820017,245.44032839671576,247.9634643119702,3484214,SHRIRAMFIN
2018-08-09,246.3712615966797,250.73891043215255,244.88348633371947,249.77314819097535,2160972,SHRIRAMFIN
2018-08-10,246.09286499023438,248.7378111502371,242.83889449755185,246.0493729845537,4832709,SHRIRAMFIN
2018-08-13,234.73870849609375,243.61317424468226,232.2329590372571,243.61317424468226,5204571,SHRIRAMFIN
2018-08-14,229.7098388671875,235.76536412557525,225.5336258271794,234.0252753589052,5916186,SHRIRAMFIN
2018-08-16,229.64892578125,234.91271115018327,227.4129165622019,229.18781794312594,7434774,SHRIRAMFIN
2018-08-17,230.88442993164062,234.27759632131313,227.31722740916985,231.3629509512817,3665991,SHRIRAMFIN
2018-08-20,231.67616271972656,233.868666394169,228.54398930922684,231.43254211680184,4924539,SHRIRAMFIN
2018-08-21,230.8321990966797,235.28683157080172,229.7098275906959,232.30258833891324,6445107,SHRIRAMFIN
2018-08-23,229.5792999267578,233.63372928585022,227.77830628943084,228.54395340293,3208590,SHRIRAMFIN
2018-08-24,226.76040649414062,231.84147686094764,224.47217125115813,230.7365183920605,6090020,SHRIRAMFIN
2018-08-27,236.29608154296875,237.52285017289708,228.4743619401498,229.69243762074794,8459643,SHRIRAMFIN
2018-08-28,232.4765625,238.2449743494137,229.7098067598688,235.78274431987015,9222118,SHRIRAMFIN
2018-08-29,234.7300262451172,236.20038827870673,231.39773793121114,233.16393276196598,4552651,SHRIRAMFIN
2018-08-30,233.5380401611328,236.8181160443935,231.7022473605511,236.8181160443935,3433406,SHRIRAMFIN
2018-08-31,232.4418182373047,234.90404884715545,230.0404927839258,232.30262202287142,4061433,SHRIRAMFIN
2018-09-03,228.58749389648438,237.96658730959012,227.25631441231042,234.7387233380062,7170424,SHRIRAMFIN
2018-09-04,225.73370361328125,232.06764786322546,223.92401693499315,228.99639355447536,5663434,SHRIRAMFIN
2018-09-05,219.23451232910156,228.63971325802888,218.72988514974415,223.7761569433182,9941827,SHRIRAMFIN
2018-09-06,208.4981231689453,220.29595624060929,207.07123932788278,219.77392955494685,11319074,SHRIRAMFIN
2018-09-07,210.99513244628906,213.68358392393512,205.426834712617,210.55141048766993,10278912,SHRIRAMFIN
2018-09-10,207.471435546875,214.01418801741463,205.6443356318631,210.8994143122217,4161545,SHRIRAMFIN
2018-09-11,206.48826599121094,210.62100026653192,204.49586386004069,208.81129994470643,4803889,SHRIRAMFIN
2018-09-12,204.8699951171875,208.89830514718562,202.52956155521773,208.46328979341223,5043551,SHRIRAMFIN
2018-09-14,211.43885803222656,213.33555607948122,198.37073874463266,199.06678785057792,12712337,SHRIRAMFIN
2018-09-17,208.3240966796875,211.41276452798928,205.95757045442372,211.41276452798928,4678555,SHRIRAMFIN
2018-09-18,206.84500122070312,211.89127206013617,205.43553074066978,208.81131098323445,3461702,SHRIRAMFIN
2018-09-19,207.42791748046875,211.41273528107223,203.2951969207398,209.6987391885632,3415512,SHRIRAMFIN
2018-09-21,202.04232788085938,210.9951117265585,168.81523294479894,207.59322554412574,13499218,SHRIRAMFIN
2018-09-24,197.544189453125,202.14673812924295,194.38591023448657,200.82426533664153,10206751,SHRIRAMFIN
2018-09-25,204.78298950195312,209.15933101073932,192.23691036374842,194.89056268357484,8261024,SHRIRAMFIN
2018-09-26,206.88853454589844,209.6639838792076,201.93796724053843,206.31429566209832,3074634,SHRIRAMFIN
2018-09-27,200.08473205566406,206.72318874960456,198.0227181178935,205.89665003472956,8999668,SHRIRAMFIN
2018-09-28,200.2761688232422,206.12288667914996,197.20490029305668,202.0423638487018,6487437,SHRIRAMFIN
2018-10-01,198.25765991210938,200.63289286947037,192.52404580136647,200.1108661934608,9647088,SHRIRAMFIN
2018-10-03,187.5647735595703,200.71118470351607,184.19768604574242,198.37075094931674,6883803,SHRIRAMFIN
2018-10-04,190.401123046875,196.27393284670288,183.98016689199545,193.15046602015448,11774976,SHRIRAMFIN
2018-10-05,181.66578674316406,190.88829540400505,178.35961904668588,187.669111682628,9027353,SHRIRAMFIN
2018-10-08,163.66456604003906,180.74359655608788,157.00870947546775,179.02090731444534,19862204,SHRIRAMFIN
2018-10-09,166.32691955566406,173.1741984834855,161.06313374612478,162.68142591638804,15524521,SHRIRAMFIN
2018-10-10,187.92147827148438,191.2711661528088,168.0931049349395,168.0931049349395,15875774,SHRIRAMFIN
2018-10-11,182.0747528076172,188.2781941405502,173.22637941386196,174.87947046769625,13326113,SHRIRAMFIN
2018-10-12,180.96115112304688,199.2408482978279,178.55111879102336,183.8409979883983,10744765,SHRIRAMFIN
2018-10-15,181.45703125,183.4059415654136,173.2350948106397,183.4059415654136,7609849,SHRIRAMFIN
2018-10-16,186.63381958007812,189.28745835669244,181.8398484565283,183.5799508492423,6028015,SHRIRAMFIN
2018-10-17,175.09698486328125,191.0884420156173,173.66140830092044,190.5403229397671,7263167,SHRIRAMFIN
2018-10-19,175.7060546875,179.0557432858948,170.825098558844,174.35748902150127,10247640,SHRIRAMFIN
2018-10-22,177.0371856689453,183.0579114599477,174.8794675725727,178.87297850933317,4845574,SHRIRAMFIN
2018-10-23,174.93170166015625,180.01278606397582,172.72178454332183,177.03722161221566,8332877,SHRIRAMFIN
2018-10-24,183.23191833496094,185.14601582490573,175.47109035679898,177.48959861450203,8718877,SHRIRAMFIN
2018-10-25,188.7393341064453,190.40982484833293,178.124764897746,179.7517500121655,7812265,SHRIRAMFIN
2018-10-26,186.49461364746094,193.8291063493652,181.14381673168583,191.52348527809175,8670737,SHRIRAMFIN
2018-10-29,188.6088104248047,190.62731871722406,179.14269270409443,184.40647792361477,9130324,SHRIRAMFIN
2018-10-30,194.84707641601562,197.47460927199197,185.84207895913127,186.19009673641708,8506172,SHRIRAMFIN
2018-10-31,202.68621826171875,203.59107547959107,186.5381480693412,196.2217689637786,10557584,SHRIRAMFIN
2018-11-01,211.13430786132812,212.29147829550593,202.3990390645358,203.2429772182959,8677039,SHRIRAMFIN
2018-11-02,218.20782470703125,220.13062891216018,211.26484196336256,211.26484196336256,6976439,SHRIRAMFIN
2018-11-05,217.6400146484375,219.002719932341,210.6255721678775,216.64418945176078,3512058,SHRIRAMFIN
2018-11-06,211.97955322265625,219.3084688525933,210.5207605042077,216.63546560040652,3907331,SHRIRAMFIN
2018-11-07,213.7178955078125,215.75322599611883,211.37683384670314,213.14137152255088,610558,SHRIRAMFIN
2018-11-09,214.86221313476562,217.49153675676956,211.1584460260526,213.31607442938096,4325670,SHRIRAMFIN
2018-11-12,212.5648193359375,218.68826588284261,211.83978684895405,214.88841165813704,4586817,SHRIRAMFIN
2018-11-13,212.52989196777344,214.90589194977102,204.40606668934456,211.3942995164211,5590976,SHRIRAMFIN
2018-11-14,216.52191162109375,222.20860138029292,214.53900247241927,215.25529353583894,6399025,SHRIRAMFIN
2018-11-15,220.21697998046875,221.01188929518887,211.56902381679637,216.63549682911386,4266610,SHRIRAMFIN
2018-11-16,215.79689025878906,222.7501984618883,212.79194505742845,221.4399005213163,5781220,SHRIRAMFIN
2018-11-19,213.2112579345703,218.38255957624645,211.39431263561815,218.38255957624645,3847280,SHRIRAMFIN
2018-11-20,208.3544158935547,214.8010631020496,206.50253234836202,214.8010631020496,4371500,SHRIRAMFIN
2018-11-21,207.1227264404297,211.2195840863181,203.4451701315347,207.02663911567547,5482981,SHRIRAMFIN
2018-11-22,201.86407470703125,210.07525898420494,199.6278420020499,208.24957249721717,3726205,SHRIRAMFIN
2018-11-26,193.82760620117188,205.77749630102312,189.20663200724445,201.78546729126123,10256482,SHRIRAMFIN
2018-11-27,192.24652099609375,194.98067339567882,188.7349285237562,192.00193879516922,6747959,SHRIRAMFIN
2018-11-28,197.97686767578125,199.11246008524694,190.42956665142447,192.67454086156994,6108884,SHRIRAMFIN
2018-11-29,205.7949676513672,207.18388372109706,198.29134619067636,198.29134619067636,8401543,SHRIRAMFIN
2018-11-30,201.87278747558594,208.52036349174014,200.54503423793284,207.23626267767838,6394550,SHRIRAMFIN
2018-12-03,203.1918182373047,205.5416071718226,198.8591067573118,202.3969091413801,4716442,SHRIRAMFIN
2018-12-04,200.8682403564453,205.0175052539108,200.09080038246518,203.2005602783857,4616278,SHRIRAMFIN
2018-12-05,196.23854064941406,200.7372304980222,193.94990033172954,199.51427851284373,5904856,SHRIRAMFIN
2018-12-06,193.0589141845703,196.3521353177293,191.16336436291508,193.06765561520604,5089381,SHRIRAMFIN
2018-12-07,191.11090087890625,195.067991070252,188.87466831457368,194.4477873877853,3415024,SHRIRAMFIN
2018-12-10,190.64794921875,192.52604327865652,183.834422217915,183.834422217915,3850560,SHRIRAMFIN
2018-12-11,199.95982360839844,203.50635485760523,186.55986652680684,186.95295732435503,6164310,SHRIRAMFIN
2018-12-12,201.837890625,204.58078459065456,197.45277053197302,200.0296867588802,4379572,SHRIRAMFIN
2018-12-13,204.7554473876953,213.79647851306663,202.57162238698868,203.3403209076398,11112393,SHRIRAMFIN
2018-12-14,205.90850830078125,210.52075443826845,203.008392126366,206.03080622954164,10781517,SHRIRAMFIN
2018-12-17,208.9921112060547,210.34608907007464,204.05666380732316,206.15314345486047,3868243,SHRIRAMFIN
2018-12-18,209.6734161376953,211.0448628703102,206.17056556058907,209.28033911840456,3732953,SHRIRAMFIN
2018-12-19,222.7589111328125,224.4972380659152,210.71293421269058,211.56026462565634,13579209,SHRIRAMFIN
2018-12-20,221.3700408935547,225.5891833513407,218.78438317281334,221.0031470451732,5238824,SHRIRAMFIN
2018-12-21,209.73460388183594,222.4269966975808,208.33695996407744,221.54474149841863,12211271,SHRIRAMFIN
2018-12-24,209.5948028564453,211.39427868543308,205.6726645625676,211.16716568948613,5704189,SHRIRAMFIN
2018-12-26,213.1501007080078,214.713722302615,205.926013264124,209.47254414001404,5992586,SHRIRAMFIN
2018-12-27,214.31190490722656,218.14669779756815,212.3551925463053,213.8401959973767,4243266,SHRIRAMFIN
2018-12-28,213.91879272460938,215.2203491315436,212.4861969581567,213.8401745808415,2729031,SHRIRAMFIN
2018-12-31,216.62677001953125,219.78021035988857,214.9583195465885,214.9583195465885,5858538,SHRIRAMFIN
2019-01-01,214.84475708007812,217.81476409242006,213.00161484303075,217.50029147418527,2801058,SHRIRAMFIN
2019-01-02,208.84359741210938,218.7319604960016,205.55039019414897,214.90589540356567,8150541,SHRIRAMFIN
2019-01-03,201.4185791015625,210.69546547739475,199.38324876417673,208.77370532249608,7929492,SHRIRAMFIN
2019-01-04,203.12196350097656,204.7467340111023,197.94193448602576,200.91194127145636,8526785,SHRIRAMFIN
2019-01-07,205.50669860839844,207.55075672844546,202.45807376755891,205.03498973149718,4619126,SHRIRAMFIN
2019-01-08,208.38063049316406,209.08818017115314,203.6722965507357,205.62900889250216,3904257,SHRIRAMFIN
2019-01-09,211.38555908203125,212.6172251088987,207.64684017484066,208.38061408515492,4281943,SHRIRAMFIN
2019-01-10,207.2624969482422,213.28985629727543,206.15311514073562,211.0448820733151,4499231,SHRIRAMFIN
2019-01-11,207.84776306152344,209.24540685289506,204.59823577464095,209.24540685289506,3453973,SHRIRAMFIN
2019-01-14,204.24009704589844,208.0836314088805,199.99474417000232,208.0399516175165,2841326,SHRIRAMFIN
2019-01-15,207.5857391357422,208.33698239833504,203.61117855673078,204.58080712495465,3991299,SHRIRAMFIN
2019-01-16,207.5857391357422,209.59485932379712,205.27962915908483,207.90021178707303,6081029,SHRIRAMFIN
2019-01-17,200.8245849609375,210.97501299967902,199.68899250334056,207.55076644691,10575083,SHRIRAMFIN
2019-01-18,198.4311065673828,203.95181861936985,197.6536665351043,202.48428445064604,5531054,SHRIRAMFIN
2019-01-21,194.74478149414062,199.29587822488412,193.38207627138922,198.99013343270133,5588102,SHRIRAMFIN
2019-01-22,191.50396728515625,196.12494035669533,190.272287825281,194.09835185983013,7498811,SHRIRAMFIN
2019-01-23,190.08888244628906,193.39955841323908,188.6912250965516,191.47779836715395,6367122,SHRIRAMFIN
2019-01-24,194.71861267089844,195.84547740984377,189.7482272727213,191.96699102996294,4188091,SHRIRAMFIN
2019-01-25,195.69692993164062,197.96811445839444,193.7489593788521,195.67073300608328,6112994,SHRIRAMFIN
2019-01-28,184.4371337890625,196.3695528229247,182.24456742082643,196.3695528229247,12306863,SHRIRAMFIN
2019-01-29,179.3532257080078,184.48084766648714,173.83251296976997,184.31488360384466,19258629,SHRIRAMFIN
2019-01-30,177.27418518066406,181.10024958539668,175.16023692274862,179.07366089245278,8838910,SHRIRAMFIN
2019-01-31,177.38775634765625,179.0649342791911,173.1948115188191,177.5013128476291,10373175,SHRIRAMFIN
2019-02-01,182.93470764160156,185.01370436555138,176.45310789303912,177.50134084562595,10270101,SHRIRAMFIN
2019-02-04,179.03001403808594,182.3930979907673,176.45309791546066,181.69427606189112,3978152,SHRIRAMFIN
2019-02-05,186.60348510742188,187.62552092069697,177.87692634427114,178.20012665111267,5716008,SHRIRAMFIN
2019-02-06,186.60348510742188,188.30687356959461,183.53740502731105,187.80896780610902,5796923,SHRIRAMFIN
2019-02-07,192.32508850097656,193.92364801564912,186.58599240212698,186.58599240212698,7851650,SHRIRAMFIN
2019-02-08,187.21498107910156,191.30311108980723,185.81733727638985,191.30311108980723,3361425,SHRIRAMFIN
2019-02-11,184.53323364257812,189.90543679350444,183.45879027642135,189.90543679350444,2335482,SHRIRAMFIN
2019-02-12,182.1572723388672,186.93546972618395,180.55871225591278,185.01370926224556,6049757,SHRIRAMFIN
2019-02-14,182.89971923828125,184.40219164357032,180.6460174702763,182.04366112920295,5375222,SHRIRAMFIN
2019-02-15,175.05543518066406,182.61146357165987,174.18189418390764,181.86896193233156,6374788,SHRIRAMFIN
2019-02-18,175.2126922607422,177.3178995002597,173.79756552754057,175.61451077024793,5008784,SHRIRAMFIN
2019-02-19,174.87197875976562,178.7591922079807,174.05085902266464,175.40483654997547,4985020,SHRIRAMFIN
2019-02-20,183.6160125732422,185.10974345737685,176.11239243951428,176.4530619043799,9935782,SHRIRAMFIN
2019-02-21,184.40220642089844,186.58603165290384,183.3190352344003,184.38473724174764,4013447,SHRIRAMFIN
2019-02-22,187.59933471679688,188.66505045282346,183.7033929509574,184.83898540678817,2763490,SHRIRAMFIN
2019-02-25,192.05433654785156,193.29474402905439,187.5993264992878,189.7132750189326,5280883,SHRIRAMFIN
2019-02-26,197.36538696289062,199.4356418279354,188.73490187138495,190.4295488980467,7557686,SHRIRAMFIN
2019-02-27,197.23435974121094,201.63696212563272,196.1773991916369,197.41780663717526,6533981,SHRIRAMFIN
2019-02-28,199.5579833984375,200.6673653383361,196.54431020420273,196.85878282966377,4139295,SHRIRAMFIN
2019-03-01,202.64154052734375,203.5325371511246,199.93359861439703,199.93359861439703,4289189,SHRIRAMFIN
2019-03-05,214.67874145507812,216.23362131188532,203.3665260656756,203.53249008551322,10059761,SHRIRAMFIN
2019-03-06,216.71408081054688,221.30885783978695,214.22452449050212,214.71370253315615,5793582,SHRIRAMFIN
2019-03-07,214.73117065429688,218.05931593394934,213.14135228339455,217.4653228221321,2220601,SHRIRAMFIN
2019-03-08,213.2112579345703,214.53028369647382,210.72170128890664,212.9841449021487,3476265,SHRIRAMFIN
2019-03-11,220.0335235595703,221.85919657939928,212.88805410639546,214.81855589017798,4251903,SHRIRAMFIN
2019-03-12,222.30470275878906,224.4972558753875,220.33924898512808,221.87667364360493,4893493,SHRIRAMFIN
2019-03-13,223.67611694335938,226.59371602991752,221.18656061536592,223.62370940714774,5038486,SHRIRAMFIN
2019-03-14,217.82347106933594,225.9822481447353,215.78815435522063,225.9822481447353,5046199,SHRIRAMFIN
2019-03-15,221.3700408935547,222.31344508691535,217.54397553641724,218.04188140515478,5298885,SHRIRAMFIN
2019-03-18,216.27734375,224.49725654396713,214.8884276390963,223.58879077021547,6658233,SHRIRAMFIN
2019-03-19,213.298583984375,218.01564513972997,212.74825699095015,216.63545694164847,4475985,SHRIRAMFIN
2019-03-20,210.8264923095703,214.09350237454467,208.7387544241592,214.01488422924047,6669743,SHRIRAMFIN
2019-03-22,209.39393615722656,214.88843822063996,207.90019121124064,211.86602364625165,5917900,SHRIRAMFIN
2019-03-25,209.5948028564453,211.38555093628153,206.36274497941767,208.12728245208402,5869540,SHRIRAMFIN
2019-03-26,210.363525390625,212.0931109117634,207.98752552647213,211.56899450171716,3298727,SHRIRAMFIN
2019-03-27,217.6313018798828,220.71486519217294,209.12312732378467,211.1322471592221,15179446,SHRIRAMFIN
2019-03-28,223.31800842285156,226.06963016327862,219.08138317046132,219.08138317046132,10449610,SHRIRAMFIN
2019-04-01,215.94540405273438,225.37078613602094,214.36431326362776,223.62373129273928,4224828,SHRIRAMFIN
2019-04-02,209.332763671875,218.76688649905833,206.2317312907306,216.28605785817115,6964143,SHRIRAMFIN
2019-04-03,209.37640380859375,214.18955163608211,208.50286293606547,209.6471965543294,8845694,SHRIRAMFIN
2019-04-04,211.0448760986328,213.1238862200268,208.88726151233953,211.3942870353639,3702230,SHRIRAMFIN
2019-04-05,213.7877655029297,217.63129965667065,211.2370600801371,212.26782375702774,5106347,SHRIRAMFIN
2019-04-08,216.9412078857422,218.2078259413732,210.9487871122786,214.888408388734,4072963,SHRIRAMFIN
2019-04-09,213.65675354003906,219.7277931637372,212.72207713096373,217.9457862493106,5304853,SHRIRAMFIN
2019-04-10,209.1056671142578,216.1812597913224,206.89563109651223,213.57813301154107,8243002,SHRIRAMFIN
2019-04-11,211.35061645507812,213.84018658755954,209.24540931363092,209.29783053232484,6868983,SHRIRAMFIN
2019-04-12,214.0236358642578,214.46040642688308,211.92716999531996,212.11060323492916,3316041,SHRIRAMFIN
2019-04-15,213.30731201171875,216.26857712134205,212.4512538785449,215.29896248966273,2388051,SHRIRAMFIN
2019-04-16,214.81851196289062,217.85839501747606,210.2412045240456,212.5298582434681,4376796,SHRIRAMFIN
2019-04-18,212.3813934326172,216.98488476835797,210.11020856911878,216.111357390035,3374885,SHRIRAMFIN
2019-04-22,204.13522338867188,212.33767901716394,203.34905571631342,212.00573729954613,3383193,SHRIRAMFIN
2019-04-23,203.69850158691406,205.74255977379346,201.25261122663602,204.65064712149876,9232228,SHRIRAMFIN
2019-04-24,205.97840881347656,207.02664164899957,200.8420460316403,203.8819294625721,3740512,SHRIRAMFIN
2019-04-25,201.45352172851562,208.5990042744952,200.21311424296198,207.01791359397686,3752869,SHRIRAMFIN
2019-04-26,198.37869262695312,204.23133257406326,195.94154385392147,202.1348669834312,3760392,SHRIRAMFIN
2019-04-30,194.08969116210938,198.98145866099418,189.73076789458813,198.11665894406497,6560234,SHRIRAMFIN
2019-05-02,190.91873168945312,193.90620737282904,190.1412917070279,191.1283755058679,3274341,SHRIRAMFIN
2019-05-03,188.62135314941406,192.0019195931627,186.68211019660018,191.56514909536403,5164642,SHRIRAMFIN
2019-05-06,184.9874725341797,187.35474467642604,183.44133389442015,186.06191597528456,4333136,SHRIRAMFIN
2019-05-07,178.7242889404297,187.5906164042368,177.3877803281351,186.06193312295366,5189879,SHRIRAMFIN
2019-05-08,179.46676635742188,183.7994786225282,176.8811225501082,177.6760317900751,8360644,SHRIRAMFIN
2019-05-09,180.4800567626953,182.21836993953596,173.13365862963198,176.10366513935898,15833680,SHRIRAMFIN
2019-05-10,178.0167236328125,183.42387963664618,176.83745134059646,179.0736979806818,6500692,SHRIRAMFIN
2019-05-13,172.53091430664062,179.9646579078185,171.26429636941288,177.99047673949417,4360539,SHRIRAMFIN
2019-05-14,177.92935180664062,181.4758825097874,173.27343929003672,175.38738784031702,6526992,SHRIRAMFIN
2019-05-15,178.2001495361328,181.65059300786314,177.27421460096488,179.42310156955395,4689824,SHRIRAMFIN
2019-05-16,175.12533569335938,179.4231098283632,174.19940071557085,179.07369885411927,2687968,SHRIRAMFIN
2019-05-17,180.43638610839844,182.5677900993674,174.5487940050829,174.8807357649693,4624463,SHRIRAMFIN
2019-05-20,191.73114013671875,196.02017255100043,187.11016595139665,187.11016595139665,5509594,SHRIRAMFIN
2019-05-21,189.73948669433594,199.67151538903417,188.89215625983832,193.1899300400328,6271196,SHRIRAMFIN
2019-05-22,186.0269775390625,189.5560390170377,183.0045632978284,189.5560390170377,6393878,SHRIRAMFIN
2019-05-23,185.86976623535156,196.78889390204415,182.9259697447279,189.2940130984203,9824210,SHRIRAMFIN
2019-05-24,193.50439453125,194.23815474991542,181.5195530939954,186.58602527015643,10362737,SHRIRAMFIN
2019-05-27,198.85914611816406,200.7284988657801,193.08511014471347,194.36046972983968,6234988,SHRIRAMFIN
2019-05-28,198.4398651123047,202.5891446446859,196.2123734246499,199.33960321823568,7188785,SHRIRAMFIN
2019-05-29,193.82760620117188,198.60581669114066,193.0676353302581,196.89370029412004,3612879,SHRIRAMFIN
2019-05-30,197.02474975585938,197.76725153679504,193.37338982700481,194.80598584382454,3517764,SHRIRAMFIN
2019-05-31,203.41024780273438,212.78322233869733,198.29135385942567,198.6058264669875,20138264,SHRIRAMFIN
2019-06-03,204.3274383544922,208.2146384813249,202.76381687432428,205.22716263293805,9783481,SHRIRAMFIN
2019-06-04,203.6024169921875,207.37606082173141,203.00841015390907,205.279595067509,5305915,SHRIRAMFIN
2019-06-06,186.14927673339844,203.88193013936464,184.84772027431057,203.6897554868667,11824928,SHRIRAMFIN
2019-06-07,190.88380432128906,193.39957130265486,185.59021899291884,187.63427710030513,10197766,SHRIRAMFIN
2019-06-10,187.992431640625,194.70988558674907,183.28411129303498,191.12840262224077,6951022,SHRIRAMFIN
2019-06-11,193.88873291015625,194.97190399865752,186.76072022761792,188.6824939186363,6925795,SHRIRAMFIN
2019-06-12,186.6209716796875,194.4477927089657,184.87390339861366,194.4477927089657,7217686,SHRIRAMFIN
2019-06-13,189.35511779785156,191.36423751108276,181.17014408572,185.36308897942607,9565700,SHRIRAMFIN
2019-06-14,189.54730224609375,193.26853819815858,186.10558682798575,188.68250267700702,7851963,SHRIRAMFIN
2019-06-17,177.8419952392578,184.31485250760255,174.70602464072633,178.8989694509815,164823582,SHRIRAMFIN
2019-06-18,183.6072998046875,186.51615757191706,178.56703799264486,178.56703799264486,29222856,SHRIRAMFIN
2019-06-19,186.91380310058594,189.1474580983924,183.09726944502066,185.68266454442815,15773245,SHRIRAMFIN
2019-06-20,192.5155029296875,195.01296640346297,184.13494156827213,186.95777254907225,9441885,SHRIRAMFIN
2019-06-21,193.183837890625,195.1360842461093,191.45144114482298,193.6762960585421,12582174,SHRIRAMFIN
2019-06-24,195.96267700195312,196.78930263958935,190.08837973777534,194.7315385885224,16615737,SHRIRAMFIN
2019-06-25,196.79811096191406,197.32574173272468,193.69387155446364,194.96019642167784,12611244,SHRIRAMFIN
2019-06-26,193.39488220214844,198.20513203805456,191.1788273925219,197.51042436710026,10148954,SHRIRAMFIN
2019-06-27,193.2278289794922,194.60845821841022,191.02056017162732,194.60845821841022,6149747,SHRIRAMFIN
2019-06-28,190.02682495117188,193.9928625822408,188.98914974547367,193.9928625822408,9396727,SHRIRAMFIN
2019-07-01,185.4892120361328,192.5331037235527,184.67138629933484,190.65121626150935,7406740,SHRIRAMFIN
2019-07-02,187.79318237304688,189.5783379171868,186.01681310046638,186.01681310046638,8987214,SHRIRAMFIN
2019-07-03,190.82704162597656,191.33708601093332,187.6700437102328,189.0418862786279,4672613,SHRIRAMFIN
2019-07-04,186.93141174316406,191.79442096838085,186.09598592742114,190.8095045697474,5086959,SHRIRAMFIN
2019-07-05,189.50799560546875,193.1134934128253,186.78189624042489,186.78189624042489,10641358,SHRIRAMFIN
2019-07-08,181.602294921875,189.31452073383846,179.39502645084045,188.36479085638905,5804482,SHRIRAMFIN
2019-07-09,185.0934600830078,186.2542532812362,181.15380875234317,181.15380875234317,7432608,SHRIRAMFIN
2019-07-10,181.8924560546875,187.72279357433024,180.29197772611892,186.07834258018102,6904329,SHRIRAMFIN
2019-07-11,183.53695678710938,185.90251606877786,181.892505347316,184.47791424488327,7196036,SHRIRAMFIN
2019-07-12,183.99423217773438,186.2366733472461,182.59600302026112,184.91758949626353,5778593,SHRIRAMFIN
2019-07-15,186.08714294433594,186.95772735779093,182.0331606369773,185.68261645482653,4585909,SHRIRAMFIN
2019-07-16,190.6775665283203,191.70644165217305,185.7266128219801,186.41253416174362,7271609,SHRIRAMFIN
2019-07-17,190.6775665283203,194.33580908319743,189.28813753460292,190.73032547089133,8556620,SHRIRAMFIN
2019-07-18,184.8472442626953,190.29944282459468,183.89750058465674,190.29944282459468,7643091,SHRIRAMFIN
2019-07-19,186.7115478515625,188.36479926781908,182.91258685736466,186.14873065444488,13297269,SHRIRAMFIN
2019-07-22,182.60479736328125,188.08338211264353,181.51434942216432,185.02311538598892,3542114,SHRIRAMFIN
2019-07-23,172.50062561035156,183.73918899267994,171.6827862793355,183.7040163652692,18067890,SHRIRAMFIN
2019-07-24,162.7482147216797,171.83229661995617,159.88142514196616,171.12878896076867,15662058,SHRIRAMFIN
2019-07-25,173.47677612304688,178.51566225937492,167.96301810786764,169.5459105991175,53014832,SHRIRAMFIN
2019-07-26,171.6740264892578,177.24934325615976,170.85618703208874,173.40642325810202,10405314,SHRIRAMFIN
2019-07-29,170.15267944335938,174.11871743152813,169.2908810801568,172.50065237531408,7274703,SHRIRAMFIN
2019-07-30,170.42529296875,172.78205224176403,169.56349458044934,170.16148444296957,7533752,SHRIRAMFIN
2019-07-31,170.4692840576172,171.5597322271617,168.6665417742678,170.2230618221909,7845964,SHRIRAMFIN
2019-08-01,170.1350860595703,173.18656660847685,169.42277830143956,170.42528092605778,6542499,SHRIRAMFIN
2019-08-02,172.08734130859375,172.69411743246366,168.84239734665616,170.93533428322286,6750479,SHRIRAMFIN
2019-08-05,170.69789123535156,172.69409630045763,166.41527248748946,170.5396006335735,8810194,SHRIRAMFIN
2019-08-06,172.92271423339844,174.3912883975274,169.98556590514053,170.39007863909052,5850025,SHRIRAMFIN
2019-08-07,175.49937438964844,177.28453025237815,172.9755243195764,172.9755243195764,7077737,SHRIRAMFIN
2019-08-08,176.32601928710938,178.4981019208548,174.56723582482596,175.8775337045619,5379035,SHRIRAMFIN
2019-08-09,183.29074096679688,187.30953810079816,177.35486998869192,177.62749233571878,8043742,SHRIRAMFIN
2019-08-13,173.68780517578125,184.4690977198618,172.36872136982535,182.72791480808806,5510271,SHRIRAMFIN
2019-08-14,183.18519592285156,185.36607813879613,175.0068979417494,175.70161939630916,11219639,SHRIRAMFIN
2019-08-16,181.53195190429688,186.99293663897154,179.34226972138146,182.91258094959016,5665733,SHRIRAMFIN
2019-08-19,182.94775390625,186.35978830199392,181.03949408099137,182.91258127540016,5419683,SHRIRAMFIN
2019-08-20,181.0043182373047,185.04950153907697,179.5093711662905,183.89750829623395,4748099,SHRIRAMFIN
2019-08-21,177.9616241455078,182.46409264929068,176.44909087241874,181.15380888588552,3430214,SHRIRAMFIN
2019-08-22,173.51194763183594,177.4955720814886,172.5973902860308,177.4955720814886,3896631,SHRIRAMFIN
2019-08-23,177.69778442382812,178.51560990538883,168.08608680449623,172.78200394949,10089894,SHRIRAMFIN
2019-08-26,179.33349609375,187.20401316606603,178.1639027507154,182.04200920071108,11003444,SHRIRAMFIN
2019-08-27,179.32467651367188,181.76938083321178,177.37243032098348,181.153804731751,7235462,SHRIRAMFIN
2019-08-28,174.40892028808594,181.5935161724817,172.377542273783,180.8724220793532,5610445,SHRIRAMFIN
2019-08-29,170.0998992919922,173.6526239721651,168.8423745368003,172.3599265884892,5780358,SHRIRAMFIN
2019-08-30,169.9240264892578,172.53580767695658,165.76452566654964,171.1287923308727,9502571,SHRIRAMFIN
2019-09-03,169.3436279296875,171.6212416615814,164.5861509555657,167.083614284557,7140142,SHRIRAMFIN
2019-09-04,173.16021728515625,173.65267554494204,166.38013338206108,169.19417861346713,6339334,SHRIRAMFIN
2019-09-05,172.3687286376953,175.8159357479584,171.14639017068507,173.5646945167211,5086975,SHRIRAMFIN
2019-09-06,174.98049926757812,175.54331642665622,171.93781892330998,172.72927194602255,3284543,SHRIRAMFIN
2019-09-09,177.49557495117188,178.24305541106165,173.2833145398625,173.2833145398625,5141257,SHRIRAMFIN
2019-09-11,181.9013214111328,182.41136595457488,177.49558374736606,178.48050019778967,5666852,SHRIRAMFIN
2019-09-12,182.5432586669922,186.42136522349384,181.5847286404099,182.68396297551195,5902152,SHRIRAMFIN
2019-09-13,185.0758819580078,185.93768029436555,182.5432458965933,182.90379980122722,4125491,SHRIRAMFIN
2019-09-16,185.29574584960938,188.188922267125,182.65757791789764,182.9301864925311,4621276,SHRIRAMFIN
2019-09-17,179.7555694580078,187.27433157623895,178.26940885710718,184.3547693167724,3374403,SHRIRAMFIN
2019-09-18,182.36734008789062,183.29069726942785,179.94023607771703,181.9979999695926,2772306,SHRIRAMFIN
2019-09-19,182.1650848388672,183.79194970232396,180.57339260315962,182.71910192646413,5004330,SHRIRAMFIN
2019-09-20,200.74656677246094,204.5191413269009,178.35735540723363,183.6336907745661,11252943,SHRIRAMFIN
2019-09-23,205.30177307128906,210.99140692282606,200.64981436148136,201.55558526416988,7884154,SHRIRAMFIN
2019-09-24,205.01158142089844,206.1811608198338,198.91742094332741,202.78672677849258,5953226,SHRIRAMFIN
2019-09-25,196.0594482421875,204.32567816540285,193.55318464130565,202.3470591542972,7060423,SHRIRAMFIN
2019-09-26,193.86097717285156,199.18127173708206,192.88484708848546,196.45515855338508,7645657,SHRIRAMFIN
2019-09-27,192.58584594726562,196.52549719419918,191.3195211137172,191.7064475810412,5833398,SHRIRAMFIN
2019-09-30,188.3647918701172,194.16874414345017,185.67386528828794,192.5858518247919,5723515,SHRIRAMFIN
2019-10-01,183.81837463378906,191.90874174996767,180.53825786192843,189.0683242319989,5988891,SHRIRAMFIN
2019-10-03,181.54953002929688,186.24544786036174,177.6362513984907,184.67135564516605,4077079,SHRIRAMFIN
2019-10-04,179.32467651367188,183.5809089649877,178.16388334120654,182.6839380564586,3631106,SHRIRAMFIN
2019-10-07,186.77308654785156,189.1474317468762,177.47795524912766,177.47795524912766,8758749,SHRIRAMFIN
2019-10-09,197.60714721679688,200.500323253233,185.02311290434818,187.1336359544565,8480201,SHRIRAMFIN
2019-10-10,190.2818603515625,196.27927613645042,188.84845853349404,196.27927613645042,4090924,SHRIRAMFIN
2019-10-11,186.55323791503906,191.80317271923397,185.64746699310078,191.46900520740002,3797288,SHRIRAMFIN
2019-10-14,183.7304229736328,188.76930866739315,182.3321938214628,187.83715130875106,3214928,SHRIRAMFIN
2019-10-15,184.69775390625,185.5419659823422,180.80207482008814,183.73043761084347,4158564,SHRIRAMFIN
2019-10-16,182.83343505859375,186.88741814768582,181.06586576554758,185.84974291327234,4055470,SHRIRAMFIN
2019-10-17,188.23287963867188,189.0683053834639,179.67644153105314,182.73670837088474,6022883,SHRIRAMFIN
2019-10-18,192.80567932128906,194.59083484581433,186.0959563576739,186.7994640244603,5404154,SHRIRAMFIN
2019-10-22,196.55186462402344,198.35462021022028,189.9652597228111,190.9237895944,6801276,SHRIRAMFIN
2019-10-23,189.51678466796875,198.03804986529727,187.45022048281834,196.9827883215725,4962297,SHRIRAMFIN
2019-10-24,188.32957458496094,192.3659706815936,186.43010135973697,191.00291441313442,4476831,SHRIRAMFIN
2019-10-25,197.8885498046875,199.32195158594385,187.37987927106556,189.0683032861456,6992747,SHRIRAMFIN
2019-10-27,195.38230895996094,198.7415708261261,194.16875672652031,198.7415708261261,353460,SHRIRAMFIN
2019-10-29,202.01287841796875,203.6661298034295,183.88871348317136,183.88871348317136,7662863,SHRIRAMFIN
2019-10-30,203.1912841796875,209.20630067960906,198.74158768899412,202.98023459326606,9194870,SHRIRAMFIN
2019-10-31,200.2628631591797,205.24898910022387,198.565653143756,205.07311220062167,5135479,SHRIRAMFIN
2019-11-01,201.22140502929688,204.87964726456275,200.06939826358945,201.51159984546152,3906042,SHRIRAMFIN
2019-11-04,200.350830078125,202.82190698095246,199.2691822089935,201.37971900316745,3056248,SHRIRAMFIN
2019-11-05,200.35963439941406,202.64603438937158,198.3898018523359,200.32444799768453,2709536,SHRIRAMFIN
2019-11-06,200.40362548828125,202.7252122528401,198.74158761698396,199.9991126334877,5050915,SHRIRAMFIN
2019-11-07,203.5833740234375,208.72396284937795,201.0307365220135,203.5921990211394,8534909,SHRIRAMFIN
2019-11-08,197.20614624023438,205.3586710890365,196.26105567059827,203.58331171073831,4506343,SHRIRAMFIN
2019-11-11,197.84217834472656,202.53230542525523,196.47311399560084,196.91475122623137,4200525,SHRIRAMFIN
2019-11-13,199.89132690429688,203.49503817988673,197.8421569339251,197.8421569339251,5654659,SHRIRAMFIN
2019-11-14,200.89820861816406,201.6754860343066,196.39356003389534,200.95120009007766,4486181,SHRIRAMFIN
2019-11-15,199.30838012695312,202.74426431111303,198.425105756739,200.67743050267265,2426784,SHRIRAMFIN
2019-11-18,198.9727325439453,200.83641151996684,198.37210710050263,199.6175106384743,3133894,SHRIRAMFIN
2019-11-19,198.92857360839844,199.61751821243809,197.4800152577882,198.84024063830594,3009047,SHRIRAMFIN
2019-11-20,198.99920654296875,201.11020660277092,198.02762697490485,199.61749576724108,2028043,SHRIRAMFIN
2019-11-21,199.4143524169922,202.17896951015666,197.85981118699777,200.23579643073464,3518950,SHRIRAMFIN
2019-11-22,201.59603881835938,202.5941211825202,197.9393220952605,199.42320814465464,2384474,SHRIRAMFIN
2019-11-25,202.49696350097656,204.0338410368083,200.40362696679213,202.2584810731111,4926325,SHRIRAMFIN
2019-11-26,197.03836059570312,203.8571502423795,195.22767331936362,203.82182259286978,8024647,SHRIRAMFIN
2019-11-27,200.76576232910156,202.82375729591277,197.4976776089496,197.4976776089496,4949935,SHRIRAMFIN
2019-11-28,202.20545959472656,204.7404191201216,199.4055150224702,201.01304763227523,6922362,SHRIRAMFIN
2019-11-29,199.12286376953125,202.9738958220245,197.05603022494185,201.55184031296886,2544555,SHRIRAMFIN
2019-12-02,193.858642578125,199.67051221696207,192.78989108730173,199.6175207336081,3904811,SHRIRAMFIN
2019-12-03,192.61322021484375,194.8213782925337,189.98110264704994,193.43466420438068,4261966,SHRIRAMFIN
2019-12-04,192.3923797607422,195.90777122564995,190.02523368539676,192.0214117910189,2325399,SHRIRAMFIN
2019-12-05,195.87242126464844,198.53104088246997,192.07438138294876,192.39235784428402,5689924,SHRIRAMFIN
2019-12-06,189.55715942382812,195.87249695514407,188.84171210935537,195.76650014964545,2565148,SHRIRAMFIN
2019-12-09,193.1520233154297,195.20119321105457,187.60512523643607,189.23033562441364,3430871,SHRIRAMFIN
2019-12-10,189.53944396972656,192.55136803649594,188.76216654977867,191.31480352648435,2276700,SHRIRAMFIN
2019-12-11,190.41390991210938,191.86245437568195,187.9142640062189,189.0183430969343,3173849,SHRIRAMFIN
2019-12-12,194.353271484375,196.0844649321813,191.13819201032692,191.57099037227852,4246899,SHRIRAMFIN
2019-12-13,195.2364959716797,197.7979580146203,194.23841380745878,195.5014810043863,4505517,SHRIRAMFIN
2019-12-16,194.50341796875,196.71157623046813,193.84097602314844,194.84789718641642,2925115,SHRIRAMFIN
2019-12-17,193.05487060546875,195.90780694317914,188.66504297193256,191.48265165509167,8021666,SHRIRAMFIN
2019-12-18,196.7203826904297,199.03452353657732,190.97034439203733,194.31790888885166,4286141,SHRIRAMFIN
2019-12-19,199.99732971191406,200.84526261590622,196.64975074972833,196.72041989389393,5028238,SHRIRAMFIN
2019-12-20,208.8210906982422,210.12832441693007,198.02762210334524,199.98845884909423,10163215,SHRIRAMFIN
2019-12-23,205.38519287109375,209.1302281061603,204.51959627893729,208.43245860104136,3996030,SHRIRAMFIN
2019-12-24,203.85716247558594,205.51770042501462,202.7089169716377,204.74042292774482,2931863,SHRIRAMFIN
2019-12-26,204.23696899414062,206.2596361180575,202.7795857922709,203.1328899725858,2699586,SHRIRAMFIN
2019-12-27,205.738525390625,206.63062475953797,203.67169157969147,205.50005680253835,2672291,SHRIRAMFIN
2019-12-30,205.41171264648438,207.7435314082759,204.43129419320445,206.50695288873814,2195656,SHRIRAMFIN
2019-12-31,206.87789916992188,207.9996418753107,203.87480018499596,204.89054611679057,3703482,SHRIRAMFIN
2020-01-01,201.81680297851562,207.9996533574809,201.40166852142065,207.51384976999483,2196560,SHRIRAMFIN
2020-01-02,204.99656677246094,205.59719217233152,202.26729131533628,202.26729131533628,3168384,SHRIRAMFIN
2020-01-03,204.89942932128906,206.15365789109697,203.32722419411363,204.89942932128906,2353761,SHRIRAMFIN
2020-01-06,197.33868408203125,203.50387148551263,196.47308739958063,203.36254703755014,5609275,SHRIRAMFIN
2020-01-07,198.60171508789062,203.32718215450242,196.59671202380167,198.1247641827375,2259925,SHRIRAMFIN
2020-01-08,199.6704864501953,200.31527832640904,193.65546281962486,194.31791852134378,2488271,SHRIRAMFIN
2020-01-09,202.6382293701172,203.8836326336854,198.2219139809506,201.2249990396327,4429857,SHRIRAMFIN
2020-01-10,199.7676544189453,203.93666325420008,198.98155189929062,203.11523308176436,3238158,SHRIRAMFIN
2020-01-13,206.34796142578125,207.01924210993823,198.7695579913169,200.6774032607115,4603870,SHRIRAMFIN
2020-01-14,200.04147338867188,214.35034914659505,196.36710685778613,205.64136306931448,11214451,SHRIRAMFIN
2020-01-15,194.11474609375,199.2641726439842,190.80250938378364,199.15817586832733,9560897,SHRIRAMFIN
2020-01-16,194.1677703857422,196.52609184255243,193.11669660872573,194.84788996596146,3540302,SHRIRAMFIN
2020-01-17,192.15390014648438,196.42890526855564,191.60628009606438,194.22957240629805,4240326,SHRIRAMFIN
2020-01-20,189.6189727783203,196.7557399588901,188.5502213175068,193.96463393072898,6226911,SHRIRAMFIN
2020-01-21,192.44540405273438,194.9892024518967,187.75527791557317,189.19499729251868,5697452,SHRIRAMFIN
2020-01-22,189.91043090820312,193.64664129592884,189.3098193334055,193.64664129592884,2393511,SHRIRAMFIN
2020-01-23,191.50033569335938,192.3659324201206,189.98994700427957,191.09402615563232,2333040,SHRIRAMFIN
2020-01-24,191.47381591796875,194.84788338405733,190.97036228814005,191.314827649121,2219067,SHRIRAMFIN
2020-01-27,190.79368591308594,193.61130811620146,189.25680861990455,190.25490466019048,2957203,SHRIRAMFIN
2020-01-28,190.75836181640625,194.30025625266475,186.68652494617942,190.78486447101795,5549276,SHRIRAMFIN
2020-01-29,195.59866333007812,198.02764007549402,191.6328091673796,192.02144102031525,6731533,SHRIRAMFIN
2020-01-30,184.3635711669922,195.79299473705333,181.96108305559588,195.55451230872777,9032875,SHRIRAMFIN
2020-01-31,180.28289794921875,186.35973906262038,179.5939394786258,180.78635164047662,10177347,SHRIRAMFIN
2020-02-03,174.52401733398438,177.53594210926292,170.56698783946558,174.8861465607752,6463098,SHRIRAMFIN
2020-02-04,185.39695739746094,196.9588789431797,182.12888679745052,186.36855081421226,31528888,SHRIRAMFIN
2020-02-05,200.1386260986328,201.38401570571563,186.3685467959199,186.54519888313104,23348512,SHRIRAMFIN
2020-02-06,215.29544067382812,218.0777216959622,199.688169825797,200.05915169457577,31541240,SHRIRAMFIN
2020-02-07,216.06387329101562,217.10612206207352,210.8349517767073,216.6291572433816,7724083,SHRIRAMFIN
2020-02-10,213.20208740234375,216.7351430481532,211.72704037035413,214.27966377224087,4832770,SHRIRAMFIN
2020-02-11,215.3042755126953,222.90034402355985,212.9018012469998,214.52701174970946,11631840,SHRIRAMFIN
2020-02-12,215.27777099609375,220.12688566030081,214.67714555730436,215.1629353737634,8940845,SHRIRAMFIN
2020-02-13,223.00634765625,226.46873470424836,214.288535887785,218.16605748820007,12410234,SHRIRAMFIN
2020-02-14,227.2459716796875,228.8535042838073,222.41452120619172,224.3930218087789,8635663,SHRIRAMFIN
2020-02-17,225.97409057617188,229.6484709808293,224.44605193365047,227.70528398195458,5306659,SHRIRAMFIN
2020-02-18,225.0554656982422,226.42451583887774,219.99435809523854,225.5854219299994,5270296,SHRIRAMFIN
2020-02-19,228.06739807128906,230.36388899073714,223.56274919034834,224.3576904828162,6498152,SHRIRAMFIN
2020-02-20,236.94419860839844,240.1416139876314,225.58544534708412,226.2920537294438,17032706,SHRIRAMFIN
2020-02-24,235.928466796875,241.4841759053363,232.16575363878613,236.7145554830725,11650874,SHRIRAMFIN
2020-02-25,233.69381713867188,238.1719638904481,231.41498977736123,236.7057417419481,9680263,SHRIRAMFIN
2020-02-26,225.57659912109375,232.82820129637432,224.00439413866786,232.28058120123046,9315406,SHRIRAMFIN
2020-02-27,222.1936798095703,225.5765717601691,219.23474729014873,225.5765717601691,11647620,SHRIRAMFIN
2020-02-28,211.32958984375,222.9268401236432,206.13599575136755,214.63298840382978,68263144,SHRIRAMFIN
2020-03-02,226.7513885498047,239.92083121430926,216.3995410059114,216.3995410059114,13413992,SHRIRAMFIN
2020-03-03,222.07003784179688,230.48753519554074,220.99246151756392,227.13114561492387,8501584,SHRIRAMFIN
2020-03-04,205.86216735839844,224.33119819245107,199.03453842103178,224.33119819245107,26657015,SHRIRAMFIN
2020-03-05,207.5050506591797,211.80654519134347,199.14938283364978,207.92018516806078,18451432,SHRIRAMFIN
2020-03-06,195.25416564941406,199.44083799862048,176.4141677425507,198.91088174960288,17605691,SHRIRAMFIN
2020-03-09,174.47096252441406,186.94264529390125,172.5984451098989,184.9553061124319,18188971,SHRIRAMFIN
2020-03-11,174.559326171875,179.38193805805696,168.04967363424618,169.60421483995324,14345210,SHRIRAMFIN
2020-03-12,148.6355438232422,169.23323792201285,146.72768469485734,169.23323792201285,15827157,SHRIRAMFIN
2020-03-13,145.91510009765625,155.18053079404433,126.63345001422286,134.7859766669061,14103988,SHRIRAMFIN
2020-03-16,134.90077209472656,150.71117984839333,132.28631884511825,139.20226565487357,15813430,SHRIRAMFIN
2020-03-17,137.24148559570312,146.5069330568493,134.7860193261048,135.13932362630186,17656438,SHRIRAMFIN
2020-03-18,121.41336822509766,141.2337997080096,119.61151961992256,141.2337997080096,17477319,SHRIRAMFIN
2020-03-19,109.99278259277344,129.16842992907885,103.51846434356766,116.59076146377735,18719938,SHRIRAMFIN
2020-03-20,102.61752319335938,117.4298441752964,100.65667950595929,112.52773841486692,21766088,SHRIRAMFIN
2020-03-23,79.85584259033203,97.15897301508761,77.72717841207009,92.36284949138916,11334920,SHRIRAMFIN
2020-03-24,85.65887451171875,91.60323635786298,77.91265709359749,79.14038988177326,18324009,SHRIRAMFIN
2020-03-25,100.16206359863281,102.4585479238212,80.09432322368556,81.26022575581891,13457734,SHRIRAMFIN
2020-03-26,115.07154846191406,120.19447330919895,98.21888103123605,104.04842121052528,19072393,SHRIRAMFIN
2020-03-27,128.10850524902344,143.83942126305624,120.15913369709594,120.37111343430232,20152971,SHRIRAMFIN
2020-03-30,107.65213775634766,122.92376892040801,102.4938849995476,121.89034507010128,18705667,SHRIRAMFIN
2020-03-31,116.70558166503906,118.4102861933702,106.87485976020686,113.58766033182535,19371894,SHRIRAMFIN
2020-04-01,109.81613159179688,118.16296774967404,107.23699841279084,113.95863797304679,14566228,SHRIRAMFIN
2020-04-03,91.97420501708984,112.1214372248153,90.9761158777156,112.1214372248153,26790698,SHRIRAMFIN
2020-04-07,95.08329010009766,99.70276101489435,88.34399406504986,94.61516412755141,34760386,SHRIRAMFIN
2020-04-08,105.18781280517578,107.5814546932859,90.65813439419117,92.74263860300876,26753505,SHRIRAMFIN
2020-04-09,119.40836334228516,120.24745732596094,107.41364334755404,110.58456294078911,17482271,SHRIRAMFIN
2020-04-13,113.95862579345703,123.10040236198802,109.55997363876185,115.87530300043383,15848592,SHRIRAMFIN
2020-04-15,117.0765380859375,124.89342388560506,113.15485077536334,115.00087265147994,16997200,SHRIRAMFIN
2020-04-16,120.3446273803711,123.63920100336017,113.57000302585881,115.00089065587358,22650772,SHRIRAMFIN
2020-04-17,141.68426513671875,144.41355459548654,124.54013117397378,128.07317316085994,22884553,SHRIRAMFIN
2020-04-20,121.01588439941406,145.38511506072797,120.47710317519356,143.088638071979,38988900,SHRIRAMFIN
2020-04-21,103.97773742675781,119.18752745432887,102.15821836671866,115.17751445992786,37973339,SHRIRAMFIN
2020-04-22,107.0603256225586,110.03692200415652,99.9853901358318,105.81492921602229,47074891,SHRIRAMFIN
2020-04-23,113.69363403320312,116.59073619416299,108.2880614872357,108.2880614872357,25187388,SHRIRAMFIN
2020-04-24,118.03929901123047,123.48020006346633,102.32605318190735,107.7581223211251,66007078,SHRIRAMFIN
2020-04-27,113.41983032226562,121.16605400260198,112.52773798305454,118.53392271594302,30305312,SHRIRAMFIN
2020-04-28,122.82660675048828,124.01018001482672,115.05387947653287,116.41411176367824,24649950,SHRIRAMFIN
2020-04-29,123.15338134765625,126.55395094690532,120.46825884831223,124.186804936408,24473248,SHRIRAMFIN
2020-04-30,137.96572875976562,141.2426382610626,125.42338852412477,126.32431282495033,34771661,SHRIRAMFIN
2020-05-04,132.03021240234375,134.94497918029782,121.92567281766557,130.72297846797844,29957456,SHRIRAMFIN
2020-05-05,130.65232849121094,139.12281908769964,128.26751795437946,135.78407880322132,26163924,SHRIRAMFIN
2020-05-06,138.0098876953125,140.43886448520686,127.49906682084769,129.65421971048607,25532074,SHRIRAMFIN
2020-05-07,133.47874450683594,142.5586982233916,131.63272940831794,136.19919509006445,20184197,SHRIRAMFIN
2020-05-08,131.500244140625,139.37894702399026,129.5482322462373,136.81748470395968,15570361,SHRIRAMFIN
2020-05-11,130.0428466796875,135.65156051531326,128.2586482476324,134.2206800705902,13766164,SHRIRAMFIN
2020-05-12,118.37494659423828,125.30857277635013,113.76431424576272,125.24674246530836,38395737,SHRIRAMFIN
2020-05-13,118.64873504638672,127.71102364825694,117.22669348064446,124.20447104312211,30865033,SHRIRAMFIN
2020-05-14,114.50625610351562,127.18991435191232,113.43750466377273,122.78243680702967,51965854,SHRIRAMFIN
2020-05-15,113.29618072509766,116.57309016677563,110.62872169139398,113.36684294500543,32669666,SHRIRAMFIN
2020-05-18,101.7784194946289,113.83496206671191,101.32795737950414,113.58764776997994,36118323,SHRIRAMFIN
2020-05-19,103.71277618408203,109.70129745577839,101.84909034619908,103.87176445375778,46902063,SHRIRAMFIN
2020-05-20,102.2465591430664,106.33606684903965,100.69201104374726,103.69511045378665,31786880,SHRIRAMFIN
2020-05-21,101.58411407470703,105.25848742293327,100.72734931821573,102.63519475720985,23458867,SHRIRAMFIN
2020-05-22,95.59557342529297,103.10331434047531,93.22842730102293,101.22196488460993,44794085,SHRIRAMFIN
2020-05-26,95.03913116455078,98.71350441326393,93.97921168126051,97.17662704121359,21553675,SHRIRAMFIN
2020-05-27,98.042236328125,100.05607876472043,94.80949289892851,95.92240400437791,35686663,SHRIRAMFIN
2020-05-28,100.25038146972656,102.97083201621379,98.83715780183563,99.80875123480496,35909718,SHRIRAMFIN
2020-05-29,101.09830474853516,101.98157205118326,96.62899059407121,99.98539389507994,52742343,SHRIRAMFIN
2020-06-01,102.44971466064453,106.7512093503683,101.66361209705681,103.34181402078295,47660217,SHRIRAMFIN
2020-06-02,103.51844024658203,104.80800306488877,99.46426090214315,102.4496890475767,43884702,SHRIRAMFIN
2020-06-03,108.96819305419922,113.23435292043533,105.58529366597448,106.16824834791873,64900364,SHRIRAMFIN
2020-06-04,108.28807830810547,112.5189104395062,107.0956732278782,108.94168828268265,43446986,SHRIRAMFIN
2020-06-05,108.62370300292969,110.61987412307457,106.06224111966642,110.12524556986358,34226016,SHRIRAMFIN
2020-06-08,111.60031127929688,115.70748264445291,110.40790624321019,110.40790624321019,42807428,SHRIRAMFIN
2020-06-09,109.45399475097656,114.99205410699544,108.28808533408558,112.51008582642504,33829097,SHRIRAMFIN
2020-06-10,112.17443084716797,113.35800393715573,108.12908298494989,109.98393674783468,29463487,SHRIRAMFIN
2020-06-11,112.68673706054688,119.41719460608343,108.6855551866935,108.6855551866935,78834902,SHRIRAMFIN
2020-06-12,120.90107727050781,122.5439514594553,107.05150994981022,108.64138574306388,62866209,SHRIRAMFIN
2020-06-15,118.85189819335938,124.99058231059378,117.29735708979469,121.89032509989697,58269452,SHRIRAMFIN
2020-06-16,115.78697204589844,123.48019011779338,112.78387979665843,123.30353803937581,49514874,SHRIRAMFIN
2020-06-17,114.47975158691406,117.5711700456109,113.23434814095724,114.64757176226694,32228040,SHRIRAMFIN
2020-06-18,117.75667572021484,118.49861181695252,113.23436233173429,114.46210210596784,20756310,SHRIRAMFIN
2020-06-19,116.38760375976562,122.27014215634973,115.80464906809517,117.8626508574973,35029627,SHRIRAMFIN
2020-06-22,118.75474548339844,121.35153537906938,117.56234732341454,118.95790022999586,22841765,SHRIRAMFIN
2020-06-23,120.82158660888672,121.18372964361332,118.36612100040875,120.6537733360055,17707425,SHRIRAMFIN
2020-06-24,120.52125549316406,126.94258817985151,119.77049454616679,121.89031945310956,47148729,SHRIRAMFIN
2020-06-25,121.96981811523438,122.71175409380321,118.00396434709485,119.33768687570488,20789342,SHRIRAMFIN
2020-06-26,124.52246856689453,129.66305715721867,123.32121768084684,124.01017609055003,46059822,SHRIRAMFIN
2020-06-29,121.9963150024414,123.96599046659965,120.86573343075818,123.62151131493636,19406481,SHRIRAMFIN
2020-06-30,121.81966400146484,125.14956461288573,120.92756479639628,124.3987898345574,14633073,SHRIRAMFIN
2020-07-01,123.89532470703125,125.42337694438808,121.0158861432031,122.3584474734996,19160826,SHRIRAMFIN
2020-07-02,123.29473114013672,126.04167067110559,122.11115789133198,124.94643039061616,13257540,SHRIRAMFIN
2020-07-03,122.95024871826172,125.0700877473442,121.7225228496438,124.48712613562579,14183569,SHRIRAMFIN
2020-07-06,123.23289489746094,125.94450664350511,122.06698553197866,124.62844783785496,13310118,SHRIRAMFIN
2020-07-07,127.87002563476562,128.71795843429035,122.74710118602947,123.65685045969124,48060904,SHRIRAMFIN
2020-07-08,133.88504028320312,138.5575022765869,128.95643208475508,128.95643208475508,69896387,SHRIRAMFIN
2020-07-09,130.79164123535156,139.42164535163516,129.45000641511396,135.61429506960226,30924865,SHRIRAMFIN
2020-07-10,126.71231079101562,132.1332514389927,125.75140979476993,130.35649476012242,25107850,SHRIRAMFIN
2020-07-13,124.94463348388672,129.24150819321835,123.64831327137635,127.99957652361473,19801490,SHRIRAMFIN
2020-07-14,122.37014770507812,126.52197730541155,119.20641357431948,124.01093338977954,22900460,SHRIRAMFIN
2020-07-15,118.67156219482422,124.73613341627211,117.96448350671929,123.64830728169478,20145055,SHRIRAMFIN
2020-07-16,122.19789123535156,123.21318083784254,116.84945903415303,120.00413258295015,18430920,SHRIRAMFIN
2020-07-17,124.78142547607422,126.16838833203258,122.64205567337353,123.10438584688058,15845655,SHRIRAMFIN
2020-07-20,125.2437515258789,128.18084273248274,123.51230959094828,126.06868109683927,15304000,SHRIRAMFIN
2020-07-21,123.18598937988281,127.61883517859103,122.75086723064008,127.4556695597314,11892635,SHRIRAMFIN
2020-07-22,126.02336120605469,127.62787823918289,122.70552241055651,124.53668138223371,22858225,SHRIRAMFIN
2020-07-23,127.48285675048828,129.35933042459303,125.63356351240043,126.4766273265448,20176900,SHRIRAMFIN
2020-07-24,128.1536865234375,128.90609366883416,124.1922307428614,126.67608033734123,15248350,SHRIRAMFIN
2020-07-27,123.77523803710938,129.2596426414607,123.17695016733109,129.08740301520402,14390240,SHRIRAMFIN
2020-07-28,126.05960845947266,126.65790994579527,121.59956924124069,124.62731724931295,17310970,SHRIRAMFIN
2020-07-29,131.3627166748047,132.2692290849562,125.38880321165375,126.0052250110616,28290470,SHRIRAMFIN
2020-07-30,123.9383773803711,133.5836688366842,123.28568734080781,132.35081140998486,25095445,SHRIRAMFIN
2020-07-31,125.33441162109375,125.99617569662934,121.87154110944908,124.19221086574595,18297860,SHRIRAMFIN
2020-08-03,121.65396881103516,127.72759949889458,121.20071258310112,125.53384101556779,15999280,SHRIRAMFIN
2020-08-04,118.69876098632812,122.86871060933831,117.12142409693558,122.01660039214462,21306715,SHRIRAMFIN
2020-08-05,116.45059204101562,121.38200800709407,115.32651165594525,119.36954931978848,24257215,SHRIRAMFIN
2020-08-06,119.7956314086914,120.74747238013262,116.58658297523483,116.75882257787367,21276985,SHRIRAMFIN
2020-08-07,122.69648742675781,123.28571509096989,119.47836489138217,120.20357774660953,14479860,SHRIRAMFIN
2020-08-10,122.2613296508789,124.48229621821848,121.49080236809041,122.92309369832827,13149795,SHRIRAMFIN
2020-08-11,122.44267272949219,123.64832240574967,120.65684166661046,123.28572287139508,10408940,SHRIRAMFIN
2020-08-12,120.5389633178711,121.83526950053196,117.8466201960405,121.47267004822636,20110705,SHRIRAMFIN
2020-08-13,127.3287353515625,127.9089027231597,120.45736983129136,121.18256867157692,27781705,SHRIRAMFIN
2020-08-14,124.43697357177734,132.45960082157228,122.68739727052835,128.36217431954768,60667095,SHRIRAMFIN
2020-08-17,123.10443878173828,128.52538135473154,122.47894274787612,126.54919012594294,21394200,SHRIRAMFIN
2020-08-18,125.33441162109375,125.82393611073056,122.03470671780613,124.1015540840257,22155020,SHRIRAMFIN
2020-08-19,124.9083480834961,128.34403811641062,124.35537491939473,126.54914728550894,19863345,SHRIRAMFIN
2020-08-20,124.69986724853516,126.27720410416325,122.93217049877858,124.44604483484109,14624945,SHRIRAMFIN
2020-08-21,124.46417236328125,126.73045367422125,124.01997624671499,126.36784036510082,9103730,SHRIRAMFIN
2020-08-24,124.06529998779297,125.28002340516501,123.38541562000198,125.09872367354399,11317105,SHRIRAMFIN
2020-08-25,125.99617004394531,128.14460011795637,124.73611829534863,124.8448953627065,21874405,SHRIRAMFIN
2020-08-26,131.68907165527344,132.53212162097824,125.66982934992886,126.9117470194314,42148055,SHRIRAMFIN
2020-08-27,130.61032104492188,135.61427385608897,130.01201948257176,133.25733585231848,34442525,SHRIRAMFIN
2020-08-28,140.10153198242188,142.0867968871628,131.4443334604652,132.11515779705854,67783000,SHRIRAMFIN
2020-08-31,127.35597229003906,143.75478346701925,126.54917655244667,141.45223349751788,47226170,SHRIRAMFIN
2020-09-01,128.05393981933594,130.5377888365416,122.8142991240073,128.5434642735508,33124360,SHRIRAMFIN
2020-09-02,125.5338363647461,129.29587121659068,123.76613990775012,128.72476396422206,18654170,SHRIRAMFIN
2020-09-03,126.4947509765625,129.1508398534111,125.64264082673252,126.90269267646,18043260,SHRIRAMFIN
2020-09-04,124.63641357421875,126.55821572451572,121.30044024841715,124.91743024725838,19787000,SHRIRAMFIN
2020-09-07,124.6545181274414,125.76953836536724,122.46983370369443,125.64262717962143,13560900,SHRIRAMFIN
2020-09-08,120.14008331298828,125.09870708443948,119.29703344821847,125.06245267583606,17598430,SHRIRAMFIN
2020-09-09,115.82511138916016,118.9344498711957,114.2387143455939,118.9344498711957,28371765,SHRIRAMFIN
2020-09-10,114.13899230957031,118.47212095734675,112.52539424838818,116.94011261764028,29577885,SHRIRAMFIN
2020-09-11,116.69535827636719,117.39337682240479,113.66760963791587,114.76448900840438,18580305,SHRIRAMFIN
2020-09-14,115.38998413085938,117.93728911724851,114.48347157448478,117.8466323286975,18452905,SHRIRAMFIN
2020-09-15,118.27267456054688,118.75312502850717,115.1724037960123,115.87041530460465,15997600,SHRIRAMFIN
2020-09-16,119.36051177978516,120.70214654797506,117.04890189499356,118.63529893698797,19950565,SHRIRAMFIN
2020-09-17,118.63528442382812,119.84094768812409,117.23926128385968,118.63528442382812,13616760,SHRIRAMFIN
2020-09-18,117.2302017211914,119.9587993335577,114.94578637579006,118.92537564935185,14308610,SHRIRAMFIN
2020-09-21,115.57128143310547,118.36334862374554,114.40187943016024,117.73785275990136,16103830,SHRIRAMFIN
2020-09-22,116.1514663696289,117.30272743721585,111.1475128366578,115.5803589929795,20122560,SHRIRAMFIN
2020-09-23,111.15657043457031,117.93728729456066,110.04155696435933,116.9763723805358,17343095,SHRIRAMFIN
2020-09-24,102.22740936279297,108.78149763862216,100.7226022418522,108.78149763862216,44394795,SHRIRAMFIN
2020-09-25,107.02287292480469,107.657435880153,103.54186793920134,103.70504048016038,21093985,SHRIRAMFIN
2020-09-28,111.52822875976562,113.6041431587015,108.23759096334676,108.60019733679319,18254035,SHRIRAMFIN
2020-09-29,110.50387573242188,113.52256403366431,109.54296777423525,112.7792240562793,14131620,SHRIRAMFIN
2020-09-30,112.28971099853516,114.85513623455516,109.57923351999413,111.50104259766742,21418750,SHRIRAMFIN
2020-10-01,119.4239730834961,120.50271144193616,113.34126754399668,113.67667969069592,31031565,SHRIRAMFIN
2020-10-05,118.77129364013672,122.56050995306266,117.52030173190491,120.02227171608295,14426150,SHRIRAMFIN
2020-10-06,118.66249084472656,120.55711264396437,117.13049620809119,120.0222597107805,12240375,SHRIRAMFIN
2020-10-07,114.90953063964844,118.48118531731521,113.5497618399112,118.40866265478853,17276795,SHRIRAMFIN
2020-10-08,115.86135864257812,118.42679063827676,114.77354642564613,116.03359822811323,16935265,SHRIRAMFIN
2020-10-09,116.23303985595703,117.84663108265998,114.28403649713081,114.85513691179725,17527430,SHRIRAMFIN
2020-10-12,119.95880126953125,120.89250804172096,116.34181140029601,116.94011297246118,30896760,SHRIRAMFIN
2020-10-13,118.1639175415039,121.07381510840976,117.52028753871978,120.19449682002166,14237305,SHRIRAMFIN
2020-10-14,120.60242462158203,121.83528225366616,116.00641314563485,117.66533278653155,16828665,SHRIRAMFIN
2020-10-15,114.6103744506836,122.19788648598765,113.92142302138325,121.4726737271303,15350725,SHRIRAMFIN
2020-10-16,117.32085418701172,117.67439353311987,113.5860268555836,115.4897018537372,13772355,SHRIRAMFIN
2020-10-19,119.25172424316406,120.54803050151449,116.79506923866315,117.33898228116234,12763000,SHRIRAMFIN
2020-10-20,119.4148941040039,119.97694128985337,117.30271820677686,118.57184407365536,8548565,SHRIRAMFIN
2020-10-21,120.73841094970703,123.82962212133302,117.37524324166431,120.18543773083049,31740925,SHRIRAMFIN
2020-10-22,126.92988586425781,127.58257597979403,118.97976725715918,120.5117756163405,28175610,SHRIRAMFIN
2020-10-23,128.73385620117188,130.1570876984524,126.78485954030592,127.69137218857571,21913570,SHRIRAMFIN
2020-10-26,125.09873962402344,128.36219053843357,124.45510958757866,128.18087695141162,10113485,SHRIRAMFIN
2020-10-27,133.6471405029297,135.7593164342672,123.86587603587698,125.09873367465771,40165905,SHRIRAMFIN
2020-10-28,129.1236572265625,132.35083987612998,128.18087637451617,132.16954012220864,17774320,SHRIRAMFIN
2020-10-29,126.74858856201172,127.94517790861582,123.69363193049124,126.91175417788722,14687575,SHRIRAMFIN
2020-10-30,125.72420501708984,132.3508083450359,121.47265971393705,128.18084583686883,42892115,SHRIRAMFIN
2020-11-02,136.71115112304688,138.85052122658993,125.80580659847357,125.80580659847357,58773715,SHRIRAMFIN
2020-11-03,138.3065948486328,140.110545559034,135.9768514869943,136.7020641280477,16268300,SHRIRAMFIN
2020-11-04,143.03858947753906,143.77287616102387,136.33946320900347,137.97118834072214,22749125,SHRIRAMFIN
2020-11-05,147.83409118652344,149.55645976509197,141.32532287770985,143.8091726286292,26335845,SHRIRAMFIN
2020-11-06,153.45445251464844,156.2827674130943,145.58592975059892,147.94285422187562,34200000,SHRIRAMFIN
2020-11-09,152.52322387695312,156.80512440854608,150.82507175406434,154.85133768058083,24006055,SHRIRAMFIN
2020-11-10,156.62246704101562,159.37968366131807,151.73799522690382,153.37224500447786,23825835,SHRIRAMFIN
2020-11-11,161.26046752929688,162.60255594896543,154.67784271230164,156.62250428591094,31631290,SHRIRAMFIN
2020-11-12,157.24331665039062,160.25616828882235,153.0527211357461,160.1374758458026,20465145,SHRIRAMFIN
2020-11-13,159.96400451660156,160.68525607044353,154.74173257982923,155.9377399272968,18289185,SHRIRAMFIN
2020-11-14,159.27926635742188,161.47954819875144,157.41677035894958,161.05044441140913,1279465,SHRIRAMFIN
2020-11-17,157.2159423828125,160.639634568549,156.48555193031422,159.46189058631288,15728460,SHRIRAMFIN
2020-11-18,168.95689392089844,169.9976955986664,154.98822955956453,156.48552344566997,35810375,SHRIRAMFIN
2020-11-19,166.4918670654297,182.30475260436583,164.58373265387732,167.4778920746672,63358800,SHRIRAMFIN
2020-11-20,170.5272674560547,173.4670790684345,165.1224001378577,167.64223269230905,43910455,SHRIRAMFIN
2020-11-23,177.96807861328125,178.86281353766415,171.80543265947108,172.09759441380982,33172945,SHRIRAMFIN
2020-11-24,187.92874145507812,189.80948744941622,177.84939788314307,179.43798212676816,39408005,SHRIRAMFIN
2020-11-25,194.46571350097656,198.59240765999806,188.62261782265858,188.95129282525392,43692190,SHRIRAMFIN
2020-11-26,192.0371551513672,193.5527127550682,186.68706545853746,193.43402031289952,25519515,SHRIRAMFIN
2020-11-27,195.41519165039062,199.37755487470784,192.4753944461465,193.55270944388897,67609335,SHRIRAMFIN
2020-12-01,186.8970947265625,197.20468534478744,186.01149849733648,197.18642175100868,19857690,SHRIRAMFIN
2020-12-02,188.16610717773438,190.81375660122143,186.24883419449364,188.75041668855403,18406465,SHRIRAMFIN
2020-12-03,188.7412872314453,193.3518618757156,187.76440103239176,189.9007814805993,16262005,SHRIRAMFIN
2020-12-04,183.16294860839844,190.86854012995667,180.08619525637383,190.08337289124248,25299565,SHRIRAMFIN
2020-12-07,194.1735382080078,198.48282619433567,184.43199519274418,184.60546447799214,34630940,SHRIRAMFIN
2020-12-08,194.78526306152344,197.25944343823156,190.9507167329367,196.29168202558327,20765030,SHRIRAMFIN
2020-12-09,193.9727020263672,196.88511101482717,191.5441597999035,195.7438803367189,12326970,SHRIRAMFIN
2020-12-10,191.6811065673828,193.91791596462966,187.16183575844758,192.09194683527895,13328860,SHRIRAMFIN
2020-12-11,190.49423217773438,196.30995358215424,188.98781315255732,193.55273617556597,17879175,SHRIRAMFIN
2020-12-14,195.37869262695312,196.0725558659684,191.06940446013726,193.5527235369816,14980145,SHRIRAMFIN
2020-12-15,199.46884155273438,201.16699321096164,192.38408713583817,195.74386327239597,18580105,SHRIRAMFIN
2020-12-16,195.9355926513672,202.31735894857744,194.46568713502992,201.37698608301775,17984290,SHRIRAMFIN
2020-12-17,192.9136505126953,196.4925485053711,191.9915271424819,195.74389443969446,10168720,SHRIRAMFIN
2020-12-18,187.67312622070312,193.86316115841274,185.52762060843463,192.98670367806898,17274385,SHRIRAMFIN
2020-12-21,176.54380798339844,188.25740076864767,172.4445165017782,188.09307024584714,18966675,SHRIRAMFIN
2020-12-22,171.2667694091797,178.2419708554036,167.64221960964974,176.91814603624158,22851915,SHRIRAMFIN
2020-12-23,175.5943145751953,177.1007334622545,169.26732460126263,171.23937450984204,22133360,SHRIRAMFIN
2020-12-24,181.97607421875,188.00176346051984,177.13725366253036,177.9132821160795,33020905,SHRIRAMFIN
2020-12-28,185.52757263183594,188.03827982085713,182.26821152137256,183.48248248815088,21567085,SHRIRAMFIN
2020-12-29,188.9695281982422,191.65370486131235,186.6140265129161,187.65482828726596,20672180,SHRIRAMFIN
2020-12-30,189.72732543945312,192.6397485108344,188.5130542628971,190.44859106701313,20204065,SHRIRAMFIN
2020-12-31,191.0876922607422,191.90937288291315,188.64088612605295,190.44860578449362,11010990,SHRIRAMFIN
2021-01-01,195.5338897705078,196.63860715125057,191.08765968894483,191.34329423587013,12981435,SHRIRAMFIN
2021-01-04,196.61122131347656,198.66543647677997,194.21006757577192,197.93504607695334,11008350,SHRIRAMFIN
2021-01-05,203.4403533935547,204.39898997820936,193.3427462788803,195.36957313865113,15930660,SHRIRAMFIN
2021-01-06,218.60504150390625,220.66838174750805,203.86947016882604,204.13422958122385,44538525,SHRIRAMFIN
2021-01-07,238.61764526367188,240.4618920150831,218.75111901570403,219.11630728876946,45813230,SHRIRAMFIN
2021-01-08,236.59083557128906,239.81366999881854,230.98509692044985,238.50808088452365,31324270,SHRIRAMFIN
2021-01-11,228.5474395751953,240.04192642693553,226.60277789385998,238.19767967911403,15045560,SHRIRAMFIN
2021-01-12,230.546875,239.18371544218493,224.6307247640302,227.33316530860102,24395200,SHRIRAMFIN
2021-01-13,222.1930694580078,233.87015091425687,215.01700956321721,232.62849123499663,26536710,SHRIRAMFIN
2021-01-14,222.48519897460938,227.1505504094833,216.23124946642466,222.74995835464208,21198275,SHRIRAMFIN
2021-01-15,219.94711303710938,228.7117564283476,217.5094459409038,222.58563785039905,17385480,SHRIRAMFIN
2021-01-18,214.3322296142578,221.44438645194512,212.57017627033795,220.94224220617812,14423695,SHRIRAMFIN
2021-01-19,224.29290771484375,227.05924972504545,214.5513644557478,216.01214527552142,21867515,SHRIRAMFIN
2021-01-20,227.826171875,230.4373083987933,222.86867216386543,224.53943566034178,17042230,SHRIRAMFIN
2021-01-21,220.29403686523438,233.0575709581981,218.0572274945459,229.2869402929264,16461875,SHRIRAMFIN
2021-01-22,210.10508728027344,223.54421766579816,208.52561436685045,221.30739492354792,18964880,SHRIRAMFIN
2021-01-25,219.30801391601562,230.94856634628945,216.9251238024592,216.9251238024592,36180365,SHRIRAMFIN
2021-01-27,210.17816162109375,215.46433558915422,206.6996790775194,215.4278223398973,19598860,SHRIRAMFIN
2021-01-28,202.88340759277344,210.50683339781244,200.39096392040236,201.58697133272233,24702255,SHRIRAMFIN
2021-01-29,235.7964630126953,240.84526546009735,213.29140388339843,217.10768579095102,90681265,SHRIRAMFIN
2021-02-01,243.21905517578125,245.55629317022135,231.21331506937193,234.19876423064142,30395260,SHRIRAMFIN
2021-02-02,249.5460662841797,261.11359332469675,245.9032666777877,248.3318090360752,30730610,SHRIRAMFIN
2021-02-03,267.5592346191406,269.5404232381086,247.78398705904652,250.34036036939474,28518195,SHRIRAMFIN
2021-02-04,259.4062805175781,265.6237024957222,254.72266575384958,264.8020220495764,21005115,SHRIRAMFIN
2021-02-05,252.79627990722656,268.6000386436031,250.53206842141762,260.9218360096556,16549455,SHRIRAMFIN
2021-02-08,259.1962890625,270.0607988340634,257.0690474771518,258.3746086004965,18317310,SHRIRAMFIN
2021-02-09,258.0277099609375,263.624310163643,253.80972545625195,261.11360244779877,11093915,SHRIRAMFIN
2021-02-10,260.7666320800781,265.86110126410995,253.95577541617845,255.83652128352318,19081675,SHRIRAMFIN
2021-02-11,263.16778564453125,264.40032030842997,257.1512210525165,259.28760146763875,8878860,SHRIRAMFIN
2021-02-12,262.6199645996094,266.81969853215384,259.2875770167038,260.21881110099474,11134020,SHRIRAMFIN
2021-02-15,276.33306884765625,280.2771412544681,263.85255675828665,264.7655413837478,24556900,SHRIRAMFIN
2021-02-16,269.8417053222656,277.3646889298215,266.84711717985317,275.3561396820767,11625195,SHRIRAMFIN
2021-02-17,266.5367431640625,275.48398166355423,264.4277508340097,270.9647243257614,13152705,SHRIRAMFIN
2021-02-18,262.7021484375,269.8782210226634,260.8122917169331,266.5914712837365,9516035,SHRIRAMFIN
2021-02-19,256.4756164550781,264.0351269550794,252.17543942527482,261.6339732766046,10103260,SHRIRAMFIN
2021-02-22,248.3591766357422,260.18233725623867,246.1406309499866,258.19200983728064,12281580,SHRIRAMFIN
2021-02-23,251.51812744140625,254.7227124167078,243.9860042247832,250.15778925511808,10273085,SHRIRAMFIN
2021-02-24,251.6094207763672,256.7312788341251,250.16691737796813,251.61855953816726,5331875,SHRIRAMFIN
2021-02-25,252.0384979248047,256.50300548737135,250.44077505561285,254.17487830358925,10532480,SHRIRAMFIN
2021-02-26,234.26268005371094,246.32319701041288,231.89805363762662,246.32319701041288,21843070,SHRIRAMFIN
2021-03-01,243.51123046875,245.73891490986523,237.95115812695812,238.288957938901,9162830,SHRIRAMFIN
2021-03-02,246.6062469482422,251.2533628927311,243.027363063899,245.8667316811481,8570450,SHRIRAMFIN
2021-03-03,248.72438049316406,251.7828843846092,243.09128128147637,249.24478838658422,9383425,SHRIRAMFIN
2021-03-04,244.56118774414062,250.49558782370713,243.0365190187705,245.94894220986257,8576470,SHRIRAMFIN
2021-03-05,235.40394592285156,243.89471942018187,232.26327666985455,242.67129553754052,11926800,SHRIRAMFIN
2021-03-08,231.1403045654297,244.13207124480238,229.17739328983856,238.61763657739203,19094895,SHRIRAMFIN
2021-03-09,231.94374084472656,237.68640785967887,229.1591350233741,233.72405803180783,10348870,SHRIRAMFIN
2021-03-10,240.18795776367188,242.8173576665874,235.54086985192495,235.76000508521903,15206235,SHRIRAMFIN
2021-03-12,242.02305603027344,245.04503247469012,239.30235220938832,244.86245229324166,12544700,SHRIRAMFIN
2021-03-15,233.10321044921875,245.01764709186403,226.08235737843754,244.3055202926129,18506180,SHRIRAMFIN
2021-03-16,241.56658935546875,243.18256204962665,233.82447000093276,235.3674161871959,12723425,SHRIRAMFIN
2021-03-17,241.32003784179688,242.66212599395266,235.54996987728543,242.47951797324995,11266530,SHRIRAMFIN
2021-03-18,242.0778350830078,249.737788427006,237.9328776434006,244.31465825727727,14562505,SHRIRAMFIN
2021-03-19,250.87899780273438,251.9015359002141,237.4855040363808,239.70404950095627,14402385,SHRIRAMFIN
2021-03-22,252.23941040039062,253.80060642733562,245.9672100041642,249.9569486630691,9335185,SHRIRAMFIN
2021-03-23,256.7860412597656,261.84395556295124,254.08358695410834,255.45306376743358,14529820,SHRIRAMFIN
2021-03-24,255.96434020996094,260.56579023584743,250.66904085833824,258.0094445892871,10501700,SHRIRAMFIN
2021-03-25,250.52294921875,257.02339460816864,246.7888458380889,256.8955912623714,10425355,SHRIRAMFIN
2021-03-26,260.9584045410156,268.6913860644791,251.98377719935465,251.98377719935465,18748345,SHRIRAMFIN
2021-03-30,259.3971252441406,263.85249360797866,257.66246044335395,263.56947067079057,11173995,SHRIRAMFIN
2021-03-31,259.7076110839844,263.54215783775487,258.28335722963095,259.85369197444123,8632980,SHRIRAMFIN
2021-04-01,268.91046142578125,270.06080294526794,260.29188554904465,263.85251951331435,12254460,SHRIRAMFIN
2021-04-05,260.37579345703125,271.0372438752473,254.94880264568258,268.58959092388613,10865445,SHRIRAMFIN
2021-04-06,263.8685302734375,267.49873156040604,259.431611372463,262.5484519916202,9011680,SHRIRAMFIN
2021-04-07,272.3756408691406,275.47415665813617,259.10156297211836,264.01516511661634,14184300,SHRIRAMFIN
2021-04-08,273.952392578125,276.84922892666947,270.1113364685085,273.16402740770013,11186950,SHRIRAMFIN
2021-04-09,269.44219970703125,274.4291279002049,266.7653665374647,272.99904776097526,10218235,SHRIRAMFIN
2021-04-12,238.51205444335938,259.59660132100214,237.05447390764044,258.51487910848977,24289800,SHRIRAMFIN
2021-04-13,253.43621826171875,256.4247322313089,240.36381963327986,241.09718390721488,21252365,SHRIRAMFIN
2021-04-15,253.13368225097656,254.53626153607556,240.3637902530167,252.0977850580246,17951785,SHRIRAMFIN
2021-04-16,252.64788818359375,255.75555259821581,250.3744138567007,252.15285184304895,12006190,SHRIRAMFIN
2021-04-19,246.16665649414062,248.1284494157848,236.01856614015267,238.71372338282788,14272335,SHRIRAMFIN
2021-04-20,246.60670471191406,254.11463913940023,242.49061541586155,252.83120954669107,12498725,SHRIRAMFIN
2021-04-22,243.1597900390625,244.2140116202702,236.73357890699407,241.66553313023184,19593930,SHRIRAMFIN
2021-04-23,253.13368225097656,254.45376016354624,240.4554397940157,241.09715443731082,17606370,SHRIRAMFIN
2021-04-26,245.5158233642578,252.93208076696394,243.22402461276423,252.83122707434754,13382655,SHRIRAMFIN
2021-04-27,242.9306640625,248.95351780653,241.84894178206065,248.33930344075526,8343800,SHRIRAMFIN
2021-04-28,257.56146240234375,259.3949011141578,242.93062931536284,243.48066652411796,17059815,SHRIRAMFIN
2021-04-29,259.6698913574219,263.0067347211747,254.84793937941777,260.53160964952264,14470055,SHRIRAMFIN
2021-04-30,246.60670471191406,264.93191730611284,244.90159201146,262.1817589949767,20775365,SHRIRAMFIN
2021-05-03,238.1361541748047,244.6540427177721,233.88259131887057,244.5806895097437,14320405,SHRIRAMFIN
2021-05-04,236.7335662841797,247.36751500494586,235.6976690725048,242.93059726485723,13762810,SHRIRAMFIN
2021-05-05,235.97274780273438,240.18048655743442,233.2317517181636,240.18048655743442,12337230,SHRIRAMFIN
2021-05-06,240.43714904785156,241.46387023962143,233.39675118195458,237.61366577048446,11816670,SHRIRAMFIN
2021-05-07,237.91616821289062,242.5639419618328,236.97194841561523,241.09718542865303,6920815,SHRIRAMFIN
2021-05-10,244.3515625,245.86417199992042,237.67784590579421,238.1637061037878,9092755,SHRIRAMFIN
2021-05-11,246.13916015625,247.23923463228695,240.620519411464,242.74728716851615,7293410,SHRIRAMFIN
2021-05-12,246.40501403808594,248.6143111373665,243.5998549272115,246.59751727775807,7632385,SHRIRAMFIN
2021-05-14,243.2056427001953,251.5477947349263,242.7472830057162,246.78087069797687,9702620,SHRIRAMFIN
2021-05-17,254.67384338378906,256.314779130635,242.05977404572974,243.75571072477751,9550025,SHRIRAMFIN
2021-05-18,265.8853454589844,268.5988274869895,257.5981929141435,257.5981929141435,15594255,SHRIRAMFIN
2021-05-19,258.7623291015625,267.64534075115256,257.59810574129864,263.6484583040981,6901040,SHRIRAMFIN
2021-05-20,259.6058044433594,261.92510372185694,255.94810249206824,259.4316254955779,6123645,SHRIRAMFIN
2021-05-21,271.1197204589844,272.81565668090343,260.35744532615274,262.73174484641885,11258915,SHRIRAMFIN
2021-05-24,267.5261535644531,271.89892208153157,265.3077087526294,270.61552078840424,6487950,SHRIRAMFIN
2021-05-25,262.9700622558594,270.72552700675107,261.66833662888354,268.59873170019705,5680010,SHRIRAMFIN
2021-05-26,262.6859130859375,266.90282760340006,261.9067240354949,263.6484851690403,6131915,SHRIRAMFIN
2021-05-27,264.2809753417969,265.7935563655785,259.4315231361005,263.17172501178146,8648350,SHRIRAMFIN
2021-05-28,266.7745361328125,277.6559915296106,265.1152761661733,265.38110466394784,17020950,SHRIRAMFIN
2021-05-31,262.1450500488281,268.7821169780788,260.164932951929,268.7821169780788,7634365,SHRIRAMFIN
2021-06-01,258.75323486328125,263.13515261285056,254.54549604322662,263.0984760024115,9322935,SHRIRAMFIN
2021-06-02,262.1908874511719,263.3642869981153,254.84795714372294,256.68139568432525,6900620,SHRIRAMFIN
2021-06-03,259.9266052246094,265.1152399608528,258.51484963091855,263.09844625558026,5219995,SHRIRAMFIN
2021-06-04,260.93499755859375,263.09844169946365,258.1023102746797,261.2833273961509,6313570,SHRIRAMFIN
2021-06-07,272.7148132324219,277.66511979020333,258.8356976986985,260.8066385813434,23267725,SHRIRAMFIN
2021-06-08,273.0173645019531,280.4427968585648,269.7996706196754,276.1158803921385,20367070,SHRIRAMFIN
2021-06-09,263.47430419921875,272.99900342554565,261.09082836222996,272.2473148418625,16223270,SHRIRAMFIN
2021-06-10,269.5155334472656,270.4139286301378,262.759315197223,264.01521643813777,9991650,SHRIRAMFIN
2021-06-11,270.4964599609375,273.9158061753147,267.6821240655821,269.8822455174841,8790865,SHRIRAMFIN
2021-06-14,270.79888916015625,272.0639663335572,261.6408718477471,269.51548767121847,8612805,SHRIRAMFIN
2021-06-15,265.9678039550781,270.43222295618585,264.4735468571513,270.43222295618585,11778790,SHRIRAMFIN
2021-06-16,263.9794616699219,269.5302371785585,262.5986714628755,268.1494469715121,9827690,SHRIRAMFIN
2021-06-17,259.8462829589844,264.55937529893976,256.4587513511722,258.11568822022815,12356210,SHRIRAMFIN
2021-06-18,254.0653839111328,262.1568219384796,247.43758005046527,262.1568219384796,14779290,SHRIRAMFIN
2021-06-21,254.59933471679688,255.88809493703232,246.39746420889782,249.46280663089254,7416025,SHRIRAMFIN
2021-06-22,252.53729248046875,258.10649589228547,250.56737994284234,255.9064235865263,7917570,SHRIRAMFIN
2021-06-23,251.6351776123047,255.17002503545325,250.59500598759737,253.1264545371862,4924915,SHRIRAMFIN
2021-06-24,251.10128784179688,253.3289749560204,249.16817603217683,252.4084481983201,4667625,SHRIRAMFIN
2021-06-25,251.87452697753906,253.69718007121423,249.5824243401083,251.10128787204732,6516880,SHRIRAMFIN
2021-06-28,252.69381713867188,255.72233003968287,250.8435493083824,254.4244119919628,4102820,SHRIRAMFIN
2021-06-29,249.9874725341797,257.01109658924906,248.21086253301698,252.66620892235318,5875000,SHRIRAMFIN
2021-06-30,247.1890411376953,252.73981618365562,246.13965527577932,251.30379673540443,6968565,SHRIRAMFIN
2021-07-01,249.57322692871094,251.34983694906487,244.86013410535276,248.4870120233157,5444075,SHRIRAMFIN
2021-07-02,250.788330078125,252.70301351069327,247.8058321590718,250.29123772753303,4228550,SHRIRAMFIN
2021-07-05,253.06199645996094,253.69716212530037,250.84352375949558,251.3037871058433,2911235,SHRIRAMFIN
2021-07-06,260.26055908203125,264.1543695688005,253.23693491963047,253.23693491963047,12255020,SHRIRAMFIN
2021-07-07,265.91259765625,266.9527975345067,260.00283076662953,261.42042194780566,7910955,SHRIRAMFIN
2021-07-08,263.5560302734375,266.41888327734057,261.8346496233755,266.09669327349627,6176635,SHRIRAMFIN
2021-07-09,268.0021667480469,268.7938062547929,261.06138730974817,263.10495778236145,5637260,SHRIRAMFIN
2021-07-12,267.3946228027344,270.2022181780052,266.40043817234044,269.51182310943886,4330990,SHRIRAMFIN
2021-07-13,263.6020202636719,269.7143312199657,261.9910984901738,269.7143312199657,5529040,SHRIRAMFIN
2021-07-14,261.59527587890625,264.53175835558125,260.50906109422135,264.19116796481103,6477460,SHRIRAMFIN
2021-07-15,268.4071960449219,269.7143564812911,260.7392200454802,262.3501419698565,7322970,SHRIRAMFIN
2021-07-16,266.8330993652344,270.72693784746366,265.84812894582495,268.79382594652185,3058730,SHRIRAMFIN
2021-07-19,255.87879943847656,265.1116808096507,254.41516540507598,262.3501008012168,8523350,SHRIRAMFIN
2021-07-20,256.9926452636719,259.5701369582498,248.72633322260717,257.3792788501448,6350305,SHRIRAMFIN
2021-07-22,256.8822021484375,258.21697722241095,252.2243388678204,257.5449825567436,8748020,SHRIRAMFIN
2021-07-23,255.0963897705078,259.0270573003294,252.040233963123,257.19518981210655,5276030,SHRIRAMFIN
2021-07-26,252.2979278564453,258.66798453366215,244.07763174489833,254.94904906101547,4858020,SHRIRAMFIN
2021-07-27,251.4326934814453,259.9567522024476,248.99327508616943,253.89969846366856,8150250,SHRIRAMFIN
2021-07-28,252.76742553710938,253.69716650229086,248.56061173677315,253.2369031480023,6667670,SHRIRAMFIN
2021-07-29,252.40846252441406,254.709779549282,249.2786488967946,251.11970251668893,3888435,SHRIRAMFIN
2021-07-30,255.9248809814453,259.6069886153516,250.4017195305859,253.69722159459303,7132000,SHRIRAMFIN
2021-08-02,253.30137634277344,263.27066940038736,245.90954713329867,257.0110982879071,16937480,SHRIRAMFIN
2021-08-03,246.3974151611328,255.53823932947788,245.4124447660005,253.62352789854333,10852865,SHRIRAMFIN
2021-08-04,243.2952117919922,250.143933143931,242.1169386611343,248.54222556867424,12098915,SHRIRAMFIN
2021-08-05,245.2191619873047,246.28694841618088,241.21486455614337,243.42412338608577,7443930,SHRIRAMFIN
2021-08-06,242.2734375,247.45600759555077,241.62905753831365,245.4124370875347,6201995,SHRIRAMFIN
2021-08-09,239.84323120117188,243.09268947416743,238.41642598910104,243.01905969545433,5444400,SHRIRAMFIN
2021-08-10,234.8263702392578,241.5738186888246,233.87822884801457,241.5738186888246,6656495,SHRIRAMFIN
2021-08-11,238.41644287109375,238.95955031583063,228.99024331641948,235.10254074941645,7777460,SHRIRAMFIN
2021-08-12,241.06756591796875,242.92701996420197,236.9896388846968,239.61311782397294,4144010,SHRIRAMFIN
2021-08-13,238.42564392089844,242.0617077496123,237.18292718257965,241.36212651819173,4393670,SHRIRAMFIN
2021-08-16,238.72019958496094,240.25749168159714,235.99544815815622,237.68002791195053,4215450,SHRIRAMFIN
2021-08-17,235.71929931640625,238.78464113347292,232.89327535943096,238.72019751672804,5186305,SHRIRAMFIN
2021-08-18,238.2047119140625,240.22988212789133,235.00128255619822,237.1277112807185,4998005,SHRIRAMFIN
2021-08-20,230.9601593017578,236.7594947661031,230.13169083320776,235.65485141320474,4362450,SHRIRAMFIN
2021-08-23,229.3400421142578,234.80797345169165,223.87211077682397,234.80797345169165,5190075,SHRIRAMFIN
2021-08-24,235.57200622558594,236.02305534789795,226.68891457511435,228.2906361920989,4803725,SHRIRAMFIN
2021-08-25,233.32594299316406,238.46247048199072,231.86230866520674,235.83899141979848,5152555,SHRIRAMFIN
2021-08-26,232.9761199951172,238.81225642467814,231.4112272742044,234.9184320678976,6567660,SHRIRAMFIN
2021-08-27,235.91261291503906,237.6800367745922,231.5401105087492,233.804612672091,3930010,SHRIRAMFIN
2021-08-30,245.7714080810547,246.56307562988377,236.24397946424622,238.23229236197957,7071320,SHRIRAMFIN
2021-08-31,249.039306640625,249.83094613537523,243.11111231773086,245.78063418670274,7881915,SHRIRAMFIN
2021-09-01,244.8417205810547,249.50876995833946,243.5161597838828,248.98409104915496,6179385,SHRIRAMFIN
2021-09-02,247.26266479492188,248.35809382146925,244.23415216128672,245.22830864229627,3818570,SHRIRAMFIN
2021-09-03,248.55140686035156,255.64865938333907,245.43080806893,248.35807603968826,8012625,SHRIRAMFIN
2021-09-06,247.8886260986328,253.51303036994443,246.71035312622544,249.64683534747195,3295350,SHRIRAMFIN
2021-09-07,247.58482360839844,252.03098276666213,244.12366273513004,248.08191583248055,6181705,SHRIRAMFIN
2021-09-08,251.31301879882812,254.32313117958068,246.39740928985051,247.41918050535696,8546425,SHRIRAMFIN
2021-09-09,248.2384796142578,250.93561645150487,245.86350468982766,250.93561645150487,3792220,SHRIRAMFIN
2021-09-13,247.01414489746094,248.23846120747936,241.31608206357822,247.80581251098553,3625345,SHRIRAMFIN
2021-09-14,249.0577392578125,252.40847043531716,247.47443197138992,248.17404135839632,3353550,SHRIRAMFIN
2021-09-15,251.6351776123047,253.94570873253932,247.06937282142084,249.27863139170356,5161840,SHRIRAMFIN
2021-09-16,258.9257507324219,259.9383357274414,250.95398608762542,251.63516686052688,10142820,SHRIRAMFIN
2021-09-17,250.5305633544922,262.5158115120952,249.57320766979635,261.4295966905203,9870725,SHRIRAMFIN
2021-09-20,243.03746032714844,252.50968836884027,241.31607981424386,248.54222035791406,4788450,SHRIRAMFIN
2021-09-21,243.70945739746094,245.94633066089608,236.71344846939604,244.86011583654243,4585140,SHRIRAMFIN
2021-09-22,247.89784240722656,249.2602321097162,244.30779370257127,244.30779370257127,3449740,SHRIRAMFIN
2021-09-23,254.63613891601562,254.98594362224307,247.90708972701086,248.5422555162658,5925930,SHRIRAMFIN
2021-09-24,249.59170532226562,258.99946433357934,248.73559385852317,256.8270340886529,5655830,SHRIRAMFIN
2021-09-27,243.78311157226562,250.83435056364172,241.91444320389016,250.29124309711634,5489955,SHRIRAMFIN
2021-09-28,241.76712036132812,247.74132902194785,237.9745271616001,245.78060286389282,4231635,SHRIRAMFIN
2021-09-29,239.40138244628906,241.3989096272246,236.75947534697397,239.3369388360021,4532205,SHRIRAMFIN
2021-09-30,239.12521362304688,244.307783501165,238.04821310274542,239.70514994578417,7981880,SHRIRAMFIN
2021-10-01,238.33358764648438,239.2541144097435,234.42134890263318,238.20470041534935,4632325,SHRIRAMFIN
2021-10-04,248.68031311035156,249.27864992082542,238.60974752077996,239.59471795360938,6773440,SHRIRAMFIN
2021-10-05,245.82666015625,249.92301547740098,243.8107043033619,246.7011718156297,4110305,SHRIRAMFIN
2021-10-06,239.92608642578125,247.52961767026483,239.05157484628654,247.2994860011604,3570155,SHRIRAMFIN
2021-10-07,247.29034423828125,247.87946680899867,242.24584703256116,243.60823687148553,3739840,SHRIRAMFIN
2021-10-08,245.03501892089844,249.1681750572823,243.65422878975048,247.29032070533898,2327330,SHRIRAMFIN
2021-10-11,245.7622528076172,247.05098469674175,244.10528772824418,245.9463413104931,2474965,SHRIRAMFIN
2021-10-12,243.87515258789062,247.06019546663956,243.01906942636904,246.1488548535621,2928570,SHRIRAMFIN
2021-10-13,251.56155395507812,253.10803218268524,244.13289619754914,246.33296865664596,7442435,SHRIRAMFIN
2021-10-14,254.71897888183594,257.58183201673046,249.79415457558994,253.78005160036346,8878410,SHRIRAMFIN
2021-10-18,256.86383056640625,260.82208494594954,254.11143606991567,258.4287094198821,5899405,SHRIRAMFIN
2021-10-19,262.8011779785156,268.425611138359,254.74656875938254,257.7843239488041,14910045,SHRIRAMFIN
2021-10-20,264.87237548828125,271.49096550376913,258.9994099419875,264.7066874045156,10061990,SHRIRAMFIN
2021-10-21,274.4734191894531,276.15797044860335,265.3233828545434,267.23806575573417,11697925,SHRIRAMFIN
2021-10-22,279.58233642578125,286.98337805898956,273.460840234145,275.97385984030274,19446090,SHRIRAMFIN
2021-10-25,279.2694091796875,283.5682533592911,272.2089566650564,283.5682533592911,8858895,SHRIRAMFIN
2021-10-26,280.9263000488281,292.3592527408382,275.5320276762493,276.17637943861695,9988515,SHRIRAMFIN
2021-10-27,281.37738037109375,286.83609640941256,279.2877669938059,283.3380784468601,4678970,SHRIRAMFIN
2021-10-28,274.07763671875,281.3037776190224,270.55203148323966,281.3037776190224,5604320,SHRIRAMFIN
2021-10-29,264.41204833984375,276.1579766007811,262.3500777707421,276.1579766007811,6972315,SHRIRAMFIN
2021-11-01,263.3995666503906,267.8733136623267,255.78679161297447,267.8733136623267,8517215,SHRIRAMFIN
2021-11-02,290.18682861328125,299.1159488615586,263.6848850832439,265.1116902347619,16632400,SHRIRAMFIN
2021-11-03,295.05645751953125,302.6231890274201,286.9742332450136,290.7023555915697,15816895,SHRIRAMFIN
2021-11-04,297.7259826660156,299.34611885882,296.0414309459172,296.40963605548666,1071505,SHRIRAMFIN
2021-11-08,306.4801940917969,307.45595024940013,298.443985039434,299.2080380127308,8351745,SHRIRAMFIN
2021-11-09,298.96014404296875,313.8244484624926,292.48534108629207,310.1800571115026,12628955,SHRIRAMFIN
2021-11-10,301.7628479003906,303.9457964385216,295.8985289699447,298.96018394702776,6427920,SHRIRAMFIN
2021-11-11,302.706298828125,303.9457577286384,296.2129783288446,301.7628094685231,5065025,SHRIRAMFIN
2021-11-12,300.1348876953125,305.0557166750367,298.94166605870316,304.6672442905883,5511415,SHRIRAMFIN
2021-11-15,299.0618896484375,300.80084115179557,291.85635141063324,299.6908636987885,3522305,SHRIRAMFIN
2021-11-16,303.1965026855469,307.6456146159729,297.4894144764944,299.2838619584261,5549900,SHRIRAMFIN
2021-11-17,301.6981506347656,305.2222919415366,297.9427380840111,301.17090978341383,3780655,SHRIRAMFIN
2021-11-18,296.2500305175781,304.2047953493761,293.25313027570047,301.9293721371322,4825755,SHRIRAMFIN
2021-11-22,288.8964538574219,297.8039375473701,286.3990467268309,297.7299522175036,5279665,SHRIRAMFIN
2021-11-23,293.7618103027344,296.5737326673857,285.5850624289586,286.0013110580722,3311240,SHRIRAMFIN
2021-11-24,293.567626953125,296.1667960952549,290.44121697999634,293.9191208404575,2310765,SHRIRAMFIN
2021-11-25,290.6169128417969,294.1410533930857,283.05064975248234,294.1410533930857,4290100,SHRIRAMFIN
2021-11-26,267.63134765625,288.0362241013489,265.3651835946601,285.26130859318965,6705735,SHRIRAMFIN
2021-11-29,259.5933532714844,267.31687413871975,256.8739336777234,265.19868062321984,4893890,SHRIRAMFIN
2021-11-30,260.2315673828125,267.5851046127751,258.14112204526896,259.54709727175117,8840830,SHRIRAMFIN
2021-12-01,267.08563232421875,268.04761099034187,258.9458910112128,264.5419596354167,5539860,SHRIRAMFIN
2021-12-02,268.047607421875,270.08252860908505,263.8389684560538,266.39189986266615,3870920,SHRIRAMFIN
2021-12-03,267.7146301269531,273.58820777379674,266.179173271558,267.6313860371184,3863635,SHRIRAMFIN
2021-12-06,268.26959228515625,272.86670364172784,266.74339433409637,268.2418442579698,2886375,SHRIRAMFIN
2021-12-07,270.7485046386719,273.1071998132018,266.72487141098037,270.6467712836891,3802710,SHRIRAMFIN
2021-12-08,276.07635498046875,276.90882401732296,270.8502695640993,271.94172959526145,4314475,SHRIRAMFIN
2021-12-09,276.3908386230469,279.24899827683913,275.04961813782387,277.4915573922683,2145005,SHRIRAMFIN
2021-12-10,278.2962646484375,280.6457009554762,272.9684179766961,277.49154368820564,2745385,SHRIRAMFIN
2021-12-13,272.9869689941406,283.3651551313533,260.6755949192388,281.1914654600127,9169260,SHRIRAMFIN
2021-12-14,256.0507507324219,270.76705834767085,253.45158172224444,270.2768243265176,9079580,SHRIRAMFIN
2021-12-15,251.1946258544922,257.26243926501377,249.74241319565795,256.4022221720364,4271675,SHRIRAMFIN
2021-12-16,246.37547302246094,255.80093784326672,245.30253058405364,253.7012620370039,6199315,SHRIRAMFIN
2021-12-17,235.62734985351562,246.74551618339703,234.1566337873968,245.1175565859727,5310545,SHRIRAMFIN
2021-12-20,222.104248046875,233.7218928492606,214.37148240056817,231.2429749326788,8903280,SHRIRAMFIN
2021-12-21,217.1371612548828,226.61812356739634,215.71271068831217,226.61812356739634,6125145,SHRIRAMFIN
2021-12-22,216.8966522216797,220.5132813957981,214.07548528195926,218.67259646390937,4092265,SHRIRAMFIN
2021-12-23,223.89869689941406,225.67464126201804,218.043623051448,218.6633525336626,6141175,SHRIRAMFIN
2021-12-24,217.8401336669922,225.69315041618444,215.66645810471545,225.69315041618444,5577935,SHRIRAMFIN
2021-12-27,225.45265197753906,227.17310024550042,216.65616033204847,217.8401232138766,8997655,SHRIRAMFIN
2021-12-28,224.17620849609375,230.6602569618611,222.8997426537274,226.618133946304,4005800,SHRIRAMFIN
2021-12-29,224.14842224121094,226.608850663249,222.40947070774797,224.9993946196854,5363660,SHRIRAMFIN
2021-12-30,221.6602783203125,224.76818464790333,219.23685631917422,224.21319583035242,4008980,SHRIRAMFIN
2021-12-31,225.13815307617188,227.82058003383204,222.34474812178402,222.8627301235526,5290815,SHRIRAMFIN
2022-01-03,231.3817138671875,232.7599270716319,225.23990104951574,226.02613280577316,2860025,SHRIRAMFIN
2022-01-04,231.78871154785156,236.08983947210132,227.77433677637967,232.53793654967563,6387390,SHRIRAMFIN
2022-01-05,231.2059783935547,236.19157628502407,230.31799917455058,231.78870108313623,4206620,SHRIRAMFIN
2022-01-06,225.00865173339844,231.0579756594352,223.65820070870197,231.0579756594352,4892065,SHRIRAMFIN
2022-01-07,224.86070251464844,227.79286210881838,222.7147606649357,224.99019803220332,4311580,SHRIRAMFIN
2022-01-10,226.2296142578125,229.94800500548206,223.5101947907385,225.7116322857889,4850740,SHRIRAMFIN
2022-01-11,226.359130859375,227.87608425345385,223.47322296672536,226.1556359065393,3000215,SHRIRAMFIN
2022-01-12,230.36424255371094,231.05797144268178,226.4331121828761,226.82159866702574,6283615,SHRIRAMFIN
2022-01-13,230.77122497558594,232.53791042918607,228.28304851591753,231.94592902760306,3167295,SHRIRAMFIN
2022-01-14,229.44851684570312,233.98088741844043,227.3765889166351,229.48552362383677,4270915,SHRIRAMFIN
2022-01-17,229.21726989746094,232.1494289427948,228.81953878011495,229.76299989686828,2446195,SHRIRAMFIN
2022-01-18,222.71473693847656,234.38787800890896,219.44958720216115,228.46806338855134,7134135,SHRIRAMFIN
2022-01-19,221.12379455566406,223.1957368276143,216.61918562578188,222.91824241675326,5312500,SHRIRAMFIN
2022-01-20,225.86888122558594,228.3293097656969,221.44751685462435,221.62326376662523,6465015,SHRIRAMFIN
2022-01-21,221.71575927734375,226.39611478392877,219.21833799637776,224.58317778279238,5834040,SHRIRAMFIN
2022-01-24,213.59449768066406,222.54823251837482,211.06006973334328,221.0867753032585,9353860,SHRIRAMFIN
2022-01-25,215.83291625976562,222.51121377977967,204.08577723152982,210.89357023888695,10473610,SHRIRAMFIN
2022-01-27,229.5965118408203,230.8082226960857,216.46191450203514,218.28411016060912,14742195,SHRIRAMFIN
2022-01-28,229.92025756835938,240.46493092285075,228.6622952985297,231.24296052788276,9290465,SHRIRAMFIN
2022-01-31,227.24708557128906,235.3128415247986,226.61811146518414,232.9079230959876,4867125,SHRIRAMFIN
2022-02-01,236.8390350341797,238.64274146431464,228.38480685616182,230.98397554178524,5528990,SHRIRAMFIN
2022-02-02,237.49578857421875,241.29740944574323,235.12784870936432,238.82775033758978,4547020,SHRIRAMFIN
2022-02-03,233.6848907470703,238.08775173097587,232.16793745732548,238.08775173097587,2367305,SHRIRAMFIN
2022-02-04,228.13507080078125,234.49888204362227,227.36734242354711,233.09292079170248,2633985,SHRIRAMFIN
2022-02-07,225.47113037109375,231.4279512718907,224.0281765606299,228.4680442101764,2030295,SHRIRAMFIN
2022-02-08,229.43930053710938,230.38277590070155,223.2234877545353,226.7291253191888,3807905,SHRIRAMFIN
2022-02-09,230.34573364257812,231.98293773320597,228.0980588708933,229.39301378701418,2220130,SHRIRAMFIN
2022-02-10,234.1288604736328,235.86781199618628,227.93155215769943,230.31798112568777,3166790,SHRIRAMFIN
2022-02-11,228.56980895996094,233.83290137953765,227.21009912483842,231.79796600286252,2919870,SHRIRAMFIN
2022-02-14,214.750732421875,223.1032278645098,213.40952593912394,223.1032278645098,6578230,SHRIRAMFIN
2022-02-15,223.47323608398438,225.85965137285814,211.47634837048867,216.62843496145658,4886570,SHRIRAMFIN
2022-02-16,225.80410766601562,235.75681310678968,224.9716387049911,226.44234045597747,9347585,SHRIRAMFIN
2022-02-17,236.3210906982422,237.2275592654357,227.4321096147539,227.91308487100645,11096160,SHRIRAMFIN
2022-02-18,232.74142456054688,239.0035023786154,231.31697404713955,234.75787063832735,6084335,SHRIRAMFIN
2022-02-21,225.73013305664062,231.7147022936737,223.86170000724908,230.13300827097336,4546015,SHRIRAMFIN
2022-02-22,222.77023315429688,224.95316744347826,217.61814691467364,221.99326013118605,4408165,SHRIRAMFIN
2022-02-23,217.38690185546875,226.02613609223448,216.7301655903922,225.32316252290073,4670295,SHRIRAMFIN
2022-02-24,197.68499755859375,213.56676354550228,196.09404474569183,210.8935952925365,7525505,SHRIRAMFIN
2022-02-25,208.58116149902344,214.4824866822894,203.91005062492474,206.37972388115037,9287685,SHRIRAMFIN
2022-02-28,207.97067260742188,208.6736602640651,199.97891618659114,205.15876432270116,6854355,SHRIRAMFIN
2022-03-02,202.67059326171875,212.244058057569,197.20400595378166,204.04880647162057,8430100,SHRIRAMFIN
2022-03-03,204.5020294189453,210.153608166354,202.38385002536384,206.63871220202006,5518095,SHRIRAMFIN
2022-03-04,201.48663330078125,206.54623078894284,199.97892456763603,203.30882909668338,5340955,SHRIRAMFIN
2022-03-07,188.93475341796875,196.06629290935274,188.0097815267566,195.1690690457609,4901560,SHRIRAMFIN
2022-03-08,192.6901397705078,194.2070930179368,185.36435040453838,187.95427436974524,12217785,SHRIRAMFIN
2022-03-09,196.436279296875,198.3787259464015,192.6161549199347,196.3160425464985,6415045,SHRIRAMFIN
2022-03-10,199.701416015625,203.49380623189035,195.18756300214926,203.123823138867,8349665,SHRIRAMFIN
2022-03-11,204.0883026123047,204.76176989021786,197.6436064085417,197.9803400474983,5890485,SHRIRAMFIN
2022-03-14,208.15716552734375,208.7745129511199,201.5908805484447,204.83661453006334,6630425,SHRIRAMFIN
2022-03-15,203.9386444091797,212.70305349517056,202.0398451543984,208.5874327288465,7772955,SHRIRAMFIN
2022-03-16,207.55853271484375,211.393554230728,204.88337477624077,207.40888440858896,7527250,SHRIRAMFIN
2022-03-17,211.30938720703125,214.087436553131,209.644430165797,210.45819729476824,5977670,SHRIRAMFIN
2022-03-21,203.23715209960938,213.52622005641902,202.9378411808052,211.49646927219806,6308350,SHRIRAMFIN
2022-03-22,205.4352569580078,206.71670891208302,199.4208222136053,202.41400247455252,8069535,SHRIRAMFIN
2022-03-23,205.07044982910156,207.65206495800805,203.55514127133162,206.3425531402892,4335075,SHRIRAMFIN
2022-03-24,204.3595428466797,206.0806337295218,203.27452497572727,204.64950513428798,3329035,SHRIRAMFIN
2022-03-25,206.34254455566406,208.10102974164005,203.17164210440134,205.75325712590296,3234280,SHRIRAMFIN
2022-03-28,208.69032287597656,209.62569252460312,202.7413713398073,207.37144824598715,7168470,SHRIRAMFIN
2022-03-29,210.1588592529297,210.832326584852,205.59426478086726,208.69033623235538,6632010,SHRIRAMFIN
2022-03-30,210.3553009033203,213.03980749812456,209.33575130901738,210.832334334045,2494090,SHRIRAMFIN
2022-03-31,212.3008575439453,214.08741705928674,209.33573736920727,210.8323202945764,4371685,SHRIRAMFIN
2022-04-01,220.99981689453125,224.30167100108514,211.0007118899514,212.32893523465322,4473460,SHRIRAMFIN
2022-04-04,220.56016540527344,222.61797577217527,218.87649718776896,221.49553505137501,2766255,SHRIRAMFIN
2022-04-05,218.9700927734375,222.1409960690358,218.04407146189388,221.49558857365187,7478890,SHRIRAMFIN
2022-04-06,218.3246612548828,220.74726553168978,216.07976524523184,216.81871535556309,5148520,SHRIRAMFIN
2022-04-07,219.6435089111328,221.67325934674966,216.6316174847057,217.19283071330568,10215730,SHRIRAMFIN
2022-04-08,225.83566284179688,227.01422352665014,218.27787394671927,222.49638615913253,12013760,SHRIRAMFIN
2022-04-11,228.90365600585938,231.5975250958483,224.12391664631784,227.29481910740571,5541150,SHRIRAMFIN
2022-04-12,220.91561889648438,229.1562383155469,218.8952311001998,229.1562383155469,5301495,SHRIRAMFIN
2022-04-13,221.48619079589844,223.9555662978022,220.45729266246065,222.99213662332593,2337810,SHRIRAMFIN
2022-04-18,217.80084228515625,219.77447294055963,209.7285971353495,217.37991449833697,7199895,SHRIRAMFIN
2022-04-19,209.26092529296875,222.43093331735875,206.15549081748765,220.6069651272948,7289265,SHRIRAMFIN
2022-04-20,208.44715881347656,212.0950952049813,204.2941147538496,208.11977368515255,3195385,SHRIRAMFIN
2022-04-21,215.29403686523438,215.8739614978012,209.1673626257122,210.27110626644586,3891400,SHRIRAMFIN
2022-04-22,207.27793884277344,213.26429943362075,205.86552140942283,213.26429943362075,4432385,SHRIRAMFIN
2022-04-25,205.1453094482422,206.5296527428293,201.35705893951885,204.84598426421778,5391300,SHRIRAMFIN
2022-04-26,216.49130249023438,217.1928297272556,206.34255035822528,207.26855717662409,7799210,SHRIRAMFIN
2022-04-27,213.49813842773438,218.25916687348962,212.14185518928704,213.63843817658403,5002305,SHRIRAMFIN
2022-04-28,213.6010284423828,217.56700116755604,212.44116485897888,214.76089202578675,12255960,SHRIRAMFIN
2022-04-29,224.8722381591797,231.78461982978956,219.65287340077654,223.44112362717019,30651345,SHRIRAMFIN
2022-05-02,230.14773559570312,231.41047622620573,221.67328773245993,222.56188616265288,9994595,SHRIRAMFIN
2022-05-04,214.92922973632812,235.23611042816665,211.59931617902723,230.47506822416648,9729470,SHRIRAMFIN
2022-05-05,217.29571533203125,223.54399184970453,214.788931587515,218.85778089329762,5106630,SHRIRAMFIN
2022-05-06,221.4581298828125,223.17922101567956,211.95478436991414,211.95478436991414,9524820,SHRIRAMFIN
2022-05-09,216.4445343017578,220.37309830431025,212.44115328606335,220.37309830431025,7602625,SHRIRAMFIN
2022-05-10,217.07127380371094,220.36376518500924,214.19968170036833,216.44456348512722,4513380,SHRIRAMFIN
2022-05-11,209.5228271484375,217.81955238837483,205.2575433079619,216.07041549682617,8918120,SHRIRAMFIN
2022-05-12,199.18698120117188,209.5228195749021,195.88512719521543,209.5228195749021,9397425,SHRIRAMFIN
2022-05-13,198.59768676757812,204.8272376585527,195.97864894806582,202.41398229952685,8482405,SHRIRAMFIN
2022-05-16,204.0135040283203,205.3136674563422,196.76438820696885,198.29839408084075,6833390,SHRIRAMFIN
2022-05-17,207.41822814941406,209.67247252113145,202.4139946135414,205.2201036753148,4101275,SHRIRAMFIN
2022-05-18,205.35107421875,210.79493316262656,203.38680625390543,209.5228296971324,4296340,SHRIRAMFIN
2022-05-19,201.75924682617188,203.27455548603265,199.0466803327399,199.98205005773153,8110880,SHRIRAMFIN
2022-05-20,205.0330352783203,207.46500220609286,202.7133224198632,205.22010636370075,3296315,SHRIRAMFIN
2022-05-23,212.63760375976562,214.74218566539122,205.78134188339217,205.78134188339217,6070490,SHRIRAMFIN
2022-05-24,210.97262573242188,214.18093675552785,206.3518974145912,212.11377783814555,8069565,SHRIRAMFIN
2022-05-25,208.99903869628906,214.45224655958364,206.29582043783162,212.51602414583098,5017540,SHRIRAMFIN
2022-05-26,214.5083465576172,215.32211367317572,206.26774134076118,209.70989517115058,3514895,SHRIRAMFIN
2022-05-27,213.72264099121094,217.286397483033,211.61805903721117,217.286397483033,2271910,SHRIRAMFIN
2022-05-30,219.23194885253906,221.682612832226,213.6197308061536,216.44453694655613,4176795,SHRIRAMFIN
2022-05-31,220.03639221191406,223.6843286453106,214.1996796458695,219.23197363011252,13941420,SHRIRAMFIN
2022-06-01,221.6732635498047,224.48872112240917,218.12820450275254,219.84928127259832,5176220,SHRIRAMFIN
2022-06-02,223.16049194335938,223.74041655687338,219.8586382334865,221.77614886306398,2790370,SHRIRAMFIN
2022-06-03,220.46664428710938,224.10523199529257,218.56784486168218,223.6469099583609,5396720,SHRIRAMFIN
2022-06-06,221.83229064941406,223.49724764244547,215.97686695084306,219.9989596816643,2524525,SHRIRAMFIN
2022-06-07,220.61631774902344,221.3646164304873,213.74134412995147,219.16649172980163,4116090,SHRIRAMFIN
2022-06-08,219.85865783691406,223.9555675479314,217.4173422713105,220.74725622567348,3753885,SHRIRAMFIN
2022-06-09,218.4649658203125,219.37227565822002,216.07042144206142,218.50238860456597,4476645,SHRIRAMFIN
2022-06-10,217.9972686767578,218.42754503583487,215.63078438335785,216.63163685305364,2121945,SHRIRAMFIN
2022-06-13,212.1231231689453,216.98704238169563,208.6809697875739,214.19964488562772,4399480,SHRIRAMFIN
2022-06-14,213.16140747070312,214.87313579149972,209.70989087898286,210.25240703578802,3860780,SHRIRAMFIN
2022-06-15,215.13507080078125,215.69629843365402,211.69291651882233,214.21841232152656,3345520,SHRIRAMFIN
2022-06-16,213.77874755859375,219.81187926255484,210.2056284576012,216.6316279950338,6698850,SHRIRAMFIN
2022-06-17,214.95729064941406,215.97684011244826,208.1290895510775,212.60951803522744,6730740,SHRIRAMFIN
2022-06-20,213.05848693847656,217.3518299889859,208.85867228466276,215.1350085980577,4386785,SHRIRAMFIN
2022-06-21,219.61544799804688,221.36459906165547,211.16906065597516,214.57380583051096,4280930,SHRIRAMFIN
2022-06-22,219.17584228515625,224.30166441625812,217.9504959481832,218.4088322546514,4890975,SHRIRAMFIN
2022-06-23,224.07717895507812,227.70641821594387,217.02449719637326,217.2396282463144,3954310,SHRIRAMFIN
2022-06-24,232.96316528320312,234.91808444757336,225.0499459506598,226.44363760987298,4996020,SHRIRAMFIN
2022-06-27,234.30078125,237.39685293712077,232.9819064352258,237.39685293712077,4127285,SHRIRAMFIN
2022-06-28,234.0388641357422,236.3585770471386,231.840739582683,232.532918314257,3527135,SHRIRAMFIN
2022-06-29,228.99720764160156,235.6757464614576,227.8560555114557,231.97167631772686,2727410,SHRIRAMFIN
2022-06-30,239.70716857910156,242.67230291279603,229.94192147709396,231.03630224871702,9956150,SHRIRAMFIN
2022-07-01,236.7794952392578,238.48187501566343,231.6910815737675,236.87303792223312,5358285,SHRIRAMFIN
2022-07-04,236.6204833984375,241.157032329779,233.84243413905676,234.0295052318461,2008615,SHRIRAMFIN
2022-07-05,238.96826171875,245.15105638851412,235.90961288712117,237.3687874256248,6272225,SHRIRAMFIN
2022-07-06,240.2122802734375,242.5039473601694,237.6026052001116,238.17318126402557,3157810,SHRIRAMFIN
2022-07-07,244.73947143554688,247.2275582135608,235.33901755532256,239.4546384445447,4945940,SHRIRAMFIN
2022-07-08,239.538818359375,247.60170044833524,237.77097023187926,246.90017318706538,3652815,SHRIRAMFIN
2022-07-11,234.99293518066406,239.45465282534192,231.99040631563264,238.64088572086584,3691540,SHRIRAMFIN
2022-07-12,231.2794952392578,235.2454677057158,230.7931132960249,233.65534215029822,3442455,SHRIRAMFIN
2022-07-13,237.3781280517578,238.50056886904727,232.03717490605013,232.7387022009322,3151325,SHRIRAMFIN
2022-07-14,242.25140380859375,243.09325942460168,237.59326642318598,238.3322165225891,3203265,SHRIRAMFIN
2022-07-15,245.93673706054688,246.56344729062297,238.6876222189033,243.1961108164291,2703045,SHRIRAMFIN
2022-07-18,261.3609619140625,265.44852211913445,247.49877887886976,249.18243258438915,5420345,SHRIRAMFIN
2022-07-19,260.3227844238281,261.7164763859545,253.92485798299447,258.5736473463405,4993150,SHRIRAMFIN
2022-07-20,263.4094543457031,267.74958356795054,262.19348512225923,263.7742622398674,4629925,SHRIRAMFIN
2022-07-21,273.4833679199219,274.70869981098156,261.0429351262264,262.4647151856286,4855305,SHRIRAMFIN
2022-07-22,279.8813171386719,280.5922072308234,272.4731767039846,274.43745874346524,4810415,SHRIRAMFIN
2022-07-25,279.9561462402344,282.2945705440961,275.55992567610554,275.55992567610554,4721665,SHRIRAMFIN
2022-07-26,276.5607604980469,282.2758554306382,275.69084501810204,279.8626142627951,4102640,SHRIRAMFIN
2022-07-27,271.4068603515625,275.74696067257054,268.4510888399545,273.31502242517604,6702695,SHRIRAMFIN
2022-07-28,273.3056945800781,281.77077955571673,269.94772054103174,276.49530891187,8557735,SHRIRAMFIN
2022-07-29,258.11529541015625,276.869447587071,256.38485565369314,276.869447587071,9296570,SHRIRAMFIN
2022-08-01,257.1986389160156,261.5294057223847,254.62637192732933,258.16206868269654,4709025,SHRIRAMFIN
2022-08-02,257.99365234375,262.5302006553619,255.00982100813386,257.600784548169,4861880,SHRIRAMFIN
2022-08-03,254.46730041503906,261.23939605321425,252.19435902933702,259.0973915742539,3733035,SHRIRAMFIN
2022-08-04,254.40185546875,257.6008037843264,249.47243899345636,257.6008037843264,4646770,SHRIRAMFIN
2022-08-05,254.87887573242188,257.9375528641256,253.3074615161656,256.22581035927504,3153135,SHRIRAMFIN
2022-08-08,260.45367431640625,262.65177002148454,253.6722447742521,256.2912682138258,4775785,SHRIRAMFIN
2022-08-10,261.23004150390625,263.69943114583066,259.1348225678859,260.9681391369037,4003980,SHRIRAMFIN
2022-08-11,263.03533935546875,266.6365188751539,260.2572898454513,262.9605223296906,5658525,SHRIRAMFIN
2022-08-12,255.90780639648438,263.03531932200474,254.89761962669905,263.02598503525684,5225265,SHRIRAMFIN
2022-08-16,255.29983520507812,259.4715765156687,253.07365051637626,255.35595510939658,6555990,SHRIRAMFIN
2022-08-17,253.5880584716797,256.10420517692074,252.7368971886166,255.16883550345472,6599875,SHRIRAMFIN
2022-08-18,252.25985717773438,255.40268567427304,248.25647599559034,252.59657656869868,4383855,SHRIRAMFIN
2022-08-19,251.96051025390625,255.3372094293941,250.6790584403078,252.5591605130791,3815695,SHRIRAMFIN
2022-08-22,245.6000518798828,255.32789195787421,244.1315144631024,255.32789195787421,4246725,SHRIRAMFIN
2022-08-23,250.04302978515625,253.78450850630398,242.8593974914047,244.2156664006904,4383165,SHRIRAMFIN
2022-08-24,251.24960327148438,252.49366076893807,248.26580064307504,251.8014964304897,2029850,SHRIRAMFIN
2022-08-25,247.8168487548828,255.1127209424267,246.93759895981754,252.36273176130223,3292195,SHRIRAMFIN
2022-08-26,249.43505859375,252.07277953940869,247.71395316982765,249.74371804492048,2107620,SHRIRAMFIN
2022-08-29,247.85427856445312,249.14506479945805,243.19612708478135,243.61705487666933,2128080,SHRIRAMFIN
2022-08-30,253.41970825195312,254.2428381625995,248.89252228861622,249.18248461460962,5142225,SHRIRAMFIN
2022-09-01,248.66807556152344,254.0464520958539,247.4988632714516,251.05325721518122,2217970,SHRIRAMFIN
2022-09-02,244.80494689941406,250.67906718263123,244.43080474699073,250.67906718263123,2321585,SHRIRAMFIN
2022-09-05,247.08726501464844,250.30493908758646,245.0762258553667,247.1059621324939,2988435,SHRIRAMFIN
2022-09-06,259.0506591796875,260.3227483158801,246.46056201087737,249.5192393091745,8058715,SHRIRAMFIN
2022-09-07,255.65524291992188,260.1917914905743,254.60763346550664,257.41374245206896,3464835,SHRIRAMFIN
2022-09-08,254.6918182373047,259.2657611303825,253.67226871122077,257.0395767240708,3184610,SHRIRAMFIN
2022-09-09,247.70458984375,257.22664573312824,246.9375799038031,256.28191328160307,3022760,SHRIRAMFIN
2022-09-12,248.52777099609375,249.6221376931419,245.0668912662302,249.0422129757015,4745365,SHRIRAMFIN
2022-09-13,249.29476928710938,252.5498667346362,247.6204777602072,249.74375710425136,3598305,SHRIRAMFIN
2022-09-14,249.6782684326172,253.38235360932066,246.02096887577636,247.56435197201412,3689160,SHRIRAMFIN
2022-09-15,248.05068969726562,257.03957869191163,245.62808563220813,250.93161577470178,4760095,SHRIRAMFIN
2022-09-16,240.2122802734375,250.30492690474395,237.20975165534256,248.77090695953862,5117185,SHRIRAMFIN
2022-09-19,240.74546813964844,244.74884948323066,239.47335045030934,240.7641652581611,1969205,SHRIRAMFIN
2022-09-20,242.466552734375,246.65701957702524,241.32540047404552,242.29819302675753,3808500,SHRIRAMFIN
2022-09-21,238.10769653320312,245.05748620265672,236.27438000637534,243.14935266350014,3779985,SHRIRAMFIN
2022-09-22,235.18936157226562,238.70634653484748,232.20552992128106,236.27439385855257,4041540,SHRIRAMFIN
2022-09-23,225.07801818847656,235.13324258455498,223.8433233187569,234.77779752704006,5578410,SHRIRAMFIN
2022-09-26,219.8025360107422,224.90029813879698,214.8076508503556,222.83312477417104,3960710,SHRIRAMFIN
2022-09-27,217.95046997070312,222.4589583889752,214.38671400289473,220.76594166076032,3060765,SHRIRAMFIN
2022-09-28,219.79315185546875,223.27272802395495,216.0703847211063,216.95898301587067,7037355,SHRIRAMFIN
2022-09-29,226.2191619873047,226.85520651651964,222.05675550848488,222.61798302346983,8863220,SHRIRAMFIN
2022-09-30,224.03038024902344,228.7446512885351,222.43090613650241,224.48871651671735,3689185,SHRIRAMFIN
2022-10-03,218.81101989746094,227.66897180790352,216.56613840009237,224.4887206411966,3393565,SHRIRAMFIN
2022-10-04,224.46067810058594,225.19026535744302,219.88672063370052,220.7659704746846,2886230,SHRIRAMFIN
2022-10-06,224.0677947998047,227.8560446064381,222.99211117576388,226.5091100731811,4285510,SHRIRAMFIN
2022-10-07,224.32037353515625,226.29398994646894,218.98875470275587,223.9275056921002,5047815,SHRIRAMFIN
2022-10-10,220.3263397216797,223.12308604139278,217.75407299960503,221.48618903643617,3026365,SHRIRAMFIN
2022-10-11,219.59677124023438,223.4130817247461,218.86718394037587,219.81190229721562,2086380,SHRIRAMFIN
2022-10-12,226.73361206054688,227.82800718145947,219.18518592041997,220.7004802838234,2322665,SHRIRAMFIN
2022-10-13,222.43092346191406,226.52783315208376,219.82123393647475,226.52783315208376,2016655,SHRIRAMFIN
2022-10-14,221.47682189941406,227.44448476128076,220.812717448628,224.48871327769848,3429520,SHRIRAMFIN
2022-10-17,223.0669708251953,223.99299200272299,219.25066058651845,220.7846663838936,1567175,SHRIRAMFIN
2022-10-18,229.00656127929688,230.25995322951601,224.7880491456748,226.3220548554109,4394830,SHRIRAMFIN
2022-10-19,227.21066284179688,230.84925049340157,225.452163195303,229.16558213746163,1833905,SHRIRAMFIN
2022-10-20,227.4445037841797,229.81098802610038,223.5533623364948,226.88327624500255,3339120,SHRIRAMFIN
2022-10-21,224.05845642089844,230.6154072917503,221.3832984511278,229.16558137140933,5002910,SHRIRAMFIN
2022-10-24,224.30165100097656,227.29483110754182,223.01083628177307,227.29483110754182,395760,SHRIRAMFIN
2022-10-25,227.68768310546875,231.9716779020174,221.72002005027085,224.48872055033942,4718435,SHRIRAMFIN
2022-10-27,233.26251220703125,234.53461563458063,226.55591282993234,229.16558814560133,4543535,SHRIRAMFIN
2022-10-28,238.463134765625,240.17484862152236,232.72931439029955,234.4316939606824,2765695,SHRIRAMFIN
2022-10-31,229.94195556640625,238.3228608330257,229.16559693346943,238.3228608330257,3104155,SHRIRAMFIN
2022-11-01,225.92919921875,231.27951523781533,225.049963657983,230.38156828604195,6675575,SHRIRAMFIN
2022-11-02,225.94790649414062,228.754015644386,224.48873201963048,225.9853292754717,2733960,SHRIRAMFIN
2022-11-03,232.01844787597656,232.59837250008758,223.71236069720985,224.8628613869363,3636250,SHRIRAMFIN
2022-11-04,235.6289825439453,236.5175808968492,232.04651491076888,232.90705331472066,3337760,SHRIRAMFIN
2022-11-07,241.16635131835938,242.0736610470738,235.09581124765543,236.52692571199702,2258285,SHRIRAMFIN
2022-11-09,238.5753936767578,243.00903692546137,236.46146329043046,236.46146329043046,1989790,SHRIRAMFIN
2022-11-10,232.93511962890625,241.32538713747124,231.49465654377016,237.54649975836742,3089160,SHRIRAMFIN
2022-11-11,238.84664916992188,240.76414556109617,234.2165579197171,234.2165579197171,2488040,SHRIRAMFIN
2022-11-14,236.78883361816406,240.48355534769686,234.85262576278336,239.4359315793306,1655990,SHRIRAMFIN
2022-11-15,234.34750366210938,237.60260029026057,233.10347459901837,237.57454034282893,1474635,SHRIRAMFIN
2022-11-16,230.7837371826172,234.74036086296758,229.22167166488043,234.21654189849724,2486780,SHRIRAMFIN
2022-11-17,238.64088439941406,245.02944711194272,230.4750963591133,230.4750963591133,10895855,SHRIRAMFIN
2022-11-18,234.07626342773438,240.28713183137742,232.3458238032411,238.61281210430838,5665580,SHRIRAMFIN
2022-11-21,243.22418212890625,244.13149188038537,232.53291330085892,234.3007614642608,11427320,SHRIRAMFIN
2022-11-22,251.89508056640625,253.47585784242574,241.5124984229032,244.12215966253362,9851655,SHRIRAMFIN
2022-11-23,249.60340881347656,254.972421728171,247.91972623538854,252.54981764360846,6956495,SHRIRAMFIN
2022-11-24,245.3848876953125,250.85680623906046,244.13149570219105,250.85680623906046,3504165,SHRIRAMFIN
2022-11-25,239.4827117919922,247.31175189630312,238.55669061743336,246.00223997808712,4325525,SHRIRAMFIN
2022-11-28,236.6017608642578,242.22332757806512,233.28119560134837,238.33220050443296,22810780,SHRIRAMFIN
2022-11-29,237.6400146484375,239.641719431912,234.12302984851257,234.35687226460726,8742450,SHRIRAMFIN
2022-11-30,252.54981994628906,257.2266684638129,237.958046862571,238.04224098306926,11378515,SHRIRAMFIN
2022-12-01,240.73611450195312,251.88573478343653,238.89343490280157,251.88573478343653,8011285,SHRIRAMFIN
2022-12-02,241.39085388183594,242.8593910920425,237.209750379317,240.69866092591516,5168550,SHRIRAMFIN
2022-12-05,242.23268127441406,243.19611087955133,239.267561173711,242.4478265718547,4417660,SHRIRAMFIN
2022-12-06,248.16294860839844,250.4920101750744,241.362820733138,242.2607677095931,10171880,SHRIRAMFIN
2022-12-07,249.78114318847656,255.68332396015262,248.2471231142387,248.43420848019616,6943485,SHRIRAMFIN
2022-12-08,250.34234619140625,253.48517450571424,247.87295661997888,249.72499879854942,2846375,SHRIRAMFIN
2022-12-09,251.436767578125,253.3168701147096,246.27353627248172,252.2505347819534,3202765,SHRIRAMFIN
2022-12-12,255.0846710205078,257.40439822668526,248.48096301175258,250.67908758582126,5938835,SHRIRAMFIN
2022-12-13,255.514892578125,256.4689591683373,250.67901982240437,254.60758304367576,1977965,SHRIRAMFIN
2022-12-14,257.89080810546875,258.16207334911365,253.56004122081876,255.5336864076915,4138030,SHRIRAMFIN
2022-12-15,260.6314392089844,262.6892355189617,256.3006727263793,257.30149665824285,3778060,SHRIRAMFIN
2022-12-16,256.3755187988281,262.65184250059013,250.323674726628,257.60085101889075,9071230,SHRIRAMFIN
2022-12-19,256.71221923828125,259.4434827094543,254.79469427354334,257.03024150299495,3297195,SHRIRAMFIN
2022-12-20,259.8924560546875,261.7164096965846,252.99878648462706,256.2725801726233,2851545,SHRIRAMFIN
2022-12-21,256.1790466308594,265.55144033251884,254.46730417052552,259.43411477342,4286630,SHRIRAMFIN
2022-12-22,250.5668182373047,259.47152673861063,248.4996593708831,257.22664536086796,1549960,SHRIRAMFIN
2022-12-23,243.47671508789062,248.23777185545512,241.43761604637612,248.23777185545512,1564975,SHRIRAMFIN
2022-12-26,252.76495361328125,255.73005945151132,242.27010488148932,243.48607402195685,1606850,SHRIRAMFIN
2022-12-27,257.9562683105469,260.0327902957244,248.7241734525345,254.79471399079543,2420365,SHRIRAMFIN
2022-12-28,259.7708435058594,261.342257565175,253.01747392868984,255.08463272857102,2201075,SHRIRAMFIN
2022-12-29,245.48782348632812,252.3627689058243,234.0950115265969,252.3627689058243,19945730,SHRIRAMFIN
2022-12-30,257.5820617675781,259.0599330423007,247.90098157228553,248.80829114420635,7329350,SHRIRAMFIN
2023-01-02,259.2470397949219,260.0327468275362,254.79467139822634,258.34909297839334,2184945,SHRIRAMFIN
2023-01-03,255.24716186523438,260.41018616804416,252.5900140078609,258.86884533355567,2678225,SHRIRAMFIN
2023-01-04,251.2189178466797,255.8618134603426,249.23314137913673,254.9351389377126,2709675,SHRIRAMFIN
2023-01-05,249.62078857421875,253.42210983298799,247.98488173022798,252.6561721827701,2309935,SHRIRAMFIN
2023-01-06,244.84548950195312,250.7271536067861,243.3987150430228,250.56641692111256,1599915,SHRIRAMFIN
2023-01-09,249.37493896484375,250.5285781599811,245.7627211242823,245.85728739094725,2348255,SHRIRAMFIN
2023-01-10,252.2685089111328,252.96824739935815,249.37495982608027,250.1408975922662,2849300,SHRIRAMFIN
2023-01-11,252.38198852539062,254.1502653968828,249.46953759427004,252.28742224645794,1445245,SHRIRAMFIN
2023-01-12,248.24969482421875,253.84768946720746,246.8407525216455,253.70582562238832,2259350,SHRIRAMFIN
2023-01-13,242.68011474609375,248.3159132484646,239.72981692488995,247.74854439817446,4597480,SHRIRAMFIN
2023-01-16,240.6942901611328,246.1504350468817,239.9945516961096,243.77695726433345,2549280,SHRIRAMFIN
2023-01-17,240.4957275390625,242.1978194684,238.8409187466931,241.64936682290306,3167635,SHRIRAMFIN
2023-01-18,242.83135986328125,244.29706497252965,237.56434735560774,241.69665114321754,2375830,SHRIRAMFIN
2023-01-19,244.87387084960938,245.35613865004433,240.6186626371251,242.8313605188898,2489795,SHRIRAMFIN
2023-01-20,241.56427001953125,244.7225729634277,239.50284352806048,244.7225729634277,1984570,SHRIRAMFIN
2023-01-23,242.94485473632812,245.28050029292103,241.11036425786477,242.47205222574314,1269830,SHRIRAMFIN
2023-01-24,239.29481506347656,244.49564291278685,238.85984481438294,243.56893956181858,1061495,SHRIRAMFIN
2023-01-25,237.195556640625,240.30660519571254,232.61883186680498,239.9094528239798,2130930,SHRIRAMFIN
2023-01-27,234.7086181640625,242.83134704120866,232.62827566742968,237.34684970655678,2410525,SHRIRAMFIN
2023-01-30,235.2381591796875,239.21914813754486,232.1271106589614,234.3209211781544,5905675,SHRIRAMFIN
2023-01-31,243.32310485839844,244.98735016747594,233.26185300737308,235.94738238662288,6053500,SHRIRAMFIN
2023-02-01,245.35610961914062,258.50947751241074,241.73444104596922,251.15267239293848,7936630,SHRIRAMFIN
2023-02-02,239.14349365234375,245.78165908028745,236.9686137415383,244.51452301251857,2552580,SHRIRAMFIN
2023-02-03,241.89520263671875,242.86917459173011,236.40124012482372,240.41061035170392,2600590,SHRIRAMFIN
2023-02-06,244.65640258789062,245.40340979264667,238.29247027476197,238.29247027476197,2088355,SHRIRAMFIN
2023-02-07,244.2119598388672,246.42467210589857,241.88576515872495,244.70366405679366,1940780,SHRIRAMFIN
2023-02-08,247.30409240722656,247.8998282175859,243.9755729548782,245.44124926800316,1715770,SHRIRAMFIN
2023-02-09,248.7035675048828,249.15743941271313,245.5830538506846,247.464827327141,1437655,SHRIRAMFIN
2023-02-10,241.8101348876953,249.63974388243213,239.74870828751423,249.63974388243213,3358630,SHRIRAMFIN
2023-02-13,237.5548858642578,242.9637475413732,236.96861538983615,241.81010830353333,1789390,SHRIRAMFIN
2023-02-14,240.2214813232422,241.03470217829414,236.3823274361783,238.6706897425369,1050085,SHRIRAMFIN
2023-02-15,240.6942901611328,241.67772744047653,237.72509104063062,239.3326310823901,1236070,SHRIRAMFIN
2023-02-16,238.04661560058594,242.5098580705891,235.71097002067168,242.4531240773584,3304915,SHRIRAMFIN
2023-02-17,233.39422607421875,238.53830500082213,232.71338934019434,236.38232681934048,2077315,SHRIRAMFIN
2023-02-20,233.9805145263672,238.06552081575413,233.41314572813582,238.06552081575413,2309105,SHRIRAMFIN
2023-02-21,229.77256774902344,236.90242321220984,229.02553170718312,235.83388492823477,2163550,SHRIRAMFIN
2023-02-22,228.46762084960938,230.97346828666215,226.0185074030126,229.02552432747592,3253235,SHRIRAMFIN
2023-02-23,227.00193786621094,229.82930205883613,226.01851499809075,228.82696305033264,1641205,SHRIRAMFIN
2023-02-24,230.43446350097656,231.10583490892157,227.1153810227388,227.47471550680206,2464105,SHRIRAMFIN
2023-02-27,227.49366760253906,230.8411031741634,225.43224106390971,230.4344999232232,1437525,SHRIRAMFIN
2023-02-28,227.57876586914062,229.33759184096994,225.0540021146867,227.89081726739286,13260610,SHRIRAMFIN
2023-03-01,231.03968811035156,232.8930659644283,227.89082150089703,228.2690577567691,2913235,SHRIRAMFIN
2023-03-02,228.7607421875,231.65429095525005,225.6213413331154,231.2949708945974,2720640,SHRIRAMFIN
2023-03-03,230.14137268066406,232.42973527953052,228.90263231459227,229.90497140687054,1836725,SHRIRAMFIN
2023-03-06,235.80551147460938,236.22157997834864,230.72761730121658,230.72761730121658,3145920,SHRIRAMFIN
2023-03-08,240.268798828125,244.89282166556723,230.9356810138663,235.45567228331518,51702925,SHRIRAMFIN
2023-03-09,244.041748046875,248.63740377358715,241.1292970775468,242.0654513076235,8022010,SHRIRAMFIN
2023-03-10,240.11749267578125,243.02050721699342,237.99934651656366,243.01104193170428,1446625,SHRIRAMFIN
2023-03-13,237.92367553710938,242.8029863898924,236.72275314245593,240.32550589762897,3683830,SHRIRAMFIN
2023-03-14,234.32093811035156,237.9142402449125,231.29500478659062,236.5998497810544,3141790,SHRIRAMFIN
2023-03-15,232.53375244140625,237.16721163672673,231.7488984808753,236.59039195145888,1987050,SHRIRAMFIN
2023-03-16,236.4390869140625,238.45323034366325,232.3729966292667,232.9970850137051,3988570,SHRIRAMFIN
2023-03-17,235.64476013183594,239.79596545214528,233.9048504167658,237.63053637821812,4182610,SHRIRAMFIN
2023-03-20,230.67091369628906,241.1103878006842,227.61661321973844,241.1103878006842,3402415,SHRIRAMFIN
2023-03-21,238.3870391845703,243.7108002401621,230.36829796148078,233.26184710961388,5079360,SHRIRAMFIN
2023-03-22,235.6731414794922,239.2002586883773,234.83155356604303,238.66125688655643,1814750,SHRIRAMFIN
2023-03-23,238.39649963378906,239.0773364523688,233.37533891835517,234.88829840391895,2141185,SHRIRAMFIN
2023-03-24,233.2239990234375,238.16005790525853,231.6732075176139,237.2144529766152,4290270,SHRIRAMFIN
2023-03-27,228.7229461669922,233.1862030022732,228.01374240412494,232.99707045581195,1948390,SHRIRAMFIN
2023-03-28,231.84344482421875,233.43206884949907,227.35182072840067,229.03501103247672,2605125,SHRIRAMFIN
2023-03-29,236.74166870117188,238.2924603261429,231.01130470193488,231.84342729149844,1649135,SHRIRAMFIN
2023-03-31,238.17898559570312,242.4342079809787,236.96861238263878,236.96861238263878,4489935,SHRIRAMFIN
2023-04-03,243.2947235107422,244.15522754126698,239.4271880156894,239.4271880156894,2297460,SHRIRAMFIN
2023-04-05,243.78643798828125,244.7604100448924,241.025272947047,242.26402769470243,1710530,SHRIRAMFIN
2023-04-06,246.58541870117188,247.18115450037058,242.10325999493537,243.20963060167244,1428390,SHRIRAMFIN
2023-04-10,246.75563049316406,247.1811354186181,243.02994457212844,246.58539966540866,630385,SHRIRAMFIN
2023-04-11,244.96841430664062,247.74849514859326,241.50749675119812,246.75562150114135,2316150,SHRIRAMFIN
2023-04-12,247.55941772460938,248.12678658841165,243.69189610843313,245.668207416988,2680600,SHRIRAMFIN
2023-04-13,245.2143096923828,247.54995533162113,244.34434034479003,247.54995533162113,774615,SHRIRAMFIN
2023-04-17,249.89505004882812,250.96358843186502,245.0819235400147,245.85732664988296,2927410,SHRIRAMFIN
2023-04-18,253.27084350585938,254.3677487850907,249.4505911688917,251.0108625281687,2602290,SHRIRAMFIN
2023-04-19,258.44329833984375,259.0768663825149,252.95880092322685,254.8121786294694,2649705,SHRIRAMFIN
2023-04-20,253.29925537109375,259.7671913501523,252.63734905853974,259.1052850375983,1972785,SHRIRAMFIN
2023-04-21,256.9870910644531,257.53555819000877,253.62073917217876,256.33462122814814,1533610,SHRIRAMFIN
2023-04-24,263.3699035644531,267.00102343049787,256.48590007428123,257.39370168397403,3484290,SHRIRAMFIN
2023-04-25,270.9631042480469,277.8754745670199,263.842699672436,264.7126689795326,11463135,SHRIRAMFIN
2023-04-26,265.9324951171875,272.305863356966,261.3652069687571,272.305863356966,4680385,SHRIRAMFIN
2023-04-27,265.8190002441406,267.0388387400542,261.3652088991568,264.76939257520996,5355815,SHRIRAMFIN
2023-04-28,252.0226593017578,258.15019070052,247.55940210310874,255.31337541809668,15378245,SHRIRAMFIN
2023-05-02,250.6420440673828,255.93743752359342,249.95174206975875,255.10530055592955,4445290,SHRIRAMFIN
2023-05-03,249.46005249023438,252.60893329730575,248.93051599937348,250.21652494644297,2404405,SHRIRAMFIN
2023-05-04,251.095947265625,251.72004999742896,248.8832351388144,250.77444504455744,2605540,SHRIRAMFIN
2023-05-05,249.42222595214844,254.81218611383485,248.93052173005069,251.15269930048544,1867575,SHRIRAMFIN
2023-05-08,254.91619873046875,256.25897060959426,249.42223565441898,251.34181276704388,3146345,SHRIRAMFIN
2023-05-09,254.98233032226562,264.76934584186245,254.50009149405741,256.9586409051056,4717955,SHRIRAMFIN
2023-05-10,255.89012145996094,257.39365860638924,251.62546309539496,257.39365860638924,2721495,SHRIRAMFIN
2023-05-11,258.01776123046875,259.0768630494131,253.4316001592743,255.5213790868918,1675840,SHRIRAMFIN
2023-05-12,255.26614379882812,259.97523938307415,253.61133464362294,258.14076292526875,1868500,SHRIRAMFIN
2023-05-15,253.5355987548828,258.6418597975159,252.67509477329352,255.8807094582549,3314115,SHRIRAMFIN
2023-05-16,251.26617431640625,257.26130685322516,250.58533752806468,255.31336276444327,5037130,SHRIRAMFIN
2023-05-17,254.21640014648438,255.42677317987696,250.60418275426434,251.34175337058844,1876620,SHRIRAMFIN
2023-05-18,254.5758056640625,256.63721785209606,251.4269533847325,255.7767137499182,3189190,SHRIRAMFIN
2023-05-19,253.2897186279297,256.6182663968879,252.09827605842474,256.6182663968879,3457825,SHRIRAMFIN
2023-05-22,249.50733947753906,253.0249914860244,246.9920553904524,252.66568580042383,3724060,SHRIRAMFIN
2023-05-23,257.82867431640625,261.0531909738082,249.70593046532892,250.3867672501407,3621815,SHRIRAMFIN
2023-05-24,259.02960205078125,262.87822179204466,256.48592198454696,257.71522594776155,4991420,SHRIRAMFIN
2023-05-25,260.1075439453125,262.49992316204003,256.89249309172664,259.02954051938013,2376370,SHRIRAMFIN
2023-05-26,261.6678161621094,262.1500839454418,258.1501644157674,260.10757368715537,2622815,SHRIRAMFIN
2023-05-29,266.43365478515625,269.1948050254273,261.66779784935846,262.49993480645026,5878845,SHRIRAMFIN
2023-05-30,267.94659423828125,268.77873117875333,265.84737903514275,266.9442553393231,3948785,SHRIRAMFIN
2023-05-31,264.72210693359375,268.5328935786264,263.1429340315747,268.10735982475376,6080605,SHRIRAMFIN
2023-06-01,266.7078552246094,268.26812642329446,264.7221079855046,264.7221079855046,2902875,SHRIRAMFIN
2023-06-02,267.2941589355469,269.34610547858904,265.56368574903564,267.67239513698775,3680045,SHRIRAMFIN
2023-06-05,264.9491271972656,269.90408928378827,264.3250242931677,268.74101333951666,2510040,SHRIRAMFIN
2023-06-06,266.45257568359375,268.5045512304482,262.0744199174023,266.1783421535368,1777200,SHRIRAMFIN
2023-06-07,266.3485412597656,269.6865253570884,262.8781586266083,264.7693684009004,3799040,SHRIRAMFIN
2023-06-08,266.84027099609375,274.0363110255731,264.7693937860895,267.2279724999037,4030580,SHRIRAMFIN
2023-06-09,268.0222473144531,272.10726728862335,266.47144147224066,266.6605739897297,2435880,SHRIRAMFIN
2023-06-12,274.6698913574219,276.3530671389868,267.98445693913976,269.4974307428956,2951100,SHRIRAMFIN
2023-06-13,272.9772644042969,276.3058127161624,271.3886548141301,275.757345615877,3300860,SHRIRAMFIN
2023-06-14,266.24456787109375,274.2254771704538,265.1949600687336,274.2254771704538,3617290,SHRIRAMFIN
2023-06-15,267.4549255371094,268.5518308443121,265.52588317909243,267.4170932554608,2747890,SHRIRAMFIN
2023-06-16,268.8553161621094,270.67776242256303,266.66840992110787,269.8144860795932,6897545,SHRIRAMFIN
2023-06-19,281.9671630859375,287.9235996818665,278.6963903719701,282.5714447772641,15970295,SHRIRAMFIN
2023-06-20,299.19384765625,301.6972962141568,279.3198469694745,281.99593907715655,13814600,SHRIRAMFIN
2023-06-21,332.70721435546875,344.0637809510537,321.32187383756593,329.1103277080333,67327115,SHRIRAMFIN
2023-06-22,329.71466064453125,338.586982421875,324.52554785460234,338.586982421875,20695285,SHRIRAMFIN
2023-06-23,321.638427734375,327.75793634266114,314.9626134669457,324.7845038164088,26775580,SHRIRAMFIN
2023-06-26,326.7604064941406,328.6979190582194,315.0393497270387,320.11333717068726,9027690,SHRIRAMFIN
2023-06-27,325.37921142578125,331.59461356206606,318.4444026024369,326.8850859025594,9250910,SHRIRAMFIN
2023-06-28,326.3095703125,329.63789061433,324.0363133496538,328.0360642049633,9058510,SHRIRAMFIN
2023-06-30,332.8702697753906,338.96100338738864,325.6956696899955,326.3287252214895,13348225,SHRIRAMFIN
2023-07-03,337.2344970703125,341.061575098755,334.3857616728484,336.2273805169977,7848930,SHRIRAMFIN
2023-07-04,341.0232238769531,343.99665598037717,333.79107570726507,339.9297563027462,8948575,SHRIRAMFIN
2023-07-05,345.7327880859375,350.67250701549165,339.33511223396187,341.0808084060501,13158105,SHRIRAMFIN
2023-07-06,339.80511474609375,345.60811028617604,339.018617663331,345.60811028617604,4616375,SHRIRAMFIN
2023-07-07,329.6858215332031,341.27257901907376,328.4197104614896,340.5052549419041,6705130,SHRIRAMFIN
2023-07-10,330.5683288574219,331.94950658557116,326.85631675103645,331.6713683896853,6425075,SHRIRAMFIN
2023-07-11,337.7620849609375,340.99448267133636,331.1342177861949,331.8535951735492,6085610,SHRIRAMFIN
2023-07-12,346.3562316894531,348.7445552007921,337.57023252843317,337.6469532354047,6537300,SHRIRAMFIN
2023-07-13,343.19097900390625,350.90271320700543,342.0399926851798,348.6582591503694,6218315,SHRIRAMFIN
2023-07-14,342.212646484375,347.47848003364027,340.05451414168687,345.301174830106,4492200,SHRIRAMFIN
2023-07-17,339.4501647949219,343.77602968492215,336.7069533915814,342.6346153537316,4223875,SHRIRAMFIN
2023-07-18,342.26055908203125,345.53133172946673,339.54612133053325,341.2342696057362,7805875,SHRIRAMFIN
2023-07-19,342.5675354003906,344.28445777490776,340.0832887887992,342.2318200698419,5968125,SHRIRAMFIN
2023-07-20,342.01123046875,345.0134370462946,341.08083446169826,342.42366651529267,2878425,SHRIRAMFIN
2023-07-21,351.3438720703125,358.374602817,340.50526546961333,341.16709494703787,15551270,SHRIRAMFIN
2023-07-24,344.59136962890625,354.49958129851973,341.4644665514577,353.1279754383845,30150490,SHRIRAMFIN
2023-07-25,349.8092956542969,351.2384495258976,344.5338608813294,351.22884845941627,7020285,SHRIRAMFIN
2023-07-26,348.9747314453125,352.09203325949926,346.97007009892786,350.28881864430855,3995010,SHRIRAMFIN
2023-07-27,347.5360107421875,354.72021306873387,342.72098846847024,352.5908547581374,11626560,SHRIRAMFIN
2023-07-28,348.72540283203125,352.6484041571668,343.38281953642024,350.29842622546556,5905730,SHRIRAMFIN
2023-07-31,363.17047119140625,364.10086708142035,348.76372185796004,351.33431920466916,7778860,SHRIRAMFIN
2023-08-01,355.6026611328125,364.67643001791384,353.9337147715158,363.17052615753653,5345210,SHRIRAMFIN
2023-08-02,351.66046142578125,358.0101614136223,345.61767355634345,356.81119905121903,7630985,SHRIRAMFIN
2023-08-03,348.8404541015625,352.7059070828419,343.67051501895617,350.86428825495057,3816705,SHRIRAMFIN
2023-08-04,352.3990173339844,353.68430149443225,345.6944290631911,350.0970154156965,5455600,SHRIRAMFIN
2023-08-07,355.81365966796875,356.8112045649349,351.660466859904,353.1471685036409,4926185,SHRIRAMFIN
2023-08-08,357.0798034667969,359.6408002250308,352.9745570717159,355.8328941857594,9859755,SHRIRAMFIN
2023-08-09,354.68182373046875,359.8613350335709,352.9745025790729,359.3050294035492,6340300,SHRIRAMFIN
2023-08-10,355.02716064453125,359.4776937569248,352.9745230092999,355.7848837896114,5397960,SHRIRAMFIN
2023-08-11,346.82623291015625,354.9024561679069,346.08768264134716,354.89285510222703,5133290,SHRIRAMFIN
2023-08-14,347.9004821777344,349.00352163215734,340.41896918365313,346.82621664746017,4598320,SHRIRAMFIN
2023-08-16,344.5338439941406,348.4951911413989,337.64698178170454,347.94848653809777,9040420,SHRIRAMFIN
2023-08-17,353.8185729980469,358.7295178639681,347.59357014318266,347.59357014318266,6805160,SHRIRAMFIN
2023-08-18,349.2241516113281,355.27651110000915,346.84539981534783,355.27651110000915,4286650,SHRIRAMFIN
2023-08-21,353.59796142578125,355.85201644083327,348.1115086806836,349.1378274513836,6865250,SHRIRAMFIN
2023-08-22,353.9432678222656,355.65058894632983,351.1904550976014,355.65058894632983,4892080,SHRIRAMFIN
2023-08-23,355.3149108886719,356.1110090503708,349.35847382480614,354.70102808368785,2475480,SHRIRAMFIN
2023-08-24,359.78460693359375,370.57526745649955,355.8520047998268,355.8520047998268,8085270,SHRIRAMFIN
2023-08-25,357.6072998046875,360.5903334054398,352.39901428935656,357.77037156664954,4806385,SHRIRAMFIN
2023-08-28,357.1660461425781,358.9117421666017,354.15426825586485,358.71989650206814,4670145,SHRIRAMFIN
2023-08-29,359.1611633300781,360.26420280722857,354.2789630171009,358.15401742103916,2919905,SHRIRAMFIN
2023-08-30,361.4343566894531,368.32118855444253,358.3074538988956,359.11315298627386,3644915,SHRIRAMFIN
2023-08-31,369.9134826660156,371.96609111692914,362.3935938471096,363.52540735142384,12639870,SHRIRAMFIN
2023-09-01,366.796142578125,371.38097324935245,365.79859774699474,370.2395587963141,3756035,SHRIRAMFIN
2023-09-04,363.3143005371094,373.11701611595294,362.4222797345459,367.7456599011075,7899565,SHRIRAMFIN
2023-09-05,367.0743408203125,370.2299887878574,360.6862656278635,365.2135488301002,6793595,SHRIRAMFIN
2023-09-06,363.06494140625,369.66403430002794,361.031506117908,368.302029578911,6908360,SHRIRAMFIN
2023-09-07,363.2759704589844,364.638004491107,358.8542116123566,363.52536398058686,6035475,SHRIRAMFIN
2023-09-08,374.8148193359375,375.9850078099338,365.0217026426218,366.4029096700123,7287555,SHRIRAMFIN
2023-09-11,375.45745849609375,378.25821814115176,371.80302361129924,378.25821814115176,6565460,SHRIRAMFIN
2023-09-12,366.62353515625,377.88418083741914,362.82520113437334,377.88418083741914,6903070,SHRIRAMFIN
2023-09-13,366.47003173828125,368.32122252423585,360.11073094718967,364.8778062741593,6517920,SHRIRAMFIN
2023-09-14,367.4387512207031,369.8079017789706,365.5587866234889,368.3212003092546,5225585,SHRIRAMFIN
2023-09-15,368.7528381347656,370.9397440890221,365.63553631168077,369.84627647612433,6773145,SHRIRAMFIN
2023-09-18,366.8824768066406,369.2036807812093,364.7627195811228,367.5826813524187,3166810,SHRIRAMFIN
2023-09-20,367.91839599609375,373.11710999686613,363.1321473195832,364.48458045966356,4028295,SHRIRAMFIN
2023-09-21,364.5421142578125,369.08857027186343,362.75807227259247,367.3045282866434,2504980,SHRIRAMFIN
2023-09-22,362.7484436035156,370.18200985269965,360.83970499158585,364.54208651825934,2804785,SHRIRAMFIN
2023-09-25,373.2225646972656,375.8698828389097,356.93587944725704,362.74844637183503,10327105,SHRIRAMFIN
2023-09-26,361.53033447265625,372.7526048292897,358.921391152974,372.541586278744,5973300,SHRIRAMFIN
2023-09-27,363.026611328125,367.05510709039504,360.6958063721775,364.10087686473037,3216495,SHRIRAMFIN
2023-09-28,359.0076599121094,366.8632626373711,356.1109484850054,366.2685527943591,21636670,SHRIRAMFIN
2023-09-29,368.1965637207031,370.42184502804633,357.8854867666702,359.2475209740311,6908925,SHRIRAMFIN
2023-10-03,368.6953125,372.1387287471234,360.8397090908642,371.77423952086656,11039535,SHRIRAMFIN
2023-10-04,355.0079650878906,368.3116471566551,353.2622688133314,366.21106269616143,6700835,SHRIRAMFIN
2023-10-05,352.4949035644531,359.2954139736969,349.7133169824701,355.2764901464361,7397385,SHRIRAMFIN
2023-10-06,354.6722106933594,357.3866776522173,352.01532085301324,355.075074893704,6311950,SHRIRAMFIN
2023-10-09,349.31048583984375,353.1375936310634,346.00136726024533,352.984122935057,5354120,SHRIRAMFIN
2023-10-10,363.1129455566406,363.8610968861212,348.2170386117146,352.9745129819616,8377560,SHRIRAMFIN
2023-10-11,364.2159729003906,368.41714148401445,361.71252439620713,365.836972272091,4561415,SHRIRAMFIN
2023-10-12,360.2833557128906,366.12469628425697,359.6886751201383,366.12469628425697,3313985,SHRIRAMFIN
2023-10-13,360.8301086425781,361.942749182487,358.8062450354687,359.65992025332406,2983920,SHRIRAMFIN
2023-10-16,358.25958251953125,361.60707632605335,355.9671522558763,360.8301509971559,2463960,SHRIRAMFIN
2023-10-17,362.26885986328125,363.12250580121645,359.11318288797077,360.3505201798289,3378270,SHRIRAMFIN
2023-10-18,358.00054931640625,362.72927897438575,355.38203433139125,362.25926583815806,2524565,SHRIRAMFIN
2023-10-19,360.4272766113281,362.56623610813443,349.79968659112967,352.3990289238093,3099700,SHRIRAMFIN
2023-10-20,360.01483154296875,361.75092674334195,357.96222315086334,359.97645655042635,2206225,SHRIRAMFIN
2023-10-23,360.6478576660156,367.55389218100225,357.962193838821,359.65031284239745,10365280,SHRIRAMFIN
2023-10-25,348.3992614746094,361.9619073999196,343.76645488893706,359.0268501158773,6849205,SHRIRAMFIN
2023-10-26,344.84075927734375,348.91723143943256,337.79088377896574,348.3993007578781,4792965,SHRIRAMFIN
2023-10-27,371.23712158203125,389.36542660772335,355.0847041835471,355.0847041835471,25056665,SHRIRAMFIN
2023-10-30,362.98822021484375,371.23708632099823,357.81828096014993,371.1987113330982,10187990,SHRIRAMFIN
2023-10-31,360.6191101074219,365.81782386845003,358.86384206194936,364.86822575849965,8455335,SHRIRAMFIN
2023-11-01,364.9161682128906,365.82736197518443,359.909300602412,361.4151749671909,3794295,SHRIRAMFIN
2023-11-02,375.00665283203125,376.9537665366643,365.02169077072693,367.0743283843965,4288760,SHRIRAMFIN
2023-11-03,386.26727294921875,389.029686735241,374.4694957822504,376.4741572086877,9322270,SHRIRAMFIN
2023-11-06,385.87005615234375,389.9196314317135,384.0293562427404,389.2511622151162,5634155,SHRIRAMFIN
2023-11-07,385.0369873046875,388.56337748930304,378.6526467232071,387.4977291320255,8807090,SHRIRAMFIN
2023-11-08,383.5740966796875,386.09296367881973,381.94653199663264,385.0369831559374,3525375,SHRIRAMFIN
2023-11-09,376.55029296875,381.7042765909569,375.89152110987635,381.7042765909569,4975345,SHRIRAMFIN
2023-11-10,378.25537109375,380.91955064503435,373.353283084603,375.8915148721215,2430100,SHRIRAMFIN
2023-11-13,381.2779846191406,382.285537125631,373.99267545846044,379.26290917136157,2779500,SHRIRAMFIN
2023-11-15,394.44390869140625,395.499889097699,382.69244949909967,384.6590973319576,6346865,SHRIRAMFIN
2023-11-16,394.44390869140625,397.39874391682037,390.52031041274034,394.64734686302484,3184495,SHRIRAMFIN
2023-11-17,386.50946044921875,391.1887449372379,383.85497837129924,391.1887449372379,5468870,SHRIRAMFIN
2023-11-20,385.3759765625,389.4158247279396,383.21555864565767,386.5482072083594,2862980,SHRIRAMFIN
2023-11-21,387.48797607421875,391.35344907408194,383.6806282649397,387.51703866951084,5089455,SHRIRAMFIN
2023-11-22,383.0799865722656,389.4546289326728,378.4588269042443,388.4761389364293,2639075,SHRIRAMFIN
2023-11-23,382.64398193359375,387.3038715789411,381.7042520087307,383.25432595023284,1529325,SHRIRAMFIN
2023-11-24,377.3447265625,383.64187861039795,376.1046731879837,382.64402339157,2379295,SHRIRAMFIN
2023-11-28,380.8711242675781,381.7042716845262,374.83553592716447,378.1778525467017,3604165,SHRIRAMFIN
2023-11-29,382.5471496582031,383.9131508449671,379.76671947817084,380.87115729244164,3299720,SHRIRAMFIN
2023-11-30,388.9120788574219,391.3921853897248,381.9561555295599,382.295209265731,11002290,SHRIRAMFIN
2023-12-01,388.1467590332031,393.31044027750875,386.9357682527643,390.2296572625169,3034950,SHRIRAMFIN
2023-12-04,405.8175354003906,408.4429549969378,388.92179054935093,392.3609923600055,9360830,SHRIRAMFIN
2023-12-05,401.0704345703125,406.6700545536751,395.85832570961657,405.81754190988994,8296900,SHRIRAMFIN
2023-12-06,398.3094177246094,403.81215278994966,396.23618729660024,402.43645424101214,3598450,SHRIRAMFIN
2023-12-07,394.25982666015625,401.0801348154686,393.32979404608756,399.32662258161247,3904160,SHRIRAMFIN
2023-12-08,393.6398010253906,398.65813940266,390.365277434251,397.2049505591509,4218365,SHRIRAMFIN
2023-12-11,396.6430969238281,400.67324830151125,390.51062293684373,393.6398338173502,4948465,SHRIRAMFIN
2023-12-12,386.5966796875,400.11134844031886,385.20161596210437,400.11134844031886,7159045,SHRIRAMFIN
2023-12-13,386.60638427734375,389.7840229187911,382.8765267415547,389.4449395855003,7973270,SHRIRAMFIN
2023-12-14,410.43865966796875,412.70563071137593,388.5051819102265,388.6795870406445,11924520,SHRIRAMFIN
2023-12-15,402.5720520019531,411.0780491441611,401.09946844995994,410.18674701715463,11228265,SHRIRAMFIN
2023-12-18,396.8174133300781,402.7367213050857,395.82922605980133,402.3976380175437,4203410,SHRIRAMFIN
2023-12-19,399.0553283691406,403.53114505764574,395.2673460879734,398.91001540494267,11070960,SHRIRAMFIN
2023-12-20,387.2748718261719,409.2083521791832,385.5794846449441,399.33635245584617,9435625,SHRIRAMFIN
2023-12-21,390.7818603515625,396.7980540272416,382.09178967993563,386.9938777957043,9405990,SHRIRAMFIN
2023-12-22,398.2608947753906,400.8863141029044,390.7139931211395,393.3103794222277,6928875,SHRIRAMFIN
2023-12-26,394.44390869140625,402.39768781067454,392.9616571677764,401.4676551752138,4822975,SHRIRAMFIN
2023-12-27,397.1856384277344,400.20826689571805,394.4536359412081,395.4708564415157,3750095,SHRIRAMFIN
2023-12-28,396.3620910644531,400.07255343195123,394.51169379116766,400.07255343195123,3288345,SHRIRAMFIN
2023-12-29,397.8443298339844,400.69258213657275,394.8701297765223,397.6893194868475,5291010,SHRIRAMFIN
2024-01-01,396.98211669921875,399.14253475166305,395.4805000571807,398.28029518189743,1523610,SHRIRAMFIN
2024-01-02,393.3395080566406,399.09413868633055,390.6172031115589,397.20498121787085,5389635,SHRIRAMFIN
2024-01-03,404.9649658203125,406.5053423605521,393.13598800804806,394.2985508439879,6787670,SHRIRAMFIN
2024-01-04,416.2223205566406,417.0651652891623,404.99401918994346,406.89284418454855,7695105,SHRIRAMFIN
2024-01-05,420.9210205078125,421.76386534141494,410.66151039686474,417.1621004803037,8114435,SHRIRAMFIN
2024-01-08,425.5614929199219,431.1126848765239,419.2062161552729,423.16857413811147,7487975,SHRIRAMFIN
2024-01-09,420.03936767578125,430.7348154960275,416.6970217537039,427.54750948562975,5463445,SHRIRAMFIN
2024-01-10,416.580810546875,423.91457749331414,413.8100779517446,422.3935660428779,2470725,SHRIRAMFIN
2024-01-11,441.7209777832031,443.67792810306696,427.04374690601554,429.7466864158116,14663945,SHRIRAMFIN
2024-01-12,444.24951171875,446.2452220171176,437.9136001298925,444.24951171875,5187280,SHRIRAMFIN
2024-01-15,444.24951171875,444.24951171875,444.24951171875,444.24951171875,0,SHRIRAMFIN
2024-01-16,447.5240173339844,452.41640771510015,444.6854623569425,450.48852006857436,6647950,SHRIRAMFIN
2024-01-17,443.3194885253906,449.10318138456284,434.0190738862168,444.48202187703544,5308645,SHRIRAMFIN
2024-01-18,437.0029602050781,443.183861825428,425.60028175853205,440.02561800169013,7883550,SHRIRAMFIN
2024-01-19,446.0030212402344,449.89758621058144,440.02558776690427,440.02558776690427,5296785,SHRIRAMFIN
2024-01-23,441.6725769042969,448.3475726608766,435.4916748753892,443.1354633119806,10999270,SHRIRAMFIN
2024-01-24,446.11932373046875,448.55100277440965,428.1191690684281,432.82748721726676,8501730,SHRIRAMFIN
2024-01-25,447.0299377441406,455.90408102005466,444.0944975101426,449.0934705991179,5327820,SHRIRAMFIN
2024-01-29,466.76422119140625,473.15825769372714,446.0611299077585,471.2206726666724,17895075,SHRIRAMFIN
2024-01-30,475.2799377441406,483.7278100371789,466.76424287635626,466.76424287635626,14238795,SHRIRAMFIN
2024-01-31,477.9635314941406,480.44366789827023,465.11736095515926,474.708402355005,9573360,SHRIRAMFIN
2024-02-01,464.47796630859375,472.56739112478704,462.8116417112045,467.15184357457355,10601720,SHRIRAMFIN
2024-02-02,466.0860900878906,469.11841542415806,462.2302851916309,464.53601613352885,4405185,SHRIRAMFIN
2024-02-05,456.7082214355469,471.2982356561955,454.790001440147,468.70184901332595,1993400,SHRIRAMFIN
2024-02-06,466.3109436035156,467.76058523961143,452.14522748307127,459.2183468398558,7511415,SHRIRAMFIN
2024-02-07,469.65777587890625,478.5113258902495,466.310928036677,466.6027922183728,5230250,SHRIRAMFIN
2024-02-08,456.8735656738281,471.8662686169478,455.48229699739414,471.8662686169478,4430985,SHRIRAMFIN
2024-02-09,454.1786193847656,458.0605615200103,445.88932019638094,456.87359767661655,2903050,SHRIRAMFIN
2024-02-12,440.19775390625,457.84651079620556,438.75782132947705,454.35373086066653,2845040,SHRIRAMFIN
2024-02-13,453.5072937011719,456.0077057196852,434.9439598167494,441.12200897218895,8984610,SHRIRAMFIN
2024-02-14,465.697998046875,467.89680725459164,443.6905473275531,444.6245424291943,3686385,SHRIRAMFIN
2024-02-15,474.3180236816406,479.33829524866576,469.33667723437543,474.24020313328765,5721585,SHRIRAMFIN
2024-02-16,476.6141662597656,478.63782727081065,473.588368909903,474.7850714797076,4596560,SHRIRAMFIN
2024-02-19,474.765625,479.05620678154,470.22207445723234,476.61416750061863,3451410,SHRIRAMFIN
2024-02-20,470.24151611328125,475.7288003970298,466.0871574693739,474.7656188819507,4396705,SHRIRAMFIN
2024-02-21,458.43023681640625,469.9301598384086,456.30927806635145,469.6869298067647,3665875,SHRIRAMFIN
2024-02-22,466.06768798828125,466.94331020574936,453.9742676725824,459.043203151562,2571220,SHRIRAMFIN
2024-02-23,475.84552001953125,478.09296322577813,464.68612453739695,466.7098151080019,5723325,SHRIRAMFIN
2024-02-26,483.570556640625,493.2705728405404,476.3320275159554,476.71148066990213,5989015,SHRIRAMFIN
2024-02-27,461.63116455078125,488.279432082794,439.17615080870917,481.59547538709916,20513770,SHRIRAMFIN
2024-02-28,457.0389709472656,474.3861238457373,449.080461698079,465.4449854527124,11119410,SHRIRAMFIN
2024-02-29,474.51263427734375,477.7232590144992,457.4962697263178,466.80709334053574,20232355,SHRIRAMFIN
2024-03-01,476.81842041015625,481.37167946843465,473.81210078740196,480.5252437104277,5500370,SHRIRAMFIN
2024-03-04,476.0498046875,479.64962102194033,470.69874400672785,478.67670089816363,2666695,SHRIRAMFIN
2024-03-05,473.13104248046875,477.8691884054574,469.1420937413935,469.1420937413935,6190170,SHRIRAMFIN
2024-03-06,462.05926513671875,477.3146464394127,457.05844115773436,475.5633723000034,6744720,SHRIRAMFIN
2024-03-07,476.6433410644531,477.7816410769383,462.0592766966558,462.0592766966558,5963990,SHRIRAMFIN
2024-03-11,482.7532958984375,486.4406719187964,471.01988018814063,475.95259292711773,11377355,SHRIRAMFIN
2024-03-12,471.23388671875,483.34672492906765,468.9864435183171,483.34672492906765,7206710,SHRIRAMFIN
2024-03-13,451.7073669433594,474.7266613006037,447.56271759502897,473.7926662682922,8118855,SHRIRAMFIN
2024-03-14,445.8893127441406,452.9819092673212,440.9566299290519,450.46204952943793,10111785,SHRIRAMFIN
2024-03-15,441.0830383300781,450.46200226175813,438.0086369698645,446.3757260019242,7257360,SHRIRAMFIN
2024-03-18,449.28485107421875,453.9451176993997,440.68423961733515,440.73287375342284,5870405,SHRIRAMFIN
2024-03-19,445.013671875,455.89091205553,443.1748682259349,452.018708850407,6619825,SHRIRAMFIN
2024-03-20,450.3063659667969,452.9721577198613,443.6515955957999,445.59743592736044,4526425,SHRIRAMFIN
2024-03-21,449.6448059082031,458.23567826192846,445.59745428884025,451.96036074876264,8698620,SHRIRAMFIN
2024-03-22,453.51702880859375,458.9653580859043,448.54539122908824,455.13205018576014,6367775,SHRIRAMFIN
2024-03-26,461.6603698730469,464.9391061699684,443.64186891228525,443.8462035302754,10693585,SHRIRAMFIN
2024-03-27,464.3455810546875,472.8391845021572,456.2995422459089,468.94750397127524,77232200,SHRIRAMFIN
2024-03-28,459.1794128417969,465.94122016073715,454.9861291225496,461.9522413715482,11625440,SHRIRAMFIN
2024-04-01,473.17974853515625,474.2013028758715,460.39556276551,461.3587739602767,4228910,SHRIRAMFIN
2024-04-02,479.83453369140625,480.8755654700743,472.8294961139389,472.8392348174756,4433110,SHRIRAMFIN
2024-04-03,497.4443359375,499.45825801846496,478.4432072018229,481.9846209954376,11588495,SHRIRAMFIN
2024-04-04,486.32391357421875,501.0442020602661,483.73597177539494,501.0442020602661,7019985,SHRIRAMFIN
2024-04-05,490.12799072265625,492.68677555882215,486.0903778946718,488.5129396532289,3253480,SHRIRAMFIN
2024-04-08,499.92535400390625,502.0852083975583,491.7138752472859,494.8174931369874,3678905,SHRIRAMFIN
2024-04-09,496.2671203613281,507.01790633857433,490.95498440630337,503.97266137542937,4766875,SHRIRAMFIN
2024-04-10,491.91815185546875,499.35127619021637,490.2544666818348,498.1253872774507,3504425,SHRIRAMFIN
2024-04-12,483.6580810546875,490.34203802256343,482.3543715604602,490.34203802256343,4144555,SHRIRAMFIN
2024-04-15,469.85235595703125,485.098028908726,468.568094137366,485.098028908726,4750690,SHRIRAMFIN
2024-04-16,467.14764404296875,471.6717171892139,460.8431399340431,467.0017119462194,4033025,SHRIRAMFIN
2024-04-18,461.4463195800781,475.22287286477996,459.43236768555056,470.87391848106864,6791185,SHRIRAMFIN
2024-04-19,460.49285888671875,462.84733884199096,452.4273420906705,457.2433089717795,4797160,SHRIRAMFIN
2024-04-22,471.7981262207031,473.28669275215054,461.9424410816053,465.0557972071566,3489700,SHRIRAMFIN
2024-04-23,472.2457580566406,477.97624269142216,470.3291040428219,475.16451870563344,2892585,SHRIRAMFIN
2024-04-24,478.8810119628906,482.8991768762972,470.504183841314,472.25542821014426,8459300,SHRIRAMFIN
2024-04-25,484.87420654296875,487.29676819600013,471.33117478989016,478.48211408250074,14587660,SHRIRAMFIN
2024-04-26,486.18768310546875,493.6499940970415,454.74289514315194,488.8924000714511,20810260,SHRIRAMFIN
2024-04-29,484.9423522949219,501.4333617460978,472.887856630144,500.0712496979068,11904615,SHRIRAMFIN
2024-04-30,496.5201110839844,501.7933518421584,483.3467627376957,485.0980369821588,13426225,SHRIRAMFIN
2024-05-02,502.43548583984375,505.7239612118984,493.2705932200886,495.5180367428983,9243475,SHRIRAMFIN
2024-05-03,503.6905212402344,517.204337234791,501.08310231749317,505.9184870459309,7622145,SHRIRAMFIN
2024-05-06,495.7125549316406,507.6599834901026,486.23629248439477,505.91847779993134,4326785,SHRIRAMFIN
2024-05-07,483.6969909667969,499.10804275922953,475.1060893152521,495.7125608973821,7825870,SHRIRAMFIN
2024-05-08,476.34173583984375,486.0709378394681,473.3743114152574,483.2494751978107,7324775,SHRIRAMFIN
2024-05-09,459.3934326171875,481.4300682355225,458.0897231697168,476.34171481663964,4104015,SHRIRAMFIN
2024-05-10,456.173095703125,468.305411951786,453.5948630758665,461.94250544266674,10984650,SHRIRAMFIN
2024-05-13,447.8935241699219,458.1772976984375,443.4083763482531,456.2995688586521,8390345,SHRIRAMFIN
2024-05-14,453.4488830566406,470.47498499151806,450.8122481793719,456.2995318547147,12376035,SHRIRAMFIN
2024-05-15,451.4349670410156,455.715809928171,448.1367533533304,454.9374856545674,4269680,SHRIRAMFIN
2024-05-16,455.07366943359375,456.45522913491465,440.7328356724881,454.7428801397377,12445545,SHRIRAMFIN
2024-05-17,461.4754943847656,464.4039638571293,451.62954718084916,456.10495613450803,4729135,SHRIRAMFIN
2024-05-21,461.7965393066406,464.9585297670764,457.00978883666494,461.16414715278677,3935580,SHRIRAMFIN
2024-05-22,454.6942138671875,463.080780363734,453.7894053016711,461.79651870813103,3465540,SHRIRAMFIN
2024-05-23,467.0892333984375,468.8891416224476,453.08892781496473,456.49414835562345,5512760,SHRIRAMFIN
2024-05-24,466.5152282714844,472.63490454294174,459.74371210374017,466.97250194565373,4877325,SHRIRAMFIN
2024-05-27,463.1100158691406,471.574433497838,462.33169158448334,468.9475370775752,3398210,SHRIRAMFIN
2024-05-28,465.77581787109375,473.42298626021545,462.1371057397068,465.0558664075365,6493910,SHRIRAMFIN
2024-05-29,462.0689697265625,466.5444084517777,458.8291586209698,462.14681996730286,2197930,SHRIRAMFIN
2024-05-30,448.06866455078125,463.1100021039064,445.9866011298983,460.3858374974092,6688165,SHRIRAMFIN
2024-05-31,458.060546875,464.5401988269016,450.1993648966499,451.22091920763177,12916455,SHRIRAMFIN
2024-06-03,488.2405090332031,495.595812731628,471.9149099960865,476.7308766468428,15161795,SHRIRAMFIN
2024-06-04,439.8961486816406,494.24345620909247,426.72280100380044,494.24345620909247,17788625,SHRIRAMFIN
2024-06-05,464.5596618652344,466.59306154247884,433.9224139341517,436.23796878600166,7114095,SHRIRAMFIN
2024-06-06,481.55657958984375,493.2705472503012,467.01144024203603,472.839222807981,10501485,SHRIRAMFIN
2024-06-07,486.0611572265625,487.81243125019546,478.6864358108331,482.4418932071199,3706890,SHRIRAMFIN
2024-06-10,490.1766052246094,496.67570427811836,483.580208224194,488.4058835408725,4849020,SHRIRAMFIN
2024-06-11,492.88134765625,496.5881710052868,484.5142285344894,489.3690905200373,4681350,SHRIRAMFIN
2024-06-12,499.4875183105469,502.69814311066847,492.40463071442906,493.22190981487984,3510365,SHRIRAMFIN
2024-06-13,522.3218994140625,524.9196389794752,502.2408131918398,504.3618313831581,10022455,SHRIRAMFIN
2024-06-14,531.6328125,534.5224165616379,524.4137607713208,527.7119747166054,15318425,SHRIRAMFIN
2024-06-18,550.6241455078125,552.8423724692328,531.6716214753166,534.9017233510082,12393205,SHRIRAMFIN
2024-06-19,543.1326904296875,550.8674177363669,537.0519393053067,550.6339263943643,9175135,SHRIRAMFIN
2024-06-20,545.8471069335938,555.4401448724324,537.976216068141,545.7206225618028,6948810,SHRIRAMFIN
2024-06-21,549.048095703125,553.0078882060716,543.8624141965219,546.7811749167179,9672340,SHRIRAMFIN
2024-06-24,560.8397827148438,562.3477969374318,540.9143394260741,548.590692982048,5367855,SHRIRAMFIN
2024-06-25,581.777099609375,583.7521562415154,556.8314692632327,561.0344919140525,15844875,SHRIRAMFIN
2024-06-26,581.6213989257812,595.3201314162682,575.696289018555,580.9889770683568,9032225,SHRIRAMFIN
2024-06-27,574.227294921875,583.1003230489472,568.9540242941209,581.2322733720493,12298175,SHRIRAMFIN
2024-06-28,566.5314331054688,577.7783884907647,564.2937284724765,574.2272653116767,6005455,SHRIRAMFIN
2024-07-01,569.0123291015625,572.4662431589101,564.69256123653,564.69256123653,6673330,SHRIRAMFIN
2024-07-02,549.680419921875,572.0770612896786,547.8805413561254,569.547492594733,12638725,SHRIRAMFIN
2024-07-03,554.652099609375,561.3749520227015,545.9152358859483,552.6186702753803,7945600,SHRIRAMFIN
2024-07-04,551.4025268554688,558.0670065149027,548.7269962884594,558.0573271940037,3958315,SHRIRAMFIN
2024-07-05,557.6486206054688,558.8939868895033,547.6178163267723,551.6457199623845,6163345,SHRIRAMFIN
2024-07-08,546.411376953125,555.7319680553056,544.0763449809543,555.7319680553056,4065755,SHRIRAMFIN
2024-07-09,543.2786865234375,547.5497612523916,539.9999500606712,546.5671616897916,6359760,SHRIRAMFIN
2024-07-10,537.4605102539062,545.740069886785,526.3497792306556,543.6580066007306,8300735,SHRIRAMFIN
2024-07-11,532.9656372070312,542.0041032511283,528.1302526474894,537.4605234728115,5689115,SHRIRAMFIN
2024-07-12,543.7456665039062,556.5103752556873,535.1061300535456,535.1061300535456,9030805,SHRIRAMFIN
2024-07-15,560.8495483398438,562.1532280339558,546.2362692761366,547.3648304762185,7400215,SHRIRAMFIN
2024-07-16,547.462158203125,564.2936642428685,545.224453824835,561.7446183032545,4907090,SHRIRAMFIN
2024-07-18,557.9308471679688,559.2247882970041,540.3599104825199,540.3599104825199,4119020,SHRIRAMFIN
2024-07-19,546.946533203125,559.5944958261613,542.7629882119726,556.5103554135982,3677715,SHRIRAMFIN
2024-07-22,550.1668701171875,554.1656170838671,537.8399883833007,544.8158092659506,2717785,SHRIRAMFIN
2024-07-23,535.847412109375,553.0230086104715,521.0192420515884,553.0230086104715,12227465,SHRIRAMFIN
2024-07-24,532.9227294921875,539.916233571141,521.3908444733289,535.8081633324215,5130575,SHRIRAMFIN
2024-07-25,524.0709228515625,530.1352121256513,515.5613604588129,528.0812065855965,10445410,SHRIRAMFIN
2024-07-26,572.1939697265625,595.4729603157975,526.2228302784455,529.3136295567339,32196680,SHRIRAMFIN
2024-07-29,575.715087890625,593.8590624649156,568.2814813770178,580.9969017864864,12753435,SHRIRAMFIN
2024-07-30,569.66064453125,583.2270762404611,565.7384761555907,575.7151438410453,9486875,SHRIRAMFIN
2024-07-31,573.553466796875,576.50731597873,570.4430867119131,573.9349437117693,4655790,SHRIRAMFIN
2024-08-01,584.7625732421875,586.6698981608173,571.2059937820388,573.7393229291813,8859720,SHRIRAMFIN
2024-08-02,585.3201293945312,591.3453158958162,571.2158105150149,576.1063568379175,8905205,SHRIRAMFIN
2024-08-05,565.630859375,575.4902187719796,549.3257925097527,562.6085347821638,9480440,SHRIRAMFIN
2024-08-06,554.9400024414062,575.2162460606312,552.6316791359721,571.245125232147,5917390,SHRIRAMFIN
2024-08-07,572.2037353515625,573.5828432071177,561.5423200235606,565.3667608461473,3986695,SHRIRAMFIN
2024-08-08,561.8650512695312,571.215772834128,559.2045632018675,571.215772834128,4434050,SHRIRAMFIN
2024-08-09,578.6690063476562,581.6522277061232,563.4105254885466,569.2595998680299,4568775,SHRIRAMFIN
2024-08-12,582.190185546875,589.7999045127175,572.7025731506066,577.074693040951,5709795,SHRIRAMFIN
2024-08-13,565.6112670898438,585.9755092703685,559.5762899061102,582.953125356224,7249815,SHRIRAMFIN
2024-08-14,566.3448486328125,570.550706554104,560.260977929758,567.4990104075542,3626125,SHRIRAMFIN
2024-08-16,583.24658203125,585.281066155102,567.7044104366643,569.8464722591337,4976095,SHRIRAMFIN
2024-08-19,601.654541015625,603.4933911324388,589.4183850730692,592.3429221006152,9092170,SHRIRAMFIN
2024-08-20,618.1357421875,621.490709819893,597.0966600486283,609.9489716387156,12149555,SHRIRAMFIN
2024-08-21,617.9793090820312,624.0338087682309,609.7240632050346,614.2429239408796,5227030,SHRIRAMFIN
2024-08-22,614.9568481445312,619.5246615417963,610.9857267893194,619.1431845884475,4610695,SHRIRAMFIN
2024-08-23,611.6215209960938,618.6150263364243,609.8902484398853,618.1650745689711,2466965,SHRIRAMFIN
2024-08-26,618.5856323242188,622.0285960241522,608.5795936951016,614.252615465,3366050,SHRIRAMFIN
2024-08-27,631.7509765625,639.4682726132153,609.5576760384685,616.9717606198437,9915805,SHRIRAMFIN
2024-08-28,626.3518676757812,635.3797976995086,624.3760677229611,630.880518655387,3352220,SHRIRAMFIN
2024-08-29,626.0877075195312,638.1184990628832,621.0113181202247,625.7942866841192,5976425,SHRIRAMFIN
2024-08-30,626.8702392578125,630.7630949508166,621.4906384081011,626.1366573237609,11026125,SHRIRAMFIN
2024-09-02,630.929443359375,637.4143133219264,628.7384879009613,629.8926498049807,3165735,SHRIRAMFIN
2024-09-03,639.9963989257812,642.236247432191,624.0434407598299,628.1417205678343,7181415,SHRIRAMFIN
2024-09-04,634.5874633789062,642.0211293175058,631.0760846882923,633.2376678708172,3467420,SHRIRAMFIN
2024-09-05,634.8906860351562,644.3783576363026,631.6923094044726,635.1743759231452,3368300,SHRIRAMFIN
2024-09-06,632.9638671875,639.0868408712794,629.9414832254012,636.5339899619372,3058060,SHRIRAMFIN
2024-09-09,648.6234130859375,650.0905770304097,629.139432920029,643.5959169751068,8095085,SHRIRAMFIN
2024-09-10,637.7369995117188,652.9661671695774,631.8879255034068,651.0099487374679,6190070,SHRIRAMFIN
2024-09-11,641.6200561523438,645.1608066927814,636.5730389303045,638.7151004737449,2946285,SHRIRAMFIN
2024-09-12,665.2610473632812,667.5399989910301,644.6815900070291,645.5521215896725,9163615,SHRIRAMFIN
2024-09-13,658.9033203125,670.0048364232503,658.2675254202152,665.0556060049325,4786700,SHRIRAMFIN
2024-09-16,668.8212890625,672.9097784810683,657.7980386329114,660.8105720787725,4724820,SHRIRAMFIN
2024-09-17,669.926513671875,678.1719667824267,666.5716063943229,668.048560787736,8030320,SHRIRAMFIN
2024-09-18,699.2894897460938,702.2727112754441,672.9392218960954,673.8195441764541,10582475,SHRIRAMFIN
2024-09-19,689.6354370117188,708.8650369526121,684.6764163749461,698.6731561560207,6428925,SHRIRAMFIN
2024-09-20,690.9559326171875,701.4999791853184,688.0020832221895,692.3057281834056,6407140,SHRIRAMFIN
2024-09-23,697.9200439453125,706.5861371622217,692.5013402603571,694.6434018787854,2935070,SHRIRAMFIN
2024-09-24,687.8651123046875,700.6196352772347,685.0677342116292,700.6196352772347,6681865,SHRIRAMFIN
2024-09-25,689.3812255859375,692.4622938152676,676.4603800118509,687.8651680838286,3801635,SHRIRAMFIN
2024-09-26,709.8041381835938,711.4767265732544,690.4571076318697,691.9340622223042,5359390,SHRIRAMFIN
2024-09-27,708.3565063476562,714.4598983858186,703.4170069811164,707.7598143465858,4967200,SHRIRAMFIN
2024-09-30,699.7296142578125,713.0318766263197,697.978760433937,706.9675871322153,4405700,SHRIRAMFIN
2024-10-01,698.4483032226562,709.676978843779,695.9834486915595,699.7394146580377,3381135,SHRIRAMFIN
2024-10-03,666.9727172851562,699.3285280895728,665.1240764864405,698.3700001342612,8036680,SHRIRAMFIN
2024-10-04,652.6532592773438,667.9509039526683,648.5842909196688,666.4837399167778,8827525,SHRIRAMFIN
2024-10-07,645.4249267578125,667.6573302430537,636.9447365291519,659.2065119465609,5480765,SHRIRAMFIN
2024-10-08,651.2838134765625,659.8422694482201,641.2484029796622,641.2484029796622,9122180,SHRIRAMFIN
2024-10-09,662.7571411132812,680.7641079894988,653.3770461738294,656.2135871700751,6569580,SHRIRAMFIN
2024-10-10,652.9172973632812,668.2344619754542,650.6187048026358,665.1142910749494,3740385,SHRIRAMFIN
2024-10-11,653.6117553710938,656.8786667321211,647.1268858737533,655.3332373075115,1799620,SHRIRAMFIN
2024-10-14,664.19482421875,670.982904385775,656.0667392372574,658.8543265493287,3844085,SHRIRAMFIN
2024-10-15,665.3392944335938,672.6653238073939,658.971793105246,669.026785733513,5209855,SHRIRAMFIN
2024-10-16,663.2363891601562,669.4180472706108,658.6783662649183,668.4399379436222,1607350,SHRIRAMFIN
2024-10-17,637.453369140625,662.3658442427297,634.9787836364989,661.0062579777189,8237815,SHRIRAMFIN
2024-10-18,654.28662109375,660.0085960926275,615.3774657170204,623.5935476937178,9380205,SHRIRAMFIN
2024-10-21,648.1538696289062,661.8865621362227,640.0747371181789,656.6928042440858,5627980,SHRIRAMFIN
2024-10-22,636.6513061523438,663.3536755399966,633.8147655749353,648.1538202692809,19691260,SHRIRAMFIN
2024-10-23,625.5497436523438,637.8250025008718,620.131040031062,625.9899047439267,9660305,SHRIRAMFIN
2024-10-24,634.8125,638.9009896006919,623.1631851173042,624.0337166987789,7501270,SHRIRAMFIN
2024-10-25,604.9899291992188,636.612157544015,592.3429243512657,636.612157544015,15251890,SHRIRAMFIN
2024-10-28,637.5902709960938,654.1888157418456,615.0350744462955,618.9475113825939,21602980,SHRIRAMFIN
2024-10-29,638.86181640625,642.744941202306,618.6345241236072,634.2255880772207,10906400,SHRIRAMFIN
2024-10-30,623.2120361328125,637.6685188693993,621.4808234315857,629.3252186772322,6964385,SHRIRAMFIN
2024-10-31,614.0374755859375,623.0556145379906,604.0020647701019,623.0556145379906,8075010,SHRIRAMFIN
2024-11-01,616.3946533203125,618.9475040632867,614.2525917350579,617.9693948407787,286730,SHRIRAMFIN
2024-11-04,615.7980346679688,620.0527860005411,608.178525448397,617.265198534242,4842960,SHRIRAMFIN
2024-11-05,618.6150512695312,621.2950612945589,597.6248034567865,617.6956261070201,7606175,SHRIRAMFIN
2024-11-06,623.38818359375,625.9899279642688,613.5288255125784,623.4468677615346,4294660,SHRIRAMFIN
2024-11-07,604.7635498046875,629.1400414150502,602.3701686371159,629.1400414150502,5846920,SHRIRAMFIN
2024-11-08,592.5112915039062,607.6887091509916,590.3641374917839,607.6887091509916,3851745,SHRIRAMFIN
2024-11-11,590.8369140625,602.1830217851781,582.6326074875097,592.9150570610376,4101875,SHRIRAMFIN
2024-11-12,577.3929443359375,595.9387944835097,575.7087887053947,593.7917004423869,5430660,SHRIRAMFIN
2024-11-13,562.1564331054688,577.2550422132915,559.2804560347806,577.2550422132915,6755505,SHRIRAMFIN
2024-11-14,556.0006713867188,564.7466653389984,548.2001513012441,561.949498216904,7172685,SHRIRAMFIN
2024-11-18,561.0335693359375,564.7072596928326,551.5488933781844,556.0007001112357,4841895,SHRIRAMFIN
2024-11-19,556.4242553710938,564.5497532162541,551.8838400934766,561.0040453608365,5942545,SHRIRAMFIN
2024-11-21,551.9823608398438,558.8373486052212,545.2455573364495,558.6304960897155,4777400,SHRIRAMFIN
2024-11-22,561.4078979492188,564.3527657648898,540.8232791313656,541.6998624270321,8194990,SHRIRAMFIN
2024-11-25,580.662841796875,593.9000187486716,576.5557888474166,576.5557888474166,13791540,SHRIRAMFIN
2024-11-26,600.075439453125,606.565955166745,580.899232718869,584.0017196687619,10105100,SHRIRAMFIN
2024-11-27,594.6879272460938,604.0839957631905,592.3930728876629,596.638087566771,4064750,SHRIRAMFIN
2024-11-28,599.5534057617188,605.7189448018548,589.221721508471,598.8245828285003,12057145,SHRIRAMFIN
2024-11-29,594.81591796875,604.054366601184,589.4087786968106,602.2716842168135,5600545,SHRIRAMFIN
2024-12-02,609.5010375976562,613.5686559661017,593.0530472829374,594.8160125366343,5433440,SHRIRAMFIN
2024-12-03,621.5857543945312,631.7007866173577,615.5778349916066,616.749878823017,9872220,SHRIRAMFIN
2024-12-04,617.0059814453125,625.1117615402768,614.5239920611469,619.6159536670796,5743725,SHRIRAMFIN
2024-12-05,615.8240966796875,622.2752374097334,605.3249350241366,620.9751505573018,7117350,SHRIRAMFIN
2024-12-06,615.833984375,620.1478900066605,609.3827832272159,615.9620273363923,3193785,SHRIRAMFIN
2024-12-09,612.0026245117188,623.1222230329442,609.7570036312813,610.7616298266414,3963995,SHRIRAMFIN
2024-12-10,627.682373046875,629.7802336228264,612.4162864807677,615.6566749410257,5630900,SHRIRAMFIN
2024-12-11,639.8460083007812,643.657600442426,626.0079919515707,629.455172656401,7350105,SHRIRAMFIN
2024-12-12,639.81640625,643.1454025762883,634.5865432829236,638.1223920841795,5108345,SHRIRAMFIN
2024-12-13,622.9646606445312,641.1066634990879,614.1103403506432,638.624674142612,6003130,SHRIRAMFIN
2024-12-16,618.0203857421875,629.7506826911218,615.9619601058279,625.2200663446607,2943305,SHRIRAMFIN
2024-12-17,586.39501953125,617.5378316886229,584.1001651429573,617.5378316886229,10413170,SHRIRAMFIN
2024-12-18,577.432373046875,597.4456674105774,572.9904246411743,586.3950192819145,7447675,SHRIRAMFIN
2024-12-19,580.1998901367188,581.588584947798,562.0479699703241,565.3375914649214,7354675,SHRIRAMFIN
2024-12-20,566.7658081054688,583.2039391686803,560.1471893934214,581.7364346047027,12499100,SHRIRAMFIN
2024-12-23,567.8787841796875,581.8841597296749,565.8892489869569,572.4290584387687,4691250,SHRIRAMFIN
2024-12-24,567.8886108398438,570.7743865087272,562.4026614227699,567.898409432366,2020780,SHRIRAMFIN
2024-12-26,576.5458984375,578.3285808999767,565.5641416474083,569.7303466065028,4462340,SHRIRAMFIN
2024-12-27,571.030517578125,579.0968638539998,569.3758177063837,578.5158012600796,1524915,SHRIRAMFIN
2024-12-30,574.98974609375,584.8093181006167,570.3212879945069,573.7684687985629,3452720,SHRIRAMFIN
2024-12-31,569.10986328125,573.7487452117882,567.5143158496677,570.8334536647301,4075070,SHRIRAMFIN
2025-01-01,574.9207763671875,577.3535322854015,567.878714738801,571.0500921195442,1297175,SHRIRAMFIN
2025-01-02,602.7740478515625,604.517355674316,577.4717382261804,578.5945486921594,7297085,SHRIRAMFIN
2025-01-03,600.4692993164062,610.2494359663716,598.0661195677037,602.7641535302472,3652225,SHRIRAMFIN
2025-01-06,584.9471435546875,606.9697494294646,582.0810854723455,597.0517108609439,5430225,SHRIRAMFIN
2025-01-07,582.7508544921875,595.2789261802782,581.0962148567916,586.4245452241881,2781710,SHRIRAMFIN
2025-01-08,571.0009155273438,585.0358668792448,559.5956540178603,585.0358668792448,4976035,SHRIRAMFIN
2025-01-09,553.4891967773438,576.0042587423931,551.7459489929356,571.9858138082803,5408205,SHRIRAMFIN
2025-01-10,523.9714965820312,557.4583967395295,521.0167700975461,557.4583967395295,5999299,SHRIRAMFIN
2025-01-13,513.2359619140625,532.5402108491479,510.9214502333297,522.050907873431,5558523,SHRIRAMFIN
2025-01-14,535.8887939453125,539.2375075354472,510.47816177741214,518.9976459877497,6987503,SHRIRAMFIN
2025-01-15,525.1533813476562,537.7109684798613,521.1152192210196,536.7752931021002,4072535,SHRIRAMFIN
2025-01-16,538.5481567382812,545.3932853903733,527.4679319786574,527.4679319786574,6194466,SHRIRAMFIN
2025-01-17,518.5545043945312,539.2868234590969,515.9444719222281,538.3019146188415,5347916,SHRIRAMFIN
2025-01-20,508.9023742675781,513.6299243480655,485.90474844116284,503.2883822470978,12701612,SHRIRAMFIN
2025-01-21,512.4480590820312,522.7403685160409,505.70145755189685,510.18278076553787,7753705,SHRIRAMFIN
2025-01-22,510.82293701171875,520.3765036043073,505.307412053647,512.497233761969,5895189,SHRIRAMFIN
2025-01-23,521.8046875,525.3996287846938,503.87936478051006,510.8229900847102,5150004,SHRIRAMFIN
2025-01-24,519.490234375,533.6236536714017,501.46638267115117,523.9223246216296,7602501,SHRIRAMFIN
2025-01-27,503.9285583496094,522.6418547466359,500.48137770803106,517.9635381616367,8523575,SHRIRAMFIN
2025-01-28,522.1001586914062,533.6236042890605,500.9246484186028,512.2018367460867,16222471,SHRIRAMFIN
2025-01-29,545.14697265625,547.2645504348646,522.2478450785484,523.1342869658888,9135552,SHRIRAMFIN
2025-01-30,530.1764526367188,551.5489879422965,528.7483226986972,545.1470800465378,7172857,SHRIRAMFIN
2025-01-31,538.04296875,545.1179487267856,530.5722232858066,540.6651793302339,4058608,SHRIRAMFIN
2025-02-01,526.2183837890625,543.8810720871755,512.5632362911053,542.149439532138,3874882,SHRIRAMFIN
2025-02-03,540.4177856445312,552.143387182249,510.5842075018646,519.4897460048041,7442129,SHRIRAMFIN
2025-02-04,570.6965942382812,573.8135568821875,539.6756591774268,550.16438040136,12290382,SHRIRAMFIN
2025-02-05,565.3038330078125,584.5991681718089,562.4343065791298,570.9440199808145,6953215,SHRIRAMFIN
2025-02-06,560.40576171875,564.0174767363741,548.5317095769316,564.0174767363741,6345455,SHRIRAMFIN
2025-02-07,553.6771240234375,573.0219211855263,549.0264416922157,561.9395212403384,5747620,SHRIRAMFIN
2025-02-10,554.9140014648438,560.6531143476916,540.7641020001095,555.8045794960399,4253881,SHRIRAMFIN
2025-02-11,532.8975219726562,560.059426744381,528.3952895432852,560.059426744381,6416783,SHRIRAMFIN
2025-02-12,541.4072875976562,545.711607031107,521.4687523216561,532.8975146057734,5467745,SHRIRAMFIN
2025-02-13,542.8915405273438,554.3697658726442,532.3532959205401,541.2588343281327,5723009,SHRIRAMFIN
2025-02-14,533.4912719726562,549.1254279647366,521.2708575285383,545.1674107315745,6763071,SHRIRAMFIN
2025-02-17,544.5736694335938,547.19587999646,519.5886857628693,531.363811135803,4397756,SHRIRAMFIN
2025-02-18,547.5421752929688,548.6306662498497,533.4417391455507,545.1674012311856,2988732,SHRIRAMFIN
2025-02-19,551.9454956054688,553.8750411013465,540.7641089091305,542.0504524415322,4066886,SHRIRAMFIN
2025-02-20,574.7535400390625,576.1388701964958,551.1538869891766,551.1538869891766,7590778,SHRIRAMFIN
2025-02-21,578.9589233398438,588.4582005541446,570.6471237211965,574.753530198731,9328402,SHRIRAMFIN
2025-02-24,571.1419067382812,575.6441393244787,562.8300462756467,569.954489472969,4523171,SHRIRAMFIN
2025-02-25,568.2228393554688,580.5916429983827,565.5017025540277,575.6935846768789,6222936,SHRIRAMFIN
2025-02-27,600.4312133789062,602.4102220323599,574.2093487206463,575.1988530473731,17099035,SHRIRAMFIN
2025-02-28,610.8209838867188,613.4926575387813,595.9289564560178,603.5481515398446,23771834,SHRIRAMFIN
2025-03-03,614.779052734375,623.387752828537,608.446261005865,618.7370702126515,10284029,SHRIRAMFIN
2025-03-04,626.25732421875,628.7310850816862,606.9619894878476,612.107363767113,5369562,SHRIRAMFIN
2025-03-05,624.674072265625,630.8090111985447,614.9769418978753,620.0233898296431,9532495,SHRIRAMFIN
2025-03-06,637.5870971679688,643.9694122383455,630.3142644285372,632.0953601611988,8075827,SHRIRAMFIN
2025-03-07,624.2288208007812,640.8525428824624,620.8645421086734,637.587130077061,5829062,SHRIRAMFIN
2025-03-10,619.0338745117188,634.7670172578472,616.312737648961,624.9214372573229,4906168,SHRIRAMFIN
2025-03-11,631.5511474609375,633.2827800626713,609.0893867766791,617.6486235087846,6734891,SHRIRAMFIN
2025-03-12,630.2647705078125,640.4566526306731,622.497125583326,632.2932422263425,5378060,SHRIRAMFIN
2025-03-13,613.0474243164062,637.2408183981668,611.018952423708,631.3037921397987,5273706,SHRIRAMFIN
2025-03-17,616.7085571289062,622.8929590255058,606.9619638976852,606.9619638976852,4548324,SHRIRAMFIN
2025-03-18,616.7085571289062,616.7085571289062,616.7085571289062,616.7085571289062,0,SHRIRAMFIN
2025-03-19,660.9393920898438,670.488072099998,630.957424657815,638.9229219869269,9823834,SHRIRAMFIN
2025-03-20,660.8899536132812,687.7054962891833,658.0203669529595,682.7579747331459,8747482,SHRIRAMFIN
2025-03-21,669.696533203125,671.8734548559429,660.6426046211056,662.0278744768606,6365496,SHRIRAMFIN
2025-03-24,674.8419189453125,687.6065483148541,666.9258847054848,669.8943975454202,4983671,SHRIRAMFIN
2025-03-25,671.230224609375,680.7789653598146,660.6920399433697,680.7789653598146,5257157,SHRIRAMFIN
2025-03-26,664.9468994140625,673.7535119718606,662.2257625489008,671.6755166744614,4792266,SHRIRAMFIN
2025-03-27,671.378662109375,677.2167615898849,659.2077713969137,662.9678756275332,4628163,SHRIRAMFIN
2025-03-28,649.1148681640625,677.8104949579007,643.3262917445064,674.8419818412967,6806264,SHRIRAMFIN
2025-04-01,630.7595825195312,647.0369417374307,627.2468540304538,645.156859247446,7600903,SHRIRAMFIN
2025-04-02,632.6890869140625,637.2407826321863,623.882474300611,633.2827653487566,4387926,SHRIRAMFIN
2025-04-03,647.2843017578125,653.617093430031,625.3667560088579,626.3562603696315,3704676,SHRIRAMFIN
2025-04-04,646.739990234375,658.020363480431,642.683046737654,648.6200725735677,5191619,SHRIRAMFIN
2025-04-07,607.5556640625,623.3382703462912,583.0654316756159,589.7445859629479,15188995,SHRIRAMFIN
2025-04-08,634.717529296875,641.495609423011,616.5106264785046,617.1538284150932,10415072,SHRIRAMFIN
2025-04-09,617.9949340820312,641.1493601935248,612.5031969796222,641.1493601935248,9235529,SHRIRAMFIN
2025-04-11,632.0953369140625,641.8419905389902,620.4191982132024,620.4191982132024,7102851,SHRIRAMFIN
2025-04-15,664.9468994140625,667.4701233373933,642.3367499831753,645.1073499851572,6085948,SHRIRAMFIN
2025-04-16,668.954345703125,670.8838910971368,655.497111868435,665.5900674417262,6571065,SHRIRAMFIN
2025-04-17,684.4896240234375,688.3487150893773,661.5331113628954,669.8944350760638,5771289,SHRIRAMFIN
2025-04-21,695.62158203125,709.9693956008846,683.2527772298408,691.4161883987708,6740583,SHRIRAMFIN
2025-04-22,696.1162719726562,702.4985867583516,692.6530069379664,695.6215198248434,3672514,SHRIRAMFIN
2025-04-23,696.5121459960938,706.3082029632243,678.7010674436162,702.0533462768209,5442424,SHRIRAMFIN
2025-04-24,689.3381958007812,698.0952847112743,687.2107373947272,696.6110282590179,5010172,SHRIRAMFIN
2025-04-25,648.3232421875,698.1942236514303,628.3352428555472,691.5645930267052,9784886,SHRIRAMFIN
2025-04-28,615.4716796875,623.7835400340258,589.8930174788861,616.1643447821356,32221482,SHRIRAMFIN
2025-04-29,608.248291015625,624.1792857139651,603.7955217701146,618.4401729875502,10387632,SHRIRAMFIN
2025-04-30,605.27978515625,615.2737543090094,600.1343507788243,608.2482980207784,7374108,SHRIRAMFIN
2025-05-02,597.2648315429688,609.8315494989508,593.2078876617365,605.279853417834,7749204,SHRIRAMFIN
2025-05-05,622.249755859375,624.2782879931514,600.8270239679783,603.7460737364021,8616953,SHRIRAMFIN
2025-05-06,616.906494140625,625.218294377257,610.5736421935749,622.200318212863,5098276,SHRIRAMFIN
2025-05-07,629.9679565429688,631.3037632321126,610.7715483621027,611.7115895555436,5983998,SHRIRAMFIN
2025-05-08,609.3367309570312,634.0743382579383,600.6291052660218,628.3352254430376,10052396,SHRIRAMFIN
2025-05-09,595.1373901367188,605.9229510748655,590.387781441371,593.7025967822514,5637324,SHRIRAMFIN
2025-05-12,639.1703491210938,641.1988209665371,604.5871598928305,604.6366230315872,9560644,SHRIRAMFIN
2025-05-13,626.949951171875,641.0009254504098,625.3173051811866,634.8659862139166,5748439,SHRIRAMFIN
2025-05-14,645.1073608398438,648.4221761917235,630.9079374496204,632.7880198368233,9324793,SHRIRAMFIN
2025-05-15,667.717529296875,672.8135009029555,637.3892569337731,647.9274421191694,9817422,SHRIRAMFIN
2025-05-16,658.5150756835938,667.7174530920736,653.1222654642253,666.9258617742182,5415727,SHRIRAMFIN
2025-05-19,670.6859741210938,676.7219863327704,659.0098359533818,662.9678529861347,4356035,SHRIRAMFIN
2025-05-20,651.440185546875,674.8914514725259,649.3127873629119,674.8914514725259,7035801,SHRIRAMFIN
2025-05-21,651.0938110351562,654.7055257861035,631.9963906627307,651.4401133725686,7986603,SHRIRAMFIN
2025-05-22,642.930419921875,647.8284782933795,633.5795921934665,645.1568046003271,6840583,SHRIRAMFIN
2025-05-23,652.9244384765625,656.6350798873058,639.3682768382905,644.16734890503,3128629,SHRIRAMFIN
2025-05-26,657.525634765625,660.7909870128644,645.2557567762108,657.8719371272442,2963171,SHRIRAMFIN
2025-05-27,654.9529418945312,662.9679028306332,650.1043465070537,660.7909812200402,2493252,SHRIRAMFIN
2025-05-28,648.8179931640625,656.9319406477282,647.135823745142,654.952932012422,3244100,SHRIRAMFIN
2025-05-29,645.4041748046875,652.7759938629686,641.2977078328556,648.8179766928364,4173868,SHRIRAMFIN
2025-05-30,632.6395874023438,648.0758916305334,630.5616524074687,636.3502287464441,6693573,SHRIRAMFIN
2025-06-02,635.8060302734375,641.0999149680102,618.4402404018641,631.6006366387048,4344402,SHRIRAMFIN
2025-06-03,641.4462280273438,651.8360242391249,635.360751802621,641.1988519270633,5336167,SHRIRAMFIN
2025-06-04,634.4701538085938,654.9033808699278,633.2827365985618,643.1283162230271,6290382,SHRIRAMFIN
2025-06-05,644.612548828125,647.927363872256,631.4026309955697,640.20924288394,4542850,SHRIRAMFIN
2025-06-06,681.0263671875,683.6485778662754,637.5376390346474,647.1358432845986,20115034,SHRIRAMFIN
2025-06-09,690.6740112304688,708.3861626103884,684.9843614244871,692.6530198586363,11413586,SHRIRAMFIN
2025-06-10,693.0488891601562,698.540626368457,683.4506846333262,697.6005851322757,6453133,SHRIRAMFIN
2025-06-11,678.8494262695312,694.7309585175543,677.1672568475815,694.7309585175543,4586055,SHRIRAMFIN
2025-06-12,661.0383911132812,682.7580244032821,659.6035976787402,681.768520020089,4970089,SHRIRAMFIN
2025-06-13,660.1478271484375,663.314192637144,636.7460259678667,645.008362830764,4687026,SHRIRAMFIN
2025-06-16,669.0533447265625,674.099792409164,661.5825390785359,661.9783649493295,6882573,SHRIRAMFIN
2025-06-17,658.0203857421875,672.6650378873137,655.0518727238017,672.6650378873137,2390137,SHRIRAMFIN
2025-06-18,655.1507568359375,666.4311297376456,652.2317675380258,656.0907979768378,3352972,SHRIRAMFIN
2025-06-19,645.354736328125,661.9783969989645,641.1988060617772,653.8149862736409,3342726,SHRIRAMFIN
2025-06-20,659.3561401367188,663.8584328397507,643.6725217582302,645.1567781496789,7441267,SHRIRAMFIN
2025-06-23,654.70556640625,659.2077990446832,641.495647317533,654.8539558195413,4243520,SHRIRAMFIN
2025-06-24,668.954345703125,674.8419081537571,666.3321956398424,666.9258740405165,4823566,SHRIRAMFIN
2025-06-25,668.0143432617188,670.8839299517813,663.9573997015416,668.9543844460186,3211981,SHRIRAMFIN
2025-06-26,695.8194580078125,700.1237776921289,667.1732955312319,668.0638735874257,19068571,SHRIRAMFIN
2025-06-27,692.6035766601562,699.480643919922,689.2887008758184,695.6710159642996,7554681,SHRIRAMFIN
2025-06-30,699.4310913085938,706.5060712216443,692.5540847292889,692.6530110016121,3721603,SHRIRAMFIN
2025-07-01,689.1403198242188,703.0923070659364,686.716022076594,700.5690830406751,3524637,SHRIRAMFIN
2025-07-02,669.7954711914062,691.5150418185764,667.9153889018631,688.4476027088464,3288839,SHRIRAMFIN
2025-07-03,668.3112182617188,677.0683070263445,665.886920684505,674.4460965132166,6014549,SHRIRAMFIN
2025-07-04,669.0533447265625,677.2167550566551,662.9678692317649,668.8554317911656,3843226,SHRIRAMFIN
2025-07-07,664.2542114257812,672.8629107451062,661.9783636595237,669.0533434229717,1770086,SHRIRAMFIN
2025-07-08,661.928955078125,670.2902790164324,660.2962487229067,664.9469313034936,2820100,SHRIRAMFIN
2025-07-09,673.9019165039062,675.8314620395914,663.9574099979003,664.2047860821021,3560120,SHRIRAMFIN
2025-07-10,664.6995239257812,680.1357670894976,663.957395689169,676.8209517904494,3035156,SHRIRAMFIN
2025-07-11,664.2025756835938,672.6014082649151,658.388031947169,671.9056358580013,4931083,SHRIRAMFIN
2025-07-14,665.6934814453125,668.8244269008333,658.4873929936836,665.9419672539893,2832157,SHRIRAMFIN
2025-07-15,680.304443359375,683.8329296277011,666.6377241989376,670.8122978210398,3786182,SHRIRAMFIN
2025-07-16,664.3019409179688,669.9177444963337,650.5358512950303,669.9177444963337,9358644,SHRIRAMFIN
2025-07-17,661.4194946289062,667.929810259501,660.8230923276028,665.941923919443,2671888,SHRIRAMFIN
2025-07-18,641.59033203125,666.4389118930335,640.5963888367787,665.9419402957978,6570609,SHRIRAMFIN
2025-07-21,651.6788940429688,654.0146363351166,633.6388004006639,641.5903461311821,4980207,SHRIRAMFIN
2025-07-22,636.2727661132812,655.903144386311,635.1297071628373,654.0146280330939,4671422,SHRIRAMFIN
2025-07-23,650.0885620117188,650.7843344106989,634.1854702200866,638.111558139242,5191770,SHRIRAMFIN
2025-07-24,629.7127075195312,656.0025175135884,627.92362187759,656.0025175135884,7248079,SHRIRAMFIN
2025-07-25,612.1199340820312,626.134570485721,598.0556733137842,621.2145392021436,16922561,SHRIRAMFIN
2025-07-28,629.6133422851562,634.9805992520713,607.3489899813827,612.1199052849115,11583112,SHRIRAMFIN
2025-07-29,634.483642578125,639.4533587749161,622.7551244867942,628.1721272743927,6858651,SHRIRAMFIN
2025-07-30,628.9672241210938,634.4835965663973,622.3077927672288,631.153911222203,6024759,SHRIRAMFIN
2025-07-31,627.029052734375,635.5770007801791,619.2763077927235,621.2145091945063,6481051,SHRIRAMFIN
2025-08-01,610.4799194335938,628.1720960825705,608.5417180799902,626.1842097025625,3528632,SHRIRAMFIN
2025-08-04,621.1151123046875,623.0035679317626,612.1696237587657,612.1696237587657,2955463,SHRIRAMFIN
2025-08-05,626.2835693359375,629.3648295729741,617.3878264657812,626.6811708715154,3996694,SHRIRAMFIN
2025-08-06,626.7805786132812,635.924868492161,618.6302926331194,630.1600098724805,4763826,SHRIRAMFIN
2025-08-07,623.5502319335938,625.9854048663856,614.5550582555662,623.053260341819,3482599,SHRIRAMFIN
2025-08-08,605.95751953125,623.0532946986258,604.2678038929449,619.5248083355505,5493423,SHRIRAMFIN
2025-08-11,613.8593139648438,619.723603282142,605.4605422121693,606.7526562767746,3348109,SHRIRAMFIN
2025-08-12,608.19384765625,615.2508198699899,607.2992745404908,612.2689903714277,2787285,SHRIRAMFIN
2025-08-13,615.4993286132812,617.5865850739173,606.6532098381545,608.3429254167771,5325700,SHRIRAMFIN
2025-08-14,612.71630859375,619.1272544800639,607.7962775337659,610.5793064098189,4279172,SHRIRAMFIN
2025-08-18,623.0036010742188,633.6388057110133,621.6618019871404,623.2024018522437,5265058,SHRIRAMFIN
2025-08-19,622.5563354492188,626.7309092663652,611.3744737955134,622.2084795750741,4765094,SHRIRAMFIN
2025-08-20,612.5671997070312,621.1648329013706,609.5853700209686,619.5744873361823,5710611,SHRIRAMFIN
2025-08-21,616.0460205078125,618.2327078132388,612.0702474672129,614.2569347726392,3993795,SHRIRAMFIN
2025-08-22,612.1199340820312,618.2327094139732,608.8399334481404,616.0460221028852,3496256,SHRIRAMFIN
2025-08-25,617.089599609375,620.021744126191,612.666600986653,616.2447721717821,6850166,SHRIRAMFIN
2025-08-26,591.0980224609375,616.6920593971103,589.5076769704714,616.1454027801127,18048586,SHRIRAMFIN
2025-08-28,568.1876831054688,584.3889459467102,566.5476524768432,573.2567694140689,20025147,SHRIRAMFIN
2025-08-29,576.7355346679688,585.0846817109128,563.0688158369742,567.044588587809,12236788,SHRIRAMFIN
2025-09-01,585.0349731445312,586.6253187450726,575.0955406367038,576.4870854539923,3886326,SHRIRAMFIN
2025-09-02,581.0592041015625,592.7877830731194,578.7234617124966,586.4265219585625,4136915,SHRIRAMFIN
2025-09-03,582.7489013671875,585.3331901545034,576.4870711754468,581.4567873062696,6612194,SHRIRAMFIN
2025-09-04,582.251953125,592.390186571911,580.3634973187751,592.390186571911,5054056,SHRIRAMFIN
2025-09-05,588.911376953125,592.3901783359705,582.0531442464655,585.4325755702796,4166734,SHRIRAMFIN
2025-09-08,593.1356201171875,600.341708505708,589.2592172695844,592.3901626976854,2968301,SHRIRAMFIN
2025-09-09,591.396240234375,595.322328248019,587.2713514354549,594.3780700170694,3947645,SHRIRAMFIN
2025-09-10,601.1368408203125,603.1247272388092,593.0859250915925,594.9743807898768,4708224,SHRIRAMFIN
2025-09-11,616.2944946289062,619.127269265872,599.14897371665,601.1368601992303,8412580,SHRIRAMFIN
2025-09-12,629.0169677734375,629.8618559436578,615.4993637047344,619.4254517145101,10816255,SHRIRAMFIN
2025-09-15,619.8726806640625,627.7744803131341,616.4435646031669,626.9793379122467,3643666,SHRIRAMFIN
2025-09-16,614.3562622070312,624.5939256086486,610.3804894422798,619.8726954505063,4759255,SHRIRAMFIN
2025-09-17,619.47509765625,622.208441448556,614.0084100716381,616.2447822653429,4633747,SHRIRAMFIN
2025-09-18,623.10302734375,627.1781702694835,616.2447948765131,616.2447948765131,4675034,SHRIRAMFIN
2025-09-19,629.3648681640625,633.4400111589678,623.3017780348486,626.1842376808415,6415748,SHRIRAMFIN
2025-09-22,624.0472412109375,634.135789399393,621.6618138256516,634.135789399393,2712596,SHRIRAMFIN
2025-09-23,624.991455078125,630.5575732464678,620.7175115671233,624.1963126727837,3586451,SHRIRAMFIN
2025-09-24,621.3636474609375,626.1842479607922,616.5429862956012,624.3951622425719,2129098,SHRIRAMFIN
2025-09-25,608.989013671875,622.2084461617036,607.1004973166943,621.3636187038736,4280161,SHRIRAMFIN
2025-09-26,602.3792724609375,613.6605643344307,600.0932152027847,606.3053602876996,3958021,SHRIRAMFIN
2025-09-29,608.0944213867188,611.772023261598,599.4968493356185,605.2120225829851,4098133,SHRIRAMFIN
2025-09-30,612.368408203125,616.940583523626,607.4484376789881,608.0944643881315,5882401,SHRIRAMFIN
2025-10-01,644.77099609375,646.0134251517903,612.3187248315418,612.3187248315418,15107673,SHRIRAMFIN
2025-10-03,641.8884887695312,646.0630622277909,632.1478578105769,641.0933463645001,7200543,SHRIRAMFIN
2025-10-06,667.3831787109375,671.4086365676254,642.5842835543594,642.5842835543594,10343487,SHRIRAMFIN
2025-10-07,662.7613525390625,668.9238128739696,659.4813519195823,666.1407838836676,3729360,SHRIRAMFIN
2025-10-08,662.8607788085938,669.2219792200281,657.9904326091911,657.9904326091911,2870458,SHRIRAMFIN
2025-10-09,664.9976806640625,667.9298252143939,656.002506906994,662.8607391999402,2274108,SHRIRAMFIN
2025-10-10,661.0219116210938,667.3334873269579,658.9843401985228,664.9479993858397,2480723,SHRIRAMFIN
2025-10-13,668.0789794921875,670.1165510207936,654.7601156812083,656.0025447432218,2469940,SHRIRAMFIN
2025-10-14,670.364990234375,676.8256209077508,662.9601014064103,670.9613318764957,4731724,SHRIRAMFIN
2025-10-15,673.0486450195312,678.2668466867468,668.4764700165895,671.4086145150727,4687947,SHRIRAMFIN
2025-10-16,668.4268188476562,679.6086801294944,658.2389007908704,672.7504476104416,5309779,SHRIRAMFIN
2025-10-17,671.4086303710938,675.5335189097352,666.0413128347263,668.1286299501929,3516617,SHRIRAMFIN
2025-10-20,689.7468872070312,694.4184323221104,673.9928512833958,674.2910827720748,6170486,SHRIRAMFIN
2025-10-21,691.0390014648438,693.2753736378692,686.1189705510924,691.2874872618465,674998,SHRIRAMFIN
2025-10-23,705.351806640625,713.4027221859367,691.0390004873179,691.0390004873179,8911040,SHRIRAMFIN
2025-10-24,711.11669921875,718.968814371599,706.7433247209876,706.7433247209876,6036751,SHRIRAMFIN
2025-10-27,715.2415161132812,725.876720689485,713.8997170338473,716.6330608860479,8133230,SHRIRAMFIN
2025-10-28,719.3167114257812,722.4475961302275,705.948163151347,715.1421378210407,7071903,SHRIRAMFIN
2025-10-29,733.9773559570312,737.4064720730539,713.0548640783536,719.3166940010382,10246214,SHRIRAMFIN
2025-10-30,733.778564453125,743.3203948686133,728.7094784196739,734.0270502521271,6357608,SHRIRAMFIN
2025-10-31,744.3640747070312,765.1374508517607,722.5966947129,729.0076403823067,18363853,SHRIRAMFIN
2025-11-03,791.6260986328125,795.055214913594,753.9059408751772,758.1798846362976,26222030,SHRIRAMFIN
2025-11-04,791.67578125,809.2189034936717,787.4515225302102,787.6503233089435,8543137,SHRIRAMFIN
2025-11-06,787.7000122070312,795.7509281286964,780.2454379590152,787.799382264146,10930939,SHRIRAMFIN
2025-11-07,816.3499755859375,820.0,780.7999877929688,792.5,9765252,SHRIRAMFIN
2025-11-10,821.0999755859375,830.7000122070312,816.6500244140625,822.0,8623863,SHRIRAMFIN
2025-11-11,832.2999877929688,833.2999877929688,804.0499877929688,821.0999755859375,7336169,SHRIRAMFIN
2025-11-12,822.5,838.6500244140625,821.4000244140625,832.2999877929688,4239741,SHRIRAMFIN
2025-11-13,814.0,826.3499755859375,809.75,826.0,6048569,SHRIRAMFIN
2025-11-14,809.2999877929688,817.9500122070312,803.9000244140625,809.5,5672058,SHRIRAMFIN
2025-11-17,817.9000244140625,828.3499755859375,808.5999755859375,809.0,7386312,SHRIRAMFIN
2025-11-18,820.2000122070312,827.7000122070312,810.0,820.0,6684086,SHRIRAMFIN
2025-11-19,818.0499877929688,826.7000122070312,815.7999877929688,824.1500244140625,3711577,SHRIRAMFIN
2025-11-20,826.5999755859375,828.7000122070312,816.5,822.0,3187958,SHRIRAMFIN
2025-11-21,823.2999877929688,832.0,810.5999755859375,825.0,3831244,SHRIRAMFIN
2025-11-24,828.2000122070312,839.5,821.0999755859375,825.0,8140579,SHRIRAMFIN
2025-11-25,838.25,841.8499755859375,827.2000122070312,828.2000122070312,5418151,SHRIRAMFIN
2025-11-26,856.5999755859375,858.8499755859375,838.2999877929688,841.9500122070312,7052927,SHRIRAMFIN
2025-11-27,867.6500244140625,869.5,857.25,860.0,6752154,SHRIRAMFIN
2025-11-28,851.6500244140625,872.0,848.75,870.0499877929688,8198342,SHRIRAMFIN
2025-12-01,851.5499877929688,865.0,849.4500122070312,857.8499755859375,6330770,SHRIRAMFIN
2025-12-02,843.4000244140625,855.9500122070312,840.7999877929688,855.75,5587375,SHRIRAMFIN
2025-12-03,828.0999755859375,846.4500122070312,818.9500122070312,843.4000244140625,9931005,SHRIRAMFIN
2025-12-04,828.1500244140625,836.0,821.0,830.4500122070312,11436899,SHRIRAMFIN
2025-12-05,854.9000244140625,857.0,828.1500244140625,828.1500244140625,12137708,SHRIRAMFIN
2025-12-08,834.25,858.8499755859375,831.0,858.5,4117973,SHRIRAMFIN
2025-12-09,846.7000122070312,849.0,817.7999877929688,830.0,5737027,SHRIRAMFIN
2025-12-10,837.25,855.7999877929688,833.2999877929688,846.0,3699625,SHRIRAMFIN
2025-12-11,847.1500244140625,850.5999755859375,835.7000122070312,841.7999877929688,4213992,SHRIRAMFIN
2025-12-12,848.0,854.75,841.5,852.0,6036788,SHRIRAMFIN
2025-12-15,855.3499755859375,870.5999755859375,845.8499755859375,852.0,7193809,SHRIRAMFIN
2025-12-16,848.4000244140625,856.6500244140625,843.0,855.3499755859375,5171831,SHRIRAMFIN
2025-12-17,864.2000122070312,875.4500122070312,855.0,856.0,11621162,SHRIRAMFIN
2025-12-18,869.4500122070312,876.9000244140625,861.7999877929688,868.5,12481529,SHRIRAMFIN
2025-12-19,901.7000122070312,913.5,850.5,869.0,35297309,SHRIRAMFIN
2025-12-22,934.8499755859375,949.7999877929688,915.0,919.0,31894463,SHRIRAMFIN
2025-12-23,957.7999877929688,959.9500122070312,931.7000122070312,938.7000122070312,14632455,SHRIRAMFIN
2025-12-24,973.7000122070312,983.7000122070312,958.0,958.0,10574513,SHRIRAMFIN
2025-12-26,960.25,978.75,956.7000122070312,976.5499877929688,4739099,SHRIRAMFIN
2025-12-29,955.5,966.0,949.2000122070312,963.0,4897735,SHRIRAMFIN
2025-12-30,979.4000244140625,984.5999755859375,960.9500122070312,960.9500122070312,17757531,SHRIRAMFIN
2025-12-31,996.2000122070312,1000.2000122070312,979.4000244140625,983.0,9795995,SHRIRAMFIN
2026-01-01,1019.7000122070312,1025.5999755859375,996.0,996.2000122070312,4289057,SHRIRAMFIN
2026-01-02,1010.3499755859375,1025.0,1007.2000122070312,1024.75,5264026,SHRIRAMFIN
2026-01-05,1003.3499755859375,1014.7999877929688,994.6500244140625,1013.5,4603571,SHRIRAMFIN
2026-01-06,1002.6500244140625,1011.75,992.4500122070312,1002.5,4352915,SHRIRAMFIN
2026-01-07,995.8499755859375,1003.0999755859375,990.25,996.0499877929688,4191098,SHRIRAMFIN
2026-01-08,992.9000244140625,1002.5499877929688,981.0999755859375,1001.4000244140625,3804564,SHRIRAMFIN
2026-01-09,975.4000244140625,993.2000122070312,961.0,987.0,6949168,SHRIRAMFIN
2026-01-12,972.7999877929688,985.6500244140625,962.4500122070312,979.0,5510203,SHRIRAMFIN
2026-01-13,979.0499877929688,987.6500244140625,969.2000122070312,975.0,3860197,SHRIRAMFIN
2026-01-14,981.0999755859375,990.5,970.4000244140625,980.0,3846614,SHRIRAMFIN
2026-01-15,981.0999755859375,981.0999755859375,981.0999755859375,981.0999755859375,0,SHRIRAMFIN
2026-01-16,995.4500122070312,1022.0,981.0,981.0,13316550,SHRIRAMFIN
2026-01-19,1010.3499755859375,1014.5,991.2000122070312,1002.0,4908985,SHRIRAMFIN
2026-01-20,987.5,1008.0499877929688,983.0,1005.0,6129218,SHRIRAMFIN
2026-01-21,986.0,997.5,972.5499877929688,982.5499877929688,7042588,SHRIRAMFIN
2026-01-22,1005.5,1009.7000122070312,986.0999755859375,995.0499877929688,7210572,SHRIRAMFIN
2026-01-23,1003.5499877929688,1020.8499755859375,973.6500244140625,1010.0,9023942,SHRIRAMFIN
2026-01-27,1001.0499877929688,1019.9500122070312,984.2000122070312,1011.2000122070312,7984660,SHRIRAMFIN
2026-01-28,1018.7999877929688,1020.7000122070312,999.5,1002.0,5587231,SHRIRAMFIN
2026-01-29,1022.7999877929688,1028.4000244140625,1006.1500244140625,1022.4000244140625,6653822,SHRIRAMFIN
2026-01-30,1020.0,1029.300048828125,1010.1500244140625,1025.0,6464610,SHRIRAMFIN
2026-02-02,962.0999755859375,992.7000122070312,939.0,990.2000122070312,13566710,SHRIRAMFIN
2026-02-03,1000.4000244140625,1041.5,997.2000122070312,1013.0,9880727,SHRIRAMFIN
2026-02-04,998.7999877929688,1011.2000122070312,995.5,1010.4000244140625,4402517,SHRIRAMFIN
2026-02-05,992.0,998.0,972.4000244140625,995.5,5775866,SHRIRAMFIN
2026-02-06,1002.5,1005.0,972.9000244140625,994.0,3270421,SHRIRAMFIN
2026-02-09,1062.699951171875,1067.800048828125,1003.4000244140625,1005.0,8667620,SHRIRAMFIN
2026-02-10,1048.5999755859375,1066.800048828125,1036.5,1064.9000244140625,4345362,SHRIRAMFIN
2026-02-11,1056.800048828125,1059.300048828125,1041.5,1053.0,4898578,SHRIRAMFIN
2026-02-12,1082.800048828125,1087.0999755859375,1049.699951171875,1053.5,8462756,SHRIRAMFIN
2026-02-13,1065.800048828125,1086.0,1060.0,1081.800048828125,4555743,SHRIRAMFIN
2026-02-16,1085.4000244140625,1088.300048828125,1052.800048828125,1065.800048828125,5096496,SHRIRAMFIN
2026-02-17,1075.0,1081.9000244140625,1060.0,1080.0,2832145,SHRIRAMFIN
2026-02-18,1076.199951171875,1087.0999755859375,1072.0999755859375,1076.199951171875,2470593,SHRIRAMFIN
2026-02-19,1054.699951171875,1078.0,1048.0999755859375,1078.0,2576169,SHRIRAMFIN
2026-02-20,1059.300048828125,1066.0,1044.5999755859375,1056.800048828125,2295049,SHRIRAMFIN
2026-02-23,1064.699951171875,1077.5,1056.9000244140625,1072.800048828125,2423932,SHRIRAMFIN
2026-02-24,1061.699951171875,1066.0,1050.199951171875,1064.699951171875,2464507,SHRIRAMFIN
2026-02-25,1085.9000244140625,1095.0,1055.800048828125,1065.0,3115583,SHRIRAMFIN
2026-02-26,1104.5999755859375,1108.0,1085.0999755859375,1089.0,5231414,SHRIRAMFIN
2026-02-27,1079.4000244140625,1103.9000244140625,1073.300048828125,1099.0,5601117,SHRIRAMFIN
2026-03-02,1052.5,1071.0,1038.0,1044.0,6717872,SHRIRAMFIN
2026-03-04,1010.0,1042.5,987.4000244140625,1042.300048828125,9200897,SHRIRAMFIN
2026-03-05,1039.5,1046.4000244140625,1018.2999877929688,1022.2999877929688,5051614,SHRIRAMFIN
2026-03-06,1007.5,1052.0,1000.0,1043.9000244140625,8166989,SHRIRAMFIN
2026-03-09,987.2000122070312,993.0,934.2000122070312,957.5,11999852,SHRIRAMFIN
2026-03-10,1062.9000244140625,1068.300048828125,1006.7000122070312,1010.0,14297519,SHRIRAMFIN
2026-03-11,1031.699951171875,1077.9000244140625,1028.699951171875,1062.9000244140625,10731059,SHRIRAMFIN
2026-03-12,1031.699951171875,1046.699951171875,1006.0999755859375,1021.0999755859375,7054662,SHRIRAMFIN
2026-03-13,1003.5999755859375,1028.0,994.7000122070312,1021.2999877929688,6562852,SHRIRAMFIN
2026-03-16,992.0,1002.9000244140625,969.2999877929688,990.0,10476354,SHRIRAMFIN
2026-03-17,1004.5999755859375,1012.0,983.2000122070312,999.9000244140625,4175225,SHRIRAMFIN
2026-03-18,1021.5999755859375,1028.9000244140625,1008.5,1013.2999877929688,3915253,SHRIRAMFIN
2026-03-19,949.7999877929688,1000.0,946.2999877929688,1000.0,11956347,SHRIRAMFIN
2026-03-20,938.5999755859375,966.9000244140625,922.2999877929688,962.0,28550627,SHRIRAMFIN
2026-03-23,877.7000122070312,930.0999755859375,870.2000122070312,930.0,10556865,SHRIRAMFIN
2026-03-24,903.5999755859375,931.9000244140625,896.2000122070312,907.0,13359073,SHRIRAMFIN
2026-03-25,956.0,965.0,917.2999877929688,919.0,14265748,SHRIRAMFIN
2026-03-27,903.7999877929688,951.0,900.0,950.0,12238678,SHRIRAMFIN
2026-03-30,872.0999755859375,896.2999877929688,867.0,888.0,10949179,SHRIRAMFIN
2026-04-01,900.5499877929688,926.2999877929688,895.75,915.5999755859375,11752172,SHRIRAMFIN
2026-04-02,891.5999755859375,895.0,863.4500122070312,876.0,7230236,SHRIRAMFIN
2026-04-06,928.0,931.0,885.6500244140625,895.0,5898399,SHRIRAMFIN
2026-04-07,930.6500244140625,932.4000244140625,910.0499877929688,920.0,5503677,SHRIRAMFIN
2026-04-08,1023.2000122070312,1035.449951171875,975.0,975.0,18256527,SHRIRAMFIN
2026-04-09,996.2999877929688,1015.0,990.4500122070312,1010.0999755859375,7668209,SHRIRAMFIN
2026-04-10,1027.550048828125,1031.0,1011.25,1016.0999755859375,8048521,SHRIRAMFIN
2026-04-13,1004.0999755859375,1015.5,988.7999877929688,1000.1500244140625,8242484,SHRIRAMFIN
2026-04-15,1020.9500122070312,1043.5,1016.4500122070312,1030.0,7869459,SHRIRAMFIN
2026-04-16,1022.75,1034.3499755859375,1015.3499755859375,1026.0999755859375,5716035,SHRIRAMFIN
2026-04-17,1036.949951171875,1039.5,1013.1500244140625,1022.0,4345572,SHRIRAMFIN
2026-04-20,1045.1500244140625,1049.949951171875,1026.0,1040.0,4670588,SHRIRAMFIN
2026-04-21,1045.300048828125,1062.699951171875,1039.25,1054.0,5699181,SHRIRAMFIN
2026-04-22,1044.550048828125,1053.699951171875,1029.4000244140625,1050.0,4404420,SHRIRAMFIN
2026-04-23,1009.2999877929688,1044.9000244140625,1006.3499755859375,1044.9000244140625,4658783,SHRIRAMFIN
2026-04-24,1011.2999877929688,1030.4000244140625,983.5499877929688,1006.9500122070312,9263466,SHRIRAMFIN
2026-04-27,974.6500244140625,1012.0,963.75,1011.2999877929688,15096574,SHRIRAMFIN
2026-04-28,953.25,979.75,949.2999877929688,974.5,6752420,SHRIRAMFIN
2026-04-29,956.8499755859375,975.2999877929688,954.9000244140625,965.0,5829309,SHRIRAMFIN
2026-04-30,937.3499755859375,950.0,921.0,945.2000122070312,5990764,SHRIRAMFIN
2026-05-01,937.3499755859375,937.3499755859375,937.3499755859375,937.3499755859375,0,SHRIRAMFIN
2026-05-04,960.4500122070312,969.0,942.0,942.0,4018048,SHRIRAMFIN
2026-05-05,964.4000244140625,966.9000244140625,937.2999877929688,955.6500244140625,4029508,SHRIRAMFIN
2026-05-06,1004.0999755859375,1007.4500122070312,976.0499877929688,980.0,5858946,SHRIRAMFIN
2026-05-07,1015.6500244140625,1023.75,1002.0499877929688,1009.0,4848929,SHRIRAMFIN
2026-05-08,1007.75,1013.3499755859375,1001.25,1013.0,5755029,SHRIRAMFIN
2026-05-11,975.9500122070312,990.8499755859375,970.4500122070312,990.0,5927270,SHRIRAMFIN
2026-05-12,930.4500122070312,979.9500122070312,925.9500122070312,971.0,8674062,SHRIRAMFIN
2026-05-13,920.5499877929688,938.4000244140625,915.0,925.2000122070312,10747950,SHRIRAMFIN
2026-05-14,935.0999755859375,941.6500244140625,901.2999877929688,929.9000244140625,9220462,SHRIRAMFIN
2026-05-15,937.9000244140625,945.9000244140625,921.0,921.0,5759607,SHRIRAMFIN
2026-05-18,933.7000122070312,937.6500244140625,911.0,923.7999877929688,5232089,SHRIRAMFIN
2026-05-19,927.3499755859375,941.8499755859375,924.7000122070312,940.0,3216479,SHRIRAMFIN
2026-05-20,923.4500122070312,925.4500122070312,913.0,920.0,5764449,SHRIRAMFIN
2026-05-21,914.75,941.9000244140625,910.0,935.0,4598094,SHRIRAMFIN
2026-05-22,941.0,944.25,913.1500244140625,916.25,5414742,SHRIRAMFIN
2026-05-25,961.9500122070312,970.5,956.9000244140625,956.9500122070312,6256205,SHRIRAMFIN
2026-05-26,952.1500244140625,965.5999755859375,948.5999755859375,961.0,4350923,SHRIRAMFIN
2026-05-27,963.2000122070312,968.0999755859375,946.5999755859375,947.0499877929688,3592277,SHRIRAMFIN
