Close,High,Low,Open,Volume,symbol
HG=F,HG=F,HG=F,HG=F,HG=F,
2.8385000228881836,2.8420000076293945,2.8364999294281006,2.8420000076293945,220,COPPER
2.7929999828338623,2.8294999599456787,2.7880001068115234,2.8294999599456787,326,COPPER
2.803999900817871,2.805999994277954,2.7915000915527344,2.7950000762939453,312,COPPER
2.7960000038146973,2.809000015258789,2.7909998893737793,2.7920000553131104,463,COPPER
2.806999921798706,2.817500114440918,2.7864999771118164,2.7960000038146973,242,COPPER
2.7904999256134033,2.808000087738037,2.7880001068115234,2.803999900817871,303,COPPER
2.763000011444092,2.7934999465942383,2.745500087738037,2.7934999465942383,311,COPPER
2.678999900817871,2.759500026702881,2.634999990463257,2.759500026702881,599,COPPER
2.552999973297119,2.6480000019073486,2.499500036239624,2.6480000019073486,328,COPPER
2.6110000610351562,2.634999990463257,2.6005001068115234,2.6045000553131104,359,COPPER
2.6540000438690186,2.6624999046325684,2.5855000019073486,2.616499900817871,467,COPPER
2.615499973297119,2.623500108718872,2.6034998893737793,2.623500108718872,593,COPPER
2.615000009536743,2.634500026702881,2.5810000896453857,2.5810000896453857,508,COPPER
2.6005001068115234,2.612499952316284,2.5789999961853027,2.6045000553131104,180,COPPER
2.5374999046325684,2.568000078201294,2.5339999198913574,2.559999942779541,216,COPPER
2.573499917984009,2.5794999599456787,2.493000030517578,2.503999948501587,182,COPPER
2.5134999752044678,2.572499990463257,2.4804999828338623,2.572499990463257,314,COPPER
2.5215001106262207,2.5464999675750732,2.503000020980835,2.5199999809265137,527,COPPER
2.4704999923706055,2.48799991607666,2.430000066757202,2.4784998893737793,572,COPPER
2.5280001163482666,2.5394999980926514,2.4649999141693115,2.4649999141693115,309,COPPER
2.510999917984009,2.5460000038146973,2.507499933242798,2.509999990463257,403,COPPER
2.5999999046325684,2.612499952316284,2.565000057220459,2.5850000381469727,281,COPPER
2.611999988555908,2.617000102996826,2.5869998931884766,2.6029999256134033,374,COPPER
2.611999988555908,2.627000093460083,2.560499906539917,2.5889999866485596,229,COPPER
2.6029999256134033,2.6070001125335693,2.5875000953674316,2.6024999618530273,211,COPPER
2.5989999771118164,2.6024999618530273,2.578000068664551,2.5880000591278076,305,COPPER
2.5625,2.5899999141693115,2.5485000610351562,2.5899999141693115,301,COPPER
2.552500009536743,2.5815000534057617,2.552000045776367,2.558000087738037,225,COPPER
2.6089999675750732,2.622499942779541,2.5889999866485596,2.5999999046325684,348,COPPER
2.6135001182556152,2.629499912261963,2.6080000400543213,2.626499891281128,242,COPPER
2.5945000648498535,2.625,2.56850004196167,2.609999895095825,332,COPPER
2.6394999027252197,2.6414999961853027,2.61899995803833,2.621500015258789,308,COPPER
2.6414999961853027,2.6424999237060547,2.6034998893737793,2.619499921798706,233,COPPER
2.6105000972747803,2.632999897003174,2.6034998893737793,2.625999927520752,235,COPPER
2.6394999027252197,2.6500000953674316,2.6050000190734863,2.6105000972747803,309,COPPER
2.7114999294281006,2.7165000438690186,2.6500000953674316,2.6500000953674316,1028,COPPER
2.7074999809265137,2.7074999809265137,2.6619999408721924,2.6659998893737793,37221,COPPER
2.7139999866485596,2.7325000762939453,2.6559998989105225,2.6610000133514404,14109,COPPER
2.7160000801086426,2.7249999046325684,2.686000108718872,2.7214999198913574,2710,COPPER
2.7109999656677246,2.74399995803833,2.7009999752044678,2.7300000190734863,1221,COPPER
2.6735000610351562,2.7049999237060547,2.6500000953674316,2.7049999237060547,1083,COPPER
2.677000045776367,2.684000015258789,2.6635000705718994,2.671999931335449,625,COPPER
2.671999931335449,2.693000078201294,2.6675000190734863,2.683000087738037,567,COPPER
2.628999948501587,2.671999931335449,2.624000072479248,2.6670000553131104,803,COPPER
2.687000036239624,2.690000057220459,2.620500087738037,2.620500087738037,412,COPPER
2.634999990463257,2.685499906539917,2.618000030517578,2.685499906539917,723,COPPER
2.622499942779541,2.6584999561309814,2.615499973297119,2.6414999961853027,433,COPPER
2.674499988555908,2.694999933242798,2.615999937057495,2.628999948501587,493,COPPER
2.678499937057495,2.687999963760376,2.6659998893737793,2.67549991607666,462,COPPER
2.677500009536743,2.691999912261963,2.6695001125335693,2.677000045776367,450,COPPER
2.6414999961853027,2.674999952316284,2.61899995803833,2.674999952316284,432,COPPER
2.5869998931884766,2.6540000438690186,2.569999933242798,2.631500005722046,811,COPPER
2.674499988555908,2.677999973297119,2.630000114440918,2.632499933242798,224,COPPER
2.7750000953674316,2.7850000858306885,2.700000047683716,2.700000047683716,284,COPPER
2.808000087738037,2.9240000247955322,2.7850000858306885,2.80049991607666,378,COPPER
2.815000057220459,2.880000114440918,2.805000066757202,2.880000114440918,411,COPPER
2.805000066757202,2.809999942779541,2.799999952316284,2.805000066757202,834,COPPER
2.821500062942505,2.8499999046325684,2.815000057220459,2.8499999046325684,483,COPPER
2.7750000953674316,2.818000078201294,2.7720000743865967,2.818000078201294,714,COPPER
2.7874999046325684,2.7960000038146973,2.7644999027252197,2.765500068664551,671,COPPER
2.746999979019165,2.7839999198913574,2.746500015258789,2.763000011444092,401,COPPER
2.756500005722046,2.759000062942505,2.7209999561309814,2.749500036239624,550,COPPER
2.747999906539917,2.75,2.7339999675750732,2.7339999675750732,306,COPPER
2.7320001125335693,2.809999942779541,2.7095000743865967,2.809999942779541,191,COPPER
2.7769999504089355,2.7880001068115234,2.7674999237060547,2.7699999809265137,232,COPPER
2.748500108718872,2.7685000896453857,2.742000102996826,2.76200008392334,295,COPPER
2.744999885559082,2.7695000171661377,2.734999895095825,2.734999895095825,182,COPPER
2.750499963760376,2.7894999980926514,2.75,2.750499963760376,212,COPPER
2.736999988555908,2.75600004196167,2.734999895095825,2.747499942779541,308,COPPER
2.7195000648498535,2.7219998836517334,2.697499990463257,2.7039999961853027,347,COPPER
2.7295000553131104,2.742000102996826,2.691999912261963,2.7149999141693115,288,COPPER
2.7855000495910645,2.7985000610351562,2.759999990463257,2.762500047683716,338,COPPER
2.7834999561309814,2.817500114440918,2.7720000743865967,2.7894999980926514,776,COPPER
2.7355000972747803,2.7844998836517334,2.7249999046325684,2.7844998836517334,743,COPPER
2.7049999237060547,2.7325000762939453,2.694999933242798,2.7274999618530273,328,COPPER
2.6695001125335693,2.695499897003174,2.6675000190734863,2.695499897003174,168,COPPER
2.697999954223633,2.697999954223633,2.6654999256134033,2.6675000190734863,173,COPPER
2.752000093460083,2.752000093460083,2.740499973297119,2.740499973297119,328,COPPER
2.7739999294281006,2.7855000495910645,2.759500026702881,2.759500026702881,529,COPPER
2.7799999713897705,2.7904999256134033,2.7639999389648438,2.765000104904175,24423,COPPER
2.7950000762939453,2.799499988555908,2.754499912261963,2.7799999713897705,7289,COPPER
2.8864998817443848,2.8894999027252197,2.7860000133514404,2.7885000705718994,2373,COPPER
2.93149995803833,2.940000057220459,2.884500026702881,2.884500026702881,1072,COPPER
2.9240000247955322,2.928499937057495,2.8949999809265137,2.9130001068115234,581,COPPER
2.940000057220459,2.953000068664551,2.9065001010894775,2.9179999828338623,509,COPPER
2.932499885559082,2.941999912261963,2.9144999980926514,2.934999942779541,816,COPPER
2.9260001182556152,2.935499906539917,2.9130001068115234,2.931999921798706,585,COPPER
2.930999994277954,2.937000036239624,2.8965001106262207,2.927500009536743,689,COPPER
2.9175000190734863,2.938499927520752,2.9079999923706055,2.938499927520752,737,COPPER
2.950500011444092,2.9590001106262207,2.9175000190734863,2.9175000190734863,386,COPPER
2.950000047683716,2.9609999656677246,2.934499979019165,2.947499990463257,779,COPPER
2.946000099182129,2.9590001106262207,2.930000066757202,2.9375,266,COPPER
2.9489998817443848,2.953000068664551,2.922499895095825,2.940000057220459,437,COPPER
2.930000066757202,2.9549999237060547,2.9184999465942383,2.9549999237060547,637,COPPER
2.8615000247955322,2.9230000972747803,2.8499999046325684,2.9230000972747803,593,COPPER
2.8515000343322754,2.8589999675750732,2.8440001010894775,2.8499999046325684,545,COPPER
2.871000051498413,2.880000114440918,2.8534998893737793,2.8534998893737793,365,COPPER
2.8334999084472656,2.8524999618530273,2.815000057220459,2.8524999618530273,541,COPPER
2.8534998893737793,2.8534998893737793,2.811000108718872,2.8289999961853027,1167,COPPER
2.815999984741211,2.8415000438690186,2.805000066757202,2.8415000438690186,683,COPPER
2.7929999828338623,2.80049991607666,2.7799999713897705,2.7825000286102295,604,COPPER
2.759500026702881,2.802999973297119,2.753999948501587,2.7934999465942383,427,COPPER
2.740999937057495,2.765000104904175,2.7355000972747803,2.7634999752044678,339,COPPER
2.757999897003174,2.760999917984009,2.7355000972747803,2.7355000972747803,294,COPPER
2.750499963760376,2.762500047683716,2.746500015258789,2.7614998817443848,271,COPPER
2.7155001163482666,2.734999895095825,2.7070000171661377,2.7284998893737793,265,COPPER
2.7219998836517334,2.7249999046325684,2.7084999084472656,2.7105000019073486,294,COPPER
2.7160000801086426,2.7295000553131104,2.7160000801086426,2.7265000343322754,352,COPPER
2.740499973297119,2.752000093460083,2.7330000400543213,2.7355000972747803,351,COPPER
2.7715001106262207,2.7734999656677246,2.746999979019165,2.746999979019165,231,COPPER
2.693000078201294,2.7225000858306885,2.6875,2.7160000801086426,319,COPPER
2.69950008392334,2.7009999752044678,2.685499906539917,2.686000108718872,329,COPPER
2.6589999198913574,2.680000066757202,2.6530001163482666,2.680000066757202,622,COPPER
2.626499891281128,2.6410000324249268,2.624000072479248,2.632499933242798,313,COPPER
2.622999906539917,2.6435000896453857,2.618000030517578,2.625,265,COPPER
2.628499984741211,2.6589999198913574,2.619499921798706,2.6524999141693115,258,COPPER
2.5920000076293945,2.625,2.5875000953674316,2.625,271,COPPER
2.5880000591278076,2.5940001010894775,2.5829999446868896,2.5929999351501465,189,COPPER
2.634000062942505,2.6459999084472656,2.5929999351501465,2.5929999351501465,197,COPPER
2.6465001106262207,2.6665000915527344,2.6459999084472656,2.6500000953674316,197,COPPER
2.6454999446868896,2.6510000228881836,2.6419999599456787,2.6419999599456787,263,COPPER
2.6449999809265137,2.6489999294281006,2.631999969482422,2.6449999809265137,28592,COPPER
2.6384999752044678,2.6600000858306885,2.621500015258789,2.637500047683716,6773,COPPER
2.623500108718872,2.6459999084472656,2.5945000648498535,2.638000011444092,1984,COPPER
2.635499954223633,2.6419999599456787,2.615000009536743,2.622499942779541,942,COPPER
2.634500026702881,2.6449999809265137,2.628000020980835,2.6394999027252197,630,COPPER
2.5429999828338623,2.6024999618530273,2.509999990463257,2.6024999618530273,1396,COPPER
2.4509999752044678,2.5445001125335693,2.390000104904175,2.5445001125335693,919,COPPER
2.503999948501587,2.5195000171661377,2.4100000858306885,2.4619998931884766,664,COPPER
2.558000087738037,2.5945000648498535,2.5,2.5,660,COPPER
2.5455000400543213,2.559999942779541,2.5364999771118164,2.559999942779541,966,COPPER
2.555500030517578,2.559999942779541,2.506999969482422,2.547499895095825,561,COPPER
2.5445001125335693,2.551500082015991,2.5285000801086426,2.551500082015991,412,COPPER
2.5304999351501465,2.569999933242798,2.510999917984009,2.569999933242798,646,COPPER
2.5315001010894775,2.5490000247955322,2.5199999809265137,2.5230000019073486,458,COPPER
2.504499912261963,2.5369999408721924,2.494999885559082,2.5350000858306885,390,COPPER
2.4839999675750732,2.494499921798706,2.4749999046325684,2.490000009536743,894,COPPER
2.4774999618530273,2.5114998817443848,2.4774999618530273,2.510999917984009,481,COPPER
2.43149995803833,2.450000047683716,2.43149995803833,2.450000047683716,378,COPPER
2.385499954223633,2.430000066757202,2.362499952316284,2.4100000858306885,598,COPPER
2.381500005722046,2.385999917984009,2.366499900817871,2.366499900817871,474,COPPER
2.3505001068115234,2.384000062942505,2.3420000076293945,2.383500099182129,499,COPPER
2.4030001163482666,2.4084999561309814,2.3480000495910645,2.3480000495910645,565,COPPER
2.4079999923706055,2.4100000858306885,2.4030001163482666,2.4100000858306885,543,COPPER
2.381500005722046,2.4184999465942383,2.3610000610351562,2.4184999465942383,1104,COPPER
2.367500066757202,2.385999917984009,2.3545000553131104,2.368499994277954,749,COPPER
2.3475000858306885,2.359999895095825,2.3299999237060547,2.3499999046325684,964,COPPER
2.365000009536743,2.370500087738037,2.3399999141693115,2.3399999141693115,383,COPPER
2.3529999256134033,2.3589999675750732,2.3524999618530273,2.3524999618530273,585,COPPER
2.3480000495910645,2.3635001182556152,2.3454999923706055,2.3559999465942383,480,COPPER
2.3415000438690186,2.3464999198913574,2.3334999084472656,2.3364999294281006,276,COPPER
2.4075000286102295,2.4154999256134033,2.3480000495910645,2.3480000495910645,282,COPPER
2.3410000801086426,2.3454999923706055,2.3294999599456787,2.3355000019073486,342,COPPER
2.3605000972747803,2.365000009536743,2.309999942779541,2.309999942779541,288,COPPER
2.365499973297119,2.3929998874664307,2.3635001182556152,2.383500099182129,275,COPPER
2.364000082015991,2.364000082015991,2.3524999618530273,2.361999988555908,361,COPPER
2.3324999809265137,2.3375000953674316,2.320499897003174,2.320499897003174,282,COPPER
2.296999931335449,2.296999931335449,2.2804999351501465,2.2950000762939453,300,COPPER
2.2829999923706055,2.2899999618530273,2.2704999446868896,2.2899999618530273,317,COPPER
2.322999954223633,2.3289999961853027,2.310499906539917,2.318000078201294,258,COPPER
2.306999921798706,2.315500020980835,2.299999952316284,2.313999891281128,360,COPPER
2.2690000534057617,2.2725000381469727,2.2274999618530273,2.2709999084472656,346,COPPER
2.322999954223633,2.322999954223633,2.265000104904175,2.265000104904175,371,COPPER
2.250999927520752,2.302000045776367,2.250999927520752,2.302000045776367,315,COPPER
2.3340001106262207,2.3340001106262207,2.2990000247955322,2.2990000247955322,38198,COPPER
2.3464999198913574,2.368000030517578,2.309000015258789,2.3355000019073486,8234,COPPER
2.3380000591278076,2.3424999713897705,2.2939999103546143,2.3369998931884766,2156,COPPER
2.302500009536743,2.3385000228881836,2.2899999618530273,2.3355000019073486,1129,COPPER
2.3329999446868896,2.3434998989105225,2.2915000915527344,2.2945001125335693,1093,COPPER
2.390000104904175,2.4205000400543213,2.3359999656677246,2.3359999656677246,897,COPPER
2.319499969482422,2.369999885559082,2.319499969482422,2.369999885559082,596,COPPER
2.438499927520752,2.4509999752044678,2.3259999752044678,2.3259999752044678,1304,COPPER
2.442500114440918,2.4719998836517334,2.427500009536743,2.434000015258789,476,COPPER
2.4544999599456787,2.4730000495910645,2.430000066757202,2.430000066757202,553,COPPER
2.4619998931884766,2.4674999713897705,2.430500030517578,2.4635000228881836,507,COPPER
2.4140000343322754,2.444000005722046,2.4089999198913574,2.442500114440918,488,COPPER
2.436000108718872,2.4375,2.4059998989105225,2.4200000762939453,455,COPPER
2.4614999294281006,2.4660000801086426,2.430000066757202,2.430000066757202,498,COPPER
2.4614999294281006,2.5,2.447000026702881,2.4630000591278076,362,COPPER
2.3970000743865967,2.4695000648498535,2.385499954223633,2.4695000648498535,595,COPPER
2.3984999656677246,2.4130001068115234,2.384500026702881,2.385499954223633,329,COPPER
2.306999921798706,2.390000104904175,2.297499895095825,2.390000104904175,594,COPPER
2.305500030517578,2.322000026702881,2.299999952316284,2.302500009536743,347,COPPER
2.312000036239624,2.315999984741211,2.2899999618530273,2.315999984741211,664,COPPER
2.2915000915527344,2.323499917984009,2.2839999198913574,2.309000015258789,408,COPPER
2.25600004196167,2.2899999618530273,2.245500087738037,2.2899999618530273,487,COPPER
2.253499984741211,2.2660000324249268,2.240499973297119,2.240499973297119,603,COPPER
2.3454999923706055,2.3534998893737793,2.263000011444092,2.263000011444092,539,COPPER
2.307499885559082,2.380000114440918,2.305000066757202,2.3415000438690186,422,COPPER
2.3294999599456787,2.3489999771118164,2.2804999351501465,2.30049991607666,207,COPPER
2.359999895095825,2.374000072479248,2.3415000438690186,2.3545000553131104,254,COPPER
2.3589999675750732,2.375,2.3559999465942383,2.3564999103546143,253,COPPER
2.371500015258789,2.4000000953674316,2.362499952316284,2.3635001182556152,262,COPPER
2.3469998836517334,2.370500087738037,2.3264999389648438,2.370500087738037,384,COPPER
2.4170000553131104,2.430500030517578,2.3515000343322754,2.3515000343322754,233,COPPER
2.4195001125335693,2.434999942779541,2.4140000343322754,2.434999942779541,237,COPPER
2.3914999961853027,2.4110000133514404,2.3864998817443848,2.3970000743865967,306,COPPER
2.4200000762939453,2.424499988555908,2.4030001163482666,2.4030001163482666,244,COPPER
2.4260001182556152,2.435499906539917,2.4094998836517334,2.4230000972747803,285,COPPER
2.4070000648498535,2.432499885559082,2.3954999446868896,2.432499885559082,253,COPPER
2.371500015258789,2.3965001106262207,2.365000009536743,2.3965001106262207,229,COPPER
2.369499921798706,2.375999927520752,2.364000082015991,2.364000082015991,298,COPPER
2.364000082015991,2.364000082015991,2.3350000381469727,2.3499999046325684,234,COPPER
2.384500026702881,2.4049999713897705,2.36299991607666,2.36299991607666,216,COPPER
2.3499999046325684,2.378499984741211,2.3499999046325684,2.376499891281128,373,COPPER
2.3564999103546143,2.362499952316284,2.3499999046325684,2.3499999046325684,259,COPPER
2.3580000400543213,2.375499963760376,2.3580000400543213,2.370500087738037,353,COPPER
2.3545000553131104,2.3545000553131104,2.3269999027252197,2.3459999561309814,615,COPPER
2.315500020980835,2.3364999294281006,2.315000057220459,2.3340001106262207,439,COPPER
2.313499927520752,2.321500062942505,2.305000066757202,2.321500062942505,346,COPPER
2.315500020980835,2.315500020980835,2.2904999256134033,2.2904999256134033,651,COPPER
2.3269999027252197,2.3380000591278076,2.299499988555908,2.308500051498413,408,COPPER
2.319499969482422,2.3415000438690186,2.315500020980835,2.3364999294281006,392,COPPER
2.253499984741211,2.2804999351501465,2.250999927520752,2.2799999713897705,523,COPPER
2.241499900817871,2.2639999389648438,2.240000009536743,2.2639999389648438,329,COPPER
2.2300000190734863,2.239500045776367,2.2300000190734863,2.23799991607666,332,COPPER
2.2165000438690186,2.2190001010894775,2.2090001106262207,2.2170000076293945,246,COPPER
2.2165000438690186,2.2209999561309814,2.2130000591278076,2.2130000591278076,279,COPPER
2.1730000972747803,2.200000047683716,2.1640000343322754,2.200000047683716,311,COPPER
2.1700000762939453,2.1700000762939453,2.1630001068115234,2.1654999256134033,442,COPPER
2.118000030517578,2.1695001125335693,2.115999937057495,2.1600000858306885,306,COPPER
2.1054999828338623,2.120500087738037,2.0980000495910645,2.120500087738037,275,COPPER
2.078000068664551,2.0905001163482666,2.075000047683716,2.0885000228881836,277,COPPER
2.0764999389648438,2.0799999237060547,2.072499990463257,2.0794999599456787,296,COPPER
2.053999900817871,2.0945000648498535,2.0409998893737793,2.0945000648498535,270,COPPER
2.0195000171661377,2.0199999809265137,2.004499912261963,2.013000011444092,291,COPPER
2.053499937057495,2.066999912261963,2.0230000019073486,2.0230000019073486,361,COPPER
2.0445001125335693,2.0455000400543213,2.0394999980926514,2.0450000762939453,47591,COPPER
2.05049991607666,2.122999906539917,2.0380001068115234,2.0439999103546143,20906,COPPER
2.0445001125335693,2.07450008392334,2.0325000286102295,2.0625,3748,COPPER
2.066499948501587,2.077500104904175,2.0399999618530273,2.0439999103546143,1713,COPPER
2.0290000438690186,2.0829999446868896,2.0285000801086426,2.070499897003174,887,COPPER
2.055999994277954,2.05649995803833,2.0250000953674316,2.0374999046325684,665,COPPER
2.0739998817443848,2.0920000076293945,2.0399999618530273,2.053999900817871,610,COPPER
2.0445001125335693,2.0845000743865967,2.0380001068115234,2.072999954223633,628,COPPER
2.0480000972747803,2.0625,2.0369999408721924,2.0390000343322754,381,COPPER
2.059999942779541,2.0834999084472656,2.052000045776367,2.052999973297119,574,COPPER
2.065000057220459,2.066999912261963,2.052000045776367,2.058000087738037,325,COPPER
2.1080000400543213,2.125,2.058000087738037,2.058000087738037,633,COPPER
2.1040000915527344,2.1054999828338623,2.0845000743865967,2.1054999828338623,371,COPPER
2.0510001182556152,2.0975000858306885,2.0409998893737793,2.0975000858306885,489,COPPER
2.061000108718872,2.0815000534057617,2.05649995803833,2.057499885559082,645,COPPER
2.0344998836517334,2.0399999618530273,2.0285000801086426,2.0399999618530273,405,COPPER
2.1029999256134033,2.1034998893737793,2.0464999675750732,2.0464999675750732,597,COPPER
2.128999948501587,2.129499912261963,2.1024999618530273,2.1024999618530273,347,COPPER
2.0969998836517334,2.1115000247955322,2.0969998836517334,2.1064999103546143,341,COPPER
2.1115000247955322,2.116499900817871,2.0980000495910645,2.0980000495910645,329,COPPER
2.1115000247955322,2.1115000247955322,2.1050000190734863,2.1089999675750732,188,COPPER
2.066499948501587,2.0999999046325684,2.066499948501587,2.0999999046325684,418,COPPER
2.125,2.134500026702881,2.125,2.126499891281128,989,COPPER
2.13700008392334,2.1384999752044678,2.119499921798706,2.130000114440918,640,COPPER
2.125499963760376,2.140000104904175,2.1115000247955322,2.138000011444092,312,COPPER
2.070499897003174,2.0859999656677246,2.062999963760376,2.070499897003174,1080,COPPER
2.0885000228881836,2.0969998836517334,2.073499917984009,2.073499917984009,321,COPPER
2.0804998874664307,2.0829999446868896,2.071000099182129,2.0789999961853027,523,COPPER
2.015500068664551,2.059999942779541,1.9924999475479126,2.059999942779541,413,COPPER
2.0164999961853027,2.0185000896453857,2.009000062942505,2.0185000896453857,352,COPPER
1.9674999713897705,1.9780000448226929,1.965499997138977,1.9765000343322754,411,COPPER
1.9529999494552612,1.962499976158142,1.9505000114440918,1.9620000123977661,686,COPPER
1.9505000114440918,1.9665000438690186,1.9494999647140503,1.9524999856948853,386,COPPER
1.9709999561309814,1.9845000505447388,1.9600000381469727,1.9600000381469727,420,COPPER
1.9394999742507935,1.9730000495910645,1.9385000467300415,1.9730000495910645,502,COPPER
1.9735000133514404,1.9924999475479126,1.9364999532699585,1.9364999532699585,398,COPPER
1.9559999704360962,1.9865000247955322,1.9520000219345093,1.9609999656677246,269,COPPER
1.9930000305175781,1.99399995803833,1.968999981880188,1.9730000495910645,215,COPPER
1.9984999895095825,2.0179998874664307,1.9984999895095825,2.007499933242798,154,COPPER
1.9954999685287476,2.009500026702881,1.9845000505447388,2.009000062942505,433,COPPER
2.0339999198913574,2.0404999256134033,2.0225000381469727,2.0320000648498535,353,COPPER
2.062999963760376,2.072999954223633,2.0409998893737793,2.0409998893737793,573,COPPER
2.0490000247955322,2.059999942779541,2.0390000343322754,2.059999942779541,508,COPPER
2.063999891281128,2.063999891281128,2.0480000972747803,2.0510001182556152,218,COPPER
2.051500082015991,2.058500051498413,2.0269999504089355,2.0299999713897705,342,COPPER
2.052000045776367,2.062999963760376,2.0415000915527344,2.054500102996826,501,COPPER
2.0920000076293945,2.0994999408721924,2.0789999961853027,2.0789999961853027,231,COPPER
2.128000020980835,2.133500099182129,2.1040000915527344,2.117500066757202,435,COPPER
2.1005001068115234,2.1075000762939453,2.0845000743865967,2.1075000762939453,317,COPPER
2.0885000228881836,2.0934998989105225,2.0785000324249268,2.0785000324249268,220,COPPER
2.0385000705718994,2.0899999141693115,2.015500068664551,2.0840001106262207,328,COPPER
2.0250000953674316,2.0260000228881836,2.003000020980835,2.0239999294281006,227,COPPER
2.003999948501587,2.0215001106262207,1.999500036239624,2.009000062942505,393,COPPER
2.0269999504089355,2.0364999771118164,2.010499954223633,2.010499954223633,223,COPPER
2.0490000247955322,2.0815000534057617,2.0460000038146973,2.047499895095825,312,COPPER
2.0739998817443848,2.0739998817443848,2.0399999618530273,2.0434999465942383,342,COPPER
2.071500062942505,2.0764999389648438,2.054500102996826,2.072999954223633,321,COPPER
2.075500011444092,2.0834999084472656,2.071500062942505,2.072000026702881,292,COPPER
2.11299991607666,2.118499994277954,2.0969998836517334,2.0969998836517334,336,COPPER
2.1045000553131104,2.1054999828338623,2.0899999141693115,2.0910000801086426,210,COPPER
2.0950000286102295,2.115999937057495,2.072499990463257,2.0815000534057617,238,COPPER
2.065000057220459,2.0980000495910645,2.065000057220459,2.0980000495910645,33184,COPPER
2.118000030517578,2.1565001010894775,2.0764999389648438,2.0785000324249268,13171,COPPER
2.128499984741211,2.128499984741211,2.0964999198913574,2.121500015258789,3035,COPPER
2.1414999961853027,2.1440000534057617,2.0940001010894775,2.122499942779541,706,COPPER
2.177500009536743,2.195499897003174,2.140500068664551,2.1414999961853027,1543,COPPER
2.2044999599456787,2.2149999141693115,2.174999952316284,2.181999921798706,664,COPPER
2.2709999084472656,2.299999952316284,2.2084999084472656,2.2084999084472656,1079,COPPER
2.2804999351501465,2.2804999351501465,2.248500108718872,2.2669999599456787,522,COPPER
2.2184998989105225,2.2715001106262207,2.2044999599456787,2.2715001106262207,777,COPPER
2.2300000190734863,2.247499942779541,2.2060000896453857,2.2365000247955322,392,COPPER
2.2174999713897705,2.23799991607666,2.2079999446868896,2.237499952316284,375,COPPER
2.2385001182556152,2.25,2.2335000038146973,2.240000009536743,410,COPPER
2.236999988555908,2.262500047683716,2.2309999465942383,2.262500047683716,420,COPPER
2.2309999465942383,2.2335000038146973,2.2049999237060547,2.2049999237060547,445,COPPER
2.2314999103546143,2.258500099182129,2.2230000495910645,2.2314999103546143,280,COPPER
2.2890000343322754,2.2915000915527344,2.256999969482422,2.262500047683716,247,COPPER
2.2795000076293945,2.314500093460083,2.2780001163482666,2.299999952316284,272,COPPER
2.2894999980926514,2.2945001125335693,2.2785000801086426,2.2785000801086426,186,COPPER
2.2844998836517334,2.2890000343322754,2.2720000743865967,2.2790000438690186,296,COPPER
2.2304999828338623,2.2725000381469727,2.2304999828338623,2.2709999084472656,431,COPPER
2.2244999408721924,2.2325000762939453,2.2100000381469727,2.2249999046325684,500,COPPER
2.241499900817871,2.248500108718872,2.2255001068115234,2.2260000705718994,415,COPPER
2.2084999084472656,2.2155001163482666,2.197999954223633,2.2074999809265137,405,COPPER
2.187000036239624,2.2125000953674316,2.179500102996826,2.2125000953674316,677,COPPER
2.18149995803833,2.195499897003174,2.17549991607666,2.186000108718872,509,COPPER
2.1610000133514404,2.184000015258789,2.1579999923706055,2.184000015258789,687,COPPER
2.138000011444092,2.1575000286102295,2.137500047683716,2.1554999351501465,311,COPPER
2.134999990463257,2.1414999961853027,2.133500099182129,2.1414999961853027,287,COPPER
2.140500068664551,2.1440000534057617,2.13100004196167,2.13100004196167,246,COPPER
2.07450008392334,2.1414999961853027,2.070499897003174,2.1414999961853027,371,COPPER
2.0864999294281006,2.0945000648498535,2.0845000743865967,2.0845000743865967,415,COPPER
2.0885000228881836,2.1015000343322754,2.075000047683716,2.1015000343322754,242,COPPER
2.1449999809265137,2.1510000228881836,2.0934998989105225,2.0934998989105225,252,COPPER
2.1675000190734863,2.1740000247955322,2.1659998893737793,2.1735000610351562,330,COPPER
2.1710000038146973,2.172499895095825,2.1584999561309814,2.1584999561309814,303,COPPER
2.1519999504089355,2.1540000438690186,2.1449999809265137,2.1449999809265137,264,COPPER
2.1640000343322754,2.1679999828338623,2.1410000324249268,2.1410000324249268,218,COPPER
2.2230000495910645,2.2255001068115234,2.1654999256134033,2.1654999256134033,244,COPPER
2.242000102996826,2.242000102996826,2.2100000381469727,2.2100000381469727,267,COPPER
2.252000093460083,2.2739999294281006,2.25,2.2739999294281006,276,COPPER
2.2690000534057617,2.2925000190734863,2.2690000534057617,2.2890000343322754,369,COPPER
2.258500099182129,2.2725000381469727,2.258500099182129,2.265000104904175,437,COPPER
2.248500108718872,2.263000011444092,2.234999895095825,2.236999988555908,456,COPPER
2.2204999923706055,2.236999988555908,2.2135000228881836,2.236999988555908,34932,COPPER
2.2244999408721924,2.240000009536743,2.2014999389648438,2.2260000705718994,9800,COPPER
2.2790000438690186,2.2915000915527344,2.2179999351501465,2.2179999351501465,2527,COPPER
2.2614998817443848,2.2850000858306885,2.254499912261963,2.2674999237060547,646,COPPER
2.2144999504089355,2.256500005722046,2.2079999446868896,2.255500078201294,712,COPPER
2.183000087738037,2.2170000076293945,2.177000045776367,2.2070000171661377,963,COPPER
2.1510000228881836,2.180500030517578,2.1410000324249268,2.180500030517578,1170,COPPER
2.1510000228881836,2.1644999980926514,2.140000104904175,2.1424999237060547,498,COPPER
2.1040000915527344,2.1470000743865967,2.0969998836517334,2.1470000743865967,597,COPPER
2.0899999141693115,2.109999895095825,2.0894999504089355,2.1050000190734863,796,COPPER
2.1010000705718994,2.124000072479248,2.0924999713897705,2.0999999046325684,387,COPPER
2.072999954223633,2.119999885559082,2.059999942779541,2.0980000495910645,861,COPPER
2.075000047683716,2.0845000743865967,2.065000057220459,2.0759999752044678,1099,COPPER
2.0910000801086426,2.0989999771118164,2.071500062942505,2.071500062942505,397,COPPER
2.0920000076293945,2.0985000133514404,2.075000047683716,2.0985000133514404,447,COPPER
2.0815000534057617,2.0975000858306885,2.052000045776367,2.0969998836517334,396,COPPER
2.062999963760376,2.06850004196167,2.0415000915527344,2.066499948501587,451,COPPER
2.058500051498413,2.0804998874664307,2.055000066757202,2.078000068664551,380,COPPER
2.057499885559082,2.063499927520752,2.052500009536743,2.061000108718872,320,COPPER
2.069499969482422,2.0829999446868896,2.065000057220459,2.065000057220459,356,COPPER
2.1050000190734863,2.109499931335449,2.0799999237060547,2.0899999141693115,366,COPPER
2.1064999103546143,2.118000030517578,2.1054999828338623,2.118000030517578,732,COPPER
2.114000082015991,2.121500015258789,2.0905001163482666,2.0905001163482666,613,COPPER
2.0975000858306885,2.114000082015991,2.078000068664551,2.0975000858306885,587,COPPER
2.072499990463257,2.0739998817443848,2.057499885559082,2.065500020980835,769,COPPER
2.069499969482422,2.0739998817443848,2.063999891281128,2.063999891281128,296,COPPER
2.111999988555908,2.131999969482422,2.064500093460083,2.066999912261963,577,COPPER
2.117000102996826,2.140000104904175,2.112499952316284,2.140000104904175,274,COPPER
2.0510001182556152,2.121500015258789,2.049999952316284,2.121500015258789,524,COPPER
2.0625,2.069999933242798,2.0625,2.069999933242798,222,COPPER
2.0399999618530273,2.0794999599456787,2.0204999446868896,2.07450008392334,316,COPPER
2.0315001010894775,2.0369999408721924,2.0255000591278076,2.0339999198913574,300,COPPER
2.057499885559082,2.065000057220459,2.055000066757202,2.065000057220459,499,COPPER
2.0445001125335693,2.052000045776367,2.0390000343322754,2.0434999465942383,247,COPPER
2.0934998989105225,2.115499973297119,2.069499969482422,2.069499969482422,226,COPPER
2.049999952316284,2.065999984741211,2.0429999828338623,2.065999984741211,251,COPPER
2.052500009536743,2.075000047683716,2.052500009536743,2.075000047683716,216,COPPER
2.0934998989105225,2.0969998836517334,2.0799999237060547,2.0815000534057617,230,COPPER
2.116499900817871,2.128499984741211,2.0789999961853027,2.0789999961853027,278,COPPER
2.135499954223633,2.1410000324249268,2.131500005722046,2.1410000324249268,242,COPPER
2.1635000705718994,2.1665000915527344,2.132499933242798,2.1424999237060547,335,COPPER
2.111999988555908,2.121999979019165,2.109499931335449,2.114000082015991,236,COPPER
2.126499891281128,2.128000020980835,2.115000009536743,2.124500036239624,364,COPPER
2.1700000762939453,2.1760001182556152,2.126499891281128,2.174499988555908,36288,COPPER
2.183500051498413,2.194000005722046,2.1579999923706055,2.179500102996826,7536,COPPER
2.194499969482422,2.2044999599456787,2.172499895095825,2.190999984741211,1764,COPPER
2.2149999141693115,2.234499931335449,2.1665000915527344,2.2009999752044678,2021,COPPER
2.18149995803833,2.245500087738037,2.1614999771118164,2.2290000915527344,1353,COPPER
2.1514999866485596,2.183000087738037,2.131500005722046,2.180500030517578,1122,COPPER
2.122499942779541,2.1510000228881836,2.115999937057495,2.1445000171661377,893,COPPER
2.118499994277954,2.132999897003174,2.117000102996826,2.122499942779541,320,COPPER
2.1470000743865967,2.1630001068115234,2.140500068664551,2.140500068664551,548,COPPER
2.2109999656677246,2.2209999561309814,2.1459999084472656,2.1459999084472656,462,COPPER
2.23799991607666,2.2734999656677246,2.2144999504089355,2.2160000801086426,816,COPPER
2.240999937057495,2.246500015258789,2.2314999103546143,2.236999988555908,417,COPPER
2.2304999828338623,2.260499954223633,2.2300000190734863,2.234999895095825,275,COPPER
2.2339999675750732,2.241499900817871,2.2084999084472656,2.2165000438690186,388,COPPER
2.2614998817443848,2.26200008392334,2.2339999675750732,2.239000082015991,1035,COPPER
2.252000093460083,2.258500099182129,2.239000082015991,2.257499933242798,371,COPPER
2.25600004196167,2.2660000324249268,2.248500108718872,2.248500108718872,355,COPPER
2.2339999675750732,2.26200008392334,2.2255001068115234,2.2614998817443848,317,COPPER
2.2160000801086426,2.240499973297119,2.2095000743865967,2.240000009536743,331,COPPER
2.2249999046325684,2.2295000553131104,2.2119998931884766,2.2119998931884766,270,COPPER
2.184999942779541,2.2144999504089355,2.184999942779541,2.2109999656677246,714,COPPER
2.2060000896453857,2.2200000286102295,2.197999954223633,2.2044999599456787,319,COPPER
2.2204999923706055,2.2284998893737793,2.188999891281128,2.1989998817443848,234,COPPER
2.196500062942505,2.239000082015991,2.190000057220459,2.239000082015991,563,COPPER
2.2065000534057617,2.234999895095825,2.191999912261963,2.191999912261963,443,COPPER
2.196000099182129,2.2039999961853027,2.174999952316284,2.2039999961853027,385,COPPER
2.1740000247955322,2.17549991607666,2.1554999351501465,2.1665000915527344,355,COPPER
2.1530001163482666,2.1740000247955322,2.1519999504089355,2.1735000610351562,226,COPPER
2.1640000343322754,2.177500009536743,2.1549999713897705,2.1549999713897705,239,COPPER
2.1494998931884766,2.1610000133514404,2.140000104904175,2.1610000133514404,227,COPPER
2.1705000400543213,2.194999933242798,2.1510000228881836,2.1510000228881836,245,COPPER
2.190000057220459,2.191999912261963,2.180999994277954,2.180999994277954,237,COPPER
2.140500068664551,2.1570000648498535,2.1384999752044678,2.1524999141693115,264,COPPER
2.1514999866485596,2.1545000076293945,2.1384999752044678,2.1414999961853027,241,COPPER
2.171999931335449,2.1735000610351562,2.1549999713897705,2.1549999713897705,217,COPPER
2.1519999504089355,2.1589999198913574,2.1519999504089355,2.1589999198913574,307,COPPER
2.1670000553131104,2.1875,2.1584999561309814,2.1584999561309814,305,COPPER
2.1665000915527344,2.1735000610351562,2.1654999256134033,2.1654999256134033,307,COPPER
2.140000104904175,2.1635000705718994,2.130000114440918,2.1635000705718994,311,COPPER
2.115000009536743,2.131500005722046,2.114000082015991,2.127000093460083,340,COPPER
2.0759999752044678,2.118000030517578,2.0759999752044678,2.117500066757202,297,COPPER
2.075500011444092,2.0829999446868896,2.075500011444092,2.0815000534057617,275,COPPER
2.075000047683716,2.0769999027252197,2.075000047683716,2.0769999027252197,197,COPPER
2.072499990463257,2.0810000896453857,2.072499990463257,2.0810000896453857,19596,COPPER
2.069000005722046,2.0889999866485596,2.062999963760376,2.0804998874664307,9506,COPPER
2.069499969482422,2.0824999809265137,2.067500114440918,2.069499969482422,1634,COPPER
2.06850004196167,2.0899999141693115,2.067500114440918,2.072000026702881,982,COPPER
2.071500062942505,2.0855000019073486,2.06850004196167,2.0764999389648438,573,COPPER
2.0840001106262207,2.0920000076293945,2.069499969482422,2.0739998817443848,800,COPPER
2.0929999351501465,2.1059999465942383,2.0869998931884766,2.0869998931884766,478,COPPER
2.0959999561309814,2.1010000705718994,2.0799999237060547,2.1010000705718994,429,COPPER
2.0885000228881836,2.0975000858306885,2.0820000171661377,2.0969998836517334,662,COPPER
2.0959999561309814,2.1029999256134033,2.061000108718872,2.0799999237060547,357,COPPER
2.0954999923706055,2.1110000610351562,2.0885000228881836,2.0980000495910645,474,COPPER
2.1480000019073486,2.1500000953674316,2.1019999980926514,2.1050000190734863,815,COPPER
2.1519999504089355,2.1559998989105225,2.1414999961853027,2.1465001106262207,1067,COPPER
2.1514999866485596,2.1549999713897705,2.1435000896453857,2.1545000076293945,418,COPPER
2.1489999294281006,2.1489999294281006,2.13700008392334,2.13700008392334,550,COPPER
2.1554999351501465,2.1605000495910645,2.1440000534057617,2.1480000019073486,505,COPPER
2.1449999809265137,2.1565001010894775,2.1449999809265137,2.1480000019073486,484,COPPER
2.1875,2.190000057220459,2.1670000553131104,2.1670000553131104,793,COPPER
2.192500114440918,2.196000099182129,2.188499927520752,2.188499927520752,723,COPPER
2.190000057220459,2.190000057220459,2.178499937057495,2.180000066757202,745,COPPER
2.1614999771118164,2.184999942779541,2.1605000495910645,2.1740000247955322,506,COPPER
2.179500102996826,2.179500102996826,2.177999973297119,2.177999973297119,830,COPPER
2.180999994277954,2.196000099182129,2.1760001182556152,2.194499969482422,1123,COPPER
2.2019999027252197,2.2090001106262207,2.196000099182129,2.200000047683716,744,COPPER
2.183500051498413,2.187000036239624,2.1654999256134033,2.187000036239624,666,COPPER
2.1584999561309814,2.179500102996826,2.1584999561309814,2.1649999618530273,338,COPPER
2.1559998989105225,2.1695001125335693,2.1549999713897705,2.1549999713897705,338,COPPER
2.1480000019073486,2.1489999294281006,2.140000104904175,2.1475000381469727,223,COPPER
2.1565001010894775,2.1665000915527344,2.1559998989105225,2.1665000915527344,259,COPPER
2.178499937057495,2.190500020980835,2.1695001125335693,2.190500020980835,475,COPPER
2.1695001125335693,2.183000087738037,2.1679999828338623,2.176500082015991,191,COPPER
2.115000009536743,2.1530001163482666,2.114000082015991,2.1530001163482666,422,COPPER
2.1034998893737793,2.120500087738037,2.0959999561309814,2.119499921798706,191,COPPER
2.0994999408721924,2.1050000190734863,2.0959999561309814,2.0994999408721924,279,COPPER
2.0980000495910645,2.1085000038146973,2.0980000495910645,2.1085000038146973,342,COPPER
2.0969998836517334,2.0999999046325684,2.0834999084472656,2.0980000495910645,281,COPPER
2.0905001163482666,2.0910000801086426,2.0799999237060547,2.0799999237060547,188,COPPER
2.0834999084472656,2.0915000438690186,2.0834999084472656,2.0905001163482666,183,COPPER
2.0875000953674316,2.0889999866485596,2.0875000953674316,2.0889999866485596,250,COPPER
2.132499933242798,2.1394999027252197,2.115000009536743,2.115000009536743,420,COPPER
2.1394999027252197,2.1394999027252197,2.132499933242798,2.132999897003174,235,COPPER
2.1654999256134033,2.1670000553131104,2.1519999504089355,2.1545000076293945,684,COPPER
2.188499927520752,2.19350004196167,2.1640000343322754,2.1640000343322754,420,COPPER
2.200500011444092,2.2060000896453857,2.189500093460083,2.189500093460083,311,COPPER
2.2244999408721924,2.2265000343322754,2.19950008392334,2.2049999237060547,380,COPPER
2.2260000705718994,2.2279999256134033,2.2114999294281006,2.2235000133514404,332,COPPER
2.244499921798706,2.244999885559082,2.2149999141693115,2.2160000801086426,279,COPPER
2.260999917984009,2.26200008392334,2.247999906539917,2.247999906539917,355,COPPER
2.30649995803833,2.309000015258789,2.2815001010894775,2.2894999980926514,271,COPPER
2.378999948501587,2.378999948501587,2.2904999256134033,2.30049991607666,294,COPPER
2.4590001106262207,2.4590001106262207,2.436500072479248,2.436500072479248,221,COPPER
2.549499988555908,2.563999891281128,2.5185000896453857,2.562000036239624,240,COPPER
2.5185000896453857,2.568000078201294,2.508500099182129,2.562999963760376,256,COPPER
2.502000093460083,2.561000108718872,2.4619998931884766,2.561000108718872,204,COPPER
2.4649999141693115,2.5,2.444999933242798,2.5,170,COPPER
2.487499952316284,2.490499973297119,2.4625000953674316,2.4700000286102295,309,COPPER
2.4639999866485596,2.4830000400543213,2.453000068664551,2.4549999237060547,319,COPPER
2.512500047683716,2.5239999294281006,2.500999927520752,2.5185000896453857,293,COPPER
2.5425000190734863,2.557499885559082,2.5350000858306885,2.557499885559082,248,COPPER
2.6059999465942383,2.6085000038146973,2.5315001010894775,2.5315001010894775,409,COPPER
2.6670000553131104,2.6670000553131104,2.6454999446868896,2.6554999351501465,270,COPPER
2.6559998989105225,2.7219998836517334,2.6559998989105225,2.6635000705718994,79408,COPPER
2.5950000286102295,2.6619999408721924,2.573499917984009,2.6514999866485596,15879,COPPER
2.621500015258789,2.6429998874664307,2.5399999618530273,2.5885000228881836,2019,COPPER
2.631500005722046,2.6559998989105225,2.6034998893737793,2.625499963760376,966,COPPER
2.615000009536743,2.624500036239624,2.5869998931884766,2.617500066757202,766,COPPER
2.688999891281128,2.7009999752044678,2.609999895095825,2.609999895095825,532,COPPER
2.671999931335449,2.6875,2.6435000896453857,2.67549991607666,1022,COPPER
2.63700008392334,2.693000078201294,2.621500015258789,2.6600000858306885,856,COPPER
2.619999885559082,2.6610000133514404,2.609999895095825,2.630000114440918,692,COPPER
2.6419999599456787,2.6545000076293945,2.626499891281128,2.640500068664551,552,COPPER
2.61299991607666,2.6735000610351562,2.5994999408721924,2.6735000610351562,605,COPPER
2.5929999351501465,2.622499942779541,2.561000108718872,2.5920000076293945,769,COPPER
2.5999999046325684,2.635499954223633,2.566499948501587,2.5864999294281006,739,COPPER
2.5959999561309814,2.6019999980926514,2.575000047683716,2.5950000286102295,461,COPPER
2.561000108718872,2.5824999809265137,2.5390000343322754,2.5799999237060547,631,COPPER
2.496500015258789,2.552500009536743,2.4749999046325684,2.5460000038146973,382,COPPER
2.499500036239624,2.499500036239624,2.4809999465942383,2.49399995803833,603,COPPER
2.491499900817871,2.509500026702881,2.490000009536743,2.509500026702881,232,COPPER
2.494499921798706,2.503000020980835,2.4549999237060547,2.490499973297119,434,COPPER
2.4725000858306885,2.500999927520752,2.4719998836517334,2.496000051498413,443,COPPER
2.507999897003174,2.513000011444092,2.450000047683716,2.450000047683716,303,COPPER
2.494999885559082,2.5225000381469727,2.49399995803833,2.5225000381469727,300,COPPER
2.4790000915527344,2.509000062942505,2.4790000915527344,2.497999906539917,663,COPPER
2.497499942779541,2.506500005722046,2.492500066757202,2.492500066757202,507,COPPER
2.4809999465942383,2.5274999141693115,2.4800000190734863,2.5269999504089355,590,COPPER
2.5480000972747803,2.549499988555908,2.496999979019165,2.496999979019165,742,COPPER
2.5295000076293945,2.572499990463257,2.5269999504089355,2.553999900817871,306,COPPER
2.5380001068115234,2.5380001068115234,2.505000114440918,2.5174999237060547,340,COPPER
2.5299999713897705,2.5420000553131104,2.515000104904175,2.5339999198913574,236,COPPER
2.6034998893737793,2.6135001182556152,2.562000036239624,2.562000036239624,607,COPPER
2.6010000705718994,2.6045000553131104,2.5905001163482666,2.6045000553131104,417,COPPER
2.6605000495910645,2.6605000495910645,2.5969998836517334,2.5969998836517334,215,COPPER
2.680500030517578,2.680500030517578,2.6410000324249268,2.6414999961853027,226,COPPER
2.616499900817871,2.674499988555908,2.6019999980926514,2.674499988555908,286,COPPER
2.6080000400543213,2.618000030517578,2.6015000343322754,2.618000030517578,422,COPPER
2.6015000343322754,2.6059999465942383,2.5950000286102295,2.6059999465942383,193,COPPER
2.617000102996826,2.619999885559082,2.5929999351501465,2.609999895095825,786,COPPER
2.6394999027252197,2.6394999027252197,2.635499954223633,2.6384999752044678,244,COPPER
2.700500011444092,2.7019999027252197,2.678999900817871,2.678999900817871,1134,COPPER
2.702500104904175,2.7084999084472656,2.695499897003174,2.695499897003174,207,COPPER
2.6659998893737793,2.698499917984009,2.6600000858306885,2.698499917984009,323,COPPER
2.680000066757202,2.680000066757202,2.6579999923706055,2.6705000400543213,985,COPPER
2.6475000381469727,2.681999921798706,2.6364998817443848,2.680999994277954,771,COPPER
2.7214999198913574,2.7214999198913574,2.6579999923706055,2.6579999923706055,595,COPPER
2.7044999599456787,2.7179999351501465,2.703000068664551,2.7179999351501465,691,COPPER
2.677999973297119,2.7139999866485596,2.6649999618530273,2.7139999866485596,526,COPPER
2.609499931335449,2.6454999446868896,2.6070001125335693,2.6454999446868896,428,COPPER
2.6454999446868896,2.6454999446868896,2.615000009536743,2.615000009536743,260,COPPER
2.625999927520752,2.6414999961853027,2.625999927520752,2.634000062942505,677,COPPER
2.6605000495910645,2.6735000610351562,2.6605000495910645,2.6735000610351562,330,COPPER
2.6480000019073486,2.6480000019073486,2.6480000019073486,2.6480000019073486,316,COPPER
2.76200008392334,2.7699999809265137,2.6640000343322754,2.677000045776367,382,COPPER
2.7764999866485596,2.7764999866485596,2.7764999866485596,2.7764999866485596,405,COPPER
2.7309999465942383,2.759999990463257,2.7309999465942383,2.75600004196167,711,COPPER
2.7360000610351562,2.739000082015991,2.7200000286102295,2.7200000286102295,1085,COPPER
2.7160000801086426,2.7170000076293945,2.7009999752044678,2.7049999237060547,414,COPPER
2.7054998874664307,2.7054998874664307,2.681999921798706,2.684999942779541,268,COPPER
2.745500087738037,2.75,2.7355000972747803,2.7355000972747803,231,COPPER
2.7325000762939453,2.7325000762939453,2.7200000286102295,2.7200000286102295,174,COPPER
2.6424999237060547,2.7219998836517334,2.6414999961853027,2.7219998836517334,159,COPPER
2.680000066757202,2.681999921798706,2.6610000133514404,2.6610000133514404,51025,COPPER
2.6875,2.690999984741211,2.6519999504089355,2.6730000972747803,14418,COPPER
2.7039999961853027,2.7105000019073486,2.6689999103546143,2.683000087738037,1739,COPPER
2.7265000343322754,2.755000114440918,2.703000068664551,2.7049999237060547,1180,COPPER
2.679500102996826,2.7290000915527344,2.6730000972747803,2.7239999771118164,778,COPPER
2.687000036239624,2.697999954223633,2.6700000762939453,2.677999973297119,625,COPPER
2.6429998874664307,2.688999891281128,2.6389999389648438,2.688999891281128,840,COPPER
2.609499931335449,2.6545000076293945,2.5964999198913574,2.6545000076293945,1728,COPPER
2.5920000076293945,2.623500108718872,2.5829999446868896,2.6059999465942383,890,COPPER
2.569999933242798,2.5834999084472656,2.549999952316284,2.5759999752044678,834,COPPER
2.5864999294281006,2.5985000133514404,2.566499948501587,2.566499948501587,637,COPPER
2.616499900817871,2.627500057220459,2.5885000228881836,2.5899999141693115,390,COPPER
2.624000072479248,2.634999990463257,2.5999999046325684,2.6115000247955322,379,COPPER
2.6454999446868896,2.6659998893737793,2.6410000324249268,2.6519999504089355,320,COPPER
2.6654999256134033,2.683000087738037,2.6619999408721924,2.67549991607666,397,COPPER
2.679500102996826,2.683000087738037,2.6480000019073486,2.6600000858306885,295,COPPER
2.6554999351501465,2.678999900817871,2.6449999809265137,2.678999900817871,370,COPPER
2.609999895095825,2.6419999599456787,2.5975000858306885,2.6419999599456787,550,COPPER
2.621999979019165,2.627000093460083,2.5820000171661377,2.5999999046325684,435,COPPER
2.6364998817443848,2.6429998874664307,2.609499931335449,2.621999979019165,388,COPPER
2.623500108718872,2.633500099182129,2.6135001182556152,2.630000114440918,388,COPPER
2.625,2.625999927520752,2.562000036239624,2.5959999561309814,434,COPPER
2.6689999103546143,2.6689999103546143,2.621500015258789,2.622499942779541,357,COPPER
2.6700000762939453,2.6735000610351562,2.6545000076293945,2.6675000190734863,451,COPPER
2.6649999618530273,2.7079999446868896,2.6565001010894775,2.6675000190734863,650,COPPER
2.6465001106262207,2.6714999675750732,2.634500026702881,2.6714999675750732,631,COPPER
2.5975000858306885,2.6530001163482666,2.5975000858306885,2.6414999961853027,557,COPPER
2.6059999465942383,2.6080000400543213,2.5899999141693115,2.5899999141693115,327,COPPER
2.67549991607666,2.687000036239624,2.640000104904175,2.640000104904175,430,COPPER
2.6554999351501465,2.681999921798706,2.6480000019073486,2.6584999561309814,415,COPPER
2.6449999809265137,2.6454999446868896,2.6059999465942383,2.625,363,COPPER
2.6019999980926514,2.638000011444092,2.5999999046325684,2.638000011444092,517,COPPER
2.6059999465942383,2.6075000762939453,2.5840001106262207,2.6070001125335693,404,COPPER
2.5439999103546143,2.5829999446868896,2.5360000133514404,2.5829999446868896,293,COPPER
2.569499969482422,2.572999954223633,2.565000057220459,2.565000057220459,211,COPPER
2.5950000286102295,2.5989999771118164,2.5850000381469727,2.5855000019073486,173,COPPER
2.5290000438690186,2.5845000743865967,2.5204999446868896,2.5845000743865967,216,COPPER
2.5334999561309814,2.549499988555908,2.5334999561309814,2.549499988555908,279,COPPER
2.5409998893737793,2.5409998893737793,2.5264999866485596,2.5264999866485596,491,COPPER
2.5364999771118164,2.5409998893737793,2.5315001010894775,2.5315001010894775,284,COPPER
2.553499937057495,2.553499937057495,2.5350000858306885,2.5350000858306885,520,COPPER
2.5820000171661377,2.5859999656677246,2.572499990463257,2.572499990463257,269,COPPER
2.5910000801086426,2.5910000801086426,2.5794999599456787,2.5899999141693115,53314,COPPER
2.5799999237060547,2.5905001163482666,2.553499937057495,2.5905001163482666,18997,COPPER
2.5964999198913574,2.6015000343322754,2.577500104904175,2.5834999084472656,2959,COPPER
2.6500000953674316,2.680000066757202,2.5855000019073486,2.5875000953674316,1631,COPPER
2.625,2.6505000591278076,2.615499973297119,2.6505000591278076,1072,COPPER
2.5329999923706055,2.617500066757202,2.50600004196167,2.617500066757202,1012,COPPER
2.502000093460083,2.5269999504089355,2.4800000190734863,2.51200008392334,783,COPPER
2.5195000171661377,2.5269999504089355,2.495500087738037,2.501499891281128,521,COPPER
2.4855000972747803,2.5350000858306885,2.4700000286102295,2.5350000858306885,606,COPPER
2.490000009536743,2.502000093460083,2.4800000190734863,2.4825000762939453,647,COPPER
2.486999988555908,2.5,2.4839999675750732,2.493000030517578,392,COPPER
2.500999927520752,2.5339999198913574,2.492500066757202,2.492500066757202,414,COPPER
2.5179998874664307,2.5204999446868896,2.505000114440918,2.507999897003174,343,COPPER
2.5329999923706055,2.546999931335449,2.5315001010894775,2.5334999561309814,601,COPPER
2.5445001125335693,2.5464999675750732,2.515500068664551,2.5209999084472656,351,COPPER
2.5425000190734863,2.5439999103546143,2.5274999141693115,2.5355000495910645,740,COPPER
2.5264999866485596,2.5309998989105225,2.48799991607666,2.5199999809265137,587,COPPER
2.5739998817443848,2.5764999389648438,2.5434999465942383,2.5434999465942383,809,COPPER
2.5889999866485596,2.5950000286102295,2.563499927520752,2.565000057220459,313,COPPER
2.5905001163482666,2.5905001163482666,2.575500011444092,2.5759999752044678,973,COPPER
2.578000068664551,2.5840001106262207,2.566999912261963,2.5840001106262207,510,COPPER
2.5920000076293945,2.609999895095825,2.5764999389648438,2.5764999389648438,772,COPPER
2.559499979019165,2.5810000896453857,2.55649995803833,2.5804998874664307,393,COPPER
2.561000108718872,2.565999984741211,2.5439999103546143,2.5510001182556152,720,COPPER
2.5769999027252197,2.5815000534057617,2.554500102996826,2.567500114440918,516,COPPER
2.5845000743865967,2.5875000953674316,2.575500011444092,2.5764999389648438,645,COPPER
2.571500062942505,2.57450008392334,2.5309998989105225,2.555500030517578,362,COPPER
2.554500102996826,2.557499885559082,2.549999952316284,2.55649995803833,322,COPPER
2.5445001125335693,2.558000087738037,2.5179998874664307,2.5350000858306885,294,COPPER
2.5490000247955322,2.549999952316284,2.5350000858306885,2.5460000038146973,253,COPPER
2.6070001125335693,2.609499931335449,2.5450000762939453,2.549999952316284,308,COPPER
2.6459999084472656,2.6470000743865967,2.615999937057495,2.622999906539917,247,COPPER
2.612499952316284,2.625,2.6110000610351562,2.621999979019165,274,COPPER
2.5929999351501465,2.620500087738037,2.5864999294281006,2.620500087738037,278,COPPER
2.570499897003174,2.5799999237060547,2.5625,2.5799999237060547,479,COPPER
2.563999891281128,2.569999933242798,2.555000066757202,2.569999933242798,524,COPPER
2.5625,2.566999912261963,2.556999921798706,2.556999921798706,492,COPPER
2.5894999504089355,2.5894999504089355,2.5875000953674316,2.5894999504089355,265,COPPER
2.555000066757202,2.5864999294281006,2.555000066757202,2.5864999294281006,450,COPPER
2.6019999980926514,2.6019999980926514,2.5399999618530273,2.5399999618530273,251,COPPER
2.5980000495910645,2.5989999771118164,2.5940001010894775,2.5989999771118164,318,COPPER
2.622999906539917,2.634500026702881,2.621999979019165,2.634500026702881,231,COPPER
2.625,2.627000093460083,2.617000102996826,2.621999979019165,315,COPPER
2.6465001106262207,2.6465001106262207,2.617000102996826,2.617000102996826,205,COPPER
2.6619999408721924,2.6619999408721924,2.6484999656677246,2.6505000591278076,36325,COPPER
2.683000087738037,2.700500011444092,2.6559998989105225,2.6605000495910645,9143,COPPER
2.6989998817443848,2.7060000896453857,2.6710000038146973,2.684499979019165,1955,COPPER
2.680999994277954,2.700000047683716,2.674999952316284,2.686000108718872,1563,COPPER
2.6489999294281006,2.6760001182556152,2.632999897003174,2.67549991607666,980,COPPER
2.6514999866485596,2.6554999351501465,2.6424999237060547,2.6500000953674316,593,COPPER
2.637500047683716,2.6570000648498535,2.632499933242798,2.6570000648498535,556,COPPER
2.6394999027252197,2.6484999656677246,2.623500108718872,2.6419999599456787,903,COPPER
2.6644999980926514,2.6679999828338623,2.634999990463257,2.638000011444092,763,COPPER
2.677000045776367,2.686500072479248,2.6675000190734863,2.6700000762939453,503,COPPER
2.6545000076293945,2.687999963760376,2.6540000438690186,2.684999942779541,568,COPPER
2.684000015258789,2.686500072479248,2.6575000286102295,2.6575000286102295,448,COPPER
2.7170000076293945,2.7269999980926514,2.695499897003174,2.695499897003174,538,COPPER
2.7235000133514404,2.7239999771118164,2.7105000019073486,2.7105000019073486,468,COPPER
2.703000068664551,2.7255001068115234,2.700000047683716,2.7249999046325684,433,COPPER
2.7084999084472656,2.7090001106262207,2.702500104904175,2.7044999599456787,367,COPPER
2.7149999141693115,2.734999895095825,2.7149999141693115,2.7300000190734863,293,COPPER
2.7290000915527344,2.7360000610351562,2.7204999923706055,2.7204999923706055,615,COPPER
2.8405001163482666,2.8405001163482666,2.7274999618530273,2.734499931335449,941,COPPER
2.86899995803833,2.881500005722046,2.8299999237060547,2.8299999237060547,970,COPPER
2.874000072479248,2.8929998874664307,2.869999885559082,2.8924999237060547,427,COPPER
2.870500087738037,2.875,2.8489999771118164,2.864000082015991,523,COPPER
2.888000011444092,2.9000000953674316,2.8864998817443848,2.8929998874664307,436,COPPER
2.878999948501587,2.890500068664551,2.874500036239624,2.890500068664551,584,COPPER
2.882499933242798,2.884500026702881,2.871000051498413,2.875999927520752,409,COPPER
2.877000093460083,2.879499912261963,2.872499942779541,2.879499912261963,296,COPPER
2.884999990463257,2.88700008392334,2.867500066757202,2.874000072479248,296,COPPER
2.9079999923706055,2.9144999980926514,2.8884999752044678,2.8884999752044678,321,COPPER
2.942500114440918,2.942500114440918,2.9079999923706055,2.9079999923706055,314,COPPER
2.930000066757202,2.943000078201294,2.9200000762939453,2.934499979019165,471,COPPER
2.9059998989105225,2.9235000610351562,2.9000000953674316,2.9235000610351562,374,COPPER
2.9140000343322754,2.9140000343322754,2.880000114440918,2.890000104904175,288,COPPER
2.9065001010894775,2.9065001010894775,2.890000104904175,2.9010000228881836,295,COPPER
2.884500026702881,2.9019999504089355,2.879499912261963,2.9019999504089355,424,COPPER
2.9544999599456787,2.9679999351501465,2.884999990463257,2.884999990463257,278,COPPER
2.937999963760376,2.9630000591278076,2.930000066757202,2.9614999294281006,222,COPPER
2.940500020980835,2.9519999027252197,2.928999900817871,2.929500102996826,286,COPPER
2.9809999465942383,3.002500057220459,2.9630000591278076,2.9630000591278076,188,COPPER
2.9865000247955322,3.009000062942505,2.9700000286102295,2.9700000286102295,374,COPPER
2.9804999828338623,2.984499931335449,2.9690001010894775,2.9690001010894775,178,COPPER
3.0334999561309814,3.0385000705718994,2.9860000610351562,2.9860000610351562,227,COPPER
3.0329999923706055,3.053499937057495,3.0274999141693115,3.0369999408721924,163,COPPER
3.065000057220459,3.0764999389648438,3.065000057220459,3.071000099182129,532,COPPER
3.0810000896453857,3.0934998989105225,3.0794999599456787,3.0824999809265137,66287,COPPER
3.064500093460083,3.0940001010894775,3.059999942779541,3.0810000896453857,66287,COPPER
3.0789999961853027,3.114000082015991,3.064500093460083,3.065000057220459,15355,COPPER
3.0980000495910645,3.1024999618530273,3.072999954223633,3.0869998931884766,4346,COPPER
3.1075000762939453,3.1579999923706055,3.0929999351501465,3.0985000133514404,1756,COPPER
3.131500005722046,3.1384999752044678,3.1075000762939453,3.1075000762939453,845,COPPER
3.122999906539917,3.135999917984009,3.0950000286102295,3.135999917984009,1525,COPPER
3.0215001106262207,3.138000011444092,3.0185000896453857,3.127500057220459,1623,COPPER
3.0460000038146973,3.061000108718872,3.0225000381469727,3.0255000591278076,969,COPPER
3.015500068664551,3.052500009536743,3.000499963760376,3.052500009536743,1306,COPPER
2.9609999656677246,3.0239999294281006,2.9509999752044678,3.0195000171661377,819,COPPER
2.936500072479248,2.9684998989105225,2.9179999828338623,2.9570000171661377,1241,COPPER
2.927999973297119,2.947999954223633,2.9100000858306885,2.946000099182129,1111,COPPER
2.9489998817443848,2.9605000019073486,2.941999912261963,2.9605000019073486,1051,COPPER
2.94950008392334,2.9544999599456787,2.940500020980835,2.947000026702881,709,COPPER
2.94950008392334,2.9665000438690186,2.936000108718872,2.9565000534057617,1322,COPPER
2.9140000343322754,2.927999973297119,2.9089999198913574,2.9205000400543213,501,COPPER
2.924499988555908,2.930000066757202,2.875,2.9014999866485596,572,COPPER
2.9175000190734863,2.937000036239624,2.9065001010894775,2.927000045776367,584,COPPER
2.8975000381469727,2.944499969482422,2.890000104904175,2.9179999828338623,1136,COPPER
2.9110000133514404,2.9165000915527344,2.9014999866485596,2.9165000915527344,3191,COPPER
2.9625000953674316,2.9700000286102295,2.9079999923706055,2.9084999561309814,1232,COPPER
2.9375,2.9635000228881836,2.93149995803833,2.9630000591278076,600,COPPER
2.939500093460083,2.9544999599456787,2.927500009536743,2.9544999599456787,1174,COPPER
2.948499917984009,2.950500011444092,2.9375,2.937999963760376,418,COPPER
2.944499969482422,2.953000068664551,2.944000005722046,2.953000068664551,365,COPPER
3.0315001010894775,3.0315001010894775,2.950500011444092,2.950500011444092,538,COPPER
3.0144999027252197,3.0239999294281006,3.007999897003174,3.0239999294281006,400,COPPER
3.0169999599456787,3.0169999599456787,3.009999990463257,3.009999990463257,413,COPPER
3.0455000400543213,3.052000045776367,3.0215001106262207,3.0255000591278076,717,COPPER
3.0799999237060547,3.0829999446868896,3.0415000915527344,3.0425000190734863,564,COPPER
3.1040000915527344,3.115499973297119,3.0799999237060547,3.0799999237060547,504,COPPER
3.118499994277954,3.118499994277954,3.1040000915527344,3.1040000915527344,317,COPPER
3.2239999771118164,3.2274999618530273,3.138000011444092,3.138000011444092,348,COPPER
3.180500030517578,3.2170000076293945,3.177000045776367,3.2170000076293945,471,COPPER
3.1635000705718994,3.184000015258789,3.1575000286102295,3.17549991607666,538,COPPER
3.1530001163482666,3.1559998989105225,3.1500000953674316,3.1505000591278076,414,COPPER
3.1514999866485596,3.178999900817871,3.132499933242798,3.178999900817871,370,COPPER
3.1740000247955322,3.174999952316284,3.1449999809265137,3.1449999809265137,363,COPPER
3.186500072479248,3.187000036239624,3.180999994277954,3.180999994277954,312,COPPER
3.1714999675750732,3.1760001182556152,3.1610000133514404,3.1700000762939453,488,COPPER
3.1675000190734863,3.1675000190734863,3.1589999198913574,3.1640000343322754,345,COPPER
3.0934998989105225,3.1475000381469727,3.0739998817443848,3.1475000381469727,623,COPPER
3.1019999980926514,3.1019999980926514,3.0799999237060547,3.0799999237060547,684,COPPER
3.0920000076293945,3.1034998893737793,3.0850000381469727,3.0999999046325684,655,COPPER
3.132999897003174,3.1410000324249268,3.126499891281128,3.138000011444092,438,COPPER
3.135499954223633,3.1470000743865967,3.0950000286102295,3.130000114440918,567,COPPER
3.1105000972747803,3.135999917984009,3.1019999980926514,3.134500026702881,354,COPPER
3.1505000591278076,3.1530001163482666,3.1440000534057617,3.1489999294281006,271,COPPER
3.0824999809265137,3.115000009536743,3.0785000324249268,3.115000009536743,381,COPPER
3.0929999351501465,3.0985000133514404,3.0924999713897705,3.0924999713897705,260,COPPER
3.0799999237060547,3.0855000019073486,3.0769999027252197,3.077500104904175,222,COPPER
3.069499969482422,3.0789999961853027,3.063499927520752,3.0789999961853027,214,COPPER
3.1115000247955322,3.125999927520752,3.0859999656677246,3.0859999656677246,368,COPPER
3.059999942779541,3.1029999256134033,3.0450000762939453,3.1029999256134033,289,COPPER
3.0490000247955322,3.057499885559082,3.0334999561309814,3.05049991607666,338,COPPER
3.0434999465942383,3.05649995803833,3.0404999256134033,3.0450000762939453,331,COPPER
3.0625,3.064500093460083,3.0299999713897705,3.0299999713897705,233,COPPER
3.0905001163482666,3.0905001163482666,3.0510001182556152,3.0510001182556152,382,COPPER
3.125499963760376,3.125499963760376,3.0859999656677246,3.0859999656677246,424,COPPER
3.134500026702881,3.135999917984009,3.134500026702881,3.134500026702881,316,COPPER
3.1659998893737793,3.1735000610351562,3.125,3.125999927520752,193,COPPER
3.132499933242798,3.134000062942505,3.13100004196167,3.13100004196167,245,COPPER
3.070499897003174,3.1050000190734863,3.06850004196167,3.1050000190734863,73600,COPPER
3.0399999618530273,3.0834999084472656,3.0325000286102295,3.068000078201294,19125,COPPER
3.0369999408721924,3.063499927520752,3.0244998931884766,3.0369999408721924,2038,COPPER
3.065500020980835,3.0975000858306885,3.0445001125335693,3.0445001125335693,2053,COPPER
3.062999963760376,3.0840001106262207,3.059000015258789,3.068000078201294,886,COPPER
2.9205000400543213,3.065000057220459,2.9205000400543213,3.063999891281128,1747,COPPER
2.936500072479248,2.9614999294281006,2.928499937057495,2.928499937057495,768,COPPER
2.940500020980835,2.9679999351501465,2.928999900817871,2.9509999752044678,692,COPPER
2.9549999237060547,2.9665000438690186,2.938499927520752,2.938499927520752,691,COPPER
2.98799991607666,2.993000030517578,2.940000057220459,2.950500011444092,479,COPPER
2.999500036239624,3.000499963760376,2.9830000400543213,2.990000009536743,836,COPPER
3.0295000076293945,3.0350000858306885,2.993000030517578,2.993000030517578,535,COPPER
3.0485000610351562,3.052000045776367,3.0160000324249268,3.0329999923706055,1029,COPPER
3.109999895095825,3.114500045776367,3.0420000553131104,3.0420000553131104,560,COPPER
3.121999979019165,3.122999906539917,3.0899999141693115,3.0959999561309814,618,COPPER
3.127500057220459,3.129499912261963,3.0920000076293945,3.1110000610351562,711,COPPER
3.1714999675750732,3.177000045776367,3.119499921798706,3.119499921798706,600,COPPER
3.194499969482422,3.194499969482422,3.1630001068115234,3.1695001125335693,977,COPPER
3.2144999504089355,3.2184998989105225,3.184499979019165,3.188499927520752,946,COPPER
3.25600004196167,3.257999897003174,3.2209999561309814,3.2209999561309814,500,COPPER
3.256999969482422,3.256999969482422,3.256999969482422,3.256999969482422,1033,COPPER
3.2860000133514404,3.2955000400543213,3.249500036239624,3.249500036239624,814,COPPER
3.2795000076293945,3.2795000076293945,3.253000020980835,3.253000020980835,874,COPPER
3.25600004196167,3.2669999599456787,3.250499963760376,3.250999927520752,764,COPPER
3.236999988555908,3.243499994277954,3.2219998836517334,3.239000082015991,328,COPPER
3.242500066757202,3.263000011444092,3.2360000610351562,3.263000011444092,322,COPPER
3.2070000171661377,3.2109999656677246,3.2070000171661377,3.2090001106262207,575,COPPER
3.2009999752044678,3.2139999866485596,3.200000047683716,3.2054998874664307,695,COPPER
3.194499969482422,3.2235000133514404,3.193000078201294,3.2190001010894775,833,COPPER
3.2149999141693115,3.2265000343322754,3.2149999141693115,3.2265000343322754,380,COPPER
3.2135000228881836,3.2155001163482666,3.2100000381469727,3.2149999141693115,320,COPPER
3.200000047683716,3.200000047683716,3.200000047683716,3.200000047683716,321,COPPER
3.1989998817443848,3.246500015258789,3.1679999828338623,3.241499900817871,1024,COPPER
3.1665000915527344,3.1714999675750732,3.1600000858306885,3.1700000762939453,674,COPPER
3.177000045776367,3.180000066757202,3.177000045776367,3.180000066757202,417,COPPER
3.1670000553131104,3.1670000553131104,3.1670000553131104,3.1670000553131104,240,COPPER
3.177500009536743,3.188499927520752,3.174999952316284,3.188499927520752,231,COPPER
3.0894999504089355,3.1424999237060547,3.0894999504089355,3.1424999237060547,345,COPPER
3.2084999084472656,3.2135000228881836,3.1530001163482666,3.1530001163482666,323,COPPER
3.1989998817443848,3.2165000438690186,3.1989998817443848,3.2165000438690186,352,COPPER
3.182499885559082,3.182499885559082,3.174499988555908,3.174499988555908,709,COPPER
3.177000045776367,3.186500072479248,3.1500000953674316,3.1600000858306885,665,COPPER
3.184000015258789,3.2105000019073486,3.184000015258789,3.2105000019073486,803,COPPER
3.197000026702881,3.2074999809265137,3.177500009536743,3.180000066757202,893,COPPER
3.176500082015991,3.2054998874664307,3.1630001068115234,3.191999912261963,413,COPPER
3.2105000019073486,3.240000009536743,3.178999900817871,3.2165000438690186,450,COPPER
3.177500009536743,3.200500011444092,3.1510000228881836,3.180999994277954,492,COPPER
3.0764999389648438,3.130500078201294,3.0764999389648438,3.130500078201294,328,COPPER
3.072000026702881,3.0889999866485596,3.055999994277954,3.078000068664551,410,COPPER
3.0244998931884766,3.068000078201294,3.0209999084472656,3.066499948501587,469,COPPER
3.077500104904175,3.077500104904175,3.0450000762939453,3.0450000762939453,612,COPPER
3.1545000076293945,3.1545000076293945,3.0785000324249268,3.0785000324249268,353,COPPER
3.2284998893737793,3.2284998893737793,3.2274999618530273,3.2274999618530273,412,COPPER
3.239000082015991,3.239500045776367,3.2149999141693115,3.2195000648498535,409,COPPER
3.243000030517578,3.249500036239624,3.2339999675750732,3.249500036239624,404,COPPER
3.186000108718872,3.2335000038146973,3.180999994277954,3.2239999771118164,265,COPPER
3.2114999294281006,3.2114999294281006,3.179500102996826,3.179500102996826,300,COPPER
3.237499952316284,3.237499952316284,3.178499937057495,3.178499937057495,342,COPPER
3.2084999084472656,3.2084999084472656,3.198499917984009,3.1989998817443848,290,COPPER
3.196000099182129,3.2044999599456787,3.195499897003174,3.2035000324249268,52000,COPPER
3.1575000286102295,3.2095000743865967,3.133500099182129,3.1989998817443848,16684,COPPER
3.1075000762939453,3.1565001010894775,3.1019999980926514,3.1549999713897705,3318,COPPER
3.0994999408721924,3.121500015258789,3.0804998874664307,3.1045000553131104,1730,COPPER
3.1010000705718994,3.118499994277954,3.0875000953674316,3.1045000553131104,1058,COPPER
3.1054999828338623,3.114500045776367,3.073499917984009,3.114500045776367,1006,COPPER
3.13700008392334,3.1549999713897705,3.1045000553131104,3.1045000553131104,537,COPPER
3.114000082015991,3.122499942779541,3.0964999198913574,3.122499942779541,744,COPPER
3.058500051498413,3.0980000495910645,3.051500082015991,3.0980000495910645,647,COPPER
3.115999937057495,3.125499963760376,3.0409998893737793,3.058000087738037,750,COPPER
3.1040000915527344,3.125,3.0920000076293945,3.123500108718872,634,COPPER
3.11899995803833,3.121500015258789,3.0929999351501465,3.1005001068115234,1024,COPPER
3.140000104904175,3.1705000400543213,3.122999906539917,3.123500108718872,446,COPPER
3.1110000610351562,3.1445000171661377,3.0920000076293945,3.131500005722046,493,COPPER
3.0929999351501465,3.125999927520752,3.0759999752044678,3.122999906539917,484,COPPER
3.069499969482422,3.0899999141693115,3.055500030517578,3.0899999141693115,475,COPPER
3.0255000591278076,3.068000078201294,3.0225000381469727,3.061500072479248,718,COPPER
3.0485000610351562,3.06850004196167,3.009999990463257,3.0325000286102295,989,COPPER
3.01200008392334,3.0485000610351562,2.995500087738037,3.0485000610351562,372,COPPER
2.984499931335449,3.006500005722046,2.9735000133514404,3.0,348,COPPER
2.9605000019073486,2.9804999828338623,2.946000099182129,2.950000047683716,354,COPPER
2.991499900817871,2.991499900817871,2.9760000705718994,2.9760000705718994,482,COPPER
2.99399995803833,2.997999906539917,2.9644999504089355,2.9655001163482666,2128,COPPER
3.0190000534057617,3.0360000133514404,2.990000009536743,2.990000009536743,803,COPPER
3.0404999256134033,3.061000108718872,3.0325000286102295,3.0450000762939453,427,COPPER
3.058000087738037,3.061500072479248,3.0404999256134033,3.049499988555908,590,COPPER
3.006999969482422,3.057499885559082,2.9719998836517334,3.057499885559082,955,COPPER
3.069499969482422,3.071000099182129,3.0439999103546143,3.0510001182556152,236,COPPER
3.053999900817871,3.054500102996826,3.0350000858306885,3.0510001182556152,493,COPPER
3.071500062942505,3.072000026702881,3.060499906539917,3.061000108718872,318,COPPER
3.13100004196167,3.134500026702881,3.0880000591278076,3.0880000591278076,414,COPPER
3.111999988555908,3.117500066757202,3.1045000553131104,3.117500066757202,422,COPPER
3.059999942779541,3.059999942779541,3.0450000762939453,3.0480000972747803,456,COPPER
3.067500114440918,3.067500114440918,3.059999942779541,3.064500093460083,375,COPPER
3.0915000438690186,3.1045000553131104,3.06850004196167,3.06850004196167,375,COPPER
3.075000047683716,3.075000047683716,3.06850004196167,3.06850004196167,240,COPPER
3.1535000801086426,3.1640000343322754,3.1475000381469727,3.1605000495910645,446,COPPER
3.128000020980835,3.128000020980835,3.119999885559082,3.119999885559082,346,COPPER
3.131500005722046,3.140000104904175,3.1059999465942383,3.1059999465942383,278,COPPER
3.1080000400543213,3.1080000400543213,3.0850000381469727,3.0850000381469727,317,COPPER
3.1384999752044678,3.1470000743865967,3.132499933242798,3.1470000743865967,293,COPPER
3.131999969482422,3.131999969482422,3.127500057220459,3.130000114440918,427,COPPER
3.11299991607666,3.125499963760376,3.11299991607666,3.125499963760376,60770,COPPER
3.0460000038146973,3.119999885559082,3.0290000438690186,3.115999937057495,12508,COPPER
3.052500009536743,3.065500020980835,3.0329999923706055,3.051500082015991,2710,COPPER
3.015000104904175,3.052999973297119,2.998500108718872,3.0485000610351562,1485,COPPER
3.047499895095825,3.058500051498413,3.0280001163482666,3.0325000286102295,1039,COPPER
3.059000015258789,3.0940001010894775,3.0409998893737793,3.0445001125335693,526,COPPER
3.065500020980835,3.0804998874664307,3.0460000038146973,3.062999963760376,689,COPPER
3.059499979019165,3.0829999446868896,3.0450000762939453,3.055000066757202,583,COPPER
3.0404999256134033,3.069499969482422,2.997999906539917,3.058000087738037,785,COPPER
3.0394999980926514,3.0445001125335693,3.0329999923706055,3.0329999923706055,510,COPPER
3.0924999713897705,3.0940001010894775,3.0429999828338623,3.0429999828338623,761,COPPER
3.0950000286102295,3.1045000553131104,3.0915000438690186,3.0915000438690186,486,COPPER
3.0785000324249268,3.0859999656677246,3.070499897003174,3.075000047683716,702,COPPER
3.0425000190734863,3.078000068664551,3.0220000743865967,3.078000068664551,997,COPPER
3.058500051498413,3.060499906539917,3.0350000858306885,3.0350000858306885,687,COPPER
3.0769999027252197,3.0769999027252197,3.061000108718872,3.070499897003174,713,COPPER
3.0510001182556152,3.069000005722046,3.0450000762939453,3.049999952316284,392,COPPER
3.0855000019073486,3.0899999141693115,3.060499906539917,3.060499906539917,485,COPPER
3.11899995803833,3.132999897003174,3.0999999046325684,3.0999999046325684,513,COPPER
3.060499906539917,3.0899999141693115,3.0364999771118164,3.0899999141693115,751,COPPER
3.0855000019073486,3.0899999141693115,3.057499885559082,3.057499885559082,1018,COPPER
3.066999912261963,3.0945000648498535,3.065000057220459,3.0945000648498535,398,COPPER
3.052000045776367,3.0799999237060547,3.052000045776367,3.07450008392334,1401,COPPER
3.059499979019165,3.062000036239624,3.0,3.0439999103546143,1695,COPPER
3.058000087738037,3.065999984741211,3.046999931335449,3.063499927520752,836,COPPER
3.0915000438690186,3.0915000438690186,3.0490000247955322,3.05649995803833,921,COPPER
3.126499891281128,3.130000114440918,3.0964999198913574,3.1019999980926514,360,COPPER
3.190999984741211,3.2039999961853027,3.137500047683716,3.137500047683716,415,COPPER
3.254499912261963,3.258500099182129,3.198499917984009,3.198499917984009,578,COPPER
3.2679998874664307,3.296999931335449,3.251499891281128,3.2674999237060547,380,COPPER
3.2929999828338623,3.2934999465942383,3.246000051498413,3.246000051498413,415,COPPER
3.250499963760376,3.2815001010894775,3.244499921798706,3.2815001010894775,643,COPPER
3.242500066757202,3.242500066757202,3.240000009536743,3.240000009536743,368,COPPER
3.247999906539917,3.250999927520752,3.245500087738037,3.250999927520752,549,COPPER
3.2165000438690186,3.2249999046325684,3.2105000019073486,3.2244999408721924,404,COPPER
3.1410000324249268,3.2249999046325684,3.130000114440918,3.2244999408721924,489,COPPER
3.1034998893737793,3.135999917984009,3.0924999713897705,3.135999917984009,351,COPPER
3.0464999675750732,3.061000108718872,3.0434999465942383,3.0434999465942383,506,COPPER
3.0464999675750732,3.05049991607666,3.0439999103546143,3.0439999103546143,382,COPPER
3.0250000953674316,3.0434999465942383,3.0250000953674316,3.0434999465942383,300,COPPER
3.0325000286102295,3.0325000286102295,3.0295000076293945,3.0295000076293945,458,COPPER
2.992000102996826,3.0185000896453857,2.991499900817871,3.0185000896453857,560,COPPER
2.996999979019165,3.0,2.990499973297119,2.990499973297119,451,COPPER
2.989500045776367,2.995500087738037,2.9644999504089355,2.9644999504089355,55768,COPPER
2.9535000324249268,2.9809999465942383,2.930000066757202,2.9774999618530273,10593,COPPER
2.9509999752044678,2.9804999828338623,2.942500114440918,2.9509999752044678,4933,COPPER
2.93149995803833,2.9560000896453857,2.9084999561309814,2.9539999961853027,1741,COPPER
2.9059998989105225,2.941999912261963,2.8970000743865967,2.930500030517578,1330,COPPER
2.813999891281128,2.859499931335449,2.811000108718872,2.8585000038146973,1052,COPPER
2.812999963760376,2.819499969482422,2.7855000495910645,2.818000078201294,552,COPPER
2.8389999866485596,2.8589999675750732,2.8340001106262207,2.8494999408721924,875,COPPER
2.8285000324249268,2.8299999237060547,2.809999942779541,2.811000108718872,499,COPPER
2.7335000038146973,2.818000078201294,2.7144999504089355,2.818000078201294,535,COPPER
2.7679998874664307,2.7799999713897705,2.7219998836517334,2.7279999256134033,551,COPPER
2.7699999809265137,2.7764999866485596,2.753000020980835,2.7750000953674316,681,COPPER
2.756999969482422,2.7790000438690186,2.740000009536743,2.7734999656677246,1040,COPPER
2.739500045776367,2.7734999656677246,2.7365000247955322,2.759999990463257,651,COPPER
2.752000093460083,2.756500005722046,2.7100000381469727,2.746999979019165,663,COPPER
2.686000108718872,2.755500078201294,2.6695001125335693,2.755500078201294,885,COPPER
2.746000051498413,2.749500036239624,2.679500102996826,2.679500102996826,595,COPPER
2.736999988555908,2.749000072479248,2.7300000190734863,2.748500108718872,779,COPPER
2.799999952316284,2.799999952316284,2.7365000247955322,2.7365000247955322,371,COPPER
2.805999994277954,2.8434998989105225,2.7929999828338623,2.7929999828338623,684,COPPER
2.803999900817871,2.8420000076293945,2.7890000343322754,2.8420000076293945,626,COPPER
2.7874999046325684,2.7874999046325684,2.7874999046325684,2.7874999046325684,2207,COPPER
2.7790000438690186,2.7955000400543213,2.75,2.7929999828338623,1098,COPPER
2.819000005722046,2.822499990463257,2.7690000534057617,2.7820000648498535,762,COPPER
2.734999895095825,2.815000057220459,2.7200000286102295,2.815000057220459,801,COPPER
2.7269999980926514,2.734999895095825,2.7079999446868896,2.7300000190734863,616,COPPER
2.753499984741211,2.753499984741211,2.700000047683716,2.700000047683716,386,COPPER
2.7209999561309814,2.740000009536743,2.700500011444092,2.740000009536743,618,COPPER
2.740999937057495,2.740999937057495,2.740999937057495,2.740999937057495,526,COPPER
2.740499973297119,2.742000102996826,2.739000082015991,2.740000009536743,437,COPPER
2.755500078201294,2.7980000972747803,2.753999948501587,2.7980000972747803,445,COPPER
2.7325000762939453,2.752500057220459,2.7314999103546143,2.746500015258789,263,COPPER
2.7219998836517334,2.7335000038146973,2.7130000591278076,2.7130000591278076,337,COPPER
2.67549991607666,2.680999994277954,2.674499988555908,2.680999994277954,827,COPPER
2.556999921798706,2.6700000762939453,2.556999921798706,2.6700000762939453,936,COPPER
2.6135001182556152,2.624000072479248,2.5815000534057617,2.5815000534057617,290,COPPER
2.624500036239624,2.631500005722046,2.622999906539917,2.624500036239624,423,COPPER
2.6635000705718994,2.6635000705718994,2.6519999504089355,2.6579999923706055,688,COPPER
2.689500093460083,2.690999984741211,2.672499895095825,2.672499895095825,649,COPPER
2.6684999465942383,2.677000045776367,2.6644999980926514,2.67549991607666,572,COPPER
2.6524999141693115,2.6554999351501465,2.6410000324249268,2.6414999961853027,797,COPPER
2.6989998817443848,2.7084999084472656,2.6484999656677246,2.6484999656677246,260,COPPER
2.7049999237060547,2.7049999237060547,2.7049999237060547,2.7049999237060547,596,COPPER
2.7339999675750732,2.742500066757202,2.7214999198913574,2.740000009536743,420,COPPER
2.7090001106262207,2.7130000591278076,2.7035000324249268,2.7119998931884766,49669,COPPER
2.690500020980835,2.7125000953674316,2.6549999713897705,2.7079999446868896,20088,COPPER
2.6489999294281006,2.687000036239624,2.6419999599456787,2.67549991607666,3247,COPPER
2.5834999084472656,2.6424999237060547,2.564500093460083,2.635499954223633,1369,COPPER
2.5924999713897705,2.6019999980926514,2.5815000534057617,2.5845000743865967,789,COPPER
2.618499994277954,2.6470000743865967,2.6080000400543213,2.6080000400543213,840,COPPER
2.6034998893737793,2.63100004196167,2.5810000896453857,2.6019999980926514,910,COPPER
2.6105000972747803,2.615499973297119,2.5859999656677246,2.5980000495910645,943,COPPER
2.6040000915527344,2.634999990463257,2.565999984741211,2.6075000762939453,942,COPPER
2.6584999561309814,2.6670000553131104,2.5994999408721924,2.5994999408721924,614,COPPER
2.6644999980926514,2.696000099182129,2.6554999351501465,2.6624999046325684,848,COPPER
2.627500057220459,2.6659998893737793,2.5950000286102295,2.6659998893737793,793,COPPER
2.633500099182129,2.635999917984009,2.5980000495910645,2.5980000495910645,607,COPPER
2.7119998931884766,2.7200000286102295,2.5950000286102295,2.63100004196167,765,COPPER
2.7100000381469727,2.7230000495910645,2.7065000534057617,2.7225000858306885,420,COPPER
2.7209999561309814,2.75,2.7014999389648438,2.7084999084472656,545,COPPER
2.8364999294281006,2.8380000591278076,2.75,2.759999990463257,659,COPPER
2.815999984741211,2.8459999561309814,2.806999921798706,2.8350000381469727,526,COPPER
2.803499937057495,2.823499917984009,2.7720000743865967,2.7720000743865967,1014,COPPER
2.806999921798706,2.806999921798706,2.802500009536743,2.804500102996826,2012,COPPER
2.7644999027252197,2.80049991607666,2.751499891281128,2.7985000610351562,1923,COPPER
2.7869999408721924,2.7904999256134033,2.753000020980835,2.7695000171661377,668,COPPER
2.7739999294281006,2.7855000495910645,2.746000051498413,2.7829999923706055,904,COPPER
2.7950000762939453,2.8399999141693115,2.752500057220459,2.7725000381469727,627,COPPER
2.822499990463257,2.822499990463257,2.7880001068115234,2.7964999675750732,291,COPPER
2.765000104904175,2.8399999141693115,2.765000104904175,2.8355000019073486,532,COPPER
2.750999927520752,2.7715001106262207,2.745500087738037,2.7715001106262207,407,COPPER
2.755000114440918,2.755000114440918,2.7320001125335693,2.7360000610351562,514,COPPER
2.7950000762939453,2.803499937057495,2.742000102996826,2.7715001106262207,498,COPPER
2.7690000534057617,2.7985000610351562,2.734999895095825,2.7985000610351562,498,COPPER
2.796999931335449,2.796999931335449,2.7149999141693115,2.734999895095825,290,COPPER
2.7929999828338623,2.811000108718872,2.7929999828338623,2.809000015258789,193,COPPER
2.7804999351501465,2.8304998874664307,2.7804999351501465,2.8010001182556152,226,COPPER
2.7704999446868896,2.7804999351501465,2.7690000534057617,2.7730000019073486,221,COPPER
2.7669999599456787,2.7734999656677246,2.756999969482422,2.7730000019073486,468,COPPER
2.737499952316284,2.765500068664551,2.737499952316284,2.765500068664551,270,COPPER
2.7679998874664307,2.7709999084472656,2.739000082015991,2.739000082015991,519,COPPER
2.7739999294281006,2.812000036239624,2.7699999809265137,2.7699999809265137,700,COPPER
2.746999979019165,2.7690000534057617,2.7339999675750732,2.7690000534057617,351,COPPER
2.746500015258789,2.755500078201294,2.746500015258789,2.749500036239624,254,COPPER
2.748500108718872,2.7639999389648438,2.7200000286102295,2.7200000286102295,681,COPPER
2.74399995803833,2.749000072479248,2.7235000133514404,2.7284998893737793,388,COPPER
2.7385001182556152,2.7664999961853027,2.7385001182556152,2.762500047683716,971,COPPER
2.6630001068115234,2.7244999408721924,2.6630001068115234,2.7114999294281006,890,COPPER
2.6635000705718994,2.683500051498413,2.6530001163482666,2.6649999618530273,771,COPPER
2.7214999198913574,2.7260000705718994,2.6710000038146973,2.67549991607666,1105,COPPER
2.802999973297119,2.802999973297119,2.7200000286102295,2.7200000286102295,787,COPPER
2.755500078201294,2.7860000133514404,2.752500057220459,2.7860000133514404,499,COPPER
2.7304999828338623,2.760499954223633,2.7300000190734863,2.750499963760376,425,COPPER
2.752500057220459,2.752500057220459,2.740000009536743,2.746000051498413,671,COPPER
2.736999988555908,2.736999988555908,2.7060000896453857,2.7335000038146973,425,COPPER
2.686500072479248,2.7300000190734863,2.680500030517578,2.7300000190734863,325,COPPER
2.677999973297119,2.677999973297119,2.677999973297119,2.677999973297119,302,COPPER
2.687000036239624,2.7200000286102295,2.680000066757202,2.7200000286102295,701,COPPER
2.7095000743865967,2.7095000743865967,2.7095000743865967,2.7095000743865967,361,COPPER
2.749000072479248,2.750999927520752,2.744999885559082,2.744999885559082,277,COPPER
2.803999900817871,2.803999900817871,2.7929999828338623,2.803999900817871,300,COPPER
2.804500102996826,2.804500102996826,2.765500068664551,2.7799999713897705,681,COPPER
2.7664999961853027,2.81850004196167,2.7664999961853027,2.7904999256134033,434,COPPER
2.7945001125335693,2.7945001125335693,2.756500005722046,2.756500005722046,281,COPPER
2.7704999446868896,2.7704999446868896,2.7704999446868896,2.7704999446868896,300,COPPER
2.758500099182129,2.763000011444092,2.750999927520752,2.763000011444092,244,COPPER
2.7105000019073486,2.7330000400543213,2.7105000019073486,2.7255001068115234,267,COPPER
2.7960000038146973,2.7960000038146973,2.7360000610351562,2.7365000247955322,45923,COPPER
2.7780001163482666,2.7964999675750732,2.7685000896453857,2.7904999256134033,10656,COPPER
2.7774999141693115,2.7904999256134033,2.756999969482422,2.7780001163482666,1793,COPPER
2.799499988555908,2.8469998836517334,2.7790000438690186,2.799999952316284,1624,COPPER
2.748500108718872,2.810499906539917,2.740000009536743,2.7945001125335693,1083,COPPER
2.740499973297119,2.759000062942505,2.7049999237060547,2.759000062942505,1124,COPPER
2.757499933242798,2.76200008392334,2.745500087738037,2.760999917984009,773,COPPER
2.7184998989105225,2.746000051498413,2.7155001163482666,2.7365000247955322,529,COPPER
2.7660000324249268,2.7715001106262207,2.7260000705718994,2.7260000705718994,576,COPPER
2.7685000896453857,2.7685000896453857,2.753499984741211,2.7614998817443848,739,COPPER
2.762500047683716,2.7880001068115234,2.7614998817443848,2.7880001068115234,418,COPPER
2.760499954223633,2.760499954223633,2.7284998893737793,2.759999990463257,813,COPPER
2.753000020980835,2.753000020980835,2.7184998989105225,2.753000020980835,727,COPPER
2.6710000038146973,2.740000009536743,2.6600000858306885,2.740000009536743,1007,COPPER
2.7214999198913574,2.7214999198913574,2.679500102996826,2.686000108718872,466,COPPER
2.7019999027252197,2.7079999446868896,2.6689999103546143,2.6689999103546143,402,COPPER
2.678499937057495,2.696000099182129,2.6675000190734863,2.690500020980835,534,COPPER
2.6684999465942383,2.674999952316284,2.6684999465942383,2.674999952316284,374,COPPER
2.7084999084472656,2.7084999084472656,2.6500000953674316,2.6700000762939453,346,COPPER
2.6675000190734863,2.686000108718872,2.6675000190734863,2.685499906539917,599,COPPER
2.678999900817871,2.7139999866485596,2.6735000610351562,2.683000087738037,2189,COPPER
2.628000020980835,2.6730000972747803,2.627500057220459,2.6730000972747803,1533,COPPER
2.625,2.6659998893737793,2.5994999408721924,2.6659998893737793,725,COPPER
2.570499897003174,2.6010000705718994,2.549499988555908,2.5899999141693115,411,COPPER
2.6514999866485596,2.6514999866485596,2.6105000972747803,2.6105000972747803,257,COPPER
2.6410000324249268,2.6459999084472656,2.6410000324249268,2.6445000171661377,363,COPPER
2.6605000495910645,2.6605000495910645,2.637500047683716,2.6484999656677246,398,COPPER
2.6619999408721924,2.678499937057495,2.6565001010894775,2.6565001010894775,330,COPPER
2.6435000896453857,2.6545000076293945,2.638000011444092,2.6545000076293945,320,COPPER
2.6695001125335693,2.6695001125335693,2.6440000534057617,2.6519999504089355,290,COPPER
2.6454999446868896,2.6454999446868896,2.635499954223633,2.638000011444092,381,COPPER
2.6505000591278076,2.6700000762939453,2.6489999294281006,2.6600000858306885,370,COPPER
2.69350004196167,2.69350004196167,2.67549991607666,2.67549991607666,324,COPPER
2.700000047683716,2.7125000953674316,2.677999973297119,2.68149995803833,380,COPPER
2.740999937057495,2.740999937057495,2.7039999961853027,2.7039999961853027,289,COPPER
2.688999891281128,2.7125000953674316,2.686500072479248,2.7125000953674316,360,COPPER
2.694000005722046,2.694000005722046,2.691499948501587,2.691499948501587,393,COPPER
2.6735000610351562,2.682499885559082,2.6735000610351562,2.682499885559082,382,COPPER
2.73799991607666,2.73799991607666,2.6714999675750732,2.6714999675750732,372,COPPER
2.6875,2.7119998931884766,2.6875,2.7119998931884766,484,COPPER
2.7320001125335693,2.7320001125335693,2.7320001125335693,2.7320001125335693,299,COPPER
2.7730000019073486,2.7869999408721924,2.742500066757202,2.742500066757202,992,COPPER
2.7890000343322754,2.7980000972747803,2.7795000076293945,2.7795000076293945,613,COPPER
2.7750000953674316,2.7815001010894775,2.756999969482422,2.765000104904175,978,COPPER
2.7950000762939453,2.80049991607666,2.760499954223633,2.765500068664551,710,COPPER
2.816999912261963,2.822499990463257,2.802999973297119,2.804500102996826,684,COPPER
2.8355000019073486,2.8454999923706055,2.82450008392334,2.8454999923706055,757,COPPER
2.8285000324249268,2.8369998931884766,2.825000047683716,2.8304998874664307,779,COPPER
2.809999942779541,2.8324999809265137,2.805000066757202,2.8285000324249268,764,COPPER
2.7915000915527344,2.796999931335449,2.7850000858306885,2.7950000762939453,404,COPPER
2.7744998931884766,2.7864999771118164,2.759500026702881,2.7864999771118164,657,COPPER
2.7739999294281006,2.7780001163482666,2.7695000171661377,2.7734999656677246,420,COPPER
2.7760000228881836,2.7760000228881836,2.7660000324249268,2.7734999656677246,371,COPPER
2.802500009536743,2.819999933242798,2.7890000343322754,2.802000045776367,424,COPPER
2.881500005722046,2.881500005722046,2.8394999504089355,2.8424999713897705,347,COPPER
2.930000066757202,2.930000066757202,2.9040000438690186,2.9040000438690186,370,COPPER
2.9024999141693115,2.9140000343322754,2.9024999141693115,2.9140000343322754,603,COPPER
2.9609999656677246,2.9609999656677246,2.934999942779541,2.934999942779541,311,COPPER
2.950000047683716,2.9605000019073486,2.9489998817443848,2.9605000019073486,173,COPPER
2.944000005722046,2.9539999961853027,2.944000005722046,2.9539999961853027,54177,COPPER
2.9590001106262207,2.9714999198913574,2.927999973297119,2.944000005722046,12839,COPPER
2.950000047683716,2.9679999351501465,2.942500114440918,2.9679999351501465,2510,COPPER
2.933500051498413,2.9779999256134033,2.92549991607666,2.946500062942505,1431,COPPER
2.9110000133514404,2.947000026702881,2.9000000953674316,2.933500051498413,832,COPPER
2.936000108718872,2.950500011444092,2.9195001125335693,2.9195001125335693,970,COPPER
2.9184999465942383,2.94350004196167,2.9179999828338623,2.937999963760376,990,COPPER
2.9114999771118164,2.924999952316284,2.8965001106262207,2.924999952316284,692,COPPER
2.8940000534057617,2.9024999141693115,2.877000093460083,2.8959999084472656,875,COPPER
2.9000000953674316,2.9054999351501465,2.8940000534057617,2.8940000534057617,341,COPPER
2.927500009536743,2.9509999752044678,2.9110000133514404,2.9119999408721924,610,COPPER
2.933500051498413,2.934000015258789,2.922499895095825,2.922499895095825,570,COPPER
2.8884999752044678,2.929500102996826,2.880000114440918,2.929500102996826,698,COPPER
2.9035000801086426,2.9144999980926514,2.885499954223633,2.885499954223633,407,COPPER
2.9035000801086426,2.92549991607666,2.9024999141693115,2.9189999103546143,319,COPPER
2.9195001125335693,2.934499979019165,2.9089999198913574,2.9089999198913574,494,COPPER
2.9154999256134033,2.934000015258789,2.9049999713897705,2.9144999980926514,475,COPPER
2.9000000953674316,2.947499990463257,2.890000104904175,2.947499990463257,351,COPPER
2.8359999656677246,2.890000104904175,2.8350000381469727,2.890000104904175,289,COPPER
2.8494999408721924,2.8499999046325684,2.8334999084472656,2.8485000133514404,492,COPPER
2.8505001068115234,2.859999895095825,2.8505001068115234,2.8575000762939453,634,COPPER
2.8580000400543213,2.8580000400543213,2.8575000762939453,2.8575000762939453,490,COPPER
2.868499994277954,2.877500057220459,2.866499900817871,2.871000051498413,631,COPPER
2.936000108718872,2.936000108718872,2.8984999656677246,2.8984999656677246,386,COPPER
2.9205000400543213,2.950500011444092,2.9179999828338623,2.940000057220459,507,COPPER
2.9040000438690186,2.9260001182556152,2.9000000953674316,2.9260001182556152,299,COPPER
2.946500062942505,2.946500062942505,2.9179999828338623,2.927999973297119,390,COPPER
2.9084999561309814,2.930500030517578,2.9084999561309814,2.930500030517578,214,COPPER
2.8924999237060547,2.8924999237060547,2.8864998817443848,2.890000104904175,322,COPPER
2.929500102996826,2.931999921798706,2.9124999046325684,2.9124999046325684,226,COPPER
2.93149995803833,2.9539999961853027,2.930500030517578,2.9509999752044678,221,COPPER
2.922499895095825,2.922499895095825,2.9184999465942383,2.922499895095825,241,COPPER
2.885999917984009,2.9105000495910645,2.885999917984009,2.9105000495910645,255,COPPER
2.946000099182129,2.9514999389648438,2.938999891281128,2.947999954223633,519,COPPER
2.934000015258789,2.934000015258789,2.9170000553131104,2.9175000190734863,201,COPPER
2.930500030517578,2.937000036239624,2.930500030517578,2.937000036239624,237,COPPER
2.9755001068115234,2.989500045776367,2.9630000591278076,2.989500045776367,406,COPPER
2.927500009536743,2.936000108718872,2.927500009536743,2.935499906539917,228,COPPER
2.9065001010894775,2.9110000133514404,2.9065001010894775,2.9110000133514404,139,COPPER
2.8984999656677246,2.9059998989105225,2.884999990463257,2.8949999809265137,287,COPPER
2.9175000190734863,2.921999931335449,2.9059998989105225,2.9059998989105225,271,COPPER
2.877500057220459,2.9214999675750732,2.875,2.9214999675750732,338,COPPER
2.9700000286102295,2.9700000286102295,2.9700000286102295,2.9700000286102295,48877,COPPER
2.8949999809265137,2.9010000228881836,2.865499973297119,2.8884999752044678,21435,COPPER
2.9014999866485596,2.9189999103546143,2.877000093460083,2.8894999027252197,2500,COPPER
2.802999973297119,2.9059998989105225,2.7899999618530273,2.9035000801086426,1777,COPPER
2.7839999198913574,2.807499885559082,2.7780001163482666,2.802500009536743,871,COPPER
2.825000047683716,2.8355000019073486,2.7890000343322754,2.7904999256134033,1071,COPPER
2.8369998931884766,2.8545000553131104,2.754499912261963,2.802000045776367,538,COPPER
2.7939999103546143,2.8415000438690186,2.7869999408721924,2.8320000171661377,983,COPPER
2.7855000495910645,2.815000057220459,2.7720000743865967,2.7990000247955322,734,COPPER
2.7834999561309814,2.7839999198913574,2.746000051498413,2.7755000591278076,580,COPPER
2.7850000858306885,2.7929999828338623,2.7704999446868896,2.7909998893737793,722,COPPER
2.7295000553131104,2.7709999084472656,2.7184998989105225,2.7699999809265137,592,COPPER
2.734499931335449,2.743000030517578,2.7274999618530273,2.7295000553131104,544,COPPER
2.753499984741211,2.760499954223633,2.7304999828338623,2.7320001125335693,523,COPPER
2.758500099182129,2.7839999198913574,2.753999948501587,2.757999897003174,332,COPPER
2.747999906539917,2.750499963760376,2.740000009536743,2.759999990463257,279,COPPER
2.7360000610351562,2.742000102996826,2.7214999198913574,2.742000102996826,416,COPPER
2.7235000133514404,2.739000082015991,2.7160000801086426,2.736999988555908,396,COPPER
2.686000108718872,2.7100000381469727,2.677500009536743,2.7100000381469727,406,COPPER
2.686500072479248,2.690999984741211,2.6649999618530273,2.6649999618530273,351,COPPER
2.7065000534057617,2.7139999866485596,2.697000026702881,2.697000026702881,245,COPPER
2.7035000324249268,2.7195000648498535,2.7009999752044678,2.7195000648498535,606,COPPER
2.672499895095825,2.700500011444092,2.6700000762939453,2.700500011444092,443,COPPER
2.6605000495910645,2.674999952316284,2.6435000896453857,2.671999931335449,704,COPPER
2.6459999084472656,2.6565001010894775,2.6384999752044678,2.640000104904175,409,COPPER
2.6554999351501465,2.6605000495910645,2.630000114440918,2.634999990463257,537,COPPER
2.6735000610351562,2.674999952316284,2.6465001106262207,2.6610000133514404,310,COPPER
2.627000093460083,2.6570000648498535,2.625999927520752,2.6570000648498535,362,COPPER
2.6540000438690186,2.6540000438690186,2.630000114440918,2.6435000896453857,300,COPPER
2.630500078201294,2.6579999923706055,2.6064999103546143,2.6489999294281006,303,COPPER
2.6640000343322754,2.6654999256134033,2.6614999771118164,2.6614999771118164,447,COPPER
2.67549991607666,2.690000057220459,2.6689999103546143,2.690000057220459,297,COPPER
2.6589999198913574,2.6644999980926514,2.6575000286102295,2.6575000286102295,398,COPPER
2.6610000133514404,2.6610000133514404,2.6489999294281006,2.6489999294281006,267,COPPER
2.634500026702881,2.6410000324249268,2.634500026702881,2.640500068664551,372,COPPER
2.6510000228881836,2.6540000438690186,2.638000011444092,2.6429998874664307,278,COPPER
2.7070000171661377,2.7125000953674316,2.678999900817871,2.679500102996826,347,COPPER
2.684499979019165,2.691499948501587,2.678999900817871,2.691499948501587,548,COPPER
2.7155001163482666,2.7320001125335693,2.700000047683716,2.700000047683716,523,COPPER
2.7060000896453857,2.7095000743865967,2.7060000896453857,2.7060000896453857,548,COPPER
2.7054998874664307,2.7054998874664307,2.690999984741211,2.693000078201294,508,COPPER
2.7355000972747803,2.740999937057495,2.7274999618530273,2.7274999618530273,358,COPPER
2.7109999656677246,2.7290000915527344,2.7039999961853027,2.7284998893737793,42742,COPPER
2.7125000953674316,2.7225000858306885,2.694499969482422,2.7125000953674316,17283,COPPER
2.7054998874664307,2.7209999561309814,2.698499917984009,2.7184998989105225,3316,COPPER
2.679500102996826,2.746000051498413,2.6710000038146973,2.73799991607666,2143,COPPER
2.6575000286102295,2.682499885559082,2.6514999866485596,2.676500082015991,991,COPPER
2.679500102996826,2.682499885559082,2.6424999237060547,2.6610000133514404,759,COPPER
2.6584999561309814,2.68149995803833,2.6505000591278076,2.680999994277954,431,COPPER
2.6559998989105225,2.680500030517578,2.6545000076293945,2.6549999713897705,582,COPPER
2.624500036239624,2.6519999504089355,2.6135001182556152,2.6500000953674316,888,COPPER
2.693000078201294,2.697000026702881,2.629499912261963,2.63100004196167,416,COPPER
2.682499885559082,2.691999912261963,2.68149995803833,2.684999942779541,799,COPPER
2.691499948501587,2.7035000324249268,2.674499988555908,2.7035000324249268,728,COPPER
2.7074999809265137,2.7200000286102295,2.702500104904175,2.7165000438690186,351,COPPER
2.69350004196167,2.7274999618530273,2.69350004196167,2.7070000171661377,714,COPPER
2.7100000381469727,2.7100000381469727,2.682499885559082,2.69350004196167,536,COPPER
2.7039999961853027,2.7100000381469727,2.700000047683716,2.700000047683716,443,COPPER
2.744499921798706,2.7929999828338623,2.7300000190734863,2.7300000190734863,599,COPPER
2.7144999504089355,2.741499900817871,2.7144999504089355,2.734999895095825,639,COPPER
2.694000005722046,2.7174999713897705,2.684000015258789,2.7060000896453857,429,COPPER
2.7039999961853027,2.7070000171661377,2.694499969482422,2.698499917984009,330,COPPER
2.695499897003174,2.7244999408721924,2.695499897003174,2.697000026702881,367,COPPER
2.676500082015991,2.6875,2.676500082015991,2.684499979019165,507,COPPER
2.7095000743865967,2.7095000743865967,2.690999984741211,2.691999912261963,680,COPPER
2.6705000400543213,2.7195000648498535,2.6679999828338623,2.7144999504089355,1176,COPPER
2.6579999923706055,2.680000066757202,2.6535000801086426,2.680000066757202,1040,COPPER
2.6600000858306885,2.6605000495910645,2.615000009536743,2.6465001106262207,1362,COPPER
2.565000057220459,2.5920000076293945,2.562999963760376,2.5804998874664307,395,COPPER
2.5369999408721924,2.55049991607666,2.5369999408721924,2.5415000915527344,334,COPPER
2.5510001182556152,2.555500030517578,2.55049991607666,2.552000045776367,518,COPPER
2.565000057220459,2.5829999446868896,2.5434999465942383,2.559999942779541,371,COPPER
2.6019999980926514,2.6019999980926514,2.5880000591278076,2.5880000591278076,333,COPPER
2.5840001106262207,2.5969998836517334,2.5840001106262207,2.5969998836517334,447,COPPER
2.5799999237060547,2.5799999237060547,2.573499917984009,2.5799999237060547,236,COPPER
2.624500036239624,2.625,2.578000068664551,2.578000068664551,388,COPPER
2.5864999294281006,2.5899999141693115,2.5850000381469727,2.5864999294281006,495,COPPER
2.5894999504089355,2.5894999504089355,2.5820000171661377,2.5894999504089355,397,COPPER
2.5899999141693115,2.5999999046325684,2.5885000228881836,2.5885000228881836,368,COPPER
2.5969998836517334,2.615999937057495,2.5969998836517334,2.6070001125335693,338,COPPER
2.5739998817443848,2.5875000953674316,2.570499897003174,2.5875000953674316,402,COPPER
2.5815000534057617,2.5820000171661377,2.572000026702881,2.572000026702881,453,COPPER
2.553499937057495,2.575000047683716,2.553499937057495,2.575000047683716,394,COPPER
2.5260000228881836,2.569000005722046,2.5260000228881836,2.569000005722046,354,COPPER
2.5399999618530273,2.5399999618530273,2.5334999561309814,2.5399999618530273,426,COPPER
2.5434999465942383,2.552999973297119,2.5434999465942383,2.552999973297119,436,COPPER
2.5510001182556152,2.557499885559082,2.55049991607666,2.556999921798706,56567,COPPER
2.559499979019165,2.5815000534057617,2.5409998893737793,2.559000015258789,16954,COPPER
2.5329999923706055,2.562999963760376,2.5295000076293945,2.559999942779541,2202,COPPER
2.512500047683716,2.5364999771118164,2.4674999713897705,2.5344998836517334,2394,COPPER
2.5789999961853027,2.5789999961853027,2.5225000381469727,2.5230000019073486,1139,COPPER
2.624500036239624,2.630000114440918,2.5834999084472656,2.5989999771118164,890,COPPER
2.615499973297119,2.624500036239624,2.6019999980926514,2.614000082015991,782,COPPER
2.6105000972747803,2.6135001182556152,2.6019999980926514,2.6135001182556152,613,COPPER
2.6105000972747803,2.614000082015991,2.5915000438690186,2.6070001125335693,560,COPPER
2.5975000858306885,2.615000009536743,2.5880000591278076,2.6064999103546143,616,COPPER
2.623500108718872,2.6500000953674316,2.578000068664551,2.6010000705718994,912,COPPER
2.680999994277954,2.683500051498413,2.626499891281128,2.626499891281128,414,COPPER
2.621000051498413,2.6559998989105225,2.619999885559082,2.6524999141693115,494,COPPER
2.609499931335449,2.617000102996826,2.5959999561309814,2.615499973297119,545,COPPER
2.5954999923706055,2.6015000343322754,2.5799999237060547,2.5950000286102295,415,COPPER
2.5910000801086426,2.5980000495910645,2.5899999141693115,2.5899999141693115,418,COPPER
2.5899999141693115,2.6115000247955322,2.569499969482422,2.5929999351501465,464,COPPER
2.5945000648498535,2.5945000648498535,2.559999942779541,2.5759999752044678,583,COPPER
2.5894999504089355,2.6059999465942383,2.5855000019073486,2.6050000190734863,563,COPPER
2.5950000286102295,2.5954999923706055,2.575500011444092,2.5869998931884766,515,COPPER
2.559999942779541,2.5980000495910645,2.559999942779541,2.5980000495910645,925,COPPER
2.5829999446868896,2.5959999561309814,2.562000036239624,2.562000036239624,1424,COPPER
2.564500093460083,2.5959999561309814,2.559999942779541,2.5959999561309814,684,COPPER
2.552000045776367,2.555000066757202,2.508500099182129,2.549999952316284,897,COPPER
2.561500072479248,2.561500072479248,2.5425000190734863,2.55649995803833,422,COPPER
2.5455000400543213,2.569999933242798,2.5380001068115234,2.564500093460083,258,COPPER
2.555500030517578,2.555500030517578,2.5325000286102295,2.5325000286102295,356,COPPER
2.572000026702881,2.5840001106262207,2.562000036239624,2.562000036239624,575,COPPER
2.563499927520752,2.5739998817443848,2.559999942779541,2.5739998817443848,348,COPPER
2.562000036239624,2.5625,2.558500051498413,2.5625,258,COPPER
2.6050000190734863,2.612499952316284,2.5460000038146973,2.5460000038146973,389,COPPER
2.618499994277954,2.622499942779541,2.5999999046325684,2.6034998893737793,373,COPPER
2.623500108718872,2.623500108718872,2.5999999046325684,2.5999999046325684,322,COPPER
2.6040000915527344,2.621000051498413,2.6005001068115234,2.621000051498413,281,COPPER
2.5794999599456787,2.5794999599456787,2.5764999389648438,2.5764999389648438,396,COPPER
2.5869998931884766,2.6015000343322754,2.5785000324249268,2.5785000324249268,411,COPPER
2.625,2.626499891281128,2.5850000381469727,2.5859999656677246,355,COPPER
2.634999990463257,2.640500068664551,2.626499891281128,2.632999897003174,390,COPPER
2.621999979019165,2.631500005722046,2.620500087738037,2.631500005722046,359,COPPER
2.6624999046325684,2.6624999046325684,2.61899995803833,2.619999885559082,474,COPPER
2.6589999198913574,2.6670000553131104,2.6554999351501465,2.6670000553131104,450,COPPER
2.6665000915527344,2.677500009536743,2.6605000495910645,2.6605000495910645,315,COPPER
2.672499895095825,2.674999952316284,2.6714999675750732,2.672499895095825,491,COPPER
2.682499885559082,2.682499885559082,2.6710000038146973,2.6710000038146973,637,COPPER
2.680500030517578,2.686500072479248,2.674999952316284,2.684999942779541,780,COPPER
2.632999897003174,2.6614999771118164,2.625,2.6565001010894775,500,COPPER
2.6510000228881836,2.6559998989105225,2.630000114440918,2.635999917984009,875,COPPER
2.6670000553131104,2.6670000553131104,2.6614999771118164,2.6614999771118164,639,COPPER
2.694999933242798,2.7084999084472656,2.690999984741211,2.697499990463257,586,COPPER
2.6610000133514404,2.6700000762939453,2.6610000133514404,2.6700000762939453,354,COPPER
2.7239999771118164,2.7239999771118164,2.7184998989105225,2.7239999771118164,566,COPPER
2.677999973297119,2.697999954223633,2.677999973297119,2.697999954223633,247,COPPER
2.6600000858306885,2.674999952316284,2.6600000858306885,2.674999952316284,476,COPPER
2.6419999599456787,2.6519999504089355,2.6419999599456787,2.6500000953674316,361,COPPER
2.6364998817443848,2.6364998817443848,2.630000114440918,2.632499933242798,535,COPPER
2.618499994277954,2.621999979019165,2.617500066757202,2.621999979019165,398,COPPER
2.634999990463257,2.634999990463257,2.631999969482422,2.631999969482422,569,COPPER
2.617500066757202,2.63100004196167,2.616499900817871,2.63100004196167,554,COPPER
2.6535000801086426,2.6535000801086426,2.6424999237060547,2.6500000953674316,443,COPPER
2.6465001106262207,2.6500000953674316,2.6465001106262207,2.6470000743865967,406,COPPER
2.621000051498413,2.627500057220459,2.621000051498413,2.624500036239624,424,COPPER
2.6475000381469727,2.6489999294281006,2.6135001182556152,2.6135001182556152,341,COPPER
2.6475000381469727,2.6475000381469727,2.6475000381469727,2.6475000381469727,261,COPPER
2.674499988555908,2.674499988555908,2.6459999084472656,2.6459999084472656,54906,COPPER
2.674499988555908,2.690500020980835,2.6644999980926514,2.67549991607666,24176,COPPER
2.6419999599456787,2.680000066757202,2.634500026702881,2.678499937057495,2253,COPPER
2.632499933242798,2.6579999923706055,2.629499912261963,2.6424999237060547,907,COPPER
2.6080000400543213,2.635999917984009,2.6050000190734863,2.632499933242798,1856,COPPER
2.6440000534057617,2.6500000953674316,2.6105000972747803,2.615000009536743,655,COPPER
2.6484999656677246,2.6600000858306885,2.640500068664551,2.640500068664551,354,COPPER
2.7109999656677246,2.7365000247955322,2.6530001163482666,2.6665000915527344,718,COPPER
2.746500015258789,2.747999906539917,2.7130000591278076,2.7165000438690186,988,COPPER
2.755500078201294,2.756999969482422,2.746000051498413,2.75,667,COPPER
2.7825000286102295,2.7899999618530273,2.749000072479248,2.75,791,COPPER
2.7894999980926514,2.807499885559082,2.760499954223633,2.7839999198913574,396,COPPER
2.7804999351501465,2.819999933242798,2.76200008392334,2.815000057220459,711,COPPER
2.820499897003174,2.820499897003174,2.7964999675750732,2.7964999675750732,905,COPPER
2.819499969482422,2.822499990463257,2.812000036239624,2.814500093460083,524,COPPER
2.816999912261963,2.819000005722046,2.796999931335449,2.803999900817871,472,COPPER
2.8315000534057617,2.8315000534057617,2.815999984741211,2.819999933242798,446,COPPER
2.811000108718872,2.8315000534057617,2.802999973297119,2.8315000534057617,643,COPPER
2.816999912261963,2.823499917984009,2.805000066757202,2.805000066757202,793,COPPER
2.8385000228881836,2.8399999141693115,2.818000078201294,2.819999933242798,426,COPPER
2.864500045776367,2.867000102996826,2.8545000553131104,2.8545000553131104,451,COPPER
2.8364999294281006,2.8550000190734863,2.819999933242798,2.8550000190734863,638,COPPER
2.827500104904175,2.8334999084472656,2.814500093460083,2.8310000896453857,1476,COPPER
2.7939999103546143,2.803999900817871,2.7939999103546143,2.803999900817871,420,COPPER
2.8329999446868896,2.8329999446868896,2.7945001125335693,2.816499948501587,1182,COPPER
2.7985000610351562,2.7985000610351562,2.7894999980926514,2.7934999465942383,321,COPPER
2.80049991607666,2.80049991607666,2.7780001163482666,2.7780001163482666,333,COPPER
2.803999900817871,2.806999921798706,2.8010001182556152,2.8010001182556152,261,COPPER
2.819000005722046,2.819000005722046,2.7804999351501465,2.7869999408721924,394,COPPER
2.810499906539917,2.825500011444092,2.8010001182556152,2.825500011444092,208,COPPER
2.81850004196167,2.8259999752044678,2.801500082015991,2.809999942779541,364,COPPER
2.8615000247955322,2.861999988555908,2.8554999828338623,2.861999988555908,247,COPPER
2.875999927520752,2.875999927520752,2.8575000762939453,2.8575000762939453,292,COPPER
2.869999885559082,2.869999885559082,2.8485000133514404,2.8610000610351562,288,COPPER
2.8519999980926514,2.8554999828338623,2.8459999561309814,2.8545000553131104,237,COPPER
2.8494999408721924,2.8575000762939453,2.8494999408721924,2.8570001125335693,298,COPPER
2.7985000610351562,2.813499927520752,2.7985000610351562,2.809000015258789,401,COPPER
2.7669999599456787,2.802999973297119,2.7669999599456787,2.80049991607666,309,COPPER
2.7260000705718994,2.757999897003174,2.7184998989105225,2.757999897003174,291,COPPER
2.685499906539917,2.7230000495910645,2.678999900817871,2.7230000495910645,359,COPPER
2.5964999198913574,2.5964999198913574,2.5964999198913574,2.5964999198913574,462,COPPER
2.5794999599456787,2.5915000438690186,2.5794999599456787,2.5840001106262207,381,COPPER
2.553499937057495,2.5859999656677246,2.553499937057495,2.5859999656677246,727,COPPER
2.5234999656677246,2.564500093460083,2.5234999656677246,2.563999891281128,830,COPPER
2.5199999809265137,2.5299999713897705,2.509000062942505,2.5280001163482666,511,COPPER
2.513000011444092,2.5230000019073486,2.508500099182129,2.5230000019073486,860,COPPER
2.547499895095825,2.565500020980835,2.5409998893737793,2.552000045776367,265,COPPER
2.5789999961853027,2.5894999504089355,2.563499927520752,2.563499927520752,240,COPPER
2.5985000133514404,2.6040000915527344,2.5899999141693115,2.5899999141693115,306,COPPER
2.559000015258789,2.562999963760376,2.555000066757202,2.561000108718872,236,COPPER
2.557499885559082,2.566499948501587,2.5510001182556152,2.5510001182556152,386,COPPER
2.5885000228881836,2.5885000228881836,2.5875000953674316,2.5875000953674316,212,COPPER
2.6059999465942383,2.6075000762939453,2.6045000553131104,2.6070001125335693,242,COPPER
2.619499921798706,2.619999885559082,2.619499921798706,2.619999885559082,234,COPPER
2.6054999828338623,2.6105000972747803,2.6054999828338623,2.6089999675750732,216,COPPER
2.609999895095825,2.630000114440918,2.6075000762939453,2.629499912261963,408,COPPER
2.612499952316284,2.6135001182556152,2.5980000495910645,2.6135001182556152,235,COPPER
2.5950000286102295,2.5950000286102295,2.5945000648498535,2.5945000648498535,386,COPPER
2.618000030517578,2.618000030517578,2.5994999408721924,2.5994999408721924,506,COPPER
2.5924999713897705,2.6050000190734863,2.5834999084472656,2.6050000190734863,379,COPPER
2.5964999198913574,2.5964999198913574,2.5945000648498535,2.5945000648498535,414,COPPER
2.5764999389648438,2.5824999809265137,2.5764999389648438,2.5820000171661377,65062,COPPER
2.571500062942505,2.5810000896453857,2.5220000743865967,2.565500020980835,14714,COPPER
2.5460000038146973,2.566999912261963,2.5139999389648438,2.557499885559082,2580,COPPER
2.6010000705718994,2.618499994277954,2.5144999027252197,2.5360000133514404,1295,COPPER
2.5794999599456787,2.630000114440918,2.561500072479248,2.619999885559082,1145,COPPER
2.5929999351501465,2.6019999980926514,2.5769999027252197,2.5850000381469727,489,COPPER
2.5824999809265137,2.5934998989105225,2.572999954223633,2.5880000591278076,491,COPPER
2.572999954223633,2.5789999961853027,2.5464999675750732,2.5789999961853027,638,COPPER
2.5239999294281006,2.5420000553131104,2.4795000553131104,2.5420000553131104,816,COPPER
2.5339999198913574,2.562999963760376,2.498500108718872,2.498500108718872,685,COPPER
2.51200008392334,2.549999952316284,2.48799991607666,2.549999952316284,654,COPPER
2.4809999465942383,2.490999937057495,2.438999891281128,2.490999937057495,985,COPPER
2.4739999771118164,2.5344998836517334,2.430000066757202,2.4549999237060547,803,COPPER
2.3984999656677246,2.4600000381469727,2.364000082015991,2.4549999237060547,516,COPPER
2.315500020980835,2.4170000553131104,2.309000015258789,2.4170000553131104,582,COPPER
2.1605000495910645,2.322499990463257,2.121999979019165,2.315999984741211,480,COPPER
2.200000047683716,2.200000047683716,2.059499979019165,2.1614999771118164,470,COPPER
2.190500020980835,2.240999937057495,2.119999885559082,2.1619999408721924,406,COPPER
2.119499921798706,2.125499963760376,2.1050000190734863,2.1135001182556152,375,COPPER
2.197499990463257,2.2314999103546143,2.1510000228881836,2.1510000228881836,448,COPPER
2.2339999675750732,2.2339999675750732,2.174499988555908,2.2084999084472656,719,COPPER
2.2079999446868896,2.2179999351501465,2.190000057220459,2.190000057220459,484,COPPER
2.197000026702881,2.197000026702881,2.190000057220459,2.190000057220459,906,COPPER
2.1619999408721924,2.171999931335449,2.1584999561309814,2.1624999046325684,352,COPPER
2.240000009536743,2.25,2.1760001182556152,2.177500009536743,514,COPPER
2.191999912261963,2.2200000286102295,2.178499937057495,2.2200000286102295,432,COPPER
2.2330000400543213,2.2339999675750732,2.190000057220459,2.190000057220459,377,COPPER
2.2100000381469727,2.2230000495910645,2.2049999237060547,2.2225000858306885,375,COPPER
2.234999895095825,2.239000082015991,2.2130000591278076,2.2130000591278076,296,COPPER
2.2885000705718994,2.325000047683716,2.2885000705718994,2.2899999618530273,422,COPPER
2.2780001163482666,2.2780001163482666,2.2704999446868896,2.2704999446868896,340,COPPER
2.2774999141693115,2.2834999561309814,2.2699999809265137,2.2834999561309814,429,COPPER
2.320499897003174,2.3570001125335693,2.320499897003174,2.3364999294281006,350,COPPER
2.3469998836517334,2.3519999980926514,2.3259999752044678,2.3345000743865967,437,COPPER
2.3125,2.314500093460083,2.297499895095825,2.309999942779541,425,COPPER
2.304500102996826,2.325000047683716,2.304500102996826,2.325000047683716,240,COPPER
2.3534998893737793,2.3589999675750732,2.3469998836517334,2.3475000858306885,302,COPPER
2.3345000743865967,2.3480000495910645,2.325500011444092,2.3480000495910645,414,COPPER
2.2669999599456787,2.314500093460083,2.2144999504089355,2.314500093460083,328,COPPER
2.317500114440918,2.317500114440918,2.2874999046325684,2.2874999046325684,312,COPPER
2.3239998817443848,2.3239998817443848,2.312999963760376,2.321000099182129,341,COPPER
2.3480000495910645,2.3480000495910645,2.3239998817443848,2.325000047683716,589,COPPER
2.381999969482422,2.381999969482422,2.3264999389648438,2.3429999351501465,731,COPPER
2.378999948501587,2.378999948501587,2.378999948501587,2.378999948501587,26351,COPPER
2.374500036239624,2.3954999446868896,2.3340001106262207,2.3440001010894775,3211,COPPER
2.3540000915527344,2.4079999923706055,2.3445000648498535,2.3864998817443848,1086,COPPER
2.31850004196167,2.3469998836517334,2.297499895095825,2.3469998836517334,702,COPPER
2.3239998817443848,2.3269999027252197,2.2894999980926514,2.30649995803833,602,COPPER
2.3410000801086426,2.3415000438690186,2.318000078201294,2.3369998931884766,412,COPPER
2.3524999618530273,2.371000051498413,2.3350000381469727,2.3399999141693115,689,COPPER
2.385499954223633,2.390500068664551,2.3405001163482666,2.3405001163482666,544,COPPER
2.4084999561309814,2.422499895095825,2.3989999294281006,2.4024999141693115,625,COPPER
2.381999969482422,2.427500009536743,2.372999906539917,2.4089999198913574,405,COPPER
2.3605000972747803,2.384500026702881,2.3350000381469727,2.380000114440918,464,COPPER
2.3489999771118164,2.374000072479248,2.3489999771118164,2.3494999408721924,355,COPPER
2.3510000705718994,2.3570001125335693,2.3239998817443848,2.3570001125335693,340,COPPER
2.3334999084472656,2.3559999465942383,2.3320000171661377,2.3559999465942383,311,COPPER
2.4049999713897705,2.4260001182556152,2.365000009536743,2.365499973297119,449,COPPER
2.4230000972747803,2.431999921798706,2.4105000495910645,2.431999921798706,531,COPPER
2.4674999713897705,2.4700000286102295,2.4100000858306885,2.4100000858306885,435,COPPER
2.4519999027252197,2.4679999351501465,2.446500062942505,2.4679999351501465,432,COPPER
2.4089999198913574,2.4130001068115234,2.390000104904175,2.3924999237060547,383,COPPER
2.438499927520752,2.4565000534057617,2.4024999141693115,2.4024999141693115,450,COPPER
2.4024999141693115,2.4205000400543213,2.375499963760376,2.4205000400543213,349,COPPER
2.4130001068115234,2.4210000038146973,2.384999990463257,2.384999990463257,628,COPPER
2.426500082015991,2.447000026702881,2.4070000648498535,2.4070000648498535,260,COPPER
2.4744999408721924,2.4784998893737793,2.43149995803833,2.43149995803833,598,COPPER
2.494499921798706,2.499000072479248,2.4709999561309814,2.4790000915527344,326,COPPER
2.496500015258789,2.496500015258789,2.492500066757202,2.496500015258789,179,COPPER
2.493000030517578,2.495500087738037,2.492500066757202,2.495500087738037,379,COPPER
2.556999921798706,2.556999921798706,2.5510001182556152,2.5510001182556152,416,COPPER
2.569999933242798,2.569999933242798,2.5385000705718994,2.5450000762939453,247,COPPER
2.6005001068115234,2.6010000705718994,2.5905001163482666,2.5924999713897705,508,COPPER
2.6570000648498535,2.6610000133514404,2.6530001163482666,2.6575000286102295,351,COPPER
2.5864999294281006,2.67549991607666,2.5864999294281006,2.674499988555908,352,COPPER
2.6015000343322754,2.6034998893737793,2.5980000495910645,2.5980000495910645,479,COPPER
2.56850004196167,2.56850004196167,2.5510001182556152,2.566999912261963,334,COPPER
2.565999984741211,2.5985000133514404,2.558500051498413,2.5889999866485596,345,COPPER
2.5920000076293945,2.5920000076293945,2.569999933242798,2.569999933242798,307,COPPER
2.5910000801086426,2.611999988555908,2.5910000801086426,2.611999988555908,299,COPPER
2.615000009536743,2.6429998874664307,2.6105000972747803,2.6429998874664307,217,COPPER
2.6554999351501465,2.6554999351501465,2.6494998931884766,2.6494998931884766,410,COPPER
2.6600000858306885,2.6600000858306885,2.6500000953674316,2.6500000953674316,288,COPPER
2.6505000591278076,2.6505000591278076,2.6505000591278076,2.6505000591278076,791,COPPER
2.6624999046325684,2.6624999046325684,2.638000011444092,2.638000011444092,283,COPPER
2.671999931335449,2.671999931335449,2.6610000133514404,2.6610000133514404,32639,COPPER
2.679500102996826,2.6875,2.6505000591278076,2.6505000591278076,8912,COPPER
2.7135000228881836,2.7209999561309814,2.684000015258789,2.690000057220459,1702,COPPER
2.7170000076293945,2.737499952316284,2.697499990463257,2.7160000801086426,1482,COPPER
2.7335000038146973,2.744499921798706,2.7149999141693115,2.740999937057495,673,COPPER
2.7660000324249268,2.7674999237060547,2.7174999713897705,2.7179999351501465,713,COPPER
2.7874999046325684,2.7874999046325684,2.73799991607666,2.7809998989105225,514,COPPER
2.814500093460083,2.814500093460083,2.7815001010894775,2.7844998836517334,773,COPPER
2.828000068664551,2.859999895095825,2.814500093460083,2.815500020980835,378,COPPER
2.88700008392334,2.8994998931884766,2.8304998874664307,2.8359999656677246,403,COPPER
2.941999912261963,2.9814999103546143,2.880500078201294,2.9040000438690186,543,COPPER
2.9159998893737793,2.9210000038146973,2.8945000171661377,2.8989999294281006,1115,COPPER
2.870500087738037,2.930000066757202,2.859999895095825,2.927999973297119,1158,COPPER
2.885999917984009,2.888000011444092,2.8515000343322754,2.8515000343322754,513,COPPER
2.887500047683716,2.8935000896453857,2.869999885559082,2.8889999389648438,482,COPPER
2.8984999656677246,2.9140000343322754,2.881500005722046,2.888000011444092,596,COPPER
2.940999984741211,2.9539999961853027,2.9154999256134033,2.9189999103546143,493,COPPER
2.9084999561309814,2.9514999389648438,2.881500005722046,2.9514999389648438,534,COPPER
2.924499988555908,2.924499988555908,2.8910000324249268,2.8910000324249268,598,COPPER
2.881999969482422,2.9065001010894775,2.8585000038146973,2.8970000743865967,749,COPPER
2.888000011444092,2.9000000953674316,2.878999948501587,2.884500026702881,450,COPPER
2.9049999713897705,2.9159998893737793,2.871000051498413,2.9154999256134033,484,COPPER
2.9054999351501465,2.9070000648498535,2.882499933242798,2.9065001010894775,402,COPPER
2.9045000076293945,2.9230000972747803,2.874000072479248,2.9230000972747803,874,COPPER
2.8589999675750732,2.9149999618530273,2.8454999923706055,2.9149999618530273,631,COPPER
2.9079999923706055,2.9119999408721924,2.8350000381469727,2.8534998893737793,526,COPPER
2.8894999027252197,2.9094998836517334,2.879499912261963,2.9075000286102295,423,COPPER
2.9114999771118164,2.930000066757202,2.8919999599456787,2.8945000171661377,742,COPPER
2.9054999351501465,2.9075000286102295,2.8924999237060547,2.8949999809265137,439,COPPER
2.7904999256134033,2.874000072479248,2.7890000343322754,2.874000072479248,723,COPPER
2.8585000038146973,2.869499921798706,2.822999954223633,2.822999954223633,380,COPPER
2.871999979019165,2.873500108718872,2.8415000438690186,2.8615000247955322,332,COPPER
2.88700008392334,2.8910000324249268,2.878000020980835,2.8910000324249268,365,COPPER
2.803999900817871,2.878999948501587,2.7960000038146973,2.878000020980835,460,COPPER
2.8559999465942383,2.8559999465942383,2.8510000705718994,2.8554999828338623,255,COPPER
2.8980000019073486,2.9100000858306885,2.8445000648498535,2.8445000648498535,346,COPPER
2.9709999561309814,2.9714999198913574,2.953000068664551,2.953000068664551,318,COPPER
3.0190000534057617,3.0190000534057617,2.9855000972747803,3.0160000324249268,518,COPPER
2.9700000286102295,2.9700000286102295,2.9579999446868896,2.9579999446868896,464,COPPER
2.9135000705718994,2.924999952316284,2.9135000705718994,2.9135000705718994,304,COPPER
2.922499895095825,2.940000057220459,2.9165000915527344,2.940000057220459,377,COPPER
2.930999994277954,2.930999994277954,2.9170000553131104,2.9195001125335693,347,COPPER
2.9595000743865967,2.9655001163482666,2.944999933242798,2.944999933242798,315,COPPER
2.9649999141693115,2.9649999141693115,2.9649999141693115,2.9649999141693115,45428,COPPER
2.994999885559082,3.0169999599456787,2.9739999771118164,2.9760000705718994,13122,COPPER
3.0409998893737793,3.0439999103546143,3.01200008392334,3.0134999752044678,1599,COPPER
3.009500026702881,3.060499906539917,2.997999906539917,3.0325000286102295,1204,COPPER
3.003000020980835,3.0179998874664307,2.9835000038146973,3.005000114440918,980,COPPER
2.9579999446868896,3.0160000324249268,2.941499948501587,3.007999897003174,1051,COPPER
3.0464999675750732,3.062000036239624,2.947000026702881,2.9595000743865967,961,COPPER
3.012500047683716,3.071000099182129,2.99399995803833,3.052000045776367,939,COPPER
3.0399999618530273,3.047499895095825,2.990999937057495,2.993499994277954,775,COPPER
2.986999988555908,3.0409998893737793,2.9509999752044678,3.0374999046325684,676,COPPER
3.0339999198913574,3.0434999465942383,2.9709999561309814,2.9709999561309814,412,COPPER
3.066499948501587,3.069999933242798,3.0299999713897705,3.0490000247955322,381,COPPER
3.062999963760376,3.0824999809265137,3.05049991607666,3.0815000534057617,376,COPPER
3.058000087738037,3.065500020980835,3.0460000038146973,3.0460000038146973,385,COPPER
3.066499948501587,3.0759999752044678,3.0199999809265137,3.059499979019165,383,COPPER
3.1135001182556152,3.1135001182556152,3.065999984741211,3.0799999237060547,275,COPPER
3.0295000076293945,3.0985000133514404,3.0220000743865967,3.0985000133514404,390,COPPER
3.059000015258789,3.0799999237060547,3.0485000610351562,3.060499906539917,614,COPPER
2.993499994277954,3.049999952316284,2.9574999809265137,3.049999952316284,510,COPPER
2.9690001010894775,2.9719998836517334,2.929500102996826,2.9704999923706055,351,COPPER
2.9730000495910645,2.990999937057495,2.952500104904175,2.9830000400543213,476,COPPER
2.989500045776367,2.989500045776367,2.9704999923706055,2.9839999675750732,483,COPPER
2.9835000038146973,2.996000051498413,2.9579999446868896,2.996000051498413,932,COPPER
3.0285000801086426,3.0304999351501465,2.9749999046325684,2.9825000762939453,510,COPPER
2.8635001182556152,3.0325000286102295,2.861999988555908,3.0325000286102295,776,COPPER
2.9784998893737793,2.9814999103546143,2.8429999351501465,2.8429999351501465,355,COPPER
2.9649999141693115,2.9690001010894775,2.940500020980835,2.9690001010894775,317,COPPER
2.9655001163482666,2.9655001163482666,2.9560000896453857,2.9595000743865967,320,COPPER
3.0344998836517334,3.046999931335449,3.009000062942505,3.009000062942505,292,COPPER
3.0420000553131104,3.0450000762939453,3.0160000324249268,3.0160000324249268,390,COPPER
3.0794999599456787,3.0920000076293945,3.069499969482422,3.0920000076293945,287,COPPER
3.061000108718872,3.069999933242798,3.058500051498413,3.069999933242798,262,COPPER
3.0425000190734863,3.0455000400543213,3.0364999771118164,3.0455000400543213,215,COPPER
3.047499895095825,3.049999952316284,3.047499895095825,3.049999952316284,326,COPPER
3.0829999446868896,3.0880000591278076,3.0485000610351562,3.052000045776367,269,COPPER
3.065000057220459,3.065000057220459,3.063499927520752,3.065000057220459,282,COPPER
3.0810000896453857,3.0975000858306885,3.0810000896453857,3.0975000858306885,244,COPPER
3.1435000896453857,3.1435000896453857,3.1389999389648438,3.140000104904175,251,COPPER
3.194499969482422,3.195499897003174,3.188499927520752,3.195499897003174,264,COPPER
3.1500000953674316,3.1665000915527344,3.1484999656677246,3.1665000915527344,270,COPPER
3.125499963760376,3.1484999656677246,3.125499963760376,3.1484999656677246,330,COPPER
3.0885000228881836,3.1089999675750732,3.0885000228881836,3.1085000038146973,377,COPPER
3.0899999141693115,3.0899999141693115,3.0880000591278076,3.0880000591278076,164,COPPER
3.056999921798706,3.062999963760376,3.0394999980926514,3.0420000553131104,1184,COPPER
3.052000045776367,3.0810000896453857,3.0425000190734863,3.067500114440918,946,COPPER
3.0434999465942383,3.052500009536743,3.0355000495910645,3.0429999828338623,690,COPPER
3.073499917984009,3.0899999141693115,3.061000108718872,3.063499927520752,459,COPPER
3.0869998931884766,3.117500066757202,3.0869998931884766,3.0945000648498535,722,COPPER
3.1010000705718994,3.1080000400543213,3.0885000228881836,3.0889999866485596,392,COPPER
3.1045000553131104,3.122999906539917,3.0980000495910645,3.0980000495910645,284,COPPER
3.1489999294281006,3.1565001010894775,3.1424999237060547,3.1465001106262207,313,COPPER
3.1514999866485596,3.184999942779541,3.1454999446868896,3.184000015258789,378,COPPER
3.1505000591278076,3.1505000591278076,3.13700008392334,3.13700008392334,403,COPPER
3.128999948501587,3.128999948501587,3.1075000762939453,3.1075000762939453,359,COPPER
3.1429998874664307,3.1519999504089355,3.1429998874664307,3.1519999504089355,663,COPPER
3.17549991607666,3.17549991607666,3.127500057220459,3.127500057220459,315,COPPER
3.2200000286102295,3.240000009536743,3.2155001163482666,3.239500045776367,302,COPPER
3.196500062942505,3.2125000953674316,3.196500062942505,3.196500062942505,288,COPPER
3.197999954223633,3.197999954223633,3.197999954223633,3.197999954223633,572,COPPER
3.2035000324249268,3.2130000591278076,3.19950008392334,3.19950008392334,482,COPPER
3.2934999465942383,3.2934999465942383,3.2639999389648438,3.2639999389648438,429,COPPER
3.259500026702881,3.2790000438690186,3.259500026702881,3.2785000801086426,408,COPPER
3.299999952316284,3.306999921798706,3.2934999465942383,3.306999921798706,424,COPPER
3.312000036239624,3.312000036239624,3.2925000190734863,3.2939999103546143,47410,COPPER
3.3994998931884766,3.4065001010894775,3.309000015258789,3.316499948501587,18760,COPPER
3.4205000400543213,3.484499931335449,3.4049999713897705,3.4049999713897705,2921,COPPER
3.4679999351501465,3.500999927520752,3.431999921798706,3.44350004196167,1465,COPPER
3.4749999046325684,3.49399995803833,3.430000066757202,3.490000009536743,1735,COPPER
3.4790000915527344,3.505500078201294,3.4579999446868896,3.4800000190734863,865,COPPER
3.5139999389648438,3.5239999294281006,3.4725000858306885,3.4725000858306885,731,COPPER
3.508500099182129,3.508500099182129,3.4700000286102295,3.49399995803833,904,COPPER
3.49399995803833,3.500499963760376,3.4609999656677246,3.500499963760376,663,COPPER
3.507999897003174,3.5209999084472656,3.4835000038146973,3.499000072479248,590,COPPER
3.570499897003174,3.5845000743865967,3.447000026702881,3.4739999771118164,611,COPPER
3.5239999294281006,3.6085000038146973,3.496000051498413,3.575500011444092,552,COPPER
3.5220000743865967,3.5420000553131104,3.504499912261963,3.5420000553131104,565,COPPER
3.5380001068115234,3.5425000190734863,3.500999927520752,3.500999927520752,409,COPPER
3.553999900817871,3.563999891281128,3.5360000133514404,3.5385000705718994,542,COPPER
3.5969998836517334,3.6050000190734863,3.5759999752044678,3.5759999752044678,497,COPPER
3.628499984741211,3.634000062942505,3.5999999046325684,3.6050000190734863,345,COPPER
3.572999954223633,3.5969998836517334,3.555500030517578,3.5969998836517334,796,COPPER
3.5179998874664307,3.5759999752044678,3.509999990463257,3.5759999752044678,638,COPPER
3.552000045776367,3.552000045776367,3.4800000190734863,3.5190000534057617,1462,COPPER
3.559999942779541,3.559999942779541,3.5374999046325684,3.5490000247955322,330,COPPER
3.569999933242798,3.5894999504089355,3.569999933242798,3.5804998874664307,446,COPPER
3.552999973297119,3.565999984741211,3.551500082015991,3.565999984741211,856,COPPER
3.5429999828338623,3.5739998817443848,3.5399999618530273,3.559000015258789,1166,COPPER
3.5139999389648438,3.5455000400543213,3.507499933242798,3.5439999103546143,1109,COPPER
3.552999973297119,3.6005001068115234,3.5455000400543213,3.559000015258789,864,COPPER
3.640500068664551,3.6554999351501465,3.5899999141693115,3.5899999141693115,512,COPPER
3.6500000953674316,3.690500020980835,3.640000104904175,3.6505000591278076,842,COPPER
3.695499897003174,3.7079999446868896,3.6429998874664307,3.6589999198913574,655,COPPER
3.6735000610351562,3.7200000286102295,3.640000104904175,3.7165000438690186,782,COPPER
3.563999891281128,3.6735000610351562,3.558500051498413,3.6735000610351562,677,COPPER
3.6050000190734863,3.634999990463257,3.5759999752044678,3.5759999752044678,603,COPPER
3.617000102996826,3.63700008392334,3.6115000247955322,3.635499954223633,618,COPPER
3.6679999828338623,3.6679999828338623,3.611999988555908,3.611999988555908,672,COPPER
3.6029999256134033,3.631500005722046,3.5964999198913574,3.628999948501587,817,COPPER
3.635999917984009,3.640000104904175,3.615999937057495,3.619999885559082,711,COPPER
3.6475000381469727,3.6545000076293945,3.6389999389648438,3.6389999389648438,601,COPPER
3.6554999351501465,3.6589999198913574,3.6440000534057617,3.6589999198913574,770,COPPER
3.635499954223633,3.635499954223633,3.57450008392334,3.575000047683716,607,COPPER
3.640500068664551,3.640500068664551,3.6115000247955322,3.632999897003174,852,COPPER
3.628000020980835,3.631999969482422,3.626499891281128,3.628999948501587,736,COPPER
3.571500062942505,3.571500062942505,3.571500062942505,3.571500062942505,320,COPPER
3.5829999446868896,3.6034998893737793,3.509000062942505,3.5510001182556152,925,COPPER
3.573499917984009,3.6075000762939453,3.555500030517578,3.5815000534057617,550,COPPER
3.562000036239624,3.5934998989105225,3.554500102996826,3.566499948501587,547,COPPER
3.5390000343322754,3.5394999980926514,3.5264999866485596,3.5264999866485596,434,COPPER
3.5785000324249268,3.5785000324249268,3.552000045776367,3.552000045776367,312,COPPER
3.565999984741211,3.566999912261963,3.559499979019165,3.566999912261963,382,COPPER
3.6389999389648438,3.6524999141693115,3.575500011444092,3.575500011444092,396,COPPER
3.678999900817871,3.678999900817871,3.6459999084472656,3.6475000381469727,312,COPPER
3.7335000038146973,3.7355000972747803,3.693000078201294,3.7079999446868896,303,COPPER
3.7855000495910645,3.7899999618530273,3.7664999961853027,3.7664999961853027,290,COPPER
3.7874999046325684,3.7904999256134033,3.7715001106262207,3.7850000858306885,316,COPPER
3.802000045776367,3.815500020980835,3.7685000896453857,3.7860000133514404,512,COPPER
3.8480000495910645,3.8480000495910645,3.8424999713897705,3.8424999713897705,367,COPPER
3.8359999656677246,3.8359999656677246,3.8304998874664307,3.8304998874664307,493,COPPER
3.9165000915527344,3.926500082015991,3.9000000953674316,3.9214999675750732,400,COPPER
4.090000152587891,4.090000152587891,4.090000152587891,4.090000152587891,437,COPPER
4.152500152587891,4.1539998054504395,4.123000144958496,4.123000144958496,616,COPPER
4.1875,4.1875,4.1875,4.1875,439,COPPER
4.301000118255615,4.301000118255615,4.21999979019165,4.21999979019165,77484,COPPER
4.265999794006348,4.36299991607666,4.195499897003174,4.308000087738037,17292,COPPER
4.0945000648498535,4.250999927520752,4.079999923706055,4.212500095367432,2457,COPPER
4.119500160217285,4.173500061035156,4.0995001792907715,4.110499858856201,1385,COPPER
4.231500148773193,4.235000133514404,4.059500217437744,4.114999771118164,1078,COPPER
4.1529998779296875,4.222499847412109,4.119999885559082,4.218500137329102,902,COPPER
3.990999937057495,4.156499862670898,3.875999927520752,4.119500160217285,1189,COPPER
4.086999893188477,4.110000133514404,3.927999973297119,3.9660000801086426,664,COPPER
4.103499889373779,4.161499977111816,4.01800012588501,4.127500057220459,707,COPPER
4.019499778747559,4.121500015258789,3.996999979019165,4.0914998054504395,1055,COPPER
4.041999816894531,4.055500030517578,4.007500171661377,4.027500152587891,523,COPPER
4.14300012588501,4.1479997634887695,4.0345001220703125,4.046500205993652,771,COPPER
4.145500183105469,4.1545000076293945,4.072000026702881,4.140999794006348,392,COPPER
4.146500110626221,4.170000076293945,4.126999855041504,4.170000076293945,511,COPPER
4.078999996185303,4.112500190734863,4.059500217437744,4.105000019073486,634,COPPER
4.127999782562256,4.156499862670898,4.065999984741211,4.067999839782715,540,COPPER
4.117000102996826,4.15500020980835,4.067999839782715,4.15500020980835,760,COPPER
4.123499870300293,4.123499870300293,4.052999973297119,4.05649995803833,834,COPPER
4.14900016784668,4.150000095367432,4.096499919891357,4.097499847412109,480,COPPER
4.0879998207092285,4.133500099182129,4.03000020980835,4.133500099182129,625,COPPER
4.071499824523926,4.109000205993652,4.026000022888184,4.047500133514404,610,COPPER
3.984999895095825,4.007999897003174,3.950000047683716,4.005499839782715,738,COPPER
4.078499794006348,4.087500095367432,4.012499809265137,4.012499809265137,714,COPPER
4.043000221252441,4.068999767303467,4.019999980926514,4.065000057220459,441,COPPER
3.9830000400543213,4.0355000495910645,3.9749999046325684,4.0355000495910645,1052,COPPER
4.002999782562256,4.011499881744385,3.989000082015991,4.00600004196167,289,COPPER
4.003499984741211,4.014999866485596,3.984999895095825,3.984999895095825,815,COPPER
4.14900016784668,4.1620001792907715,4.053999900817871,4.053999900817871,243,COPPER
4.126500129699707,4.151000022888184,4.098499774932861,4.150000095367432,269,COPPER
4.064000129699707,4.118500232696533,4.054999828338623,4.117499828338623,467,COPPER
4.103499889373779,4.103499889373779,4.085000038146973,4.085000038146973,366,COPPER
4.05049991607666,4.088500022888184,4.05049991607666,4.088500022888184,518,COPPER
4.03000020980835,4.0370001792907715,4.019999980926514,4.027500152587891,491,COPPER
4.043000221252441,4.043000221252441,4.014500141143799,4.014500141143799,603,COPPER
4.139999866485596,4.139999866485596,4.046000003814697,4.046500205993652,452,COPPER
4.230500221252441,4.237500190734863,4.175000190734863,4.175000190734863,403,COPPER
4.179999828338623,4.239500045776367,4.175000190734863,4.235000133514404,440,COPPER
4.25,4.269999980926514,4.179999828338623,4.179999828338623,283,COPPER
4.223999977111816,4.269499778747559,4.223999977111816,4.248499870300293,234,COPPER
4.286499977111816,4.286499977111816,4.252500057220459,4.252500057220459,221,COPPER
4.2804999351501465,4.2845001220703125,4.267000198364258,4.2845001220703125,239,COPPER
4.3429999351501465,4.3429999351501465,4.338500022888184,4.3429999351501465,607,COPPER
4.447999954223633,4.447999954223633,4.418000221252441,4.418000221252441,243,COPPER
4.743000030517578,4.743000030517578,4.459000110626221,4.518499851226807,493,COPPER
4.5370001792907715,4.755000114440918,4.510000228881836,4.755000114440918,48303,COPPER
4.493000030517578,4.552999973297119,4.4704999923706055,4.497499942779541,9852,COPPER
4.479000091552734,4.533999919891357,4.456999778747559,4.492000102996826,1629,COPPER
4.543000221252441,4.547500133514404,4.449999809265137,4.497499942779541,927,COPPER
4.535999774932861,4.573500156402588,4.505499839782715,4.520500183105469,678,COPPER
4.539000034332275,4.58050012588501,4.519999980926514,4.565499782562256,827,COPPER
4.61899995803833,4.624000072479248,4.514999866485596,4.535999774932861,925,COPPER
4.765999794006348,4.767000198364258,4.61899995803833,4.61899995803833,1019,COPPER
4.733500003814697,4.898499965667725,4.708000183105469,4.786499977111816,1083,COPPER
4.778500080108643,4.820000171661377,4.709000110626221,4.709000110626221,657,COPPER
4.752500057220459,4.835000038146973,4.7270002365112305,4.832499980926514,684,COPPER
4.70550012588501,4.763999938964844,4.664999961853027,4.740499973297119,870,COPPER
4.664000034332275,4.712500095367432,4.622000217437744,4.698500156402588,607,COPPER
4.721499919891357,4.730000019073486,4.6519999504089355,4.6519999504089355,908,COPPER
4.735499858856201,4.776000022888184,4.735000133514404,4.775000095367432,932,COPPER
4.5894999504089355,4.704999923706055,4.548500061035156,4.699999809265137,815,COPPER
4.581999778747559,4.61899995803833,4.553500175476074,4.558499813079834,521,COPPER
4.495999813079834,4.566500186920166,4.491000175476074,4.5279998779296875,519,COPPER
4.541500091552734,4.550000190734863,4.4720001220703125,4.4720001220703125,837,COPPER
4.521999835968018,4.5929999351501465,4.509500026702881,4.591000080108643,711,COPPER
4.5329999923706055,4.547500133514404,4.5329999923706055,4.547500133514404,796,COPPER
4.666500091552734,4.677999973297119,4.517000198364258,4.527500152587891,1426,COPPER
4.682499885559082,4.682499885559082,4.609000205993652,4.677000045776367,686,COPPER
4.6620001792907715,4.697000026702881,4.650000095367432,4.689000129699707,884,COPPER
4.599999904632568,4.6570000648498535,4.599999904632568,4.6545000076293945,304,COPPER
4.471499919891357,4.503499984741211,4.449999809265137,4.503499984741211,342,COPPER
4.537499904632568,4.539999961853027,4.471499919891357,4.471499919891357,258,COPPER
4.534999847412109,4.534999847412109,4.489999771118164,4.5229997634887695,284,COPPER
4.563000202178955,4.563000202178955,4.4720001220703125,4.4720001220703125,237,COPPER
4.536499977111816,4.538000106811523,4.531499862670898,4.531499862670898,272,COPPER
4.489999771118164,4.489999771118164,4.482999801635742,4.482999801635742,267,COPPER
4.541500091552734,4.573999881744385,4.5345001220703125,4.573999881744385,276,COPPER
4.5320000648498535,4.5320000648498535,4.517499923706055,4.517499923706055,409,COPPER
4.340000152587891,4.375999927520752,4.335000038146973,4.375999927520752,526,COPPER
4.392499923706055,4.392499923706055,4.309000015258789,4.3379998207092285,352,COPPER
4.184500217437744,4.339000225067139,4.184500217437744,4.295000076293945,248,COPPER
4.162499904632568,4.162499904632568,4.145999908447266,4.147500038146973,283,COPPER
4.1875,4.193999767303467,4.128499984741211,4.129000186920166,273,COPPER
4.234499931335449,4.25600004196167,4.188000202178955,4.188000202178955,341,COPPER
4.330999851226807,4.330999851226807,4.32450008392334,4.32450008392334,301,COPPER
4.311500072479248,4.311500072479248,4.306000232696533,4.307000160217285,269,COPPER
4.298999786376953,4.328999996185303,4.28249979019165,4.320000171661377,525,COPPER
4.2779998779296875,4.28849983215332,4.2779998779296875,4.28849983215332,32689,COPPER
4.276500225067139,4.281499862670898,4.202000141143799,4.274499893188477,9114,COPPER
4.296500205993652,4.335999965667725,4.264500141143799,4.2795000076293945,1809,COPPER
4.242000102996826,4.315000057220459,4.235499858856201,4.300000190734863,1274,COPPER
4.2820000648498535,4.297999858856201,4.239999771118164,4.245999813079834,499,COPPER
4.257999897003174,4.398499965667725,4.250999927520752,4.2820000648498535,1173,COPPER
4.328999996185303,4.360000133514404,4.256999969482422,4.261000156402588,697,COPPER
4.271500110626221,4.320000171661377,4.239999771118164,4.320000171661377,576,COPPER
4.352499961853027,4.373000144958496,4.2789998054504395,4.2789998054504395,484,COPPER
4.322999954223633,4.3470001220703125,4.290999889373779,4.3470001220703125,509,COPPER
4.314499855041504,4.3379998207092285,4.267499923706055,4.3379998207092285,459,COPPER
4.2769999504089355,4.309000015258789,4.269999980926514,4.299499988555908,748,COPPER
4.333000183105469,4.3495001792907715,4.265500068664551,4.265500068664551,451,COPPER
4.332499980926514,4.35099983215332,4.317999839782715,4.35099983215332,417,COPPER
4.2104997634887695,4.308000087738037,4.179999828338623,4.306000232696533,751,COPPER
4.273499965667725,4.2779998779296875,4.210999965667725,4.210999965667725,638,COPPER
4.28249979019165,4.297500133514404,4.264500141143799,4.264500141143799,416,COPPER
4.3480000495910645,4.3480000495910645,4.320000171661377,4.320000171661377,405,COPPER
4.406499862670898,4.455999851226807,4.357999801635742,4.357999801635742,432,COPPER
4.589000225067139,4.6020002365112305,4.436500072479248,4.436500072479248,585,COPPER
4.546000003814697,4.609000205993652,4.539999961853027,4.539999961853027,501,COPPER
4.479000091552734,4.573500156402588,4.479000091552734,4.573500156402588,785,COPPER
4.519999980926514,4.5295000076293945,4.468500137329102,4.468500137329102,861,COPPER
4.480500221252441,4.5295000076293945,4.465000152587891,4.526000022888184,377,COPPER
4.432000160217285,4.500500202178955,4.409999847412109,4.493000030517578,845,COPPER
4.382999897003174,4.423999786376953,4.36299991607666,4.423999786376953,609,COPPER
4.329999923706055,4.332499980926514,4.329999923706055,4.332499980926514,307,COPPER
4.3454999923706055,4.3480000495910645,4.334499835968018,4.334499835968018,354,COPPER
4.3454999923706055,4.349999904632568,4.3420000076293945,4.3495001792907715,356,COPPER
4.2870001792907715,4.321000099182129,4.246500015258789,4.292500019073486,374,COPPER
4.351500034332275,4.351500034332275,4.313000202178955,4.313000202178955,252,COPPER
4.363999843597412,4.366000175476074,4.3520002365112305,4.3520002365112305,399,COPPER
4.355999946594238,4.374499797821045,4.348999977111816,4.374499797821045,670,COPPER
4.38700008392334,4.400000095367432,4.347499847412109,4.360499858856201,579,COPPER
4.322000026702881,4.361000061035156,4.317999839782715,4.356500148773193,501,COPPER
4.199999809265137,4.328999996185303,4.19950008392334,4.328000068664551,590,COPPER
4.116000175476074,4.153500080108643,4.113999843597412,4.153500080108643,533,COPPER
4.03849983215332,4.05649995803833,3.9800000190734863,4.027500152587891,961,COPPER
4.134500026702881,4.134500026702881,4.063000202178955,4.064000129699707,522,COPPER
4.234499931335449,4.247499942779541,4.221499919891357,4.242000102996826,510,COPPER
4.255000114440918,4.258500099182129,4.2230000495910645,4.2230000495910645,702,COPPER
4.264999866485596,4.2795000076293945,4.260000228881836,4.269000053405762,432,COPPER
4.245999813079834,4.245999813079834,4.244999885559082,4.244999885559082,549,COPPER
4.316500186920166,4.316500186920166,4.316500186920166,4.316500186920166,23166,COPPER
4.361000061035156,4.3979997634887695,4.315999984741211,4.321499824523926,5691,COPPER
4.360000133514404,4.374499797821045,4.321499824523926,4.364500045776367,2262,COPPER
4.263000011444092,4.353499889373779,4.241000175476074,4.35099983215332,1315,COPPER
4.289999961853027,4.293499946594238,4.239999771118164,4.267000198364258,1105,COPPER
4.325500011444092,4.3354997634887695,4.26800012588501,4.2820000648498535,747,COPPER
4.277500152587891,4.3379998207092285,4.253499984741211,4.3379998207092285,746,COPPER
4.23199987411499,4.290999889373779,4.208000183105469,4.26800012588501,929,COPPER
4.2835001945495605,4.302499771118164,4.223999977111816,4.228499889373779,645,COPPER
4.447999954223633,4.461999893188477,4.2754998207092285,4.2754998207092285,904,COPPER
4.363500118255615,4.4670000076293945,4.3354997634887695,4.4145002365112305,630,COPPER
4.317999839782715,4.362500190734863,4.2835001945495605,4.356500148773193,505,COPPER
4.403500080108643,4.415500164031982,4.291999816894531,4.309999942779541,624,COPPER
4.278500080108643,4.4019999504089355,4.260000228881836,4.400000095367432,589,COPPER
4.245500087738037,4.3404998779296875,4.232999801635742,4.2820000648498535,808,COPPER
4.117000102996826,4.230000019073486,4.099999904632568,4.230000019073486,759,COPPER
4.127999782562256,4.1645002365112305,4.021999835968018,4.135499954223633,576,COPPER
4.252500057220459,4.268499851226807,4.142000198364258,4.142000198364258,540,COPPER
4.230999946594238,4.264999866485596,4.197500228881836,4.197500228881836,496,COPPER
4.287499904632568,4.287499904632568,4.21750020980835,4.21750020980835,590,COPPER
4.293499946594238,4.304999828338623,4.261499881744385,4.304500102996826,669,COPPER
4.244999885559082,4.27400016784668,4.244999885559082,4.270500183105469,805,COPPER
4.199999809265137,4.245999813079834,4.186999797821045,4.231500148773193,793,COPPER
4.090000152587891,4.204500198364258,4.067999839782715,4.186500072479248,877,COPPER
4.19350004196167,4.209499835968018,4.150000095367432,4.150000095367432,969,COPPER
4.246500015258789,4.293499946594238,4.191999912261963,4.239999771118164,446,COPPER
4.202000141143799,4.228000164031982,4.175000190734863,4.228000164031982,289,COPPER
4.1570000648498535,4.174499988555908,4.142000198364258,4.164999961853027,384,COPPER
4.250999927520752,4.256999969482422,4.223999977111816,4.224999904632568,641,COPPER
4.2829999923706055,4.292500019073486,4.2829999923706055,4.291999816894531,340,COPPER
4.374499797821045,4.386499881744385,4.348999977111816,4.348999977111816,241,COPPER
4.328999996185303,4.385499954223633,4.323500156402588,4.363999843597412,494,COPPER
4.520500183105469,4.526500225067139,4.443999767303467,4.453999996185303,362,COPPER
4.631499767303467,4.631499767303467,4.610000133514404,4.610000133514404,285,COPPER
4.734000205993652,4.734000205993652,4.610499858856201,4.610499858856201,356,COPPER
4.730500221252441,4.790999889373779,4.702000141143799,4.7895002365112305,601,COPPER
4.714000225067139,4.75,4.686999797821045,4.75,764,COPPER
4.75600004196167,4.768499851226807,4.650000095367432,4.650000095367432,587,COPPER
4.58650016784668,4.58650016784668,4.581999778747559,4.58650016784668,618,COPPER
4.526000022888184,4.559000015258789,4.508500099182129,4.550000190734863,558,COPPER
4.551499843597412,4.551499843597412,4.551499843597412,4.551499843597412,493,COPPER
4.486499786376953,4.5254998207092285,4.486499786376953,4.5254998207092285,249,COPPER
4.38700008392334,4.392499923706055,4.38700008392334,4.392499923706055,756,COPPER
4.4375,4.453999996185303,4.354000091552734,4.386499881744385,892,COPPER
4.375500202178955,4.439499855041504,4.343500137329102,4.439499855041504,716,COPPER
4.4019999504089355,4.40500020980835,4.354499816894531,4.354499816894531,442,COPPER
4.374000072479248,4.379000186920166,4.355999946594238,4.35699987411499,315,COPPER
4.326000213623047,4.373499870300293,4.326000213623047,4.373499870300293,305,COPPER
4.326000213623047,4.373000144958496,4.305500030517578,4.373000144958496,376,COPPER
4.348999977111816,4.348999977111816,4.325500011444092,4.332499980926514,327,COPPER
4.40500020980835,4.411499977111816,4.369999885559082,4.369999885559082,222,COPPER
4.380000114440918,4.420000076293945,4.362500190734863,4.420000076293945,402,COPPER
4.328000068664551,4.38100004196167,4.302499771118164,4.380000114440918,370,COPPER
4.4045000076293945,4.433000087738037,4.396999835968018,4.396999835968018,330,COPPER
4.45550012588501,4.4604997634887695,4.4095001220703125,4.4095001220703125,295,COPPER
4.4070000648498535,4.479499816894531,4.4070000648498535,4.479000091552734,384,COPPER
4.358500003814697,4.358500003814697,4.3354997634887695,4.339000225067139,274,COPPER
4.2729997634887695,4.297500133514404,4.20550012588501,4.297500133514404,437,COPPER
4.309999942779541,4.321499824523926,4.215000152587891,4.2154998779296875,326,COPPER
4.4085001945495605,4.4085001945495605,4.311999797821045,4.311999797821045,410,COPPER
4.395500183105469,4.409999847412109,4.395500183105469,4.409999847412109,470,COPPER
4.423500061035156,4.42549991607666,4.421999931335449,4.421999931335449,325,COPPER
4.458000183105469,4.459499835968018,4.393499851226807,4.393499851226807,368,COPPER
4.281499862670898,4.426000118255615,4.281499862670898,4.426000118255615,51189,COPPER
4.336999893188477,4.375,4.281499862670898,4.304999828338623,6009,COPPER
4.2779998779296875,4.360499858856201,4.249000072479248,4.35699987411499,2030,COPPER
4.247499942779541,4.34499979019165,4.210000038146973,4.303500175476074,1392,COPPER
4.298999786376953,4.308499813079834,4.240499973297119,4.240499973297119,834,COPPER
4.266499996185303,4.315000057220459,4.251500129699707,4.272500038146973,891,COPPER
4.336999893188477,4.34250020980835,4.256499767303467,4.295000076293945,712,COPPER
4.3379998207092285,4.383500099182129,4.30649995803833,4.310500144958496,887,COPPER
4.390999794006348,4.394000053405762,4.331999778747559,4.339000225067139,950,COPPER
4.329999923706055,4.376500129699707,4.303500175476074,4.373499870300293,651,COPPER
4.2829999923706055,4.3379998207092285,4.28000020980835,4.313000202178955,529,COPPER
4.28000020980835,4.32450008392334,4.2754998207092285,4.322500228881836,504,COPPER
4.254000186920166,4.295000076293945,4.25,4.269999980926514,585,COPPER
4.179500102996826,4.269999980926514,4.129000186920166,4.260000228881836,1004,COPPER
4.30049991607666,4.315000057220459,4.230999946594238,4.250999927520752,687,COPPER
4.290999889373779,4.321499824523926,4.271500110626221,4.303500175476074,548,COPPER
4.288000106811523,4.296999931335449,4.233500003814697,4.269499778747559,490,COPPER
4.3379998207092285,4.343999862670898,4.304500102996826,4.309000015258789,761,COPPER
4.389500141143799,4.389500141143799,4.34499979019165,4.3454999923706055,1030,COPPER
4.38700008392334,4.4004998207092285,4.349999904632568,4.4004998207092285,880,COPPER
4.465000152587891,4.465000152587891,4.374000072479248,4.375999927520752,421,COPPER
4.420000076293945,4.4679999351501465,4.420000076293945,4.458000183105469,543,COPPER
4.4019999504089355,4.41349983215332,4.4019999504089355,4.4120001792907715,695,COPPER
4.384500026702881,4.421500205993652,4.376999855041504,4.406000137329102,832,COPPER
4.454999923706055,4.454999923706055,4.377500057220459,4.389500141143799,373,COPPER
4.4145002365112305,4.444499969482422,4.349999904632568,4.440000057220459,544,COPPER
4.466000080108643,4.466000080108643,4.374000072479248,4.385000228881836,499,COPPER
4.4045000076293945,4.448500156402588,4.370999813079834,4.448500156402588,724,COPPER
4.3480000495910645,4.369999885559082,4.320499897003174,4.36899995803833,522,COPPER
4.4029998779296875,4.4029998779296875,4.355999946594238,4.376999855041504,618,COPPER
4.3445000648498535,4.409999847412109,4.324999809265137,4.388999938964844,787,COPPER
4.420499801635742,4.420499801635742,4.372000217437744,4.393499851226807,554,COPPER
4.564000129699707,4.580999851226807,4.419000148773193,4.419000148773193,1192,COPPER
4.533999919891357,4.564000129699707,4.533999919891357,4.564000129699707,991,COPPER
4.411499977111816,4.436999797821045,4.4095001220703125,4.4095001220703125,1236,COPPER
4.375999927520752,4.42549991607666,4.375999927520752,4.41949987411499,1000,COPPER
4.462500095367432,4.47599983215332,4.462500095367432,4.47599983215332,1172,COPPER
4.576499938964844,4.576499938964844,4.518499851226807,4.518499851226807,1441,COPPER
4.512499809265137,4.541500091552734,4.495999813079834,4.51800012588501,1052,COPPER
4.4029998779296875,4.485000133514404,4.386499881744385,4.485000133514404,1533,COPPER
4.442999839782715,4.442999839782715,4.432000160217285,4.432000160217285,469,COPPER
4.504499912261963,4.507999897003174,4.434500217437744,4.506999969482422,873,COPPER
4.413000106811523,4.463500022888184,4.413000106811523,4.417500019073486,1211,COPPER
4.302999973297119,4.428999900817871,4.29449987411499,4.422500133514404,1471,COPPER
4.317999839782715,4.333499908447266,4.278500080108643,4.308000087738037,882,COPPER
4.428999900817871,4.43149995803833,4.354499816894531,4.354499816894531,859,COPPER
4.491000175476074,4.491000175476074,4.43149995803833,4.434000015258789,422,COPPER
4.4664998054504395,4.46999979019165,4.4644999504089355,4.46750020980835,500,COPPER
4.483500003814697,4.506499767303467,4.476500034332275,4.492000102996826,444,COPPER
4.46150016784668,4.472499847412109,4.435999870300293,4.4704999923706055,686,COPPER
4.459499835968018,4.468999862670898,4.425000190734863,4.453000068664551,398,COPPER
4.600500106811523,4.635000228881836,4.464000225067139,4.464000225067139,425,COPPER
4.65749979019165,4.690999984741211,4.611999988555908,4.611999988555908,415,COPPER
4.505000114440918,4.604499816894531,4.479499816894531,4.604499816894531,489,COPPER
4.507500171661377,4.507500171661377,4.4710001945495605,4.4710001945495605,420,COPPER
4.531499862670898,4.531499862670898,4.486499786376953,4.507500171661377,310,COPPER
4.540500164031982,4.540500164031982,4.535999774932861,4.540500164031982,577,COPPER
4.525000095367432,4.525000095367432,4.518499851226807,4.518499851226807,516,COPPER
4.519499778747559,4.519499778747559,4.519499778747559,4.519499778747559,647,COPPER
4.510000228881836,4.519499778747559,4.510000228881836,4.519499778747559,818,COPPER
4.481500148773193,4.520500183105469,4.481500148773193,4.50600004196167,975,COPPER
4.453999996185303,4.478499889373779,4.453999996185303,4.478499889373779,50571,COPPER
4.4720001220703125,4.519999980926514,4.448500156402588,4.5,14457,COPPER
4.444499969482422,4.515500068664551,4.440000057220459,4.455999851226807,1803,COPPER
4.58650016784668,4.5879998207092285,4.480999946594238,4.496500015258789,1777,COPPER
4.6554999351501465,4.690000057220459,4.552999973297119,4.563000202178955,1446,COPPER
4.771500110626221,4.78249979019165,4.697999954223633,4.699999809265137,1055,COPPER
4.928999900817871,4.928999900817871,4.766499996185303,4.76800012588501,1241,COPPER
4.7220001220703125,5.010000228881836,4.659999847412109,4.909999847412109,987,COPPER
4.700500011444092,4.919000148773193,4.6020002365112305,4.730000019073486,1207,COPPER
4.564000129699707,4.718999862670898,4.546000003814697,4.7170000076293945,944,COPPER
4.643499851226807,4.649499893188477,4.573999881744385,4.579999923706055,1067,COPPER
4.616000175476074,4.6875,4.585000038146973,4.608500003814697,970,COPPER
4.512499809265137,4.600500106811523,4.49399995803833,4.600500106811523,743,COPPER
4.501500129699707,4.525000095367432,4.460000038146973,4.492000102996826,788,COPPER
4.5879998207092285,4.610000133514404,4.492499828338623,4.492499828338623,664,COPPER
4.690499782562256,4.690499782562256,4.623000144958496,4.652500152587891,939,COPPER
4.730500221252441,4.730500221252441,4.685999870300293,4.700500011444092,685,COPPER
4.701499938964844,4.706500053405762,4.649499893188477,4.699999809265137,555,COPPER
4.689000129699707,4.725500106811523,4.68149995803833,4.68149995803833,488,COPPER
4.762499809265137,4.763000011444092,4.683000087738037,4.684999942779541,490,COPPER
4.729000091552734,4.800000190734863,4.705999851226807,4.768499851226807,893,COPPER
4.685999870300293,4.702499866485596,4.683000087738037,4.691999912261963,667,COPPER
4.714000225067139,4.714000225067139,4.632999897003174,4.650000095367432,470,COPPER
4.7164998054504395,4.7164998054504395,4.7164998054504395,4.7164998054504395,333,COPPER
4.739500045776367,4.781499862670898,4.7270002365112305,4.781499862670898,1146,COPPER
4.743000030517578,4.744500160217285,4.701000213623047,4.730000019073486,708,COPPER
4.682499885559082,4.729000091552734,4.681000232696533,4.7245001792907715,1077,COPPER
4.776500225067139,4.781000137329102,4.707499980926514,4.707499980926514,473,COPPER
4.790999889373779,4.808499813079834,4.790999889373779,4.808499813079834,377,COPPER
4.733500003814697,4.772500038146973,4.697500228881836,4.762499809265137,379,COPPER
4.695000171661377,4.710999965667725,4.684999942779541,4.710999965667725,328,COPPER
4.71999979019165,4.744999885559082,4.706999778747559,4.7230000495910645,327,COPPER
4.628499984741211,4.706500053405762,4.623000144958496,4.682499885559082,352,COPPER
4.703999996185303,4.705999851226807,4.6645002365112305,4.665999889373779,343,COPPER
4.706999778747559,4.706999778747559,4.706999778747559,4.706999778747559,480,COPPER
4.7170000076293945,4.7170000076293945,4.7170000076293945,4.7170000076293945,982,COPPER
4.796000003814697,4.809000015258789,4.75,4.75,498,COPPER
4.714000225067139,4.797500133514404,4.697000026702881,4.797500133514404,573,COPPER
4.649499893188477,4.649499893188477,4.623000144958496,4.623000144958496,859,COPPER
4.703499794006348,4.703499794006348,4.703499794006348,4.703499794006348,614,COPPER
4.582499980926514,4.591000080108643,4.576499938964844,4.582499980926514,663,COPPER
4.448999881744385,4.480000019073486,4.410999774932861,4.480000019073486,494,COPPER
4.440000057220459,4.476500034332275,4.434000015258789,4.476500034332275,359,COPPER
4.454500198364258,4.454500198364258,4.442500114440918,4.446000099182129,24293,COPPER
4.41349983215332,4.4695000648498535,4.366499900817871,4.446000099182129,4363,COPPER
4.394999980926514,4.485000133514404,4.36299991607666,4.422999858856201,1147,COPPER
4.255499839782715,4.385499954223633,4.190000057220459,4.380499839782715,1034,COPPER
4.270999908447266,4.343999862670898,4.257500171661377,4.2769999504089355,878,COPPER
4.328499794006348,4.363999843597412,4.239999771118164,4.289999961853027,1065,COPPER
4.284999847412109,4.420000076293945,4.278500080108643,4.398499965667725,778,COPPER
4.261499881744385,4.298999786376953,4.230000019073486,4.293000221252441,1207,COPPER
4.192999839782715,4.230000019073486,4.126500129699707,4.230000019073486,1019,COPPER
4.1545000076293945,4.250999927520752,4.130000114440918,4.173500061035156,908,COPPER
4.212500095367432,4.244999885559082,4.15500020980835,4.15500020980835,723,COPPER
4.105000019073486,4.197500228881836,4.056000232696533,4.197500228881836,783,COPPER
4.180500030517578,4.180500030517578,4.067999839782715,4.108500003814697,1133,COPPER
4.196499824523926,4.2144999504089355,4.150000095367432,4.210000038146973,575,COPPER
4.239500045776367,4.2795000076293945,4.212500095367432,4.240499973297119,780,COPPER
4.182000160217285,4.243000030517578,4.150000095367432,4.241000175476074,689,COPPER
4.284999847412109,4.284999847412109,4.18149995803833,4.18149995803833,587,COPPER
4.281000137329102,4.320000171661377,4.25600004196167,4.25600004196167,577,COPPER
4.347499847412109,4.348499774932861,4.289999961853027,4.304999828338623,577,COPPER
4.325500011444092,4.3414998054504395,4.260000228881836,4.32450008392334,969,COPPER
4.2769999504089355,4.293499946594238,4.261499881744385,4.269499778747559,503,COPPER
4.255000114440918,4.257500171661377,4.255000114440918,4.257500171661377,842,COPPER
4.303999900817871,4.321000099182129,4.255000114440918,4.269000053405762,1475,COPPER
4.295000076293945,4.348999977111816,4.289000034332275,4.341000080108643,323,COPPER
4.329999923706055,4.3460001945495605,4.28000020980835,4.28000020980835,886,COPPER
4.553999900817871,4.553999900817871,4.388999938964844,4.388999938964844,343,COPPER
4.477499961853027,4.567500114440918,4.472499847412109,4.550000190734863,377,COPPER
4.439499855041504,4.442500114440918,4.417500019073486,4.417500019073486,230,COPPER
4.439499855041504,4.439499855041504,4.38100004196167,4.393499851226807,319,COPPER
4.458499908447266,4.458499908447266,4.4120001792907715,4.434999942779541,271,COPPER
4.388999938964844,4.440000057220459,4.385499954223633,4.440000057220459,374,COPPER
4.301000118255615,4.340000152587891,4.293000221252441,4.340000152587891,385,COPPER
4.2164998054504395,4.26200008392334,4.190000057220459,4.239500045776367,718,COPPER
4.161499977111816,4.2170000076293945,4.13700008392334,4.199999809265137,454,COPPER
4.167500019073486,4.193999767303467,4.13100004196167,4.137499809265137,687,COPPER
4.111999988555908,4.176000118255615,4.052000045776367,4.176000118255615,564,COPPER
4.017499923706055,4.099999904632568,4.015500068664551,4.099999904632568,657,COPPER
4.043000221252441,4.065000057220459,3.9649999141693115,3.9649999141693115,453,COPPER
3.9514999389648438,3.9535000324249268,3.890500068664551,3.8914999961853027,443,COPPER
3.758500099182129,3.859999895095825,3.758500099182129,3.8540000915527344,533,COPPER
3.759999990463257,3.7730000019073486,3.700000047683716,3.7339999675750732,315,COPPER
3.7790000438690186,3.802999973297119,3.75,3.7909998893737793,375,COPPER
3.7839999198913574,3.811500072479248,3.7839999198913574,3.811500072479248,26394,COPPER
3.7790000438690186,3.812999963760376,3.7074999809265137,3.755000114440918,4697,COPPER
3.7144999504089355,3.7809998989105225,3.685499906539917,3.7780001163482666,1292,COPPER
3.61899995803833,3.7039999961853027,3.571000099182129,3.684999942779541,1107,COPPER
3.424999952316284,3.618000030517578,3.424499988555908,3.6080000400543213,919,COPPER
3.4179999828338623,3.4635000228881836,3.369999885559082,3.4544999599456787,927,COPPER
3.5820000171661377,3.5820000171661377,3.44350004196167,3.4644999504089355,475,COPPER
3.5320000648498535,3.5429999828338623,3.4755001068115234,3.5114998817443848,639,COPPER
3.4375,3.4784998893737793,3.3980000019073486,3.430000066757202,610,COPPER
3.2964999675750732,3.4089999198913574,3.259999990463257,3.4000000953674316,525,COPPER
3.325500011444092,3.3324999809265137,3.2300000190734863,3.313499927520752,417,COPPER
3.2105000019073486,3.2774999141693115,3.187000036239624,3.2690000534057617,591,COPPER
3.234499931335449,3.253999948501587,3.1500000953674316,3.1540000438690186,420,COPPER
3.3480000495910645,3.3605000972747803,3.313999891281128,3.313999891281128,558,COPPER
3.2915000915527344,3.2939999103546143,3.265500068664551,3.2904999256134033,467,COPPER
3.3294999599456787,3.3589999675750732,3.302999973297119,3.302999973297119,598,COPPER
3.302000045776367,3.3269999027252197,3.2750000953674316,3.3269999027252197,486,COPPER
3.3485000133514404,3.369499921798706,3.319000005722046,3.3239998817443848,432,COPPER
3.3510000705718994,3.4000000953674316,3.320499897003174,3.321500062942505,588,COPPER
3.382499933242798,3.4514999389648438,3.375,3.4000000953674316,367,COPPER
3.429500102996826,3.429500102996826,3.429500102996826,3.429500102996826,784,COPPER
3.4749999046325684,3.506999969482422,3.4684998989105225,3.4760000705718994,735,COPPER
3.5840001106262207,3.6010000705718994,3.490999937057495,3.494999885559082,724,COPPER
3.552000045776367,3.5804998874664307,3.5339999198913574,3.5804998874664307,326,COPPER
3.5244998931884766,3.5244998931884766,3.489500045776367,3.5215001106262207,479,COPPER
3.4695000648498535,3.515000104904175,3.4695000648498535,3.506999969482422,225,COPPER
3.4830000400543213,3.508500099182129,3.4600000381469727,3.4600000381469727,336,COPPER
3.552999973297119,3.561500072479248,3.509500026702881,3.5199999809265137,236,COPPER
3.5875000953674316,3.5875000953674316,3.5875000953674316,3.5875000953674316,176,COPPER
3.5924999713897705,3.6010000705718994,3.5899999141693115,3.6010000705718994,352,COPPER
3.6554999351501465,3.6554999351501465,3.6075000762939453,3.6075000762939453,246,COPPER
3.7105000019073486,3.7105000019073486,3.7105000019073486,3.7105000019073486,308,COPPER
3.6760001182556152,3.6760001182556152,3.6619999408721924,3.6619999408721924,367,COPPER
3.628999948501587,3.633500099182129,3.5829999446868896,3.5869998931884766,366,COPPER
3.6364998817443848,3.6454999446868896,3.6045000553131104,3.6045000553131104,270,COPPER
3.5980000495910645,3.61299991607666,3.5980000495910645,3.61299991607666,289,COPPER
3.6465001106262207,3.6465001106262207,3.6465001106262207,3.6465001106262207,352,COPPER
3.683500051498413,3.683500051498413,3.6659998893737793,3.672499895095825,242,COPPER
3.6705000400543213,3.703000068664551,3.6689999103546143,3.7019999027252197,351,COPPER
3.7044999599456787,3.753499984741211,3.698499917984009,3.7130000591278076,574,COPPER
3.6605000495910645,3.6605000495910645,3.6549999713897705,3.6549999713897705,539,COPPER
3.7105000019073486,3.7200000286102295,3.694999933242798,3.7014999389648438,718,COPPER
3.7114999294281006,3.7850000858306885,3.697000026702881,3.7839999198913574,472,COPPER
3.626499891281128,3.6649999618530273,3.626499891281128,3.6649999618530273,22591,COPPER
3.5450000762939453,3.634000062942505,3.5315001010894775,3.6054999828338623,7929,COPPER
3.5185000896453857,3.5804998874664307,3.446500062942505,3.55649995803833,1607,COPPER
3.4144999980926514,3.5179998874664307,3.4124999046325684,3.5174999237060547,969,COPPER
3.4214999675750732,3.4614999294281006,3.3889999389648438,3.4230000972747803,804,COPPER
3.4690001010894775,3.4700000286102295,3.382499933242798,3.3940000534057617,785,COPPER
3.437999963760376,3.4630000591278076,3.4179999828338623,3.4630000591278076,668,COPPER
3.5360000133514404,3.557499885559082,3.452500104904175,3.452500104904175,728,COPPER
3.5810000896453857,3.632499933242798,3.559000015258789,3.5789999961853027,655,COPPER
3.625499963760376,3.631500005722046,3.552000045776367,3.554500102996826,462,COPPER
3.5810000896453857,3.697499990463257,3.549999952316284,3.625499963760376,699,COPPER
3.5455000400543213,3.572000026702881,3.5269999504089355,3.557499885559082,525,COPPER
3.5234999656677246,3.572000026702881,3.505500078201294,3.572000026702881,596,COPPER
3.561000108718872,3.568000078201294,3.4700000286102295,3.5,554,COPPER
3.557499885559082,3.557499885559082,3.515000104904175,3.5425000190734863,450,COPPER
3.5480000972747803,3.557499885559082,3.5399999618530273,3.5409998893737793,545,COPPER
3.51200008392334,3.552999973297119,3.450000047683716,3.5329999923706055,985,COPPER
3.498500108718872,3.5374999046325684,3.4790000915527344,3.4790000915527344,681,COPPER
3.371500015258789,3.489000082015991,3.364500045776367,3.48799991607666,511,COPPER
3.313499927520752,3.384000062942505,3.299999952316284,3.3450000286102295,589,COPPER
3.322999954223633,3.372999906539917,3.312999963760376,3.364500045776367,487,COPPER
3.381999969482422,3.381999969482422,3.3320000171661377,3.3320000171661377,527,COPPER
3.440000057220459,3.44950008392334,3.3529999256134033,3.4075000286102295,592,COPPER
3.441999912261963,3.4825000762939453,3.428999900817871,3.444000005722046,276,COPPER
3.4579999446868896,3.4600000381469727,3.3940000534057617,3.4000000953674316,609,COPPER
3.5179998874664307,3.549999952316284,3.4639999866485596,3.4639999866485596,720,COPPER
3.5325000286102295,3.5824999809265137,3.503499984741211,3.5290000438690186,282,COPPER
3.4749999046325684,3.501499891281128,3.4749999046325684,3.492500066757202,217,COPPER
3.4124999046325684,3.4549999237060547,3.4114999771118164,3.450000047683716,278,COPPER
3.4535000324249268,3.493000030517578,3.4535000324249268,3.4639999866485596,246,COPPER
3.4779999256134033,3.4830000400543213,3.427000045776367,3.4665000438690186,265,COPPER
3.444499969482422,3.4590001106262207,3.4144999980926514,3.4144999980926514,352,COPPER
3.4674999713897705,3.4719998836517334,3.4000000953674316,3.430000066757202,249,COPPER
3.450500011444092,3.4674999713897705,3.448499917984009,3.4674999713897705,354,COPPER
3.4554998874664307,3.4790000915527344,3.438999891281128,3.450000047683716,269,COPPER
3.4065001010894775,3.442500114440918,3.390000104904175,3.434999942779541,331,COPPER
3.3605000972747803,3.369499921798706,3.3580000400543213,3.36899995803833,353,COPPER
3.4509999752044678,3.4670000076293945,3.4175000190734863,3.4214999675750732,433,COPPER
3.5230000019073486,3.5230000019073486,3.4600000381469727,3.4600000381469727,417,COPPER
3.4795000553131104,3.493000030517578,3.4795000553131104,3.493000030517578,537,COPPER
3.450500011444092,3.4600000381469727,3.450500011444092,3.4600000381469727,508,COPPER
3.629499912261963,3.629499912261963,3.558000087738037,3.558000087738037,367,COPPER
3.625499963760376,3.625499963760376,3.5950000286102295,3.5950000286102295,761,COPPER
3.4660000801086426,3.5374999046325684,3.4535000324249268,3.5374999046325684,860,COPPER
3.4135000705718994,3.430000066757202,3.4094998836517334,3.4094998836517334,587,COPPER
3.509500026702881,3.5230000019073486,3.4795000553131104,3.494499921798706,405,COPPER
3.505500078201294,3.505500078201294,3.4749999046325684,3.498500108718872,238,COPPER
3.4565000534057617,3.4565000534057617,3.445499897003174,3.445499897003174,309,COPPER
3.7144999504089355,3.7314999103546143,3.634500026702881,3.63700008392334,322,COPPER
3.629499912261963,3.6659998893737793,3.6050000190734863,3.6659998893737793,279,COPPER
3.7054998874664307,3.7084999084472656,3.6584999561309814,3.6584999561309814,221,COPPER
3.741499900817871,3.741499900817871,3.676500082015991,3.676500082015991,323,COPPER
3.7960000038146973,3.808000087738037,3.7939999103546143,3.808000087738037,231,COPPER
3.9509999752044678,3.9509999752044678,3.890500068664551,3.9170000553131104,260,COPPER
3.8550000190734863,3.871999979019165,3.8364999294281006,3.8480000495910645,661,COPPER
3.8394999504089355,3.8505001068115234,3.825000047683716,3.8489999771118164,409,COPPER
3.7880001068115234,3.7880001068115234,3.7880001068115234,3.7880001068115234,461,COPPER
3.689500093460083,3.696000099182129,3.67549991607666,3.695499897003174,427,COPPER
3.631999969482422,3.6589999198913574,3.631999969482422,3.6584999561309814,645,COPPER
3.571500062942505,3.6010000705718994,3.566499948501587,3.5999999046325684,455,COPPER
3.614500045776367,3.6514999866485596,3.614500045776367,3.6514999866485596,539,COPPER
3.617500066757202,3.621000051498413,3.6080000400543213,3.6080000400543213,296,COPPER
3.626499891281128,3.628999948501587,3.626499891281128,3.628999948501587,301,COPPER
3.6105000972747803,3.6105000972747803,3.5785000324249268,3.5785000324249268,31550,COPPER
3.630000114440918,3.677000045776367,3.5905001163482666,3.5950000286102295,8381,COPPER
3.7295000553131104,3.7820000648498535,3.627000093460083,3.631500005722046,2093,COPPER
3.813999891281128,3.813999891281128,3.7339999675750732,3.7829999923706055,1366,COPPER
3.8480000495910645,3.8585000038146973,3.75600004196167,3.7730000019073486,660,COPPER
3.7894999980926514,3.871500015258789,3.7699999809265137,3.870500087738037,686,COPPER
3.811500072479248,3.8575000762939453,3.7860000133514404,3.7860000133514404,856,COPPER
3.8554999828338623,3.8570001125335693,3.7774999141693115,3.81850004196167,535,COPPER
3.880500078201294,3.9045000076293945,3.8369998931884766,3.8369998931884766,786,COPPER
3.875999927520752,3.9119999408721924,3.8499999046325684,3.880000114440918,599,COPPER
3.7985000610351562,3.8454999923706055,3.7894999980926514,3.8410000801086426,542,COPPER
3.8394999504089355,3.9144999980926514,3.805999994277954,3.821000099182129,522,COPPER
3.875,3.876499891281128,3.8269999027252197,3.8380000591278076,589,COPPER
3.763000011444092,3.8575000762939453,3.758500099182129,3.8575000762939453,1002,COPPER
3.7614998817443848,3.7960000038146973,3.740000009536743,3.7790000438690186,616,COPPER
3.7829999923706055,3.811000108718872,3.751499891281128,3.811000108718872,601,COPPER
3.797499895095825,3.805500030517578,3.7249999046325684,3.746999979019165,585,COPPER
3.805999994277954,3.813999891281128,3.803999900817871,3.806999921798706,578,COPPER
3.751499891281128,3.8369998931884766,3.750499963760376,3.822000026702881,591,COPPER
3.802999973297119,3.811000108718872,3.759999990463257,3.7834999561309814,370,COPPER
3.8334999084472656,3.927999973297119,3.8334999084472656,3.864000082015991,380,COPPER
3.8320000171661377,3.8420000076293945,3.819000005722046,3.8420000076293945,550,COPPER
3.821000099182129,3.8424999713897705,3.809000015258789,3.8310000896453857,723,COPPER
3.805500030517578,3.8315000534057617,3.802000045776367,3.8264999389648438,681,COPPER
3.7660000324249268,3.8420000076293945,3.7614998817443848,3.8324999809265137,1032,COPPER
3.739500045776367,3.752000093460083,3.7274999618530273,3.7360000610351562,663,COPPER
3.818000078201294,3.818000078201294,3.80049991607666,3.80049991607666,367,COPPER
3.9084999561309814,3.9135000705718994,3.813499927520752,3.813499927520752,422,COPPER
4.018499851226807,4.0269999504089355,3.938499927520752,3.94350004196167,837,COPPER
4.066999912261963,4.066999912261963,4.008500099182129,4.012499809265137,676,COPPER
4.1545000076293945,4.173999786376953,4.105999946594238,4.108500003814697,657,COPPER
4.185999870300293,4.190999984741211,4.145999908447266,4.1504998207092285,532,COPPER
4.207499980926514,4.207499980926514,4.146999835968018,4.178999900817871,372,COPPER
4.215000152587891,4.2195000648498535,4.140999794006348,4.140999794006348,406,COPPER
4.228499889373779,4.314499855041504,4.211999893188477,4.2170000076293945,514,COPPER
4.226500034332275,4.232500076293945,4.194499969482422,4.194499969482422,350,COPPER
4.248499870300293,4.252999782562256,4.21999979019165,4.21999979019165,447,COPPER
4.254000186920166,4.2795000076293945,4.242000102996826,4.2795000076293945,495,COPPER
4.245500087738037,4.251500129699707,4.229000091552734,4.251500129699707,527,COPPER
4.239999771118164,4.239999771118164,4.2144999504089355,4.2144999504089355,380,COPPER
4.267000198364258,4.267000198364258,4.237500190734863,4.255000114440918,616,COPPER
4.223999977111816,4.223999977111816,4.223999977111816,4.223999977111816,596,COPPER
4.203499794006348,4.236499786376953,4.17549991607666,4.234499931335449,468,COPPER
4.228499889373779,4.232500076293945,4.141499996185303,4.170000076293945,518,COPPER
4.111000061035156,4.192500114440918,4.109499931335449,4.167500019073486,969,COPPER
4.093999862670898,4.189000129699707,4.088500022888184,4.189000129699707,558,COPPER
4.063000202178955,4.11899995803833,4.053999900817871,4.0960001945495605,624,COPPER
4.043499946594238,4.06850004196167,4.00600004196167,4.06850004196167,299,COPPER
4.088500022888184,4.088500022888184,4.017499923706055,4.019999980926514,278,COPPER
4.043499946594238,4.113500118255615,4.026500225067139,4.113500118255615,263,COPPER
4.105500221252441,4.105500221252441,4.07450008392334,4.105500221252441,256,COPPER
4.027500152587891,4.043499946594238,4.027500152587891,4.043499946594238,320,COPPER
4.086999893188477,4.086999893188477,4.027500152587891,4.027500152587891,345,COPPER
4.110000133514404,4.110000133514404,4.079999923706055,4.083000183105469,390,COPPER
4.052000045776367,4.069499969482422,4.014999866485596,4.02400016784668,482,COPPER
4.165500164031982,4.165500164031982,4.110000133514404,4.110000133514404,490,COPPER
4.113999843597412,4.131999969482422,4.113999843597412,4.113999843597412,513,COPPER
4.234499931335449,4.236999988555908,4.179500102996826,4.179999828338623,406,COPPER
4.202499866485596,4.203499794006348,4.173999786376953,4.201000213623047,682,COPPER
4.072999954223633,4.152500152587891,4.071499824523926,4.151500225067139,306,COPPER
3.9549999237060547,4.019499778747559,3.9549999237060547,4.019499778747559,53656,COPPER
4.008999824523926,4.01800012588501,3.934499979019165,3.9570000171661377,8905,COPPER
4.097499847412109,4.100500106811523,4.002999782562256,4.012499809265137,1526,COPPER
4.168000221252441,4.181000232696533,4.110000133514404,4.110000133514404,901,COPPER
4.084000110626221,4.175000190734863,4.059999942779541,4.175000190734863,830,COPPER
4.078000068664551,4.123000144958496,4.072999954223633,4.079500198364258,663,COPPER
4.100500106811523,4.100500106811523,4.0229997634887695,4.054999828338623,795,COPPER
3.9865000247955322,4.0879998207092285,3.9755001068115234,4.086999893188477,906,COPPER
4.041500091552734,4.078999996185303,3.9809999465942383,3.9814999103546143,525,COPPER
4.054500102996826,4.05649995803833,4.03000020980835,4.046500205993652,584,COPPER
4.045499801635742,4.067500114440918,3.990000009536743,4.01200008392334,591,COPPER
4.069499969482422,4.079999923706055,3.946000099182129,4.0229997634887695,842,COPPER
4.010499954223633,4.061999797821045,4.000999927520752,4.0395002365112305,923,COPPER
3.8564999103546143,4.020999908447266,3.8564999103546143,4.020999908447266,875,COPPER
3.885499954223633,3.9059998989105225,3.8399999141693115,3.9040000438690186,592,COPPER
3.9135000705718994,3.9590001106262207,3.8965001106262207,3.942500114440918,498,COPPER
3.9755001068115234,3.9825000762939453,3.9240000247955322,3.937000036239624,532,COPPER
4.018499851226807,4.051499843597412,4.017000198364258,4.051000118255615,571,COPPER
4.06850004196167,4.080999851226807,4.005000114440918,4.021500110626221,641,COPPER
4.145999908447266,4.145999908447266,4.0854997634887695,4.099999904632568,465,COPPER
4.101500034332275,4.165500164031982,4.075500011444092,4.165500164031982,471,COPPER
4.104499816894531,4.125500202178955,4.059999942779541,4.059999942779541,566,COPPER
4.111999988555908,4.124499797821045,4.0879998207092285,4.108500003814697,496,COPPER
4.114999771118164,4.132999897003174,4.111000061035156,4.132999897003174,636,COPPER
4.0904998779296875,4.120500087738037,4.078999996185303,4.119999885559082,636,COPPER
4.104499816894531,4.104499816894531,4.0320000648498535,4.0320000648498535,520,COPPER
4.059500217437744,4.096499919891357,4.056000232696533,4.096499919891357,398,COPPER
3.9835000038146973,4.065999984741211,3.9739999771118164,4.065999984741211,372,COPPER
3.997999906539917,3.997999906539917,3.9579999446868896,3.9790000915527344,274,COPPER
4.026000022888184,4.0370001792907715,3.997499942779541,4.0370001792907715,0,COPPER
3.9865000247955322,3.997999906539917,3.9779999256134033,3.9885001182556152,230,COPPER
4.024499893188477,4.040999889373779,4.024499893188477,4.040999889373779,337,COPPER
4.084499835968018,4.084499835968018,3.999000072479248,4.010499954223633,288,COPPER
4.124000072479248,4.134500026702881,4.099999904632568,4.099999904632568,539,COPPER
4.107500076293945,4.189499855041504,4.100500106811523,4.189499855041504,484,COPPER
4.065999984741211,4.107999801635742,4.061500072479248,4.10699987411499,374,COPPER
4.0894999504089355,4.0894999504089355,4.059999942779541,4.059999942779541,326,COPPER
4.072000026702881,4.072000026702881,4.0289998054504395,4.070000171661377,494,COPPER
4.021999835968018,4.059500217437744,4.010000228881836,4.058000087738037,471,COPPER
3.9800000190734863,4.005499839782715,3.9800000190734863,4.002999782562256,583,COPPER
3.953000068664551,3.9639999866485596,3.950000047683716,3.9639999866485596,522,COPPER
3.8459999561309814,3.880000114440918,3.8429999351501465,3.880000114440918,671,COPPER
3.8499999046325684,3.868000030517578,3.8434998989105225,3.868000030517578,38282,COPPER
3.864500045776367,3.878499984741211,3.805000066757202,3.8410000801086426,6253,COPPER
3.869999885559082,3.8994998931884766,3.8399999141693115,3.871500015258789,1453,COPPER
3.9170000553131104,3.9830000400543213,3.8554999828338623,3.871500015258789,897,COPPER
3.8480000495910645,3.93149995803833,3.8429999351501465,3.9184999465942383,820,COPPER
3.8315000534057617,3.8450000286102295,3.821500062942505,3.8299999237060547,682,COPPER
3.8499999046325684,3.883500099182129,3.8239998817443848,3.883500099182129,847,COPPER
3.871500015258789,3.885499954223633,3.8434998989105225,3.8489999771118164,472,COPPER
3.9179999828338623,3.940999984741211,3.8864998817443848,3.8894999027252197,327,COPPER
3.8889999389648438,3.9094998836517334,3.874000072479248,3.9094998836517334,396,COPPER
3.828000068664551,3.873500108718872,3.818000078201294,3.8489999771118164,545,COPPER
3.697499990463257,3.802000045776367,3.677999973297119,3.799999952316284,802,COPPER
3.7165000438690186,3.7260000705718994,3.690000057220459,3.690000057220459,318,COPPER
3.737499952316284,3.751499891281128,3.7309999465942383,3.751499891281128,476,COPPER
3.6545000076293945,3.736999988555908,3.6454999446868896,3.7360000610351562,544,COPPER
3.743000030517578,3.749000072479248,3.6459999084472656,3.6459999084472656,530,COPPER
3.68149995803833,3.7135000228881836,3.680500030517578,3.7135000228881836,704,COPPER
3.7225000858306885,3.755500078201294,3.692500114440918,3.692500114440918,522,COPPER
3.6740000247955322,3.7184998989105225,3.6600000858306885,3.7179999351501465,614,COPPER
3.6414999961853027,3.6700000762939453,3.61299991607666,3.6700000762939453,367,COPPER
3.553499937057495,3.6040000915527344,3.5399999618530273,3.5999999046325684,553,COPPER
3.5804998874664307,3.6089999675750732,3.56850004196167,3.5845000743865967,546,COPPER
3.6735000610351562,3.6735000610351562,3.6050000190734863,3.6050000190734863,660,COPPER
3.6579999923706055,3.680000066757202,3.632499933242798,3.6670000553131104,1442,COPPER
3.63100004196167,3.6600000858306885,3.618499994277954,3.626499891281128,484,COPPER
3.7065000534057617,3.7114999294281006,3.678999900817871,3.683500051498413,403,COPPER
3.7225000858306885,3.7674999237060547,3.7190001010894775,3.7669999599456787,326,COPPER
3.762500047683716,3.7730000019073486,3.7204999923706055,3.7204999923706055,475,COPPER
3.7669999599456787,3.7685000896453857,3.7330000400543213,3.7330000400543213,343,COPPER
3.754499912261963,3.7825000286102295,3.75,3.758500099182129,430,COPPER
3.7964999675750732,3.7964999675750732,3.7774999141693115,3.7795000076293945,364,COPPER
3.7890000343322754,3.7890000343322754,3.7799999713897705,3.7890000343322754,260,COPPER
3.750499963760376,3.7685000896453857,3.748500108718872,3.75,348,COPPER
3.8285000324249268,3.8570001125335693,3.815999984741211,3.818000078201294,407,COPPER
3.865999937057495,3.865999937057495,3.8399999141693115,3.8405001163482666,310,COPPER
3.8965001106262207,3.8965001106262207,3.8125,3.8125,369,COPPER
3.884500026702881,3.8949999809265137,3.878499984741211,3.8949999809265137,368,COPPER
3.878499984741211,3.8945000171661377,3.8415000438690186,3.859999895095825,347,COPPER
3.9110000133514404,3.9110000133514404,3.859999895095825,3.859999895095825,409,COPPER
3.8884999752044678,3.950000047683716,3.88700008392334,3.950000047683716,407,COPPER
3.805999994277954,3.8299999237060547,3.7950000762939453,3.8299999237060547,376,COPPER
3.7864999771118164,3.823499917984009,3.7799999713897705,3.820499897003174,455,COPPER
3.7815001010894775,3.7985000610351562,3.7720000743865967,3.7730000019073486,504,COPPER
3.7204999923706055,3.740000009536743,3.7160000801086426,3.740000009536743,22765,COPPER
3.677500009536743,3.7309999465942383,3.6624999046325684,3.7109999656677246,3999,COPPER
3.740999937057495,3.751499891281128,3.677500009536743,3.677500009536743,1048,COPPER
3.7790000438690186,3.7904999256134033,3.747499942779541,3.747499942779541,1069,COPPER
3.753499984741211,3.7730000019073486,3.7209999561309814,3.7709999084472656,652,COPPER
3.7200000286102295,3.746500015258789,3.7119998931884766,3.743000030517578,711,COPPER
3.7669999599456787,3.7699999809265137,3.7269999980926514,3.7325000762939453,664,COPPER
3.7715001106262207,3.7739999294281006,3.737499952316284,3.7644999027252197,686,COPPER
3.753499984741211,3.799999952316284,3.740000009536743,3.7809998989105225,530,COPPER
3.8420000076293945,3.8420000076293945,3.7764999866485596,3.7855000495910645,733,COPPER
3.929500102996826,3.938999891281128,3.885499954223633,3.885499954223633,704,COPPER
3.921999931335449,3.935499906539917,3.9000000953674316,3.931999921798706,486,COPPER
3.8320000171661377,3.888000011444092,3.813499927520752,3.888000011444092,390,COPPER
3.815999984741211,3.8334999084472656,3.796999931335449,3.8334999084472656,492,COPPER
3.799499988555908,3.802999973297119,3.7799999713897705,3.797499895095825,510,COPPER
3.817500114440918,3.872999906539917,3.812000036239624,3.825500011444092,729,COPPER
3.802999973297119,3.8399999141693115,3.7925000190734863,3.8399999141693115,594,COPPER
3.8405001163482666,3.8405001163482666,3.7750000953674316,3.812000036239624,627,COPPER
3.9019999504089355,3.921999931335449,3.872499942779541,3.872499942779541,941,COPPER
3.890500068664551,3.8949999809265137,3.871500015258789,3.871500015258789,795,COPPER
3.8635001182556152,3.8635001182556152,3.8635001182556152,3.8635001182556152,544,COPPER
3.9170000553131104,3.9205000400543213,3.880500078201294,3.880500078201294,1510,COPPER
3.994499921798706,4.000999927520752,3.9210000038146973,3.9210000038146973,1430,COPPER
3.8935000896453857,4.002500057220459,3.8935000896453857,4.002500057220459,1186,COPPER
3.827500104904175,3.869999885559082,3.8269999027252197,3.869999885559082,1122,COPPER
3.875999927520752,3.875999927520752,3.825000047683716,3.828000068664551,1055,COPPER
3.8450000286102295,3.8450000286102295,3.803499937057495,3.8304998874664307,457,COPPER
3.812999963760376,3.812999963760376,3.803999900817871,3.806999921798706,480,COPPER
3.747999906539917,3.7799999713897705,3.7084999084472656,3.7799999713897705,706,COPPER
3.7674999237060547,3.796999931335449,3.76200008392334,3.796999931335449,570,COPPER
3.750999927520752,3.811500072479248,3.740000009536743,3.7890000343322754,668,COPPER
3.7144999504089355,3.7200000286102295,3.690000057220459,3.7200000286102295,753,COPPER
3.7244999408721924,3.7260000705718994,3.7044999599456787,3.7235000133514404,540,COPPER
3.6614999771118164,3.6875,3.6530001163482666,3.6760001182556152,620,COPPER
3.6514999866485596,3.677500009536743,3.6514999866485596,3.6619999408721924,671,COPPER
3.685499906539917,3.686000108718872,3.674499988555908,3.685499906539917,524,COPPER
3.6989998817443848,3.700000047683716,3.686500072479248,3.694000005722046,299,COPPER
3.7119998931884766,3.7190001010894775,3.7014999389648438,3.7190001010894775,320,COPPER
3.750499963760376,3.759000062942505,3.736999988555908,3.746000051498413,381,COPPER
3.803499937057495,3.806999921798706,3.7950000762939453,3.7950000762939453,317,COPPER
3.7674999237060547,3.7815001010894775,3.765000104904175,3.7815001010894775,472,COPPER
3.759999990463257,3.7955000400543213,3.759999990463257,3.7955000400543213,251,COPPER
3.753999948501587,3.7679998874664307,3.753999948501587,3.7664999961853027,549,COPPER
3.7929999828338623,3.7929999828338623,3.7880001068115234,3.7904999256134033,29529,COPPER
3.7850000858306885,3.7950000762939453,3.7634999752044678,3.7925000190734863,7893,COPPER
3.7725000381469727,3.7925000190734863,3.75,3.7880001068115234,2069,COPPER
3.8125,3.861999988555908,3.7860000133514404,3.7920000553131104,822,COPPER
3.811000108718872,3.811000108718872,3.7664999961853027,3.806999921798706,944,COPPER
3.748500108718872,3.803499937057495,3.743499994277954,3.7990000247955322,837,COPPER
3.7260000705718994,3.753999948501587,3.7039999961853027,3.753999948501587,787,COPPER
3.680500030517578,3.7135000228881836,3.6760001182556152,3.7135000228881836,1120,COPPER
3.7699999809265137,3.7744998931884766,3.702500104904175,3.702500104904175,846,COPPER
3.752000093460083,3.763000011444092,3.7360000610351562,3.762500047683716,460,COPPER
3.75600004196167,3.763000011444092,3.746000051498413,3.749500036239624,509,COPPER
3.7825000286102295,3.799999952316284,3.760999917984009,3.799999952316284,545,COPPER
3.7634999752044678,3.805500030517578,3.756999969482422,3.805500030517578,556,COPPER
3.741499900817871,3.744999885559082,3.7330000400543213,3.744999885559082,674,COPPER
3.7139999866485596,3.7139999866485596,3.700000047683716,3.7100000381469727,717,COPPER
3.746500015258789,3.746500015258789,3.7079999446868896,3.7335000038146973,842,COPPER
3.6665000915527344,3.7184998989105225,3.609999895095825,3.7079999446868896,628,COPPER
3.6654999256134033,3.686500072479248,3.6654999256134033,3.686500072479248,586,COPPER
3.6494998931884766,3.6659998893737793,3.6489999294281006,3.6635000705718994,1582,COPPER
3.625,3.6435000896453857,3.619999885559082,3.619999885559082,702,COPPER
3.627000093460083,3.627000093460083,3.619499921798706,3.619999885559082,1228,COPPER
3.694499969482422,3.697499990463257,3.615999937057495,3.625499963760376,935,COPPER
3.7260000705718994,3.7664999961853027,3.7174999713897705,3.73799991607666,815,COPPER
3.631999969482422,3.692500114440918,3.631500005722046,3.692500114440918,621,COPPER
3.615499973297119,3.631500005722046,3.6059999465942383,3.631500005722046,525,COPPER
3.5840001106262207,3.6115000247955322,3.570499897003174,3.6115000247955322,395,COPPER
3.546999931335449,3.5759999752044678,3.546999931335449,3.565999984741211,376,COPPER
3.624500036239624,3.631999969482422,3.555999994277954,3.555999994277954,326,COPPER
3.6424999237060547,3.6540000438690186,3.6424999237060547,3.6429998874664307,318,COPPER
3.631999969482422,3.631999969482422,3.5954999923706055,3.5954999923706055,331,COPPER
3.614000082015991,3.614000082015991,3.614000082015991,3.614000082015991,433,COPPER
3.5940001010894775,3.618000030517578,3.5855000019073486,3.618000030517578,349,COPPER
3.5799999237060547,3.5950000286102295,3.572499990463257,3.5945000648498535,388,COPPER
3.5869998931884766,3.5899999141693115,3.5820000171661377,3.5820000171661377,298,COPPER
3.575500011444092,3.575500011444092,3.5450000762939453,3.5450000762939453,375,COPPER
3.5820000171661377,3.6080000400543213,3.5785000324249268,3.6080000400543213,340,COPPER
3.5915000438690186,3.5915000438690186,3.5739998817443848,3.5739998817443848,418,COPPER
3.5420000553131104,3.566999912261963,3.5364999771118164,3.566999912261963,760,COPPER
3.572999954223633,3.572999954223633,3.5299999713897705,3.5299999713897705,387,COPPER
3.609999895095825,3.61899995803833,3.549999952316284,3.549999952316284,645,COPPER
3.572000026702881,3.5924999713897705,3.569999933242798,3.5924999713897705,501,COPPER
3.56850004196167,3.5789999961853027,3.563999891281128,3.5789999961853027,556,COPPER
3.634000062942505,3.634999990463257,3.63100004196167,3.634999990463257,847,COPPER
3.6494998931884766,3.6989998817443848,3.635499954223633,3.635499954223633,665,COPPER
3.6414999961853027,3.6494998931884766,3.630000114440918,3.6465001106262207,771,COPPER
3.6449999809265137,3.678999900817871,3.635999917984009,3.6484999656677246,546,COPPER
3.6670000553131104,3.676500082015991,3.6579999923706055,3.6579999923706055,412,COPPER
3.674499988555908,3.69350004196167,3.6630001068115234,3.69350004196167,357,COPPER
3.7095000743865967,3.7100000381469727,3.7054998874664307,3.7074999809265137,368,COPPER
3.6700000762939453,3.676500082015991,3.640000104904175,3.6584999561309814,313,COPPER
3.628000020980835,3.6470000743865967,3.628000020980835,3.6470000743865967,435,COPPER
3.634999990463257,3.6435000896453857,3.609999895095825,3.619999885559082,363,COPPER
3.5834999084472656,3.624500036239624,3.5834999084472656,3.624000072479248,493,COPPER
3.6624999046325684,3.6624999046325684,3.6440000534057617,3.6440000534057617,575,COPPER
3.682499885559082,3.703000068664551,3.682499885559082,3.703000068664551,762,COPPER
3.7174999713897705,3.7204999923706055,3.67549991607666,3.678499937057495,383,COPPER
3.7044999599456787,3.7044999599456787,3.693000078201294,3.693000078201294,338,COPPER
3.737499952316284,3.737499952316284,3.686500072479248,3.686500072479248,493,COPPER
3.8125,3.8125,3.748500108718872,3.75,377,COPPER
3.814500093460083,3.814500093460083,3.7980000972747803,3.810499906539917,466,COPPER
3.7664999961853027,3.7799999713897705,3.759999990463257,3.7799999713897705,596,COPPER
3.7790000438690186,3.7790000438690186,3.7695000171661377,3.7695000171661377,596,COPPER
3.7964999675750732,3.7964999675750732,3.7695000171661377,3.7695000171661377,373,COPPER
3.762500047683716,3.7815001010894775,3.755000114440918,3.7815001010894775,435,COPPER
3.8010001182556152,3.8010001182556152,3.755000114440918,3.755000114440918,32871,COPPER
3.7860000133514404,3.822000026702881,3.7730000019073486,3.808000087738037,6653,COPPER
3.8289999961853027,3.8399999141693115,3.7844998836517334,3.799999952316284,2571,COPPER
3.9089999198913574,3.9100000858306885,3.8299999237060547,3.8375000953674316,2050,COPPER
3.820499897003174,3.8965001106262207,3.812000036239624,3.8959999084472656,963,COPPER
3.7725000381469727,3.822999954223633,3.759000062942505,3.812000036239624,971,COPPER
3.7165000438690186,3.809000015258789,3.7130000591278076,3.7730000019073486,551,COPPER
3.7844998836517334,3.7855000495910645,3.7160000801086426,3.7160000801086426,721,COPPER
3.819999933242798,3.8510000705718994,3.7860000133514404,3.7860000133514404,421,COPPER
3.7799999713897705,3.7885000705718994,3.7674999237060547,3.7839999198913574,723,COPPER
3.7860000133514404,3.796999931335449,3.7715001106262207,3.7804999351501465,808,COPPER
3.7860000133514404,3.8320000171661377,3.755000114440918,3.7880001068115234,679,COPPER
3.8884999752044678,3.8989999294281006,3.869999885559082,3.884999990463257,1003,COPPER
3.884999990463257,3.8910000324249268,3.864000082015991,3.871500015258789,853,COPPER
3.8480000495910645,3.8480000495910645,3.8480000495910645,3.8480000495910645,464,COPPER
3.8959999084472656,3.9200000762939453,3.8959999084472656,3.9000000953674316,701,COPPER
3.9014999866485596,3.927000045776367,3.874000072479248,3.9014999866485596,638,COPPER
3.9084999561309814,3.9154999256134033,3.9075000286102295,3.9075000286102295,781,COPPER
3.8954999446868896,3.9195001125335693,3.8919999599456787,3.9144999980926514,547,COPPER
3.8954999446868896,3.927000045776367,3.8919999599456787,3.9235000610351562,525,COPPER
3.94350004196167,3.94350004196167,3.9230000972747803,3.9230000972747803,1283,COPPER
3.9130001068115234,3.9489998817443848,3.9030001163482666,3.9489998817443848,940,COPPER
3.880500078201294,3.9130001068115234,3.869999885559082,3.9130001068115234,349,COPPER
3.86899995803833,3.9019999504089355,3.8559999465942383,3.882499933242798,879,COPPER
3.8475000858306885,3.861999988555908,3.8294999599456787,3.8375000953674316,395,COPPER
3.8310000896453857,3.8559999465942383,3.811500072479248,3.8550000190734863,389,COPPER
3.7945001125335693,3.8394999504089355,3.7929999828338623,3.8324999809265137,413,COPPER
3.799499988555908,3.813499927520752,3.7799999713897705,3.796999931335449,406,COPPER
3.748500108718872,3.7880001068115234,3.747999906539917,3.7874999046325684,409,COPPER
3.7809998989105225,3.7839999198913574,3.757999897003174,3.757999897003174,650,COPPER
3.7764999866485596,3.7934999465942383,3.7764999866485596,3.7929999828338623,292,COPPER
3.740000009536743,3.7925000190734863,3.740000009536743,3.7869999408721924,430,COPPER
3.7664999961853027,3.7750000953674316,3.763000011444092,3.763000011444092,295,COPPER
3.7325000762939453,3.747999906539917,3.7295000553131104,3.734999895095825,319,COPPER
3.744999885559082,3.744999885559082,3.7200000286102295,3.7274999618530273,289,COPPER
3.7869999408721924,3.7880001068115234,3.762500047683716,3.762500047683716,264,COPPER
3.7639999389648438,3.7674999237060547,3.76200008392334,3.76200008392334,493,COPPER
3.7904999256134033,3.7960000038146973,3.7855000495910645,3.7960000038146973,401,COPPER
3.882499933242798,3.884999990463257,3.796999931335449,3.802500009536743,523,COPPER
3.865499973297119,3.865499973297119,3.859999895095825,3.862499952316284,413,COPPER
3.8505001068115234,3.869499921798706,3.8505001068115234,3.865999937057495,632,COPPER
3.872999906539917,3.872999906539917,3.8399999141693115,3.8399999141693115,706,COPPER
3.9065001010894775,3.9144999980926514,3.8589999675750732,3.868499994277954,562,COPPER
3.9024999141693115,3.936000108718872,3.884999990463257,3.9110000133514404,750,COPPER
3.8524999618530273,3.8954999446868896,3.8450000286102295,3.8954999446868896,695,COPPER
3.821500062942505,3.8499999046325684,3.821500062942505,3.8499999046325684,529,COPPER
3.7720000743865967,3.805000066757202,3.7669999599456787,3.805000066757202,372,COPPER
3.7825000286102295,3.7915000915527344,3.7764999866485596,3.7764999866485596,327,COPPER
3.737499952316284,3.7844998836517334,3.734999895095825,3.7844998836517334,351,COPPER
3.7054998874664307,3.742500066757202,3.691999912261963,3.742500066757202,383,COPPER
3.686000108718872,3.696500062942505,3.686000108718872,3.696500062942505,324,COPPER
3.7284998893737793,3.7284998893737793,3.7209999561309814,3.7209999561309814,200,COPPER
3.7139999866485596,3.7330000400543213,3.7065000534057617,3.7314999103546143,197,COPPER
3.700500011444092,3.700500011444092,3.69950008392334,3.69950008392334,359,COPPER
3.756500005722046,3.757499933242798,3.7314999103546143,3.7314999103546143,273,COPPER
3.8380000591278076,3.8415000438690186,3.8264999389648438,3.8264999389648438,334,COPPER
3.866499900817871,3.866499900817871,3.866499900817871,3.866499900817871,392,COPPER
3.874500036239624,3.875,3.8559999465942383,3.8570001125335693,358,COPPER
3.8975000381469727,3.8975000381469727,3.867000102996826,3.8965001106262207,255,COPPER
3.881999969482422,3.881999969482422,3.8605000972747803,3.8605000972747803,462,COPPER
3.8239998817443848,3.8399999141693115,3.8239998817443848,3.8399999141693115,515,COPPER
3.8310000896453857,3.8310000896453857,3.819999933242798,3.819999933242798,23671,COPPER
3.827500104904175,3.8324999809265137,3.801500082015991,3.8304998874664307,7289,COPPER
3.8345000743865967,3.8464999198913574,3.825000047683716,3.827500104904175,2054,COPPER
3.8550000190734863,3.8580000400543213,3.809000015258789,3.8380000591278076,1346,COPPER
3.8519999980926514,3.881500005722046,3.8434998989105225,3.8450000286102295,1136,COPPER
3.8440001010894775,3.86299991607666,3.8380000591278076,3.8464999198913574,929,COPPER
3.870500087738037,3.8914999961853027,3.8375000953674316,3.8399999141693115,987,COPPER
3.9195001125335693,3.930999994277954,3.874000072479248,3.874000072479248,1243,COPPER
3.884999990463257,3.931999921798706,3.878000020980835,3.9175000190734863,693,COPPER
3.922499895095825,3.9230000972747803,3.88700008392334,3.88700008392334,691,COPPER
3.924999952316284,3.940000057220459,3.8965001106262207,3.930000066757202,775,COPPER
4.052499771118164,4.056000232696533,3.9205000400543213,3.9230000972747803,828,COPPER
4.0370001792907715,4.054999828338623,4.01800012588501,4.054999828338623,861,COPPER
4.112500190734863,4.120500087738037,4.035999774932861,4.040500164031982,822,COPPER
4.114500045776367,4.145999908447266,4.093999862670898,4.105000019073486,950,COPPER
4.058499813079834,4.114500045776367,4.050000190734863,4.114500045776367,978,COPPER
4.03849983215332,4.077499866485596,4.019999980926514,4.065000057220459,776,COPPER
4.046500205993652,4.085999965667725,4.031000137329102,4.085999965667725,867,COPPER
3.996000051498413,4.020500183105469,3.990000009536743,4.020500183105469,1056,COPPER
4.006999969482422,4.02400016784668,3.990000009536743,3.999500036239624,676,COPPER
3.996000051498413,3.998500108718872,3.9800000190734863,3.9800000190734863,852,COPPER
3.992500066757202,4.005000114440918,3.9690001010894775,3.995500087738037,715,COPPER
4.003499984741211,4.019499778747559,3.9820001125335693,4.019499778747559,852,COPPER
4.046000003814697,4.073999881744385,4.04449987411499,4.073999881744385,623,COPPER
4.070000171661377,4.08650016784668,4.053999900817871,4.053999900817871,458,COPPER
4.192999839782715,4.20550012588501,4.072500228881836,4.072500228881836,431,COPPER
4.246500015258789,4.246500015258789,4.21750020980835,4.2220001220703125,205,COPPER
4.239500045776367,4.239500045776367,4.235000133514404,4.239500045776367,1377,COPPER
4.2769999504089355,4.296999931335449,4.18149995803833,4.18149995803833,223,COPPER
4.285999774932861,4.285999774932861,4.274499893188477,4.2769999504089355,206,COPPER
4.2820000648498535,4.2820000648498535,4.264500141143799,4.274499893188477,316,COPPER
4.251999855041504,4.272500038146973,4.230500221252441,4.272500038146973,355,COPPER
4.257500171661377,4.340000152587891,4.255499839782715,4.340000152587891,252,COPPER
4.379000186920166,4.382999897003174,4.285999774932861,4.382999897003174,289,COPPER
4.305500030517578,4.365499973297119,4.28000020980835,4.364999771118164,314,COPPER
4.34250020980835,4.371500015258789,4.34250020980835,4.371500015258789,234,COPPER
4.440499782562256,4.440499782562256,4.414999961853027,4.414999961853027,295,COPPER
4.501999855041504,4.514500141143799,4.442500114440918,4.442500114440918,248,COPPER
4.500500202178955,4.500500202178955,4.4720001220703125,4.478499889373779,468,COPPER
4.490499973297119,4.490499973297119,4.420000076293945,4.485000133514404,570,COPPER
4.4670000076293945,4.496500015258789,4.4670000076293945,4.4670000076293945,417,COPPER
4.570499897003174,4.570499897003174,4.570499897003174,4.570499897003174,396,COPPER
4.568999767303467,4.624499797821045,4.568999767303467,4.624499797821045,55975,COPPER
4.658999919891357,4.677999973297119,4.5625,4.572999954223633,11865,COPPER
4.564499855041504,4.690999984741211,4.542500019073486,4.675000190734863,2062,COPPER
4.552499771118164,4.598499774932861,4.513500213623047,4.540500164031982,1659,COPPER
4.49399995803833,4.580999851226807,4.47599983215332,4.580999851226807,864,COPPER
4.573500156402588,4.573500156402588,4.504499912261963,4.514500141143799,879,COPPER
4.634500026702881,4.646999835968018,4.584000110626221,4.59250020980835,642,COPPER
4.625500202178955,4.63700008392334,4.593500137329102,4.630000114440918,823,COPPER
4.561999797821045,4.593999862670898,4.5320000648498535,4.583000183105469,1097,COPPER
4.607500076293945,4.616499900817871,4.53849983215332,4.559000015258789,905,COPPER
4.69350004196167,4.752999782562256,4.645500183105469,4.645999908447266,989,COPPER
4.804500102996826,4.809000015258789,4.685999870300293,4.685999870300293,853,COPPER
4.953499794006348,5.081999778747559,4.819499969482422,4.822999954223633,1046,COPPER
4.9695000648498535,5.177499771118164,4.863999843597412,4.989999771118164,724,COPPER
4.892000198364258,5.0229997634887695,4.881999969482422,5.0229997634887695,1150,COPPER
5.057000160217285,5.070499897003174,4.864999771118164,4.864999771118164,790,COPPER
5.087500095367432,5.198500156402588,5.0289998054504395,5.191999912261963,747,COPPER
5.11899995803833,5.161499977111816,5.057499885559082,5.057499885559082,568,COPPER
4.867499828338623,5.074999809265137,4.839000225067139,5.074999809265137,976,COPPER
4.816500186920166,4.8480000495910645,4.803500175476074,4.809999942779541,713,COPPER
4.778500080108643,4.824999809265137,4.772500038146973,4.815999984741211,689,COPPER
4.875500202178955,4.89900016784668,4.860000133514404,4.863500118255615,461,COPPER
4.805500030517578,4.805500030517578,4.796000003814697,4.802000045776367,1059,COPPER
4.671999931335449,4.7855000495910645,4.642499923706055,4.7754998207092285,1170,COPPER
4.610000133514404,4.651500225067139,4.583499908447266,4.638500213623047,615,COPPER
4.677000045776367,4.684000015258789,4.663000106811523,4.684000015258789,488,COPPER
4.547999858856201,4.685999870300293,4.54449987411499,4.685999870300293,593,COPPER
4.619500160217285,4.622499942779541,4.538000106811523,4.538000106811523,436,COPPER
4.690999984741211,4.690999984741211,4.650000095367432,4.661499977111816,376,COPPER
4.494500160217285,4.559999942779541,4.479499816894531,4.559999942779541,398,COPPER
4.55649995803833,4.568999767303467,4.474999904632568,4.474999904632568,391,COPPER
4.5229997634887695,4.5229997634887695,4.4654998779296875,4.4654998779296875,388,COPPER
4.581500053405762,4.587500095367432,4.523499965667725,4.526500225067139,384,COPPER
4.507500171661377,4.507500171661377,4.507500171661377,4.507500171661377,532,COPPER
4.551000118255615,4.551000118255615,4.508999824523926,4.516499996185303,577,COPPER
4.521500110626221,4.526000022888184,4.4710001945495605,4.4710001945495605,512,COPPER
4.561999797821045,4.561999797821045,4.449999809265137,4.449999809265137,454,COPPER
4.618000030517578,4.618000030517578,4.5920000076293945,4.605000019073486,445,COPPER
4.49399995803833,4.597499847412109,4.479000091552734,4.597499847412109,687,COPPER
4.5269999504089355,4.5269999504089355,4.476500034332275,4.480000019073486,668,COPPER
4.38100004196167,4.511499881744385,4.367499828338623,4.511499881744385,690,COPPER
4.367499828338623,4.367499828338623,4.36299991607666,4.363500118255615,27282,COPPER
4.328499794006348,4.365499973297119,4.304999828338623,4.359000205993652,6440,COPPER
4.390500068664551,4.415999889373779,4.318999767303467,4.326499938964844,1413,COPPER
4.426499843597412,4.433499813079834,4.362500190734863,4.388500213623047,991,COPPER
4.429500102996826,4.473999977111816,4.4004998207092285,4.423999786376953,894,COPPER
4.540999889373779,4.564499855041504,4.452499866485596,4.452499866485596,821,COPPER
4.6585001945495605,4.679999828338623,4.544000148773193,4.544000148773193,495,COPPER
4.622000217437744,4.667500019073486,4.607500076293945,4.609000205993652,561,COPPER
4.578000068664551,4.646999835968018,4.559000015258789,4.616499900817871,663,COPPER
4.607500076293945,4.645999908447266,4.5625,4.58050012588501,727,COPPER
4.508500099182129,4.611000061035156,4.505499839782715,4.600500106811523,979,COPPER
4.598499774932861,4.598499774932861,4.489999771118164,4.519499778747559,608,COPPER
4.5289998054504395,4.573500156402588,4.510000228881836,4.570000171661377,443,COPPER
4.443999767303467,4.513500213623047,4.429999828338623,4.511499881744385,782,COPPER
4.39900016784668,4.427499771118164,4.39300012588501,4.42549991607666,483,COPPER
4.265999794006348,4.398499965667725,4.265999794006348,4.398499965667725,437,COPPER
4.218999862670898,4.261000156402588,4.2179999351501465,4.251999855041504,302,COPPER
4.180500030517578,4.2210001945495605,4.147500038146973,4.218999862670898,483,COPPER
4.145999908447266,4.14900016784668,4.13700008392334,4.145500183105469,503,COPPER
4.098999977111816,4.138000011444092,4.098999977111816,4.132999897003174,596,COPPER
4.112500190734863,4.132500171661377,4.060500144958496,4.060500144958496,516,COPPER
4.104499816894531,4.126999855041504,4.0879998207092285,4.112500190734863,386,COPPER
4.061999797821045,4.065000057220459,4.049499988555908,4.065000057220459,863,COPPER
4.063000202178955,4.076000213623047,4.026500225067139,4.060999870300293,1667,COPPER
4.159999847412109,4.178999900817871,4.069499969482422,4.076499938964844,637,COPPER
4.066500186920166,4.111000061035156,4.05049991607666,4.111000061035156,880,COPPER
4.084000110626221,4.110000133514404,4.084000110626221,4.107500076293945,421,COPPER
3.9839999675750732,4.099999904632568,3.9260001182556152,4.099999904632568,585,COPPER
4.011499881744385,4.011499881744385,3.950000047683716,3.950000047683716,449,COPPER
3.9375,3.9684998989105225,3.927999973297119,3.9684998989105225,397,COPPER
3.944999933242798,3.9614999294281006,3.9175000190734863,3.9175000190734863,408,COPPER
3.9800000190734863,4.013999938964844,3.9660000801086426,3.9660000801086426,343,COPPER
4.054999828338623,4.071000099182129,4.019499778747559,4.019999980926514,399,COPPER
4.035999774932861,4.035999774932861,4.035999774932861,4.035999774932861,241,COPPER
4.025000095367432,4.052000045776367,4.025000095367432,4.05049991607666,190,COPPER
4.138999938964844,4.144000053405762,4.028500080108643,4.028500080108643,335,COPPER
4.127500057220459,4.127500057220459,4.0945000648498535,4.0945000648498535,286,COPPER
4.166500091552734,4.16949987411499,4.1645002365112305,4.165999889373779,237,COPPER
4.149499893188477,4.190999984741211,4.138999938964844,4.17549991607666,326,COPPER
4.18149995803833,4.184500217437744,4.173999786376953,4.173999786376953,299,COPPER
4.140999794006348,4.197999954223633,4.138999938964844,4.197999954223633,301,COPPER
4.194499969482422,4.204500198364258,4.193999767303467,4.193999767303467,301,COPPER
4.21150016784668,4.2144999504089355,4.19950008392334,4.19950008392334,346,COPPER
4.230500221252441,4.24399995803833,4.230500221252441,4.243500232696533,256,COPPER
4.144999980926514,4.21999979019165,4.144999980926514,4.21999979019165,24167,COPPER
4.147500038146973,4.177999973297119,4.104499816894531,4.144999980926514,6135,COPPER
4.144999980926514,4.196000099182129,4.142499923706055,4.180500030517578,1365,COPPER
4.0320000648498535,4.1545000076293945,3.993000030517578,4.14900016784668,1114,COPPER
4.019499778747559,4.043000221252441,3.990000009536743,4.031000137329102,944,COPPER
4.077499866485596,4.103499889373779,3.9820001125335693,4.0269999504089355,543,COPPER
4.014500141143799,4.113999843597412,4.004499912261963,4.078999996185303,679,COPPER
4.084499835968018,4.0960001945495605,4.046000003814697,4.046000003814697,679,COPPER
4.040500164031982,4.079999923706055,4.0329999923706055,4.079999923706055,674,COPPER
4.083000183105469,4.103000164031982,4.058000087738037,4.058000087738037,550,COPPER
4.132999897003174,4.166500091552734,4.111999988555908,4.111999988555908,749,COPPER
4.175000190734863,4.184000015258789,4.148499965667725,4.148499965667725,509,COPPER
4.2129998207092285,4.247000217437744,4.199999809265137,4.199999809265137,539,COPPER
4.213500022888184,4.232999801635742,4.19350004196167,4.223999977111816,463,COPPER
4.23799991607666,4.269999980926514,4.188499927520752,4.188499927520752,311,COPPER
4.285999774932861,4.310500144958496,4.269499778747559,4.300000190734863,566,COPPER
4.281499862670898,4.317999839782715,4.261000156402588,4.316999912261963,276,COPPER
4.289000034332275,4.297500133514404,4.248000144958496,4.249499797821045,755,COPPER
4.429500102996826,4.429500102996826,4.300000190734863,4.300000190734863,431,COPPER
4.427999973297119,4.453000068664551,4.423999786376953,4.453000068664551,563,COPPER
4.580999851226807,4.580999851226807,4.478499889373779,4.478499889373779,1237,COPPER
4.540999889373779,4.5894999504089355,4.520999908447266,4.566999912261963,1128,COPPER
4.495999813079834,4.610000133514404,4.465000152587891,4.610000133514404,416,COPPER
4.5355000495910645,4.538000106811523,4.511000156402588,4.51200008392334,748,COPPER
4.5960001945495605,4.605500221252441,4.56850004196167,4.576499938964844,469,COPPER
4.501999855041504,4.611000061035156,4.475500106811523,4.611000061035156,407,COPPER
4.522500038146973,4.551000118255615,4.504499912261963,4.504499912261963,440,COPPER
4.519000053405762,4.519000053405762,4.495500087738037,4.513999938964844,413,COPPER
4.4120001792907715,4.433000087738037,4.406499862670898,4.427999973297119,504,COPPER
4.355000019073486,4.390500068664551,4.355000019073486,4.390500068664551,425,COPPER
4.385000228881836,4.402500152587891,4.376999855041504,4.376999855041504,259,COPPER
4.451499938964844,4.451499938964844,4.4054999351501465,4.4054999351501465,336,COPPER
4.363500118255615,4.39900016784668,4.34499979019165,4.349999904632568,398,COPPER
4.30049991607666,4.364500045776367,4.293000221252441,4.364500045776367,614,COPPER
4.331500053405762,4.3354997634887695,4.314000129699707,4.318999767303467,430,COPPER
4.286499977111816,4.34499979019165,4.284999847412109,4.34499979019165,345,COPPER
4.3460001945495605,4.370999813079834,4.333000183105469,4.3520002365112305,406,COPPER
4.322999954223633,4.351500034332275,4.318999767303467,4.351500034332275,425,COPPER
4.3480000495910645,4.367000102996826,4.3480000495910645,4.367000102996826,378,COPPER
4.304500102996826,4.320000171661377,4.28000020980835,4.320000171661377,474,COPPER
4.319499969482422,4.367000102996826,4.293000221252441,4.367000102996826,556,COPPER
4.3394999504089355,4.3394999504089355,4.305500030517578,4.305500030517578,386,COPPER
4.331999778747559,4.33650016784668,4.329999923706055,4.333000183105469,611,COPPER
4.332499980926514,4.3480000495910645,4.324999809265137,4.324999809265137,1134,COPPER
4.327499866485596,4.35699987411499,4.3125,4.3394999504089355,936,COPPER
4.313499927520752,4.340000152587891,4.302499771118164,4.332499980926514,1249,COPPER
4.347499847412109,4.355000019073486,4.329999923706055,4.355000019073486,695,COPPER
4.4070000648498535,4.415999889373779,4.370999813079834,4.370999813079834,471,COPPER
4.450500011444092,4.458000183105469,4.39900016784668,4.39900016784668,585,COPPER
4.222499847412109,4.27400016784668,4.207499980926514,4.27400016784668,732,COPPER
4.409999847412109,4.411499977111816,4.2245001792907715,4.2245001792907715,394,COPPER
4.286499977111816,4.388500213623047,4.2754998207092285,4.388500213623047,473,COPPER
4.210999965667725,4.306000232696533,4.210999965667725,4.306000232696533,565,COPPER
4.119500160217285,4.165500164031982,4.117499828338623,4.165500164031982,542,COPPER
4.065999984741211,4.113999843597412,4.061500072479248,4.113999843597412,645,COPPER
4.072999954223633,4.072999954223633,4.058000087738037,4.061500072479248,451,COPPER
4.051000118255615,4.125500202178955,4.048500061035156,4.124000072479248,349,COPPER
4.107999801635742,4.116000175476074,4.063000202178955,4.063000202178955,371,COPPER
4.130000114440918,4.160999774932861,4.09499979019165,4.098499774932861,362,COPPER
4.143499851226807,4.145999908447266,4.130000114440918,4.144499778747559,437,COPPER
4.11299991607666,4.124000072479248,4.099999904632568,4.115499973297119,600,COPPER
4.073999881744385,4.083499908447266,4.068999767303467,4.077000141143799,514,COPPER
4.0914998054504395,4.103000164031982,4.089000225067139,4.103000164031982,335,COPPER
4.039000034332275,4.0395002365112305,4.036499977111816,4.0395002365112305,37274,COPPER
4.066999912261963,4.098999977111816,4.052000045776367,4.059000015258789,11425,COPPER
4.08050012588501,4.099999904632568,4.052999973297119,4.078000068664551,1274,COPPER
4.075500011444092,4.091000080108643,4.0320000648498535,4.072500228881836,1564,COPPER
4.145999908447266,4.204999923706055,4.065000057220459,4.09499979019165,1863,COPPER
4.142000198364258,4.1554999351501465,4.124499797821045,4.138000011444092,1579,COPPER
4.135000228881836,4.146999835968018,4.115499973297119,4.145500183105469,713,COPPER
4.138500213623047,4.190000057220459,4.136000156402588,4.138000011444092,514,COPPER
4.223499774932861,4.236000061035156,4.129499912261963,4.140999794006348,867,COPPER
4.223499774932861,4.227499961853027,4.194499969482422,4.204999923706055,1242,COPPER
4.214000225067139,4.258500099182129,4.184500217437744,4.2210001945495605,1029,COPPER
4.195000171661377,4.2804999351501465,4.170000076293945,4.2804999351501465,761,COPPER
4.14900016784668,4.178999900817871,4.139500141143799,4.178500175476074,608,COPPER
4.143499851226807,4.170499801635742,4.132500171661377,4.132500171661377,913,COPPER
4.0914998054504395,4.139500141143799,4.083499908447266,4.139500141143799,1362,COPPER
4.099999904632568,4.106500148773193,4.038000106811523,4.0920000076293945,1164,COPPER
4.020500183105469,4.05049991607666,4.019999980926514,4.034999847412109,846,COPPER
4.040999889373779,4.044000148773193,4.027500152587891,4.0320000648498535,836,COPPER
4.0229997634887695,4.031499862670898,4.019999980926514,4.031499862670898,900,COPPER
4.049499988555908,4.052499771118164,4.043000221252441,4.052499771118164,397,COPPER
4.072000026702881,4.077499866485596,4.06850004196167,4.072999954223633,362,COPPER
4.0625,4.0625,4.058000087738037,4.061500072479248,805,COPPER
4.045499801635742,4.090000152587891,4.0335001945495605,4.090000152587891,1066,COPPER
3.9860000610351562,4.052999973297119,3.9795000553131104,4.047500133514404,708,COPPER
3.9885001182556152,4.0,3.9744999408721924,3.992500066757202,764,COPPER
4.0395002365112305,4.041999816894531,4.0335001945495605,4.033999919891357,505,COPPER
4.126999855041504,4.1620001792907715,4.114999771118164,4.114999771118164,485,COPPER
4.1605000495910645,4.1620001792907715,4.138999938964844,4.161499977111816,814,COPPER
4.227499961853027,4.236999988555908,4.190000057220459,4.190000057220459,441,COPPER
4.2795000076293945,4.284999847412109,4.269000053405762,4.284999847412109,281,COPPER
4.274499893188477,4.314000129699707,4.274499893188477,4.314000129699707,298,COPPER
4.295499801635742,4.295499801635742,4.289999961853027,4.289999961853027,231,COPPER
4.310500144958496,4.324999809265137,4.292500019073486,4.324999809265137,452,COPPER
4.359499931335449,4.366000175476074,4.340000152587891,4.340000152587891,298,COPPER
4.4105000495910645,4.4120001792907715,4.3979997634887695,4.400000095367432,200,COPPER
4.337500095367432,4.3520002365112305,4.329999923706055,4.3495001792907715,288,COPPER
4.310999870300293,4.310999870300293,4.271500110626221,4.309999942779541,493,COPPER
4.271500110626221,4.271500110626221,4.258500099182129,4.269999980926514,445,COPPER
4.299499988555908,4.299499988555908,4.229499816894531,4.25,488,COPPER
4.289999961853027,4.339000225067139,4.2804999351501465,4.339000225067139,476,COPPER
4.203499794006348,4.235000133514404,4.202000141143799,4.235000133514404,710,COPPER
4.2204999923706055,4.246500015258789,4.21999979019165,4.235000133514404,435,COPPER
4.257500171661377,4.257999897003174,4.256499767303467,4.256499767303467,1145,COPPER
4.288000106811523,4.313499927520752,4.255000114440918,4.255000114440918,1598,COPPER
4.26200008392334,4.276000022888184,4.247000217437744,4.2754998207092285,872,COPPER
4.294000148773193,4.308499813079834,4.253499984741211,4.253499984741211,597,COPPER
4.34250020980835,4.35099983215332,4.324999809265137,4.324999809265137,567,COPPER
4.434500217437744,4.435999870300293,4.386000156402588,4.386000156402588,602,COPPER
4.453499794006348,4.492000102996826,4.435500144958496,4.488500118255615,586,COPPER
4.581500053405762,4.589000225067139,4.536499977111816,4.536499977111816,342,COPPER
4.700500011444092,4.703000068664551,4.674499988555908,4.682499885559082,495,COPPER
4.5945000648498535,4.5945000648498535,4.546999931335449,4.556000232696533,390,COPPER
4.697999954223633,4.697999954223633,4.692500114440918,4.697999954223633,281,COPPER
4.769000053405762,4.769999980926514,4.763999938964844,4.765999794006348,358,COPPER
4.656499862670898,4.656499862670898,4.656499862670898,4.656499862670898,636,COPPER
4.585000038146973,4.593999862670898,4.550000190734863,4.590000152587891,683,COPPER
4.557000160217285,4.557000160217285,4.557000160217285,4.557000160217285,569,COPPER
4.607999801635742,4.607999801635742,4.545000076293945,4.545000076293945,663,COPPER
4.559999942779541,4.575500011444092,4.534999847412109,4.534999847412109,767,COPPER
4.517000198364258,4.5355000495910645,4.515999794006348,4.5289998054504395,561,COPPER
4.486000061035156,4.554999828338623,4.486000061035156,4.505499839782715,488,COPPER
4.541999816894531,4.541999816894531,4.541999816894531,4.541999816894531,17252,COPPER
4.579999923706055,4.620999813079834,4.504000186920166,4.537499904632568,6735,COPPER
4.514500141143799,4.55649995803833,4.479499816894531,4.556000232696533,2731,COPPER
4.576499938964844,4.616000175476074,4.507999897003174,4.54449987411499,1408,COPPER
4.527500152587891,4.566999912261963,4.5,4.565999984741211,1394,COPPER
4.766499996185303,4.789999961853027,4.534999847412109,4.534999847412109,819,COPPER
4.7789998054504395,4.802499771118164,4.722499847412109,4.781499862670898,1108,COPPER
4.683000087738037,4.75600004196167,4.6570000648498535,4.751999855041504,903,COPPER
4.639500141143799,4.68149995803833,4.607500076293945,4.6570000648498535,821,COPPER
4.739999771118164,4.774499893188477,4.599999904632568,4.619500160217285,756,COPPER
4.821000099182129,4.868500232696533,4.765500068664551,4.765500068664551,649,COPPER
4.898499965667725,4.902500152587891,4.7754998207092285,4.814499855041504,776,COPPER
4.869500160217285,4.924499988555908,4.847499847412109,4.895500183105469,394,COPPER
4.933499813079834,4.954999923706055,4.855000019073486,4.855000019073486,528,COPPER
4.993000030517578,4.99399995803833,4.943999767303467,4.948999881744385,424,COPPER
5.076000213623047,5.096499919891357,5.002999782562256,5.002999782562256,459,COPPER
5.085000038146973,5.105999946594238,5.048500061035156,5.098499774932861,578,COPPER
5.087500095367432,5.087500095367432,5.017000198364258,5.081999778747559,598,COPPER
5.064000129699707,5.15749979019165,5.048999786376953,5.102499961853027,799,COPPER
5.183000087738037,5.188499927520752,5.071499824523926,5.071499824523926,419,COPPER
5.216000080108643,5.2769999504089355,5.203499794006348,5.236499786376953,547,COPPER
5.097499847412109,5.21150016784668,5.072500228881836,5.21150016784668,1770,COPPER
5.112500190734863,5.129499912261963,5.063000202178955,5.104000091552734,1395,COPPER
5.019999980926514,5.119999885559082,5.007500171661377,5.093500137329102,720,COPPER
5.019000053405762,5.063000202178955,5.000999927520752,5.059999942779541,838,COPPER
5.023499965667725,5.066500186920166,4.996500015258789,5.010499954223633,523,COPPER
4.810999870300293,4.924499988555908,4.794000148773193,4.875,274,COPPER
4.384500026702881,4.78000020980835,4.355999946594238,4.78000020980835,467,COPPER
4.169000148773193,4.367499828338623,4.145500183105469,4.311999797821045,434,COPPER
4.127500057220459,4.1529998779296875,4.098499774932861,4.152500152587891,430,COPPER
4.17549991607666,4.435999870300293,4.140999794006348,4.140999794006348,288,COPPER
4.321000099182129,4.383999824523926,4.321000099182129,4.381999969482422,313,COPPER
4.507500171661377,4.545000076293945,4.403500080108643,4.439000129699707,358,COPPER
4.610499858856201,4.632500171661377,4.565499782562256,4.56850004196167,413,COPPER
4.611000061035156,4.613500118255615,4.586999893188477,4.601500034332275,463,COPPER
4.673999786376953,4.676000118255615,4.533999919891357,4.593999862670898,289,COPPER
4.731500148773193,4.731500148773193,4.6020002365112305,4.664999961853027,550,COPPER
4.7210001945495605,4.7220001220703125,4.693999767303467,4.693999767303467,232,COPPER
4.870500087738037,4.876500129699707,4.749000072479248,4.750999927520752,516,COPPER
4.8354997634887695,4.900000095367432,4.83050012588501,4.856500148773193,714,COPPER
4.849999904632568,4.879499912261963,4.8414998054504395,4.8414998054504395,1626,COPPER
4.8354997634887695,4.8354997634887695,4.788000106811523,4.788000106811523,697,COPPER
4.8379998207092285,4.8379998207092285,4.833000183105469,4.835000038146973,16324,COPPER
4.822999954223633,4.9145002365112305,4.796000003814697,4.846499919891357,4169,COPPER
4.559999942779541,4.815999984741211,4.498499870300293,4.813499927520752,2137,COPPER
4.580999851226807,4.616000175476074,4.564499855041504,4.580999851226807,1206,COPPER
4.627500057220459,4.678500175476074,4.584000110626221,4.584499835968018,1221,COPPER
4.65500020980835,4.716000080108643,4.634500026702881,4.644499778747559,654,COPPER
4.735000133514404,4.748499870300293,4.650000095367432,4.6529998779296875,777,COPPER
4.616499900817871,4.75,4.576000213623047,4.75,618,COPPER
4.560999870300293,4.631999969482422,4.505000114440918,4.593500137329102,884,COPPER
4.611000061035156,4.625999927520752,4.447999954223633,4.510000228881836,796,COPPER
4.578499794006348,4.669000148773193,4.565999984741211,4.653500080108643,847,COPPER
4.68149995803833,4.682499885559082,4.570000171661377,4.570499897003174,596,COPPER
4.611000061035156,4.690999984741211,4.590000152587891,4.644499778747559,940,COPPER
4.644499778747559,4.651000022888184,4.54449987411499,4.605000019073486,737,COPPER
4.555500030517578,4.622499942779541,4.5335001945495605,4.620999813079834,1098,COPPER
4.633500099182129,4.633999824523926,4.534999847412109,4.561999797821045,1190,COPPER
4.619500160217285,4.640500068664551,4.589000225067139,4.60699987411499,1081,COPPER
4.638000011444092,4.656499862670898,4.622499942779541,4.650000095367432,1191,COPPER
4.648499965667725,4.649499893188477,4.564000129699707,4.579999923706055,1194,COPPER
4.80649995803833,4.8420000076293945,4.644999980926514,4.659999847412109,1217,COPPER
4.710000038146973,4.810999870300293,4.703000068664551,4.810999870300293,983,COPPER
4.644000053405762,4.739999771118164,4.636000156402588,4.71999979019165,1034,COPPER
4.653500080108643,4.66349983215332,4.644499778747559,4.66349983215332,1046,COPPER
4.652500152587891,4.699999809265137,4.632999897003174,4.647500038146973,1648,COPPER
4.834499835968018,4.917500019073486,4.821499824523926,4.854499816894531,679,COPPER
4.809500217437744,4.839000225067139,4.764999866485596,4.822500228881836,1484,COPPER
4.864500045776367,4.879499912261963,4.829999923706055,4.8394999504089355,940,COPPER
4.91349983215332,5.035999774932861,4.880000114440918,4.880000114440918,541,COPPER
4.829999923706055,4.920000076293945,4.814499855041504,4.890999794006348,458,COPPER
4.9095001220703125,4.913000106811523,4.8470001220703125,4.8470001220703125,487,COPPER
4.883999824523926,4.908999919891357,4.863999843597412,4.863999843597412,342,COPPER
4.801000118255615,4.832499980926514,4.79449987411499,4.820000171661377,537,COPPER
4.821499824523926,4.822999954223633,4.791999816894531,4.791999816894531,447,COPPER
4.802999973297119,4.821499824523926,4.735499858856201,4.821499824523926,698,COPPER
4.826499938964844,4.829500198364258,4.794000148773193,4.794000148773193,649,COPPER
4.80049991607666,4.806000232696533,4.770999908447266,4.806000232696533,700,COPPER
4.84499979019165,4.84499979019165,4.815499782562256,4.83650016784668,0,COPPER
4.826000213623047,4.830999851226807,4.75,4.830999851226807,854,COPPER
4.8429999351501465,4.9079999923706055,4.816500186920166,4.81850004196167,819,COPPER
4.867000102996826,4.868500232696533,4.863500118255615,4.863500118255615,506,COPPER
4.913000106811523,4.913000106811523,4.889999866485596,4.890500068664551,708,COPPER
5.065499782562256,5.073500156402588,5.042500019073486,5.04449987411499,17008,COPPER
5.06850004196167,5.086999893188477,4.976500034332275,5.053500175476074,4809,COPPER
5.03000020980835,5.076000213623047,5.01200008392334,5.070499897003174,1194,COPPER
5.047999858856201,5.122000217437744,5.031499862670898,5.031499862670898,1003,COPPER
5.14900016784668,5.161499977111816,5.034999847412109,5.046500205993652,792,COPPER
5.0970001220703125,5.1519999504089355,5.084499835968018,5.1519999504089355,0,COPPER
5.018499851226807,5.084499835968018,5.0,5.084499835968018,0,COPPER
4.984499931335449,5.002999782562256,4.956500053405762,5.002999782562256,718,COPPER
5.644999980926514,5.644999980926514,4.94950008392334,4.9679999351501465,922,COPPER
5.44350004196167,5.682000160217285,5.397500038146973,5.4670000076293945,857,COPPER
5.547999858856201,5.5929999351501465,5.543499946594238,5.579999923706055,756,COPPER
5.561999797821045,5.585000038146973,5.449999809265137,5.585000038146973,1082,COPPER
5.514999866485596,5.514999866485596,5.44950008392334,5.47599983215332,1093,COPPER
5.546000003814697,5.546000003814697,5.482999801635742,5.486000061035156,1621,COPPER
5.496500015258789,5.513999938964844,5.445000171661377,5.489999771118164,1152,COPPER
5.486000061035156,5.490499973297119,5.456999778747559,5.4679999351501465,866,COPPER
5.578000068664551,5.578999996185303,5.488999843597412,5.488999843597412,521,COPPER
5.610499858856201,5.617000102996826,5.55049991607666,5.55049991607666,583,COPPER
5.697000026702881,5.69950008392334,5.64300012588501,5.64300012588501,729,COPPER
5.795000076293945,5.865499973297119,5.750999927520752,5.750999927520752,607,COPPER
5.7769999504089355,5.894999980926514,5.771999835968018,5.860499858856201,686,COPPER
5.763500213623047,5.78000020980835,5.728000164031982,5.775000095367432,911,COPPER
5.59499979019165,5.748000144958496,5.498000144958496,5.747499942779541,782,COPPER
5.603499889373779,5.610000133514404,5.583000183105469,5.610000133514404,1039,COPPER
5.570000171661377,5.627999782562256,4.492499828338623,5.626500129699707,2823,COPPER
4.33050012588501,4.5954999923706055,4.323500156402588,4.59499979019165,1537,COPPER
4.412499904632568,4.412499904632568,4.385000228881836,4.388999938964844,1301,COPPER
4.414999961853027,4.431000232696533,4.4145002365112305,4.423500061035156,1042,COPPER
4.363999843597412,4.401000022888184,4.355000019073486,4.388000011444092,831,COPPER
4.390999794006348,4.4120001792907715,4.380499839782715,4.400000095367432,924,COPPER
4.378499984741211,4.427000045776367,4.377500057220459,4.399499893188477,986,COPPER
4.45550012588501,4.45550012588501,4.387499809265137,4.387499809265137,645,COPPER
4.423500061035156,4.451499938964844,4.423500061035156,4.445499897003174,794,COPPER
4.508500099182129,4.512499809265137,4.5,4.512499809265137,803,COPPER
4.48199987411499,4.509500026702881,4.4720001220703125,4.509500026702881,879,COPPER
4.4644999504089355,4.4664998054504395,4.454999923706055,4.454999923706055,2053,COPPER
4.478000164031982,4.488500118255615,4.473999977111816,4.488500118255615,797,COPPER
4.456999778747559,4.464000225067139,4.447000026702881,4.447000026702881,1008,COPPER
4.408999919891357,4.419000148773193,4.408999919891357,4.419000148773193,957,COPPER
4.426000118255615,4.431000232696533,4.4079999923706055,4.412499904632568,1188,COPPER
4.43149995803833,4.440000057220459,4.429500102996826,4.438499927520752,821,COPPER
4.447500228881836,4.447999954223633,4.446499824523926,4.447000026702881,939,COPPER
4.4664998054504395,4.473499774932861,4.466000080108643,4.4730000495910645,945,COPPER
4.450500011444092,4.453499794006348,4.450500011444092,4.453499794006348,528,COPPER
4.4145002365112305,4.4145002365112305,4.4145002365112305,4.4145002365112305,20198,COPPER
4.463500022888184,4.478000164031982,4.40749979019165,4.424499988555908,7819,COPPER
4.518499851226807,4.521999835968018,4.4664998054504395,4.4664998054504395,0,COPPER
4.569499969482422,4.570000171661377,4.49399995803833,4.520500183105469,1397,COPPER
4.558499813079834,4.590000152587891,4.5335001945495605,4.572500228881836,1166,COPPER
4.48799991607666,4.507500171661377,4.487500190734863,4.498000144958496,881,COPPER
4.482500076293945,4.521500110626221,4.4720001220703125,4.521500110626221,859,COPPER
4.490499973297119,4.499000072479248,4.482999801635742,4.482999801635742,888,COPPER
4.500999927520752,4.51200008392334,4.484000205993652,4.511499881744385,1354,COPPER
4.550000190734863,4.553999900817871,4.502500057220459,4.503499984741211,1052,COPPER
4.5904998779296875,4.610000133514404,4.534999847412109,4.550000190734863,1044,COPPER
4.588500022888184,4.593500137329102,4.581500053405762,4.589000225067139,883,COPPER
4.6554999351501465,4.66349983215332,4.5929999351501465,4.599999904632568,491,COPPER
4.632999897003174,4.636000156402588,4.630000114440918,4.635000228881836,651,COPPER
4.571000099182129,4.5879998207092285,4.547500133514404,4.570000171661377,950,COPPER
4.540999889373779,4.5625,4.521500110626221,4.559500217437744,837,COPPER
4.568999767303467,4.572500228881836,4.544000148773193,4.544000148773193,653,COPPER
4.572999954223633,4.587500095367432,4.570499897003174,4.572500228881836,830,COPPER
4.584499835968018,4.586999893188477,4.570000171661377,4.570000171661377,1072,COPPER
4.752500057220459,4.766499996185303,4.558499813079834,4.581999778747559,1961,COPPER
4.699999809265137,4.743000030517578,4.699999809265137,4.743000030517578,1220,COPPER
4.7154998779296875,4.7154998779296875,4.66949987411499,4.677000045776367,1901,COPPER
4.841000080108643,4.8420000076293945,4.708499908447266,4.708499908447266,2748,COPPER
4.804999828338623,4.828000068664551,4.7779998779296875,4.795499801635742,1426,COPPER
4.83050012588501,4.84250020980835,4.7820000648498535,4.811500072479248,755,COPPER
4.8979997634887695,4.918499946594238,4.84250020980835,4.84250020980835,1055,COPPER
5.058000087738037,5.061999797821045,4.954999923706055,4.954999923706055,995,COPPER
4.986999988555908,5.002500057220459,4.980500221252441,5.002500057220459,1007,COPPER
5.047999858856201,5.074999809265137,5.0395002365112305,5.067500114440918,731,COPPER
5.046000003814697,5.058499813079834,5.019000053405762,5.04449987411499,685,COPPER
5.075500011444092,5.114999771118164,5.050000190734863,5.05649995803833,913,COPPER
4.848499774932861,5.116000175476074,4.834000110626221,5.116000175476074,960,COPPER
5.100500106811523,5.100500106811523,5.066999912261963,5.067999839782715,960,COPPER
4.980500221252441,4.987500190734863,4.912499904632568,4.912499904632568,551,COPPER
4.9720001220703125,4.990499973297119,4.919000148773193,4.990499973297119,1056,COPPER
4.958000183105469,4.958000183105469,4.909999847412109,4.929500102996826,615,COPPER
4.93149995803833,4.959000110626221,4.93149995803833,4.954999923706055,686,COPPER
4.998000144958496,5.003499984741211,4.984000205993652,4.984000205993652,560,COPPER
4.929999828338623,4.940000057220459,4.920000076293945,4.940000057220459,674,COPPER
4.960999965667725,4.9720001220703125,4.9045000076293945,4.90500020980835,613,COPPER
5.081999778747559,5.081999778747559,4.9654998779296875,4.966000080108643,403,COPPER
5.093500137329102,5.0945000648498535,5.09250020980835,5.093999862670898,368,COPPER
5.140500068664551,5.19950008392334,5.10699987411499,5.1875,421,COPPER
5.140500068664551,5.142000198364258,5.079999923706055,5.079999923706055,670,COPPER
5.233500003814697,5.233500003814697,5.198999881744385,5.19950008392334,2276,COPPER
5.078000068664551,5.184000015258789,5.0295000076293945,5.174499988555908,2249,COPPER
5.065499782562256,5.0995001792907715,5.061500072479248,5.078499794006348,982,COPPER
5.046999931335449,5.088500022888184,5.027500152587891,5.0879998207092285,0,COPPER
4.926000118255615,4.939000129699707,4.91949987411499,4.91949987411499,590,COPPER
4.9629998207092285,4.9664998054504395,4.959000110626221,4.959000110626221,606,COPPER
4.945499897003174,4.9629998207092285,4.936500072479248,4.962500095367432,946,COPPER
4.938000202178955,4.945000171661377,4.935500144958496,4.944499969482422,599,COPPER
5.086999893188477,5.0894999504089355,5.015999794006348,5.015999794006348,1048,COPPER
5.048500061035156,5.048500061035156,5.041999816894531,5.042500019073486,685,COPPER
5.0894999504089355,5.126999855041504,5.0370001792907715,5.043000221252441,656,COPPER
5.087500095367432,5.104000091552734,5.038000106811523,5.0995001792907715,795,COPPER
5.049499988555908,5.051000118255615,5.048500061035156,5.051000118255615,780,COPPER
5.0,5.002500057220459,4.997499942779541,4.998000144958496,699,COPPER
4.962500095367432,4.976500034332275,4.940000057220459,4.940000057220459,767,COPPER
5.007999897003174,5.010499954223633,5.00600004196167,5.010000228881836,1148,COPPER
4.959499835968018,4.998499870300293,4.940000057220459,4.980000019073486,969,COPPER
5.008500099182129,5.013000011444092,4.920000076293945,4.920000076293945,616,COPPER
4.961999893188477,4.974999904632568,4.956999778747559,4.973999977111816,1045,COPPER
4.999499797821045,5.002999782562256,4.994999885559082,5.002999782562256,41200,COPPER
5.104499816894531,5.119999885559082,5.015999794006348,5.020500183105469,11335,COPPER
5.185500144958496,5.215000152587891,5.054999828338623,5.119500160217285,1349,COPPER
5.218999862670898,5.28000020980835,5.185999870300293,5.210000038146973,1396,COPPER
5.160999774932861,5.227499961853027,5.1479997634887695,5.173999786376953,1740,COPPER
5.308000087738037,5.35099983215332,5.1620001792907715,5.1620001792907715,1005,COPPER
5.291500091552734,5.3125,5.232999801635742,5.308000087738037,1491,COPPER
5.381999969482422,5.400000095367432,5.269499778747559,5.281000137329102,949,COPPER
5.364500045776367,5.376999855041504,5.316999912261963,5.373000144958496,621,COPPER
5.240499973297119,5.33650016784668,5.236999988555908,5.33650016784668,440,COPPER
5.2754998207092285,5.323999881744385,5.247499942779541,5.247499942779541,948,COPPER
5.427000045776367,5.438499927520752,5.328000068664551,5.334000110626221,990,COPPER
5.2835001945495605,5.435500144958496,5.210000038146973,5.423999786376953,1213,COPPER
5.338500022888184,5.409999847412109,5.273499965667725,5.273499965667725,1068,COPPER
5.2870001792907715,5.306000232696533,5.269999980926514,5.269999980926514,798,COPPER
5.363500118255615,5.368000030517578,5.315000057220459,5.315000057220459,1289,COPPER
5.366499900817871,5.386000156402588,5.322000026702881,5.322000026702881,860,COPPER
5.439499855041504,5.468999862670898,5.425000190734863,5.431000232696533,703,COPPER
5.4375,5.480000019073486,5.41949987411499,5.441500186920166,1789,COPPER
5.47599983215332,5.524499893188477,5.422999858856201,5.435999870300293,724,COPPER
5.498499870300293,5.564000129699707,5.46999979019165,5.5,1111,COPPER
5.766499996185303,5.78000020980835,5.609499931335449,5.609499931335449,876,COPPER
5.490499973297119,5.78849983215332,5.490499973297119,5.78849983215332,2538,COPPER
5.727499961853027,5.735499858856201,5.497499942779541,5.51200008392334,3056,COPPER
5.630000114440918,5.64900016784668,5.624499797821045,5.632500171661377,1095,COPPER
5.639999866485596,5.65500020980835,5.624000072479248,5.652500152587891,1307,COPPER
5.924499988555908,5.92549991607666,5.796500205993652,5.796500205993652,775,COPPER
6.010499954223633,6.016499996185303,5.90749979019165,5.960000038146973,1480,COPPER
5.809000015258789,5.9670000076293945,5.796500205993652,5.9670000076293945,1055,COPPER
5.746500015258789,5.798999786376953,5.671999931335449,5.798999786376953,1385,COPPER
5.855500221252441,5.855500221252441,5.855500221252441,5.855500221252441,965,COPPER
5.985000133514404,6.011499881744385,5.940999984741211,5.953499794006348,1078,COPPER
5.96999979019165,5.9710001945495605,5.959000110626221,5.965000152587891,1211,COPPER
6.008999824523926,6.019000053405762,5.978000164031982,6.0,1011,COPPER
5.947999954223633,5.957499980926514,5.894000053405762,5.938000202178955,1068,COPPER
5.78849983215332,5.790999889373779,5.75,5.78000020980835,868,COPPER
5.7729997634887695,5.879499912261963,5.747000217437744,5.8495001792907715,772,COPPER
5.729499816894531,5.827000141143799,5.727499961853027,5.802499771118164,744,COPPER
5.742499828338623,5.763999938964844,5.700500011444092,5.700500011444092,981,COPPER
5.910999774932861,5.9145002365112305,5.754000186920166,5.783999919891357,767,COPPER
5.984000205993652,5.988999843597412,5.878499984741211,5.980000019073486,720,COPPER
5.828499794006348,5.841000080108643,5.820499897003174,5.831999778747559,917,COPPER
5.892499923706055,5.894499778747559,5.881499767303467,5.881499767303467,1681,COPPER
6.17549991607666,6.507999897003174,6.131499767303467,6.1570000648498535,3804,COPPER
5.896999835968018,6.1545000076293945,5.745999813079834,6.1545000076293945,1981,COPPER
5.801499843597412,5.859499931335449,5.568999767303467,5.739999771118164,1104,COPPER
6.0625,6.07450008392334,5.869500160217285,5.874499797821045,699,COPPER
5.826000213623047,6.078999996185303,5.826000213623047,6.059999942779541,831,COPPER
5.798999786376953,5.802999973297119,5.679999828338623,5.7769999504089355,884,COPPER
5.863500118255615,5.864500045776367,5.650000095367432,5.650000095367432,421,COPPER
5.945000171661377,5.952499866485596,5.879499912261963,5.879499912261963,542,COPPER
5.895999908447266,5.901000022888184,5.875500202178955,5.887499809265137,445,COPPER
5.948999881744385,5.952499866485596,5.922999858856201,5.922999858856201,653,COPPER
5.770999908447266,5.972499847412109,5.75,5.972499847412109,1109,COPPER
5.792500019073486,5.798999786376953,5.699999809265137,5.795499801635742,1584,COPPER
5.632999897003174,5.636499881744385,5.632999897003174,5.634500026702881,941,COPPER
5.793499946594238,5.800000190734863,5.666999816894531,5.666999816894531,1156,COPPER
5.730000019073486,5.735000133514404,5.724999904632568,5.735000133514404,993,COPPER
5.830999851226807,5.860499858856201,5.727499961853027,5.742000102996826,658,COPPER
5.7729997634887695,5.880000114440918,5.750500202178955,5.880000114440918,764,COPPER
5.922999858856201,5.928500175476074,5.854000091552734,5.854000091552734,937,COPPER
5.979499816894531,5.982999801635742,5.9704999923706055,5.9704999923706055,29280,COPPER
5.947000026702881,6.000500202178955,5.914000034332275,5.992499828338623,7727,COPPER
6.004499912261963,6.079999923706055,5.959499835968018,5.959499835968018,3035,COPPER
5.894499778747559,6.0304999351501465,5.876999855041504,5.9664998054504395,1695,COPPER
5.773499965667725,5.943999767303467,5.71999979019165,5.909999847412109,1489,COPPER
5.855000019073486,5.889500141143799,5.789000034332275,5.790500164031982,736,COPPER
5.752999782562256,5.848999977111816,5.730000019073486,5.848999977111816,1705,COPPER
5.756999969482422,5.791999816894531,5.735499858856201,5.785999774932861,1171,COPPER
5.80049991607666,5.8460001945495605,5.630000114440918,5.7230000495910645,1061,COPPER
5.9039998054504395,5.90749979019165,5.829500198364258,5.8445000648498535,737,COPPER
5.8454999923706055,5.888500213623047,5.7895002365112305,5.888500213623047,853,COPPER
5.82450008392334,5.852499961853027,5.77400016784668,5.8520002365112305,636,COPPER
5.7144999504089355,5.791999816894531,5.628499984741211,5.729000091552734,546,COPPER
5.790500164031982,5.809500217437744,5.630000114440918,5.630000114440918,571,COPPER
5.726500034332275,5.748499870300293,5.699999809265137,5.742000102996826,703,COPPER
5.553999900817871,5.734000205993652,5.440000057220459,5.721499919891357,1985,COPPER
5.433000087738037,5.480500221252441,5.2895002365112305,5.480000019073486,1355,COPPER
5.34250020980835,5.514500141143799,5.26800012588501,5.514500141143799,1388,COPPER
5.439499855041504,5.5,5.421999931335449,5.452499866485596,1206,COPPER
5.422500133514404,5.5,5.375999927520752,5.393499851226807,1140,COPPER
5.5289998054504395,5.53249979019165,5.493000030517578,5.53249979019165,811,COPPER
5.446499824523926,5.4770002365112305,5.425000190734863,5.463500022888184,547,COPPER
5.4670000076293945,5.4670000076293945,5.4670000076293945,5.4670000076293945,4008,COPPER
5.47599983215332,5.499000072479248,5.401000022888184,5.401000022888184,2377,COPPER
5.587500095367432,5.627999782562256,5.483500003814697,5.483500003814697,1807,COPPER
5.624000072479248,5.631499767303467,5.584000110626221,5.616499900817871,1430,COPPER
5.563000202178955,5.613999843597412,5.548500061035156,5.548999786376953,0,COPPER
5.583499908447266,5.624499797821045,5.567500114440918,5.624499797821045,638,COPPER
5.54449987411499,5.567500114440918,5.54449987411499,5.567500114440918,542,COPPER
5.759500026702881,5.763000011444092,5.758999824523926,5.759500026702881,650,COPPER
5.748000144958496,5.748000144958496,5.7270002365112305,5.7270002365112305,2085,COPPER
5.870500087738037,5.870500087738037,5.770500183105469,5.777500152587891,683,COPPER
5.97599983215332,6.0,5.97599983215332,5.97599983215332,401,COPPER
6.070499897003174,6.079500198364258,6.067999839782715,6.07450008392334,485,COPPER
6.072000026702881,6.084000110626221,6.070000171661377,6.072999954223633,394,COPPER
6.066500186920166,6.067999839782715,6.019999980926514,6.065000057220459,1007,COPPER
6.103499889373779,6.105500221252441,6.077000141143799,6.101500034332275,842,COPPER
6.035999774932861,6.054500102996826,5.980000019073486,5.980000019073486,1058,COPPER
6.001500129699707,6.001500129699707,5.968500137329102,5.999499797821045,924,COPPER
6.119999885559082,6.119999885559082,6.11299991607666,6.115499973297119,1149,COPPER
6.075500011444092,6.075500011444092,6.020999908447266,6.0229997634887695,957,COPPER
6.023499965667725,6.023499965667725,5.980000019073486,5.980000019073486,788,COPPER
6.01800012588501,6.021999835968018,6.01800012588501,6.021999835968018,914,COPPER
5.9145002365112305,5.9145002365112305,5.9145002365112305,5.9145002365112305,23966,COPPER
5.878499984741211,5.964000225067139,5.862500190734863,5.923500061035156,4555,COPPER
5.926000118255615,5.978000164031982,5.892000198364258,5.9029998779296875,1622,COPPER
5.932000160217285,5.935999870300293,5.9120001792907715,5.933499813079834,1399,COPPER
5.795000076293945,5.89900016784668,5.789999961853027,5.807000160217285,827,COPPER
5.942999839782715,5.9679999351501465,5.819499969482422,5.820499897003174,640,COPPER
6.136499881744385,6.1554999351501465,5.9604997634887695,5.9604997634887695,1278,COPPER
6.127500057220459,6.1875,6.110000133514404,6.145999908447266,738,COPPER
6.249000072479248,6.257999897003174,6.052499771118164,6.052499771118164,661,COPPER
6.41349983215332,6.447999954223633,6.257999897003174,6.257999897003174,609,COPPER
6.485000133514404,6.60099983215332,6.434999942779541,6.434999942779541,782,COPPER
6.635499954223633,6.644999980926514,6.5960001945495605,6.5960001945495605,910,COPPER
6.567500114440918,6.577000141143799,6.547500133514404,6.555500030517578,718,COPPER
6.251500129699707,6.519999980926514,6.231500148773193,6.519999980926514,899,COPPER
6.271999835968018,6.2820000648498535,6.197000026702881,6.197000026702881,1463,COPPER
6.164999961853027,6.254499912261963,6.120999813079834,6.254499912261963,1254,COPPER
6.290500164031982,6.301499843597412,6.119999885559082,6.164000034332275,993,COPPER
6.256999969482422,6.261499881744385,6.21999979019165,6.21999979019165,1051,COPPER
6.3420000076293945,6.3480000495910645,6.3404998779296875,6.34499979019165,992,COPPER
6.361000061035156,6.390999794006348,6.335000038146973,6.355000019073486,1840,COPPER
6.304999828338623,6.417500019073486,6.304999828338623,6.417500019073486,2474,COPPER
6.395999908447266,6.399499893188477,6.223499774932861,6.300000190734863,2474,COPPER
6.406000137329102,6.440000057220459,6.388000011444092,6.425000190734863,7312,COPPER
