Price,Close,High,Low,Open,Volume,symbol
Ticker,CUMMINSIND.NS,CUMMINSIND.NS,CUMMINSIND.NS,CUMMINSIND.NS,CUMMINSIND.NS,
Datetime,,,,,,
2023-06-14 03:45:00+00:00,1857.050048828125,1861.300048828125,1839.550048828125,1859.949951171875,0,CUMMINSIND
2023-06-14 04:45:00+00:00,1863.1500244140625,1865.0,1853.800048828125,1857.9000244140625,85500,CUMMINSIND
2023-06-14 05:45:00+00:00,1854.449951171875,1867.0,1852.25,1864.0,108631,CUMMINSIND
2023-06-14 06:45:00+00:00,1854.949951171875,1860.0,1852.0,1854.449951171875,71103,CUMMINSIND
2023-06-14 07:45:00+00:00,1855.0,1856.0,1852.25,1854.949951171875,64563,CUMMINSIND
2023-06-14 08:45:00+00:00,1855.6500244140625,1859.4000244140625,1851.550048828125,1855.0,122320,CUMMINSIND
2023-06-14 09:45:00+00:00,1855.3499755859375,1857.5,1853.050048828125,1855.6500244140625,47956,CUMMINSIND
2023-06-15 03:45:00+00:00,1846.699951171875,1855.0,1836.050048828125,1855.0,0,CUMMINSIND
2023-06-15 04:45:00+00:00,1848.5,1854.300048828125,1846.800048828125,1846.800048828125,56123,CUMMINSIND
2023-06-15 05:45:00+00:00,1842.800048828125,1850.9000244140625,1842.800048828125,1848.5,55472,CUMMINSIND
2023-06-15 06:45:00+00:00,1837.0,1844.050048828125,1834.0,1842.800048828125,113127,CUMMINSIND
2023-06-15 07:45:00+00:00,1833.699951171875,1838.1500244140625,1832.5,1836.5,63547,CUMMINSIND
2023-06-15 08:45:00+00:00,1830.3499755859375,1837.0999755859375,1827.5,1833.25,107694,CUMMINSIND
2023-06-15 09:45:00+00:00,1830.25,1836.3499755859375,1829.550048828125,1830.3499755859375,57160,CUMMINSIND
2023-06-16 03:45:00+00:00,1828.9000244140625,1839.8499755859375,1828.0,1839.8499755859375,0,CUMMINSIND
2023-06-16 04:45:00+00:00,1833.0,1837.0,1828.300048828125,1829.949951171875,51375,CUMMINSIND
2023-06-16 05:45:00+00:00,1836.0999755859375,1844.699951171875,1829.0999755859375,1832.75,68342,CUMMINSIND
2023-06-16 06:45:00+00:00,1843.0999755859375,1844.0,1834.550048828125,1836.1500244140625,44136,CUMMINSIND
2023-06-16 07:45:00+00:00,1851.75,1863.0,1840.550048828125,1843.0,116626,CUMMINSIND
2023-06-16 08:45:00+00:00,1843.5999755859375,1852.4000244140625,1840.300048828125,1851.75,137853,CUMMINSIND
2023-06-16 09:45:00+00:00,1843.300048828125,1845.0,1839.449951171875,1843.550048828125,0,CUMMINSIND
2023-06-19 03:45:00+00:00,1877.449951171875,1882.550048828125,1849.0,1849.0,0,CUMMINSIND
2023-06-19 04:45:00+00:00,1872.199951171875,1877.5,1868.25,1877.5,101762,CUMMINSIND
2023-06-19 05:45:00+00:00,1880.0999755859375,1892.3499755859375,1872.25,1872.5,143700,CUMMINSIND
2023-06-19 06:45:00+00:00,1872.75,1888.0,1872.0,1880.050048828125,57968,CUMMINSIND
2023-06-19 07:45:00+00:00,1869.9000244140625,1872.75,1865.6500244140625,1872.75,50159,CUMMINSIND
2023-06-19 08:45:00+00:00,1875.8499755859375,1876.5,1868.0999755859375,1869.9000244140625,70009,CUMMINSIND
2023-06-19 09:45:00+00:00,1876.1500244140625,1880.0,1874.75,1875.9000244140625,30471,CUMMINSIND
2023-06-20 03:45:00+00:00,1888.25,1898.949951171875,1879.949951171875,1884.8499755859375,0,CUMMINSIND
2023-06-20 04:45:00+00:00,1878.0,1890.25,1877.4000244140625,1887.800048828125,101414,CUMMINSIND
2023-06-20 05:45:00+00:00,1883.75,1886.6500244140625,1877.6500244140625,1878.0,102377,CUMMINSIND
2023-06-20 06:45:00+00:00,1888.949951171875,1891.949951171875,1883.0999755859375,1883.75,50722,CUMMINSIND
2023-06-20 07:45:00+00:00,1893.550048828125,1897.5,1886.699951171875,1888.949951171875,89066,CUMMINSIND
2023-06-20 08:45:00+00:00,1899.6500244140625,1904.0,1891.75,1893.949951171875,91793,CUMMINSIND
2023-06-20 09:45:00+00:00,1903.8499755859375,1903.8499755859375,1897.550048828125,1899.0,46277,CUMMINSIND
2023-06-21 03:45:00+00:00,1892.0999755859375,1907.0999755859375,1885.75,1904.0,0,CUMMINSIND
2023-06-21 04:45:00+00:00,1872.0999755859375,1892.199951171875,1872.050048828125,1892.0999755859375,91000,CUMMINSIND
2023-06-21 05:45:00+00:00,1861.0,1873.199951171875,1856.25,1872.050048828125,104871,CUMMINSIND
2023-06-21 06:45:00+00:00,1865.800048828125,1870.699951171875,1858.449951171875,1861.75,91543,CUMMINSIND
2023-06-21 07:45:00+00:00,1864.5,1866.199951171875,1862.199951171875,1865.800048828125,55688,CUMMINSIND
2023-06-21 08:45:00+00:00,1859.8499755859375,1864.550048828125,1851.199951171875,1864.5,131803,CUMMINSIND
2023-06-21 09:45:00+00:00,1857.800048828125,1860.0,1852.949951171875,1859.699951171875,0,CUMMINSIND
2023-06-22 03:45:00+00:00,1844.699951171875,1862.0,1841.3499755859375,1855.0999755859375,45228,CUMMINSIND
2023-06-22 04:45:00+00:00,1842.0999755859375,1853.699951171875,1841.300048828125,1845.949951171875,39840,CUMMINSIND
2023-06-22 05:45:00+00:00,1833.6500244140625,1843.75,1832.0999755859375,1842.0999755859375,58692,CUMMINSIND
2023-06-22 06:45:00+00:00,1828.25,1836.25,1824.199951171875,1833.6500244140625,43058,CUMMINSIND
2023-06-22 07:45:00+00:00,1842.1500244140625,1847.5,1828.0,1828.25,35257,CUMMINSIND
2023-06-22 08:45:00+00:00,1845.5999755859375,1853.050048828125,1835.199951171875,1842.1500244140625,44254,CUMMINSIND
2023-06-22 09:45:00+00:00,1844.4000244140625,1845.8499755859375,1841.0999755859375,1845.550048828125,0,CUMMINSIND
2023-06-23 03:45:00+00:00,1828.050048828125,1853.3499755859375,1807.0999755859375,1853.3499755859375,190576,CUMMINSIND
2023-06-23 04:45:00+00:00,1829.9000244140625,1831.0999755859375,1820.550048828125,1828.0,50715,CUMMINSIND
2023-06-23 05:45:00+00:00,1831.949951171875,1834.0,1828.550048828125,1829.25,40944,CUMMINSIND
2023-06-23 06:45:00+00:00,1829.0999755859375,1842.8499755859375,1825.8499755859375,1831.9000244140625,129412,CUMMINSIND
2023-06-23 07:45:00+00:00,1829.300048828125,1833.5,1826.0999755859375,1829.050048828125,74362,CUMMINSIND
2023-06-23 08:45:00+00:00,1845.0,1845.9000244140625,1828.75,1829.300048828125,88602,CUMMINSIND
2023-06-23 09:45:00+00:00,1854.0,1855.5,1843.550048828125,1845.4000244140625,74067,CUMMINSIND
2023-06-26 03:45:00+00:00,1854.0,1862.449951171875,1843.0999755859375,1853.1500244140625,0,CUMMINSIND
2023-06-26 04:45:00+00:00,1852.0,1854.800048828125,1849.4000244140625,1854.0,62167,CUMMINSIND
2023-06-26 05:45:00+00:00,1850.0,1853.0,1849.4000244140625,1852.0,44565,CUMMINSIND
2023-06-26 06:45:00+00:00,1850.300048828125,1853.0,1849.699951171875,1850.0,32210,CUMMINSIND
2023-06-26 07:45:00+00:00,1858.0999755859375,1858.1500244140625,1850.300048828125,1850.300048828125,63357,CUMMINSIND
2023-06-26 08:45:00+00:00,1869.4000244140625,1871.050048828125,1856.0,1857.0,72448,CUMMINSIND
2023-06-26 09:45:00+00:00,1870.8499755859375,1877.9000244140625,1867.550048828125,1869.4000244140625,40065,CUMMINSIND
2023-06-27 03:45:00+00:00,1875.5,1883.0,1857.1500244140625,1857.1500244140625,0,CUMMINSIND
2023-06-27 04:45:00+00:00,1884.0,1884.0,1875.0,1875.5,37135,CUMMINSIND
2023-06-27 05:45:00+00:00,1877.25,1888.8499755859375,1875.0,1884.0,136420,CUMMINSIND
2023-06-27 06:45:00+00:00,1872.550048828125,1878.0999755859375,1862.0,1877.1500244140625,55850,CUMMINSIND
2023-06-27 07:45:00+00:00,1881.199951171875,1885.0,1872.4000244140625,1872.5,44970,CUMMINSIND
2023-06-27 08:45:00+00:00,1881.050048828125,1884.949951171875,1878.050048828125,1881.25,98857,CUMMINSIND
2023-06-27 09:45:00+00:00,1882.800048828125,1886.75,1881.1500244140625,1881.199951171875,0,CUMMINSIND
2023-06-28 09:45:00+00:00,1911.0,1911.0,1911.0,1911.0,0,CUMMINSIND
2023-06-30 03:45:00+00:00,1932.449951171875,1938.949951171875,1903.050048828125,1910.949951171875,0,CUMMINSIND
2023-06-30 04:45:00+00:00,1943.0999755859375,1943.0999755859375,1929.050048828125,1932.3499755859375,157057,CUMMINSIND
2023-06-30 05:45:00+00:00,1941.25,1948.199951171875,1938.0,1943.550048828125,136342,CUMMINSIND
2023-06-30 06:45:00+00:00,1939.6500244140625,1943.25,1933.5,1941.0,168655,CUMMINSIND
2023-06-30 07:45:00+00:00,1941.199951171875,1945.0,1935.75,1939.8499755859375,201869,CUMMINSIND
2023-06-30 08:45:00+00:00,1940.0999755859375,1952.0,1938.300048828125,1941.25,236326,CUMMINSIND
2023-06-30 09:45:00+00:00,1944.8499755859375,1947.75,1938.300048828125,1940.050048828125,119063,CUMMINSIND
2023-07-03 03:45:00+00:00,1928.550048828125,1953.5,1919.6500244140625,1943.949951171875,0,CUMMINSIND
2023-07-03 04:45:00+00:00,1920.699951171875,1934.449951171875,1919.199951171875,1927.8499755859375,50097,CUMMINSIND
2023-07-03 05:45:00+00:00,1912.449951171875,1924.3499755859375,1908.9000244140625,1920.699951171875,65984,CUMMINSIND
2023-07-03 06:45:00+00:00,1910.449951171875,1915.6500244140625,1907.5999755859375,1912.699951171875,32355,CUMMINSIND
2023-07-03 07:45:00+00:00,1891.25,1912.75,1887.199951171875,1910.050048828125,122157,CUMMINSIND
2023-07-03 08:45:00+00:00,1889.5,1896.0,1886.0,1892.0,114190,CUMMINSIND
2023-07-03 09:45:00+00:00,1889.949951171875,1890.0,1886.0999755859375,1889.3499755859375,44470,CUMMINSIND
2023-07-04 03:45:00+00:00,1923.949951171875,1929.949951171875,1895.1500244140625,1897.0,0,CUMMINSIND
2023-07-04 04:45:00+00:00,1897.5,1924.9000244140625,1895.0,1924.75,83525,CUMMINSIND
2023-07-04 05:45:00+00:00,1885.449951171875,1899.0,1885.0,1898.199951171875,44570,CUMMINSIND
2023-07-04 06:45:00+00:00,1869.949951171875,1887.800048828125,1869.3499755859375,1885.3499755859375,59999,CUMMINSIND
2023-07-04 07:45:00+00:00,1873.050048828125,1874.949951171875,1859.949951171875,1869.949951171875,216039,CUMMINSIND
2023-07-04 08:45:00+00:00,1854.5,1873.949951171875,1851.75,1873.0,105027,CUMMINSIND
2023-07-04 09:45:00+00:00,1856.6500244140625,1864.800048828125,1853.199951171875,1854.9000244140625,49938,CUMMINSIND
2023-07-05 03:45:00+00:00,1861.949951171875,1871.4000244140625,1856.949951171875,1866.4000244140625,0,CUMMINSIND
2023-07-05 04:45:00+00:00,1866.800048828125,1871.0,1860.0,1861.0,83593,CUMMINSIND
2023-07-05 05:45:00+00:00,1883.050048828125,1884.75,1865.449951171875,1867.0,92052,CUMMINSIND
2023-07-05 06:45:00+00:00,1869.9000244140625,1884.75,1867.050048828125,1883.5999755859375,164980,CUMMINSIND
2023-07-05 07:45:00+00:00,1858.0,1871.4000244140625,1857.5,1869.9000244140625,173448,CUMMINSIND
2023-07-05 08:45:00+00:00,1876.550048828125,1880.0,1857.949951171875,1858.0,210016,CUMMINSIND
2023-07-05 09:45:00+00:00,1874.6500244140625,1880.0,1872.75,1876.550048828125,0,CUMMINSIND
2023-07-06 03:45:00+00:00,1896.4000244140625,1896.8499755859375,1869.0,1887.550048828125,128081,CUMMINSIND
2023-07-06 04:45:00+00:00,1916.0999755859375,1920.0,1894.0,1897.0,158125,CUMMINSIND
2023-07-06 05:45:00+00:00,1908.0999755859375,1919.300048828125,1902.0,1916.1500244140625,105991,CUMMINSIND
2023-07-06 06:45:00+00:00,1903.699951171875,1909.1500244140625,1896.0,1908.0,170841,CUMMINSIND
2023-07-06 07:45:00+00:00,1915.699951171875,1917.0,1899.1500244140625,1903.300048828125,113749,CUMMINSIND
2023-07-06 08:45:00+00:00,1913.050048828125,1917.0,1903.75,1915.8499755859375,80910,CUMMINSIND
2023-07-06 09:45:00+00:00,1916.0,1920.0,1912.3499755859375,1912.800048828125,0,CUMMINSIND
2023-07-07 03:45:00+00:00,1918.300048828125,1921.5,1900.199951171875,1915.949951171875,75390,CUMMINSIND
2023-07-07 04:45:00+00:00,1904.9000244140625,1919.0,1897.0,1918.550048828125,72090,CUMMINSIND
2023-07-07 05:45:00+00:00,1904.949951171875,1911.050048828125,1902.8499755859375,1904.8499755859375,33892,CUMMINSIND
2023-07-07 06:45:00+00:00,1894.949951171875,1909.949951171875,1893.1500244140625,1905.0,41492,CUMMINSIND
2023-07-07 07:45:00+00:00,1899.699951171875,1899.699951171875,1893.0,1894.6500244140625,87114,CUMMINSIND
2023-07-07 08:45:00+00:00,1903.1500244140625,1907.9000244140625,1897.550048828125,1898.5999755859375,61695,CUMMINSIND
2023-07-07 09:45:00+00:00,1902.3499755859375,1903.8499755859375,1897.0,1903.5999755859375,35856,CUMMINSIND
2023-07-10 03:45:00+00:00,1899.1500244140625,1909.550048828125,1887.0,1909.550048828125,0,CUMMINSIND
2023-07-10 04:45:00+00:00,1904.3499755859375,1907.0,1891.25,1898.050048828125,160556,CUMMINSIND
2023-07-10 05:45:00+00:00,1888.800048828125,1905.0,1887.699951171875,1904.3499755859375,33493,CUMMINSIND
2023-07-10 06:45:00+00:00,1895.0,1899.75,1886.5999755859375,1888.800048828125,26763,CUMMINSIND
2023-07-10 07:45:00+00:00,1893.75,1898.449951171875,1890.050048828125,1895.0,39154,CUMMINSIND
2023-07-10 08:45:00+00:00,1896.449951171875,1897.5,1887.550048828125,1894.0,43203,CUMMINSIND
2023-07-10 09:45:00+00:00,1893.300048828125,1896.699951171875,1890.550048828125,1896.550048828125,0,CUMMINSIND
2023-07-11 03:45:00+00:00,1914.3499755859375,1916.75,1885.050048828125,1893.5,85901,CUMMINSIND
2023-07-11 04:45:00+00:00,1924.5,1927.9000244140625,1914.4000244140625,1915.5,56095,CUMMINSIND
2023-07-11 05:45:00+00:00,1912.0,1926.0,1909.8499755859375,1924.800048828125,40838,CUMMINSIND
2023-07-11 06:45:00+00:00,1898.699951171875,1915.800048828125,1897.4000244140625,1912.0,43790,CUMMINSIND
2023-07-11 07:45:00+00:00,1891.25,1900.699951171875,1890.0,1898.699951171875,28887,CUMMINSIND
2023-07-11 08:45:00+00:00,1887.8499755859375,1893.75,1879.1500244140625,1891.25,51257,CUMMINSIND
2023-07-11 09:45:00+00:00,1890.6500244140625,1893.949951171875,1887.800048828125,1887.8499755859375,0,CUMMINSIND
2023-07-12 03:45:00+00:00,1931.5,1935.0,1896.4000244140625,1900.0,152889,CUMMINSIND
2023-07-12 04:45:00+00:00,1920.6500244140625,1939.949951171875,1920.6500244140625,1932.0,124282,CUMMINSIND
2023-07-12 05:45:00+00:00,1910.8499755859375,1929.75,1908.050048828125,1921.0999755859375,68581,CUMMINSIND
2023-07-12 06:45:00+00:00,1905.1500244140625,1913.800048828125,1898.0,1910.550048828125,53277,CUMMINSIND
2023-07-12 07:45:00+00:00,1900.0,1907.5999755859375,1894.8499755859375,1905.5999755859375,97299,CUMMINSIND
2023-07-12 08:45:00+00:00,1899.9000244140625,1908.6500244140625,1896.050048828125,1900.0,73120,CUMMINSIND
2023-07-12 09:45:00+00:00,1900.3499755859375,1904.0,1898.3499755859375,1899.9000244140625,34620,CUMMINSIND
2023-07-13 03:45:00+00:00,1917.5,1921.949951171875,1905.449951171875,1906.4000244140625,70179,CUMMINSIND
2023-07-13 04:45:00+00:00,1909.4000244140625,1918.3499755859375,1906.9000244140625,1917.449951171875,28866,CUMMINSIND
2023-07-13 05:45:00+00:00,1899.949951171875,1910.6500244140625,1898.8499755859375,1909.550048828125,41932,CUMMINSIND
2023-07-13 06:45:00+00:00,1892.550048828125,1900.0,1892.550048828125,1899.9000244140625,27219,CUMMINSIND
2023-07-13 07:45:00+00:00,1881.949951171875,1895.0999755859375,1880.0,1892.5,51395,CUMMINSIND
2023-07-13 08:45:00+00:00,1891.0,1892.550048828125,1881.699951171875,1882.5,84647,CUMMINSIND
2023-07-13 09:45:00+00:00,1892.3499755859375,1899.0,1890.1500244140625,1891.050048828125,49031,CUMMINSIND
2023-07-14 03:45:00+00:00,1913.0,1919.550048828125,1900.0,1901.0,0,CUMMINSIND
2023-07-14 04:45:00+00:00,1897.5,1913.9000244140625,1896.0999755859375,1912.199951171875,46583,CUMMINSIND
2023-07-14 05:45:00+00:00,1900.0,1901.449951171875,1892.6500244140625,1897.5,54287,CUMMINSIND
2023-07-14 06:45:00+00:00,1915.949951171875,1916.199951171875,1897.5,1900.0,40466,CUMMINSIND
2023-07-14 07:45:00+00:00,1902.5999755859375,1916.949951171875,1901.0999755859375,1915.949951171875,42412,CUMMINSIND
2023-07-14 08:45:00+00:00,1914.449951171875,1916.6500244140625,1901.550048828125,1902.0,48388,CUMMINSIND
2023-07-14 09:45:00+00:00,1922.0,1923.0,1913.800048828125,1914.4000244140625,33058,CUMMINSIND
2023-07-17 03:45:00+00:00,1924.75,1932.1500244140625,1910.0999755859375,1922.4000244140625,0,CUMMINSIND
2023-07-17 04:45:00+00:00,1906.800048828125,1924.75,1905.0,1923.75,65404,CUMMINSIND
2023-07-17 05:45:00+00:00,1906.550048828125,1911.0,1902.300048828125,1907.699951171875,42736,CUMMINSIND
2023-07-17 06:45:00+00:00,1905.0,1909.300048828125,1899.0,1906.5999755859375,42285,CUMMINSIND
2023-07-17 07:45:00+00:00,1903.949951171875,1907.949951171875,1901.050048828125,1905.0,31254,CUMMINSIND
2023-07-17 08:45:00+00:00,1899.050048828125,1906.949951171875,1896.550048828125,1903.949951171875,70689,CUMMINSIND
2023-07-17 09:45:00+00:00,1899.4000244140625,1904.6500244140625,1897.5,1899.050048828125,0,CUMMINSIND
2023-07-18 03:45:00+00:00,1919.0999755859375,1923.5,1904.1500244140625,1913.8499755859375,66616,CUMMINSIND
2023-07-18 04:45:00+00:00,1917.1500244140625,1929.9000244140625,1916.300048828125,1919.0999755859375,70506,CUMMINSIND
2023-07-18 05:45:00+00:00,1902.0,1917.699951171875,1897.0,1917.1500244140625,137067,CUMMINSIND
2023-07-18 06:45:00+00:00,1907.0,1909.550048828125,1901.3499755859375,1902.0,44800,CUMMINSIND
2023-07-18 07:45:00+00:00,1907.949951171875,1911.75,1900.0999755859375,1907.0,86927,CUMMINSIND
2023-07-18 08:45:00+00:00,1914.800048828125,1920.5999755859375,1903.8499755859375,1907.949951171875,142181,CUMMINSIND
2023-07-18 09:45:00+00:00,1913.300048828125,1918.8499755859375,1912.800048828125,1914.800048828125,0,CUMMINSIND
2023-07-19 03:45:00+00:00,1917.5,1928.949951171875,1916.949951171875,1917.25,88794,CUMMINSIND
2023-07-19 04:45:00+00:00,1908.1500244140625,1921.050048828125,1908.050048828125,1918.449951171875,120170,CUMMINSIND
2023-07-19 05:45:00+00:00,1924.449951171875,1926.5,1908.1500244140625,1908.1500244140625,82713,CUMMINSIND
2023-07-19 06:45:00+00:00,1922.0,1926.949951171875,1917.050048828125,1923.8499755859375,40932,CUMMINSIND
2023-07-19 07:45:00+00:00,1924.050048828125,1928.9000244140625,1919.0,1922.050048828125,40823,CUMMINSIND
2023-07-19 08:45:00+00:00,1937.050048828125,1944.25,1922.0,1924.050048828125,127050,CUMMINSIND
2023-07-19 09:45:00+00:00,1945.0,1946.0,1937.1500244140625,1938.1500244140625,61563,CUMMINSIND
2023-07-20 03:45:00+00:00,1930.0,1949.8499755859375,1925.0,1945.9000244140625,56295,CUMMINSIND
2023-07-20 04:45:00+00:00,1911.1500244140625,1936.1500244140625,1897.6500244140625,1930.0,125226,CUMMINSIND
2023-07-20 05:45:00+00:00,1911.300048828125,1916.6500244140625,1903.699951171875,1911.0,47652,CUMMINSIND
2023-07-20 06:45:00+00:00,1905.050048828125,1916.199951171875,1905.0,1911.25,48155,CUMMINSIND
2023-07-20 07:45:00+00:00,1900.75,1905.0999755859375,1899.0,1905.0999755859375,58897,CUMMINSIND
2023-07-20 08:45:00+00:00,1916.9000244140625,1918.5,1899.0,1900.75,69252,CUMMINSIND
2023-07-20 09:45:00+00:00,1917.199951171875,1919.5,1915.0,1916.9000244140625,49014,CUMMINSIND
2023-07-21 03:45:00+00:00,1888.5999755859375,1911.5,1886.3499755859375,1896.8499755859375,119543,CUMMINSIND
2023-07-21 04:45:00+00:00,1873.1500244140625,1888.5999755859375,1871.1500244140625,1888.5,118032,CUMMINSIND
2023-07-21 05:45:00+00:00,1873.199951171875,1879.449951171875,1863.0999755859375,1873.1500244140625,86633,CUMMINSIND
2023-07-21 06:45:00+00:00,1885.0,1886.9000244140625,1871.199951171875,1873.5999755859375,69991,CUMMINSIND
2023-07-21 07:45:00+00:00,1875.4000244140625,1889.550048828125,1874.949951171875,1884.8499755859375,69007,CUMMINSIND
2023-07-21 08:45:00+00:00,1879.0,1886.449951171875,1875.0,1875.050048828125,120905,CUMMINSIND
2023-07-21 09:45:00+00:00,1883.6500244140625,1892.0,1878.199951171875,1879.0999755859375,0,CUMMINSIND
2023-07-24 03:45:00+00:00,1904.9000244140625,1909.8499755859375,1885.75,1885.75,0,CUMMINSIND
2023-07-24 04:45:00+00:00,1902.8499755859375,1914.0999755859375,1900.050048828125,1904.949951171875,91471,CUMMINSIND
2023-07-24 05:45:00+00:00,1891.0,1907.449951171875,1885.3499755859375,1902.800048828125,64685,CUMMINSIND
2023-07-24 06:45:00+00:00,1905.5999755859375,1906.800048828125,1890.699951171875,1891.5,61581,CUMMINSIND
2023-07-24 07:45:00+00:00,1905.9000244140625,1908.550048828125,1902.199951171875,1905.3499755859375,60451,CUMMINSIND
2023-07-24 08:45:00+00:00,1902.8499755859375,1905.9000244140625,1898.6500244140625,1905.0,62183,CUMMINSIND
2023-07-24 09:45:00+00:00,1904.1500244140625,1905.449951171875,1901.0,1903.0,36553,CUMMINSIND
2023-07-25 03:45:00+00:00,1906.5,1921.9000244140625,1903.3499755859375,1919.3499755859375,0,CUMMINSIND
2023-07-25 04:45:00+00:00,1905.550048828125,1910.550048828125,1903.5,1906.25,39362,CUMMINSIND
2023-07-25 05:45:00+00:00,1915.199951171875,1919.050048828125,1904.75,1905.25,42839,CUMMINSIND
2023-07-25 06:45:00+00:00,1907.699951171875,1918.3499755859375,1904.4000244140625,1915.75,45405,CUMMINSIND
2023-07-25 07:45:00+00:00,1914.550048828125,1915.550048828125,1905.199951171875,1908.199951171875,33696,CUMMINSIND
2023-07-25 08:45:00+00:00,1922.449951171875,1922.699951171875,1914.0,1914.5999755859375,69391,CUMMINSIND
2023-07-25 09:45:00+00:00,1922.8499755859375,1928.5,1921.9000244140625,1922.4000244140625,38746,CUMMINSIND
2023-07-26 03:45:00+00:00,1906.9000244140625,1917.949951171875,1902.449951171875,1915.949951171875,0,CUMMINSIND
2023-07-26 04:45:00+00:00,1909.800048828125,1913.949951171875,1905.1500244140625,1906.9000244140625,29641,CUMMINSIND
2023-07-26 05:45:00+00:00,1917.4000244140625,1917.699951171875,1906.0999755859375,1909.949951171875,37826,CUMMINSIND
2023-07-26 06:45:00+00:00,1929.0999755859375,1931.0,1915.0,1916.6500244140625,72133,CUMMINSIND
2023-07-26 07:45:00+00:00,1927.0,1934.449951171875,1924.25,1929.0999755859375,75275,CUMMINSIND
2023-07-26 08:45:00+00:00,1915.1500244140625,1929.75,1914.3499755859375,1927.0,71160,CUMMINSIND
2023-07-26 09:45:00+00:00,1916.6500244140625,1921.199951171875,1912.5999755859375,1915.25,0,CUMMINSIND
2023-07-27 03:45:00+00:00,1925.449951171875,1931.0,1912.300048828125,1916.6500244140625,40016,CUMMINSIND
2023-07-27 04:45:00+00:00,1929.6500244140625,1933.800048828125,1925.449951171875,1925.75,42764,CUMMINSIND
2023-07-27 05:45:00+00:00,1925.449951171875,1930.9000244140625,1923.5,1929.300048828125,25215,CUMMINSIND
2023-07-27 06:45:00+00:00,1922.0,1925.75,1916.25,1925.550048828125,82122,CUMMINSIND
2023-07-27 07:45:00+00:00,1920.449951171875,1925.949951171875,1916.949951171875,1922.050048828125,93724,CUMMINSIND
2023-07-27 08:45:00+00:00,1921.4000244140625,1923.0999755859375,1913.0,1919.8499755859375,122054,CUMMINSIND
2023-07-27 09:45:00+00:00,1922.800048828125,1935.9000244140625,1920.699951171875,1921.050048828125,0,CUMMINSIND
2023-07-28 03:45:00+00:00,1937.449951171875,1940.0,1912.050048828125,1925.0,95241,CUMMINSIND
2023-07-28 04:45:00+00:00,1950.800048828125,1957.8499755859375,1937.449951171875,1937.449951171875,200819,CUMMINSIND
2023-07-28 05:45:00+00:00,1937.9000244140625,1952.8499755859375,1928.5,1950.5,185137,CUMMINSIND
2023-07-28 06:45:00+00:00,1951.5999755859375,1961.050048828125,1935.6500244140625,1936.699951171875,358292,CUMMINSIND
2023-07-28 07:45:00+00:00,1954.0,1956.0,1948.5,1951.5,107557,CUMMINSIND
2023-07-28 08:45:00+00:00,1954.800048828125,1957.800048828125,1945.0,1955.0,179005,CUMMINSIND
2023-07-28 09:45:00+00:00,1952.0,1957.4000244140625,1950.0999755859375,1955.050048828125,83977,CUMMINSIND
2023-07-31 03:45:00+00:00,1961.699951171875,1969.800048828125,1948.0999755859375,1963.0,0,CUMMINSIND
2023-07-31 04:45:00+00:00,1962.9000244140625,1964.699951171875,1955.6500244140625,1961.75,46646,CUMMINSIND
2023-07-31 05:45:00+00:00,1969.4000244140625,1969.550048828125,1960.300048828125,1962.9000244140625,47068,CUMMINSIND
2023-07-31 06:45:00+00:00,1968.050048828125,1970.0,1960.5,1969.4000244140625,38597,CUMMINSIND
2023-07-31 07:45:00+00:00,1963.800048828125,1970.0,1959.9000244140625,1968.050048828125,37114,CUMMINSIND
2023-07-31 08:45:00+00:00,1968.050048828125,1974.0,1962.5,1963.6500244140625,135505,CUMMINSIND
2023-07-31 09:45:00+00:00,1968.1500244140625,1970.0,1964.4000244140625,1967.9000244140625,0,CUMMINSIND
2023-08-01 03:45:00+00:00,1965.050048828125,1974.75,1959.050048828125,1974.75,122132,CUMMINSIND
2023-08-01 04:45:00+00:00,1978.949951171875,1979.8499755859375,1965.050048828125,1965.050048828125,93379,CUMMINSIND
2023-08-01 05:45:00+00:00,1964.0999755859375,1980.1500244140625,1959.3499755859375,1978.949951171875,197870,CUMMINSIND
2023-08-01 06:45:00+00:00,1956.1500244140625,1965.0,1952.5999755859375,1964.6500244140625,41227,CUMMINSIND
2023-08-01 07:45:00+00:00,1932.300048828125,1957.25,1932.300048828125,1957.25,140080,CUMMINSIND
2023-08-01 08:45:00+00:00,1926.3499755859375,1937.0,1924.199951171875,1932.699951171875,157539,CUMMINSIND
2023-08-01 09:45:00+00:00,1925.0,1929.949951171875,1925.0,1926.4000244140625,37536,CUMMINSIND
2023-08-02 03:45:00+00:00,1892.25,1926.0,1872.1500244140625,1926.0,334743,CUMMINSIND
2023-08-02 04:45:00+00:00,1900.4000244140625,1902.0,1892.199951171875,1892.25,100921,CUMMINSIND
2023-08-02 05:45:00+00:00,1894.8499755859375,1904.5999755859375,1892.050048828125,1900.1500244140625,65456,CUMMINSIND
2023-08-02 06:45:00+00:00,1893.8499755859375,1897.5,1886.3499755859375,1894.5999755859375,64031,CUMMINSIND
2023-08-02 07:45:00+00:00,1894.5,1897.800048828125,1887.5,1893.25,103231,CUMMINSIND
2023-08-02 08:45:00+00:00,1899.75,1900.449951171875,1890.800048828125,1894.5,154728,CUMMINSIND
2023-08-02 09:45:00+00:00,1896.0,1901.0,1892.199951171875,1899.800048828125,45697,CUMMINSIND
2023-08-03 03:45:00+00:00,1905.0,1908.699951171875,1886.050048828125,1899.75,61158,CUMMINSIND
2023-08-03 04:45:00+00:00,1907.75,1908.550048828125,1895.3499755859375,1905.0,45772,CUMMINSIND
2023-08-03 05:45:00+00:00,1900.25,1915.4000244140625,1899.0,1907.75,51367,CUMMINSIND
2023-08-03 06:45:00+00:00,1888.949951171875,1902.5999755859375,1888.300048828125,1900.3499755859375,53011,CUMMINSIND
2023-08-03 07:45:00+00:00,1877.800048828125,1895.0,1877.0999755859375,1890.0,140658,CUMMINSIND
2023-08-03 08:45:00+00:00,1879.8499755859375,1884.3499755859375,1875.25,1877.800048828125,324619,CUMMINSIND
2023-08-03 09:45:00+00:00,1881.050048828125,1884.3499755859375,1877.8499755859375,1880.0,0,CUMMINSIND
2023-08-04 03:45:00+00:00,1892.0,1903.800048828125,1853.4000244140625,1853.75,420759,CUMMINSIND
2023-08-04 04:45:00+00:00,1779.0,1897.949951171875,1745.949951171875,1892.949951171875,1164892,CUMMINSIND
2023-08-04 05:45:00+00:00,1806.0,1806.5,1754.0,1778.25,634643,CUMMINSIND
2023-08-04 06:45:00+00:00,1800.699951171875,1814.4000244140625,1789.0,1805.800048828125,452129,CUMMINSIND
2023-08-04 07:45:00+00:00,1800.800048828125,1804.0,1796.5999755859375,1800.800048828125,259113,CUMMINSIND
2023-08-04 08:45:00+00:00,1796.949951171875,1803.0,1787.0,1800.699951171875,340262,CUMMINSIND
2023-08-04 09:45:00+00:00,1798.5,1802.9000244140625,1794.0,1797.050048828125,218579,CUMMINSIND
2023-08-07 03:45:00+00:00,1772.5,1791.800048828125,1757.25,1791.800048828125,0,CUMMINSIND
2023-08-07 04:45:00+00:00,1772.199951171875,1777.550048828125,1769.800048828125,1771.75,129042,CUMMINSIND
2023-08-07 05:45:00+00:00,1775.050048828125,1779.25,1770.0,1772.0,103827,CUMMINSIND
2023-08-07 06:45:00+00:00,1765.199951171875,1778.050048828125,1765.050048828125,1775.0,127531,CUMMINSIND
2023-08-07 07:45:00+00:00,1758.4000244140625,1765.1500244140625,1753.0,1765.1500244140625,190070,CUMMINSIND
2023-08-07 08:45:00+00:00,1753.0,1759.0,1747.3499755859375,1758.449951171875,313367,CUMMINSIND
2023-08-07 09:45:00+00:00,1755.050048828125,1759.449951171875,1743.8499755859375,1753.0,121736,CUMMINSIND
2023-08-08 03:45:00+00:00,1735.1500244140625,1757.25,1721.0,1757.25,0,CUMMINSIND
2023-08-08 04:45:00+00:00,1747.5,1757.300048828125,1735.0,1736.0999755859375,197924,CUMMINSIND
2023-08-08 05:45:00+00:00,1740.199951171875,1748.5,1740.0,1747.3499755859375,137146,CUMMINSIND
2023-08-08 06:45:00+00:00,1738.5,1744.949951171875,1733.3499755859375,1740.1500244140625,119692,CUMMINSIND
2023-08-08 07:45:00+00:00,1740.199951171875,1746.1500244140625,1736.0,1739.199951171875,146622,CUMMINSIND
2023-08-08 08:45:00+00:00,1732.4000244140625,1745.699951171875,1732.4000244140625,1740.0,306704,CUMMINSIND
2023-08-08 09:45:00+00:00,1733.5999755859375,1735.4000244140625,1729.0,1732.0999755859375,217827,CUMMINSIND
2023-08-09 03:45:00+00:00,1741.1500244140625,1749.699951171875,1725.9000244140625,1731.5999755859375,0,CUMMINSIND
2023-08-09 04:45:00+00:00,1742.4000244140625,1754.949951171875,1741.1500244140625,1741.1500244140625,77933,CUMMINSIND
2023-08-09 05:45:00+00:00,1746.449951171875,1750.0,1741.550048828125,1741.9000244140625,43507,CUMMINSIND
2023-08-09 06:45:00+00:00,1743.4000244140625,1750.0,1740.5999755859375,1746.550048828125,65929,CUMMINSIND
2023-08-09 07:45:00+00:00,1747.5,1750.0,1742.0,1743.4000244140625,71673,CUMMINSIND
2023-08-09 08:45:00+00:00,1750.0,1751.0,1744.5999755859375,1747.050048828125,162656,CUMMINSIND
2023-08-09 09:45:00+00:00,1748.050048828125,1750.0,1746.25,1750.0,41758,CUMMINSIND
2023-08-10 03:45:00+00:00,1749.9000244140625,1760.449951171875,1743.949951171875,1748.0,149575,CUMMINSIND
2023-08-10 04:45:00+00:00,1757.8499755859375,1761.449951171875,1735.25,1750.1500244140625,248772,CUMMINSIND
2023-08-10 05:45:00+00:00,1762.6500244140625,1772.300048828125,1756.949951171875,1757.25,362533,CUMMINSIND
2023-08-10 06:45:00+00:00,1776.449951171875,1781.4000244140625,1757.6500244140625,1762.4000244140625,230023,CUMMINSIND
2023-08-10 07:45:00+00:00,1765.5,1779.5,1760.1500244140625,1776.699951171875,118670,CUMMINSIND
2023-08-10 08:45:00+00:00,1762.4000244140625,1768.800048828125,1753.0,1765.5,198535,CUMMINSIND
2023-08-10 09:45:00+00:00,1773.9000244140625,1774.800048828125,1763.050048828125,1763.050048828125,112446,CUMMINSIND
2023-08-11 03:45:00+00:00,1764.199951171875,1796.5,1757.0,1795.0999755859375,724703,CUMMINSIND
2023-08-11 04:45:00+00:00,1748.9000244140625,1773.0,1748.9000244140625,1764.199951171875,222309,CUMMINSIND
2023-08-11 05:45:00+00:00,1765.550048828125,1765.6500244140625,1748.1500244140625,1749.0,175327,CUMMINSIND
2023-08-11 06:45:00+00:00,1763.6500244140625,1769.75,1761.0,1765.4000244140625,244510,CUMMINSIND
2023-08-11 07:45:00+00:00,1757.0,1763.5999755859375,1756.0,1763.5999755859375,195926,CUMMINSIND
2023-08-11 08:45:00+00:00,1739.949951171875,1757.0999755859375,1739.0,1757.0,403431,CUMMINSIND
2023-08-11 09:45:00+00:00,1738.5999755859375,1740.199951171875,1732.550048828125,1739.550048828125,202817,CUMMINSIND
2023-08-14 03:45:00+00:00,1720.699951171875,1737.5,1701.0,1737.5,0,CUMMINSIND
2023-08-14 04:45:00+00:00,1720.1500244140625,1725.3499755859375,1715.1500244140625,1720.449951171875,118582,CUMMINSIND
2023-08-14 05:45:00+00:00,1723.0,1730.300048828125,1720.0999755859375,1720.25,94112,CUMMINSIND
2023-08-14 06:45:00+00:00,1726.199951171875,1727.0,1722.949951171875,1723.0,91782,CUMMINSIND
2023-08-14 07:45:00+00:00,1733.199951171875,1733.949951171875,1725.199951171875,1726.199951171875,81212,CUMMINSIND
2023-08-14 08:45:00+00:00,1740.800048828125,1746.8499755859375,1732.8499755859375,1733.25,121381,CUMMINSIND
2023-08-14 09:45:00+00:00,1741.0,1744.449951171875,1740.0,1740.699951171875,47779,CUMMINSIND
2023-08-16 03:45:00+00:00,1749.0999755859375,1754.9000244140625,1715.699951171875,1739.0,196344,CUMMINSIND
2023-08-16 04:45:00+00:00,1748.800048828125,1750.0,1743.1500244140625,1749.0999755859375,123890,CUMMINSIND
2023-08-16 05:45:00+00:00,1747.550048828125,1749.0,1745.9000244140625,1748.5,78723,CUMMINSIND
2023-08-16 06:45:00+00:00,1739.949951171875,1748.949951171875,1734.6500244140625,1747.5999755859375,97359,CUMMINSIND
2023-08-16 07:45:00+00:00,1727.699951171875,1740.550048828125,1725.0999755859375,1739.4000244140625,132187,CUMMINSIND
2023-08-16 08:45:00+00:00,1729.4000244140625,1730.9000244140625,1724.0,1728.0,239123,CUMMINSIND
2023-08-16 09:45:00+00:00,1729.8499755859375,1739.0,1727.050048828125,1729.4000244140625,0,CUMMINSIND
2023-08-17 03:45:00+00:00,1747.449951171875,1751.0,1733.5,1736.949951171875,173482,CUMMINSIND
2023-08-17 04:45:00+00:00,1748.199951171875,1763.949951171875,1746.0,1747.449951171875,218208,CUMMINSIND
2023-08-17 05:45:00+00:00,1752.8499755859375,1754.0999755859375,1742.75,1748.3499755859375,122978,CUMMINSIND
2023-08-17 06:45:00+00:00,1748.550048828125,1759.3499755859375,1746.550048828125,1752.8499755859375,88132,CUMMINSIND
2023-08-17 07:45:00+00:00,1741.75,1750.0,1740.9000244140625,1748.8499755859375,103697,CUMMINSIND
2023-08-17 08:45:00+00:00,1743.6500244140625,1746.0,1735.0999755859375,1741.75,200903,CUMMINSIND
2023-08-17 09:45:00+00:00,1739.4000244140625,1745.199951171875,1737.6500244140625,1743.699951171875,105912,CUMMINSIND
2023-08-18 03:45:00+00:00,1738.199951171875,1749.050048828125,1728.0,1742.0,154900,CUMMINSIND
2023-08-18 04:45:00+00:00,1745.25,1745.550048828125,1731.050048828125,1737.5999755859375,119358,CUMMINSIND
2023-08-18 05:45:00+00:00,1736.050048828125,1747.9000244140625,1735.3499755859375,1745.699951171875,78762,CUMMINSIND
2023-08-18 06:45:00+00:00,1728.800048828125,1737.050048828125,1722.300048828125,1736.050048828125,73578,CUMMINSIND
2023-08-18 07:45:00+00:00,1730.699951171875,1733.1500244140625,1724.6500244140625,1728.800048828125,57599,CUMMINSIND
2023-08-18 08:45:00+00:00,1731.800048828125,1734.800048828125,1729.5999755859375,1730.699951171875,98153,CUMMINSIND
2023-08-18 09:45:00+00:00,1730.0,1733.3499755859375,1729.550048828125,1731.8499755859375,60295,CUMMINSIND
2023-08-21 03:45:00+00:00,1747.3499755859375,1750.8499755859375,1736.050048828125,1741.949951171875,0,CUMMINSIND
2023-08-21 04:45:00+00:00,1746.199951171875,1753.4000244140625,1745.0,1746.949951171875,77272,CUMMINSIND
2023-08-21 05:45:00+00:00,1752.25,1756.0,1745.5999755859375,1746.199951171875,70130,CUMMINSIND
2023-08-21 06:45:00+00:00,1753.9000244140625,1758.5,1750.75,1752.050048828125,87186,CUMMINSIND
2023-08-21 07:45:00+00:00,1751.9000244140625,1756.75,1748.1500244140625,1753.9000244140625,79867,CUMMINSIND
2023-08-21 08:45:00+00:00,1749.5999755859375,1757.6500244140625,1747.5999755859375,1750.8499755859375,132488,CUMMINSIND
2023-08-21 09:45:00+00:00,1752.0999755859375,1755.0,1748.9000244140625,1750.050048828125,48407,CUMMINSIND
2023-08-22 03:45:00+00:00,1747.449951171875,1759.699951171875,1746.050048828125,1755.0,0,CUMMINSIND
2023-08-22 04:45:00+00:00,1751.0,1752.550048828125,1741.5999755859375,1747.550048828125,78281,CUMMINSIND
2023-08-22 05:45:00+00:00,1751.050048828125,1752.800048828125,1747.699951171875,1751.0999755859375,53813,CUMMINSIND
2023-08-22 06:45:00+00:00,1754.300048828125,1757.4000244140625,1749.5,1751.0,50227,CUMMINSIND
2023-08-22 07:45:00+00:00,1754.5,1756.5,1751.050048828125,1754.1500244140625,49555,CUMMINSIND
2023-08-22 08:45:00+00:00,1751.5,1757.0,1749.050048828125,1754.5,97886,CUMMINSIND
2023-08-22 09:45:00+00:00,1751.5,1759.0,1747.550048828125,1751.550048828125,47621,CUMMINSIND
2023-08-23 03:45:00+00:00,1750.949951171875,1760.449951171875,1743.550048828125,1756.5999755859375,124983,CUMMINSIND
2023-08-23 04:45:00+00:00,1751.550048828125,1756.699951171875,1749.5,1751.6500244140625,79978,CUMMINSIND
2023-08-23 05:45:00+00:00,1750.8499755859375,1754.949951171875,1749.25,1751.550048828125,97569,CUMMINSIND
2023-08-23 06:45:00+00:00,1750.4000244140625,1752.1500244140625,1749.699951171875,1750.8499755859375,90618,CUMMINSIND
2023-08-23 07:45:00+00:00,1750.5,1755.0,1750.0,1750.4000244140625,77595,CUMMINSIND
2023-08-23 08:45:00+00:00,1738.949951171875,1750.949951171875,1735.0999755859375,1750.949951171875,320136,CUMMINSIND
2023-08-23 09:45:00+00:00,1737.699951171875,1745.550048828125,1735.0,1738.9000244140625,212742,CUMMINSIND
2023-08-24 03:45:00+00:00,1739.4000244140625,1755.5,1736.0,1740.1500244140625,0,CUMMINSIND
2023-08-24 04:45:00+00:00,1745.050048828125,1746.300048828125,1736.800048828125,1739.4000244140625,132364,CUMMINSIND
2023-08-24 05:45:00+00:00,1740.449951171875,1745.9000244140625,1738.5999755859375,1745.5,97646,CUMMINSIND
2023-08-24 06:45:00+00:00,1735.199951171875,1741.4000244140625,1732.550048828125,1739.9000244140625,109289,CUMMINSIND
2023-08-24 07:45:00+00:00,1731.9000244140625,1737.0999755859375,1730.0999755859375,1735.199951171875,107914,CUMMINSIND
2023-08-24 08:45:00+00:00,1719.300048828125,1733.449951171875,1719.300048828125,1731.8499755859375,170671,CUMMINSIND
2023-08-24 09:45:00+00:00,1720.25,1721.949951171875,1713.550048828125,1719.199951171875,57879,CUMMINSIND
2023-08-25 03:45:00+00:00,1719.0,1745.0,1716.0999755859375,1728.949951171875,0,CUMMINSIND
2023-08-25 04:45:00+00:00,1713.800048828125,1720.300048828125,1710.75,1718.949951171875,159346,CUMMINSIND
2023-08-25 05:45:00+00:00,1713.0999755859375,1721.800048828125,1713.0,1713.800048828125,141154,CUMMINSIND
2023-08-25 06:45:00+00:00,1716.1500244140625,1719.949951171875,1708.6500244140625,1713.0999755859375,132286,CUMMINSIND
2023-08-25 07:45:00+00:00,1717.300048828125,1721.5,1714.8499755859375,1717.0,140382,CUMMINSIND
2023-08-25 08:45:00+00:00,1715.050048828125,1720.9000244140625,1712.550048828125,1717.550048828125,249164,CUMMINSIND
2023-08-25 09:45:00+00:00,1714.75,1716.699951171875,1710.050048828125,1715.25,132854,CUMMINSIND
2023-08-28 03:45:00+00:00,1726.0999755859375,1735.0,1714.050048828125,1714.949951171875,0,CUMMINSIND
2023-08-28 04:45:00+00:00,1730.75,1740.0,1725.0999755859375,1726.050048828125,161792,CUMMINSIND
2023-08-28 05:45:00+00:00,1736.199951171875,1741.8499755859375,1725.0,1731.0999755859375,122376,CUMMINSIND
2023-08-28 06:45:00+00:00,1736.6500244140625,1740.6500244140625,1734.0999755859375,1735.5999755859375,123225,CUMMINSIND
2023-08-28 07:45:00+00:00,1726.0999755859375,1740.949951171875,1726.0999755859375,1736.3499755859375,179188,CUMMINSIND
2023-08-28 08:45:00+00:00,1713.9000244140625,1731.949951171875,1713.0,1726.5999755859375,355944,CUMMINSIND
2023-08-28 09:45:00+00:00,1717.9000244140625,1721.0,1710.0,1713.9000244140625,0,CUMMINSIND
2023-08-29 03:45:00+00:00,1732.0,1733.4000244140625,1716.550048828125,1720.0,230187,CUMMINSIND
2023-08-29 04:45:00+00:00,1734.6500244140625,1738.0,1729.3499755859375,1732.0,176175,CUMMINSIND
2023-08-29 05:45:00+00:00,1733.25,1735.0,1730.0,1734.6500244140625,141481,CUMMINSIND
2023-08-29 06:45:00+00:00,1732.5,1735.699951171875,1730.050048828125,1733.25,117926,CUMMINSIND
2023-08-29 07:45:00+00:00,1727.75,1733.800048828125,1726.0999755859375,1732.5,146082,CUMMINSIND
2023-08-29 08:45:00+00:00,1730.8499755859375,1734.0,1725.0,1727.5999755859375,251642,CUMMINSIND
2023-08-29 09:45:00+00:00,1730.050048828125,1731.25,1724.9000244140625,1730.9000244140625,80469,CUMMINSIND
2023-08-30 03:45:00+00:00,1740.300048828125,1744.4000244140625,1732.300048828125,1735.0,0,CUMMINSIND
2023-08-30 04:45:00+00:00,1738.5,1747.0,1738.5,1740.300048828125,168178,CUMMINSIND
2023-08-30 05:45:00+00:00,1740.050048828125,1743.0,1738.75,1738.75,99609,CUMMINSIND
2023-08-30 06:45:00+00:00,1729.0999755859375,1740.5,1728.6500244140625,1740.4000244140625,97603,CUMMINSIND
2023-08-30 07:45:00+00:00,1730.050048828125,1731.550048828125,1725.0,1729.0999755859375,113910,CUMMINSIND
2023-08-30 08:45:00+00:00,1730.0,1730.5999755859375,1725.0999755859375,1730.050048828125,244033,CUMMINSIND
2023-08-30 09:45:00+00:00,1731.3499755859375,1740.0,1726.0,1729.949951171875,70481,CUMMINSIND
2023-08-31 03:45:00+00:00,1726.800048828125,1749.300048828125,1721.050048828125,1733.699951171875,0,CUMMINSIND
2023-08-31 04:45:00+00:00,1730.199951171875,1741.0,1727.0,1727.0,299345,CUMMINSIND
2023-08-31 05:45:00+00:00,1735.25,1741.4000244140625,1725.6500244140625,1730.5999755859375,302792,CUMMINSIND
2023-08-31 06:45:00+00:00,1727.199951171875,1737.0999755859375,1725.4000244140625,1735.25,415051,CUMMINSIND
2023-08-31 07:45:00+00:00,1717.800048828125,1728.300048828125,1717.449951171875,1727.199951171875,292789,CUMMINSIND
2023-08-31 08:45:00+00:00,1703.0999755859375,1723.550048828125,1690.5999755859375,1717.800048828125,9805028,CUMMINSIND
2023-08-31 09:45:00+00:00,1704.0,1719.800048828125,1693.75,1703.0999755859375,7664812,CUMMINSIND
2023-09-01 03:45:00+00:00,1693.8499755859375,1703.199951171875,1689.3499755859375,1695.0,0,CUMMINSIND
2023-09-01 04:45:00+00:00,1689.0,1698.1500244140625,1681.0,1694.5999755859375,149146,CUMMINSIND
2023-09-01 05:45:00+00:00,1690.5,1693.5,1687.5,1688.9000244140625,73599,CUMMINSIND
2023-09-01 06:45:00+00:00,1683.449951171875,1691.5999755859375,1680.9000244140625,1690.0,109807,CUMMINSIND
2023-09-01 07:45:00+00:00,1691.1500244140625,1695.199951171875,1671.9000244140625,1683.75,213152,CUMMINSIND
2023-09-01 08:45:00+00:00,1705.9000244140625,1711.0,1690.550048828125,1691.199951171875,163686,CUMMINSIND
2023-09-01 09:45:00+00:00,1706.0,1707.3499755859375,1701.800048828125,1705.800048828125,55065,CUMMINSIND
2023-09-04 03:45:00+00:00,1710.0,1714.550048828125,1702.0,1710.0,0,CUMMINSIND
2023-09-04 04:45:00+00:00,1718.300048828125,1720.949951171875,1708.699951171875,1710.0,97103,CUMMINSIND
2023-09-04 05:45:00+00:00,1730.050048828125,1731.5,1718.449951171875,1719.0999755859375,84747,CUMMINSIND
2023-09-04 06:45:00+00:00,1738.300048828125,1742.199951171875,1728.0,1730.75,88535,CUMMINSIND
2023-09-04 07:45:00+00:00,1741.300048828125,1746.75,1737.800048828125,1738.6500244140625,131398,CUMMINSIND
2023-09-04 08:45:00+00:00,1722.1500244140625,1741.449951171875,1721.1500244140625,1741.449951171875,134658,CUMMINSIND
2023-09-04 09:45:00+00:00,1726.3499755859375,1733.050048828125,1720.0,1722.4000244140625,54838,CUMMINSIND
2023-09-05 03:45:00+00:00,1730.0,1742.4000244140625,1726.0,1732.0,0,CUMMINSIND
2023-09-05 04:45:00+00:00,1728.050048828125,1730.800048828125,1726.5,1730.0,33827,CUMMINSIND
2023-09-05 05:45:00+00:00,1727.0,1730.0999755859375,1722.0999755859375,1727.800048828125,62180,CUMMINSIND
2023-09-05 06:45:00+00:00,1729.0,1729.0,1720.0,1727.0,56785,CUMMINSIND
2023-09-05 07:45:00+00:00,1724.199951171875,1729.0,1722.25,1728.5999755859375,63746,CUMMINSIND
2023-09-05 08:45:00+00:00,1718.1500244140625,1725.949951171875,1716.25,1724.199951171875,108936,CUMMINSIND
2023-09-05 09:45:00+00:00,1723.0,1725.0,1715.8499755859375,1719.0,80547,CUMMINSIND
2023-09-06 03:45:00+00:00,1732.0,1734.3499755859375,1722.8499755859375,1724.949951171875,0,CUMMINSIND
2023-09-06 04:45:00+00:00,1730.4000244140625,1734.0,1728.1500244140625,1732.0,132218,CUMMINSIND
2023-09-06 05:45:00+00:00,1732.550048828125,1734.800048828125,1727.9000244140625,1730.1500244140625,71562,CUMMINSIND
2023-09-06 06:45:00+00:00,1730.0,1733.0,1728.0,1732.3499755859375,52551,CUMMINSIND
2023-09-06 07:45:00+00:00,1736.0,1736.0,1727.5,1730.0,55319,CUMMINSIND
2023-09-06 08:45:00+00:00,1747.3499755859375,1748.0,1733.5999755859375,1737.3499755859375,141319,CUMMINSIND
2023-09-06 09:45:00+00:00,1750.0,1750.449951171875,1745.199951171875,1746.800048828125,75374,CUMMINSIND
2023-09-07 03:45:00+00:00,1755.25,1758.0999755859375,1748.050048828125,1756.0,0,CUMMINSIND
2023-09-07 04:45:00+00:00,1752.0999755859375,1757.5,1751.199951171875,1754.75,60549,CUMMINSIND
2023-09-07 05:45:00+00:00,1745.0999755859375,1754.0,1741.199951171875,1752.0999755859375,57159,CUMMINSIND
2023-09-07 06:45:00+00:00,1743.6500244140625,1747.550048828125,1741.6500244140625,1745.0999755859375,27785,CUMMINSIND
2023-09-07 07:45:00+00:00,1750.550048828125,1750.949951171875,1742.75,1742.75,38459,CUMMINSIND
2023-09-07 08:45:00+00:00,1740.0,1751.0,1736.4000244140625,1751.0,197170,CUMMINSIND
2023-09-07 09:45:00+00:00,1739.9000244140625,1741.0,1736.4000244140625,1740.449951171875,104361,CUMMINSIND
2023-09-08 03:45:00+00:00,1742.9000244140625,1748.0,1737.4000244140625,1748.0,0,CUMMINSIND
2023-09-08 04:45:00+00:00,1749.5,1752.1500244140625,1741.75,1742.9000244140625,138614,CUMMINSIND
2023-09-08 05:45:00+00:00,1748.5999755859375,1751.1500244140625,1745.6500244140625,1750.449951171875,261587,CUMMINSIND
2023-09-08 06:45:00+00:00,1745.0,1749.25,1744.0,1748.949951171875,55833,CUMMINSIND
2023-09-08 07:45:00+00:00,1751.0999755859375,1752.0999755859375,1745.0,1745.1500244140625,85192,CUMMINSIND
2023-09-08 08:45:00+00:00,1754.25,1762.050048828125,1749.1500244140625,1751.050048828125,301171,CUMMINSIND
2023-09-08 09:45:00+00:00,1755.3499755859375,1755.3499755859375,1748.050048828125,1754.25,112376,CUMMINSIND
2023-09-11 03:45:00+00:00,1770.1500244140625,1786.5,1767.949951171875,1770.0,0,CUMMINSIND
2023-09-11 04:45:00+00:00,1767.800048828125,1771.199951171875,1765.25,1770.1500244140625,86168,CUMMINSIND
2023-09-11 05:45:00+00:00,1764.75,1769.1500244140625,1761.800048828125,1767.75,97006,CUMMINSIND
2023-09-11 06:45:00+00:00,1766.25,1771.300048828125,1764.0,1764.75,67754,CUMMINSIND
2023-09-11 07:45:00+00:00,1766.449951171875,1768.0,1763.050048828125,1766.25,66562,CUMMINSIND
2023-09-11 08:45:00+00:00,1767.5999755859375,1772.199951171875,1764.449951171875,1765.4000244140625,122387,CUMMINSIND
2023-09-11 09:45:00+00:00,1768.5,1770.0,1763.3499755859375,1766.1500244140625,53980,CUMMINSIND
2023-09-12 03:45:00+00:00,1729.3499755859375,1776.25,1712.199951171875,1772.0,0,CUMMINSIND
2023-09-12 04:45:00+00:00,1731.9000244140625,1735.449951171875,1719.300048828125,1729.25,119417,CUMMINSIND
2023-09-12 05:45:00+00:00,1709.550048828125,1735.0,1708.3499755859375,1732.0,110543,CUMMINSIND
2023-09-12 06:45:00+00:00,1715.0,1717.449951171875,1709.550048828125,1709.550048828125,89760,CUMMINSIND
2023-09-12 07:45:00+00:00,1711.0,1717.050048828125,1710.4000244140625,1715.0999755859375,134980,CUMMINSIND
2023-09-12 08:45:00+00:00,1709.9000244140625,1712.050048828125,1709.0999755859375,1711.1500244140625,137102,CUMMINSIND
2023-09-12 09:45:00+00:00,1713.0,1715.0,1709.9000244140625,1709.9000244140625,118423,CUMMINSIND
2023-09-13 03:45:00+00:00,1710.449951171875,1717.75,1690.0,1711.0999755859375,0,CUMMINSIND
2023-09-13 04:45:00+00:00,1710.0999755859375,1717.550048828125,1710.0,1710.800048828125,72224,CUMMINSIND
2023-09-13 05:45:00+00:00,1710.0,1719.949951171875,1709.800048828125,1710.0999755859375,112811,CUMMINSIND
2023-09-13 06:45:00+00:00,1708.800048828125,1711.449951171875,1707.3499755859375,1710.0,50815,CUMMINSIND
2023-09-13 07:45:00+00:00,1711.0,1711.3499755859375,1701.300048828125,1709.0,85842,CUMMINSIND
2023-09-13 08:45:00+00:00,1716.0,1717.5999755859375,1710.4000244140625,1711.3499755859375,80330,CUMMINSIND
2023-09-13 09:45:00+00:00,1714.6500244140625,1717.6500244140625,1711.8499755859375,1716.050048828125,62063,CUMMINSIND
2023-09-14 03:45:00+00:00,1714.25,1731.949951171875,1711.0999755859375,1731.0,0,CUMMINSIND
2023-09-14 04:45:00+00:00,1724.1500244140625,1727.4000244140625,1710.300048828125,1714.449951171875,87468,CUMMINSIND
2023-09-14 05:45:00+00:00,1723.1500244140625,1725.0,1718.4000244140625,1724.1500244140625,19480,CUMMINSIND
2023-09-14 06:45:00+00:00,1718.199951171875,1726.25,1717.25,1723.1500244140625,26710,CUMMINSIND
2023-09-14 07:45:00+00:00,1720.050048828125,1721.4000244140625,1716.5999755859375,1718.199951171875,17620,CUMMINSIND
2023-09-14 08:45:00+00:00,1725.75,1726.550048828125,1716.800048828125,1720.050048828125,166024,CUMMINSIND
2023-09-14 09:45:00+00:00,1725.75,1732.6500244140625,1724.199951171875,1725.75,59168,CUMMINSIND
2023-09-15 03:45:00+00:00,1726.8499755859375,1741.050048828125,1725.0,1733.5,0,CUMMINSIND
2023-09-15 04:45:00+00:00,1722.5,1727.199951171875,1720.25,1726.5,86304,CUMMINSIND
2023-09-15 05:45:00+00:00,1734.449951171875,1738.75,1721.3499755859375,1723.0,65844,CUMMINSIND
2023-09-15 06:45:00+00:00,1737.8499755859375,1742.6500244140625,1732.699951171875,1733.75,56984,CUMMINSIND
2023-09-15 07:45:00+00:00,1738.6500244140625,1746.949951171875,1737.4000244140625,1738.449951171875,83791,CUMMINSIND
2023-09-15 08:45:00+00:00,1746.449951171875,1750.0,1736.25,1738.550048828125,189165,CUMMINSIND
2023-09-15 09:45:00+00:00,1747.3499755859375,1750.0,1741.1500244140625,1746.4000244140625,113333,CUMMINSIND
2023-09-18 03:45:00+00:00,1734.0,1752.949951171875,1729.550048828125,1752.949951171875,0,CUMMINSIND
2023-09-18 04:45:00+00:00,1735.25,1741.75,1731.5,1733.199951171875,106179,CUMMINSIND
2023-09-18 05:45:00+00:00,1729.800048828125,1736.5,1724.0,1735.6500244140625,85154,CUMMINSIND
2023-09-18 06:45:00+00:00,1726.0,1734.75,1724.199951171875,1730.4000244140625,45953,CUMMINSIND
2023-09-18 07:45:00+00:00,1721.800048828125,1728.0,1715.699951171875,1726.699951171875,144398,CUMMINSIND
2023-09-18 08:45:00+00:00,1725.9000244140625,1729.4000244140625,1720.0,1721.75,100753,CUMMINSIND
2023-09-18 09:45:00+00:00,1726.550048828125,1729.050048828125,1723.5,1726.550048828125,0,CUMMINSIND
2023-09-20 03:45:00+00:00,1749.0,1758.949951171875,1708.4000244140625,1715.0,183270,CUMMINSIND
2023-09-20 04:45:00+00:00,1743.75,1752.800048828125,1742.0,1749.0,81057,CUMMINSIND
2023-09-20 05:45:00+00:00,1729.25,1744.0,1727.050048828125,1743.75,65405,CUMMINSIND
2023-09-20 06:45:00+00:00,1729.449951171875,1736.0,1726.75,1729.199951171875,130900,CUMMINSIND
2023-09-20 07:45:00+00:00,1728.75,1732.75,1725.0,1729.0,62138,CUMMINSIND
2023-09-20 08:45:00+00:00,1728.300048828125,1730.5,1723.5,1728.699951171875,65176,CUMMINSIND
2023-09-20 09:45:00+00:00,1728.3499755859375,1729.4000244140625,1725.0,1728.300048828125,38708,CUMMINSIND
2023-09-21 03:45:00+00:00,1731.199951171875,1745.3499755859375,1720.0999755859375,1724.949951171875,0,CUMMINSIND
2023-09-21 04:45:00+00:00,1737.699951171875,1740.449951171875,1728.449951171875,1730.6500244140625,76172,CUMMINSIND
2023-09-21 05:45:00+00:00,1738.0,1738.949951171875,1735.0,1737.699951171875,41406,CUMMINSIND
2023-09-21 06:45:00+00:00,1740.949951171875,1743.5999755859375,1734.0999755859375,1737.8499755859375,116737,CUMMINSIND
2023-09-21 07:45:00+00:00,1739.550048828125,1742.8499755859375,1732.3499755859375,1740.8499755859375,53765,CUMMINSIND
2023-09-21 08:45:00+00:00,1746.699951171875,1746.699951171875,1732.0,1739.550048828125,121734,CUMMINSIND
2023-09-21 09:45:00+00:00,1747.0,1749.25,1743.1500244140625,1746.6500244140625,67608,CUMMINSIND
2023-09-22 03:45:00+00:00,1719.0,1756.8499755859375,1717.8499755859375,1756.8499755859375,0,CUMMINSIND
2023-09-22 04:45:00+00:00,1727.0,1728.800048828125,1718.0,1719.0,34711,CUMMINSIND
2023-09-22 05:45:00+00:00,1731.6500244140625,1732.8499755859375,1720.8499755859375,1727.5999755859375,85042,CUMMINSIND
2023-09-22 06:45:00+00:00,1730.949951171875,1733.949951171875,1726.75,1731.5,28563,CUMMINSIND
2023-09-22 07:45:00+00:00,1726.5999755859375,1731.25,1724.0,1730.75,23364,CUMMINSIND
2023-09-22 08:45:00+00:00,1725.3499755859375,1728.800048828125,1724.050048828125,1726.0,107107,CUMMINSIND
2023-09-22 09:45:00+00:00,1725.300048828125,1726.25,1724.699951171875,1726.1500244140625,60900,CUMMINSIND
2023-09-25 03:45:00+00:00,1681.0999755859375,1729.9000244140625,1680.0,1729.9000244140625,0,CUMMINSIND
2023-09-25 04:45:00+00:00,1691.25,1701.3499755859375,1677.75,1680.1500244140625,353046,CUMMINSIND
2023-09-25 05:45:00+00:00,1705.699951171875,1705.800048828125,1690.449951171875,1691.300048828125,194491,CUMMINSIND
2023-09-25 06:45:00+00:00,1717.5,1718.949951171875,1705.449951171875,1705.6500244140625,117320,CUMMINSIND
2023-09-25 07:45:00+00:00,1717.4000244140625,1720.6500244140625,1712.449951171875,1717.5,120669,CUMMINSIND
2023-09-25 08:45:00+00:00,1738.25,1740.4000244140625,1717.199951171875,1717.4000244140625,211078,CUMMINSIND
2023-09-25 09:45:00+00:00,1736.25,1739.9000244140625,1730.050048828125,1738.449951171875,75229,CUMMINSIND
2023-09-26 03:45:00+00:00,1730.6500244140625,1739.800048828125,1725.449951171875,1731.25,0,CUMMINSIND
2023-09-26 04:45:00+00:00,1740.5999755859375,1742.6500244140625,1727.4000244140625,1731.699951171875,229386,CUMMINSIND
2023-09-26 05:45:00+00:00,1742.3499755859375,1744.050048828125,1736.3499755859375,1739.699951171875,33339,CUMMINSIND
2023-09-26 06:45:00+00:00,1736.5999755859375,1742.300048828125,1732.1500244140625,1742.25,44910,CUMMINSIND
2023-09-26 07:45:00+00:00,1726.699951171875,1738.3499755859375,1725.5,1737.1500244140625,55874,CUMMINSIND
2023-09-26 08:45:00+00:00,1729.5,1731.5,1722.3499755859375,1726.699951171875,70796,CUMMINSIND
2023-09-26 09:45:00+00:00,1727.0,1730.25,1725.0999755859375,1729.199951171875,29786,CUMMINSIND
2023-09-27 03:45:00+00:00,1725.25,1729.3499755859375,1716.5999755859375,1729.1500244140625,0,CUMMINSIND
2023-09-27 04:45:00+00:00,1732.949951171875,1734.199951171875,1723.1500244140625,1725.199951171875,41344,CUMMINSIND
2023-09-27 05:45:00+00:00,1730.5999755859375,1733.8499755859375,1725.949951171875,1733.8499755859375,45688,CUMMINSIND
2023-09-27 06:45:00+00:00,1729.0999755859375,1732.75,1726.050048828125,1729.699951171875,48133,CUMMINSIND
2023-09-27 07:45:00+00:00,1727.949951171875,1732.5999755859375,1726.1500244140625,1729.0999755859375,75889,CUMMINSIND
2023-09-27 08:45:00+00:00,1731.699951171875,1732.300048828125,1725.6500244140625,1728.050048828125,48209,CUMMINSIND
2023-09-27 09:45:00+00:00,1731.5999755859375,1732.800048828125,1727.199951171875,1731.0999755859375,28163,CUMMINSIND
2023-09-28 03:45:00+00:00,1716.199951171875,1724.550048828125,1708.75,1716.1500244140625,0,CUMMINSIND
2023-09-28 04:45:00+00:00,1703.5999755859375,1719.449951171875,1701.699951171875,1716.300048828125,79923,CUMMINSIND
2023-09-28 05:45:00+00:00,1699.5999755859375,1703.8499755859375,1695.0,1703.050048828125,115657,CUMMINSIND
2023-09-28 06:45:00+00:00,1691.949951171875,1699.300048828125,1684.4000244140625,1698.5999755859375,127602,CUMMINSIND
2023-09-28 07:45:00+00:00,1687.449951171875,1694.5999755859375,1685.0,1691.0,92196,CUMMINSIND
2023-09-28 08:45:00+00:00,1667.1500244140625,1687.449951171875,1660.4000244140625,1687.4000244140625,337449,CUMMINSIND
2023-09-28 09:45:00+00:00,1668.550048828125,1680.199951171875,1665.0,1667.25,123854,CUMMINSIND
2023-09-29 03:45:00+00:00,1696.0,1696.3499755859375,1654.0,1670.050048828125,0,CUMMINSIND
2023-09-29 04:45:00+00:00,1697.449951171875,1699.6500244140625,1687.550048828125,1696.0,238881,CUMMINSIND
2023-09-29 05:45:00+00:00,1701.25,1702.0,1696.6500244140625,1697.5,41360,CUMMINSIND
2023-09-29 06:45:00+00:00,1701.5999755859375,1705.0,1698.8499755859375,1701.0,40795,CUMMINSIND
2023-09-29 07:45:00+00:00,1704.050048828125,1707.4000244140625,1700.0,1701.550048828125,42538,CUMMINSIND
2023-09-29 08:45:00+00:00,1694.949951171875,1709.5,1688.949951171875,1704.0999755859375,174733,CUMMINSIND
2023-09-29 09:45:00+00:00,1696.300048828125,1703.949951171875,1693.300048828125,1694.949951171875,84125,CUMMINSIND
2023-10-03 03:45:00+00:00,1676.699951171875,1696.9000244140625,1675.050048828125,1696.4000244140625,0,CUMMINSIND
2023-10-03 04:45:00+00:00,1682.9000244140625,1683.199951171875,1675.550048828125,1676.8499755859375,31587,CUMMINSIND
2023-10-03 05:45:00+00:00,1675.4000244140625,1684.0,1674.5,1682.8499755859375,132749,CUMMINSIND
2023-10-03 06:45:00+00:00,1679.050048828125,1680.4000244140625,1669.1500244140625,1675.449951171875,35179,CUMMINSIND
2023-10-03 07:45:00+00:00,1682.949951171875,1683.550048828125,1676.5999755859375,1678.300048828125,30951,CUMMINSIND
2023-10-03 08:45:00+00:00,1677.0,1688.0,1670.3499755859375,1682.949951171875,174940,CUMMINSIND
2023-10-03 09:45:00+00:00,1682.0,1684.800048828125,1676.0,1677.0,62425,CUMMINSIND
2023-10-04 03:45:00+00:00,1699.0,1705.0,1672.550048828125,1678.699951171875,0,CUMMINSIND
2023-10-04 04:45:00+00:00,1703.9000244140625,1709.800048828125,1694.5,1698.1500244140625,145261,CUMMINSIND
2023-10-04 05:45:00+00:00,1697.5,1704.300048828125,1696.4000244140625,1703.9000244140625,90957,CUMMINSIND
2023-10-04 06:45:00+00:00,1682.4000244140625,1698.300048828125,1678.8499755859375,1697.6500244140625,60614,CUMMINSIND
2023-10-04 07:45:00+00:00,1693.5999755859375,1696.300048828125,1681.0,1682.699951171875,50106,CUMMINSIND
2023-10-04 08:45:00+00:00,1694.199951171875,1703.0,1693.199951171875,1693.3499755859375,93160,CUMMINSIND
2023-10-04 09:45:00+00:00,1695.449951171875,1696.0,1692.9000244140625,1694.199951171875,27685,CUMMINSIND
2023-10-05 03:45:00+00:00,1691.9000244140625,1703.800048828125,1689.0,1695.5,0,CUMMINSIND
2023-10-05 04:45:00+00:00,1685.800048828125,1692.75,1684.9000244140625,1691.800048828125,47949,CUMMINSIND
2023-10-05 05:45:00+00:00,1680.449951171875,1686.0,1675.699951171875,1685.050048828125,87981,CUMMINSIND
2023-10-05 06:45:00+00:00,1693.0,1694.0,1680.4000244140625,1680.550048828125,59017,CUMMINSIND
2023-10-05 07:45:00+00:00,1695.75,1696.949951171875,1692.199951171875,1693.0,28509,CUMMINSIND
2023-10-05 08:45:00+00:00,1692.4000244140625,1695.550048828125,1686.1500244140625,1694.800048828125,54163,CUMMINSIND
2023-10-05 09:45:00+00:00,1690.9000244140625,1695.800048828125,1690.0,1692.5999755859375,31821,CUMMINSIND
2023-10-06 03:45:00+00:00,1700.0,1702.0999755859375,1688.8499755859375,1691.0999755859375,0,CUMMINSIND
2023-10-06 04:45:00+00:00,1704.8499755859375,1705.800048828125,1698.3499755859375,1700.0,121755,CUMMINSIND
2023-10-06 05:45:00+00:00,1701.0,1705.449951171875,1698.0,1705.0999755859375,24681,CUMMINSIND
2023-10-06 06:45:00+00:00,1703.6500244140625,1705.949951171875,1700.0,1701.1500244140625,14654,CUMMINSIND
2023-10-06 07:45:00+00:00,1701.4000244140625,1706.8499755859375,1700.0999755859375,1703.3499755859375,22120,CUMMINSIND
2023-10-06 08:45:00+00:00,1704.699951171875,1709.949951171875,1700.0,1701.4000244140625,60965,CUMMINSIND
2023-10-06 09:45:00+00:00,1702.0999755859375,1709.0999755859375,1701.300048828125,1704.699951171875,58422,CUMMINSIND
2023-10-09 03:45:00+00:00,1696.550048828125,1706.0,1686.3499755859375,1694.449951171875,0,CUMMINSIND
2023-10-09 04:45:00+00:00,1693.1500244140625,1700.949951171875,1691.6500244140625,1696.800048828125,29125,CUMMINSIND
2023-10-09 05:45:00+00:00,1686.75,1694.449951171875,1686.25,1694.0,19177,CUMMINSIND
2023-10-09 06:45:00+00:00,1686.949951171875,1689.5,1684.300048828125,1686.75,20322,CUMMINSIND
2023-10-09 07:45:00+00:00,1684.3499755859375,1688.3499755859375,1683.75,1686.050048828125,16005,CUMMINSIND
2023-10-09 08:45:00+00:00,1697.4000244140625,1705.800048828125,1682.800048828125,1684.1500244140625,82699,CUMMINSIND
2023-10-09 09:45:00+00:00,1699.25,1699.25,1688.75,1697.8499755859375,21798,CUMMINSIND
2023-10-10 03:45:00+00:00,1700.5,1704.949951171875,1692.5,1697.550048828125,0,CUMMINSIND
2023-10-10 04:45:00+00:00,1708.449951171875,1708.949951171875,1697.800048828125,1701.300048828125,39383,CUMMINSIND
2023-10-10 05:45:00+00:00,1699.949951171875,1709.699951171875,1696.550048828125,1708.449951171875,79937,CUMMINSIND
2023-10-10 06:45:00+00:00,1697.449951171875,1701.300048828125,1693.449951171875,1700.949951171875,81896,CUMMINSIND
2023-10-10 07:45:00+00:00,1706.199951171875,1706.8499755859375,1694.800048828125,1696.050048828125,57888,CUMMINSIND
2023-10-10 08:45:00+00:00,1707.949951171875,1707.949951171875,1702.0,1706.4000244140625,104740,CUMMINSIND
2023-10-10 09:45:00+00:00,1707.0999755859375,1713.0,1707.0999755859375,1708.25,25209,CUMMINSIND
2023-10-11 03:45:00+00:00,1754.0,1757.800048828125,1715.0,1715.0,0,CUMMINSIND
2023-10-11 04:45:00+00:00,1744.75,1754.0,1743.300048828125,1753.4000244140625,74985,CUMMINSIND
2023-10-11 05:45:00+00:00,1744.9000244140625,1747.4000244140625,1738.550048828125,1744.75,60667,CUMMINSIND
2023-10-11 06:45:00+00:00,1748.949951171875,1751.949951171875,1739.949951171875,1744.9000244140625,41365,CUMMINSIND
2023-10-11 07:45:00+00:00,1754.800048828125,1755.0,1747.199951171875,1749.4000244140625,102886,CUMMINSIND
2023-10-11 08:45:00+00:00,1751.699951171875,1755.8499755859375,1749.449951171875,1754.800048828125,139504,CUMMINSIND
2023-10-11 09:45:00+00:00,1753.0,1753.25,1750.050048828125,1751.5999755859375,36807,CUMMINSIND
2023-10-12 03:45:00+00:00,1734.9000244140625,1758.9000244140625,1732.5999755859375,1755.0999755859375,48479,CUMMINSIND
2023-10-12 04:45:00+00:00,1726.699951171875,1737.550048828125,1726.199951171875,1734.9000244140625,42320,CUMMINSIND
2023-10-12 05:45:00+00:00,1725.050048828125,1729.9000244140625,1720.0,1726.699951171875,61469,CUMMINSIND
2023-10-12 06:45:00+00:00,1725.199951171875,1728.3499755859375,1724.300048828125,1726.449951171875,38509,CUMMINSIND
2023-10-12 07:45:00+00:00,1726.0,1728.4000244140625,1723.25,1725.0,65467,CUMMINSIND
2023-10-12 08:45:00+00:00,1730.75,1733.0,1725.0,1726.0,75093,CUMMINSIND
2023-10-12 09:45:00+00:00,1727.0,1730.8499755859375,1726.0,1730.8499755859375,25961,CUMMINSIND
2023-10-13 03:45:00+00:00,1715.5,1723.8499755859375,1714.0,1719.949951171875,0,CUMMINSIND
2023-10-13 04:45:00+00:00,1713.0,1716.0,1703.550048828125,1716.0,154800,CUMMINSIND
2023-10-13 05:45:00+00:00,1714.9000244140625,1719.0,1711.0,1712.6500244140625,36082,CUMMINSIND
2023-10-13 06:45:00+00:00,1719.300048828125,1720.0,1714.4000244140625,1714.8499755859375,40849,CUMMINSIND
2023-10-13 07:45:00+00:00,1723.6500244140625,1724.050048828125,1718.9000244140625,1719.0,37116,CUMMINSIND
2023-10-13 08:45:00+00:00,1719.550048828125,1727.9000244140625,1713.0,1723.6500244140625,222227,CUMMINSIND
2023-10-13 09:45:00+00:00,1715.1500244140625,1720.1500244140625,1715.1500244140625,1719.3499755859375,37174,CUMMINSIND
2023-10-16 03:45:00+00:00,1725.0,1732.449951171875,1708.75,1724.9000244140625,0,CUMMINSIND
2023-10-16 04:45:00+00:00,1715.550048828125,1729.0,1715.0,1726.050048828125,31311,CUMMINSIND
2023-10-16 05:45:00+00:00,1724.199951171875,1725.3499755859375,1714.0999755859375,1715.0999755859375,72714,CUMMINSIND
2023-10-16 06:45:00+00:00,1721.800048828125,1728.5999755859375,1721.050048828125,1724.1500244140625,56088,CUMMINSIND
2023-10-16 07:45:00+00:00,1721.8499755859375,1726.300048828125,1720.0,1721.800048828125,53098,CUMMINSIND
2023-10-16 08:45:00+00:00,1716.5,1723.5,1711.949951171875,1721.300048828125,236462,CUMMINSIND
2023-10-16 09:45:00+00:00,1717.1500244140625,1721.0,1715.050048828125,1715.75,27511,CUMMINSIND
2023-10-17 03:45:00+00:00,1717.0,1728.050048828125,1714.25,1726.050048828125,0,CUMMINSIND
2023-10-17 04:45:00+00:00,1708.949951171875,1717.0,1708.0,1717.0,37929,CUMMINSIND
2023-10-17 05:45:00+00:00,1708.5,1712.199951171875,1704.0,1708.699951171875,63377,CUMMINSIND
2023-10-17 06:45:00+00:00,1713.0999755859375,1714.449951171875,1707.300048828125,1708.300048828125,43948,CUMMINSIND
2023-10-17 07:45:00+00:00,1712.199951171875,1714.949951171875,1706.5999755859375,1713.199951171875,73415,CUMMINSIND
2023-10-17 08:45:00+00:00,1712.949951171875,1714.9000244140625,1709.050048828125,1712.0,103451,CUMMINSIND
2023-10-17 09:45:00+00:00,1711.0,1714.550048828125,1710.75,1713.199951171875,34759,CUMMINSIND
2023-10-18 03:45:00+00:00,1718.449951171875,1723.550048828125,1702.800048828125,1702.800048828125,0,CUMMINSIND
2023-10-18 04:45:00+00:00,1725.0,1728.800048828125,1716.0,1718.4000244140625,92375,CUMMINSIND
2023-10-18 05:45:00+00:00,1718.5,1727.0999755859375,1713.199951171875,1725.0,53107,CUMMINSIND
2023-10-18 06:45:00+00:00,1718.199951171875,1719.0999755859375,1716.5,1718.5,35050,CUMMINSIND
2023-10-18 07:45:00+00:00,1719.050048828125,1719.9000244140625,1716.550048828125,1718.25,49417,CUMMINSIND
2023-10-18 08:45:00+00:00,1722.9000244140625,1723.4000244140625,1717.25,1719.050048828125,72777,CUMMINSIND
2023-10-18 09:45:00+00:00,1721.699951171875,1724.0,1721.699951171875,1722.25,34103,CUMMINSIND
2023-10-19 03:45:00+00:00,1705.550048828125,1715.949951171875,1695.449951171875,1715.949951171875,0,CUMMINSIND
2023-10-19 04:45:00+00:00,1706.800048828125,1707.949951171875,1701.1500244140625,1705.5,26019,CUMMINSIND
2023-10-19 05:45:00+00:00,1705.449951171875,1709.6500244140625,1703.75,1705.8499755859375,52726,CUMMINSIND
2023-10-19 06:45:00+00:00,1706.25,1707.949951171875,1702.199951171875,1704.8499755859375,26319,CUMMINSIND
2023-10-19 07:45:00+00:00,1705.800048828125,1707.5999755859375,1703.0,1705.300048828125,35761,CUMMINSIND
2023-10-19 08:45:00+00:00,1707.0,1712.300048828125,1705.0999755859375,1705.5999755859375,66785,CUMMINSIND
2023-10-19 09:45:00+00:00,1706.550048828125,1707.949951171875,1700.3499755859375,1707.0,32069,CUMMINSIND
2023-10-20 03:45:00+00:00,1697.5,1704.949951171875,1688.800048828125,1703.0,0,CUMMINSIND
2023-10-20 04:45:00+00:00,1697.6500244140625,1701.1500244140625,1694.0999755859375,1697.5,26860,CUMMINSIND
2023-10-20 05:45:00+00:00,1698.0,1699.75,1695.0999755859375,1697.6500244140625,109025,CUMMINSIND
2023-10-20 06:45:00+00:00,1697.0,1699.0,1695.550048828125,1698.0,41111,CUMMINSIND
2023-10-20 07:45:00+00:00,1697.699951171875,1700.5999755859375,1697.0,1697.0,15382,CUMMINSIND
2023-10-20 08:45:00+00:00,1693.550048828125,1704.300048828125,1691.4000244140625,1698.550048828125,56192,CUMMINSIND
2023-10-20 09:45:00+00:00,1692.5999755859375,1693.550048828125,1682.5,1693.5,37355,CUMMINSIND
2023-10-23 03:45:00+00:00,1682.1500244140625,1686.3499755859375,1672.300048828125,1686.3499755859375,0,CUMMINSIND
2023-10-23 04:45:00+00:00,1681.550048828125,1686.199951171875,1678.699951171875,1682.199951171875,93691,CUMMINSIND
2023-10-23 05:45:00+00:00,1692.0,1692.5999755859375,1679.550048828125,1681.550048828125,134973,CUMMINSIND
2023-10-23 06:45:00+00:00,1687.0,1695.75,1685.050048828125,1691.050048828125,87321,CUMMINSIND
2023-10-23 07:45:00+00:00,1703.5999755859375,1711.1500244140625,1686.0,1687.0,174448,CUMMINSIND
2023-10-23 08:45:00+00:00,1701.199951171875,1708.5999755859375,1697.0,1703.5,136300,CUMMINSIND
2023-10-23 09:45:00+00:00,1698.949951171875,1701.0,1689.4000244140625,1700.449951171875,33948,CUMMINSIND
2023-10-25 03:45:00+00:00,1709.800048828125,1710.949951171875,1689.699951171875,1705.0,0,CUMMINSIND
2023-10-25 04:45:00+00:00,1704.3499755859375,1722.25,1704.25,1710.8499755859375,65509,CUMMINSIND
2023-10-25 05:45:00+00:00,1697.949951171875,1705.3499755859375,1697.949951171875,1704.75,25297,CUMMINSIND
2023-10-25 06:45:00+00:00,1686.550048828125,1700.199951171875,1686.550048828125,1699.3499755859375,61855,CUMMINSIND
2023-10-25 07:45:00+00:00,1700.550048828125,1702.199951171875,1683.5,1685.949951171875,30794,CUMMINSIND
2023-10-25 08:45:00+00:00,1702.0,1706.3499755859375,1699.75,1700.449951171875,72767,CUMMINSIND
2023-10-25 09:45:00+00:00,1699.0,1703.0,1695.5,1702.25,33136,CUMMINSIND
2023-10-26 03:45:00+00:00,1669.800048828125,1692.75,1664.050048828125,1685.0,0,CUMMINSIND
2023-10-26 04:45:00+00:00,1673.449951171875,1677.0,1665.550048828125,1669.6500244140625,118211,CUMMINSIND
2023-10-26 05:45:00+00:00,1670.0,1673.300048828125,1665.6500244140625,1673.0999755859375,99263,CUMMINSIND
2023-10-26 06:45:00+00:00,1677.4000244140625,1678.9000244140625,1666.25,1670.0,54995,CUMMINSIND
2023-10-26 07:45:00+00:00,1678.4000244140625,1685.0,1676.0,1677.25,92319,CUMMINSIND
2023-10-26 08:45:00+00:00,1680.0,1683.6500244140625,1676.1500244140625,1678.4000244140625,192364,CUMMINSIND
2023-10-26 09:45:00+00:00,1680.300048828125,1681.4000244140625,1679.25,1680.3499755859375,51599,CUMMINSIND
2023-10-27 03:45:00+00:00,1703.300048828125,1711.5999755859375,1679.949951171875,1679.949951171875,0,CUMMINSIND
2023-10-27 04:45:00+00:00,1693.550048828125,1703.699951171875,1687.5,1703.4000244140625,30754,CUMMINSIND
2023-10-27 05:45:00+00:00,1690.25,1696.949951171875,1688.949951171875,1694.4000244140625,18530,CUMMINSIND
2023-10-27 06:45:00+00:00,1686.5,1695.050048828125,1685.1500244140625,1692.5999755859375,86343,CUMMINSIND
2023-10-27 07:45:00+00:00,1687.699951171875,1691.449951171875,1682.050048828125,1686.6500244140625,38794,CUMMINSIND
2023-10-27 08:45:00+00:00,1691.0999755859375,1694.1500244140625,1680.300048828125,1686.8499755859375,90270,CUMMINSIND
2023-10-27 09:45:00+00:00,1689.0999755859375,1694.9000244140625,1677.800048828125,1691.050048828125,36407,CUMMINSIND
2023-10-30 03:45:00+00:00,1681.6500244140625,1690.050048828125,1675.949951171875,1689.0999755859375,0,CUMMINSIND
2023-10-30 04:45:00+00:00,1685.199951171875,1697.800048828125,1679.6500244140625,1681.5999755859375,70355,CUMMINSIND
2023-10-30 05:45:00+00:00,1685.3499755859375,1691.699951171875,1682.449951171875,1685.1500244140625,54514,CUMMINSIND
2023-10-30 06:45:00+00:00,1683.050048828125,1687.800048828125,1680.75,1686.1500244140625,54922,CUMMINSIND
2023-10-30 07:45:00+00:00,1681.0,1686.3499755859375,1680.0,1683.0,100206,CUMMINSIND
2023-10-30 08:45:00+00:00,1676.800048828125,1684.0,1672.5999755859375,1681.0,192679,CUMMINSIND
2023-10-30 09:45:00+00:00,1676.449951171875,1678.550048828125,1674.0999755859375,1676.8499755859375,47736,CUMMINSIND
2023-10-31 03:45:00+00:00,1675.0,1689.0,1673.0,1684.9000244140625,0,CUMMINSIND
2023-10-31 04:45:00+00:00,1676.6500244140625,1680.0,1672.5999755859375,1675.0,61665,CUMMINSIND
2023-10-31 05:45:00+00:00,1676.25,1679.699951171875,1675.0,1676.699951171875,49597,CUMMINSIND
2023-10-31 06:45:00+00:00,1672.0,1677.3499755859375,1670.550048828125,1676.25,50130,CUMMINSIND
2023-10-31 07:45:00+00:00,1668.0,1672.050048828125,1665.699951171875,1672.0,51870,CUMMINSIND
2023-10-31 08:45:00+00:00,1679.1500244140625,1679.300048828125,1667.75,1668.0,136040,CUMMINSIND
2023-10-31 09:45:00+00:00,1676.550048828125,1682.0,1676.550048828125,1679.1500244140625,55913,CUMMINSIND
2023-11-01 03:45:00+00:00,1670.0,1681.1500244140625,1663.699951171875,1676.050048828125,0,CUMMINSIND
2023-11-01 04:45:00+00:00,1669.0,1671.800048828125,1665.449951171875,1669.949951171875,18557,CUMMINSIND
2023-11-01 05:45:00+00:00,1665.199951171875,1670.6500244140625,1659.0999755859375,1669.0,59757,CUMMINSIND
2023-11-01 06:45:00+00:00,1672.3499755859375,1672.949951171875,1664.0999755859375,1665.0999755859375,23155,CUMMINSIND
2023-11-01 07:45:00+00:00,1669.9000244140625,1675.0,1669.75,1672.3499755859375,33686,CUMMINSIND
2023-11-01 08:45:00+00:00,1674.4000244140625,1676.050048828125,1669.3499755859375,1670.949951171875,40383,CUMMINSIND
2023-11-01 09:45:00+00:00,1674.300048828125,1676.3499755859375,1673.449951171875,1674.050048828125,0,CUMMINSIND
2023-11-02 03:45:00+00:00,1678.5999755859375,1690.300048828125,1672.800048828125,1677.949951171875,43902,CUMMINSIND
2023-11-02 04:45:00+00:00,1691.75,1691.9000244140625,1676.0,1678.5999755859375,30220,CUMMINSIND
2023-11-02 05:45:00+00:00,1701.25,1705.199951171875,1691.050048828125,1691.800048828125,57244,CUMMINSIND
2023-11-02 06:45:00+00:00,1710.0,1710.0,1700.449951171875,1701.300048828125,30868,CUMMINSIND
2023-11-02 07:45:00+00:00,1704.0,1710.0,1701.5,1709.9000244140625,26936,CUMMINSIND
2023-11-02 08:45:00+00:00,1705.0,1706.6500244140625,1700.0,1703.550048828125,46052,CUMMINSIND
2023-11-02 09:45:00+00:00,1705.199951171875,1708.4000244140625,1703.1500244140625,1704.949951171875,20749,CUMMINSIND
2023-11-03 03:45:00+00:00,1701.5999755859375,1714.199951171875,1696.050048828125,1714.199951171875,0,CUMMINSIND
2023-11-03 04:45:00+00:00,1699.1500244140625,1703.449951171875,1696.0,1702.0,30154,CUMMINSIND
2023-11-03 05:45:00+00:00,1709.550048828125,1710.449951171875,1698.5999755859375,1699.75,65134,CUMMINSIND
2023-11-03 06:45:00+00:00,1711.0,1712.449951171875,1707.550048828125,1709.5999755859375,16854,CUMMINSIND
2023-11-03 07:45:00+00:00,1711.0,1716.9000244140625,1710.1500244140625,1711.0,30511,CUMMINSIND
2023-11-03 08:45:00+00:00,1711.25,1718.449951171875,1709.449951171875,1710.199951171875,35243,CUMMINSIND
2023-11-03 09:45:00+00:00,1711.0,1713.0,1709.449951171875,1711.25,25297,CUMMINSIND
2023-11-06 03:45:00+00:00,1703.949951171875,1717.6500244140625,1701.0,1714.949951171875,0,CUMMINSIND
2023-11-06 04:45:00+00:00,1727.4000244140625,1728.8499755859375,1702.050048828125,1704.9000244140625,76721,CUMMINSIND
2023-11-06 05:45:00+00:00,1733.75,1735.949951171875,1721.4000244140625,1727.4000244140625,66236,CUMMINSIND
2023-11-06 06:45:00+00:00,1733.0999755859375,1737.9000244140625,1732.050048828125,1733.0999755859375,48649,CUMMINSIND
2023-11-06 07:45:00+00:00,1726.1500244140625,1737.4000244140625,1722.5,1733.050048828125,81086,CUMMINSIND
2023-11-06 08:45:00+00:00,1724.949951171875,1731.800048828125,1719.0,1726.199951171875,136635,CUMMINSIND
2023-11-06 09:45:00+00:00,1724.75,1729.800048828125,1719.050048828125,1726.0,79820,CUMMINSIND
2023-11-07 03:45:00+00:00,1726.050048828125,1726.5,1711.1500244140625,1724.699951171875,0,CUMMINSIND
2023-11-07 04:45:00+00:00,1725.0,1729.699951171875,1723.949951171875,1726.050048828125,65738,CUMMINSIND
2023-11-07 05:45:00+00:00,1715.800048828125,1725.050048828125,1711.5999755859375,1724.0999755859375,80434,CUMMINSIND
2023-11-07 06:45:00+00:00,1699.3499755859375,1716.949951171875,1695.9000244140625,1715.199951171875,95509,CUMMINSIND
2023-11-07 07:45:00+00:00,1701.9000244140625,1706.0999755859375,1699.0999755859375,1699.949951171875,45135,CUMMINSIND
2023-11-07 08:45:00+00:00,1701.800048828125,1704.699951171875,1693.699951171875,1702.3499755859375,96056,CUMMINSIND
2023-11-07 09:45:00+00:00,1699.0999755859375,1703.199951171875,1699.0999755859375,1701.9000244140625,32794,CUMMINSIND
2023-11-08 03:45:00+00:00,1692.199951171875,1752.5999755859375,1692.1500244140625,1714.0,0,CUMMINSIND
2023-11-08 04:45:00+00:00,1722.199951171875,1798.5999755859375,1692.199951171875,1692.199951171875,1076611,CUMMINSIND
2023-11-08 05:45:00+00:00,1745.75,1751.0,1721.25,1722.5,177007,CUMMINSIND
2023-11-08 06:45:00+00:00,1760.550048828125,1760.75,1745.550048828125,1746.0,127628,CUMMINSIND
2023-11-08 07:45:00+00:00,1770.5999755859375,1777.0,1750.0,1760.199951171875,213260,CUMMINSIND
2023-11-08 08:45:00+00:00,1766.0,1774.9000244140625,1758.4000244140625,1770.1500244140625,200203,CUMMINSIND
2023-11-08 09:45:00+00:00,1772.0,1774.8499755859375,1765.0,1765.949951171875,100535,CUMMINSIND
2023-11-09 03:45:00+00:00,1765.25,1782.25,1763.449951171875,1774.0,0,CUMMINSIND
2023-11-09 04:45:00+00:00,1750.0,1767.0,1748.699951171875,1765.25,86268,CUMMINSIND
2023-11-09 05:45:00+00:00,1747.0,1755.0,1744.25,1750.0,48459,CUMMINSIND
2023-11-09 06:45:00+00:00,1746.0999755859375,1749.3499755859375,1744.300048828125,1746.949951171875,36810,CUMMINSIND
2023-11-09 07:45:00+00:00,1750.75,1752.949951171875,1744.5,1745.8499755859375,40689,CUMMINSIND
2023-11-09 08:45:00+00:00,1751.75,1753.75,1749.9000244140625,1751.050048828125,77072,CUMMINSIND
2023-11-09 09:45:00+00:00,1750.5,1752.699951171875,1749.0999755859375,1751.300048828125,49284,CUMMINSIND
2023-11-10 03:45:00+00:00,1735.75,1758.0999755859375,1732.050048828125,1758.0999755859375,0,CUMMINSIND
2023-11-10 04:45:00+00:00,1745.949951171875,1750.800048828125,1735.550048828125,1736.050048828125,18502,CUMMINSIND
2023-11-10 05:45:00+00:00,1754.0,1754.25,1743.4000244140625,1745.949951171875,13400,CUMMINSIND
2023-11-10 06:45:00+00:00,1758.050048828125,1759.9000244140625,1752.800048828125,1754.050048828125,24770,CUMMINSIND
2023-11-10 07:45:00+00:00,1757.1500244140625,1759.9000244140625,1752.050048828125,1757.550048828125,10854,CUMMINSIND
2023-11-10 08:45:00+00:00,1768.4000244140625,1770.0,1755.050048828125,1757.1500244140625,42702,CUMMINSIND
2023-11-10 09:45:00+00:00,1768.449951171875,1772.949951171875,1767.550048828125,1769.0,31167,CUMMINSIND
2023-11-13 03:45:00+00:00,1759.199951171875,1775.0,1755.199951171875,1775.0,11516,CUMMINSIND
2023-11-13 04:45:00+00:00,1759.949951171875,1763.9000244140625,1748.550048828125,1758.199951171875,64693,CUMMINSIND
2023-11-13 05:45:00+00:00,1762.949951171875,1765.4000244140625,1758.449951171875,1760.5999755859375,24926,CUMMINSIND
2023-11-13 06:45:00+00:00,1768.9000244140625,1772.25,1761.050048828125,1763.25,51284,CUMMINSIND
2023-11-13 07:45:00+00:00,1771.75,1774.050048828125,1765.0,1768.800048828125,26268,CUMMINSIND
2023-11-13 08:45:00+00:00,1775.949951171875,1781.8499755859375,1768.800048828125,1771.0999755859375,164224,CUMMINSIND
2023-11-13 09:45:00+00:00,1778.449951171875,1781.699951171875,1775.199951171875,1776.0,90929,CUMMINSIND
2023-11-15 03:45:00+00:00,1805.8499755859375,1811.9000244140625,1780.0,1785.0,0,CUMMINSIND
2023-11-15 04:45:00+00:00,1807.5,1813.9000244140625,1802.0,1806.0,99630,CUMMINSIND
2023-11-15 05:45:00+00:00,1815.0,1816.0,1806.0999755859375,1807.8499755859375,67292,CUMMINSIND
2023-11-15 06:45:00+00:00,1818.949951171875,1823.6500244140625,1814.75,1815.949951171875,113535,CUMMINSIND
2023-11-15 07:45:00+00:00,1820.75,1822.6500244140625,1818.0,1818.699951171875,55630,CUMMINSIND
2023-11-15 08:45:00+00:00,1828.449951171875,1830.0,1820.0,1820.699951171875,119521,CUMMINSIND
2023-11-15 09:45:00+00:00,1825.3499755859375,1830.0,1825.199951171875,1828.550048828125,49940,CUMMINSIND
2023-11-16 03:45:00+00:00,1841.5,1842.75,1822.6500244140625,1826.0,0,CUMMINSIND
2023-11-16 04:45:00+00:00,1844.3499755859375,1846.0,1836.199951171875,1841.5,99237,CUMMINSIND
2023-11-16 05:45:00+00:00,1840.050048828125,1844.75,1828.5999755859375,1844.3499755859375,116327,CUMMINSIND
2023-11-16 06:45:00+00:00,1842.699951171875,1843.0,1838.8499755859375,1840.050048828125,38685,CUMMINSIND
2023-11-16 07:45:00+00:00,1842.300048828125,1844.0,1841.3499755859375,1842.0,38869,CUMMINSIND
2023-11-16 08:45:00+00:00,1838.449951171875,1853.949951171875,1835.199951171875,1842.300048828125,191638,CUMMINSIND
2023-11-16 09:45:00+00:00,1843.5,1844.9000244140625,1838.5,1838.699951171875,70457,CUMMINSIND
2023-11-17 03:45:00+00:00,1839.050048828125,1861.300048828125,1832.0,1844.0,0,CUMMINSIND
2023-11-17 04:45:00+00:00,1837.949951171875,1852.0999755859375,1837.300048828125,1839.050048828125,43585,CUMMINSIND
2023-11-17 05:45:00+00:00,1833.5,1840.0999755859375,1829.699951171875,1837.0,36962,CUMMINSIND
2023-11-17 06:45:00+00:00,1837.5,1837.5999755859375,1831.0,1832.5999755859375,20988,CUMMINSIND
2023-11-17 07:45:00+00:00,1831.800048828125,1837.0,1828.5999755859375,1836.550048828125,25151,CUMMINSIND
2023-11-17 08:45:00+00:00,1828.8499755859375,1836.8499755859375,1828.0,1832.6500244140625,50832,CUMMINSIND
2023-11-17 09:45:00+00:00,1832.75,1832.949951171875,1826.449951171875,1828.1500244140625,45650,CUMMINSIND
2023-11-20 03:45:00+00:00,1838.3499755859375,1839.699951171875,1816.8499755859375,1829.6500244140625,0,CUMMINSIND
2023-11-20 04:45:00+00:00,1840.0,1845.550048828125,1835.800048828125,1839.0,32860,CUMMINSIND
2023-11-20 05:45:00+00:00,1842.9000244140625,1844.800048828125,1838.25,1840.199951171875,15597,CUMMINSIND
2023-11-20 06:45:00+00:00,1835.699951171875,1844.949951171875,1834.0,1843.1500244140625,37099,CUMMINSIND
2023-11-20 07:45:00+00:00,1851.8499755859375,1853.550048828125,1833.300048828125,1835.0,42337,CUMMINSIND
2023-11-20 08:45:00+00:00,1855.6500244140625,1859.0,1845.0999755859375,1851.800048828125,134248,CUMMINSIND
2023-11-20 09:45:00+00:00,1853.75,1856.699951171875,1853.550048828125,1855.6500244140625,41578,CUMMINSIND
2023-11-21 03:45:00+00:00,1875.0,1881.0,1864.0,1864.0,0,CUMMINSIND
2023-11-21 04:45:00+00:00,1880.6500244140625,1887.5,1875.0,1875.3499755859375,188272,CUMMINSIND
2023-11-21 05:45:00+00:00,1881.75,1891.1500244140625,1879.5,1880.6500244140625,120624,CUMMINSIND
2023-11-21 06:45:00+00:00,1871.0999755859375,1881.949951171875,1868.0999755859375,1880.949951171875,51828,CUMMINSIND
2023-11-21 07:45:00+00:00,1870.050048828125,1874.300048828125,1867.0999755859375,1871.5999755859375,43036,CUMMINSIND
2023-11-21 08:45:00+00:00,1871.4000244140625,1874.8499755859375,1869.0,1870.050048828125,99188,CUMMINSIND
2023-11-21 09:45:00+00:00,1871.300048828125,1873.949951171875,1867.5,1871.5999755859375,57668,CUMMINSIND
2023-11-22 03:45:00+00:00,1847.300048828125,1868.6500244140625,1847.300048828125,1862.0,0,CUMMINSIND
2023-11-22 04:45:00+00:00,1851.75,1856.5999755859375,1841.449951171875,1847.199951171875,34395,CUMMINSIND
2023-11-22 05:45:00+00:00,1848.800048828125,1853.449951171875,1845.300048828125,1851.0999755859375,25431,CUMMINSIND
2023-11-22 06:45:00+00:00,1836.699951171875,1851.550048828125,1834.550048828125,1847.9000244140625,28116,CUMMINSIND
2023-11-22 07:45:00+00:00,1842.449951171875,1845.4000244140625,1834.25,1837.050048828125,23420,CUMMINSIND
2023-11-22 08:45:00+00:00,1845.25,1849.300048828125,1842.5,1842.5,39949,CUMMINSIND
2023-11-22 09:45:00+00:00,1844.949951171875,1847.0999755859375,1842.0999755859375,1845.25,38696,CUMMINSIND
2023-11-23 03:45:00+00:00,1868.0,1870.0,1847.4000244140625,1857.949951171875,0,CUMMINSIND
2023-11-23 04:45:00+00:00,1870.8499755859375,1872.0,1866.050048828125,1867.199951171875,32837,CUMMINSIND
2023-11-23 05:45:00+00:00,1871.449951171875,1874.0,1867.0,1869.6500244140625,18634,CUMMINSIND
2023-11-23 06:45:00+00:00,1870.5,1875.0,1869.449951171875,1870.75,18424,CUMMINSIND
2023-11-23 07:45:00+00:00,1870.5,1871.949951171875,1869.699951171875,1871.5,5259,CUMMINSIND
2023-11-23 08:45:00+00:00,1876.4000244140625,1876.449951171875,1870.0,1870.5,37844,CUMMINSIND
2023-11-23 09:45:00+00:00,1874.25,1877.0999755859375,1874.0,1876.4000244140625,24883,CUMMINSIND
2023-11-24 03:45:00+00:00,1856.8499755859375,1874.1500244140625,1853.949951171875,1872.1500244140625,0,CUMMINSIND
2023-11-24 04:45:00+00:00,1859.449951171875,1862.0,1850.800048828125,1856.199951171875,18880,CUMMINSIND
2023-11-24 05:45:00+00:00,1870.8499755859375,1871.0,1859.0,1859.5,21101,CUMMINSIND
2023-11-24 06:45:00+00:00,1866.4000244140625,1872.0,1864.949951171875,1870.800048828125,11967,CUMMINSIND
2023-11-24 07:45:00+00:00,1868.0,1876.1500244140625,1862.9000244140625,1866.4000244140625,17314,CUMMINSIND
2023-11-24 08:45:00+00:00,1872.75,1878.199951171875,1868.0,1868.0,31262,CUMMINSIND
2023-11-24 09:45:00+00:00,1871.75,1872.75,1860.8499755859375,1872.050048828125,15749,CUMMINSIND
2023-11-28 03:45:00+00:00,1874.1500244140625,1878.0,1868.0999755859375,1878.0,0,CUMMINSIND
2023-11-28 04:45:00+00:00,1872.4000244140625,1877.949951171875,1870.4000244140625,1875.0,22859,CUMMINSIND
2023-11-28 05:45:00+00:00,1859.1500244140625,1873.4000244140625,1854.0,1872.3499755859375,51812,CUMMINSIND
2023-11-28 06:45:00+00:00,1861.199951171875,1863.0,1855.0,1859.1500244140625,23840,CUMMINSIND
2023-11-28 07:45:00+00:00,1871.8499755859375,1873.699951171875,1859.9000244140625,1860.949951171875,33504,CUMMINSIND
2023-11-28 08:45:00+00:00,1875.9000244140625,1876.199951171875,1870.0,1871.8499755859375,54191,CUMMINSIND
2023-11-28 09:45:00+00:00,1875.3499755859375,1878.5,1870.5,1875.8499755859375,34847,CUMMINSIND
2023-11-29 03:45:00+00:00,1884.8499755859375,1888.5999755859375,1875.449951171875,1881.6500244140625,0,CUMMINSIND
2023-11-29 04:45:00+00:00,1890.5,1900.0,1883.3499755859375,1884.75,132800,CUMMINSIND
2023-11-29 05:45:00+00:00,1888.949951171875,1898.0,1882.0,1890.5,73712,CUMMINSIND
2023-11-29 06:45:00+00:00,1872.300048828125,1890.0,1865.0,1888.8499755859375,65986,CUMMINSIND
2023-11-29 07:45:00+00:00,1874.25,1875.8499755859375,1863.0,1872.0999755859375,69703,CUMMINSIND
2023-11-29 08:45:00+00:00,1874.5,1877.199951171875,1870.3499755859375,1874.25,77186,CUMMINSIND
2023-11-29 09:45:00+00:00,1873.6500244140625,1876.1500244140625,1868.0,1874.5,40572,CUMMINSIND
2023-11-30 03:45:00+00:00,1874.6500244140625,1877.0,1865.6500244140625,1873.5999755859375,0,CUMMINSIND
2023-11-30 04:45:00+00:00,1880.0,1887.699951171875,1872.550048828125,1874.6500244140625,45808,CUMMINSIND
2023-11-30 05:45:00+00:00,1885.199951171875,1885.4000244140625,1874.449951171875,1880.0,75075,CUMMINSIND
2023-11-30 06:45:00+00:00,1896.0,1896.050048828125,1883.0,1885.199951171875,96759,CUMMINSIND
2023-11-30 07:45:00+00:00,1903.449951171875,1903.5,1895.8499755859375,1896.0,153386,CUMMINSIND
2023-11-30 08:45:00+00:00,1908.0,1919.300048828125,1897.800048828125,1903.5,541202,CUMMINSIND
2023-11-30 09:45:00+00:00,1898.4000244140625,1913.1500244140625,1896.0999755859375,1908.5999755859375,359868,CUMMINSIND
2023-12-01 03:45:00+00:00,1906.949951171875,1922.949951171875,1898.0,1905.6500244140625,0,CUMMINSIND
2023-12-01 04:45:00+00:00,1908.699951171875,1912.050048828125,1902.0999755859375,1907.0,47441,CUMMINSIND
2023-12-01 05:45:00+00:00,1911.800048828125,1912.1500244140625,1905.5,1908.949951171875,25647,CUMMINSIND
2023-12-01 06:45:00+00:00,1903.050048828125,1912.0,1902.300048828125,1911.800048828125,27994,CUMMINSIND
2023-12-01 07:45:00+00:00,1910.6500244140625,1912.0,1899.199951171875,1902.8499755859375,25695,CUMMINSIND
2023-12-01 08:45:00+00:00,1920.0999755859375,1921.199951171875,1907.0,1910.6500244140625,71026,CUMMINSIND
2023-12-01 09:45:00+00:00,1920.199951171875,1928.699951171875,1920.0,1920.5,71719,CUMMINSIND
2023-12-04 03:45:00+00:00,1940.800048828125,1946.0,1921.5,1935.0,0,CUMMINSIND
2023-12-04 04:45:00+00:00,1948.6500244140625,1956.0,1937.0999755859375,1940.75,115800,CUMMINSIND
2023-12-04 05:45:00+00:00,1957.25,1958.0,1946.9000244140625,1949.25,56932,CUMMINSIND
2023-12-04 06:45:00+00:00,1950.050048828125,1958.5,1949.0,1957.5999755859375,57853,CUMMINSIND
2023-12-04 07:45:00+00:00,1950.75,1954.75,1948.3499755859375,1950.0,68069,CUMMINSIND
2023-12-04 08:45:00+00:00,1954.25,1957.300048828125,1949.300048828125,1950.75,152050,CUMMINSIND
2023-12-04 09:45:00+00:00,1955.800048828125,1959.9000244140625,1950.0,1954.9000244140625,61611,CUMMINSIND
2023-12-05 03:45:00+00:00,1972.25,1987.75,1954.300048828125,1965.0,0,CUMMINSIND
2023-12-05 04:45:00+00:00,1948.6500244140625,1972.949951171875,1946.0,1972.25,48805,CUMMINSIND
2023-12-05 05:45:00+00:00,1936.449951171875,1951.5,1933.25,1948.550048828125,41870,CUMMINSIND
2023-12-05 06:45:00+00:00,1954.449951171875,1954.5,1936.449951171875,1936.449951171875,35689,CUMMINSIND
2023-12-05 07:45:00+00:00,1942.800048828125,1955.9000244140625,1942.4000244140625,1954.449951171875,19361,CUMMINSIND
2023-12-05 08:45:00+00:00,1959.25,1959.25,1939.9000244140625,1942.699951171875,40753,CUMMINSIND
2023-12-05 09:45:00+00:00,1951.550048828125,1965.6500244140625,1951.550048828125,1958.3499755859375,47693,CUMMINSIND
2023-12-06 03:45:00+00:00,1958.449951171875,1978.0,1958.0,1958.0,0,CUMMINSIND
2023-12-06 04:45:00+00:00,1955.4000244140625,1966.199951171875,1954.5999755859375,1959.050048828125,36950,CUMMINSIND
2023-12-06 05:45:00+00:00,1955.050048828125,1964.699951171875,1951.0999755859375,1956.0,20282,CUMMINSIND
2023-12-06 06:45:00+00:00,1958.800048828125,1961.75,1949.0,1955.449951171875,36143,CUMMINSIND
2023-12-06 07:45:00+00:00,1958.6500244140625,1960.449951171875,1949.300048828125,1957.300048828125,31392,CUMMINSIND
2023-12-06 08:45:00+00:00,1954.949951171875,1962.550048828125,1949.550048828125,1958.9000244140625,49884,CUMMINSIND
2023-12-06 09:45:00+00:00,1953.699951171875,1960.0,1952.5,1954.949951171875,25435,CUMMINSIND
2023-12-07 03:45:00+00:00,1936.75,1959.0,1933.5,1955.800048828125,0,CUMMINSIND
2023-12-07 04:45:00+00:00,1930.9000244140625,1937.75,1929.449951171875,1937.75,29369,CUMMINSIND
2023-12-07 05:45:00+00:00,1927.1500244140625,1932.800048828125,1923.0,1930.300048828125,40160,CUMMINSIND
2023-12-07 06:45:00+00:00,1938.0,1947.550048828125,1925.0,1926.949951171875,76762,CUMMINSIND
2023-12-07 07:45:00+00:00,1948.5999755859375,1951.949951171875,1936.0,1939.0,59200,CUMMINSIND
2023-12-07 08:45:00+00:00,1956.6500244140625,1960.0,1946.300048828125,1948.300048828125,56243,CUMMINSIND
2023-12-07 09:45:00+00:00,1955.0,1957.800048828125,1952.800048828125,1957.6500244140625,21125,CUMMINSIND
2023-12-08 03:45:00+00:00,1957.4000244140625,1967.199951171875,1955.050048828125,1960.0,0,CUMMINSIND
2023-12-08 04:45:00+00:00,1939.25,1958.0,1939.0,1957.4000244140625,26937,CUMMINSIND
2023-12-08 05:45:00+00:00,1940.199951171875,1944.800048828125,1934.6500244140625,1939.449951171875,69844,CUMMINSIND
2023-12-08 06:45:00+00:00,1940.949951171875,1949.449951171875,1936.5,1940.25,17947,CUMMINSIND
2023-12-08 07:45:00+00:00,1936.699951171875,1941.3499755859375,1927.050048828125,1941.3499755859375,22833,CUMMINSIND
2023-12-08 08:45:00+00:00,1949.75,1951.699951171875,1930.699951171875,1935.25,52797,CUMMINSIND
2023-12-08 09:45:00+00:00,1953.0,1953.0,1946.699951171875,1949.4000244140625,37367,CUMMINSIND
2023-12-11 03:45:00+00:00,1949.199951171875,1961.4000244140625,1934.449951171875,1952.449951171875,0,CUMMINSIND
2023-12-11 04:45:00+00:00,1953.5,1957.1500244140625,1944.050048828125,1948.6500244140625,23028,CUMMINSIND
2023-12-11 05:45:00+00:00,1957.1500244140625,1958.449951171875,1948.5,1953.1500244140625,19405,CUMMINSIND
2023-12-11 06:45:00+00:00,1971.4000244140625,1971.949951171875,1951.050048828125,1956.300048828125,37620,CUMMINSIND
2023-12-11 07:45:00+00:00,1984.300048828125,2009.949951171875,1971.25,1971.4000244140625,174887,CUMMINSIND
2023-12-11 08:45:00+00:00,2001.3499755859375,2009.5,1980.1500244140625,1984.300048828125,193779,CUMMINSIND
2023-12-11 09:45:00+00:00,2001.199951171875,2009.0,1998.1500244140625,2001.449951171875,65743,CUMMINSIND
2023-12-12 03:45:00+00:00,1999.550048828125,2018.800048828125,1993.5,2011.6500244140625,0,CUMMINSIND
2023-12-12 04:45:00+00:00,1993.25,2001.550048828125,1990.5999755859375,1999.550048828125,135333,CUMMINSIND
2023-12-12 05:45:00+00:00,1993.449951171875,1995.0,1989.050048828125,1993.9000244140625,100565,CUMMINSIND
2023-12-12 06:45:00+00:00,1982.1500244140625,1993.550048828125,1977.699951171875,1993.050048828125,35711,CUMMINSIND
2023-12-12 07:45:00+00:00,1963.5999755859375,1982.0,1963.5999755859375,1982.0,96024,CUMMINSIND
2023-12-12 08:45:00+00:00,1924.9000244140625,1970.0,1837.0,1962.8499755859375,377837,CUMMINSIND
2023-12-12 09:45:00+00:00,1926.300048828125,1936.5,1923.050048828125,1925.5999755859375,70605,CUMMINSIND
2023-12-13 03:45:00+00:00,1924.9000244140625,1953.9000244140625,1916.699951171875,1941.8499755859375,78857,CUMMINSIND
2023-12-13 04:45:00+00:00,1917.5,1925.550048828125,1913.9000244140625,1924.9000244140625,23185,CUMMINSIND
2023-12-13 05:45:00+00:00,1919.8499755859375,1921.800048828125,1910.699951171875,1917.5,24795,CUMMINSIND
2023-12-13 06:45:00+00:00,1931.0999755859375,1934.449951171875,1919.050048828125,1920.0,60864,CUMMINSIND
2023-12-13 07:45:00+00:00,1945.800048828125,1965.4000244140625,1928.199951171875,1930.5999755859375,116573,CUMMINSIND
2023-12-13 08:45:00+00:00,1969.199951171875,1969.199951171875,1942.800048828125,1945.699951171875,88948,CUMMINSIND
2023-12-13 09:45:00+00:00,1964.3499755859375,1972.949951171875,1960.0,1969.1500244140625,46997,CUMMINSIND
2023-12-14 03:45:00+00:00,1951.4000244140625,1978.0,1941.9000244140625,1971.050048828125,0,CUMMINSIND
2023-12-14 04:45:00+00:00,1943.3499755859375,1951.75,1940.6500244140625,1951.75,76242,CUMMINSIND
2023-12-14 05:45:00+00:00,1940.449951171875,1946.5999755859375,1935.800048828125,1943.0,84696,CUMMINSIND
2023-12-14 06:45:00+00:00,1941.550048828125,1944.9000244140625,1935.0,1940.449951171875,178480,CUMMINSIND
2023-12-14 07:45:00+00:00,1942.4000244140625,1944.0,1937.800048828125,1941.9000244140625,86478,CUMMINSIND
2023-12-14 08:45:00+00:00,1941.9000244140625,1948.0999755859375,1936.699951171875,1942.4000244140625,116095,CUMMINSIND
2023-12-14 09:45:00+00:00,1947.1500244140625,1957.9000244140625,1941.9000244140625,1942.0,67505,CUMMINSIND
2023-12-15 03:45:00+00:00,1965.800048828125,1978.949951171875,1950.9000244140625,1950.9000244140625,0,CUMMINSIND
2023-12-15 04:45:00+00:00,1951.3499755859375,1966.4000244140625,1943.75,1965.0,40351,CUMMINSIND
2023-12-15 05:45:00+00:00,1943.5999755859375,1953.300048828125,1940.699951171875,1951.300048828125,27811,CUMMINSIND
2023-12-15 06:45:00+00:00,1939.949951171875,1949.199951171875,1935.0,1944.6500244140625,36288,CUMMINSIND
2023-12-15 07:45:00+00:00,1929.800048828125,1940.0,1919.550048828125,1940.0,134912,CUMMINSIND
2023-12-15 08:45:00+00:00,1924.449951171875,1931.4000244140625,1919.0,1930.0999755859375,250476,CUMMINSIND
2023-12-15 09:45:00+00:00,1926.5,1933.949951171875,1923.9000244140625,1924.5999755859375,194420,CUMMINSIND
2023-12-18 03:45:00+00:00,1949.0,1952.9000244140625,1930.0,1939.0,0,CUMMINSIND
2023-12-18 04:45:00+00:00,1951.9000244140625,1954.449951171875,1940.800048828125,1949.0,33088,CUMMINSIND
2023-12-18 05:45:00+00:00,1950.6500244140625,1952.8499755859375,1940.0,1952.0,31712,CUMMINSIND
2023-12-18 06:45:00+00:00,1955.699951171875,1962.050048828125,1949.0,1950.6500244140625,47854,CUMMINSIND
2023-12-18 07:45:00+00:00,1959.300048828125,1967.1500244140625,1949.050048828125,1955.199951171875,62609,CUMMINSIND
2023-12-18 08:45:00+00:00,1959.949951171875,1961.300048828125,1954.699951171875,1960.5,40245,CUMMINSIND
2023-12-18 09:45:00+00:00,1960.9000244140625,1969.300048828125,1958.8499755859375,1959.0999755859375,0,CUMMINSIND
2023-12-19 03:45:00+00:00,1956.550048828125,1981.9000244140625,1954.25,1975.0,94374,CUMMINSIND
2023-12-19 04:45:00+00:00,1969.5,1977.3499755859375,1955.0,1956.3499755859375,26592,CUMMINSIND
2023-12-19 05:45:00+00:00,1974.800048828125,1976.949951171875,1967.4000244140625,1969.550048828125,88398,CUMMINSIND
2023-12-19 06:45:00+00:00,1972.0,1975.949951171875,1969.9000244140625,1975.75,24009,CUMMINSIND
2023-12-19 07:45:00+00:00,1970.5,1975.199951171875,1969.0,1972.5,142964,CUMMINSIND
2023-12-19 08:45:00+00:00,1975.699951171875,1978.300048828125,1966.199951171875,1971.0,82479,CUMMINSIND
2023-12-19 09:45:00+00:00,1976.6500244140625,1982.0999755859375,1974.449951171875,1976.0,48048,CUMMINSIND
2023-12-20 03:45:00+00:00,1986.25,1998.0,1973.949951171875,1995.0,0,CUMMINSIND
2023-12-20 04:45:00+00:00,2013.949951171875,2024.75,1984.75,1985.1500244140625,167822,CUMMINSIND
2023-12-20 05:45:00+00:00,1998.9000244140625,2013.550048828125,1986.25,2012.3499755859375,73621,CUMMINSIND
2023-12-20 06:45:00+00:00,1980.949951171875,2000.0999755859375,1971.75,1998.9000244140625,43795,CUMMINSIND
2023-12-20 07:45:00+00:00,1940.0,1980.949951171875,1903.9000244140625,1980.050048828125,237845,CUMMINSIND
2023-12-20 08:45:00+00:00,1905.5,1941.699951171875,1905.5,1939.699951171875,137158,CUMMINSIND
2023-12-20 09:45:00+00:00,1915.9000244140625,1920.0,1893.5,1905.199951171875,94279,CUMMINSIND
2023-12-21 03:45:00+00:00,1925.6500244140625,1938.3499755859375,1888.300048828125,1908.6500244140625,0,CUMMINSIND
2023-12-21 04:45:00+00:00,1935.9000244140625,1940.699951171875,1910.050048828125,1925.6500244140625,62525,CUMMINSIND
2023-12-21 05:45:00+00:00,1939.25,1944.75,1931.0,1935.800048828125,22833,CUMMINSIND
2023-12-21 06:45:00+00:00,1947.550048828125,1947.550048828125,1932.5,1938.25,23792,CUMMINSIND
2023-12-21 07:45:00+00:00,1935.550048828125,1949.0,1932.050048828125,1948.1500244140625,22574,CUMMINSIND
2023-12-21 08:45:00+00:00,1944.800048828125,1945.0,1934.4000244140625,1935.550048828125,40186,CUMMINSIND
2023-12-21 09:45:00+00:00,1941.3499755859375,1944.4000244140625,1929.5,1944.050048828125,0,CUMMINSIND
2023-12-22 03:45:00+00:00,1961.1500244140625,1965.4000244140625,1927.5,1947.5,108181,CUMMINSIND
2023-12-22 04:45:00+00:00,1987.800048828125,1987.800048828125,1958.5999755859375,1961.550048828125,105437,CUMMINSIND
2023-12-22 05:45:00+00:00,1980.0,1998.550048828125,1974.5,1988.0,162192,CUMMINSIND
2023-12-22 06:45:00+00:00,1989.4000244140625,1991.6500244140625,1975.949951171875,1979.4000244140625,72324,CUMMINSIND
2023-12-22 07:45:00+00:00,2010.3499755859375,2013.199951171875,1987.1500244140625,1989.3499755859375,205152,CUMMINSIND
2023-12-22 08:45:00+00:00,2011.050048828125,2025.0,2006.9000244140625,2010.449951171875,326397,CUMMINSIND
2023-12-22 09:45:00+00:00,2009.0,2013.3499755859375,2005.9000244140625,2011.5,76943,CUMMINSIND
2023-12-26 03:45:00+00:00,2027.9000244140625,2044.9000244140625,2005.050048828125,2013.1500244140625,0,CUMMINSIND
2023-12-26 04:45:00+00:00,2028.949951171875,2032.800048828125,2014.5,2028.25,73312,CUMMINSIND
2023-12-26 05:45:00+00:00,2025.5,2030.0,2020.199951171875,2029.0,34589,CUMMINSIND
2023-12-26 06:45:00+00:00,2017.25,2031.9000244140625,2011.25,2025.699951171875,44444,CUMMINSIND
2023-12-26 07:45:00+00:00,2021.949951171875,2023.449951171875,2015.050048828125,2017.25,38949,CUMMINSIND
2023-12-26 08:45:00+00:00,2029.0,2030.0,2015.050048828125,2020.6500244140625,91401,CUMMINSIND
2023-12-26 09:45:00+00:00,2027.1500244140625,2030.0,2022.0999755859375,2027.9000244140625,32262,CUMMINSIND
2023-12-27 03:45:00+00:00,2012.25,2034.699951171875,2012.25,2024.9000244140625,0,CUMMINSIND
2023-12-27 04:45:00+00:00,2018.0,2018.9000244140625,2010.25,2012.1500244140625,37768,CUMMINSIND
2023-12-27 05:45:00+00:00,2004.0,2018.25,2002.5,2018.0,24726,CUMMINSIND
2023-12-27 06:45:00+00:00,1996.8499755859375,2011.3499755859375,1994.0,2004.550048828125,52277,CUMMINSIND
2023-12-27 07:45:00+00:00,1999.1500244140625,2002.949951171875,1990.5,1996.800048828125,36002,CUMMINSIND
2023-12-27 08:45:00+00:00,1989.8499755859375,2004.4000244140625,1974.3499755859375,1999.1500244140625,179514,CUMMINSIND
2023-12-27 09:45:00+00:00,1990.0,1990.0,1982.800048828125,1989.8499755859375,27643,CUMMINSIND
2023-12-28 03:45:00+00:00,1996.5999755859375,2007.5999755859375,1991.050048828125,1993.699951171875,0,CUMMINSIND
2023-12-28 04:45:00+00:00,1982.75,1998.0999755859375,1980.8499755859375,1996.949951171875,48246,CUMMINSIND
2023-12-28 05:45:00+00:00,1969.75,1986.050048828125,1969.5999755859375,1982.75,45669,CUMMINSIND
2023-12-28 06:45:00+00:00,1971.6500244140625,1978.6500244140625,1969.800048828125,1970.050048828125,16492,CUMMINSIND
2023-12-28 07:45:00+00:00,1971.25,1974.1500244140625,1969.0,1972.050048828125,17267,CUMMINSIND
2023-12-28 08:45:00+00:00,1936.0,1973.300048828125,1934.300048828125,1971.5,557362,CUMMINSIND
2023-12-28 09:45:00+00:00,1946.300048828125,1947.300048828125,1936.199951171875,1936.199951171875,376738,CUMMINSIND
2023-12-29 03:45:00+00:00,1971.5,1975.4000244140625,1940.0999755859375,1940.0999755859375,0,CUMMINSIND
2023-12-29 04:45:00+00:00,1960.9000244140625,1978.0,1959.949951171875,1971.4000244140625,32132,CUMMINSIND
2023-12-29 05:45:00+00:00,1965.0,1976.5,1958.75,1960.0,24881,CUMMINSIND
2023-12-29 06:45:00+00:00,1951.300048828125,1970.5999755859375,1950.050048828125,1965.0,80336,CUMMINSIND
2023-12-29 07:45:00+00:00,1954.4000244140625,1961.300048828125,1948.5,1951.050048828125,59250,CUMMINSIND
2023-12-29 08:45:00+00:00,1962.199951171875,1966.75,1949.5,1954.550048828125,69635,CUMMINSIND
2023-12-29 09:45:00+00:00,1963.949951171875,1971.5,1961.1500244140625,1962.4000244140625,24996,CUMMINSIND
2024-01-01 03:45:00+00:00,1961.8499755859375,1974.4000244140625,1958.1500244140625,1966.949951171875,0,CUMMINSIND
2024-01-01 04:45:00+00:00,1951.0999755859375,1962.0999755859375,1948.25,1961.5999755859375,54437,CUMMINSIND
2024-01-01 05:45:00+00:00,1953.25,1954.949951171875,1949.199951171875,1951.0999755859375,52208,CUMMINSIND
2024-01-01 06:45:00+00:00,1957.300048828125,1960.8499755859375,1951.199951171875,1952.300048828125,19877,CUMMINSIND
2024-01-01 07:45:00+00:00,1958.5999755859375,1959.050048828125,1952.4000244140625,1957.5,16125,CUMMINSIND
2024-01-01 08:45:00+00:00,1958.699951171875,1962.4000244140625,1956.050048828125,1958.449951171875,34986,CUMMINSIND
2024-01-01 09:45:00+00:00,1950.0,1961.0,1950.0,1959.800048828125,21617,CUMMINSIND
2024-01-02 03:45:00+00:00,1947.800048828125,1958.949951171875,1936.9000244140625,1958.949951171875,0,CUMMINSIND
2024-01-02 04:45:00+00:00,1941.4000244140625,1951.199951171875,1928.1500244140625,1948.3499755859375,121295,CUMMINSIND
2024-01-02 05:45:00+00:00,1945.949951171875,1949.0,1937.949951171875,1941.5,34897,CUMMINSIND
2024-01-02 06:45:00+00:00,1958.949951171875,1959.5,1945.8499755859375,1947.5,33714,CUMMINSIND
2024-01-02 07:45:00+00:00,1962.0,1964.9000244140625,1955.4000244140625,1958.949951171875,32523,CUMMINSIND
2024-01-02 08:45:00+00:00,1961.699951171875,1964.9000244140625,1953.9000244140625,1962.0999755859375,44700,CUMMINSIND
2024-01-02 09:45:00+00:00,1959.9000244140625,1962.4000244140625,1958.9000244140625,1961.9000244140625,30763,CUMMINSIND
2024-01-03 03:45:00+00:00,1958.699951171875,1962.0999755859375,1946.0,1960.050048828125,0,CUMMINSIND
2024-01-03 04:45:00+00:00,1956.9000244140625,1958.4000244140625,1951.4000244140625,1958.0,12956,CUMMINSIND
2024-01-03 05:45:00+00:00,1970.5,1974.0,1953.9000244140625,1956.949951171875,20910,CUMMINSIND
2024-01-03 06:45:00+00:00,1965.5999755859375,1977.199951171875,1964.199951171875,1970.550048828125,17002,CUMMINSIND
2024-01-03 07:45:00+00:00,1972.4000244140625,1974.9000244140625,1965.5999755859375,1966.5,11095,CUMMINSIND
2024-01-03 08:45:00+00:00,1970.8499755859375,1976.0,1969.449951171875,1971.8499755859375,25021,CUMMINSIND
2024-01-03 09:45:00+00:00,1972.0999755859375,1974.5,1969.800048828125,1972.050048828125,20995,CUMMINSIND
2024-01-04 03:45:00+00:00,1991.9000244140625,2006.75,1977.0999755859375,1977.0999755859375,0,CUMMINSIND
2024-01-04 04:45:00+00:00,1993.25,2003.050048828125,1987.300048828125,1991.9000244140625,33496,CUMMINSIND
2024-01-04 05:45:00+00:00,1986.300048828125,1999.0,1985.25,1993.25,25314,CUMMINSIND
2024-01-04 06:45:00+00:00,1984.5999755859375,1989.300048828125,1981.4000244140625,1985.5,13256,CUMMINSIND
2024-01-04 07:45:00+00:00,1981.9000244140625,1985.550048828125,1980.449951171875,1984.5999755859375,13774,CUMMINSIND
2024-01-04 08:45:00+00:00,1991.550048828125,1993.0,1980.050048828125,1982.1500244140625,38051,CUMMINSIND
2024-01-04 09:45:00+00:00,1996.9000244140625,1997.5999755859375,1991.699951171875,1992.4000244140625,23893,CUMMINSIND
2024-01-05 03:45:00+00:00,2000.199951171875,2007.5999755859375,1993.5999755859375,2000.0,0,CUMMINSIND
2024-01-05 04:45:00+00:00,2000.3499755859375,2004.0,1995.8499755859375,1999.3499755859375,36090,CUMMINSIND
2024-01-05 05:45:00+00:00,2001.1500244140625,2004.8499755859375,1996.25,2000.0,57218,CUMMINSIND
2024-01-05 06:45:00+00:00,2000.550048828125,2004.9000244140625,1999.699951171875,2002.3499755859375,8561,CUMMINSIND
2024-01-05 07:45:00+00:00,1999.75,2018.0,1998.75,2000.5,50469,CUMMINSIND
2024-01-05 08:45:00+00:00,1999.9000244140625,2002.1500244140625,1987.199951171875,1999.75,41349,CUMMINSIND
2024-01-05 09:45:00+00:00,1994.800048828125,2001.0,1994.300048828125,1999.5,18581,CUMMINSIND
2024-01-08 03:45:00+00:00,1990.550048828125,2011.699951171875,1980.050048828125,1998.5,0,CUMMINSIND
2024-01-08 04:45:00+00:00,1975.0999755859375,1997.0,1971.75,1991.9000244140625,94534,CUMMINSIND
2024-01-08 05:45:00+00:00,1996.1500244140625,1997.0,1969.949951171875,1975.0999755859375,105898,CUMMINSIND
2024-01-08 06:45:00+00:00,2003.0,2004.949951171875,1995.0,1996.8499755859375,38386,CUMMINSIND
2024-01-08 07:45:00+00:00,1998.1500244140625,2005.9000244140625,1998.1500244140625,2003.699951171875,33775,CUMMINSIND
2024-01-08 08:45:00+00:00,2003.6500244140625,2008.0,1995.449951171875,1998.6500244140625,101911,CUMMINSIND
2024-01-08 09:45:00+00:00,2004.949951171875,2006.5999755859375,2000.0,2003.8499755859375,29492,CUMMINSIND
2024-01-09 03:45:00+00:00,2034.4000244140625,2037.5,2012.449951171875,2015.0,0,CUMMINSIND
2024-01-09 04:45:00+00:00,2051.35009765625,2055.0,2025.9000244140625,2033.5999755859375,182001,CUMMINSIND
2024-01-09 05:45:00+00:00,2045.5,2066.64990234375,2045.0,2051.35009765625,184639,CUMMINSIND
2024-01-09 06:45:00+00:00,2043.9000244140625,2048.699951171875,2035.8499755859375,2045.699951171875,40803,CUMMINSIND
2024-01-09 07:45:00+00:00,2034.0,2048.10009765625,2030.699951171875,2042.9000244140625,40048,CUMMINSIND
2024-01-09 08:45:00+00:00,2025.050048828125,2034.0,2023.9000244140625,2033.699951171875,97050,CUMMINSIND
2024-01-09 09:45:00+00:00,2025.9000244140625,2031.75,2023.8499755859375,2025.050048828125,41923,CUMMINSIND
2024-01-10 03:45:00+00:00,2006.300048828125,2035.800048828125,2004.050048828125,2024.0,0,CUMMINSIND
2024-01-10 04:45:00+00:00,2010.5999755859375,2013.449951171875,2000.0,2005.4000244140625,42739,CUMMINSIND
2024-01-10 05:45:00+00:00,2032.3499755859375,2032.4000244140625,2009.0,2010.5999755859375,188397,CUMMINSIND
2024-01-10 06:45:00+00:00,2037.300048828125,2043.0,2031.0999755859375,2032.4000244140625,55315,CUMMINSIND
2024-01-10 07:45:00+00:00,2041.3499755859375,2043.0,2035.0,2036.5999755859375,19249,CUMMINSIND
2024-01-10 08:45:00+00:00,2044.1500244140625,2054.0,2039.1500244140625,2042.5,71440,CUMMINSIND
2024-01-10 09:45:00+00:00,2038.3499755859375,2050.0,2035.0,2044.25,26792,CUMMINSIND
2024-01-11 03:45:00+00:00,2049.35009765625,2059.85009765625,2038.4000244140625,2038.4000244140625,0,CUMMINSIND
2024-01-11 04:45:00+00:00,2038.9000244140625,2049.14990234375,2038.0,2048.25,30370,CUMMINSIND
2024-01-11 05:45:00+00:00,2035.3499755859375,2040.0,2032.699951171875,2039.949951171875,57311,CUMMINSIND
2024-01-11 06:45:00+00:00,2042.0999755859375,2046.0,2035.0,2036.199951171875,20952,CUMMINSIND
2024-01-11 07:45:00+00:00,2035.0,2042.75,2035.0,2042.0999755859375,26051,CUMMINSIND
2024-01-11 08:45:00+00:00,2036.25,2049.449951171875,2033.449951171875,2035.0,201106,CUMMINSIND
2024-01-11 09:45:00+00:00,2035.699951171875,2038.449951171875,2025.0,2036.0,71396,CUMMINSIND
2024-01-12 03:45:00+00:00,2021.0999755859375,2040.0999755859375,2015.0,2040.0999755859375,0,CUMMINSIND
2024-01-12 04:45:00+00:00,2026.4000244140625,2028.5,2021.0999755859375,2021.0999755859375,63749,CUMMINSIND
2024-01-12 05:45:00+00:00,2024.949951171875,2026.0,2022.550048828125,2025.050048828125,38082,CUMMINSIND
2024-01-12 06:45:00+00:00,2026.1500244140625,2030.8499755859375,2024.050048828125,2024.949951171875,52522,CUMMINSIND
2024-01-12 07:45:00+00:00,2034.9000244140625,2047.949951171875,2025.6500244140625,2026.1500244140625,66924,CUMMINSIND
2024-01-12 08:45:00+00:00,2047.5999755859375,2054.800048828125,2035.3499755859375,2036.1500244140625,113195,CUMMINSIND
2024-01-12 09:45:00+00:00,2046.0,2050.0,2045.0,2046.800048828125,50034,CUMMINSIND
2024-01-15 03:45:00+00:00,2074.10009765625,2078.64990234375,2055.0,2055.050048828125,0,CUMMINSIND
2024-01-15 04:45:00+00:00,2091.14990234375,2093.35009765625,2073.949951171875,2074.5,222426,CUMMINSIND
2024-01-15 05:45:00+00:00,2072.60009765625,2099.0,2070.0,2091.14990234375,140134,CUMMINSIND
2024-01-15 06:45:00+00:00,2058.60009765625,2085.800048828125,2056.699951171875,2072.449951171875,132495,CUMMINSIND
2024-01-15 07:45:00+00:00,2076.050048828125,2080.0,2057.0,2058.300048828125,92122,CUMMINSIND
2024-01-15 08:45:00+00:00,2044.449951171875,2077.75,2040.0,2076.10009765625,176260,CUMMINSIND
2024-01-15 09:45:00+00:00,2052.0,2052.0,2043.9000244140625,2044.449951171875,51761,CUMMINSIND
2024-01-16 03:45:00+00:00,2049.89990234375,2049.89990234375,2031.5999755859375,2049.89990234375,0,CUMMINSIND
2024-01-16 04:45:00+00:00,2043.449951171875,2054.699951171875,2039.699951171875,2049.0,13464,CUMMINSIND
2024-01-16 05:45:00+00:00,2027.9000244140625,2044.949951171875,2022.75,2043.5,14286,CUMMINSIND
2024-01-16 06:45:00+00:00,2014.550048828125,2029.5999755859375,2011.75,2027.9000244140625,41647,CUMMINSIND
2024-01-16 07:45:00+00:00,2007.75,2018.300048828125,2004.5999755859375,2013.0,34190,CUMMINSIND
2024-01-16 08:45:00+00:00,2015.449951171875,2027.5999755859375,2007.0,2008.199951171875,48226,CUMMINSIND
2024-01-16 09:45:00+00:00,2010.199951171875,2015.5999755859375,2010.199951171875,2014.449951171875,14826,CUMMINSIND
2024-01-17 03:45:00+00:00,2007.550048828125,2010.0,1978.25,2000.0,0,CUMMINSIND
2024-01-17 04:45:00+00:00,2014.199951171875,2015.8499755859375,2002.25,2006.699951171875,23358,CUMMINSIND
2024-01-17 05:45:00+00:00,2003.0999755859375,2015.199951171875,2000.449951171875,2015.199951171875,36192,CUMMINSIND
2024-01-17 06:45:00+00:00,2019.4000244140625,2020.75,2002.300048828125,2002.300048828125,33574,CUMMINSIND
2024-01-17 07:45:00+00:00,2023.300048828125,2023.75,2014.3499755859375,2019.4000244140625,9903,CUMMINSIND
2024-01-17 08:45:00+00:00,2012.0,2024.0,2007.25,2023.300048828125,32511,CUMMINSIND
2024-01-17 09:45:00+00:00,2004.75,2015.949951171875,2003.449951171875,2011.949951171875,66157,CUMMINSIND
2024-01-18 03:45:00+00:00,1960.699951171875,2018.5,1948.5,2002.0,0,CUMMINSIND
2024-01-18 04:45:00+00:00,1996.050048828125,1997.75,1953.0,1959.6500244140625,47727,CUMMINSIND
2024-01-18 05:45:00+00:00,2014.800048828125,2016.0,1986.9000244140625,1996.4000244140625,19426,CUMMINSIND
2024-01-18 06:45:00+00:00,2016.300048828125,2023.0,2004.0,2014.800048828125,50688,CUMMINSIND
2024-01-18 07:45:00+00:00,2028.199951171875,2028.949951171875,2015.300048828125,2016.0,83749,CUMMINSIND
2024-01-18 08:45:00+00:00,2031.4000244140625,2038.75,2022.0,2027.050048828125,39934,CUMMINSIND
2024-01-18 09:45:00+00:00,2034.0,2038.0,2028.9000244140625,2031.4000244140625,17843,CUMMINSIND
2024-01-19 03:45:00+00:00,2070.449951171875,2072.050048828125,2032.5,2032.5,0,CUMMINSIND
2024-01-19 04:45:00+00:00,2083.0,2089.199951171875,2069.35009765625,2071.0,172213,CUMMINSIND
2024-01-19 05:45:00+00:00,2107.64990234375,2109.60009765625,2080.39990234375,2082.35009765625,148606,CUMMINSIND
2024-01-19 06:45:00+00:00,2116.050048828125,2118.89990234375,2101.300048828125,2106.550048828125,159402,CUMMINSIND
2024-01-19 07:45:00+00:00,2103.89990234375,2118.699951171875,2101.64990234375,2116.449951171875,57000,CUMMINSIND
2024-01-19 08:45:00+00:00,2109.800048828125,2114.949951171875,2103.5,2103.89990234375,69533,CUMMINSIND
2024-01-19 09:45:00+00:00,2113.39990234375,2114.5,2109.25,2110.199951171875,34444,CUMMINSIND
2024-01-23 03:45:00+00:00,2108.64990234375,2113.949951171875,2090.0,2090.0,14224,CUMMINSIND
2024-01-23 04:45:00+00:00,2104.199951171875,2110.10009765625,2095.39990234375,2107.85009765625,64167,CUMMINSIND
2024-01-23 05:45:00+00:00,2097.449951171875,2110.0,2086.550048828125,2104.199951171875,61183,CUMMINSIND
2024-01-23 06:45:00+00:00,2100.0,2103.949951171875,2090.050048828125,2097.449951171875,49834,CUMMINSIND
2024-01-23 07:45:00+00:00,2102.35009765625,2103.60009765625,2088.64990234375,2099.85009765625,50930,CUMMINSIND
2024-01-23 08:45:00+00:00,2098.25,2108.10009765625,2085.449951171875,2102.35009765625,105527,CUMMINSIND
2024-01-23 09:45:00+00:00,2086.550048828125,2099.699951171875,2086.550048828125,2098.25,33774,CUMMINSIND
2024-01-24 03:45:00+00:00,2096.64990234375,2102.0,2043.300048828125,2079.949951171875,0,CUMMINSIND
2024-01-24 04:45:00+00:00,2110.60009765625,2123.85009765625,2095.14990234375,2096.550048828125,84183,CUMMINSIND
2024-01-24 05:45:00+00:00,2097.35009765625,2115.800048828125,2087.050048828125,2109.14990234375,204361,CUMMINSIND
2024-01-24 06:45:00+00:00,2120.199951171875,2121.550048828125,2097.050048828125,2097.699951171875,54222,CUMMINSIND
2024-01-24 07:45:00+00:00,2149.14990234375,2152.10009765625,2118.0,2120.199951171875,214874,CUMMINSIND
2024-01-24 08:45:00+00:00,2171.5,2174.39990234375,2144.699951171875,2150.0,305286,CUMMINSIND
2024-01-24 09:45:00+00:00,2163.0,2176.800048828125,2160.0,2172.0,95039,CUMMINSIND
2024-01-25 03:45:00+00:00,2174.0,2190.949951171875,2162.0,2162.199951171875,0,CUMMINSIND
2024-01-25 04:45:00+00:00,2159.800048828125,2174.949951171875,2147.14990234375,2173.300048828125,87383,CUMMINSIND
2024-01-25 05:45:00+00:00,2167.199951171875,2174.949951171875,2156.800048828125,2160.25,50984,CUMMINSIND
2024-01-25 06:45:00+00:00,2159.10009765625,2168.10009765625,2154.199951171875,2166.25,25039,CUMMINSIND
2024-01-25 07:45:00+00:00,2156.300048828125,2166.0,2148.64990234375,2159.89990234375,31523,CUMMINSIND
2024-01-25 08:45:00+00:00,2163.10009765625,2165.949951171875,2150.25,2156.300048828125,61342,CUMMINSIND
2024-01-25 09:45:00+00:00,2161.89990234375,2171.050048828125,2153.39990234375,2165.300048828125,47606,CUMMINSIND
2024-01-29 03:45:00+00:00,2211.199951171875,2213.85009765625,2168.0,2168.0,0,CUMMINSIND
2024-01-29 04:45:00+00:00,2200.0,2214.89990234375,2184.550048828125,2212.5,83054,CUMMINSIND
2024-01-29 05:45:00+00:00,2226.699951171875,2237.35009765625,2180.5,2200.0,364656,CUMMINSIND
2024-01-29 06:45:00+00:00,2231.300048828125,2236.10009765625,2212.89990234375,2224.85009765625,95676,CUMMINSIND
2024-01-29 07:45:00+00:00,2250.0,2257.199951171875,2230.050048828125,2233.10009765625,122747,CUMMINSIND
2024-01-29 08:45:00+00:00,2246.85009765625,2255.25,2238.0,2249.0,163383,CUMMINSIND
2024-01-29 09:45:00+00:00,2255.14990234375,2290.75,2233.0,2246.550048828125,125540,CUMMINSIND
2024-01-30 03:45:00+00:00,2236.550048828125,2268.89990234375,2218.550048828125,2268.0,0,CUMMINSIND
2024-01-30 04:45:00+00:00,2219.75,2241.550048828125,2215.89990234375,2236.60009765625,44424,CUMMINSIND
2024-01-30 05:45:00+00:00,2226.949951171875,2227.800048828125,2209.199951171875,2219.75,31637,CUMMINSIND
2024-01-30 06:45:00+00:00,2238.89990234375,2240.39990234375,2223.800048828125,2226.5,28006,CUMMINSIND
2024-01-30 07:45:00+00:00,2247.800048828125,2248.449951171875,2235.0,2237.949951171875,23017,CUMMINSIND
2024-01-30 08:45:00+00:00,2236.449951171875,2247.800048828125,2233.800048828125,2247.800048828125,79659,CUMMINSIND
2024-01-30 09:45:00+00:00,2235.60009765625,2248.0,2226.449951171875,2239.300048828125,0,CUMMINSIND
2024-01-31 03:45:00+00:00,2242.10009765625,2244.25,2218.550048828125,2234.25,107851,CUMMINSIND
2024-01-31 04:45:00+00:00,2222.800048828125,2245.0,2221.199951171875,2243.35009765625,83363,CUMMINSIND
2024-01-31 05:45:00+00:00,2235.050048828125,2237.449951171875,2211.0,2222.64990234375,57980,CUMMINSIND
2024-01-31 06:45:00+00:00,2239.14990234375,2240.5,2219.60009765625,2234.75,60612,CUMMINSIND
2024-01-31 07:45:00+00:00,2255.10009765625,2262.25,2233.550048828125,2238.35009765625,62198,CUMMINSIND
2024-01-31 08:45:00+00:00,2297.75,2298.300048828125,2247.949951171875,2256.0,434947,CUMMINSIND
2024-01-31 09:45:00+00:00,2285.0,2306.0,2276.64990234375,2297.89990234375,155534,CUMMINSIND
2024-02-01 03:45:00+00:00,2262.25,2299.75,2256.35009765625,2294.550048828125,0,CUMMINSIND
2024-02-01 04:45:00+00:00,2259.39990234375,2275.0,2253.14990234375,2261.60009765625,29301,CUMMINSIND
2024-02-01 05:45:00+00:00,2236.35009765625,2259.800048828125,2221.14990234375,2259.199951171875,142825,CUMMINSIND
2024-02-01 06:45:00+00:00,2246.64990234375,2256.85009765625,2228.300048828125,2237.0,26017,CUMMINSIND
2024-02-01 07:45:00+00:00,2252.699951171875,2256.449951171875,2240.0,2246.800048828125,12614,CUMMINSIND
2024-02-01 08:45:00+00:00,2260.5,2272.949951171875,2246.60009765625,2252.35009765625,53122,CUMMINSIND
2024-02-01 09:45:00+00:00,2262.89990234375,2264.10009765625,2250.0,2260.10009765625,0,CUMMINSIND
2024-02-02 03:45:00+00:00,2259.300048828125,2272.050048828125,2237.300048828125,2262.85009765625,125300,CUMMINSIND
2024-02-02 04:45:00+00:00,2267.39990234375,2276.449951171875,2256.85009765625,2258.39990234375,43835,CUMMINSIND
2024-02-02 05:45:00+00:00,2282.39990234375,2285.0,2265.050048828125,2266.699951171875,34591,CUMMINSIND
2024-02-02 06:45:00+00:00,2265.699951171875,2283.10009765625,2261.0,2280.25,59904,CUMMINSIND
2024-02-02 07:45:00+00:00,2275.25,2277.0,2262.39990234375,2265.800048828125,30068,CUMMINSIND
2024-02-02 08:45:00+00:00,2315.89990234375,2323.14990234375,2275.25,2275.25,318288,CUMMINSIND
2024-02-02 09:45:00+00:00,2309.699951171875,2320.0,2299.14990234375,2314.89990234375,50920,CUMMINSIND
2024-02-05 03:45:00+00:00,2346.14990234375,2349.699951171875,2291.050048828125,2311.0,0,CUMMINSIND
2024-02-05 04:45:00+00:00,2325.0,2348.89990234375,2320.10009765625,2346.14990234375,84328,CUMMINSIND
2024-02-05 05:45:00+00:00,2338.60009765625,2340.14990234375,2320.0,2325.14990234375,136427,CUMMINSIND
2024-02-05 06:45:00+00:00,2340.5,2347.64990234375,2333.0,2338.60009765625,101863,CUMMINSIND
2024-02-05 07:45:00+00:00,2345.10009765625,2349.699951171875,2330.85009765625,2340.5,127719,CUMMINSIND
2024-02-05 08:45:00+00:00,2356.64990234375,2373.89990234375,2334.60009765625,2346.300048828125,236776,CUMMINSIND
2024-02-05 09:45:00+00:00,2350.199951171875,2360.0,2341.050048828125,2355.800048828125,174488,CUMMINSIND
2024-02-06 03:45:00+00:00,2372.0,2388.60009765625,2358.050048828125,2364.199951171875,0,CUMMINSIND
2024-02-06 04:45:00+00:00,2361.10009765625,2378.14990234375,2358.449951171875,2371.75,45430,CUMMINSIND
2024-02-06 05:45:00+00:00,2345.0,2361.199951171875,2329.550048828125,2360.800048828125,101803,CUMMINSIND
2024-02-06 06:45:00+00:00,2364.449951171875,2377.0,2341.300048828125,2345.0,157518,CUMMINSIND
2024-02-06 07:45:00+00:00,2379.199951171875,2385.0,2363.5,2364.449951171875,54133,CUMMINSIND
2024-02-06 08:45:00+00:00,2400.39990234375,2414.949951171875,2376.85009765625,2379.14990234375,126432,CUMMINSIND
2024-02-06 09:45:00+00:00,2394.35009765625,2407.050048828125,2390.050048828125,2400.5,77132,CUMMINSIND
2024-02-07 03:45:00+00:00,2387.449951171875,2417.14990234375,2381.949951171875,2394.0,0,CUMMINSIND
2024-02-07 04:45:00+00:00,2386.449951171875,2402.75,2373.0,2387.64990234375,162062,CUMMINSIND
2024-02-07 05:45:00+00:00,2409.300048828125,2414.0,2380.25,2387.050048828125,66138,CUMMINSIND
2024-02-07 06:45:00+00:00,2402.85009765625,2412.449951171875,2394.75,2408.25,66676,CUMMINSIND
2024-02-07 07:45:00+00:00,2398.0,2411.800048828125,2395.25,2403.10009765625,53139,CUMMINSIND
2024-02-07 08:45:00+00:00,2399.800048828125,2401.800048828125,2388.050048828125,2398.199951171875,40410,CUMMINSIND
2024-02-07 09:45:00+00:00,2400.199951171875,2416.64990234375,2396.89990234375,2399.800048828125,77903,CUMMINSIND
2024-02-08 03:45:00+00:00,2541.0,2587.64990234375,2431.199951171875,2581.25,1156972,CUMMINSIND
2024-02-08 04:45:00+00:00,2598.64990234375,2648.0,2541.10009765625,2542.199951171875,1458379,CUMMINSIND
2024-02-08 05:45:00+00:00,2599.10009765625,2631.75,2575.0,2596.75,666184,CUMMINSIND
2024-02-08 06:45:00+00:00,2591.0,2606.0,2587.449951171875,2599.5,225177,CUMMINSIND
2024-02-08 07:45:00+00:00,2587.89990234375,2602.0,2587.10009765625,2591.0,199317,CUMMINSIND
2024-02-08 08:45:00+00:00,2585.0,2614.64990234375,2585.0,2589.050048828125,446041,CUMMINSIND
2024-02-08 09:45:00+00:00,2585.25,2589.0,2575.75,2585.89990234375,167456,CUMMINSIND
2024-02-09 03:45:00+00:00,2597.550048828125,2636.949951171875,2549.199951171875,2594.050048828125,0,CUMMINSIND
2024-02-09 04:45:00+00:00,2609.949951171875,2622.89990234375,2576.60009765625,2597.89990234375,176734,CUMMINSIND
2024-02-09 05:45:00+00:00,2625.0,2625.0,2597.60009765625,2608.39990234375,124970,CUMMINSIND
2024-02-09 06:45:00+00:00,2614.699951171875,2625.0,2608.60009765625,2625.0,193918,CUMMINSIND
2024-02-09 07:45:00+00:00,2606.199951171875,2619.85009765625,2600.0,2613.949951171875,422096,CUMMINSIND
2024-02-09 08:45:00+00:00,2601.949951171875,2610.550048828125,2586.0,2605.75,165273,CUMMINSIND
2024-02-09 09:45:00+00:00,2602.949951171875,2604.800048828125,2591.949951171875,2601.800048828125,85710,CUMMINSIND
2024-02-12 03:45:00+00:00,2616.89990234375,2618.449951171875,2582.39990234375,2610.300048828125,0,CUMMINSIND
2024-02-12 04:45:00+00:00,2607.89990234375,2617.949951171875,2598.5,2615.699951171875,115796,CUMMINSIND
2024-02-12 05:45:00+00:00,2594.75,2611.550048828125,2592.0,2608.35009765625,125608,CUMMINSIND
2024-02-12 06:45:00+00:00,2592.85009765625,2600.0,2590.699951171875,2593.800048828125,189704,CUMMINSIND
2024-02-12 07:45:00+00:00,2590.0,2599.949951171875,2583.39990234375,2594.050048828125,138763,CUMMINSIND
2024-02-12 08:45:00+00:00,2563.300048828125,2591.699951171875,2551.699951171875,2590.0,307214,CUMMINSIND
2024-02-12 09:45:00+00:00,2567.550048828125,2569.300048828125,2556.64990234375,2563.300048828125,103664,CUMMINSIND
2024-02-13 03:45:00+00:00,2553.0,2570.449951171875,2526.800048828125,2568.699951171875,0,CUMMINSIND
2024-02-13 04:45:00+00:00,2552.550048828125,2565.699951171875,2548.199951171875,2552.949951171875,48940,CUMMINSIND
2024-02-13 05:45:00+00:00,2509.5,2554.800048828125,2509.10009765625,2554.64990234375,83948,CUMMINSIND
2024-02-13 06:45:00+00:00,2528.0,2539.050048828125,2506.14990234375,2511.85009765625,39828,CUMMINSIND
2024-02-13 07:45:00+00:00,2539.300048828125,2551.89990234375,2526.300048828125,2528.25,49532,CUMMINSIND
2024-02-13 08:45:00+00:00,2542.60009765625,2546.449951171875,2528.64990234375,2538.10009765625,124206,CUMMINSIND
2024-02-13 09:45:00+00:00,2543.10009765625,2557.949951171875,2540.050048828125,2542.60009765625,25106,CUMMINSIND
2024-02-14 03:45:00+00:00,2550.0,2565.949951171875,2522.0,2522.0,0,CUMMINSIND
2024-02-14 04:45:00+00:00,2529.050048828125,2550.85009765625,2529.050048828125,2550.0,22736,CUMMINSIND
2024-02-14 05:45:00+00:00,2526.35009765625,2532.25,2521.199951171875,2528.75,42186,CUMMINSIND
2024-02-14 06:45:00+00:00,2525.89990234375,2529.0,2520.050048828125,2526.050048828125,17160,CUMMINSIND
2024-02-14 07:45:00+00:00,2550.199951171875,2551.449951171875,2524.0,2525.10009765625,94391,CUMMINSIND
2024-02-14 08:45:00+00:00,2560.0,2561.60009765625,2545.0,2548.550048828125,128584,CUMMINSIND
2024-02-14 09:45:00+00:00,2570.050048828125,2581.89990234375,2556.75,2560.0,57302,CUMMINSIND
2024-02-15 03:45:00+00:00,2580.199951171875,2597.0,2569.35009765625,2589.75,0,CUMMINSIND
2024-02-15 04:45:00+00:00,2595.0,2608.0,2577.35009765625,2580.199951171875,32892,CUMMINSIND
2024-02-15 05:45:00+00:00,2612.5,2617.5,2594.199951171875,2595.0,77719,CUMMINSIND
2024-02-15 06:45:00+00:00,2635.0,2635.0,2609.699951171875,2611.300048828125,55028,CUMMINSIND
2024-02-15 07:45:00+00:00,2638.25,2645.550048828125,2631.050048828125,2633.449951171875,94265,CUMMINSIND
2024-02-15 08:45:00+00:00,2635.0,2645.0,2629.64990234375,2637.60009765625,74775,CUMMINSIND
2024-02-15 09:45:00+00:00,2633.35009765625,2636.050048828125,2626.0,2635.0,24384,CUMMINSIND
2024-02-16 03:45:00+00:00,2621.75,2646.35009765625,2607.550048828125,2646.35009765625,0,CUMMINSIND
2024-02-16 04:45:00+00:00,2625.0,2632.64990234375,2621.050048828125,2621.050048828125,37451,CUMMINSIND
2024-02-16 05:45:00+00:00,2608.050048828125,2631.0,2604.199951171875,2625.800048828125,42882,CUMMINSIND
2024-02-16 06:45:00+00:00,2599.60009765625,2611.0,2592.699951171875,2609.800048828125,50080,CUMMINSIND
2024-02-16 07:45:00+00:00,2608.10009765625,2610.35009765625,2597.39990234375,2599.85009765625,50908,CUMMINSIND
2024-02-16 08:45:00+00:00,2618.300048828125,2623.0,2604.199951171875,2609.699951171875,105693,CUMMINSIND
2024-02-16 09:45:00+00:00,2618.199951171875,2620.0,2610.050048828125,2619.550048828125,27426,CUMMINSIND
2024-02-19 03:45:00+00:00,2610.0,2640.60009765625,2610.0,2627.5,0,CUMMINSIND
2024-02-19 04:45:00+00:00,2616.64990234375,2619.60009765625,2601.699951171875,2611.75,28258,CUMMINSIND
2024-02-19 05:45:00+00:00,2611.550048828125,2618.89990234375,2606.0,2618.25,60918,CUMMINSIND
2024-02-19 06:45:00+00:00,2615.449951171875,2620.449951171875,2610.0,2613.0,29325,CUMMINSIND
2024-02-19 07:45:00+00:00,2638.64990234375,2639.89990234375,2616.300048828125,2616.300048828125,82680,CUMMINSIND
2024-02-19 08:45:00+00:00,2660.85009765625,2660.85009765625,2636.050048828125,2638.800048828125,189680,CUMMINSIND
2024-02-19 09:45:00+00:00,2658.75,2671.0,2658.14990234375,2660.5,34075,CUMMINSIND
2024-02-20 03:45:00+00:00,2650.5,2676.300048828125,2644.85009765625,2671.14990234375,0,CUMMINSIND
2024-02-20 04:45:00+00:00,2640.0,2655.14990234375,2637.60009765625,2650.64990234375,76943,CUMMINSIND
2024-02-20 05:45:00+00:00,2634.699951171875,2640.0,2633.89990234375,2639.199951171875,26290,CUMMINSIND
2024-02-20 06:45:00+00:00,2636.0,2641.89990234375,2634.0,2634.800048828125,18040,CUMMINSIND
2024-02-20 07:45:00+00:00,2630.949951171875,2638.60009765625,2628.25,2636.0,18730,CUMMINSIND
2024-02-20 08:45:00+00:00,2628.949951171875,2636.0,2622.050048828125,2630.949951171875,33572,CUMMINSIND
2024-02-20 09:45:00+00:00,2632.5,2632.5,2627.0,2628.949951171875,18686,CUMMINSIND
2024-02-21 03:45:00+00:00,2631.10009765625,2635.949951171875,2610.5,2617.89990234375,0,CUMMINSIND
2024-02-21 04:45:00+00:00,2619.0,2643.25,2610.050048828125,2632.0,62115,CUMMINSIND
2024-02-21 05:45:00+00:00,2627.25,2629.449951171875,2618.050048828125,2619.0,13763,CUMMINSIND
2024-02-21 06:45:00+00:00,2624.5,2630.0,2622.300048828125,2627.5,21474,CUMMINSIND
2024-02-21 07:45:00+00:00,2604.89990234375,2628.300048828125,2601.35009765625,2624.550048828125,38710,CUMMINSIND
2024-02-21 08:45:00+00:00,2613.550048828125,2613.60009765625,2591.449951171875,2604.0,91758,CUMMINSIND
2024-02-21 09:45:00+00:00,2607.89990234375,2613.550048828125,2605.0,2613.550048828125,22253,CUMMINSIND
2024-02-22 03:45:00+00:00,2597.0,2634.89990234375,2595.0,2604.64990234375,0,CUMMINSIND
2024-02-22 04:45:00+00:00,2614.85009765625,2617.89990234375,2595.60009765625,2597.0,16355,CUMMINSIND
2024-02-22 05:45:00+00:00,2643.0,2643.0,2606.10009765625,2614.800048828125,50243,CUMMINSIND
2024-02-22 06:45:00+00:00,2680.949951171875,2687.0,2637.5,2642.0,175725,CUMMINSIND
2024-02-22 07:45:00+00:00,2726.199951171875,2732.89990234375,2680.5,2682.0,293498,CUMMINSIND
2024-02-22 08:45:00+00:00,2765.449951171875,2789.75,2723.10009765625,2725.14990234375,542421,CUMMINSIND
2024-02-22 09:45:00+00:00,2760.85009765625,2770.0,2755.0,2764.75,0,CUMMINSIND
2024-02-23 03:45:00+00:00,2795.0,2804.25,2753.449951171875,2765.050048828125,194425,CUMMINSIND
2024-02-23 04:45:00+00:00,2812.75,2828.0,2783.5,2795.0,201884,CUMMINSIND
2024-02-23 05:45:00+00:00,2792.449951171875,2818.0,2777.39990234375,2812.10009765625,146141,CUMMINSIND
2024-02-23 06:45:00+00:00,2813.050048828125,2819.89990234375,2792.050048828125,2792.050048828125,110639,CUMMINSIND
2024-02-23 07:45:00+00:00,2809.949951171875,2822.5,2796.949951171875,2813.5,93804,CUMMINSIND
2024-02-23 08:45:00+00:00,2816.449951171875,2828.0,2805.0,2809.89990234375,149472,CUMMINSIND
2024-02-23 09:45:00+00:00,2810.949951171875,2816.75,2784.050048828125,2816.75,54505,CUMMINSIND
2024-02-26 03:45:00+00:00,2722.35009765625,2801.25,2712.89990234375,2790.89990234375,0,CUMMINSIND
2024-02-26 04:45:00+00:00,2672.699951171875,2726.14990234375,2665.050048828125,2722.60009765625,234379,CUMMINSIND
2024-02-26 05:45:00+00:00,2670.35009765625,2684.449951171875,2651.0,2672.5,252083,CUMMINSIND
2024-02-26 06:45:00+00:00,2696.60009765625,2698.449951171875,2669.0,2671.14990234375,225583,CUMMINSIND
2024-02-26 07:45:00+00:00,2722.5,2731.39990234375,2692.14990234375,2696.949951171875,317404,CUMMINSIND
2024-02-26 08:45:00+00:00,2732.10009765625,2767.449951171875,2720.550048828125,2723.449951171875,398232,CUMMINSIND
2024-02-26 09:45:00+00:00,2733.550048828125,2733.85009765625,2718.35009765625,2732.300048828125,115236,CUMMINSIND
2024-02-27 03:45:00+00:00,2780.39990234375,2797.89990234375,2717.25,2717.25,0,CUMMINSIND
2024-02-27 04:45:00+00:00,2766.14990234375,2787.449951171875,2756.14990234375,2778.60009765625,47305,CUMMINSIND
2024-02-27 05:45:00+00:00,2757.60009765625,2773.949951171875,2744.199951171875,2768.0,45965,CUMMINSIND
2024-02-27 06:45:00+00:00,2776.0,2776.64990234375,2752.0,2757.89990234375,55017,CUMMINSIND
2024-02-27 07:45:00+00:00,2732.300048828125,2776.14990234375,2725.0,2774.25,85769,CUMMINSIND
2024-02-27 08:45:00+00:00,2757.5,2761.64990234375,2731.64990234375,2733.199951171875,65765,CUMMINSIND
2024-02-27 09:45:00+00:00,2754.550048828125,2759.0,2749.0,2757.5,42772,CUMMINSIND
2024-02-28 03:45:00+00:00,2757.699951171875,2774.85009765625,2751.800048828125,2760.0,0,CUMMINSIND
2024-02-28 04:45:00+00:00,2750.35009765625,2765.0,2735.0,2757.699951171875,66968,CUMMINSIND
2024-02-28 05:45:00+00:00,2752.64990234375,2763.0,2725.550048828125,2750.85009765625,55256,CUMMINSIND
2024-02-28 06:45:00+00:00,2710.10009765625,2756.550048828125,2709.550048828125,2752.25,71831,CUMMINSIND
2024-02-28 07:45:00+00:00,2736.35009765625,2737.0,2711.25,2713.14990234375,47668,CUMMINSIND
2024-02-28 08:45:00+00:00,2718.550048828125,2739.89990234375,2708.0,2736.35009765625,53935,CUMMINSIND
2024-02-28 09:45:00+00:00,2700.0,2720.949951171875,2700.0,2719.5,19896,CUMMINSIND
2024-02-29 03:45:00+00:00,2683.949951171875,2721.949951171875,2659.60009765625,2710.0,0,CUMMINSIND
2024-02-29 04:45:00+00:00,2697.699951171875,2697.699951171875,2676.60009765625,2683.949951171875,90228,CUMMINSIND
2024-02-29 05:45:00+00:00,2699.75,2701.449951171875,2688.39990234375,2697.39990234375,68552,CUMMINSIND
2024-02-29 06:45:00+00:00,2688.85009765625,2701.25,2686.300048828125,2700.0,43576,CUMMINSIND
2024-02-29 07:45:00+00:00,2694.199951171875,2697.89990234375,2686.89990234375,2688.85009765625,37916,CUMMINSIND
2024-02-29 08:45:00+00:00,2748.949951171875,2749.35009765625,2691.39990234375,2694.14990234375,374079,CUMMINSIND
2024-02-29 09:45:00+00:00,2738.64990234375,2761.39990234375,2738.64990234375,2748.949951171875,241523,CUMMINSIND
2024-03-01 03:45:00+00:00,2750.0,2761.550048828125,2723.39990234375,2749.0,0,CUMMINSIND
2024-03-01 04:45:00+00:00,2750.0,2750.0,2740.25,2750.0,46525,CUMMINSIND
2024-03-01 05:45:00+00:00,2741.0,2750.0,2736.64990234375,2750.0,112943,CUMMINSIND
2024-03-01 06:45:00+00:00,2733.699951171875,2744.699951171875,2732.050048828125,2741.0,59714,CUMMINSIND
2024-03-01 07:45:00+00:00,2734.89990234375,2736.39990234375,2726.14990234375,2734.050048828125,50187,CUMMINSIND
2024-03-01 08:45:00+00:00,2727.25,2736.10009765625,2726.050048828125,2734.89990234375,87298,CUMMINSIND
2024-03-01 09:45:00+00:00,2724.0,2729.89990234375,2719.39990234375,2726.949951171875,14765,CUMMINSIND
2024-03-04 03:45:00+00:00,2718.25,2740.39990234375,2709.0,2736.75,34404,CUMMINSIND
2024-03-04 04:45:00+00:00,2735.39990234375,2751.64990234375,2718.35009765625,2718.35009765625,36743,CUMMINSIND
2024-03-04 05:45:00+00:00,2753.550048828125,2760.0,2732.0,2735.300048828125,193413,CUMMINSIND
2024-03-04 06:45:00+00:00,2756.0,2764.89990234375,2753.64990234375,2755.0,31053,CUMMINSIND
2024-03-04 07:45:00+00:00,2760.050048828125,2763.10009765625,2748.550048828125,2757.85009765625,62089,CUMMINSIND
2024-03-04 08:45:00+00:00,2783.949951171875,2809.0,2757.050048828125,2760.050048828125,488357,CUMMINSIND
2024-03-04 09:45:00+00:00,2777.75,2787.85009765625,2766.14990234375,2783.949951171875,56546,CUMMINSIND
2024-03-05 03:45:00+00:00,2790.25,2798.949951171875,2766.14990234375,2780.0,0,CUMMINSIND
2024-03-05 04:45:00+00:00,2777.85009765625,2794.0,2773.89990234375,2789.10009765625,32511,CUMMINSIND
2024-03-05 05:45:00+00:00,2775.949951171875,2782.550048828125,2774.64990234375,2777.85009765625,29827,CUMMINSIND
2024-03-05 06:45:00+00:00,2776.10009765625,2778.35009765625,2765.10009765625,2774.300048828125,33287,CUMMINSIND
2024-03-05 07:45:00+00:00,2775.0,2778.300048828125,2771.0,2775.949951171875,27464,CUMMINSIND
2024-03-05 08:45:00+00:00,2775.0,2776.60009765625,2767.449951171875,2775.0,54074,CUMMINSIND
2024-03-05 09:45:00+00:00,2771.0,2777.699951171875,2771.0,2775.0,28699,CUMMINSIND
2024-03-06 03:45:00+00:00,2727.64990234375,2779.25,2709.050048828125,2771.14990234375,0,CUMMINSIND
2024-03-06 04:45:00+00:00,2750.5,2756.5,2723.60009765625,2727.5,34277,CUMMINSIND
2024-03-06 05:45:00+00:00,2756.85009765625,2762.699951171875,2747.5,2750.10009765625,29232,CUMMINSIND
2024-03-06 06:45:00+00:00,2777.550048828125,2779.14990234375,2754.14990234375,2756.10009765625,28204,CUMMINSIND
2024-03-06 07:45:00+00:00,2784.85009765625,2791.949951171875,2774.0,2777.550048828125,37969,CUMMINSIND
2024-03-06 08:45:00+00:00,2783.550048828125,2796.39990234375,2777.199951171875,2783.949951171875,69002,CUMMINSIND
2024-03-06 09:45:00+00:00,2784.300048828125,2794.0,2779.85009765625,2783.550048828125,25358,CUMMINSIND
2024-03-07 03:45:00+00:00,2811.800048828125,2817.75,2792.64990234375,2797.0,0,CUMMINSIND
2024-03-07 04:45:00+00:00,2799.0,2827.0,2788.14990234375,2810.25,100136,CUMMINSIND
2024-03-07 05:45:00+00:00,2793.199951171875,2805.0,2790.5,2799.0,20703,CUMMINSIND
2024-03-07 06:45:00+00:00,2800.60009765625,2802.0,2788.39990234375,2793.199951171875,33836,CUMMINSIND
2024-03-07 07:45:00+00:00,2805.10009765625,2805.14990234375,2797.85009765625,2800.800048828125,68684,CUMMINSIND
2024-03-07 08:45:00+00:00,2786.800048828125,2805.949951171875,2780.64990234375,2805.050048828125,71589,CUMMINSIND
2024-03-07 09:45:00+00:00,2787.0,2787.0,2777.10009765625,2786.800048828125,36249,CUMMINSIND
2024-03-11 03:45:00+00:00,2863.949951171875,2877.5,2790.0,2800.14990234375,0,CUMMINSIND
2024-03-11 04:45:00+00:00,2865.0,2891.89990234375,2837.449951171875,2862.300048828125,196642,CUMMINSIND
2024-03-11 05:45:00+00:00,2810.0,2867.0,2807.0,2865.0,103681,CUMMINSIND
2024-03-11 06:45:00+00:00,2802.0,2810.0,2790.050048828125,2808.85009765625,40269,CUMMINSIND
2024-03-11 07:45:00+00:00,2805.0,2816.5,2800.949951171875,2800.949951171875,54907,CUMMINSIND
2024-03-11 08:45:00+00:00,2797.199951171875,2808.949951171875,2785.89990234375,2803.89990234375,318184,CUMMINSIND
2024-03-11 09:45:00+00:00,2795.85009765625,2807.800048828125,2788.199951171875,2796.89990234375,57708,CUMMINSIND
2024-03-12 03:45:00+00:00,2793.14990234375,2801.39990234375,2758.300048828125,2791.10009765625,0,CUMMINSIND
2024-03-12 04:45:00+00:00,2797.0,2803.800048828125,2777.699951171875,2794.0,39984,CUMMINSIND
2024-03-12 05:45:00+00:00,2771.25,2800.199951171875,2760.0,2796.75,37433,CUMMINSIND
2024-03-12 06:45:00+00:00,2764.89990234375,2778.0,2746.89990234375,2771.14990234375,26930,CUMMINSIND
2024-03-12 07:45:00+00:00,2764.949951171875,2767.89990234375,2754.10009765625,2765.0,24889,CUMMINSIND
2024-03-12 08:45:00+00:00,2756.64990234375,2770.300048828125,2748.0,2764.949951171875,58510,CUMMINSIND
2024-03-12 09:45:00+00:00,2759.699951171875,2764.800048828125,2753.60009765625,2756.64990234375,35802,CUMMINSIND
2024-03-13 03:45:00+00:00,2761.800048828125,2793.449951171875,2741.64990234375,2761.5,0,CUMMINSIND
2024-03-13 04:45:00+00:00,2741.89990234375,2769.5,2737.050048828125,2762.199951171875,59551,CUMMINSIND
2024-03-13 05:45:00+00:00,2697.10009765625,2742.89990234375,2696.949951171875,2742.0,77072,CUMMINSIND
2024-03-13 06:45:00+00:00,2713.25,2733.14990234375,2682.60009765625,2697.949951171875,73313,CUMMINSIND
2024-03-13 07:45:00+00:00,2690.75,2720.199951171875,2689.85009765625,2714.199951171875,57336,CUMMINSIND
2024-03-13 08:45:00+00:00,2670.449951171875,2699.0,2652.14990234375,2689.85009765625,221004,CUMMINSIND
2024-03-13 09:45:00+00:00,2662.60009765625,2678.39990234375,2660.0,2670.300048828125,49716,CUMMINSIND
2024-03-14 03:45:00+00:00,2683.14990234375,2736.25,2658.199951171875,2662.0,0,CUMMINSIND
2024-03-14 04:45:00+00:00,2714.0,2716.550048828125,2683.75,2683.75,96017,CUMMINSIND
2024-03-14 05:45:00+00:00,2745.449951171875,2751.949951171875,2703.89990234375,2713.300048828125,113414,CUMMINSIND
2024-03-14 06:45:00+00:00,2724.60009765625,2748.449951171875,2717.199951171875,2745.0,66711,CUMMINSIND
2024-03-14 07:45:00+00:00,2698.050048828125,2726.949951171875,2695.0,2724.550048828125,57653,CUMMINSIND
2024-03-14 08:45:00+00:00,2722.0,2726.0,2691.25,2697.14990234375,152908,CUMMINSIND
2024-03-14 09:45:00+00:00,2724.050048828125,2746.14990234375,2721.949951171875,2722.0,71890,CUMMINSIND
2024-03-15 03:45:00+00:00,2700.050048828125,2730.35009765625,2683.0,2723.949951171875,0,CUMMINSIND
2024-03-15 04:45:00+00:00,2700.300048828125,2713.449951171875,2679.5,2701.25,23629,CUMMINSIND
2024-03-15 05:45:00+00:00,2702.75,2709.300048828125,2695.699951171875,2699.949951171875,9484,CUMMINSIND
2024-03-15 06:45:00+00:00,2720.85009765625,2723.449951171875,2698.10009765625,2702.699951171875,18290,CUMMINSIND
2024-03-15 07:45:00+00:00,2718.10009765625,2736.800048828125,2718.0,2722.5,49880,CUMMINSIND
2024-03-15 08:45:00+00:00,2703.300048828125,2735.949951171875,2699.949951171875,2717.449951171875,209634,CUMMINSIND
2024-03-15 09:45:00+00:00,2702.449951171875,2715.199951171875,2696.0,2703.5,125119,CUMMINSIND
2024-03-18 03:45:00+00:00,2698.60009765625,2768.0,2689.449951171875,2705.75,0,CUMMINSIND
2024-03-18 04:45:00+00:00,2675.10009765625,2710.800048828125,2665.199951171875,2698.699951171875,90312,CUMMINSIND
2024-03-18 05:45:00+00:00,2719.14990234375,2724.800048828125,2675.89990234375,2675.89990234375,81560,CUMMINSIND
2024-03-18 06:45:00+00:00,2701.85009765625,2725.0,2695.60009765625,2718.60009765625,49833,CUMMINSIND
2024-03-18 07:45:00+00:00,2708.699951171875,2718.949951171875,2698.800048828125,2700.050048828125,62381,CUMMINSIND
2024-03-18 08:45:00+00:00,2721.0,2722.800048828125,2691.60009765625,2709.050048828125,264343,CUMMINSIND
2024-03-18 09:45:00+00:00,2712.699951171875,2731.0,2711.5,2721.0,42979,CUMMINSIND
2024-03-19 03:45:00+00:00,2681.60009765625,2732.0,2672.0,2714.60009765625,0,CUMMINSIND
2024-03-19 04:45:00+00:00,2698.0,2698.0,2668.35009765625,2682.5,43914,CUMMINSIND
2024-03-19 05:45:00+00:00,2692.14990234375,2700.75,2684.199951171875,2696.699951171875,106501,CUMMINSIND
2024-03-19 06:45:00+00:00,2710.800048828125,2716.60009765625,2689.0,2691.35009765625,25534,CUMMINSIND
2024-03-19 07:45:00+00:00,2726.25,2729.89990234375,2710.800048828125,2710.800048828125,85774,CUMMINSIND
2024-03-19 08:45:00+00:00,2715.300048828125,2727.89990234375,2711.699951171875,2726.800048828125,42612,CUMMINSIND
2024-03-19 09:45:00+00:00,2707.0,2718.0,2707.0,2716.0,24118,CUMMINSIND
2024-03-20 03:45:00+00:00,2741.10009765625,2802.14990234375,2711.85009765625,2715.0,17586,CUMMINSIND
2024-03-20 04:45:00+00:00,2779.949951171875,2784.050048828125,2736.050048828125,2740.0,96635,CUMMINSIND
2024-03-20 05:45:00+00:00,2775.050048828125,2781.949951171875,2761.60009765625,2780.699951171875,57179,CUMMINSIND
2024-03-20 06:45:00+00:00,2782.300048828125,2798.0,2764.35009765625,2777.10009765625,75840,CUMMINSIND
2024-03-20 07:45:00+00:00,2792.0,2800.199951171875,2780.0,2782.300048828125,50091,CUMMINSIND
2024-03-20 08:45:00+00:00,2792.39990234375,2796.0,2783.39990234375,2791.800048828125,117806,CUMMINSIND
2024-03-20 09:45:00+00:00,2799.0,2802.0,2790.0,2792.449951171875,39858,CUMMINSIND
2024-03-21 03:45:00+00:00,2837.050048828125,2855.0,2819.0,2836.10009765625,0,CUMMINSIND
2024-03-21 04:45:00+00:00,2840.050048828125,2857.89990234375,2824.5,2837.14990234375,117356,CUMMINSIND
2024-03-21 05:45:00+00:00,2842.39990234375,2855.0,2836.800048828125,2841.0,56354,CUMMINSIND
2024-03-21 06:45:00+00:00,2844.0,2852.0,2840.0,2842.39990234375,43345,CUMMINSIND
2024-03-21 07:45:00+00:00,2857.0,2859.60009765625,2838.89990234375,2844.199951171875,50606,CUMMINSIND
2024-03-21 08:45:00+00:00,2901.0,2907.050048828125,2855.449951171875,2857.0,292155,CUMMINSIND
2024-03-21 09:45:00+00:00,2903.0,2905.050048828125,2894.89990234375,2901.14990234375,84791,CUMMINSIND
2024-03-22 03:45:00+00:00,2890.89990234375,2914.89990234375,2872.550048828125,2909.64990234375,0,CUMMINSIND
2024-03-22 04:45:00+00:00,2898.89990234375,2903.550048828125,2880.10009765625,2890.300048828125,51658,CUMMINSIND
2024-03-22 05:45:00+00:00,2900.0,2903.14990234375,2888.0,2898.89990234375,50466,CUMMINSIND
2024-03-22 06:45:00+00:00,2917.0,2925.39990234375,2888.050048828125,2900.0,56617,CUMMINSIND
2024-03-22 07:45:00+00:00,2924.5,2928.949951171875,2913.14990234375,2916.949951171875,71426,CUMMINSIND
2024-03-22 08:45:00+00:00,2935.449951171875,2937.699951171875,2914.0,2924.25,159355,CUMMINSIND
2024-03-22 09:45:00+00:00,2930.800048828125,2946.699951171875,2922.550048828125,2935.550048828125,59452,CUMMINSIND
2024-03-26 03:45:00+00:00,2941.39990234375,2955.0,2930.25,2933.89990234375,0,CUMMINSIND
2024-03-26 04:45:00+00:00,2943.5,2947.64990234375,2918.35009765625,2939.89990234375,53430,CUMMINSIND
2024-03-26 05:45:00+00:00,2962.0,2969.89990234375,2939.800048828125,2942.39990234375,90159,CUMMINSIND
2024-03-26 06:45:00+00:00,2963.800048828125,2967.449951171875,2957.14990234375,2962.5,43028,CUMMINSIND
2024-03-26 07:45:00+00:00,2975.300048828125,2979.800048828125,2960.89990234375,2964.0,71061,CUMMINSIND
2024-03-26 08:45:00+00:00,2964.89990234375,2976.0,2960.550048828125,2975.300048828125,121607,CUMMINSIND
2024-03-26 09:45:00+00:00,2984.949951171875,2985.0,2963.25,2965.0,46482,CUMMINSIND
2024-03-27 03:45:00+00:00,3005.0,3005.14990234375,2968.800048828125,2988.0,0,CUMMINSIND
2024-03-27 04:45:00+00:00,2997.050048828125,3012.0,2995.050048828125,3005.0,56096,CUMMINSIND
2024-03-27 05:45:00+00:00,2977.0,2999.14990234375,2975.0,2996.89990234375,38442,CUMMINSIND
2024-03-27 06:45:00+00:00,2961.550048828125,2977.89990234375,2955.199951171875,2977.0,36761,CUMMINSIND
2024-03-27 07:45:00+00:00,2953.85009765625,2962.0,2947.199951171875,2960.60009765625,41983,CUMMINSIND
2024-03-27 08:45:00+00:00,2967.550048828125,2973.449951171875,2951.25,2954.64990234375,70280,CUMMINSIND
2024-03-27 09:45:00+00:00,2968.35009765625,2982.0,2966.449951171875,2967.949951171875,26561,CUMMINSIND
2024-03-28 03:45:00+00:00,2971.10009765625,2987.949951171875,2939.800048828125,2986.449951171875,0,CUMMINSIND
2024-03-28 04:45:00+00:00,2971.0,2973.60009765625,2946.25,2971.550048828125,80729,CUMMINSIND
2024-03-28 05:45:00+00:00,2995.14990234375,3000.89990234375,2968.10009765625,2970.949951171875,83586,CUMMINSIND
2024-03-28 06:45:00+00:00,3002.449951171875,3008.10009765625,2990.0,2995.949951171875,67889,CUMMINSIND
2024-03-28 07:45:00+00:00,3002.949951171875,3014.0,2998.0,3003.60009765625,68335,CUMMINSIND
2024-03-28 08:45:00+00:00,2999.14990234375,3015.39990234375,2988.050048828125,3004.199951171875,168272,CUMMINSIND
2024-03-28 09:45:00+00:00,3006.25,3023.0,2995.449951171875,2999.14990234375,0,CUMMINSIND
2024-04-01 03:45:00+00:00,3012.85009765625,3030.699951171875,2993.14990234375,3023.0,0,CUMMINSIND
2024-04-01 04:45:00+00:00,3021.300048828125,3023.89990234375,2996.300048828125,3014.14990234375,46881,CUMMINSIND
2024-04-01 05:45:00+00:00,2999.89990234375,3026.35009765625,2997.050048828125,3022.5,37370,CUMMINSIND
2024-04-01 06:45:00+00:00,3006.85009765625,3011.949951171875,2999.050048828125,3000.0,38471,CUMMINSIND
2024-04-01 07:45:00+00:00,3010.800048828125,3022.800048828125,3002.949951171875,3006.75,62731,CUMMINSIND
2024-04-01 08:45:00+00:00,3007.75,3014.39990234375,2980.10009765625,3010.800048828125,136316,CUMMINSIND
2024-04-01 09:45:00+00:00,3014.0,3015.0,2996.14990234375,3007.75,45542,CUMMINSIND
2024-04-02 03:45:00+00:00,3008.85009765625,3025.199951171875,2987.75,3010.300048828125,0,CUMMINSIND
2024-04-02 04:45:00+00:00,3010.0,3019.5,3000.0,3007.699951171875,41136,CUMMINSIND
2024-04-02 05:45:00+00:00,3026.449951171875,3053.550048828125,3008.949951171875,3008.949951171875,91253,CUMMINSIND
2024-04-02 06:45:00+00:00,3026.0,3040.35009765625,3019.0,3026.25,24883,CUMMINSIND
2024-04-02 07:45:00+00:00,3027.0,3029.0,3019.300048828125,3025.0,17400,CUMMINSIND
2024-04-02 08:45:00+00:00,3041.14990234375,3041.949951171875,3025.60009765625,3027.0,53905,CUMMINSIND
2024-04-02 09:45:00+00:00,3021.35009765625,3042.39990234375,3021.35009765625,3039.75,35010,CUMMINSIND
2024-04-03 03:45:00+00:00,3006.199951171875,3016.0,2972.25,3016.0,0,CUMMINSIND
2024-04-03 04:45:00+00:00,3003.300048828125,3009.0,2990.0,3005.800048828125,143718,CUMMINSIND
2024-04-03 05:45:00+00:00,3047.75,3053.050048828125,3002.89990234375,3004.0,153661,CUMMINSIND
2024-04-03 06:45:00+00:00,3049.14990234375,3052.0,3040.050048828125,3048.699951171875,61472,CUMMINSIND
2024-04-03 07:45:00+00:00,3057.050048828125,3060.75,3044.25,3046.0,64431,CUMMINSIND
2024-04-03 08:45:00+00:00,3047.699951171875,3061.949951171875,3044.5,3056.699951171875,80228,CUMMINSIND
2024-04-03 09:45:00+00:00,3040.0,3051.10009765625,3035.0,3047.85009765625,22266,CUMMINSIND
2024-04-04 03:45:00+00:00,3021.050048828125,3052.949951171875,3006.550048828125,3052.949951171875,0,CUMMINSIND
2024-04-04 04:45:00+00:00,3009.75,3030.949951171875,3007.0,3021.050048828125,59354,CUMMINSIND
2024-04-04 05:45:00+00:00,3030.85009765625,3041.85009765625,2995.14990234375,3009.0,55667,CUMMINSIND
2024-04-04 06:45:00+00:00,3024.39990234375,3047.5,3017.39990234375,3031.050048828125,98856,CUMMINSIND
2024-04-04 07:45:00+00:00,3036.0,3040.64990234375,3021.14990234375,3026.300048828125,29164,CUMMINSIND
2024-04-04 08:45:00+00:00,3028.5,3041.699951171875,3025.0,3036.10009765625,52882,CUMMINSIND
2024-04-04 09:45:00+00:00,3029.75,3032.949951171875,3024.550048828125,3028.39990234375,18135,CUMMINSIND
2024-04-05 03:45:00+00:00,3017.60009765625,3038.949951171875,3005.0,3005.0,0,CUMMINSIND
2024-04-05 04:45:00+00:00,3029.0,3032.0,3011.949951171875,3015.89990234375,32970,CUMMINSIND
2024-04-05 05:45:00+00:00,3025.60009765625,3030.0,3021.050048828125,3029.0,15757,CUMMINSIND
2024-04-05 06:45:00+00:00,3014.75,3027.0,3011.949951171875,3025.25,29006,CUMMINSIND
2024-04-05 07:45:00+00:00,3034.89990234375,3034.89990234375,3013.800048828125,3014.449951171875,49756,CUMMINSIND
2024-04-05 08:45:00+00:00,3031.89990234375,3037.89990234375,3030.5,3034.89990234375,61297,CUMMINSIND
2024-04-05 09:45:00+00:00,3029.800048828125,3034.89990234375,3025.0,3031.89990234375,52820,CUMMINSIND
2024-04-08 03:45:00+00:00,3012.0,3034.0,3003.60009765625,3034.0,0,CUMMINSIND
2024-04-08 04:45:00+00:00,2954.25,3012.050048828125,2949.050048828125,3012.050048828125,122519,CUMMINSIND
2024-04-08 05:45:00+00:00,2963.699951171875,2977.949951171875,2951.25,2954.199951171875,149315,CUMMINSIND
2024-04-08 06:45:00+00:00,3008.050048828125,3013.85009765625,2957.85009765625,2963.39990234375,118255,CUMMINSIND
2024-04-08 07:45:00+00:00,2961.75,3010.60009765625,2924.60009765625,3008.050048828125,260786,CUMMINSIND
2024-04-08 08:45:00+00:00,2987.550048828125,2995.85009765625,2958.75,2962.14990234375,306633,CUMMINSIND
2024-04-08 09:45:00+00:00,2988.199951171875,2993.0,2985.35009765625,2987.550048828125,55704,CUMMINSIND
2024-04-09 03:45:00+00:00,2974.10009765625,2994.35009765625,2961.85009765625,2985.050048828125,0,CUMMINSIND
2024-04-09 04:45:00+00:00,2968.39990234375,2977.14990234375,2963.10009765625,2973.300048828125,14106,CUMMINSIND
2024-04-09 05:45:00+00:00,2966.699951171875,2975.89990234375,2960.050048828125,2968.25,26126,CUMMINSIND
2024-04-09 06:45:00+00:00,2973.449951171875,2984.949951171875,2965.300048828125,2967.60009765625,24230,CUMMINSIND
2024-04-09 07:45:00+00:00,2943.699951171875,2973.949951171875,2941.699951171875,2973.550048828125,67630,CUMMINSIND
2024-04-09 08:45:00+00:00,2932.64990234375,2957.949951171875,2931.800048828125,2944.300048828125,72808,CUMMINSIND
2024-04-09 09:45:00+00:00,2938.35009765625,2947.14990234375,2931.14990234375,2933.0,35438,CUMMINSIND
2024-04-10 03:45:00+00:00,2995.64990234375,3007.39990234375,2939.39990234375,2939.39990234375,0,CUMMINSIND
2024-04-10 04:45:00+00:00,2985.050048828125,3001.75,2971.89990234375,2995.60009765625,88431,CUMMINSIND
2024-04-10 05:45:00+00:00,2998.199951171875,2999.10009765625,2980.35009765625,2985.800048828125,40101,CUMMINSIND
2024-04-10 06:45:00+00:00,2999.949951171875,3000.0,2983.14990234375,2996.85009765625,41803,CUMMINSIND
2024-04-10 07:45:00+00:00,2993.35009765625,3000.0,2984.050048828125,2999.949951171875,40681,CUMMINSIND
2024-04-10 08:45:00+00:00,2997.550048828125,3000.949951171875,2977.35009765625,2993.39990234375,128589,CUMMINSIND
2024-04-10 09:45:00+00:00,3000.949951171875,3006.89990234375,2995.10009765625,2998.949951171875,34789,CUMMINSIND
2024-04-12 03:45:00+00:00,3086.550048828125,3099.0,3016.300048828125,3030.0,0,CUMMINSIND
2024-04-12 04:45:00+00:00,3060.949951171875,3087.60009765625,3060.0,3087.60009765625,90342,CUMMINSIND
2024-04-12 05:45:00+00:00,3065.800048828125,3074.14990234375,3058.10009765625,3060.949951171875,38340,CUMMINSIND
2024-04-12 06:45:00+00:00,3049.550048828125,3069.300048828125,3040.699951171875,3065.14990234375,54601,CUMMINSIND
2024-04-12 07:45:00+00:00,3045.39990234375,3060.0,3044.300048828125,3049.550048828125,28204,CUMMINSIND
2024-04-12 08:45:00+00:00,3060.75,3063.5,3043.5,3045.35009765625,105617,CUMMINSIND
2024-04-12 09:45:00+00:00,3060.199951171875,3067.85009765625,3056.0,3062.550048828125,73006,CUMMINSIND
2024-04-15 03:45:00+00:00,3058.699951171875,3063.64990234375,3031.050048828125,3038.0,0,CUMMINSIND
2024-04-15 04:45:00+00:00,3054.300048828125,3078.300048828125,3046.050048828125,3057.89990234375,85253,CUMMINSIND
2024-04-15 05:45:00+00:00,3030.300048828125,3054.949951171875,3030.199951171875,3054.550048828125,30538,CUMMINSIND
2024-04-15 06:45:00+00:00,3039.0,3042.35009765625,3022.300048828125,3030.14990234375,26518,CUMMINSIND
2024-04-15 07:45:00+00:00,3045.39990234375,3045.449951171875,3026.75,3038.550048828125,30819,CUMMINSIND
2024-04-15 08:45:00+00:00,3044.699951171875,3059.75,3033.10009765625,3043.949951171875,66793,CUMMINSIND
2024-04-15 09:45:00+00:00,3045.949951171875,3049.949951171875,3036.60009765625,3045.10009765625,31144,CUMMINSIND
2024-04-16 03:45:00+00:00,3060.85009765625,3067.0,3016.10009765625,3018.60009765625,0,CUMMINSIND
2024-04-16 04:45:00+00:00,3086.050048828125,3090.0,3058.14990234375,3058.5,42334,CUMMINSIND
2024-04-16 05:45:00+00:00,3116.949951171875,3121.949951171875,3084.5,3086.050048828125,146798,CUMMINSIND
2024-04-16 06:45:00+00:00,3097.0,3133.14990234375,3091.800048828125,3118.10009765625,107308,CUMMINSIND
2024-04-16 07:45:00+00:00,3122.89990234375,3125.0,3095.0,3097.0,48740,CUMMINSIND
2024-04-16 08:45:00+00:00,3120.0,3125.050048828125,3110.0,3121.449951171875,93004,CUMMINSIND
2024-04-16 09:45:00+00:00,3120.64990234375,3130.0,3117.699951171875,3120.0,54680,CUMMINSIND
2024-04-18 03:45:00+00:00,3100.300048828125,3120.949951171875,3091.0,3120.64990234375,0,CUMMINSIND
2024-04-18 04:45:00+00:00,3133.89990234375,3138.89990234375,3093.0,3100.800048828125,110099,CUMMINSIND
2024-04-18 05:45:00+00:00,3139.5,3151.10009765625,3128.800048828125,3135.0,83741,CUMMINSIND
2024-04-18 06:45:00+00:00,3152.949951171875,3161.14990234375,3139.5,3139.5,67619,CUMMINSIND
2024-04-18 07:45:00+00:00,3138.39990234375,3152.949951171875,3133.050048828125,3152.39990234375,89523,CUMMINSIND
2024-04-18 08:45:00+00:00,3122.0,3143.75,3114.5,3138.39990234375,143837,CUMMINSIND
2024-04-18 09:45:00+00:00,3137.0,3138.800048828125,3121.0,3121.89990234375,43529,CUMMINSIND
2024-04-19 03:45:00+00:00,3057.050048828125,3110.0,3057.0,3102.64990234375,0,CUMMINSIND
2024-04-19 04:45:00+00:00,3043.25,3065.800048828125,3028.10009765625,3058.699951171875,74484,CUMMINSIND
2024-04-19 05:45:00+00:00,3072.550048828125,3074.0,3039.14990234375,3043.300048828125,83734,CUMMINSIND
2024-04-19 06:45:00+00:00,3079.800048828125,3080.75,3068.050048828125,3071.14990234375,24181,CUMMINSIND
2024-04-19 07:45:00+00:00,3081.64990234375,3090.89990234375,3070.550048828125,3079.800048828125,25169,CUMMINSIND
2024-04-19 08:45:00+00:00,3041.39990234375,3081.949951171875,3027.050048828125,3081.64990234375,88799,CUMMINSIND
2024-04-19 09:45:00+00:00,3043.800048828125,3046.949951171875,3038.449951171875,3040.64990234375,19392,CUMMINSIND
2024-04-22 03:45:00+00:00,3109.300048828125,3117.199951171875,3044.14990234375,3044.14990234375,0,CUMMINSIND
2024-04-22 04:45:00+00:00,3095.39990234375,3129.64990234375,3091.85009765625,3109.35009765625,63321,CUMMINSIND
2024-04-22 05:45:00+00:00,3116.699951171875,3129.85009765625,3089.0,3096.800048828125,50442,CUMMINSIND
2024-04-22 06:45:00+00:00,3144.5,3144.5,3118.25,3119.300048828125,31890,CUMMINSIND
2024-04-22 07:45:00+00:00,3123.60009765625,3145.0,3120.050048828125,3143.39990234375,36224,CUMMINSIND
2024-04-22 08:45:00+00:00,3128.800048828125,3134.35009765625,3109.0,3123.550048828125,97632,CUMMINSIND
2024-04-22 09:45:00+00:00,3128.10009765625,3140.0,3125.64990234375,3129.300048828125,23007,CUMMINSIND
2024-04-23 03:45:00+00:00,3176.0,3182.550048828125,3118.199951171875,3150.0,0,CUMMINSIND
2024-04-23 04:45:00+00:00,3175.0,3188.0,3164.10009765625,3176.199951171875,56373,CUMMINSIND
2024-04-23 05:45:00+00:00,3176.25,3179.0,3166.199951171875,3174.949951171875,23303,CUMMINSIND
2024-04-23 06:45:00+00:00,3164.0,3177.0,3162.800048828125,3176.25,21877,CUMMINSIND
2024-04-23 07:45:00+00:00,3175.14990234375,3178.0,3161.449951171875,3165.0,24390,CUMMINSIND
2024-04-23 08:45:00+00:00,3156.949951171875,3182.14990234375,3153.050048828125,3173.35009765625,48668,CUMMINSIND
2024-04-23 09:45:00+00:00,3163.60009765625,3167.0,3150.0,3157.60009765625,33389,CUMMINSIND
2024-04-24 03:45:00+00:00,3201.0,3217.550048828125,3184.39990234375,3191.5,0,CUMMINSIND
2024-04-24 04:45:00+00:00,3206.5,3214.89990234375,3199.85009765625,3201.0,59377,CUMMINSIND
2024-04-24 05:45:00+00:00,3233.0,3234.949951171875,3201.199951171875,3208.10009765625,77697,CUMMINSIND
2024-04-24 06:45:00+00:00,3238.85009765625,3247.0,3228.550048828125,3233.300048828125,100770,CUMMINSIND
2024-04-24 07:45:00+00:00,3259.0,3259.0,3237.800048828125,3238.35009765625,67333,CUMMINSIND
2024-04-24 08:45:00+00:00,3244.60009765625,3262.25,3238.89990234375,3259.0,128395,CUMMINSIND
2024-04-24 09:45:00+00:00,3244.300048828125,3250.0,3240.0,3246.10009765625,0,CUMMINSIND
2024-04-25 03:45:00+00:00,3252.35009765625,3265.39990234375,3234.0,3244.0,122044,CUMMINSIND
2024-04-25 04:45:00+00:00,3246.5,3252.449951171875,3228.10009765625,3252.199951171875,41457,CUMMINSIND
2024-04-25 05:45:00+00:00,3248.0,3255.449951171875,3230.050048828125,3246.64990234375,24968,CUMMINSIND
2024-04-25 06:45:00+00:00,3238.0,3249.89990234375,3235.85009765625,3246.85009765625,21707,CUMMINSIND
2024-04-25 07:45:00+00:00,3239.5,3253.0,3236.0,3238.14990234375,30475,CUMMINSIND
2024-04-25 08:45:00+00:00,3239.800048828125,3241.949951171875,3224.199951171875,3240.0,64624,CUMMINSIND
2024-04-25 09:45:00+00:00,3230.0,3249.5,3229.60009765625,3240.0,33817,CUMMINSIND
2024-04-26 03:45:00+00:00,3230.0,3267.0,3220.050048828125,3267.0,0,CUMMINSIND
2024-04-26 04:45:00+00:00,3217.800048828125,3233.949951171875,3205.5,3230.0,31171,CUMMINSIND
2024-04-26 05:45:00+00:00,3251.35009765625,3255.10009765625,3209.25,3217.199951171875,36927,CUMMINSIND
2024-04-26 06:45:00+00:00,3235.14990234375,3259.949951171875,3235.050048828125,3250.550048828125,44009,CUMMINSIND
2024-04-26 07:45:00+00:00,3237.050048828125,3241.35009765625,3220.800048828125,3235.10009765625,36034,CUMMINSIND
2024-04-26 08:45:00+00:00,3239.89990234375,3240.0,3233.300048828125,3237.0,31230,CUMMINSIND
2024-04-26 09:45:00+00:00,3253.0,3253.0,3239.85009765625,3239.89990234375,24540,CUMMINSIND
2024-04-29 03:45:00+00:00,3258.39990234375,3297.550048828125,3255.0,3255.0,0,CUMMINSIND
2024-04-29 04:45:00+00:00,3270.5,3275.0,3247.10009765625,3258.39990234375,31699,CUMMINSIND
2024-04-29 05:45:00+00:00,3324.949951171875,3327.949951171875,3263.0,3270.5,77113,CUMMINSIND
2024-04-29 06:45:00+00:00,3319.75,3335.75,3313.10009765625,3325.949951171875,85515,CUMMINSIND
2024-04-29 07:45:00+00:00,3322.39990234375,3330.60009765625,3312.60009765625,3318.0,71601,CUMMINSIND
2024-04-29 08:45:00+00:00,3302.14990234375,3328.800048828125,3297.699951171875,3323.050048828125,153808,CUMMINSIND
2024-04-29 09:45:00+00:00,3305.75,3310.0,3290.14990234375,3302.89990234375,44558,CUMMINSIND
2024-04-30 03:45:00+00:00,3312.699951171875,3318.89990234375,3265.0,3318.89990234375,0,CUMMINSIND
2024-04-30 04:45:00+00:00,3308.050048828125,3315.64990234375,3300.0,3312.699951171875,45660,CUMMINSIND
2024-04-30 05:45:00+00:00,3310.85009765625,3326.449951171875,3302.35009765625,3308.050048828125,50619,CUMMINSIND
2024-04-30 06:45:00+00:00,3306.449951171875,3313.699951171875,3300.0,3310.85009765625,41766,CUMMINSIND
2024-04-30 07:45:00+00:00,3292.64990234375,3314.949951171875,3290.5,3306.550048828125,44596,CUMMINSIND
2024-04-30 08:45:00+00:00,3271.64990234375,3308.050048828125,3269.14990234375,3292.64990234375,102574,CUMMINSIND
2024-04-30 09:45:00+00:00,3275.449951171875,3281.550048828125,3269.5,3271.89990234375,55699,CUMMINSIND
2024-05-02 03:45:00+00:00,3276.64990234375,3297.0,3246.89990234375,3274.0,0,CUMMINSIND
2024-05-02 04:45:00+00:00,3296.300048828125,3303.85009765625,3265.25,3276.64990234375,41286,CUMMINSIND
2024-05-02 05:45:00+00:00,3299.89990234375,3315.89990234375,3297.0,3297.949951171875,38092,CUMMINSIND
2024-05-02 06:45:00+00:00,3320.199951171875,3328.35009765625,3297.0,3298.550048828125,52803,CUMMINSIND
2024-05-02 07:45:00+00:00,3322.85009765625,3332.5,3318.449951171875,3320.199951171875,39106,CUMMINSIND
2024-05-02 08:45:00+00:00,3302.10009765625,3326.0,3300.5,3322.800048828125,75719,CUMMINSIND
2024-05-02 09:45:00+00:00,3304.199951171875,3310.0,3298.699951171875,3301.85009765625,30143,CUMMINSIND
2024-05-03 03:45:00+00:00,3420.0,3448.0,3211.10009765625,3331.0,373654,CUMMINSIND
2024-05-03 04:45:00+00:00,3420.10009765625,3437.0,3383.300048828125,3417.949951171875,232614,CUMMINSIND
2024-05-03 05:45:00+00:00,3410.89990234375,3427.14990234375,3394.0,3420.5,134647,CUMMINSIND
2024-05-03 06:45:00+00:00,3450.0,3477.89990234375,3409.5,3412.699951171875,184186,CUMMINSIND
2024-05-03 07:45:00+00:00,3397.050048828125,3450.199951171875,3397.050048828125,3449.199951171875,96516,CUMMINSIND
2024-05-03 08:45:00+00:00,3419.699951171875,3420.64990234375,3378.25,3397.050048828125,163483,CUMMINSIND
2024-05-03 09:45:00+00:00,3406.85009765625,3419.0,3400.0,3419.0,38327,CUMMINSIND
2024-05-06 03:45:00+00:00,3399.949951171875,3425.0,3372.64990234375,3425.0,0,CUMMINSIND
2024-05-06 04:45:00+00:00,3365.64990234375,3400.949951171875,3361.75,3399.0,48360,CUMMINSIND
2024-05-06 05:45:00+00:00,3369.64990234375,3384.949951171875,3363.60009765625,3365.60009765625,21912,CUMMINSIND
2024-05-06 06:45:00+00:00,3371.14990234375,3373.0,3364.35009765625,3368.199951171875,13952,CUMMINSIND
2024-05-06 07:45:00+00:00,3388.0,3389.550048828125,3370.35009765625,3371.60009765625,50790,CUMMINSIND
2024-05-06 08:45:00+00:00,3409.75,3422.89990234375,3386.550048828125,3387.89990234375,210763,CUMMINSIND
2024-05-06 09:45:00+00:00,3413.60009765625,3414.89990234375,3403.050048828125,3409.89990234375,32716,CUMMINSIND
2024-05-07 03:45:00+00:00,3451.89990234375,3455.0,3406.25,3406.25,0,CUMMINSIND
2024-05-07 04:45:00+00:00,3377.64990234375,3455.0,3377.64990234375,3452.0,50221,CUMMINSIND
2024-05-07 05:45:00+00:00,3359.60009765625,3384.10009765625,3348.0,3376.0,50806,CUMMINSIND
2024-05-07 06:45:00+00:00,3335.60009765625,3372.949951171875,3328.5,3359.60009765625,45936,CUMMINSIND
2024-05-07 07:45:00+00:00,3365.0,3365.0,3324.300048828125,3333.800048828125,51383,CUMMINSIND
2024-05-07 08:45:00+00:00,3372.5,3378.39990234375,3355.5,3365.0,36166,CUMMINSIND
2024-05-07 09:45:00+00:00,3372.300048828125,3384.800048828125,3365.64990234375,3372.949951171875,19706,CUMMINSIND
2024-05-08 03:45:00+00:00,3384.0,3403.64990234375,3350.10009765625,3384.550048828125,0,CUMMINSIND
2024-05-08 04:45:00+00:00,3377.300048828125,3385.25,3350.0,3383.85009765625,61834,CUMMINSIND
2024-05-08 05:45:00+00:00,3417.25,3422.0,3376.050048828125,3377.25,37190,CUMMINSIND
2024-05-08 06:45:00+00:00,3446.949951171875,3446.949951171875,3417.25,3419.0,38897,CUMMINSIND
2024-05-08 07:45:00+00:00,3422.89990234375,3466.0,3415.0,3446.949951171875,52232,CUMMINSIND
2024-05-08 08:45:00+00:00,3446.64990234375,3452.0,3415.64990234375,3422.85009765625,50091,CUMMINSIND
2024-05-08 09:45:00+00:00,3430.89990234375,3447.60009765625,3430.0,3447.39990234375,32726,CUMMINSIND
2024-05-09 03:45:00+00:00,3418.89990234375,3445.14990234375,3417.050048828125,3445.14990234375,0,CUMMINSIND
2024-05-09 04:45:00+00:00,3416.300048828125,3421.949951171875,3384.39990234375,3417.35009765625,40295,CUMMINSIND
2024-05-09 05:45:00+00:00,3424.85009765625,3445.35009765625,3409.35009765625,3416.949951171875,29658,CUMMINSIND
2024-05-09 06:45:00+00:00,3406.949951171875,3429.949951171875,3393.0,3424.89990234375,40848,CUMMINSIND
2024-05-09 07:45:00+00:00,3415.699951171875,3429.300048828125,3398.5,3405.14990234375,32629,CUMMINSIND
2024-05-09 08:45:00+00:00,3394.85009765625,3416.75,3390.89990234375,3415.699951171875,35578,CUMMINSIND
2024-05-09 09:45:00+00:00,3397.0,3400.699951171875,3385.199951171875,3395.0,40317,CUMMINSIND
2024-05-10 03:45:00+00:00,3395.0,3419.25,3385.050048828125,3397.89990234375,0,CUMMINSIND
2024-05-10 04:45:00+00:00,3395.699951171875,3403.60009765625,3388.35009765625,3395.0,34729,CUMMINSIND
2024-05-10 05:45:00+00:00,3412.25,3430.0,3392.39990234375,3395.0,57850,CUMMINSIND
2024-05-10 06:45:00+00:00,3394.0,3431.800048828125,3392.85009765625,3410.60009765625,45135,CUMMINSIND
2024-05-10 07:45:00+00:00,3411.89990234375,3425.0,3391.39990234375,3395.64990234375,53167,CUMMINSIND
2024-05-10 08:45:00+00:00,3410.25,3421.60009765625,3407.35009765625,3412.85009765625,28423,CUMMINSIND
2024-05-10 09:45:00+00:00,3411.800048828125,3419.0,3401.300048828125,3409.949951171875,27445,CUMMINSIND
2024-05-13 03:45:00+00:00,3426.60009765625,3453.0,3408.300048828125,3431.75,0,CUMMINSIND
2024-05-13 04:45:00+00:00,3474.64990234375,3484.0,3426.550048828125,3427.199951171875,234190,CUMMINSIND
2024-05-13 05:45:00+00:00,3478.800048828125,3512.35009765625,3466.85009765625,3474.64990234375,232511,CUMMINSIND
2024-05-13 06:45:00+00:00,3489.25,3511.85009765625,3473.14990234375,3477.60009765625,285680,CUMMINSIND
2024-05-13 07:45:00+00:00,3499.300048828125,3500.0,3472.0,3489.35009765625,150170,CUMMINSIND
2024-05-13 08:45:00+00:00,3504.39990234375,3525.0,3495.550048828125,3499.300048828125,315700,CUMMINSIND
2024-05-13 09:45:00+00:00,3509.25,3512.89990234375,3500.0,3504.39990234375,80088,CUMMINSIND
2024-05-14 03:45:00+00:00,3502.050048828125,3520.050048828125,3455.0,3520.050048828125,0,CUMMINSIND
2024-05-14 04:45:00+00:00,3528.14990234375,3533.39990234375,3497.60009765625,3503.39990234375,46960,CUMMINSIND
2024-05-14 05:45:00+00:00,3544.25,3546.25,3520.199951171875,3527.949951171875,105624,CUMMINSIND
2024-05-14 06:45:00+00:00,3543.050048828125,3550.0,3536.10009765625,3544.449951171875,40153,CUMMINSIND
2024-05-14 07:45:00+00:00,3547.60009765625,3553.25,3539.699951171875,3543.300048828125,30628,CUMMINSIND
2024-05-14 08:45:00+00:00,3573.10009765625,3578.0,3542.5,3547.60009765625,73573,CUMMINSIND
2024-05-14 09:45:00+00:00,3571.699951171875,3577.0,3569.10009765625,3575.199951171875,29354,CUMMINSIND
2024-05-15 03:45:00+00:00,3631.0,3635.0,3567.5,3593.949951171875,0,CUMMINSIND
2024-05-15 04:45:00+00:00,3653.449951171875,3653.550048828125,3615.0,3630.0,190938,CUMMINSIND
2024-05-15 05:45:00+00:00,3636.85009765625,3655.949951171875,3620.800048828125,3651.5,285316,CUMMINSIND
2024-05-15 06:45:00+00:00,3649.550048828125,3654.949951171875,3630.0,3636.39990234375,78214,CUMMINSIND
2024-05-15 07:45:00+00:00,3679.949951171875,3683.199951171875,3645.25,3649.39990234375,142598,CUMMINSIND
2024-05-15 08:45:00+00:00,3682.10009765625,3704.0,3677.39990234375,3681.10009765625,192161,CUMMINSIND
2024-05-15 09:45:00+00:00,3683.199951171875,3684.85009765625,3680.0,3682.10009765625,57297,CUMMINSIND
2024-05-16 03:45:00+00:00,3765.75,3766.85009765625,3658.0,3692.5,0,CUMMINSIND
2024-05-16 04:45:00+00:00,3772.64990234375,3787.0,3757.0,3764.050048828125,192388,CUMMINSIND
2024-05-16 05:45:00+00:00,3736.75,3774.35009765625,3726.10009765625,3774.35009765625,107430,CUMMINSIND
2024-05-16 06:45:00+00:00,3749.35009765625,3762.949951171875,3723.25,3737.0,131304,CUMMINSIND
2024-05-16 07:45:00+00:00,3707.449951171875,3751.0,3706.0,3747.800048828125,91296,CUMMINSIND
2024-05-16 08:45:00+00:00,3729.0,3733.89990234375,3687.300048828125,3705.14990234375,121921,CUMMINSIND
2024-05-16 09:45:00+00:00,3728.5,3737.300048828125,3718.449951171875,3729.0,40665,CUMMINSIND
2024-05-17 03:45:00+00:00,3761.64990234375,3775.800048828125,3726.89990234375,3757.64990234375,0,CUMMINSIND
2024-05-17 04:45:00+00:00,3774.949951171875,3795.699951171875,3756.300048828125,3760.550048828125,92363,CUMMINSIND
2024-05-17 05:45:00+00:00,3779.550048828125,3780.0,3759.0,3774.10009765625,59547,CUMMINSIND
2024-05-17 06:45:00+00:00,3786.0,3787.949951171875,3765.10009765625,3778.75,49372,CUMMINSIND
2024-05-17 07:45:00+00:00,3811.800048828125,3816.64990234375,3785.0,3786.0,111760,CUMMINSIND
2024-05-17 08:45:00+00:00,3789.89990234375,3832.89990234375,3787.949951171875,3811.800048828125,192325,CUMMINSIND
2024-05-17 09:45:00+00:00,3790.85009765625,3795.39990234375,3771.050048828125,3790.0,62877,CUMMINSIND
2024-05-21 03:45:00+00:00,3769.949951171875,3844.85009765625,3740.0,3844.85009765625,192359,CUMMINSIND
2024-05-21 04:45:00+00:00,3755.5,3777.35009765625,3745.0,3770.0,80935,CUMMINSIND
2024-05-21 05:45:00+00:00,3766.949951171875,3784.449951171875,3748.10009765625,3755.5,64174,CUMMINSIND
2024-05-21 06:45:00+00:00,3768.60009765625,3775.0,3759.550048828125,3766.300048828125,48492,CUMMINSIND
2024-05-21 07:45:00+00:00,3758.35009765625,3783.14990234375,3755.300048828125,3767.050048828125,51597,CUMMINSIND
2024-05-21 08:45:00+00:00,3747.60009765625,3760.89990234375,3739.25,3758.35009765625,115043,CUMMINSIND
2024-05-21 09:45:00+00:00,3753.699951171875,3757.14990234375,3741.199951171875,3747.60009765625,55860,CUMMINSIND
2024-05-22 03:45:00+00:00,3711.35009765625,3787.89990234375,3692.60009765625,3787.89990234375,0,CUMMINSIND
2024-05-22 04:45:00+00:00,3702.050048828125,3719.60009765625,3696.60009765625,3711.35009765625,67092,CUMMINSIND
2024-05-22 05:45:00+00:00,3692.449951171875,3710.949951171875,3688.050048828125,3702.050048828125,57486,CUMMINSIND
2024-05-22 06:45:00+00:00,3690.89990234375,3707.5,3682.5,3692.449951171875,61467,CUMMINSIND
2024-05-22 07:45:00+00:00,3700.89990234375,3701.5,3688.85009765625,3690.89990234375,36632,CUMMINSIND
2024-05-22 08:45:00+00:00,3741.0,3742.60009765625,3693.5,3700.89990234375,94630,CUMMINSIND
2024-05-22 09:45:00+00:00,3734.300048828125,3743.0,3714.199951171875,3741.64990234375,37120,CUMMINSIND
2024-05-23 03:45:00+00:00,3754.800048828125,3772.25,3732.050048828125,3763.949951171875,0,CUMMINSIND
2024-05-23 04:45:00+00:00,3736.199951171875,3755.800048828125,3714.35009765625,3754.60009765625,31149,CUMMINSIND
2024-05-23 05:45:00+00:00,3756.89990234375,3764.0,3735.10009765625,3736.25,26329,CUMMINSIND
2024-05-23 06:45:00+00:00,3754.89990234375,3764.0,3746.35009765625,3756.89990234375,22961,CUMMINSIND
2024-05-23 07:45:00+00:00,3773.5,3780.0,3753.85009765625,3753.85009765625,24638,CUMMINSIND
2024-05-23 08:45:00+00:00,3755.10009765625,3775.89990234375,3754.0,3773.89990234375,56997,CUMMINSIND
2024-05-23 09:45:00+00:00,3759.0,3767.0,3750.050048828125,3755.050048828125,49671,CUMMINSIND
2024-05-24 03:45:00+00:00,3747.75,3768.0,3734.0,3768.0,0,CUMMINSIND
2024-05-24 04:45:00+00:00,3734.25,3750.0,3729.199951171875,3746.75,46050,CUMMINSIND
2024-05-24 05:45:00+00:00,3723.75,3734.25,3706.0,3734.25,49859,CUMMINSIND
2024-05-24 06:45:00+00:00,3729.85009765625,3740.10009765625,3714.550048828125,3723.949951171875,30736,CUMMINSIND
2024-05-24 07:45:00+00:00,3733.14990234375,3743.550048828125,3726.0,3729.35009765625,51439,CUMMINSIND
2024-05-24 08:45:00+00:00,3709.14990234375,3733.550048828125,3704.050048828125,3733.14990234375,52074,CUMMINSIND
2024-05-24 09:45:00+00:00,3735.0,3735.0,3709.14990234375,3709.550048828125,40930,CUMMINSIND
2024-05-27 03:45:00+00:00,3773.050048828125,3793.85009765625,3706.75,3727.85009765625,0,CUMMINSIND
2024-05-27 04:45:00+00:00,3755.89990234375,3787.75,3750.300048828125,3773.39990234375,266644,CUMMINSIND
2024-05-27 05:45:00+00:00,3828.050048828125,3830.64990234375,3756.0,3756.0,333464,CUMMINSIND
2024-05-27 06:45:00+00:00,3830.0,3847.0,3794.75,3830.0,310196,CUMMINSIND
2024-05-27 07:45:00+00:00,3838.64990234375,3878.699951171875,3820.300048828125,3830.0,476056,CUMMINSIND
2024-05-27 08:45:00+00:00,3808.800048828125,3852.199951171875,3802.10009765625,3840.0,542506,CUMMINSIND
2024-05-27 09:45:00+00:00,3805.25,3808.949951171875,3786.199951171875,3808.800048828125,305142,CUMMINSIND
2024-05-28 03:45:00+00:00,3766.050048828125,3818.800048828125,3761.0,3814.949951171875,0,CUMMINSIND
2024-05-28 04:45:00+00:00,3779.35009765625,3783.39990234375,3763.85009765625,3771.199951171875,31423,CUMMINSIND
2024-05-28 05:45:00+00:00,3749.050048828125,3780.75,3742.050048828125,3779.89990234375,50273,CUMMINSIND
2024-05-28 06:45:00+00:00,3777.0,3777.89990234375,3736.60009765625,3750.75,67340,CUMMINSIND
2024-05-28 07:45:00+00:00,3770.800048828125,3790.85009765625,3763.800048828125,3777.25,97220,CUMMINSIND
2024-05-28 08:45:00+00:00,3826.550048828125,3842.800048828125,3770.0,3772.64990234375,145616,CUMMINSIND
2024-05-28 09:45:00+00:00,3832.300048828125,3848.949951171875,3826.449951171875,3826.5,41371,CUMMINSIND
2024-05-29 03:45:00+00:00,3794.39990234375,3845.0,3760.0,3845.0,0,CUMMINSIND
2024-05-29 04:45:00+00:00,3800.0,3806.10009765625,3785.550048828125,3793.0,123182,CUMMINSIND
2024-05-29 05:45:00+00:00,3815.0,3820.0,3789.60009765625,3800.0,135277,CUMMINSIND
2024-05-29 06:45:00+00:00,3843.949951171875,3847.75,3807.75,3812.0,91287,CUMMINSIND
2024-05-29 07:45:00+00:00,3838.800048828125,3859.0,3816.699951171875,3842.35009765625,120875,CUMMINSIND
2024-05-29 08:45:00+00:00,3840.0,3848.0,3808.699951171875,3838.800048828125,216256,CUMMINSIND
2024-05-29 09:45:00+00:00,3848.300048828125,3850.0,3826.85009765625,3839.75,145284,CUMMINSIND
2024-05-30 03:45:00+00:00,3739.35009765625,3891.25,3734.800048828125,3881.35009765625,40541,CUMMINSIND
2024-05-30 04:45:00+00:00,3677.60009765625,3749.85009765625,3658.85009765625,3740.0,616187,CUMMINSIND
2024-05-30 05:45:00+00:00,3612.0,3677.64990234375,3594.199951171875,3677.64990234375,563149,CUMMINSIND
2024-05-30 06:45:00+00:00,3615.699951171875,3661.89990234375,3605.0,3612.5,323229,CUMMINSIND
2024-05-30 07:45:00+00:00,3595.5,3630.89990234375,3587.449951171875,3615.699951171875,296216,CUMMINSIND
2024-05-30 08:45:00+00:00,3600.0,3610.0,3588.64990234375,3593.14990234375,399243,CUMMINSIND
2024-05-30 09:45:00+00:00,3592.0,3601.949951171875,3588.800048828125,3600.14990234375,206300,CUMMINSIND
2024-05-31 03:45:00+00:00,3516.64990234375,3596.800048828125,3463.5,3589.89990234375,0,CUMMINSIND
2024-05-31 04:45:00+00:00,3528.39990234375,3539.0,3503.800048828125,3515.0,175444,CUMMINSIND
2024-05-31 05:45:00+00:00,3544.949951171875,3548.5,3523.800048828125,3524.050048828125,127776,CUMMINSIND
2024-05-31 06:45:00+00:00,3532.75,3547.800048828125,3516.75,3545.0,128639,CUMMINSIND
2024-05-31 07:45:00+00:00,3529.949951171875,3539.449951171875,3512.300048828125,3533.0,164100,CUMMINSIND
2024-05-31 08:45:00+00:00,3540.0,3578.75,3523.449951171875,3530.0,974639,CUMMINSIND
2024-05-31 09:45:00+00:00,3537.85009765625,3566.550048828125,3527.64990234375,3541.800048828125,672949,CUMMINSIND
2024-06-03 03:45:00+00:00,3694.89990234375,3694.89990234375,3620.10009765625,3665.0,0,CUMMINSIND
2024-06-03 04:45:00+00:00,3690.89990234375,3715.0,3680.0,3692.300048828125,152072,CUMMINSIND
2024-06-03 05:45:00+00:00,3700.89990234375,3704.64990234375,3678.0,3690.5,104397,CUMMINSIND
2024-06-03 06:45:00+00:00,3700.64990234375,3711.60009765625,3692.35009765625,3701.35009765625,128159,CUMMINSIND
2024-06-03 07:45:00+00:00,3700.199951171875,3711.949951171875,3689.10009765625,3700.550048828125,103336,CUMMINSIND
2024-06-03 08:45:00+00:00,3711.75,3719.050048828125,3700.0,3700.050048828125,151560,CUMMINSIND
2024-06-03 09:45:00+00:00,3720.0,3724.949951171875,3710.0,3711.75,68236,CUMMINSIND
2024-06-04 03:45:00+00:00,3564.300048828125,3703.449951171875,3483.800048828125,3703.449951171875,0,CUMMINSIND
2024-06-04 04:45:00+00:00,3366.5,3581.550048828125,3364.89990234375,3566.10009765625,293051,CUMMINSIND
2024-06-04 05:45:00+00:00,3207.89990234375,3375.89990234375,3165.550048828125,3363.89990234375,336873,CUMMINSIND
2024-06-04 06:45:00+00:00,3324.0,3341.10009765625,3102.75,3208.10009765625,317064,CUMMINSIND
2024-06-04 07:45:00+00:00,3327.5,3393.39990234375,3307.85009765625,3325.949951171875,251413,CUMMINSIND
2024-06-04 08:45:00+00:00,3263.550048828125,3327.5,3209.75,3327.5,287716,CUMMINSIND
2024-06-04 09:45:00+00:00,3245.89990234375,3291.39990234375,3238.050048828125,3262.64990234375,67231,CUMMINSIND
2024-06-05 03:45:00+00:00,3235.85009765625,3292.60009765625,3160.0,3262.300048828125,0,CUMMINSIND
2024-06-05 04:45:00+00:00,3296.050048828125,3298.199951171875,3179.800048828125,3235.449951171875,151731,CUMMINSIND
2024-06-05 05:45:00+00:00,3248.199951171875,3306.89990234375,3233.449951171875,3297.550048828125,162237,CUMMINSIND
2024-06-05 06:45:00+00:00,3300.449951171875,3304.0,3242.85009765625,3250.89990234375,192524,CUMMINSIND
2024-06-05 07:45:00+00:00,3352.699951171875,3380.10009765625,3296.0,3300.5,127163,CUMMINSIND
2024-06-05 08:45:00+00:00,3410.949951171875,3432.0,3343.550048828125,3352.699951171875,203293,CUMMINSIND
2024-06-05 09:45:00+00:00,3369.10009765625,3413.14990234375,3368.800048828125,3410.550048828125,60462,CUMMINSIND
2024-06-06 03:45:00+00:00,3512.60009765625,3513.300048828125,3413.39990234375,3451.10009765625,0,CUMMINSIND
2024-06-06 04:45:00+00:00,3529.64990234375,3538.949951171875,3497.14990234375,3510.60009765625,166947,CUMMINSIND
2024-06-06 05:45:00+00:00,3535.0,3569.0,3505.0,3530.449951171875,189550,CUMMINSIND
2024-06-06 06:45:00+00:00,3496.75,3539.0,3480.85009765625,3535.10009765625,196158,CUMMINSIND
2024-06-06 07:45:00+00:00,3515.25,3527.949951171875,3494.199951171875,3496.300048828125,66957,CUMMINSIND
2024-06-06 08:45:00+00:00,3501.050048828125,3516.0,3490.050048828125,3515.0,99944,CUMMINSIND
2024-06-06 09:45:00+00:00,3525.949951171875,3525.949951171875,3497.14990234375,3501.14990234375,58272,CUMMINSIND
2024-06-07 03:45:00+00:00,3552.550048828125,3560.0,3485.35009765625,3486.300048828125,0,CUMMINSIND
2024-06-07 04:45:00+00:00,3528.050048828125,3565.0,3528.050048828125,3552.550048828125,52570,CUMMINSIND
2024-06-07 05:45:00+00:00,3540.0,3540.0,3512.14990234375,3528.050048828125,59123,CUMMINSIND
2024-06-07 06:45:00+00:00,3530.85009765625,3548.800048828125,3521.10009765625,3538.89990234375,30773,CUMMINSIND
2024-06-07 07:45:00+00:00,3574.85009765625,3581.0,3512.39990234375,3530.85009765625,60203,CUMMINSIND
2024-06-07 08:45:00+00:00,3605.0,3619.0,3573.10009765625,3573.10009765625,175604,CUMMINSIND
2024-06-07 09:45:00+00:00,3586.0,3610.10009765625,3586.0,3604.949951171875,57866,CUMMINSIND
2024-06-10 03:45:00+00:00,3540.10009765625,3634.60009765625,3522.0,3619.35009765625,0,CUMMINSIND
2024-06-10 04:45:00+00:00,3522.10009765625,3576.949951171875,3517.300048828125,3543.14990234375,185788,CUMMINSIND
2024-06-10 05:45:00+00:00,3522.050048828125,3549.75,3510.5,3521.89990234375,169362,CUMMINSIND
2024-06-10 06:45:00+00:00,3529.64990234375,3564.0,3519.800048828125,3523.050048828125,144876,CUMMINSIND
2024-06-10 07:45:00+00:00,3526.050048828125,3538.10009765625,3525.0,3527.699951171875,42256,CUMMINSIND
2024-06-10 08:45:00+00:00,3547.550048828125,3550.0,3503.60009765625,3526.0,370410,CUMMINSIND
2024-06-10 09:45:00+00:00,3544.050048828125,3553.550048828125,3535.0,3547.5,104904,CUMMINSIND
2024-06-11 03:45:00+00:00,3578.35009765625,3591.25,3550.0,3550.0,0,CUMMINSIND
2024-06-11 04:45:00+00:00,3588.699951171875,3595.14990234375,3572.25,3579.0,97133,CUMMINSIND
2024-06-11 05:45:00+00:00,3600.60009765625,3605.0,3576.050048828125,3587.800048828125,39331,CUMMINSIND
2024-06-11 06:45:00+00:00,3589.5,3615.550048828125,3583.75,3600.800048828125,28426,CUMMINSIND
2024-06-11 07:45:00+00:00,3593.0,3603.949951171875,3589.0,3591.199951171875,14701,CUMMINSIND
2024-06-11 08:45:00+00:00,3563.35009765625,3599.89990234375,3561.199951171875,3593.0,89618,CUMMINSIND
2024-06-11 09:45:00+00:00,3565.60009765625,3575.0,3558.699951171875,3562.949951171875,42974,CUMMINSIND
2024-06-12 03:45:00+00:00,3657.0,3672.75,3567.0,3567.0,0,CUMMINSIND
2024-06-12 04:45:00+00:00,3704.449951171875,3717.949951171875,3656.85009765625,3657.0,211475,CUMMINSIND
2024-06-12 05:45:00+00:00,3703.300048828125,3719.800048828125,3700.0,3704.10009765625,159260,CUMMINSIND
2024-06-12 06:45:00+00:00,3683.300048828125,3703.300048828125,3675.10009765625,3703.300048828125,87367,CUMMINSIND
2024-06-12 07:45:00+00:00,3670.0,3695.0,3667.0,3683.25,90779,CUMMINSIND
2024-06-12 08:45:00+00:00,3675.5,3686.449951171875,3656.550048828125,3670.0,93695,CUMMINSIND
2024-06-12 09:45:00+00:00,3676.0,3679.300048828125,3675.0,3675.449951171875,51448,CUMMINSIND
2024-06-13 03:45:00+00:00,3700.0,3751.85009765625,3683.64990234375,3710.449951171875,0,CUMMINSIND
2024-06-13 04:45:00+00:00,3725.35009765625,3744.0,3696.89990234375,3698.300048828125,89455,CUMMINSIND
2024-06-13 05:45:00+00:00,3715.0,3732.5,3704.699951171875,3725.35009765625,418439,CUMMINSIND
2024-06-13 06:45:00+00:00,3717.75,3720.10009765625,3700.449951171875,3713.300048828125,55934,CUMMINSIND
2024-06-13 07:45:00+00:00,3708.10009765625,3725.0,3706.0,3716.0,45894,CUMMINSIND
2024-06-13 08:45:00+00:00,3709.14990234375,3714.89990234375,3698.25,3708.050048828125,139779,CUMMINSIND
2024-06-13 09:45:00+00:00,3712.5,3721.0,3705.0,3709.75,45237,CUMMINSIND
2024-06-14 03:45:00+00:00,3758.75,3763.10009765625,3722.0,3722.0,0,CUMMINSIND
2024-06-14 04:45:00+00:00,3760.0,3766.699951171875,3750.300048828125,3758.75,81508,CUMMINSIND
2024-06-14 05:45:00+00:00,3809.050048828125,3812.800048828125,3757.5,3760.35009765625,242061,CUMMINSIND
2024-06-14 06:45:00+00:00,3809.199951171875,3821.5,3800.0,3807.25,154293,CUMMINSIND
2024-06-14 07:45:00+00:00,3828.949951171875,3838.0,3807.449951171875,3808.949951171875,223363,CUMMINSIND
2024-06-14 08:45:00+00:00,3826.5,3871.35009765625,3818.64990234375,3828.949951171875,399870,CUMMINSIND
2024-06-14 09:45:00+00:00,3824.300048828125,3828.25,3817.89990234375,3827.050048828125,133909,CUMMINSIND
2024-06-18 03:45:00+00:00,3794.0,3849.949951171875,3735.0,3849.949951171875,0,CUMMINSIND
2024-06-18 04:45:00+00:00,3803.550048828125,3825.0,3794.10009765625,3795.199951171875,48116,CUMMINSIND
2024-06-18 05:45:00+00:00,3815.0,3820.0,3800.0,3802.35009765625,84853,CUMMINSIND
2024-06-18 06:45:00+00:00,3820.550048828125,3829.75,3810.0,3815.0,56356,CUMMINSIND
2024-06-18 07:45:00+00:00,3815.0,3828.89990234375,3812.050048828125,3821.699951171875,80439,CUMMINSIND
2024-06-18 08:45:00+00:00,3817.75,3823.949951171875,3811.550048828125,3815.39990234375,61958,CUMMINSIND
2024-06-18 09:45:00+00:00,3829.0,3838.0,3816.0,3817.550048828125,50850,CUMMINSIND
2024-06-19 03:45:00+00:00,3834.60009765625,3968.89990234375,3834.60009765625,3859.0,435573,CUMMINSIND
2024-06-19 04:45:00+00:00,3823.0,3838.75,3760.0,3835.25,234284,CUMMINSIND
2024-06-19 05:45:00+00:00,3816.35009765625,3843.0,3803.050048828125,3821.75,106766,CUMMINSIND
2024-06-19 06:45:00+00:00,3799.0,3816.89990234375,3770.0,3816.89990234375,85841,CUMMINSIND
2024-06-19 07:45:00+00:00,3784.449951171875,3806.89990234375,3780.39990234375,3798.550048828125,55641,CUMMINSIND
2024-06-19 08:45:00+00:00,3788.14990234375,3806.85009765625,3780.199951171875,3784.449951171875,256164,CUMMINSIND
2024-06-19 09:45:00+00:00,3798.0,3802.0,3787.0,3788.35009765625,46364,CUMMINSIND
2024-06-20 03:45:00+00:00,3831.10009765625,3858.0,3768.75,3790.0,0,CUMMINSIND
2024-06-20 04:45:00+00:00,3869.0,3874.800048828125,3830.89990234375,3830.89990234375,52305,CUMMINSIND
2024-06-20 05:45:00+00:00,3839.949951171875,3870.10009765625,3838.0,3869.449951171875,100540,CUMMINSIND
2024-06-20 06:45:00+00:00,3844.39990234375,3853.0,3838.89990234375,3839.949951171875,96565,CUMMINSIND
2024-06-20 07:45:00+00:00,3847.699951171875,3850.0,3839.10009765625,3844.39990234375,70190,CUMMINSIND
2024-06-20 08:45:00+00:00,3858.25,3865.75,3840.0,3846.5,94571,CUMMINSIND
2024-06-20 09:45:00+00:00,3851.60009765625,3860.0,3850.0,3858.449951171875,40927,CUMMINSIND
2024-06-21 03:45:00+00:00,3911.35009765625,3938.60009765625,3865.0,3869.64990234375,0,CUMMINSIND
2024-06-21 04:45:00+00:00,3881.050048828125,3919.10009765625,3870.10009765625,3911.35009765625,105658,CUMMINSIND
2024-06-21 05:45:00+00:00,3884.89990234375,3898.64990234375,3871.0,3881.050048828125,42306,CUMMINSIND
2024-06-21 06:45:00+00:00,3879.60009765625,3886.60009765625,3869.10009765625,3884.89990234375,61708,CUMMINSIND
2024-06-21 07:45:00+00:00,3893.64990234375,3896.39990234375,3874.25,3879.550048828125,57595,CUMMINSIND
2024-06-21 08:45:00+00:00,3900.0,3912.949951171875,3873.64990234375,3893.60009765625,199418,CUMMINSIND
2024-06-21 09:45:00+00:00,3899.949951171875,3903.60009765625,3886.0,3900.0,139233,CUMMINSIND
2024-06-24 03:45:00+00:00,3864.800048828125,3883.89990234375,3815.300048828125,3854.0,0,CUMMINSIND
2024-06-24 04:45:00+00:00,3943.800048828125,3949.89990234375,3860.10009765625,3865.0,209770,CUMMINSIND
2024-06-24 05:45:00+00:00,4038.10009765625,4050.5,3941.0,3944.89990234375,437637,CUMMINSIND
2024-06-24 06:45:00+00:00,4038.60009765625,4090.35009765625,4025.0,4040.0,367794,CUMMINSIND
2024-06-24 07:45:00+00:00,4027.949951171875,4051.0,4022.10009765625,4039.89990234375,207317,CUMMINSIND
2024-06-24 08:45:00+00:00,4038.10009765625,4090.0,4001.699951171875,4027.949951171875,572763,CUMMINSIND
2024-06-24 09:45:00+00:00,4042.5,4046.949951171875,4029.0,4038.10009765625,114927,CUMMINSIND
2024-06-25 03:45:00+00:00,4084.199951171875,4170.9501953125,4069.949951171875,4069.949951171875,0,CUMMINSIND
2024-06-25 04:45:00+00:00,4008.0,4089.25,4005.0,4085.050048828125,208858,CUMMINSIND
2024-06-25 05:45:00+00:00,4004.75,4025.0,3995.89990234375,4007.5,93255,CUMMINSIND
2024-06-25 06:45:00+00:00,3999.25,4013.5,3995.35009765625,4004.0,63951,CUMMINSIND
2024-06-25 07:45:00+00:00,4028.85009765625,4035.0,3965.699951171875,3997.0,104174,CUMMINSIND
2024-06-25 08:45:00+00:00,4007.25,4030.949951171875,3994.050048828125,4028.85009765625,119776,CUMMINSIND
2024-06-25 09:45:00+00:00,4009.0,4015.75,4000.0,4007.300048828125,44868,CUMMINSIND
2024-06-26 03:45:00+00:00,4000.0,4033.60009765625,3979.39990234375,4026.800048828125,0,CUMMINSIND
2024-06-26 04:45:00+00:00,4000.0,4009.25,3998.0,4000.199951171875,77842,CUMMINSIND
2024-06-26 05:45:00+00:00,4024.199951171875,4032.699951171875,3999.64990234375,4000.0,75184,CUMMINSIND
2024-06-26 06:45:00+00:00,4012.300048828125,4034.5,3999.35009765625,4024.199951171875,65877,CUMMINSIND
2024-06-26 07:45:00+00:00,4031.949951171875,4034.449951171875,4010.0,4012.300048828125,44314,CUMMINSIND
2024-06-26 08:45:00+00:00,3995.5,4036.89990234375,3988.050048828125,4031.0,98865,CUMMINSIND
2024-06-26 09:45:00+00:00,4009.949951171875,4009.949951171875,3992.64990234375,3995.0,51133,CUMMINSIND
2024-06-27 03:45:00+00:00,3982.300048828125,3985.050048828125,3946.050048828125,3977.60009765625,0,CUMMINSIND
2024-06-27 04:45:00+00:00,3990.64990234375,3999.0,3974.199951171875,3982.300048828125,83250,CUMMINSIND
2024-06-27 05:45:00+00:00,4020.300048828125,4024.0,3990.0,3990.64990234375,67919,CUMMINSIND
2024-06-27 06:45:00+00:00,4011.10009765625,4022.0,3990.14990234375,4021.949951171875,188128,CUMMINSIND
2024-06-27 07:45:00+00:00,4021.5,4023.64990234375,4004.0,4011.10009765625,154132,CUMMINSIND
2024-06-27 08:45:00+00:00,4119.0498046875,4119.2998046875,4021.699951171875,4021.800048828125,744268,CUMMINSIND
2024-06-27 09:45:00+00:00,4079.75,4154.2001953125,4071.0,4119.10009765625,664781,CUMMINSIND
2024-06-28 03:45:00+00:00,4014.0,4103.5498046875,4006.0,4103.5498046875,0,CUMMINSIND
2024-06-28 04:45:00+00:00,4019.5,4035.0,4001.0,4013.050048828125,57584,CUMMINSIND
2024-06-28 05:45:00+00:00,4009.0,4028.10009765625,4005.0,4018.25,49351,CUMMINSIND
2024-06-28 06:45:00+00:00,4018.64990234375,4024.85009765625,4007.300048828125,4009.0,39270,CUMMINSIND
2024-06-28 07:45:00+00:00,4035.449951171875,4035.449951171875,4013.050048828125,4016.85009765625,56508,CUMMINSIND
2024-06-28 08:45:00+00:00,3955.199951171875,4037.949951171875,3955.10009765625,4035.10009765625,201136,CUMMINSIND
2024-06-28 09:45:00+00:00,3966.85009765625,3972.699951171875,3954.300048828125,3955.89990234375,89272,CUMMINSIND
2024-07-01 03:45:00+00:00,3974.35009765625,3983.25,3912.64990234375,3960.050048828125,0,CUMMINSIND
2024-07-01 04:45:00+00:00,3975.0,3982.39990234375,3972.14990234375,3975.050048828125,54972,CUMMINSIND
2024-07-01 05:45:00+00:00,3951.800048828125,3978.89990234375,3950.10009765625,3975.0,39835,CUMMINSIND
2024-07-01 06:45:00+00:00,3956.10009765625,3963.949951171875,3948.050048828125,3950.85009765625,57183,CUMMINSIND
2024-07-01 07:45:00+00:00,3959.35009765625,3966.949951171875,3954.050048828125,3956.14990234375,42589,CUMMINSIND
2024-07-01 08:45:00+00:00,3977.14990234375,3992.89990234375,3955.5,3959.0,72316,CUMMINSIND
2024-07-01 09:45:00+00:00,3985.800048828125,4005.0,3975.89990234375,3977.14990234375,45419,CUMMINSIND
2024-07-02 03:45:00+00:00,4007.0,4048.0,3990.0,4005.0,0,CUMMINSIND
2024-07-02 04:45:00+00:00,3957.60009765625,4009.0,3955.050048828125,4006.949951171875,70762,CUMMINSIND
2024-07-02 05:45:00+00:00,3903.949951171875,3967.35009765625,3903.949951171875,3957.60009765625,79834,CUMMINSIND
2024-07-02 06:45:00+00:00,3903.85009765625,3924.0,3885.89990234375,3902.60009765625,85179,CUMMINSIND
2024-07-02 07:45:00+00:00,3900.5,3915.0,3890.0,3904.300048828125,64291,CUMMINSIND
2024-07-02 08:45:00+00:00,3930.050048828125,3938.75,3893.25,3900.10009765625,147816,CUMMINSIND
2024-07-02 09:45:00+00:00,3936.050048828125,3946.39990234375,3920.0,3930.050048828125,54787,CUMMINSIND
2024-07-03 03:45:00+00:00,3963.949951171875,3977.5,3910.0,3944.10009765625,0,CUMMINSIND
2024-07-03 04:45:00+00:00,3932.050048828125,3967.5,3932.050048828125,3964.0,41133,CUMMINSIND
2024-07-03 05:45:00+00:00,3932.0,3945.300048828125,3920.0,3933.0,61077,CUMMINSIND
2024-07-03 06:45:00+00:00,3930.0,3943.300048828125,3920.0,3932.0,46728,CUMMINSIND
2024-07-03 07:45:00+00:00,3919.64990234375,3930.050048828125,3917.35009765625,3930.0,39583,CUMMINSIND
2024-07-03 08:45:00+00:00,3957.39990234375,3965.0,3915.0,3921.449951171875,64074,CUMMINSIND
2024-07-03 09:45:00+00:00,3957.949951171875,3970.0,3953.0,3956.64990234375,28602,CUMMINSIND
2024-07-04 03:45:00+00:00,4040.85009765625,4051.89990234375,3957.949951171875,3957.949951171875,0,CUMMINSIND
2024-07-04 04:45:00+00:00,4083.25,4101.89990234375,4033.14990234375,4040.85009765625,422654,CUMMINSIND
2024-07-04 05:45:00+00:00,4095.800048828125,4114.0,4072.39990234375,4085.0,158650,CUMMINSIND
2024-07-04 06:45:00+00:00,4067.35009765625,4108.9501953125,4061.949951171875,4095.199951171875,100326,CUMMINSIND
2024-07-04 07:45:00+00:00,4086.89990234375,4088.0,4062.199951171875,4067.449951171875,76259,CUMMINSIND
2024-07-04 08:45:00+00:00,4054.0,4090.25,4053.35009765625,4086.39990234375,95611,CUMMINSIND
2024-07-04 09:45:00+00:00,4064.300048828125,4075.0,4052.050048828125,4053.050048828125,35695,CUMMINSIND
2024-07-05 03:45:00+00:00,4095.5,4100.0,4046.550048828125,4093.39990234375,0,CUMMINSIND
2024-07-05 04:45:00+00:00,4090.0,4125.0,4066.60009765625,4097.75,99779,CUMMINSIND
2024-07-05 05:45:00+00:00,4108.0,4110.5,4088.300048828125,4089.10009765625,40534,CUMMINSIND
2024-07-05 06:45:00+00:00,4119.89990234375,4129.5498046875,4107.7001953125,4108.0498046875,81096,CUMMINSIND
2024-07-05 07:45:00+00:00,4125.89990234375,4127.75,4106.0498046875,4119.89990234375,69204,CUMMINSIND
2024-07-05 08:45:00+00:00,4137.10009765625,4149.89990234375,4125.5498046875,4126.89990234375,132198,CUMMINSIND
2024-07-05 09:45:00+00:00,4124.4501953125,4137.85009765625,4115.14990234375,4137.0,33521,CUMMINSIND
2024-07-08 03:45:00+00:00,4086.39990234375,4154.0,4075.0,4134.0,0,CUMMINSIND
2024-07-08 04:45:00+00:00,4015.25,4086.800048828125,4007.5,4086.75,139498,CUMMINSIND
2024-07-08 05:45:00+00:00,3973.25,4020.25,3971.10009765625,4015.10009765625,199402,CUMMINSIND
2024-07-08 06:45:00+00:00,3999.949951171875,4000.75,3961.050048828125,3974.699951171875,98432,CUMMINSIND
2024-07-08 07:45:00+00:00,3987.699951171875,4003.800048828125,3975.550048828125,4000.0,77766,CUMMINSIND
2024-07-08 08:45:00+00:00,4004.449951171875,4007.89990234375,3987.699951171875,3987.699951171875,224630,CUMMINSIND
2024-07-08 09:45:00+00:00,4000.85009765625,4008.14990234375,3990.64990234375,4004.300048828125,0,CUMMINSIND
2024-07-09 03:45:00+00:00,4003.10009765625,4049.949951171875,3986.89990234375,4003.89990234375,103267,CUMMINSIND
2024-07-09 04:45:00+00:00,3983.60009765625,4005.10009765625,3983.0,4005.10009765625,51270,CUMMINSIND
2024-07-09 05:45:00+00:00,3985.0,3997.449951171875,3980.0,3983.60009765625,51468,CUMMINSIND
2024-07-09 06:45:00+00:00,3981.0,3985.5,3968.35009765625,3985.300048828125,44876,CUMMINSIND
2024-07-09 07:45:00+00:00,3982.800048828125,3987.85009765625,3971.800048828125,3982.449951171875,44405,CUMMINSIND
2024-07-09 08:45:00+00:00,3993.300048828125,3999.0,3972.39990234375,3982.75,66556,CUMMINSIND
2024-07-09 09:45:00+00:00,3981.0,3996.0,3979.89990234375,3994.449951171875,70193,CUMMINSIND
2024-07-10 03:45:00+00:00,3961.75,4010.35009765625,3959.300048828125,3987.35009765625,65223,CUMMINSIND
2024-07-10 04:45:00+00:00,3958.85009765625,3983.35009765625,3927.89990234375,3963.85009765625,53691,CUMMINSIND
2024-07-10 05:45:00+00:00,3992.39990234375,4002.64990234375,3951.10009765625,3958.75,41333,CUMMINSIND
2024-07-10 06:45:00+00:00,4013.89990234375,4023.60009765625,3984.25,3994.699951171875,45448,CUMMINSIND
2024-07-10 07:45:00+00:00,4008.64990234375,4024.0,3991.60009765625,4014.050048828125,46504,CUMMINSIND
2024-07-10 08:45:00+00:00,4029.550048828125,4040.0,4006.75,4007.0,57889,CUMMINSIND
2024-07-10 09:45:00+00:00,4032.75,4039.5,4025.949951171875,4029.5,22940,CUMMINSIND
2024-07-11 03:45:00+00:00,4031.0,4056.75,4022.10009765625,4032.75,0,CUMMINSIND
2024-07-11 04:45:00+00:00,4014.89990234375,4031.050048828125,4001.0,4031.050048828125,34138,CUMMINSIND
2024-07-11 05:45:00+00:00,3992.0,4021.199951171875,3990.0,4016.050048828125,56042,CUMMINSIND
2024-07-11 06:45:00+00:00,3995.0,4002.64990234375,3987.89990234375,3991.25,24199,CUMMINSIND
2024-07-11 07:45:00+00:00,3977.550048828125,3998.25,3975.050048828125,3995.0,22592,CUMMINSIND
2024-07-11 08:45:00+00:00,4001.5,4002.39990234375,3977.10009765625,3979.39990234375,45640,CUMMINSIND
2024-07-11 09:45:00+00:00,3996.300048828125,4002.89990234375,3987.0,4001.85009765625,0,CUMMINSIND
2024-07-12 03:45:00+00:00,3955.0,3995.60009765625,3954.35009765625,3995.60009765625,47901,CUMMINSIND
2024-07-12 04:45:00+00:00,3948.5,3962.0,3942.25,3954.300048828125,56425,CUMMINSIND
2024-07-12 05:45:00+00:00,3962.050048828125,3965.0,3944.5,3947.449951171875,235387,CUMMINSIND
2024-07-12 06:45:00+00:00,3970.89990234375,3976.0,3945.25,3962.75,146248,CUMMINSIND
2024-07-12 07:45:00+00:00,3958.25,3972.10009765625,3950.050048828125,3970.89990234375,67541,CUMMINSIND
2024-07-12 08:45:00+00:00,3952.64990234375,3970.0,3951.449951171875,3957.89990234375,82185,CUMMINSIND
2024-07-12 09:45:00+00:00,3953.0,3959.949951171875,3951.85009765625,3952.35009765625,34127,CUMMINSIND
2024-07-15 03:45:00+00:00,3912.449951171875,3984.75,3907.449951171875,3973.949951171875,0,CUMMINSIND
2024-07-15 04:45:00+00:00,3870.0,3920.0,3869.0,3912.449951171875,163429,CUMMINSIND
2024-07-15 05:45:00+00:00,3903.0,3909.449951171875,3865.35009765625,3870.0,138222,CUMMINSIND
2024-07-15 06:45:00+00:00,3878.800048828125,3905.699951171875,3867.550048828125,3903.0,80030,CUMMINSIND
2024-07-15 07:45:00+00:00,3884.25,3890.800048828125,3876.64990234375,3879.949951171875,77746,CUMMINSIND
2024-07-15 08:45:00+00:00,3890.0,3898.449951171875,3880.0,3885.60009765625,172557,CUMMINSIND
2024-07-15 09:45:00+00:00,3890.800048828125,3891.89990234375,3883.75,3890.0,0,CUMMINSIND
2024-07-16 03:45:00+00:00,3912.699951171875,3917.800048828125,3895.0,3917.800048828125,51839,CUMMINSIND
2024-07-16 04:45:00+00:00,3889.949951171875,3913.449951171875,3885.14990234375,3911.75,62968,CUMMINSIND
2024-07-16 05:45:00+00:00,3879.0,3891.300048828125,3878.10009765625,3889.949951171875,34752,CUMMINSIND
2024-07-16 06:45:00+00:00,3886.89990234375,3891.0,3872.5,3879.25,50734,CUMMINSIND
2024-07-16 07:45:00+00:00,3874.949951171875,3887.0,3866.39990234375,3887.0,49244,CUMMINSIND
2024-07-16 08:45:00+00:00,3872.10009765625,3876.800048828125,3863.0,3874.85009765625,81018,CUMMINSIND
2024-07-16 09:45:00+00:00,3869.10009765625,3875.0,3859.10009765625,3871.5,0,CUMMINSIND
2024-07-18 03:45:00+00:00,3821.199951171875,3855.199951171875,3780.050048828125,3853.0,101611,CUMMINSIND
2024-07-18 04:45:00+00:00,3788.0,3823.550048828125,3760.0,3820.050048828125,87882,CUMMINSIND
2024-07-18 05:45:00+00:00,3790.64990234375,3815.949951171875,3770.0,3789.800048828125,170004,CUMMINSIND
2024-07-18 06:45:00+00:00,3777.75,3798.5,3770.0,3792.35009765625,162101,CUMMINSIND
2024-07-18 07:45:00+00:00,3771.949951171875,3781.10009765625,3769.949951171875,3777.75,98361,CUMMINSIND
2024-07-18 08:45:00+00:00,3798.449951171875,3800.0,3770.0,3772.89990234375,169950,CUMMINSIND
2024-07-18 09:45:00+00:00,3799.0,3800.0,3791.0,3798.64990234375,35919,CUMMINSIND
2024-07-19 03:45:00+00:00,3701.60009765625,3833.89990234375,3701.300048828125,3792.10009765625,142028,CUMMINSIND
2024-07-19 04:45:00+00:00,3612.199951171875,3715.0,3605.10009765625,3701.60009765625,275246,CUMMINSIND
2024-07-19 05:45:00+00:00,3599.0,3611.5,3573.0,3610.85009765625,226861,CUMMINSIND
2024-07-19 06:45:00+00:00,3575.64990234375,3607.949951171875,3571.25,3599.64990234375,233408,CUMMINSIND
2024-07-19 07:45:00+00:00,3566.0,3600.0,3564.0,3575.64990234375,205640,CUMMINSIND
2024-07-19 08:45:00+00:00,3556.10009765625,3582.0,3553.0,3566.050048828125,176375,CUMMINSIND
2024-07-19 09:45:00+00:00,3550.0,3568.300048828125,3549.60009765625,3556.14990234375,115060,CUMMINSIND
2024-07-22 03:45:00+00:00,3575.10009765625,3576.75,3505.050048828125,3515.89990234375,0,CUMMINSIND
2024-07-22 04:45:00+00:00,3619.14990234375,3633.449951171875,3563.300048828125,3573.5,184678,CUMMINSIND
2024-07-22 05:45:00+00:00,3630.0,3638.89990234375,3605.60009765625,3619.050048828125,210875,CUMMINSIND
2024-07-22 06:45:00+00:00,3630.0,3631.300048828125,3593.199951171875,3629.949951171875,135698,CUMMINSIND
2024-07-22 07:45:00+00:00,3656.89990234375,3658.25,3627.050048828125,3627.60009765625,175100,CUMMINSIND
2024-07-22 08:45:00+00:00,3605.85009765625,3668.39990234375,3604.14990234375,3656.89990234375,291565,CUMMINSIND
2024-07-22 09:45:00+00:00,3611.699951171875,3616.0,3595.050048828125,3604.449951171875,0,CUMMINSIND
2024-07-23 03:45:00+00:00,3615.64990234375,3688.89990234375,3591.35009765625,3649.050048828125,130964,CUMMINSIND
2024-07-23 04:45:00+00:00,3601.85009765625,3627.75,3585.0,3614.0,129328,CUMMINSIND
2024-07-23 05:45:00+00:00,3533.949951171875,3602.0,3520.0,3601.75,106539,CUMMINSIND
2024-07-23 06:45:00+00:00,3533.89990234375,3555.050048828125,3407.050048828125,3533.89990234375,203819,CUMMINSIND
2024-07-23 07:45:00+00:00,3592.85009765625,3600.0,3525.699951171875,3533.800048828125,196092,CUMMINSIND
2024-07-23 08:45:00+00:00,3570.800048828125,3596.0,3553.550048828125,3596.0,99087,CUMMINSIND
2024-07-23 09:45:00+00:00,3576.85009765625,3589.89990234375,3570.0,3570.800048828125,0,CUMMINSIND
2024-07-24 03:45:00+00:00,3539.199951171875,3605.10009765625,3533.75,3599.0,110310,CUMMINSIND
2024-07-24 04:45:00+00:00,3520.39990234375,3560.0,3520.050048828125,3537.39990234375,114565,CUMMINSIND
2024-07-24 05:45:00+00:00,3529.550048828125,3544.949951171875,3505.75,3520.0,105783,CUMMINSIND
2024-07-24 06:45:00+00:00,3503.800048828125,3532.300048828125,3501.0,3530.199951171875,77569,CUMMINSIND
2024-07-24 07:45:00+00:00,3504.39990234375,3525.0,3500.050048828125,3503.35009765625,172525,CUMMINSIND
2024-07-24 08:45:00+00:00,3536.449951171875,3552.0,3503.050048828125,3503.050048828125,179694,CUMMINSIND
2024-07-24 09:45:00+00:00,3550.050048828125,3560.0,3534.35009765625,3537.10009765625,73275,CUMMINSIND
2024-07-25 03:45:00+00:00,3514.449951171875,3514.699951171875,3454.0,3477.949951171875,0,CUMMINSIND
2024-07-25 04:45:00+00:00,3582.550048828125,3593.800048828125,3510.35009765625,3512.5,172213,CUMMINSIND
2024-07-25 05:45:00+00:00,3599.85009765625,3649.0,3582.60009765625,3582.800048828125,180829,CUMMINSIND
2024-07-25 06:45:00+00:00,3619.75,3638.449951171875,3594.39990234375,3599.5,85459,CUMMINSIND
2024-07-25 07:45:00+00:00,3637.39990234375,3644.0,3595.5,3619.85009765625,89110,CUMMINSIND
2024-07-25 08:45:00+00:00,3613.35009765625,3641.39990234375,3602.300048828125,3637.699951171875,89881,CUMMINSIND
2024-07-25 09:45:00+00:00,3610.699951171875,3621.300048828125,3603.14990234375,3613.35009765625,0,CUMMINSIND
2024-07-26 03:45:00+00:00,3675.550048828125,3692.89990234375,3624.050048828125,3624.050048828125,98700,CUMMINSIND
2024-07-26 04:45:00+00:00,3724.75,3735.60009765625,3655.25,3677.25,112183,CUMMINSIND
2024-07-26 05:45:00+00:00,3712.5,3744.89990234375,3711.10009765625,3724.699951171875,70943,CUMMINSIND
2024-07-26 06:45:00+00:00,3713.949951171875,3720.800048828125,3700.050048828125,3712.10009765625,52590,CUMMINSIND
2024-07-26 07:45:00+00:00,3712.39990234375,3720.0,3706.550048828125,3712.050048828125,58226,CUMMINSIND
2024-07-26 08:45:00+00:00,3726.39990234375,3732.60009765625,3707.35009765625,3712.39990234375,79799,CUMMINSIND
2024-07-26 09:45:00+00:00,3718.14990234375,3726.39990234375,3691.25,3726.39990234375,0,CUMMINSIND
2024-07-29 03:45:00+00:00,3739.050048828125,3744.75,3696.0,3732.60009765625,0,CUMMINSIND
2024-07-29 04:45:00+00:00,3792.75,3798.949951171875,3738.60009765625,3739.050048828125,158845,CUMMINSIND
2024-07-29 05:45:00+00:00,3763.0,3807.25,3752.300048828125,3791.39990234375,129247,CUMMINSIND
2024-07-29 06:45:00+00:00,3756.39990234375,3772.75,3742.10009765625,3763.0,133622,CUMMINSIND
2024-07-29 07:45:00+00:00,3765.050048828125,3777.89990234375,3750.949951171875,3755.35009765625,57548,CUMMINSIND
2024-07-29 08:45:00+00:00,3777.800048828125,3784.699951171875,3765.050048828125,3765.050048828125,70912,CUMMINSIND
2024-07-29 09:45:00+00:00,3777.0,3787.64990234375,3768.699951171875,3777.0,42967,CUMMINSIND
2024-07-30 03:45:00+00:00,3787.5,3797.949951171875,3758.800048828125,3784.949951171875,0,CUMMINSIND
2024-07-30 04:45:00+00:00,3802.0,3832.0,3784.25,3788.0,64118,CUMMINSIND
2024-07-30 05:45:00+00:00,3815.85009765625,3819.449951171875,3788.050048828125,3802.050048828125,41794,CUMMINSIND
2024-07-30 06:45:00+00:00,3803.39990234375,3817.949951171875,3790.0,3817.64990234375,32988,CUMMINSIND
2024-07-30 07:45:00+00:00,3809.0,3815.0,3800.0,3802.449951171875,35247,CUMMINSIND
2024-07-30 08:45:00+00:00,3809.949951171875,3824.85009765625,3795.949951171875,3808.5,56945,CUMMINSIND
2024-07-30 09:45:00+00:00,3805.10009765625,3815.85009765625,3801.25,3808.949951171875,25577,CUMMINSIND
2024-07-31 03:45:00+00:00,3812.550048828125,3833.0,3802.25,3811.949951171875,0,CUMMINSIND
2024-07-31 04:45:00+00:00,3846.64990234375,3853.0,3807.050048828125,3812.60009765625,54170,CUMMINSIND
2024-07-31 05:45:00+00:00,3843.0,3851.800048828125,3832.0,3847.75,23794,CUMMINSIND
2024-07-31 06:45:00+00:00,3849.89990234375,3850.0,3838.60009765625,3843.0,15891,CUMMINSIND
2024-07-31 07:45:00+00:00,3859.75,3859.949951171875,3843.300048828125,3847.85009765625,64666,CUMMINSIND
2024-07-31 08:45:00+00:00,3850.5,3867.75,3841.0,3857.550048828125,117547,CUMMINSIND
2024-07-31 09:45:00+00:00,3852.35009765625,3863.300048828125,3848.5,3850.5,0,CUMMINSIND
2024-08-01 03:45:00+00:00,3824.050048828125,3862.0,3815.85009765625,3838.35009765625,73281,CUMMINSIND
2024-08-01 04:45:00+00:00,3813.0,3827.199951171875,3790.14990234375,3823.75,60013,CUMMINSIND
2024-08-01 05:45:00+00:00,3812.5,3833.949951171875,3802.550048828125,3812.14990234375,45868,CUMMINSIND
2024-08-01 06:45:00+00:00,3813.050048828125,3825.0,3792.0,3815.800048828125,35680,CUMMINSIND
2024-08-01 07:45:00+00:00,3819.199951171875,3829.449951171875,3813.14990234375,3813.14990234375,30898,CUMMINSIND
2024-08-01 08:45:00+00:00,3817.85009765625,3824.949951171875,3800.64990234375,3817.25,58218,CUMMINSIND
2024-08-01 09:45:00+00:00,3815.0,3825.0,3810.0,3817.0,34014,CUMMINSIND
2024-08-02 03:45:00+00:00,3550.699951171875,3691.0,3479.85009765625,3691.0,1582457,CUMMINSIND
2024-08-02 04:45:00+00:00,3526.050048828125,3555.0,3505.050048828125,3550.050048828125,824647,CUMMINSIND
2024-08-02 05:45:00+00:00,3518.0,3550.0,3512.300048828125,3526.699951171875,364978,CUMMINSIND
2024-08-02 06:45:00+00:00,3522.14990234375,3524.800048828125,3490.050048828125,3519.050048828125,509791,CUMMINSIND
2024-08-02 07:45:00+00:00,3548.60009765625,3559.0,3521.0,3522.199951171875,347231,CUMMINSIND
2024-08-02 08:45:00+00:00,3517.0,3555.699951171875,3505.10009765625,3548.39990234375,576376,CUMMINSIND
2024-08-02 09:45:00+00:00,3500.199951171875,3520.949951171875,3491.89990234375,3516.050048828125,256873,CUMMINSIND
2024-08-05 03:45:00+00:00,3489.75,3493.85009765625,3371.800048828125,3411.949951171875,0,CUMMINSIND
2024-08-05 04:45:00+00:00,3451.35009765625,3508.699951171875,3451.300048828125,3487.300048828125,115954,CUMMINSIND
2024-08-05 05:45:00+00:00,3443.25,3483.0,3435.0,3451.14990234375,201536,CUMMINSIND
2024-08-05 06:45:00+00:00,3471.199951171875,3478.800048828125,3435.0,3444.050048828125,127896,CUMMINSIND
2024-08-05 07:45:00+00:00,3487.199951171875,3501.35009765625,3469.25,3470.14990234375,139417,CUMMINSIND
2024-08-05 08:45:00+00:00,3497.050048828125,3524.050048828125,3478.0,3486.35009765625,344718,CUMMINSIND
2024-08-05 09:45:00+00:00,3490.0,3503.35009765625,3487.64990234375,3496.949951171875,57306,CUMMINSIND
2024-08-06 03:45:00+00:00,3523.0,3574.14990234375,3502.14990234375,3511.35009765625,238214,CUMMINSIND
2024-08-06 04:45:00+00:00,3556.39990234375,3574.10009765625,3512.0,3523.0,355577,CUMMINSIND
2024-08-06 05:45:00+00:00,3573.0,3595.64990234375,3540.5,3559.14990234375,211618,CUMMINSIND
2024-08-06 06:45:00+00:00,3555.550048828125,3579.89990234375,3523.050048828125,3575.0,185843,CUMMINSIND
2024-08-06 07:45:00+00:00,3507.25,3558.64990234375,3504.64990234375,3555.800048828125,212385,CUMMINSIND
2024-08-06 08:45:00+00:00,3515.5,3547.800048828125,3505.050048828125,3507.25,116371,CUMMINSIND
2024-08-06 09:45:00+00:00,3522.10009765625,3531.949951171875,3508.14990234375,3517.25,0,CUMMINSIND
2024-08-07 03:45:00+00:00,3513.25,3573.949951171875,3452.050048828125,3573.949951171875,510852,CUMMINSIND
2024-08-07 04:45:00+00:00,3534.85009765625,3550.0,3501.89990234375,3513.14990234375,109624,CUMMINSIND
2024-08-07 05:45:00+00:00,3742.64990234375,3743.800048828125,3531.60009765625,3534.89990234375,1077534,CUMMINSIND
2024-08-07 06:45:00+00:00,3789.85009765625,3815.800048828125,3725.699951171875,3742.64990234375,916678,CUMMINSIND
2024-08-07 07:45:00+00:00,3754.14990234375,3796.050048828125,3741.199951171875,3788.5,382237,CUMMINSIND
2024-08-07 08:45:00+00:00,3740.300048828125,3792.199951171875,3734.800048828125,3755.35009765625,391715,CUMMINSIND
2024-08-07 09:45:00+00:00,3748.550048828125,3748.550048828125,3725.0,3740.300048828125,0,CUMMINSIND
2024-08-08 03:45:00+00:00,3681.949951171875,3724.949951171875,3663.0,3705.050048828125,316414,CUMMINSIND
2024-08-08 04:45:00+00:00,3731.25,3736.800048828125,3680.10009765625,3681.949951171875,151461,CUMMINSIND
2024-08-08 05:45:00+00:00,3739.89990234375,3752.0,3721.85009765625,3731.25,109973,CUMMINSIND
2024-08-08 06:45:00+00:00,3741.0,3759.5,3732.050048828125,3739.89990234375,166846,CUMMINSIND
2024-08-08 07:45:00+00:00,3756.949951171875,3767.39990234375,3737.0,3741.199951171875,100947,CUMMINSIND
2024-08-08 08:45:00+00:00,3720.10009765625,3767.300048828125,3718.14990234375,3757.10009765625,106623,CUMMINSIND
2024-08-08 09:45:00+00:00,3726.0,3733.699951171875,3720.0,3720.199951171875,41131,CUMMINSIND
2024-08-09 03:45:00+00:00,3812.0,3824.0,3745.0,3755.050048828125,0,CUMMINSIND
2024-08-09 04:45:00+00:00,3787.300048828125,3812.0,3782.25,3812.0,74247,CUMMINSIND
2024-08-09 05:45:00+00:00,3763.10009765625,3788.949951171875,3747.050048828125,3786.699951171875,56870,CUMMINSIND
2024-08-09 06:45:00+00:00,3767.35009765625,3798.10009765625,3762.85009765625,3763.10009765625,52523,CUMMINSIND
2024-08-09 07:45:00+00:00,3751.35009765625,3767.550048828125,3737.10009765625,3766.050048828125,111547,CUMMINSIND
2024-08-09 08:45:00+00:00,3721.25,3752.89990234375,3701.14990234375,3752.89990234375,120835,CUMMINSIND
2024-08-09 09:45:00+00:00,3715.10009765625,3735.0,3709.0,3721.0,43518,CUMMINSIND
2024-08-12 03:45:00+00:00,3680.10009765625,3733.14990234375,3675.949951171875,3685.0,0,CUMMINSIND
2024-08-12 04:45:00+00:00,3654.800048828125,3693.5,3650.89990234375,3680.10009765625,100434,CUMMINSIND
2024-08-12 05:45:00+00:00,3695.550048828125,3701.39990234375,3655.0,3655.949951171875,79333,CUMMINSIND
2024-08-12 06:45:00+00:00,3748.64990234375,3755.0,3690.0,3695.550048828125,116105,CUMMINSIND
2024-08-12 07:45:00+00:00,3755.050048828125,3776.550048828125,3741.050048828125,3747.800048828125,127631,CUMMINSIND
2024-08-12 08:45:00+00:00,3756.60009765625,3772.050048828125,3749.050048828125,3754.64990234375,71577,CUMMINSIND
2024-08-12 09:45:00+00:00,3741.64990234375,3756.60009765625,3741.64990234375,3756.60009765625,29550,CUMMINSIND
2024-08-13 03:45:00+00:00,3720.199951171875,3753.050048828125,3716.64990234375,3733.60009765625,58521,CUMMINSIND
2024-08-13 04:45:00+00:00,3705.5,3722.75,3695.5,3722.75,37149,CUMMINSIND
2024-08-13 05:45:00+00:00,3713.949951171875,3715.949951171875,3693.64990234375,3701.550048828125,43407,CUMMINSIND
2024-08-13 06:45:00+00:00,3685.25,3718.949951171875,3668.800048828125,3712.050048828125,66656,CUMMINSIND
2024-08-13 07:45:00+00:00,3668.75,3702.449951171875,3665.0,3685.0,103449,CUMMINSIND
2024-08-13 08:45:00+00:00,3699.64990234375,3711.949951171875,3660.35009765625,3668.85009765625,78170,CUMMINSIND
2024-08-13 09:45:00+00:00,3705.199951171875,3711.89990234375,3693.050048828125,3699.64990234375,30340,CUMMINSIND
2024-08-14 03:45:00+00:00,3693.949951171875,3723.949951171875,3670.64990234375,3707.14990234375,0,CUMMINSIND
2024-08-14 04:45:00+00:00,3681.25,3707.10009765625,3662.64990234375,3695.75,56183,CUMMINSIND
2024-08-14 05:45:00+00:00,3722.0,3722.0,3671.5,3682.10009765625,59146,CUMMINSIND
2024-08-14 06:45:00+00:00,3725.39990234375,3732.89990234375,3710.5,3721.0,88702,CUMMINSIND
2024-08-14 07:45:00+00:00,3721.449951171875,3736.75,3720.0,3725.85009765625,44368,CUMMINSIND
2024-08-14 08:45:00+00:00,3724.050048828125,3732.699951171875,3720.5,3721.449951171875,50274,CUMMINSIND
2024-08-14 09:45:00+00:00,3724.0,3728.35009765625,3721.050048828125,3725.0,70282,CUMMINSIND
2024-08-16 03:45:00+00:00,3735.0,3754.949951171875,3699.550048828125,3737.85009765625,127613,CUMMINSIND
2024-08-16 04:45:00+00:00,3742.14990234375,3748.0,3726.60009765625,3735.0,58115,CUMMINSIND
2024-08-16 05:45:00+00:00,3755.10009765625,3763.75,3737.0,3742.199951171875,68144,CUMMINSIND
2024-08-16 06:45:00+00:00,3762.949951171875,3770.300048828125,3755.050048828125,3755.10009765625,41572,CUMMINSIND
2024-08-16 07:45:00+00:00,3756.050048828125,3768.64990234375,3750.0,3762.89990234375,34956,CUMMINSIND
2024-08-16 08:45:00+00:00,3766.300048828125,3768.10009765625,3745.60009765625,3756.39990234375,58944,CUMMINSIND
2024-08-16 09:45:00+00:00,3761.39990234375,3766.800048828125,3751.449951171875,3765.85009765625,30347,CUMMINSIND
2024-08-19 03:45:00+00:00,3739.550048828125,3780.0,3731.300048828125,3780.0,0,CUMMINSIND
2024-08-19 04:45:00+00:00,3757.699951171875,3764.0,3734.0,3741.0,39891,CUMMINSIND
2024-08-19 05:45:00+00:00,3760.449951171875,3804.5,3747.35009765625,3755.050048828125,105057,CUMMINSIND
2024-08-19 06:45:00+00:00,3736.10009765625,3760.949951171875,3720.0,3758.550048828125,81969,CUMMINSIND
2024-08-19 07:45:00+00:00,3735.35009765625,3754.0,3730.0,3736.39990234375,52832,CUMMINSIND
2024-08-19 08:45:00+00:00,3763.449951171875,3769.64990234375,3730.5,3733.949951171875,183494,CUMMINSIND
2024-08-19 09:45:00+00:00,3754.85009765625,3770.0,3754.85009765625,3761.39990234375,0,CUMMINSIND
2024-08-20 03:45:00+00:00,3750.75,3793.300048828125,3744.14990234375,3785.449951171875,64473,CUMMINSIND
2024-08-20 04:45:00+00:00,3734.949951171875,3751.89990234375,3730.35009765625,3750.800048828125,34340,CUMMINSIND
2024-08-20 05:45:00+00:00,3732.5,3738.89990234375,3724.699951171875,3736.39990234375,36645,CUMMINSIND
2024-08-20 06:45:00+00:00,3770.550048828125,3771.10009765625,3730.5,3732.5,75761,CUMMINSIND
2024-08-20 07:45:00+00:00,3803.75,3803.75,3760.550048828125,3770.75,58506,CUMMINSIND
2024-08-20 08:45:00+00:00,3828.449951171875,3830.0,3801.39990234375,3802.449951171875,195221,CUMMINSIND
2024-08-20 09:45:00+00:00,3832.0,3844.0,3828.0,3828.39990234375,80173,CUMMINSIND
2024-08-21 03:45:00+00:00,3825.0,3855.0,3806.800048828125,3844.949951171875,125652,CUMMINSIND
2024-08-21 04:45:00+00:00,3849.800048828125,3860.699951171875,3828.050048828125,3830.949951171875,86607,CUMMINSIND
2024-08-21 05:45:00+00:00,3851.949951171875,3858.35009765625,3841.14990234375,3849.800048828125,43321,CUMMINSIND
2024-08-21 06:45:00+00:00,3821.89990234375,3857.75,3806.5,3851.949951171875,49758,CUMMINSIND
2024-08-21 07:45:00+00:00,3813.75,3822.449951171875,3800.60009765625,3821.89990234375,81892,CUMMINSIND
2024-08-21 08:45:00+00:00,3836.89990234375,3836.89990234375,3814.85009765625,3817.0,76958,CUMMINSIND
2024-08-21 09:45:00+00:00,3833.35009765625,3838.39990234375,3819.0,3836.949951171875,58295,CUMMINSIND
2024-08-22 03:45:00+00:00,3813.64990234375,3837.25,3802.300048828125,3834.39990234375,0,CUMMINSIND
2024-08-22 04:45:00+00:00,3830.0,3833.10009765625,3808.0,3815.5,24840,CUMMINSIND
2024-08-22 05:45:00+00:00,3824.39990234375,3832.949951171875,3818.75,3830.85009765625,14663,CUMMINSIND
2024-08-22 06:45:00+00:00,3813.10009765625,3829.60009765625,3811.75,3825.0,18259,CUMMINSIND
2024-08-22 07:45:00+00:00,3820.0,3820.949951171875,3810.64990234375,3813.10009765625,13336,CUMMINSIND
2024-08-22 08:45:00+00:00,3821.60009765625,3822.0,3806.0,3820.0,34260,CUMMINSIND
2024-08-22 09:45:00+00:00,3815.699951171875,3823.5,3809.25,3821.60009765625,0,CUMMINSIND
2024-08-23 03:45:00+00:00,3807.300048828125,3852.699951171875,3780.0,3816.39990234375,97929,CUMMINSIND
2024-08-23 04:45:00+00:00,3803.5,3820.0,3797.0,3807.300048828125,39195,CUMMINSIND
2024-08-23 05:45:00+00:00,3830.64990234375,3833.0,3799.5,3803.0,48280,CUMMINSIND
2024-08-23 06:45:00+00:00,3828.10009765625,3835.25,3821.35009765625,3830.699951171875,22002,CUMMINSIND
2024-08-23 07:45:00+00:00,3827.64990234375,3837.0,3823.0,3828.25,13115,CUMMINSIND
2024-08-23 08:45:00+00:00,3820.050048828125,3830.199951171875,3805.199951171875,3827.85009765625,67036,CUMMINSIND
2024-08-23 09:45:00+00:00,3821.949951171875,3839.5,3816.550048828125,3820.800048828125,68322,CUMMINSIND
2024-08-26 03:45:00+00:00,3898.0,3899.0,3821.449951171875,3850.0,0,CUMMINSIND
2024-08-26 04:45:00+00:00,3918.800048828125,3926.0,3878.050048828125,3898.0,171837,CUMMINSIND
2024-08-26 05:45:00+00:00,3878.699951171875,3928.5,3873.199951171875,3918.800048828125,169511,CUMMINSIND
2024-08-26 06:45:00+00:00,3859.449951171875,3884.75,3854.39990234375,3878.699951171875,63739,CUMMINSIND
2024-08-26 07:45:00+00:00,3852.5,3863.60009765625,3847.10009765625,3859.449951171875,56438,CUMMINSIND
2024-08-26 08:45:00+00:00,3863.199951171875,3866.64990234375,3852.0,3853.0,161424,CUMMINSIND
2024-08-26 09:45:00+00:00,3850.0,3868.449951171875,3842.85009765625,3863.199951171875,77440,CUMMINSIND
2024-08-27 03:45:00+00:00,3812.10009765625,3852.60009765625,3805.10009765625,3852.60009765625,82194,CUMMINSIND
2024-08-27 04:45:00+00:00,3826.14990234375,3828.39990234375,3807.0,3812.10009765625,43185,CUMMINSIND
2024-08-27 05:45:00+00:00,3790.64990234375,3831.89990234375,3786.050048828125,3826.14990234375,188760,CUMMINSIND
2024-08-27 06:45:00+00:00,3821.25,3822.10009765625,3790.550048828125,3791.89990234375,68189,CUMMINSIND
2024-08-27 07:45:00+00:00,3782.14990234375,3821.75,3780.10009765625,3821.300048828125,110844,CUMMINSIND
2024-08-27 08:45:00+00:00,3771.25,3785.64990234375,3753.0,3782.699951171875,166438,CUMMINSIND
2024-08-27 09:45:00+00:00,3761.14990234375,3774.800048828125,3761.14990234375,3771.050048828125,44578,CUMMINSIND
2024-08-28 03:45:00+00:00,3739.14990234375,3771.39990234375,3724.0,3771.14990234375,83267,CUMMINSIND
2024-08-28 04:45:00+00:00,3749.800048828125,3765.0,3738.10009765625,3738.35009765625,62219,CUMMINSIND
2024-08-28 05:45:00+00:00,3747.0,3751.550048828125,3740.89990234375,3747.14990234375,147776,CUMMINSIND
2024-08-28 06:45:00+00:00,3770.050048828125,3785.0,3745.5,3747.0,93945,CUMMINSIND
2024-08-28 07:45:00+00:00,3764.0,3783.0,3760.60009765625,3770.89990234375,69476,CUMMINSIND
2024-08-28 08:45:00+00:00,3741.64990234375,3763.39990234375,3727.75,3762.39990234375,187396,CUMMINSIND
2024-08-28 09:45:00+00:00,3737.050048828125,3744.449951171875,3730.300048828125,3741.64990234375,25547,CUMMINSIND
2024-08-29 03:45:00+00:00,3724.699951171875,3745.0,3717.300048828125,3727.0,0,CUMMINSIND
2024-08-29 04:45:00+00:00,3726.35009765625,3745.0,3715.10009765625,3722.35009765625,51818,CUMMINSIND
2024-08-29 05:45:00+00:00,3723.64990234375,3738.89990234375,3715.0,3726.35009765625,84650,CUMMINSIND
2024-08-29 06:45:00+00:00,3728.0,3733.35009765625,3723.64990234375,3723.64990234375,18234,CUMMINSIND
2024-08-29 07:45:00+00:00,3701.0,3729.949951171875,3697.0,3727.0,68938,CUMMINSIND
2024-08-29 08:45:00+00:00,3733.14990234375,3736.60009765625,3691.050048828125,3700.800048828125,56767,CUMMINSIND
2024-08-29 09:45:00+00:00,3730.699951171875,3745.0,3730.64990234375,3732.050048828125,21465,CUMMINSIND
2024-08-30 03:45:00+00:00,3745.699951171875,3767.85009765625,3725.199951171875,3738.85009765625,72467,CUMMINSIND
2024-08-30 04:45:00+00:00,3750.5,3759.85009765625,3741.699951171875,3745.64990234375,22195,CUMMINSIND
2024-08-30 05:45:00+00:00,3740.5,3750.85009765625,3735.0,3750.199951171875,18661,CUMMINSIND
2024-08-30 06:45:00+00:00,3729.699951171875,3744.39990234375,3727.10009765625,3740.0,20113,CUMMINSIND
2024-08-30 07:45:00+00:00,3723.949951171875,3736.39990234375,3721.60009765625,3731.550048828125,28170,CUMMINSIND
2024-08-30 08:45:00+00:00,3735.199951171875,3736.300048828125,3721.14990234375,3723.949951171875,186528,CUMMINSIND
2024-08-30 09:45:00+00:00,3741.75,3767.050048828125,3731.699951171875,3736.0,284196,CUMMINSIND
2024-09-02 03:45:00+00:00,3756.60009765625,3775.800048828125,3752.300048828125,3769.85009765625,0,CUMMINSIND
2024-09-02 04:45:00+00:00,3804.85009765625,3806.449951171875,3755.0,3756.85009765625,60427,CUMMINSIND
2024-09-02 05:45:00+00:00,3776.699951171875,3805.5,3762.050048828125,3804.550048828125,64971,CUMMINSIND
2024-09-02 06:45:00+00:00,3799.89990234375,3805.050048828125,3777.14990234375,3777.949951171875,60397,CUMMINSIND
2024-09-02 07:45:00+00:00,3800.85009765625,3805.0,3790.64990234375,3800.60009765625,39386,CUMMINSIND
2024-09-02 08:45:00+00:00,3800.0,3810.0,3791.050048828125,3802.0,130392,CUMMINSIND
2024-09-02 09:45:00+00:00,3804.39990234375,3814.949951171875,3800.0,3800.550048828125,62751,CUMMINSIND
2024-09-03 03:45:00+00:00,3821.949951171875,3836.199951171875,3814.5,3829.64990234375,0,CUMMINSIND
2024-09-03 04:45:00+00:00,3825.050048828125,3832.0,3818.0,3823.699951171875,32800,CUMMINSIND
2024-09-03 05:45:00+00:00,3826.050048828125,3833.550048828125,3821.050048828125,3824.300048828125,36270,CUMMINSIND
2024-09-03 06:45:00+00:00,3828.10009765625,3831.800048828125,3824.199951171875,3826.0,86863,CUMMINSIND
2024-09-03 07:45:00+00:00,3834.050048828125,3841.14990234375,3827.60009765625,3828.10009765625,115042,CUMMINSIND
2024-09-03 08:45:00+00:00,3826.85009765625,3836.0,3825.35009765625,3834.0,87512,CUMMINSIND
2024-09-03 09:45:00+00:00,3822.5,3835.300048828125,3822.0,3827.25,34150,CUMMINSIND
2024-09-04 03:45:00+00:00,3850.0,3859.39990234375,3797.050048828125,3810.35009765625,0,CUMMINSIND
2024-09-04 04:45:00+00:00,3837.949951171875,3854.0,3826.449951171875,3850.0,36865,CUMMINSIND
2024-09-04 05:45:00+00:00,3848.0,3849.0,3834.39990234375,3837.85009765625,19360,CUMMINSIND
2024-09-04 06:45:00+00:00,3848.300048828125,3855.0,3837.199951171875,3846.64990234375,46995,CUMMINSIND
2024-09-04 07:45:00+00:00,3854.25,3855.0,3845.14990234375,3849.050048828125,22134,CUMMINSIND
2024-09-04 08:45:00+00:00,3872.64990234375,3882.5,3846.699951171875,3853.14990234375,146148,CUMMINSIND
2024-09-04 09:45:00+00:00,3869.949951171875,3873.0,3865.0,3872.10009765625,38053,CUMMINSIND
2024-09-05 03:45:00+00:00,3852.89990234375,3894.89990234375,3814.25,3867.35009765625,275567,CUMMINSIND
2024-09-05 04:45:00+00:00,3831.699951171875,3854.35009765625,3810.64990234375,3852.75,184397,CUMMINSIND
2024-09-05 05:45:00+00:00,3846.89990234375,3850.0,3811.85009765625,3831.699951171875,133607,CUMMINSIND
2024-09-05 06:45:00+00:00,3846.89990234375,3849.89990234375,3836.89990234375,3848.550048828125,14928,CUMMINSIND
2024-09-05 07:45:00+00:00,3844.949951171875,3853.199951171875,3841.85009765625,3845.300048828125,12724,CUMMINSIND
2024-09-05 08:45:00+00:00,3841.800048828125,3849.89990234375,3825.35009765625,3846.25,68126,CUMMINSIND
2024-09-05 09:45:00+00:00,3841.35009765625,3845.199951171875,3839.64990234375,3841.800048828125,0,CUMMINSIND
2024-09-06 03:45:00+00:00,3847.800048828125,3860.0,3826.199951171875,3841.35009765625,55770,CUMMINSIND
2024-09-06 04:45:00+00:00,3839.64990234375,3853.89990234375,3829.699951171875,3846.699951171875,22669,CUMMINSIND
2024-09-06 05:45:00+00:00,3812.5,3850.0,3807.050048828125,3840.35009765625,139616,CUMMINSIND
2024-09-06 06:45:00+00:00,3805.5,3813.449951171875,3796.949951171875,3812.5,24687,CUMMINSIND
2024-09-06 07:45:00+00:00,3801.89990234375,3818.39990234375,3798.14990234375,3806.75,24107,CUMMINSIND
2024-09-06 08:45:00+00:00,3763.0,3806.0,3760.89990234375,3801.89990234375,135552,CUMMINSIND
2024-09-06 09:45:00+00:00,3765.0,3776.0,3752.75,3763.0,37796,CUMMINSIND
2024-09-09 03:45:00+00:00,3706.449951171875,3739.89990234375,3690.550048828125,3712.449951171875,0,CUMMINSIND
2024-09-09 04:45:00+00:00,3713.050048828125,3718.800048828125,3692.800048828125,3707.75,40230,CUMMINSIND
2024-09-09 05:45:00+00:00,3704.449951171875,3725.85009765625,3704.449951171875,3711.949951171875,20277,CUMMINSIND
2024-09-09 06:45:00+00:00,3700.800048828125,3711.64990234375,3693.10009765625,3704.300048828125,30167,CUMMINSIND
2024-09-09 07:45:00+00:00,3668.5,3711.300048828125,3661.25,3700.800048828125,68184,CUMMINSIND
2024-09-09 08:45:00+00:00,3673.25,3679.0,3663.449951171875,3668.5,182488,CUMMINSIND
2024-09-09 09:45:00+00:00,3675.0,3682.75,3662.300048828125,3673.5,71442,CUMMINSIND
2024-09-10 03:45:00+00:00,3690.35009765625,3745.0,3688.949951171875,3693.800048828125,0,CUMMINSIND
2024-09-10 04:45:00+00:00,3705.89990234375,3706.89990234375,3688.75,3690.5,18869,CUMMINSIND
2024-09-10 05:45:00+00:00,3700.0,3704.60009765625,3688.0,3703.89990234375,94630,CUMMINSIND
2024-09-10 06:45:00+00:00,3718.39990234375,3723.800048828125,3696.699951171875,3699.949951171875,78304,CUMMINSIND
2024-09-10 07:45:00+00:00,3757.550048828125,3758.25,3718.300048828125,3718.5,60129,CUMMINSIND
2024-09-10 08:45:00+00:00,3746.89990234375,3765.0,3735.0,3757.25,63403,CUMMINSIND
2024-09-10 09:45:00+00:00,3744.39990234375,3752.35009765625,3738.199951171875,3746.89990234375,30004,CUMMINSIND
2024-09-11 03:45:00+00:00,3792.0,3814.0,3746.0,3749.050048828125,0,CUMMINSIND
2024-09-11 04:45:00+00:00,3814.89990234375,3820.0,3787.050048828125,3791.64990234375,29382,CUMMINSIND
2024-09-11 05:45:00+00:00,3806.60009765625,3817.949951171875,3804.699951171875,3813.800048828125,17716,CUMMINSIND
2024-09-11 06:45:00+00:00,3848.550048828125,3848.64990234375,3805.300048828125,3806.550048828125,63035,CUMMINSIND
2024-09-11 07:45:00+00:00,3822.60009765625,3862.89990234375,3820.699951171875,3848.75,77430,CUMMINSIND
2024-09-11 08:45:00+00:00,3789.60009765625,3832.949951171875,3789.0,3822.60009765625,95186,CUMMINSIND
2024-09-11 09:45:00+00:00,3797.39990234375,3807.550048828125,3788.5,3789.699951171875,42931,CUMMINSIND
2024-09-12 03:45:00+00:00,3770.85009765625,3813.699951171875,3756.300048828125,3812.199951171875,0,CUMMINSIND
2024-09-12 04:45:00+00:00,3760.949951171875,3772.550048828125,3750.0,3771.0,69299,CUMMINSIND
2024-09-12 05:45:00+00:00,3762.60009765625,3775.89990234375,3754.050048828125,3761.0,274614,CUMMINSIND
2024-09-12 06:45:00+00:00,3760.300048828125,3769.64990234375,3756.0,3762.60009765625,50694,CUMMINSIND
2024-09-12 07:45:00+00:00,3790.89990234375,3795.949951171875,3757.0,3760.35009765625,64625,CUMMINSIND
2024-09-12 08:45:00+00:00,3830.699951171875,3830.699951171875,3786.25,3789.10009765625,72985,CUMMINSIND
2024-09-12 09:45:00+00:00,3822.85009765625,3832.14990234375,3814.0,3830.699951171875,0,CUMMINSIND
2024-09-13 03:45:00+00:00,3806.300048828125,3830.050048828125,3791.39990234375,3830.050048828125,219541,CUMMINSIND
2024-09-13 04:45:00+00:00,3808.800048828125,3820.85009765625,3769.60009765625,3806.050048828125,67251,CUMMINSIND
2024-09-13 05:45:00+00:00,3809.050048828125,3825.85009765625,3801.0,3808.85009765625,84022,CUMMINSIND
2024-09-13 06:45:00+00:00,3805.35009765625,3814.35009765625,3803.199951171875,3809.89990234375,22778,CUMMINSIND
2024-09-13 07:45:00+00:00,3775.10009765625,3808.0,3772.5,3806.75,26381,CUMMINSIND
2024-09-13 08:45:00+00:00,3781.39990234375,3798.699951171875,3770.0,3775.449951171875,67925,CUMMINSIND
2024-09-13 09:45:00+00:00,3784.60009765625,3794.89990234375,3780.0,3781.39990234375,35433,CUMMINSIND
2024-09-16 03:45:00+00:00,3811.800048828125,3832.300048828125,3776.449951171875,3805.60009765625,0,CUMMINSIND
2024-09-16 04:45:00+00:00,3824.0,3824.89990234375,3801.199951171875,3809.800048828125,25362,CUMMINSIND
2024-09-16 05:45:00+00:00,3810.0,3831.35009765625,3802.0,3823.949951171875,38433,CUMMINSIND
2024-09-16 06:45:00+00:00,3810.449951171875,3826.35009765625,3807.60009765625,3807.60009765625,18546,CUMMINSIND
2024-09-16 07:45:00+00:00,3814.0,3815.0,3799.60009765625,3810.39990234375,40751,CUMMINSIND
2024-09-16 08:45:00+00:00,3820.0,3827.699951171875,3801.300048828125,3812.949951171875,191645,CUMMINSIND
2024-09-16 09:45:00+00:00,3817.699951171875,3821.800048828125,3810.050048828125,3820.0,0,CUMMINSIND
2024-09-17 03:45:00+00:00,3798.64990234375,3819.0,3786.699951171875,3799.64990234375,26530,CUMMINSIND
2024-09-17 04:45:00+00:00,3815.0,3818.0,3789.25,3797.949951171875,22474,CUMMINSIND
2024-09-17 05:45:00+00:00,3820.0,3836.699951171875,3814.0,3815.0,27024,CUMMINSIND
2024-09-17 06:45:00+00:00,3826.89990234375,3829.449951171875,3806.199951171875,3818.449951171875,22424,CUMMINSIND
2024-09-17 07:45:00+00:00,3837.39990234375,3839.0,3825.0,3825.050048828125,20884,CUMMINSIND
2024-09-17 08:45:00+00:00,3848.75,3849.0,3831.800048828125,3836.0,39794,CUMMINSIND
2024-09-17 09:45:00+00:00,3845.949951171875,3850.0,3838.300048828125,3848.75,0,CUMMINSIND
2024-09-18 03:45:00+00:00,3849.5,3865.0,3838.89990234375,3857.300048828125,55194,CUMMINSIND
2024-09-18 04:45:00+00:00,3836.949951171875,3851.39990234375,3822.0,3850.25,25169,CUMMINSIND
2024-09-18 05:45:00+00:00,3823.0,3842.550048828125,3822.550048828125,3836.0,15675,CUMMINSIND
2024-09-18 06:45:00+00:00,3786.39990234375,3824.85009765625,3783.0,3823.0,21254,CUMMINSIND
2024-09-18 07:45:00+00:00,3770.25,3789.199951171875,3763.60009765625,3786.39990234375,30196,CUMMINSIND
2024-09-18 08:45:00+00:00,3760.89990234375,3770.60009765625,3742.800048828125,3770.60009765625,43809,CUMMINSIND
2024-09-18 09:45:00+00:00,3759.64990234375,3772.300048828125,3753.25,3759.35009765625,16953,CUMMINSIND
2024-09-19 03:45:00+00:00,3717.75,3827.14990234375,3712.949951171875,3775.35009765625,0,CUMMINSIND
2024-09-19 04:45:00+00:00,3697.85009765625,3742.89990234375,3685.5,3715.64990234375,34374,CUMMINSIND
2024-09-19 05:45:00+00:00,3642.800048828125,3702.949951171875,3636.89990234375,3696.449951171875,39433,CUMMINSIND
2024-09-19 06:45:00+00:00,3628.050048828125,3667.64990234375,3617.25,3642.800048828125,52031,CUMMINSIND
2024-09-19 07:45:00+00:00,3621.64990234375,3652.64990234375,3610.60009765625,3626.64990234375,31500,CUMMINSIND
2024-09-19 08:45:00+00:00,3719.5,3723.449951171875,3621.85009765625,3622.800048828125,170862,CUMMINSIND
2024-09-19 09:45:00+00:00,3727.800048828125,3742.0,3715.14990234375,3719.5,0,CUMMINSIND
2024-09-20 03:45:00+00:00,3713.0,3735.60009765625,3677.800048828125,3735.60009765625,69115,CUMMINSIND
2024-09-20 04:45:00+00:00,3774.800048828125,3776.89990234375,3699.5,3714.60009765625,71216,CUMMINSIND
2024-09-20 05:45:00+00:00,3755.14990234375,3785.0,3755.0,3773.85009765625,53427,CUMMINSIND
2024-09-20 06:45:00+00:00,3770.64990234375,3779.0,3750.14990234375,3756.85009765625,34744,CUMMINSIND
2024-09-20 07:45:00+00:00,3760.10009765625,3776.0,3716.300048828125,3768.550048828125,57004,CUMMINSIND
2024-09-20 08:45:00+00:00,3816.39990234375,3816.949951171875,3752.0,3759.550048828125,268590,CUMMINSIND
2024-09-20 09:45:00+00:00,3824.949951171875,3831.0,3811.050048828125,3816.39990234375,132642,CUMMINSIND
2024-09-23 03:45:00+00:00,3872.300048828125,3882.949951171875,3802.050048828125,3811.60009765625,0,CUMMINSIND
2024-09-23 04:45:00+00:00,3838.0,3878.199951171875,3833.0,3872.39990234375,72596,CUMMINSIND
2024-09-23 05:45:00+00:00,3844.85009765625,3860.64990234375,3838.0,3838.89990234375,43509,CUMMINSIND
2024-09-23 06:45:00+00:00,3842.050048828125,3855.0,3841.75,3844.300048828125,19102,CUMMINSIND
2024-09-23 07:45:00+00:00,3833.550048828125,3847.199951171875,3821.550048828125,3843.300048828125,76397,CUMMINSIND
2024-09-23 08:45:00+00:00,3865.050048828125,3871.0,3827.949951171875,3833.199951171875,158405,CUMMINSIND
2024-09-23 09:45:00+00:00,3875.0,3877.75,3861.699951171875,3865.64990234375,39932,CUMMINSIND
2024-09-24 03:45:00+00:00,3865.699951171875,3883.949951171875,3854.14990234375,3883.0,59128,CUMMINSIND
2024-09-24 04:45:00+00:00,3870.050048828125,3880.64990234375,3852.85009765625,3865.550048828125,31052,CUMMINSIND
2024-09-24 05:45:00+00:00,3876.10009765625,3879.0,3860.050048828125,3869.5,36207,CUMMINSIND
2024-09-24 06:45:00+00:00,3876.0,3890.949951171875,3869.35009765625,3876.10009765625,73769,CUMMINSIND
2024-09-24 07:45:00+00:00,3874.699951171875,3886.60009765625,3870.050048828125,3876.800048828125,41766,CUMMINSIND
2024-09-24 08:45:00+00:00,3849.89990234375,3875.39990234375,3838.14990234375,3874.699951171875,107559,CUMMINSIND
2024-09-24 09:45:00+00:00,3863.0,3880.199951171875,3847.5,3849.449951171875,54266,CUMMINSIND
2024-09-25 03:45:00+00:00,3865.25,3926.949951171875,3825.0,3852.89990234375,0,CUMMINSIND
2024-09-25 04:45:00+00:00,3835.39990234375,3867.35009765625,3814.25,3865.5,108914,CUMMINSIND
2024-09-25 05:45:00+00:00,3825.89990234375,3842.699951171875,3813.5,3835.0,42491,CUMMINSIND
2024-09-25 06:45:00+00:00,3816.5,3829.550048828125,3806.39990234375,3826.199951171875,30160,CUMMINSIND
2024-09-25 07:45:00+00:00,3768.050048828125,3815.75,3763.89990234375,3815.0,63553,CUMMINSIND
2024-09-25 08:45:00+00:00,3765.050048828125,3773.199951171875,3743.550048828125,3768.949951171875,106855,CUMMINSIND
2024-09-25 09:45:00+00:00,3769.75,3771.800048828125,3756.050048828125,3765.050048828125,53859,CUMMINSIND
2024-09-26 03:45:00+00:00,3733.050048828125,3781.75,3730.0,3765.14990234375,0,CUMMINSIND
2024-09-26 04:45:00+00:00,3761.199951171875,3786.949951171875,3733.10009765625,3733.10009765625,35266,CUMMINSIND
2024-09-26 05:45:00+00:00,3751.35009765625,3770.0,3750.64990234375,3762.89990234375,21093,CUMMINSIND
2024-09-26 06:45:00+00:00,3757.800048828125,3761.050048828125,3751.25,3752.5,20133,CUMMINSIND
2024-09-26 07:45:00+00:00,3770.89990234375,3774.89990234375,3753.25,3756.699951171875,36054,CUMMINSIND
2024-09-26 08:45:00+00:00,3797.35009765625,3803.64990234375,3766.300048828125,3770.800048828125,71631,CUMMINSIND
2024-09-26 09:45:00+00:00,3794.199951171875,3798.85009765625,3782.10009765625,3796.89990234375,34958,CUMMINSIND
2024-09-27 03:45:00+00:00,3837.0,3842.35009765625,3783.449951171875,3809.949951171875,0,CUMMINSIND
2024-09-27 04:45:00+00:00,3848.64990234375,3857.0,3831.39990234375,3837.0,51960,CUMMINSIND
2024-09-27 05:45:00+00:00,3858.050048828125,3878.0,3842.5,3847.85009765625,63861,CUMMINSIND
2024-09-27 06:45:00+00:00,3843.199951171875,3864.800048828125,3841.050048828125,3859.89990234375,25374,CUMMINSIND
2024-09-27 07:45:00+00:00,3842.60009765625,3852.0,3836.0,3843.199951171875,15520,CUMMINSIND
2024-09-27 08:45:00+00:00,3867.699951171875,3877.449951171875,3842.0,3843.0,88060,CUMMINSIND
2024-09-27 09:45:00+00:00,3855.64990234375,3871.0,3855.64990234375,3871.0,42377,CUMMINSIND
2024-09-30 03:45:00+00:00,3834.949951171875,3875.0,3782.0,3860.0,0,CUMMINSIND
2024-09-30 04:45:00+00:00,3806.85009765625,3834.949951171875,3800.0,3834.949951171875,41794,CUMMINSIND
2024-09-30 05:45:00+00:00,3821.699951171875,3828.85009765625,3808.050048828125,3808.050048828125,15951,CUMMINSIND
2024-09-30 06:45:00+00:00,3799.199951171875,3825.35009765625,3795.60009765625,3821.699951171875,24228,CUMMINSIND
2024-09-30 07:45:00+00:00,3796.25,3823.14990234375,3792.199951171875,3799.199951171875,26202,CUMMINSIND
2024-09-30 08:45:00+00:00,3801.85009765625,3812.949951171875,3761.0,3794.75,147137,CUMMINSIND
2024-09-30 09:45:00+00:00,3806.050048828125,3816.64990234375,3790.949951171875,3801.800048828125,0,CUMMINSIND
2024-10-01 03:45:00+00:00,3835.050048828125,3849.89990234375,3814.10009765625,3849.89990234375,45806,CUMMINSIND
2024-10-01 04:45:00+00:00,3812.0,3837.699951171875,3805.0,3834.050048828125,24511,CUMMINSIND
2024-10-01 05:45:00+00:00,3836.35009765625,3840.0,3794.199951171875,3810.39990234375,31691,CUMMINSIND
2024-10-01 06:45:00+00:00,3858.0,3858.85009765625,3833.800048828125,3836.300048828125,30241,CUMMINSIND
2024-10-01 07:45:00+00:00,3878.35009765625,3891.699951171875,3856.5,3858.0,85172,CUMMINSIND
2024-10-01 08:45:00+00:00,3874.25,3880.60009765625,3861.39990234375,3878.300048828125,53149,CUMMINSIND
2024-10-01 09:45:00+00:00,3885.0,3885.199951171875,3874.550048828125,3875.0,31001,CUMMINSIND
2024-10-03 03:45:00+00:00,3810.10009765625,3843.25,3800.0,3800.0,70622,CUMMINSIND
2024-10-03 04:45:00+00:00,3781.89990234375,3818.0,3775.050048828125,3811.10009765625,28437,CUMMINSIND
2024-10-03 05:45:00+00:00,3727.949951171875,3784.35009765625,3726.0,3781.5,58174,CUMMINSIND
2024-10-03 06:45:00+00:00,3709.0,3734.39990234375,3696.14990234375,3727.949951171875,141071,CUMMINSIND
2024-10-03 07:45:00+00:00,3693.0,3709.25,3662.800048828125,3709.0,101238,CUMMINSIND
2024-10-03 08:45:00+00:00,3689.050048828125,3705.449951171875,3675.050048828125,3693.0,96986,CUMMINSIND
2024-10-03 09:45:00+00:00,3691.0,3692.85009765625,3669.050048828125,3689.050048828125,63264,CUMMINSIND
2024-10-04 03:45:00+00:00,3674.449951171875,3707.0,3612.699951171875,3680.89990234375,0,CUMMINSIND
2024-10-04 04:45:00+00:00,3674.89990234375,3696.0,3661.050048828125,3674.449951171875,58394,CUMMINSIND
2024-10-04 05:45:00+00:00,3691.89990234375,3699.949951171875,3651.89990234375,3672.300048828125,76360,CUMMINSIND
2024-10-04 06:45:00+00:00,3670.0,3694.949951171875,3658.64990234375,3691.89990234375,36887,CUMMINSIND
2024-10-04 07:45:00+00:00,3660.0,3676.64990234375,3646.550048828125,3670.14990234375,47791,CUMMINSIND
2024-10-04 08:45:00+00:00,3620.050048828125,3661.550048828125,3609.85009765625,3660.0,124735,CUMMINSIND
2024-10-04 09:45:00+00:00,3623.5,3634.949951171875,3620.300048828125,3621.050048828125,39216,CUMMINSIND
2024-10-07 03:45:00+00:00,3648.14990234375,3656.0,3590.050048828125,3601.050048828125,0,CUMMINSIND
2024-10-07 04:45:00+00:00,3561.25,3654.050048828125,3526.050048828125,3648.0,122991,CUMMINSIND
2024-10-07 05:45:00+00:00,3559.699951171875,3623.949951171875,3546.89990234375,3561.64990234375,77897,CUMMINSIND
2024-10-07 06:45:00+00:00,3579.050048828125,3580.64990234375,3538.050048828125,3559.699951171875,63674,CUMMINSIND
2024-10-07 07:45:00+00:00,3570.0,3597.449951171875,3568.0,3578.89990234375,42194,CUMMINSIND
2024-10-07 08:45:00+00:00,3600.0,3600.0,3567.050048828125,3570.14990234375,84311,CUMMINSIND
2024-10-07 09:45:00+00:00,3591.0,3605.0,3579.550048828125,3600.0,51857,CUMMINSIND
2024-10-08 03:45:00+00:00,3649.949951171875,3667.85009765625,3594.199951171875,3597.75,0,CUMMINSIND
2024-10-08 04:45:00+00:00,3702.14990234375,3703.449951171875,3653.0,3653.0,42415,CUMMINSIND
2024-10-08 05:45:00+00:00,3692.949951171875,3713.0,3668.10009765625,3701.39990234375,32082,CUMMINSIND
2024-10-08 06:45:00+00:00,3681.5,3695.300048828125,3660.39990234375,3689.949951171875,25464,CUMMINSIND
2024-10-08 07:45:00+00:00,3687.35009765625,3702.550048828125,3668.10009765625,3681.89990234375,23122,CUMMINSIND
2024-10-08 08:45:00+00:00,3710.0,3710.85009765625,3671.64990234375,3689.300048828125,59080,CUMMINSIND
2024-10-08 09:45:00+00:00,3725.0,3725.0,3708.550048828125,3709.0,39471,CUMMINSIND
2024-10-09 03:45:00+00:00,3750.0,3758.10009765625,3707.550048828125,3721.449951171875,49450,CUMMINSIND
2024-10-09 04:45:00+00:00,3805.0,3805.0,3745.0,3747.75,67858,CUMMINSIND
2024-10-09 05:45:00+00:00,3792.300048828125,3825.0,3777.0,3804.89990234375,52619,CUMMINSIND
2024-10-09 06:45:00+00:00,3791.10009765625,3800.800048828125,3778.85009765625,3792.699951171875,34704,CUMMINSIND
2024-10-09 07:45:00+00:00,3781.699951171875,3792.25,3776.35009765625,3789.949951171875,40171,CUMMINSIND
2024-10-09 08:45:00+00:00,3755.050048828125,3782.75,3750.050048828125,3782.75,47378,CUMMINSIND
2024-10-09 09:45:00+00:00,3761.800048828125,3779.64990234375,3750.0,3755.050048828125,30461,CUMMINSIND
2024-10-10 03:45:00+00:00,3793.25,3811.0,3770.14990234375,3770.14990234375,0,CUMMINSIND
2024-10-10 04:45:00+00:00,3782.949951171875,3800.0,3776.85009765625,3797.550048828125,16376,CUMMINSIND
2024-10-10 05:45:00+00:00,3787.35009765625,3803.800048828125,3784.0,3784.14990234375,30588,CUMMINSIND
2024-10-10 06:45:00+00:00,3768.25,3789.949951171875,3747.050048828125,3788.800048828125,24447,CUMMINSIND
2024-10-10 07:45:00+00:00,3777.75,3782.0,3759.10009765625,3766.39990234375,12098,CUMMINSIND
2024-10-10 08:45:00+00:00,3786.300048828125,3793.64990234375,3770.25,3777.699951171875,42329,CUMMINSIND
2024-10-10 09:45:00+00:00,3786.449951171875,3792.75,3778.75,3786.300048828125,23921,CUMMINSIND
2024-10-11 03:45:00+00:00,3586.14990234375,3705.35009765625,3578.0,3705.35009765625,437745,CUMMINSIND
2024-10-11 04:45:00+00:00,3591.35009765625,3617.14990234375,3565.300048828125,3586.64990234375,306381,CUMMINSIND
2024-10-11 05:45:00+00:00,3598.300048828125,3603.0,3570.25,3590.75,232653,CUMMINSIND
2024-10-11 06:45:00+00:00,3582.89990234375,3600.25,3571.800048828125,3598.5,155765,CUMMINSIND
2024-10-11 07:45:00+00:00,3580.39990234375,3586.800048828125,3570.449951171875,3582.89990234375,117625,CUMMINSIND
2024-10-11 08:45:00+00:00,3615.050048828125,3619.89990234375,3578.0,3580.39990234375,317396,CUMMINSIND
2024-10-11 09:45:00+00:00,3606.0,3621.800048828125,3606.0,3615.800048828125,97427,CUMMINSIND
2024-10-14 03:45:00+00:00,3603.449951171875,3640.800048828125,3589.5,3620.0,0,CUMMINSIND
2024-10-14 04:45:00+00:00,3610.25,3625.85009765625,3598.050048828125,3602.64990234375,42937,CUMMINSIND
2024-10-14 05:45:00+00:00,3613.5,3619.5,3601.949951171875,3610.0,33781,CUMMINSIND
2024-10-14 06:45:00+00:00,3623.199951171875,3629.949951171875,3607.5,3613.5,43157,CUMMINSIND
2024-10-14 07:45:00+00:00,3665.0,3686.0,3609.699951171875,3622.14990234375,167036,CUMMINSIND
2024-10-14 08:45:00+00:00,3669.60009765625,3672.0,3652.300048828125,3663.949951171875,172066,CUMMINSIND
2024-10-14 09:45:00+00:00,3667.800048828125,3676.85009765625,3665.199951171875,3669.550048828125,38948,CUMMINSIND
2024-10-15 03:45:00+00:00,3687.0,3709.0,3668.050048828125,3681.10009765625,0,CUMMINSIND
2024-10-15 04:45:00+00:00,3694.050048828125,3700.0,3673.75,3688.75,23513,CUMMINSIND
2024-10-15 05:45:00+00:00,3675.64990234375,3695.89990234375,3674.199951171875,3694.050048828125,18501,CUMMINSIND
2024-10-15 06:45:00+00:00,3652.949951171875,3681.0,3650.0,3676.300048828125,46336,CUMMINSIND
2024-10-15 07:45:00+00:00,3667.25,3675.10009765625,3649.64990234375,3652.64990234375,38676,CUMMINSIND
2024-10-15 08:45:00+00:00,3667.39990234375,3678.89990234375,3660.14990234375,3667.050048828125,53375,CUMMINSIND
2024-10-15 09:45:00+00:00,3658.75,3672.800048828125,3658.75,3667.199951171875,24761,CUMMINSIND
2024-10-16 03:45:00+00:00,3759.449951171875,3785.64990234375,3674.35009765625,3674.35009765625,0,CUMMINSIND
2024-10-16 04:45:00+00:00,3790.050048828125,3808.60009765625,3757.300048828125,3757.300048828125,229493,CUMMINSIND
2024-10-16 05:45:00+00:00,3814.800048828125,3827.0,3765.949951171875,3788.449951171875,179991,CUMMINSIND
2024-10-16 06:45:00+00:00,3838.0,3842.89990234375,3809.25,3814.699951171875,106726,CUMMINSIND
2024-10-16 07:45:00+00:00,3797.550048828125,3845.0,3792.300048828125,3838.0,113898,CUMMINSIND
2024-10-16 08:45:00+00:00,3797.85009765625,3804.300048828125,3789.0,3797.550048828125,134789,CUMMINSIND
2024-10-16 09:45:00+00:00,3798.39990234375,3799.949951171875,3793.449951171875,3797.0,53690,CUMMINSIND
2024-10-17 03:45:00+00:00,3745.300048828125,3829.89990234375,3726.0,3829.89990234375,0,CUMMINSIND
2024-10-17 04:45:00+00:00,3733.0,3760.0,3731.10009765625,3745.300048828125,25419,CUMMINSIND
2024-10-17 05:45:00+00:00,3723.39990234375,3737.449951171875,3711.10009765625,3731.300048828125,37536,CUMMINSIND
2024-10-17 06:45:00+00:00,3725.800048828125,3733.699951171875,3713.550048828125,3722.85009765625,26963,CUMMINSIND
2024-10-17 07:45:00+00:00,3707.85009765625,3729.35009765625,3705.0,3723.949951171875,36681,CUMMINSIND
2024-10-17 08:45:00+00:00,3695.550048828125,3716.949951171875,3683.10009765625,3708.0,68513,CUMMINSIND
2024-10-17 09:45:00+00:00,3692.0,3701.949951171875,3687.0,3695.050048828125,35559,CUMMINSIND
2024-10-18 03:45:00+00:00,3675.449951171875,3701.75,3640.050048828125,3687.10009765625,0,CUMMINSIND
2024-10-18 04:45:00+00:00,3682.0,3709.0,3660.199951171875,3675.35009765625,21603,CUMMINSIND
2024-10-18 05:45:00+00:00,3692.35009765625,3707.14990234375,3663.10009765625,3683.14990234375,20270,CUMMINSIND
2024-10-18 06:45:00+00:00,3687.89990234375,3711.0,3685.0,3691.949951171875,18370,CUMMINSIND
2024-10-18 07:45:00+00:00,3701.050048828125,3704.449951171875,3685.050048828125,3685.050048828125,13708,CUMMINSIND
2024-10-18 08:45:00+00:00,3710.449951171875,3715.5,3697.39990234375,3702.64990234375,57155,CUMMINSIND
2024-10-18 09:45:00+00:00,3711.89990234375,3714.550048828125,3693.85009765625,3709.10009765625,24592,CUMMINSIND
2024-10-21 03:45:00+00:00,3683.75,3731.89990234375,3666.10009765625,3726.699951171875,0,CUMMINSIND
2024-10-21 04:45:00+00:00,3707.14990234375,3713.5,3663.0,3685.35009765625,41174,CUMMINSIND
2024-10-21 05:45:00+00:00,3703.0,3736.949951171875,3700.550048828125,3706.949951171875,50141,CUMMINSIND
2024-10-21 06:45:00+00:00,3662.050048828125,3725.0,3645.0,3703.0,55001,CUMMINSIND
2024-10-21 07:45:00+00:00,3627.449951171875,3673.800048828125,3625.0,3660.699951171875,59460,CUMMINSIND
2024-10-21 08:45:00+00:00,3580.800048828125,3635.5,3569.050048828125,3625.14990234375,162239,CUMMINSIND
2024-10-21 09:45:00+00:00,3579.300048828125,3588.949951171875,3573.199951171875,3581.10009765625,32275,CUMMINSIND
2024-10-22 03:45:00+00:00,3586.5,3627.64990234375,3580.0,3591.35009765625,0,CUMMINSIND
2024-10-22 04:45:00+00:00,3578.0,3590.39990234375,3565.699951171875,3585.300048828125,27942,CUMMINSIND
2024-10-22 05:45:00+00:00,3567.699951171875,3585.0,3551.050048828125,3579.75,31023,CUMMINSIND
2024-10-22 06:45:00+00:00,3572.449951171875,3574.75,3552.0,3568.14990234375,19837,CUMMINSIND
2024-10-22 07:45:00+00:00,3581.89990234375,3592.699951171875,3563.89990234375,3573.699951171875,32795,CUMMINSIND
2024-10-22 08:45:00+00:00,3530.949951171875,3583.0,3530.550048828125,3582.050048828125,89204,CUMMINSIND
2024-10-22 09:45:00+00:00,3539.0,3544.0,3528.800048828125,3528.800048828125,42090,CUMMINSIND
2024-10-23 03:45:00+00:00,3528.25,3543.0,3459.5,3525.0,0,CUMMINSIND
2024-10-23 04:45:00+00:00,3514.14990234375,3539.0,3501.0,3529.75,44549,CUMMINSIND
2024-10-23 05:45:00+00:00,3484.75,3519.0,3480.75,3510.85009765625,45396,CUMMINSIND
2024-10-23 06:45:00+00:00,3472.949951171875,3510.0,3470.0,3484.0,44990,CUMMINSIND
2024-10-23 07:45:00+00:00,3452.35009765625,3488.0,3451.5,3472.699951171875,73896,CUMMINSIND
2024-10-23 08:45:00+00:00,3417.699951171875,3454.949951171875,3393.10009765625,3452.35009765625,187388,CUMMINSIND
2024-10-23 09:45:00+00:00,3428.89990234375,3429.89990234375,3404.89990234375,3416.25,31717,CUMMINSIND
2024-10-24 03:45:00+00:00,3416.14990234375,3442.050048828125,3377.39990234375,3429.75,80028,CUMMINSIND
2024-10-24 04:45:00+00:00,3390.800048828125,3423.14990234375,3388.10009765625,3418.14990234375,17559,CUMMINSIND
2024-10-24 05:45:00+00:00,3365.0,3397.050048828125,3359.0,3391.14990234375,40889,CUMMINSIND
2024-10-24 06:45:00+00:00,3393.949951171875,3404.0,3356.5,3365.0,19297,CUMMINSIND
2024-10-24 07:45:00+00:00,3402.60009765625,3419.699951171875,3386.39990234375,3393.949951171875,53202,CUMMINSIND
2024-10-24 08:45:00+00:00,3399.85009765625,3404.699951171875,3380.10009765625,3402.60009765625,40568,CUMMINSIND
2024-10-24 09:45:00+00:00,3403.85009765625,3415.0,3392.14990234375,3399.949951171875,22056,CUMMINSIND
2024-10-25 03:45:00+00:00,3349.75,3403.800048828125,3335.949951171875,3397.10009765625,0,CUMMINSIND
2024-10-25 04:45:00+00:00,3356.0,3377.949951171875,3311.199951171875,3347.85009765625,41545,CUMMINSIND
2024-10-25 05:45:00+00:00,3347.449951171875,3365.35009765625,3328.10009765625,3357.85009765625,32088,CUMMINSIND
2024-10-25 06:45:00+00:00,3378.25,3378.89990234375,3337.800048828125,3346.10009765625,32743,CUMMINSIND
2024-10-25 07:45:00+00:00,3344.25,3379.85009765625,3342.10009765625,3378.14990234375,21834,CUMMINSIND
2024-10-25 08:45:00+00:00,3370.550048828125,3372.10009765625,3332.199951171875,3344.25,35472,CUMMINSIND
2024-10-25 09:45:00+00:00,3370.14990234375,3388.25,3369.14990234375,3370.35009765625,24733,CUMMINSIND
2024-10-28 03:45:00+00:00,3347.550048828125,3394.39990234375,3328.10009765625,3379.39990234375,0,CUMMINSIND
2024-10-28 04:45:00+00:00,3411.89990234375,3430.64990234375,3347.5,3348.0,94201,CUMMINSIND
2024-10-28 05:45:00+00:00,3420.300048828125,3424.85009765625,3403.85009765625,3412.89990234375,79065,CUMMINSIND
2024-10-28 06:45:00+00:00,3414.800048828125,3441.75,3407.64990234375,3421.39990234375,105098,CUMMINSIND
2024-10-28 07:45:00+00:00,3413.10009765625,3437.949951171875,3407.550048828125,3415.60009765625,78115,CUMMINSIND
2024-10-28 08:45:00+00:00,3417.89990234375,3430.39990234375,3408.14990234375,3413.64990234375,91301,CUMMINSIND
2024-10-28 09:45:00+00:00,3419.10009765625,3424.800048828125,3411.0,3418.949951171875,0,CUMMINSIND
2024-10-29 03:45:00+00:00,3418.10009765625,3439.699951171875,3384.0,3419.800048828125,71336,CUMMINSIND
2024-10-29 04:45:00+00:00,3406.449951171875,3428.14990234375,3399.699951171875,3418.10009765625,23920,CUMMINSIND
2024-10-29 05:45:00+00:00,3441.550048828125,3446.550048828125,3403.75,3406.5,52413,CUMMINSIND
2024-10-29 06:45:00+00:00,3460.0,3474.75,3442.050048828125,3443.64990234375,55595,CUMMINSIND
2024-10-29 07:45:00+00:00,3466.449951171875,3471.699951171875,3433.0,3460.0,58742,CUMMINSIND
2024-10-29 08:45:00+00:00,3472.35009765625,3486.949951171875,3463.699951171875,3466.60009765625,133426,CUMMINSIND
2024-10-29 09:45:00+00:00,3474.25,3484.800048828125,3460.0,3472.35009765625,49889,CUMMINSIND
2024-10-30 03:45:00+00:00,3493.050048828125,3505.0,3454.050048828125,3461.25,0,CUMMINSIND
2024-10-30 04:45:00+00:00,3537.10009765625,3539.199951171875,3494.0,3494.0,53606,CUMMINSIND
2024-10-30 05:45:00+00:00,3517.449951171875,3542.0,3515.25,3538.949951171875,40975,CUMMINSIND
2024-10-30 06:45:00+00:00,3534.64990234375,3541.89990234375,3515.050048828125,3515.25,25511,CUMMINSIND
2024-10-30 07:45:00+00:00,3510.10009765625,3535.25,3505.949951171875,3534.0,52605,CUMMINSIND
2024-10-30 08:45:00+00:00,3516.39990234375,3536.5,3504.800048828125,3510.449951171875,95352,CUMMINSIND
2024-10-30 09:45:00+00:00,3511.5,3520.0,3485.300048828125,3517.449951171875,50999,CUMMINSIND
2024-10-31 03:45:00+00:00,3541.449951171875,3574.89990234375,3506.89990234375,3574.89990234375,0,CUMMINSIND
2024-10-31 04:45:00+00:00,3505.199951171875,3541.0,3495.949951171875,3541.0,88374,CUMMINSIND
2024-10-31 05:45:00+00:00,3512.39990234375,3518.75,3479.300048828125,3506.35009765625,65479,CUMMINSIND
2024-10-31 06:45:00+00:00,3470.300048828125,3518.550048828125,3467.0,3515.0,46728,CUMMINSIND
2024-10-31 07:45:00+00:00,3472.75,3497.85009765625,3461.550048828125,3470.0,58079,CUMMINSIND
2024-10-31 08:45:00+00:00,3504.85009765625,3509.60009765625,3472.800048828125,3474.39990234375,180879,CUMMINSIND
2024-10-31 09:45:00+00:00,3495.699951171875,3512.0,3482.0,3504.85009765625,124620,CUMMINSIND
2024-11-04 03:45:00+00:00,3492.25,3505.10009765625,3445.050048828125,3478.75,34272,CUMMINSIND
2024-11-04 04:45:00+00:00,3480.25,3495.0,3470.89990234375,3494.699951171875,37926,CUMMINSIND
2024-11-04 05:45:00+00:00,3473.39990234375,3486.60009765625,3461.85009765625,3480.300048828125,35676,CUMMINSIND
2024-11-04 06:45:00+00:00,3477.14990234375,3484.949951171875,3469.949951171875,3472.449951171875,80652,CUMMINSIND
2024-11-04 07:45:00+00:00,3494.39990234375,3505.300048828125,3471.85009765625,3477.60009765625,122718,CUMMINSIND
2024-11-04 08:45:00+00:00,3468.699951171875,3500.0,3463.64990234375,3495.89990234375,154113,CUMMINSIND
2024-11-04 09:45:00+00:00,3475.75,3505.0,3465.75,3468.449951171875,90606,CUMMINSIND
2024-11-05 03:45:00+00:00,3414.550048828125,3504.5,3412.800048828125,3461.300048828125,0,CUMMINSIND
2024-11-05 04:45:00+00:00,3442.5,3463.85009765625,3405.050048828125,3412.85009765625,73783,CUMMINSIND
2024-11-05 05:45:00+00:00,3436.199951171875,3469.550048828125,3430.10009765625,3445.60009765625,52125,CUMMINSIND
2024-11-05 06:45:00+00:00,3456.60009765625,3460.0,3430.25,3436.300048828125,43004,CUMMINSIND
2024-11-05 07:45:00+00:00,3475.800048828125,3493.050048828125,3446.300048828125,3456.550048828125,67406,CUMMINSIND
2024-11-05 08:45:00+00:00,3486.550048828125,3504.949951171875,3475.699951171875,3475.800048828125,56669,CUMMINSIND
2024-11-05 09:45:00+00:00,3476.39990234375,3493.85009765625,3469.75,3486.10009765625,31342,CUMMINSIND
2024-11-06 03:45:00+00:00,3566.25,3595.949951171875,3437.800048828125,3437.800048828125,0,CUMMINSIND
2024-11-06 04:45:00+00:00,3596.89990234375,3599.0,3544.0,3564.14990234375,102047,CUMMINSIND
2024-11-06 05:45:00+00:00,3625.10009765625,3632.85009765625,3588.10009765625,3595.0,149810,CUMMINSIND
2024-11-06 06:45:00+00:00,3595.85009765625,3628.14990234375,3579.10009765625,3626.300048828125,117076,CUMMINSIND
2024-11-06 07:45:00+00:00,3612.0,3617.89990234375,3588.050048828125,3596.14990234375,78116,CUMMINSIND
2024-11-06 08:45:00+00:00,3614.300048828125,3614.949951171875,3593.699951171875,3613.25,116186,CUMMINSIND
2024-11-06 09:45:00+00:00,3611.64990234375,3617.35009765625,3602.0,3611.64990234375,63173,CUMMINSIND
2024-11-07 03:45:00+00:00,3577.949951171875,3655.75,3572.64990234375,3599.949951171875,0,CUMMINSIND
2024-11-07 04:45:00+00:00,3565.89990234375,3594.0,3547.0,3579.0,51109,CUMMINSIND
2024-11-07 05:45:00+00:00,3576.25,3597.0,3559.75,3564.5,36466,CUMMINSIND
2024-11-07 06:45:00+00:00,3563.949951171875,3585.0,3545.0,3576.25,35770,CUMMINSIND
2024-11-07 07:45:00+00:00,3586.949951171875,3588.0,3545.300048828125,3563.949951171875,35137,CUMMINSIND
2024-11-07 08:45:00+00:00,3558.449951171875,3594.699951171875,3547.550048828125,3588.0,55818,CUMMINSIND
2024-11-07 09:45:00+00:00,3554.550048828125,3561.89990234375,3536.300048828125,3558.300048828125,35047,CUMMINSIND
2024-11-08 03:45:00+00:00,3511.949951171875,3618.949951171875,3481.0,3618.949951171875,550695,CUMMINSIND
2024-11-08 04:45:00+00:00,3532.949951171875,3559.699951171875,3488.0,3508.5,358428,CUMMINSIND
2024-11-08 05:45:00+00:00,3549.35009765625,3572.0,3530.0,3533.800048828125,279518,CUMMINSIND
2024-11-08 06:45:00+00:00,3675.0,3688.0,3548.85009765625,3548.85009765625,288302,CUMMINSIND
2024-11-08 07:45:00+00:00,3655.10009765625,3691.64990234375,3646.5,3675.0,157875,CUMMINSIND
2024-11-08 08:45:00+00:00,3650.0,3679.050048828125,3632.050048828125,3655.0,165082,CUMMINSIND
2024-11-08 09:45:00+00:00,3638.0,3652.949951171875,3628.64990234375,3650.699951171875,56879,CUMMINSIND
2024-11-11 03:45:00+00:00,3513.64990234375,3606.449951171875,3506.449951171875,3604.35009765625,0,CUMMINSIND
2024-11-11 04:45:00+00:00,3545.64990234375,3552.39990234375,3502.550048828125,3514.75,112983,CUMMINSIND
2024-11-11 05:45:00+00:00,3597.10009765625,3624.60009765625,3545.0,3545.0,192539,CUMMINSIND
2024-11-11 06:45:00+00:00,3602.0,3610.199951171875,3579.199951171875,3595.199951171875,60841,CUMMINSIND
2024-11-11 07:45:00+00:00,3597.449951171875,3606.89990234375,3585.050048828125,3602.5,58910,CUMMINSIND
2024-11-11 08:45:00+00:00,3603.449951171875,3617.85009765625,3586.14990234375,3597.449951171875,76609,CUMMINSIND
2024-11-11 09:45:00+00:00,3587.5,3609.0,3580.0,3602.0,37875,CUMMINSIND
2024-11-12 03:45:00+00:00,3567.10009765625,3643.5,3558.75,3581.050048828125,0,CUMMINSIND
2024-11-12 04:45:00+00:00,3493.0,3574.85009765625,3493.0,3567.10009765625,101068,CUMMINSIND
2024-11-12 05:45:00+00:00,3498.699951171875,3519.89990234375,3475.85009765625,3491.75,90013,CUMMINSIND
2024-11-12 06:45:00+00:00,3495.300048828125,3513.699951171875,3486.75,3498.699951171875,156550,CUMMINSIND
2024-11-12 07:45:00+00:00,3475.39990234375,3495.85009765625,3457.10009765625,3495.0,76867,CUMMINSIND
2024-11-12 08:45:00+00:00,3482.10009765625,3500.0,3472.550048828125,3474.39990234375,124165,CUMMINSIND
2024-11-12 09:45:00+00:00,3480.35009765625,3487.85009765625,3468.050048828125,3482.699951171875,82630,CUMMINSIND
2024-11-13 03:45:00+00:00,3412.550048828125,3495.89990234375,3411.550048828125,3472.550048828125,0,CUMMINSIND
2024-11-13 04:45:00+00:00,3402.14990234375,3427.0,3401.39990234375,3412.60009765625,88049,CUMMINSIND
2024-11-13 05:45:00+00:00,3363.550048828125,3409.949951171875,3353.050048828125,3402.35009765625,88893,CUMMINSIND
2024-11-13 06:45:00+00:00,3367.25,3379.89990234375,3353.0,3362.89990234375,94951,CUMMINSIND
2024-11-13 07:45:00+00:00,3354.89990234375,3386.199951171875,3352.0,3366.300048828125,209664,CUMMINSIND
2024-11-13 08:45:00+00:00,3327.10009765625,3356.0,3313.39990234375,3354.949951171875,141611,CUMMINSIND
2024-11-13 09:45:00+00:00,3326.050048828125,3341.39990234375,3316.800048828125,3327.10009765625,52336,CUMMINSIND
2024-11-14 03:45:00+00:00,3345.89990234375,3348.949951171875,3273.050048828125,3345.449951171875,0,CUMMINSIND
2024-11-14 04:45:00+00:00,3327.949951171875,3366.949951171875,3327.949951171875,3347.0,99291,CUMMINSIND
2024-11-14 05:45:00+00:00,3353.050048828125,3353.050048828125,3315.050048828125,3330.89990234375,70834,CUMMINSIND
2024-11-14 06:45:00+00:00,3365.14990234375,3378.949951171875,3345.85009765625,3352.39990234375,75890,CUMMINSIND
2024-11-14 07:45:00+00:00,3333.14990234375,3367.64990234375,3320.85009765625,3366.25,76863,CUMMINSIND
2024-11-14 08:45:00+00:00,3327.0,3340.0,3325.0,3333.14990234375,125500,CUMMINSIND
2024-11-14 09:45:00+00:00,3329.800048828125,3335.85009765625,3321.0,3326.75,69552,CUMMINSIND
2024-11-18 03:45:00+00:00,3328.5,3333.60009765625,3270.39990234375,3309.550048828125,0,CUMMINSIND
2024-11-18 04:45:00+00:00,3324.35009765625,3345.85009765625,3319.10009765625,3328.449951171875,101537,CUMMINSIND
2024-11-18 05:45:00+00:00,3349.5,3359.39990234375,3323.050048828125,3324.14990234375,86479,CUMMINSIND
2024-11-18 06:45:00+00:00,3342.25,3352.85009765625,3334.050048828125,3350.89990234375,132674,CUMMINSIND
2024-11-18 07:45:00+00:00,3340.39990234375,3346.449951171875,3328.949951171875,3342.25,76681,CUMMINSIND
2024-11-18 08:45:00+00:00,3344.050048828125,3362.5,3328.949951171875,3340.39990234375,256637,CUMMINSIND
2024-11-18 09:45:00+00:00,3352.550048828125,3368.0,3340.14990234375,3344.10009765625,79642,CUMMINSIND
2024-11-19 03:45:00+00:00,3382.85009765625,3394.60009765625,3353.75,3374.39990234375,0,CUMMINSIND
2024-11-19 04:45:00+00:00,3369.64990234375,3404.10009765625,3365.0,3384.14990234375,66693,CUMMINSIND
2024-11-19 05:45:00+00:00,3359.949951171875,3379.39990234375,3355.10009765625,3369.699951171875,32381,CUMMINSIND
2024-11-19 06:45:00+00:00,3365.89990234375,3371.949951171875,3359.25,3359.949951171875,29785,CUMMINSIND
2024-11-19 07:45:00+00:00,3348.60009765625,3369.949951171875,3346.699951171875,3365.89990234375,33854,CUMMINSIND
2024-11-19 08:45:00+00:00,3294.300048828125,3354.949951171875,3292.0,3350.0,103230,CUMMINSIND
2024-11-19 09:45:00+00:00,3301.25,3303.89990234375,3290.550048828125,3295.300048828125,33366,CUMMINSIND
2024-11-21 03:45:00+00:00,3267.25,3295.60009765625,3248.85009765625,3295.0,0,CUMMINSIND
2024-11-21 04:45:00+00:00,3287.75,3294.5,3265.300048828125,3268.25,90824,CUMMINSIND
2024-11-21 05:45:00+00:00,3294.14990234375,3310.0,3280.0,3288.300048828125,108534,CUMMINSIND
2024-11-21 06:45:00+00:00,3297.699951171875,3304.699951171875,3275.25,3295.0,49507,CUMMINSIND
2024-11-21 07:45:00+00:00,3287.550048828125,3301.0,3285.14990234375,3297.699951171875,34279,CUMMINSIND
2024-11-21 08:45:00+00:00,3282.10009765625,3298.0,3273.64990234375,3288.949951171875,74179,CUMMINSIND
2024-11-21 09:45:00+00:00,3282.25,3289.0,3271.199951171875,3282.25,47592,CUMMINSIND
2024-11-22 03:45:00+00:00,3288.25,3308.39990234375,3263.050048828125,3285.300048828125,0,CUMMINSIND
2024-11-22 04:45:00+00:00,3298.10009765625,3303.0,3276.449951171875,3288.75,60429,CUMMINSIND
2024-11-22 05:45:00+00:00,3298.89990234375,3307.300048828125,3295.25,3299.550048828125,100835,CUMMINSIND
2024-11-22 06:45:00+00:00,3308.25,3313.949951171875,3292.5,3297.10009765625,130612,CUMMINSIND
2024-11-22 07:45:00+00:00,3332.800048828125,3338.0,3303.5,3308.699951171875,177312,CUMMINSIND
2024-11-22 08:45:00+00:00,3314.300048828125,3337.39990234375,3312.85009765625,3332.39990234375,223181,CUMMINSIND
2024-11-22 09:45:00+00:00,3329.89990234375,3330.300048828125,3309.0,3314.14990234375,55903,CUMMINSIND
2024-11-25 03:45:00+00:00,3485.0,3488.89990234375,3390.89990234375,3390.89990234375,0,CUMMINSIND
2024-11-25 04:45:00+00:00,3501.64990234375,3506.75,3470.0,3485.0,68587,CUMMINSIND
2024-11-25 05:45:00+00:00,3548.39990234375,3548.39990234375,3489.300048828125,3501.64990234375,119664,CUMMINSIND
2024-11-25 06:45:00+00:00,3530.0,3549.0,3514.449951171875,3548.39990234375,107677,CUMMINSIND
2024-11-25 07:45:00+00:00,3527.0,3530.949951171875,3509.0,3530.0,59019,CUMMINSIND
2024-11-25 08:45:00+00:00,3542.85009765625,3542.85009765625,3516.0,3527.89990234375,282584,CUMMINSIND
2024-11-25 09:45:00+00:00,3535.85009765625,3544.199951171875,3525.14990234375,3543.64990234375,169531,CUMMINSIND
2024-11-26 03:45:00+00:00,3511.5,3556.14990234375,3508.75,3539.800048828125,0,CUMMINSIND
2024-11-26 04:45:00+00:00,3505.050048828125,3519.449951171875,3495.300048828125,3512.75,33610,CUMMINSIND
2024-11-26 05:45:00+00:00,3487.550048828125,3518.800048828125,3486.199951171875,3505.050048828125,51412,CUMMINSIND
2024-11-26 06:45:00+00:00,3494.550048828125,3498.75,3486.0,3487.5,32086,CUMMINSIND
2024-11-26 07:45:00+00:00,3488.949951171875,3498.0,3485.449951171875,3493.050048828125,28738,CUMMINSIND
2024-11-26 08:45:00+00:00,3463.89990234375,3489.199951171875,3459.449951171875,3487.75,62648,CUMMINSIND
2024-11-26 09:45:00+00:00,3475.0,3475.0,3456.800048828125,3462.800048828125,23496,CUMMINSIND
2024-11-27 03:45:00+00:00,3474.0,3497.800048828125,3425.64990234375,3497.800048828125,0,CUMMINSIND
2024-11-27 04:45:00+00:00,3448.64990234375,3476.050048828125,3436.60009765625,3474.0,58468,CUMMINSIND
2024-11-27 05:45:00+00:00,3486.300048828125,3490.0,3448.300048828125,3448.300048828125,33915,CUMMINSIND
2024-11-27 06:45:00+00:00,3483.300048828125,3497.89990234375,3479.89990234375,3487.60009765625,36951,CUMMINSIND
2024-11-27 07:45:00+00:00,3492.14990234375,3505.64990234375,3481.89990234375,3484.35009765625,23518,CUMMINSIND
2024-11-27 08:45:00+00:00,3502.10009765625,3505.0,3483.050048828125,3492.14990234375,63285,CUMMINSIND
2024-11-27 09:45:00+00:00,3500.699951171875,3504.949951171875,3485.550048828125,3503.39990234375,33140,CUMMINSIND
2024-11-28 03:45:00+00:00,3483.949951171875,3508.89990234375,3473.800048828125,3508.89990234375,0,CUMMINSIND
2024-11-28 04:45:00+00:00,3485.449951171875,3511.800048828125,3480.0,3483.949951171875,45707,CUMMINSIND
2024-11-28 05:45:00+00:00,3466.449951171875,3483.699951171875,3465.10009765625,3483.0,40242,CUMMINSIND
2024-11-28 06:45:00+00:00,3443.300048828125,3466.14990234375,3441.0,3466.14990234375,26874,CUMMINSIND
2024-11-28 07:45:00+00:00,3455.050048828125,3457.800048828125,3439.050048828125,3442.14990234375,43331,CUMMINSIND
2024-11-28 08:45:00+00:00,3486.0,3486.0,3448.39990234375,3453.35009765625,94224,CUMMINSIND
2024-11-28 09:45:00+00:00,3481.25,3490.75,3466.699951171875,3483.89990234375,31422,CUMMINSIND
2024-11-29 03:45:00+00:00,3483.0,3513.60009765625,3466.39990234375,3481.0,0,CUMMINSIND
2024-11-29 04:45:00+00:00,3485.85009765625,3499.699951171875,3480.39990234375,3483.0,24082,CUMMINSIND
2024-11-29 05:45:00+00:00,3469.300048828125,3493.5,3461.449951171875,3484.0,28561,CUMMINSIND
2024-11-29 06:45:00+00:00,3464.800048828125,3486.5,3462.699951171875,3468.5,40515,CUMMINSIND
2024-11-29 07:45:00+00:00,3480.800048828125,3490.050048828125,3462.0,3463.199951171875,56758,CUMMINSIND
2024-11-29 08:45:00+00:00,3483.25,3499.0,3477.449951171875,3480.800048828125,125671,CUMMINSIND
2024-11-29 09:45:00+00:00,3483.699951171875,3487.449951171875,3468.5,3483.5,83026,CUMMINSIND
2024-12-02 03:45:00+00:00,3454.10009765625,3487.85009765625,3446.949951171875,3452.0,0,CUMMINSIND
2024-12-02 04:45:00+00:00,3424.60009765625,3459.0,3415.199951171875,3454.85009765625,80353,CUMMINSIND
2024-12-02 05:45:00+00:00,3427.050048828125,3435.949951171875,3415.300048828125,3424.60009765625,68966,CUMMINSIND
2024-12-02 06:45:00+00:00,3430.550048828125,3443.5,3422.5,3427.0,77816,CUMMINSIND
2024-12-02 07:45:00+00:00,3423.25,3432.39990234375,3419.5,3429.699951171875,71327,CUMMINSIND
2024-12-02 08:45:00+00:00,3429.75,3445.0,3423.050048828125,3424.0,135526,CUMMINSIND
2024-12-02 09:45:00+00:00,3432.800048828125,3433.75,3428.050048828125,3430.0,60916,CUMMINSIND
2024-12-03 03:45:00+00:00,3496.89990234375,3501.0,3437.64990234375,3453.25,0,CUMMINSIND
2024-12-03 04:45:00+00:00,3531.64990234375,3539.35009765625,3490.85009765625,3496.89990234375,117548,CUMMINSIND
2024-12-03 05:45:00+00:00,3512.949951171875,3547.949951171875,3498.14990234375,3531.64990234375,118785,CUMMINSIND
2024-12-03 06:45:00+00:00,3510.10009765625,3524.449951171875,3504.300048828125,3512.89990234375,82321,CUMMINSIND
2024-12-03 07:45:00+00:00,3505.25,3527.050048828125,3504.199951171875,3510.550048828125,85589,CUMMINSIND
2024-12-03 08:45:00+00:00,3510.949951171875,3512.449951171875,3499.0,3505.300048828125,110702,CUMMINSIND
2024-12-03 09:45:00+00:00,3512.300048828125,3528.699951171875,3509.050048828125,3510.199951171875,57348,CUMMINSIND
2024-12-04 03:45:00+00:00,3534.35009765625,3557.800048828125,3521.64990234375,3531.75,0,CUMMINSIND
2024-12-04 04:45:00+00:00,3576.949951171875,3578.85009765625,3522.89990234375,3534.39990234375,84910,CUMMINSIND
2024-12-04 05:45:00+00:00,3536.0,3578.64990234375,3518.14990234375,3577.35009765625,61854,CUMMINSIND
2024-12-04 06:45:00+00:00,3538.75,3548.300048828125,3520.199951171875,3536.0,80310,CUMMINSIND
2024-12-04 07:45:00+00:00,3541.89990234375,3546.0,3534.14990234375,3538.5,28567,CUMMINSIND
2024-12-04 08:45:00+00:00,3544.949951171875,3549.949951171875,3528.0,3542.0,92633,CUMMINSIND
2024-12-04 09:45:00+00:00,3538.0,3551.050048828125,3536.14990234375,3545.0,36937,CUMMINSIND
2024-12-05 03:45:00+00:00,3497.449951171875,3551.60009765625,3495.0,3545.050048828125,0,CUMMINSIND
2024-12-05 04:45:00+00:00,3449.10009765625,3499.449951171875,3445.0,3496.89990234375,69077,CUMMINSIND
2024-12-05 05:45:00+00:00,3459.949951171875,3472.949951171875,3439.0,3447.5,87385,CUMMINSIND
2024-12-05 06:45:00+00:00,3446.949951171875,3470.0,3441.0,3461.0,70309,CUMMINSIND
2024-12-05 07:45:00+00:00,3456.199951171875,3457.89990234375,3437.0,3447.050048828125,92448,CUMMINSIND
2024-12-05 08:45:00+00:00,3457.35009765625,3472.75,3435.050048828125,3456.64990234375,119790,CUMMINSIND
2024-12-05 09:45:00+00:00,3460.0,3463.050048828125,3456.550048828125,3456.60009765625,31621,CUMMINSIND
2024-12-06 03:45:00+00:00,3479.85009765625,3497.0,3456.0,3470.0,0,CUMMINSIND
2024-12-06 04:45:00+00:00,3470.60009765625,3494.25,3467.0,3479.85009765625,35752,CUMMINSIND
2024-12-06 05:45:00+00:00,3464.300048828125,3472.449951171875,3455.60009765625,3468.949951171875,33067,CUMMINSIND
2024-12-06 06:45:00+00:00,3478.800048828125,3481.0,3459.14990234375,3464.699951171875,20665,CUMMINSIND
2024-12-06 07:45:00+00:00,3482.89990234375,3483.949951171875,3472.35009765625,3479.5,14628,CUMMINSIND
2024-12-06 08:45:00+00:00,3462.85009765625,3488.0,3462.0,3482.89990234375,35323,CUMMINSIND
2024-12-06 09:45:00+00:00,3465.0,3470.0,3460.0,3462.85009765625,43216,CUMMINSIND
2024-12-09 03:45:00+00:00,3483.85009765625,3503.89990234375,3467.25,3476.60009765625,0,CUMMINSIND
2024-12-09 04:45:00+00:00,3508.199951171875,3508.199951171875,3482.0,3482.800048828125,13967,CUMMINSIND
2024-12-09 05:45:00+00:00,3513.0,3517.300048828125,3505.0,3508.199951171875,19800,CUMMINSIND
2024-12-09 06:45:00+00:00,3504.0,3513.89990234375,3498.35009765625,3513.0,19709,CUMMINSIND
2024-12-09 07:45:00+00:00,3511.300048828125,3514.0,3501.14990234375,3504.0,16675,CUMMINSIND
2024-12-09 08:45:00+00:00,3508.949951171875,3515.0,3505.60009765625,3511.300048828125,48313,CUMMINSIND
2024-12-09 09:45:00+00:00,3509.14990234375,3510.64990234375,3498.60009765625,3508.949951171875,32440,CUMMINSIND
2024-12-10 03:45:00+00:00,3510.050048828125,3522.0,3502.550048828125,3520.949951171875,0,CUMMINSIND
2024-12-10 04:45:00+00:00,3540.0,3544.0,3505.25,3509.199951171875,45760,CUMMINSIND
2024-12-10 05:45:00+00:00,3544.550048828125,3547.60009765625,3535.0,3540.0,27349,CUMMINSIND
2024-12-10 06:45:00+00:00,3527.75,3543.10009765625,3522.35009765625,3543.10009765625,23441,CUMMINSIND
2024-12-10 07:45:00+00:00,3527.14990234375,3531.699951171875,3521.10009765625,3529.14990234375,16517,CUMMINSIND
2024-12-10 08:45:00+00:00,3523.949951171875,3537.10009765625,3521.050048828125,3526.199951171875,54863,CUMMINSIND
2024-12-10 09:45:00+00:00,3526.199951171875,3528.449951171875,3514.449951171875,3524.0,34763,CUMMINSIND
2024-12-11 03:45:00+00:00,3555.0,3572.0,3525.699951171875,3528.949951171875,0,CUMMINSIND
2024-12-11 04:45:00+00:00,3612.050048828125,3612.050048828125,3553.050048828125,3556.35009765625,111044,CUMMINSIND
2024-12-11 05:45:00+00:00,3636.0,3647.800048828125,3605.050048828125,3612.0,98644,CUMMINSIND
2024-12-11 06:45:00+00:00,3622.75,3637.5,3618.0,3637.199951171875,55459,CUMMINSIND
2024-12-11 07:45:00+00:00,3615.0,3630.300048828125,3612.0,3622.75,43780,CUMMINSIND
2024-12-11 08:45:00+00:00,3612.89990234375,3617.35009765625,3600.0,3615.35009765625,76890,CUMMINSIND
2024-12-11 09:45:00+00:00,3597.10009765625,3616.199951171875,3597.10009765625,3612.199951171875,82460,CUMMINSIND
2024-12-12 03:45:00+00:00,3639.0,3644.199951171875,3601.0,3618.39990234375,0,CUMMINSIND
2024-12-12 04:45:00+00:00,3626.10009765625,3640.300048828125,3612.0,3636.14990234375,34301,CUMMINSIND
2024-12-12 05:45:00+00:00,3609.14990234375,3630.0,3603.300048828125,3624.0,22961,CUMMINSIND
2024-12-12 06:45:00+00:00,3595.64990234375,3609.64990234375,3588.10009765625,3609.14990234375,45233,CUMMINSIND
2024-12-12 07:45:00+00:00,3623.449951171875,3628.85009765625,3592.949951171875,3593.449951171875,68497,CUMMINSIND
2024-12-12 08:45:00+00:00,3609.5,3626.449951171875,3606.60009765625,3622.64990234375,67317,CUMMINSIND
2024-12-12 09:45:00+00:00,3611.60009765625,3611.949951171875,3596.550048828125,3609.5,32617,CUMMINSIND
2024-12-13 03:45:00+00:00,3565.0,3629.949951171875,3528.75,3609.75,0,CUMMINSIND
2024-12-13 04:45:00+00:00,3577.550048828125,3588.0,3546.5,3565.64990234375,42209,CUMMINSIND
2024-12-13 05:45:00+00:00,3569.0,3577.550048828125,3542.10009765625,3577.550048828125,42518,CUMMINSIND
2024-12-13 06:45:00+00:00,3590.60009765625,3595.35009765625,3556.14990234375,3570.0,26139,CUMMINSIND
2024-12-13 07:45:00+00:00,3582.64990234375,3595.0,3576.35009765625,3589.050048828125,22425,CUMMINSIND
2024-12-13 08:45:00+00:00,3601.5,3601.5,3580.0,3582.10009765625,32497,CUMMINSIND
2024-12-13 09:45:00+00:00,3605.699951171875,3610.0,3598.35009765625,3602.14990234375,21428,CUMMINSIND
2024-12-16 03:45:00+00:00,3617.550048828125,3635.0,3598.0,3619.949951171875,0,CUMMINSIND
2024-12-16 04:45:00+00:00,3638.5,3650.0,3606.199951171875,3617.699951171875,62611,CUMMINSIND
2024-12-16 05:45:00+00:00,3645.60009765625,3658.800048828125,3630.199951171875,3636.25,59276,CUMMINSIND
2024-12-16 06:45:00+00:00,3674.39990234375,3682.0,3645.0,3646.800048828125,79718,CUMMINSIND
2024-12-16 07:45:00+00:00,3674.5,3681.699951171875,3666.800048828125,3675.10009765625,45061,CUMMINSIND
2024-12-16 08:45:00+00:00,3671.35009765625,3678.89990234375,3662.050048828125,3675.199951171875,46827,CUMMINSIND
2024-12-16 09:45:00+00:00,3671.35009765625,3674.949951171875,3662.199951171875,3671.14990234375,32414,CUMMINSIND
2024-12-17 03:45:00+00:00,3668.0,3691.0,3647.89990234375,3676.14990234375,0,CUMMINSIND
2024-12-17 04:45:00+00:00,3620.449951171875,3668.0,3617.199951171875,3666.800048828125,71052,CUMMINSIND
2024-12-17 05:45:00+00:00,3610.85009765625,3624.300048828125,3603.14990234375,3620.5,54111,CUMMINSIND
2024-12-17 06:45:00+00:00,3603.64990234375,3620.5,3603.0,3610.949951171875,38043,CUMMINSIND
2024-12-17 07:45:00+00:00,3566.449951171875,3605.449951171875,3563.89990234375,3603.64990234375,59630,CUMMINSIND
2024-12-17 08:45:00+00:00,3548.449951171875,3568.25,3544.0,3567.0,92210,CUMMINSIND
2024-12-17 09:45:00+00:00,3520.0,3548.449951171875,3518.050048828125,3548.449951171875,76538,CUMMINSIND
2024-12-18 03:45:00+00:00,3512.14990234375,3551.449951171875,3505.75,3551.449951171875,60200,CUMMINSIND
2024-12-18 04:45:00+00:00,3535.60009765625,3550.0,3510.0,3512.14990234375,34317,CUMMINSIND
2024-12-18 05:45:00+00:00,3526.60009765625,3539.89990234375,3518.39990234375,3533.85009765625,37896,CUMMINSIND
2024-12-18 06:45:00+00:00,3511.39990234375,3534.85009765625,3502.699951171875,3527.550048828125,46978,CUMMINSIND
2024-12-18 07:45:00+00:00,3509.800048828125,3516.5,3502.39990234375,3510.14990234375,39768,CUMMINSIND
2024-12-18 08:45:00+00:00,3527.5,3531.300048828125,3506.39990234375,3509.800048828125,62166,CUMMINSIND
2024-12-18 09:45:00+00:00,3526.300048828125,3535.0,3520.85009765625,3523.89990234375,43068,CUMMINSIND
2024-12-19 03:45:00+00:00,3447.60009765625,3473.0,3431.5,3456.050048828125,0,CUMMINSIND
2024-12-19 04:45:00+00:00,3402.050048828125,3448.0,3399.89990234375,3446.0,59903,CUMMINSIND
2024-12-19 05:45:00+00:00,3408.25,3421.5,3400.050048828125,3401.449951171875,72669,CUMMINSIND
2024-12-19 06:45:00+00:00,3397.64990234375,3420.0,3393.35009765625,3408.25,192971,CUMMINSIND
2024-12-19 07:45:00+00:00,3379.89990234375,3402.449951171875,3377.10009765625,3397.64990234375,90133,CUMMINSIND
2024-12-19 08:45:00+00:00,3347.75,3381.5,3343.449951171875,3379.89990234375,229585,CUMMINSIND
2024-12-19 09:45:00+00:00,3357.64990234375,3370.800048828125,3347.64990234375,3347.75,144663,CUMMINSIND
2024-12-20 03:45:00+00:00,3387.449951171875,3406.550048828125,3364.300048828125,3368.800048828125,0,CUMMINSIND
2024-12-20 04:45:00+00:00,3394.949951171875,3401.699951171875,3376.39990234375,3385.85009765625,70254,CUMMINSIND
2024-12-20 05:45:00+00:00,3396.550048828125,3407.0,3392.60009765625,3397.300048828125,54509,CUMMINSIND
2024-12-20 06:45:00+00:00,3345.0,3398.35009765625,3328.60009765625,3398.35009765625,129219,CUMMINSIND
2024-12-20 07:45:00+00:00,3318.949951171875,3346.89990234375,3313.949951171875,3346.39990234375,50773,CUMMINSIND
2024-12-20 08:45:00+00:00,3305.75,3329.60009765625,3304.050048828125,3318.89990234375,164425,CUMMINSIND
2024-12-20 09:45:00+00:00,3310.0,3321.85009765625,3305.0,3305.550048828125,74931,CUMMINSIND
2024-12-23 03:45:00+00:00,3338.14990234375,3348.60009765625,3301.60009765625,3328.050048828125,0,CUMMINSIND
2024-12-23 04:45:00+00:00,3367.89990234375,3375.5,3335.699951171875,3339.199951171875,33742,CUMMINSIND
2024-12-23 05:45:00+00:00,3381.14990234375,3398.949951171875,3367.199951171875,3368.449951171875,28319,CUMMINSIND
2024-12-23 06:45:00+00:00,3375.0,3390.0,3363.699951171875,3381.14990234375,23747,CUMMINSIND
2024-12-23 07:45:00+00:00,3369.199951171875,3386.64990234375,3360.25,3376.10009765625,29743,CUMMINSIND
2024-12-23 08:45:00+00:00,3360.550048828125,3379.60009765625,3360.550048828125,3371.5,29991,CUMMINSIND
2024-12-23 09:45:00+00:00,3358.0,3368.949951171875,3355.0,3361.199951171875,21252,CUMMINSIND
2024-12-24 03:45:00+00:00,3352.800048828125,3360.949951171875,3330.64990234375,3359.39990234375,0,CUMMINSIND
2024-12-24 04:45:00+00:00,3348.050048828125,3373.300048828125,3345.449951171875,3352.300048828125,28309,CUMMINSIND
2024-12-24 05:45:00+00:00,3390.39990234375,3395.949951171875,3345.0,3348.14990234375,44782,CUMMINSIND
2024-12-24 06:45:00+00:00,3361.300048828125,3395.89990234375,3358.050048828125,3390.0,126624,CUMMINSIND
2024-12-24 07:45:00+00:00,3371.0,3376.800048828125,3358.64990234375,3361.199951171875,26892,CUMMINSIND
2024-12-24 08:45:00+00:00,3379.300048828125,3384.449951171875,3357.10009765625,3371.0,45240,CUMMINSIND
2024-12-24 09:45:00+00:00,3364.89990234375,3381.550048828125,3361.10009765625,3379.300048828125,18268,CUMMINSIND
2024-12-26 03:45:00+00:00,3256.85009765625,3391.0,3247.449951171875,3391.0,0,CUMMINSIND
2024-12-26 04:45:00+00:00,3204.949951171875,3262.949951171875,3200.0,3256.89990234375,348165,CUMMINSIND
2024-12-26 05:45:00+00:00,3195.0,3229.949951171875,3180.85009765625,3204.949951171875,436543,CUMMINSIND
2024-12-26 06:45:00+00:00,3268.0,3269.0,3186.050048828125,3195.050048828125,420603,CUMMINSIND
2024-12-26 07:45:00+00:00,3321.0,3348.699951171875,3260.14990234375,3267.14990234375,404384,CUMMINSIND
2024-12-26 08:45:00+00:00,3367.949951171875,3371.949951171875,3318.89990234375,3321.14990234375,302525,CUMMINSIND
2024-12-26 09:45:00+00:00,3355.0,3374.5,3350.0,3367.949951171875,68130,CUMMINSIND
2024-12-27 03:45:00+00:00,3373.25,3398.050048828125,3350.10009765625,3350.10009765625,0,CUMMINSIND
2024-12-27 04:45:00+00:00,3333.39990234375,3375.199951171875,3326.949951171875,3371.39990234375,30835,CUMMINSIND
2024-12-27 05:45:00+00:00,3307.0,3334.39990234375,3303.550048828125,3332.10009765625,19349,CUMMINSIND
2024-12-27 06:45:00+00:00,3324.300048828125,3332.5,3304.64990234375,3304.85009765625,23682,CUMMINSIND
2024-12-27 07:45:00+00:00,3333.449951171875,3343.0,3317.0,3323.949951171875,38821,CUMMINSIND
2024-12-27 08:45:00+00:00,3300.949951171875,3335.35009765625,3289.300048828125,3333.199951171875,142947,CUMMINSIND
2024-12-27 09:45:00+00:00,3304.050048828125,3310.39990234375,3301.0,3301.25,25359,CUMMINSIND
2024-12-30 03:45:00+00:00,3254.64990234375,3302.800048828125,3248.39990234375,3277.35009765625,0,CUMMINSIND
2024-12-30 04:45:00+00:00,3255.39990234375,3273.949951171875,3242.35009765625,3254.64990234375,136242,CUMMINSIND
2024-12-30 05:45:00+00:00,3253.949951171875,3265.949951171875,3239.85009765625,3255.10009765625,129422,CUMMINSIND
2024-12-30 06:45:00+00:00,3246.800048828125,3255.39990234375,3227.25,3252.0,84607,CUMMINSIND
2024-12-30 07:45:00+00:00,3220.5,3253.39990234375,3217.60009765625,3246.800048828125,92402,CUMMINSIND
2024-12-30 08:45:00+00:00,3216.25,3234.0,3201.199951171875,3219.14990234375,1252509,CUMMINSIND
2024-12-30 09:45:00+00:00,3220.949951171875,3247.64990234375,3204.10009765625,3216.25,726019,CUMMINSIND
2024-12-31 03:45:00+00:00,3232.35009765625,3279.85009765625,3224.14990234375,3230.0,0,CUMMINSIND
2024-12-31 04:45:00+00:00,3249.14990234375,3259.699951171875,3231.300048828125,3231.300048828125,58160,CUMMINSIND
2024-12-31 05:45:00+00:00,3258.39990234375,3262.0,3230.0,3250.89990234375,50917,CUMMINSIND
2024-12-31 06:45:00+00:00,3284.75,3288.35009765625,3258.39990234375,3258.449951171875,60447,CUMMINSIND
2024-12-31 07:45:00+00:00,3304.800048828125,3307.5,3282.35009765625,3285.35009765625,60017,CUMMINSIND
2024-12-31 08:45:00+00:00,3288.199951171875,3308.0,3283.0,3305.050048828125,86686,CUMMINSIND
2024-12-31 09:45:00+00:00,3274.0,3290.5,3259.35009765625,3287.800048828125,130958,CUMMINSIND
2025-01-01 03:45:00+00:00,3231.85009765625,3272.64990234375,3226.0,3272.64990234375,0,CUMMINSIND
2025-01-01 04:45:00+00:00,3240.25,3245.35009765625,3231.199951171875,3231.75,23777,CUMMINSIND
2025-01-01 05:45:00+00:00,3231.300048828125,3245.39990234375,3225.75,3240.25,48141,CUMMINSIND
2025-01-01 06:45:00+00:00,3229.25,3235.949951171875,3229.050048828125,3230.10009765625,23120,CUMMINSIND
2025-01-01 07:45:00+00:00,3234.800048828125,3236.199951171875,3228.199951171875,3230.35009765625,18057,CUMMINSIND
2025-01-01 08:45:00+00:00,3233.64990234375,3239.699951171875,3231.85009765625,3233.39990234375,49368,CUMMINSIND
2025-01-01 09:45:00+00:00,3230.5,3236.300048828125,3224.39990234375,3233.5,55091,CUMMINSIND
2025-01-02 03:45:00+00:00,3208.85009765625,3240.550048828125,3204.199951171875,3240.550048828125,0,CUMMINSIND
2025-01-02 04:45:00+00:00,3200.050048828125,3222.39990234375,3192.949951171875,3210.25,107878,CUMMINSIND
2025-01-02 05:45:00+00:00,3211.300048828125,3214.0,3195.0,3200.050048828125,203519,CUMMINSIND
2025-01-02 06:45:00+00:00,3213.0,3221.949951171875,3204.550048828125,3211.300048828125,87880,CUMMINSIND
2025-01-02 07:45:00+00:00,3238.949951171875,3244.35009765625,3213.0,3213.35009765625,116904,CUMMINSIND
2025-01-02 08:45:00+00:00,3252.449951171875,3257.0,3239.300048828125,3239.35009765625,141013,CUMMINSIND
2025-01-02 09:45:00+00:00,3265.0,3274.0,3251.89990234375,3251.89990234375,133976,CUMMINSIND
2025-01-03 03:45:00+00:00,3256.0,3298.949951171875,3252.550048828125,3285.050048828125,0,CUMMINSIND
2025-01-03 04:45:00+00:00,3228.699951171875,3260.64990234375,3224.0,3255.39990234375,77886,CUMMINSIND
2025-01-03 05:45:00+00:00,3219.14990234375,3249.39990234375,3215.0,3228.699951171875,132792,CUMMINSIND
2025-01-03 06:45:00+00:00,3210.85009765625,3226.60009765625,3210.0,3219.10009765625,155444,CUMMINSIND
2025-01-03 07:45:00+00:00,3203.800048828125,3213.300048828125,3200.0,3212.64990234375,88900,CUMMINSIND
2025-01-03 08:45:00+00:00,3215.050048828125,3219.449951171875,3200.300048828125,3203.0,129587,CUMMINSIND
2025-01-03 09:45:00+00:00,3220.10009765625,3222.0,3213.050048828125,3215.0,82356,CUMMINSIND
2025-01-06 03:45:00+00:00,3209.64990234375,3238.800048828125,3184.5,3232.949951171875,0,CUMMINSIND
2025-01-06 04:45:00+00:00,3166.199951171875,3213.89990234375,3161.89990234375,3209.60009765625,211406,CUMMINSIND
2025-01-06 05:45:00+00:00,3188.25,3196.25,3167.949951171875,3168.050048828125,137052,CUMMINSIND
2025-01-06 06:45:00+00:00,3190.0,3202.0,3184.800048828125,3189.300048828125,85150,CUMMINSIND
2025-01-06 07:45:00+00:00,3169.0,3190.199951171875,3164.0,3190.0,150047,CUMMINSIND
2025-01-06 08:45:00+00:00,3169.10009765625,3186.85009765625,3151.800048828125,3169.050048828125,185533,CUMMINSIND
2025-01-06 09:45:00+00:00,3176.0,3176.550048828125,3167.14990234375,3169.14990234375,88769,CUMMINSIND
2025-01-07 03:45:00+00:00,3180.0,3227.949951171875,3160.0,3176.14990234375,0,CUMMINSIND
2025-01-07 04:45:00+00:00,3181.60009765625,3196.949951171875,3167.85009765625,3180.050048828125,74201,CUMMINSIND
2025-01-07 05:45:00+00:00,3155.949951171875,3189.85009765625,3152.5,3182.39990234375,109253,CUMMINSIND
2025-01-07 06:45:00+00:00,3173.449951171875,3183.699951171875,3152.35009765625,3154.89990234375,60347,CUMMINSIND
2025-01-07 07:45:00+00:00,3165.10009765625,3186.0,3158.050048828125,3173.75,67122,CUMMINSIND
2025-01-07 08:45:00+00:00,3163.0,3169.949951171875,3160.0,3165.0,104698,CUMMINSIND
2025-01-07 09:45:00+00:00,3165.699951171875,3166.64990234375,3162.85009765625,3163.0,63730,CUMMINSIND
2025-01-08 03:45:00+00:00,3178.35009765625,3195.949951171875,3150.300048828125,3188.800048828125,0,CUMMINSIND
2025-01-08 04:45:00+00:00,3155.449951171875,3182.35009765625,3153.75,3178.0,43144,CUMMINSIND
2025-01-08 05:45:00+00:00,3127.0,3163.75,3121.85009765625,3155.550048828125,98022,CUMMINSIND
2025-01-08 06:45:00+00:00,3144.25,3147.199951171875,3124.800048828125,3127.10009765625,38137,CUMMINSIND
2025-01-08 07:45:00+00:00,3161.050048828125,3166.0,3134.60009765625,3144.5,96044,CUMMINSIND
2025-01-08 08:45:00+00:00,3165.35009765625,3172.949951171875,3153.050048828125,3161.25,70808,CUMMINSIND
2025-01-08 09:45:00+00:00,3158.550048828125,3170.89990234375,3157.0,3166.10009765625,37465,CUMMINSIND
2025-01-09 03:45:00+00:00,3151.550048828125,3166.699951171875,3132.5,3165.949951171875,0,CUMMINSIND
2025-01-09 04:45:00+00:00,3138.800048828125,3166.550048828125,3127.60009765625,3155.949951171875,157918,CUMMINSIND
2025-01-09 05:45:00+00:00,3138.64990234375,3155.699951171875,3135.60009765625,3138.35009765625,76985,CUMMINSIND
2025-01-09 06:45:00+00:00,3135.300048828125,3148.85009765625,3124.14990234375,3140.0,76165,CUMMINSIND
2025-01-09 07:45:00+00:00,3097.0,3136.699951171875,3088.699951171875,3135.800048828125,242133,CUMMINSIND
2025-01-09 08:45:00+00:00,3105.14990234375,3122.0,3089.5,3097.0,124829,CUMMINSIND
2025-01-09 09:45:00+00:00,3108.5,3115.0,3098.25,3105.949951171875,53123,CUMMINSIND
2025-01-10 03:45:00+00:00,3050.0,3105.85009765625,3031.14990234375,3100.14990234375,0,CUMMINSIND
2025-01-10 04:45:00+00:00,3054.949951171875,3058.25,3040.89990234375,3050.10009765625,120603,CUMMINSIND
2025-01-10 05:45:00+00:00,3035.60009765625,3060.0,3035.14990234375,3055.449951171875,87889,CUMMINSIND
2025-01-10 06:45:00+00:00,3035.89990234375,3042.550048828125,3030.0,3036.35009765625,74845,CUMMINSIND
2025-01-10 07:45:00+00:00,3011.050048828125,3040.0,3011.050048828125,3034.35009765625,76321,CUMMINSIND
2025-01-10 08:45:00+00:00,2998.949951171875,3017.0,2993.449951171875,3011.39990234375,138148,CUMMINSIND
2025-01-10 09:45:00+00:00,2990.0,3008.949951171875,2989.39990234375,2999.050048828125,51785,CUMMINSIND
2025-01-13 03:45:00+00:00,2972.949951171875,2987.5,2943.0,2972.0,0,CUMMINSIND
2025-01-13 04:45:00+00:00,2941.300048828125,2975.0,2935.050048828125,2974.5,55479,CUMMINSIND
2025-01-13 05:45:00+00:00,2915.550048828125,2947.449951171875,2915.14990234375,2941.25,83427,CUMMINSIND
2025-01-13 06:45:00+00:00,2910.550048828125,2933.949951171875,2902.75,2915.25,104315,CUMMINSIND
2025-01-13 07:45:00+00:00,2878.800048828125,2912.449951171875,2871.89990234375,2911.050048828125,58948,CUMMINSIND
2025-01-13 08:45:00+00:00,2873.949951171875,2886.5,2853.64990234375,2877.5,135643,CUMMINSIND
2025-01-13 09:45:00+00:00,2873.35009765625,2881.60009765625,2861.10009765625,2873.199951171875,76069,CUMMINSIND
2025-01-14 03:45:00+00:00,2904.699951171875,2935.39990234375,2894.699951171875,2905.949951171875,0,CUMMINSIND
2025-01-14 04:45:00+00:00,2915.60009765625,2920.10009765625,2894.800048828125,2903.5,41952,CUMMINSIND
2025-01-14 05:45:00+00:00,2907.35009765625,2918.64990234375,2898.199951171875,2916.25,40400,CUMMINSIND
2025-01-14 06:45:00+00:00,2910.949951171875,2915.5,2900.14990234375,2907.550048828125,51450,CUMMINSIND
2025-01-14 07:45:00+00:00,2930.89990234375,2936.60009765625,2907.85009765625,2911.35009765625,40155,CUMMINSIND
2025-01-14 08:45:00+00:00,2941.10009765625,2948.14990234375,2931.10009765625,2931.800048828125,63090,CUMMINSIND
2025-01-14 09:45:00+00:00,2950.0,2950.0,2936.550048828125,2941.199951171875,30349,CUMMINSIND
2025-01-15 03:45:00+00:00,2907.5,2955.60009765625,2903.5,2940.949951171875,43120,CUMMINSIND
2025-01-15 04:45:00+00:00,2914.5,2940.89990234375,2907.300048828125,2908.699951171875,69799,CUMMINSIND
2025-01-15 05:45:00+00:00,2867.60009765625,2921.5,2866.14990234375,2914.85009765625,73864,CUMMINSIND
2025-01-15 06:45:00+00:00,2870.10009765625,2878.449951171875,2853.75,2867.60009765625,103699,CUMMINSIND
2025-01-15 07:45:00+00:00,2850.0,2871.699951171875,2842.800048828125,2871.550048828125,171520,CUMMINSIND
2025-01-15 08:45:00+00:00,2894.5,2896.5,2845.5,2850.0,162033,CUMMINSIND
2025-01-15 09:45:00+00:00,2876.85009765625,2894.5,2874.449951171875,2894.35009765625,53633,CUMMINSIND
2025-01-16 03:45:00+00:00,2923.64990234375,2929.300048828125,2886.64990234375,2905.5,0,CUMMINSIND
2025-01-16 04:45:00+00:00,2900.89990234375,2938.0,2895.0,2923.64990234375,66231,CUMMINSIND
2025-01-16 05:45:00+00:00,2907.449951171875,2913.64990234375,2900.0,2900.050048828125,133655,CUMMINSIND
2025-01-16 06:45:00+00:00,2930.0,2930.0,2905.0,2907.449951171875,115407,CUMMINSIND
2025-01-16 07:45:00+00:00,2933.5,2938.89990234375,2928.85009765625,2929.60009765625,59645,CUMMINSIND
2025-01-16 08:45:00+00:00,2925.050048828125,2934.699951171875,2919.800048828125,2933.5,86881,CUMMINSIND
2025-01-16 09:45:00+00:00,2924.949951171875,2936.0,2921.800048828125,2925.0,39002,CUMMINSIND
2025-01-17 03:45:00+00:00,2949.75,2959.949951171875,2908.0,2924.949951171875,0,CUMMINSIND
2025-01-17 04:45:00+00:00,2915.699951171875,2953.10009765625,2910.35009765625,2949.699951171875,25529,CUMMINSIND
2025-01-17 05:45:00+00:00,2947.199951171875,2954.35009765625,2912.39990234375,2916.75,32573,CUMMINSIND
2025-01-17 06:45:00+00:00,2945.85009765625,2958.0,2940.0,2947.25,18722,CUMMINSIND
2025-01-17 07:45:00+00:00,2939.0,2947.0,2930.10009765625,2946.35009765625,18207,CUMMINSIND
2025-01-17 08:45:00+00:00,2935.699951171875,2944.5,2925.25,2937.14990234375,41320,CUMMINSIND
2025-01-17 09:45:00+00:00,2928.89990234375,2940.0,2924.10009765625,2936.64990234375,52434,CUMMINSIND
2025-01-20 03:45:00+00:00,2920.550048828125,2959.0,2907.10009765625,2959.0,0,CUMMINSIND
2025-01-20 04:45:00+00:00,2919.699951171875,2923.89990234375,2912.550048828125,2918.10009765625,24700,CUMMINSIND
2025-01-20 05:45:00+00:00,2925.0,2928.800048828125,2918.0,2918.89990234375,29075,CUMMINSIND
2025-01-20 06:45:00+00:00,2932.0,2939.0,2921.85009765625,2925.0,44778,CUMMINSIND
2025-01-20 07:45:00+00:00,2930.60009765625,2935.89990234375,2925.0,2931.800048828125,21840,CUMMINSIND
2025-01-20 08:45:00+00:00,2945.0,2946.949951171875,2926.35009765625,2930.85009765625,39949,CUMMINSIND
2025-01-20 09:45:00+00:00,2943.300048828125,2945.949951171875,2936.949951171875,2945.0,19976,CUMMINSIND
2025-01-21 03:45:00+00:00,2926.0,2973.0,2913.550048828125,2945.050048828125,0,CUMMINSIND
2025-01-21 04:45:00+00:00,2932.800048828125,2945.0,2919.199951171875,2926.800048828125,47466,CUMMINSIND
2025-01-21 05:45:00+00:00,2927.75,2959.050048828125,2923.949951171875,2933.25,32187,CUMMINSIND
2025-01-21 06:45:00+00:00,2940.39990234375,2949.800048828125,2921.050048828125,2927.699951171875,54927,CUMMINSIND
2025-01-21 07:45:00+00:00,2936.050048828125,2942.10009765625,2924.449951171875,2942.10009765625,54790,CUMMINSIND
2025-01-21 08:45:00+00:00,2905.10009765625,2937.85009765625,2900.0,2936.050048828125,127968,CUMMINSIND
2025-01-21 09:45:00+00:00,2903.800048828125,2906.60009765625,2900.0,2904.199951171875,24208,CUMMINSIND
2025-01-22 03:45:00+00:00,2872.60009765625,2924.949951171875,2860.0,2924.949951171875,0,CUMMINSIND
2025-01-22 04:45:00+00:00,2876.0,2892.85009765625,2864.949951171875,2872.800048828125,46490,CUMMINSIND
2025-01-22 05:45:00+00:00,2869.300048828125,2880.0,2862.14990234375,2875.0,99271,CUMMINSIND
2025-01-22 06:45:00+00:00,2865.5,2870.25,2857.050048828125,2868.199951171875,61027,CUMMINSIND
2025-01-22 07:45:00+00:00,2852.199951171875,2866.0,2822.699951171875,2865.699951171875,63956,CUMMINSIND
2025-01-22 08:45:00+00:00,2885.199951171875,2889.800048828125,2851.449951171875,2854.449951171875,195451,CUMMINSIND
2025-01-22 09:45:00+00:00,2882.199951171875,2885.39990234375,2878.050048828125,2885.199951171875,61956,CUMMINSIND
2025-01-23 03:45:00+00:00,2931.25,2934.25,2853.0,2894.800048828125,0,CUMMINSIND
2025-01-23 04:45:00+00:00,2911.0,2935.85009765625,2894.39990234375,2931.0,20618,CUMMINSIND
2025-01-23 05:45:00+00:00,2901.199951171875,2914.89990234375,2891.050048828125,2911.0,25594,CUMMINSIND
2025-01-23 06:45:00+00:00,2908.0,2914.0,2899.0,2903.050048828125,53989,CUMMINSIND
2025-01-23 07:45:00+00:00,2891.949951171875,2910.60009765625,2891.550048828125,2908.0,51850,CUMMINSIND
2025-01-23 08:45:00+00:00,2890.050048828125,2894.0,2881.0,2891.85009765625,46320,CUMMINSIND
2025-01-23 09:45:00+00:00,2890.0,2892.699951171875,2883.89990234375,2890.050048828125,25226,CUMMINSIND
2025-01-24 03:45:00+00:00,2866.75,2903.60009765625,2851.050048828125,2894.75,0,CUMMINSIND
2025-01-24 04:45:00+00:00,2880.949951171875,2889.0,2855.0,2863.35009765625,24037,CUMMINSIND
2025-01-24 05:45:00+00:00,2876.300048828125,2892.75,2870.449951171875,2881.0,35900,CUMMINSIND
2025-01-24 06:45:00+00:00,2853.75,2879.800048828125,2842.64990234375,2874.89990234375,66257,CUMMINSIND
2025-01-24 07:45:00+00:00,2829.300048828125,2853.75,2828.0,2853.75,32141,CUMMINSIND
2025-01-24 08:45:00+00:00,2802.5,2833.35009765625,2800.5,2828.89990234375,57831,CUMMINSIND
2025-01-24 09:45:00+00:00,2804.050048828125,2813.449951171875,2800.0,2802.25,23465,CUMMINSIND
2025-01-27 03:45:00+00:00,2730.5,2794.949951171875,2717.949951171875,2775.39990234375,0,CUMMINSIND
2025-01-27 04:45:00+00:00,2750.449951171875,2750.89990234375,2708.0,2730.0,41825,CUMMINSIND
2025-01-27 05:45:00+00:00,2763.75,2775.0,2750.0,2750.550048828125,32296,CUMMINSIND
2025-01-27 06:45:00+00:00,2804.0,2804.0,2760.89990234375,2762.550048828125,59389,CUMMINSIND
2025-01-27 07:45:00+00:00,2774.199951171875,2805.050048828125,2768.75,2804.14990234375,48759,CUMMINSIND
2025-01-27 08:45:00+00:00,2768.050048828125,2795.5,2766.449951171875,2772.89990234375,84730,CUMMINSIND
2025-01-27 09:45:00+00:00,2775.199951171875,2789.0,2766.60009765625,2768.75,90326,CUMMINSIND
2025-01-28 03:45:00+00:00,2736.64990234375,2810.949951171875,2720.0,2795.949951171875,0,CUMMINSIND
2025-01-28 04:45:00+00:00,2728.800048828125,2744.85009765625,2710.35009765625,2738.75,43787,CUMMINSIND
2025-01-28 05:45:00+00:00,2712.300048828125,2734.39990234375,2706.050048828125,2730.0,77848,CUMMINSIND
2025-01-28 06:45:00+00:00,2734.0,2736.800048828125,2708.75,2712.0,82933,CUMMINSIND
2025-01-28 07:45:00+00:00,2726.75,2738.0,2721.75,2734.800048828125,89138,CUMMINSIND
2025-01-28 08:45:00+00:00,2741.64990234375,2765.0,2725.39990234375,2725.39990234375,196585,CUMMINSIND
2025-01-28 09:45:00+00:00,2748.449951171875,2748.449951171875,2740.10009765625,2741.699951171875,50837,CUMMINSIND
2025-01-29 03:45:00+00:00,2827.800048828125,2837.550048828125,2745.64990234375,2749.85009765625,0,CUMMINSIND
2025-01-29 04:45:00+00:00,2844.699951171875,2865.199951171875,2824.14990234375,2827.5,53303,CUMMINSIND
2025-01-29 05:45:00+00:00,2844.050048828125,2854.949951171875,2817.5,2846.449951171875,77309,CUMMINSIND
2025-01-29 06:45:00+00:00,2850.0,2860.0,2837.25,2844.199951171875,105119,CUMMINSIND
2025-01-29 07:45:00+00:00,2852.0,2860.10009765625,2845.10009765625,2850.0,94188,CUMMINSIND
2025-01-29 08:45:00+00:00,2851.449951171875,2857.800048828125,2845.0,2852.0,112837,CUMMINSIND
2025-01-29 09:45:00+00:00,2840.89990234375,2851.699951171875,2833.550048828125,2851.699951171875,31969,CUMMINSIND
2025-01-30 03:45:00+00:00,2856.75,2874.5,2831.39990234375,2851.35009765625,0,CUMMINSIND
2025-01-30 04:45:00+00:00,2844.64990234375,2859.35009765625,2824.10009765625,2855.0,27565,CUMMINSIND
2025-01-30 05:45:00+00:00,2837.050048828125,2848.60009765625,2828.35009765625,2845.0,24761,CUMMINSIND
2025-01-30 06:45:00+00:00,2853.300048828125,2855.949951171875,2835.0,2837.5,31701,CUMMINSIND
2025-01-30 07:45:00+00:00,2825.35009765625,2853.5,2820.25,2851.550048828125,78307,CUMMINSIND
2025-01-30 08:45:00+00:00,2857.5,2863.0,2822.199951171875,2826.39990234375,134125,CUMMINSIND
2025-01-30 09:45:00+00:00,2852.949951171875,2865.0,2841.050048828125,2857.39990234375,57887,CUMMINSIND
2025-01-31 03:45:00+00:00,2900.25,2920.449951171875,2840.0,2852.89990234375,0,CUMMINSIND
2025-01-31 04:45:00+00:00,2917.449951171875,2930.25,2894.60009765625,2899.35009765625,48560,CUMMINSIND
2025-01-31 05:45:00+00:00,2940.0,2943.0,2910.10009765625,2917.5,43833,CUMMINSIND
2025-01-31 06:45:00+00:00,2931.550048828125,2943.0,2929.0,2939.550048828125,41791,CUMMINSIND
2025-01-31 07:45:00+00:00,2915.10009765625,2939.199951171875,2912.949951171875,2933.75,37843,CUMMINSIND
2025-01-31 08:45:00+00:00,2913.25,2923.64990234375,2904.5,2915.10009765625,106094,CUMMINSIND
2025-01-31 09:45:00+00:00,2935.0,2938.0,2910.050048828125,2913.199951171875,58147,CUMMINSIND
2025-02-03 03:45:00+00:00,2737.39990234375,2789.75,2660.60009765625,2789.75,0,CUMMINSIND
2025-02-03 04:45:00+00:00,2761.75,2767.699951171875,2688.699951171875,2738.0,276370,CUMMINSIND
2025-02-03 05:45:00+00:00,2713.10009765625,2788.0,2705.199951171875,2762.85009765625,154991,CUMMINSIND
2025-02-03 06:45:00+00:00,2711.5,2718.89990234375,2674.550048828125,2712.199951171875,173899,CUMMINSIND
2025-02-03 07:45:00+00:00,2690.39990234375,2712.10009765625,2678.85009765625,2711.050048828125,88921,CUMMINSIND
2025-02-03 08:45:00+00:00,2696.85009765625,2705.949951171875,2683.800048828125,2691.300048828125,111355,CUMMINSIND
2025-02-03 09:45:00+00:00,2694.949951171875,2705.14990234375,2694.949951171875,2696.14990234375,49012,CUMMINSIND
2025-02-04 03:45:00+00:00,2798.0,2819.75,2710.0,2710.0,0,CUMMINSIND
2025-02-04 04:45:00+00:00,2815.699951171875,2824.89990234375,2771.0,2795.35009765625,236112,CUMMINSIND
2025-02-04 05:45:00+00:00,2827.39990234375,2827.39990234375,2802.85009765625,2815.550048828125,144586,CUMMINSIND
2025-02-04 06:45:00+00:00,2844.699951171875,2850.0,2825.39990234375,2828.75,190339,CUMMINSIND
2025-02-04 07:45:00+00:00,2841.39990234375,2854.550048828125,2829.5,2844.199951171875,207568,CUMMINSIND
2025-02-04 08:45:00+00:00,2855.60009765625,2863.5,2838.39990234375,2841.39990234375,163146,CUMMINSIND
2025-02-04 09:45:00+00:00,2853.5,2859.0,2845.050048828125,2855.60009765625,72132,CUMMINSIND
2025-02-05 03:45:00+00:00,2936.60009765625,2965.0,2870.300048828125,2870.300048828125,0,CUMMINSIND
2025-02-05 04:45:00+00:00,2948.0,2959.949951171875,2932.300048828125,2936.60009765625,167465,CUMMINSIND
2025-02-05 05:45:00+00:00,2955.949951171875,2962.89990234375,2939.0,2948.0,84935,CUMMINSIND
2025-02-05 06:45:00+00:00,2965.0,2970.60009765625,2951.89990234375,2955.5,138614,CUMMINSIND
2025-02-05 07:45:00+00:00,2929.0,2965.0,2928.449951171875,2965.0,139005,CUMMINSIND
2025-02-05 08:45:00+00:00,2917.199951171875,2939.64990234375,2906.39990234375,2928.89990234375,125402,CUMMINSIND
2025-02-05 09:45:00+00:00,2921.14990234375,2939.89990234375,2915.449951171875,2917.199951171875,86242,CUMMINSIND
2025-02-06 03:45:00+00:00,2960.14990234375,3028.85009765625,2937.64990234375,3015.0,0,CUMMINSIND
2025-02-06 04:45:00+00:00,2965.0,2989.60009765625,2959.0,2960.050048828125,202177,CUMMINSIND
2025-02-06 05:45:00+00:00,2961.89990234375,2969.89990234375,2951.0,2963.800048828125,139528,CUMMINSIND
2025-02-06 06:45:00+00:00,2937.10009765625,2967.85009765625,2924.14990234375,2961.85009765625,319052,CUMMINSIND
2025-02-06 07:45:00+00:00,2949.75,2966.0,2932.35009765625,2937.050048828125,256070,CUMMINSIND
2025-02-06 08:45:00+00:00,2962.0,2970.550048828125,2947.800048828125,2950.449951171875,231198,CUMMINSIND
2025-02-06 09:45:00+00:00,2962.0,2968.64990234375,2955.10009765625,2962.300048828125,93737,CUMMINSIND
2025-02-07 03:45:00+00:00,2896.10009765625,2987.64990234375,2893.800048828125,2971.0,0,CUMMINSIND
2025-02-07 04:45:00+00:00,2871.35009765625,2904.89990234375,2826.14990234375,2896.5,430318,CUMMINSIND
2025-02-07 05:45:00+00:00,2884.0,2892.949951171875,2868.14990234375,2873.75,90929,CUMMINSIND
2025-02-07 06:45:00+00:00,2890.0,2890.0,2874.199951171875,2882.89990234375,106855,CUMMINSIND
2025-02-07 07:45:00+00:00,2849.199951171875,2890.0,2845.0,2890.0,101869,CUMMINSIND
2025-02-07 08:45:00+00:00,2877.550048828125,2883.39990234375,2847.35009765625,2849.10009765625,123340,CUMMINSIND
2025-02-07 09:45:00+00:00,2871.89990234375,2878.75,2860.0,2877.89990234375,61818,CUMMINSIND
2025-02-10 03:45:00+00:00,2953.050048828125,2963.0,2870.35009765625,2870.35009765625,0,CUMMINSIND
2025-02-10 04:45:00+00:00,2929.39990234375,2975.10009765625,2921.300048828125,2953.14990234375,307876,CUMMINSIND
2025-02-10 05:45:00+00:00,2886.85009765625,2945.050048828125,2884.800048828125,2929.39990234375,150835,CUMMINSIND
2025-02-10 06:45:00+00:00,2901.300048828125,2903.10009765625,2884.0,2886.10009765625,49951,CUMMINSIND
2025-02-10 07:45:00+00:00,2885.39990234375,2905.25,2884.5,2901.300048828125,39624,CUMMINSIND
2025-02-10 08:45:00+00:00,2889.800048828125,2905.0,2885.35009765625,2885.39990234375,113351,CUMMINSIND
2025-02-10 09:45:00+00:00,2886.0,2892.0,2880.0,2889.949951171875,51111,CUMMINSIND
2025-02-11 03:45:00+00:00,2830.0,2883.5,2818.0,2874.050048828125,0,CUMMINSIND
2025-02-11 04:45:00+00:00,2836.39990234375,2838.949951171875,2792.0,2828.0,153492,CUMMINSIND
2025-02-11 05:45:00+00:00,2846.050048828125,2865.0,2833.0,2836.39990234375,125221,CUMMINSIND
2025-02-11 06:45:00+00:00,2820.699951171875,2854.300048828125,2817.050048828125,2846.10009765625,92042,CUMMINSIND
2025-02-11 07:45:00+00:00,2822.0,2845.699951171875,2809.60009765625,2819.60009765625,66288,CUMMINSIND
2025-02-11 08:45:00+00:00,2838.550048828125,2843.699951171875,2812.60009765625,2821.300048828125,95370,CUMMINSIND
2025-02-11 09:45:00+00:00,2831.60009765625,2839.550048828125,2822.10009765625,2838.550048828125,53586,CUMMINSIND
2025-02-12 03:45:00+00:00,2741.14990234375,2828.199951171875,2737.0,2820.199951171875,0,CUMMINSIND
2025-02-12 04:45:00+00:00,2780.85009765625,2787.5,2729.050048828125,2741.85009765625,67248,CUMMINSIND
2025-02-12 05:45:00+00:00,2812.10009765625,2816.14990234375,2772.64990234375,2782.5,84206,CUMMINSIND
2025-02-12 06:45:00+00:00,2821.949951171875,2829.050048828125,2804.050048828125,2810.949951171875,66882,CUMMINSIND
2025-02-12 07:45:00+00:00,2807.550048828125,2825.14990234375,2790.050048828125,2821.949951171875,61276,CUMMINSIND
2025-02-12 08:45:00+00:00,2811.0,2814.14990234375,2799.050048828125,2806.35009765625,40774,CUMMINSIND
2025-02-12 09:45:00+00:00,2810.89990234375,2814.75,2808.050048828125,2810.949951171875,17210,CUMMINSIND
2025-02-13 03:45:00+00:00,2840.0,2851.949951171875,2801.550048828125,2825.0,0,CUMMINSIND
2025-02-13 04:45:00+00:00,2835.0,2844.39990234375,2818.449951171875,2841.85009765625,36286,CUMMINSIND
2025-02-13 05:45:00+00:00,2825.449951171875,2839.0,2818.199951171875,2835.0,33170,CUMMINSIND
2025-02-13 06:45:00+00:00,2830.0,2836.60009765625,2812.550048828125,2825.949951171875,45165,CUMMINSIND
2025-02-13 07:45:00+00:00,2803.0,2832.199951171875,2788.550048828125,2827.64990234375,124542,CUMMINSIND
2025-02-13 08:45:00+00:00,2799.0,2809.5,2792.85009765625,2803.199951171875,58131,CUMMINSIND
2025-02-13 09:45:00+00:00,2800.0,2806.550048828125,2792.14990234375,2798.949951171875,26823,CUMMINSIND
2025-02-14 03:45:00+00:00,2752.35009765625,2804.85009765625,2750.0,2798.300048828125,0,CUMMINSIND
2025-02-14 04:45:00+00:00,2729.800048828125,2763.949951171875,2709.89990234375,2752.35009765625,40600,CUMMINSIND
2025-02-14 05:45:00+00:00,2709.0,2739.14990234375,2709.0,2729.14990234375,35187,CUMMINSIND
2025-02-14 06:45:00+00:00,2704.050048828125,2724.75,2696.199951171875,2709.85009765625,41681,CUMMINSIND
2025-02-14 07:45:00+00:00,2710.5,2732.75,2704.0,2704.0,78619,CUMMINSIND
2025-02-14 08:45:00+00:00,2736.949951171875,2756.199951171875,2707.89990234375,2710.449951171875,129510,CUMMINSIND
2025-02-14 09:45:00+00:00,2734.800048828125,2738.89990234375,2715.0,2738.300048828125,31885,CUMMINSIND
2025-02-17 03:45:00+00:00,2659.550048828125,2714.60009765625,2636.75,2691.60009765625,0,CUMMINSIND
2025-02-17 04:45:00+00:00,2685.050048828125,2718.800048828125,2658.0,2659.0,47450,CUMMINSIND
2025-02-17 05:45:00+00:00,2686.300048828125,2701.89990234375,2679.60009765625,2684.89990234375,25253,CUMMINSIND
2025-02-17 06:45:00+00:00,2701.199951171875,2709.0,2678.050048828125,2686.949951171875,33063,CUMMINSIND
2025-02-17 07:45:00+00:00,2718.0,2733.199951171875,2697.449951171875,2700.75,150221,CUMMINSIND
2025-02-17 08:45:00+00:00,2723.5,2729.949951171875,2715.25,2718.10009765625,82929,CUMMINSIND
2025-02-17 09:45:00+00:00,2715.949951171875,2727.199951171875,2710.300048828125,2724.14990234375,63515,CUMMINSIND
2025-02-18 03:45:00+00:00,2697.550048828125,2717.949951171875,2674.25,2717.949951171875,0,CUMMINSIND
2025-02-18 04:45:00+00:00,2695.85009765625,2710.10009765625,2685.0,2698.199951171875,73365,CUMMINSIND
2025-02-18 05:45:00+00:00,2698.800048828125,2702.699951171875,2695.699951171875,2695.85009765625,107880,CUMMINSIND
2025-02-18 06:45:00+00:00,2694.39990234375,2702.949951171875,2688.800048828125,2699.550048828125,77362,CUMMINSIND
2025-02-18 07:45:00+00:00,2695.050048828125,2699.949951171875,2685.10009765625,2694.39990234375,60449,CUMMINSIND
2025-02-18 08:45:00+00:00,2716.60009765625,2724.75,2690.60009765625,2695.39990234375,211549,CUMMINSIND
2025-02-18 09:45:00+00:00,2717.0,2718.5,2707.5,2717.75,30677,CUMMINSIND
2025-02-19 03:45:00+00:00,2711.25,2730.0,2678.800048828125,2692.60009765625,0,CUMMINSIND
2025-02-19 04:45:00+00:00,2688.300048828125,2718.60009765625,2673.050048828125,2711.949951171875,144798,CUMMINSIND
2025-02-19 05:45:00+00:00,2709.75,2727.0,2685.0,2688.550048828125,121682,CUMMINSIND
2025-02-19 06:45:00+00:00,2693.25,2715.949951171875,2682.300048828125,2709.60009765625,116399,CUMMINSIND
2025-02-19 07:45:00+00:00,2692.64990234375,2696.800048828125,2683.85009765625,2693.699951171875,121152,CUMMINSIND
2025-02-19 08:45:00+00:00,2693.89990234375,2695.550048828125,2668.0,2692.64990234375,177285,CUMMINSIND
2025-02-19 09:45:00+00:00,2690.300048828125,2698.14990234375,2687.949951171875,2693.949951171875,52162,CUMMINSIND
2025-02-20 03:45:00+00:00,2758.10009765625,2762.0,2681.10009765625,2696.949951171875,0,CUMMINSIND
2025-02-20 04:45:00+00:00,2783.0,2784.5,2756.050048828125,2759.0,51920,CUMMINSIND
2025-02-20 05:45:00+00:00,2792.75,2795.699951171875,2765.10009765625,2782.550048828125,58333,CUMMINSIND
2025-02-20 06:45:00+00:00,2788.0,2798.0,2778.64990234375,2792.10009765625,36779,CUMMINSIND
2025-02-20 07:45:00+00:00,2818.699951171875,2818.699951171875,2787.050048828125,2788.0,64300,CUMMINSIND
2025-02-20 08:45:00+00:00,2819.800048828125,2823.699951171875,2804.75,2818.699951171875,99751,CUMMINSIND
2025-02-20 09:45:00+00:00,2824.300048828125,2824.39990234375,2816.050048828125,2820.050048828125,41216,CUMMINSIND
2025-02-21 03:45:00+00:00,2810.0,2833.0,2798.0,2811.25,0,CUMMINSIND
2025-02-21 04:45:00+00:00,2829.64990234375,2849.0,2799.0,2810.85009765625,99078,CUMMINSIND
2025-02-21 05:45:00+00:00,2844.5,2858.85009765625,2821.10009765625,2829.0,105591,CUMMINSIND
2025-02-21 06:45:00+00:00,2853.550048828125,2854.60009765625,2840.10009765625,2844.449951171875,43664,CUMMINSIND
2025-02-21 07:45:00+00:00,2845.14990234375,2856.5,2837.10009765625,2852.75,93048,CUMMINSIND
2025-02-21 08:45:00+00:00,2842.64990234375,2851.199951171875,2831.14990234375,2846.449951171875,110944,CUMMINSIND
2025-02-21 09:45:00+00:00,2836.14990234375,2844.050048828125,2812.35009765625,2843.10009765625,39535,CUMMINSIND
2025-02-24 03:45:00+00:00,2808.14990234375,2814.60009765625,2768.050048828125,2793.64990234375,0,CUMMINSIND
2025-02-24 04:45:00+00:00,2803.60009765625,2827.300048828125,2798.449951171875,2804.60009765625,32932,CUMMINSIND
2025-02-24 05:45:00+00:00,2803.199951171875,2818.0,2795.64990234375,2802.0,21768,CUMMINSIND
2025-02-24 06:45:00+00:00,2806.14990234375,2810.0,2794.050048828125,2803.050048828125,20979,CUMMINSIND
2025-02-24 07:45:00+00:00,2802.949951171875,2815.0,2796.25,2804.85009765625,21691,CUMMINSIND
2025-02-24 08:45:00+00:00,2834.39990234375,2838.64990234375,2802.449951171875,2803.0,83660,CUMMINSIND
2025-02-24 09:45:00+00:00,2832.699951171875,2840.0,2823.800048828125,2834.300048828125,60593,CUMMINSIND
2025-02-25 03:45:00+00:00,2820.25,2846.050048828125,2810.449951171875,2840.949951171875,0,CUMMINSIND
2025-02-25 04:45:00+00:00,2793.39990234375,2823.5,2785.75,2819.89990234375,43854,CUMMINSIND
2025-02-25 05:45:00+00:00,2780.0,2796.199951171875,2771.60009765625,2792.800048828125,45863,CUMMINSIND
2025-02-25 06:45:00+00:00,2778.449951171875,2785.0,2771.5,2779.949951171875,42249,CUMMINSIND
2025-02-25 07:45:00+00:00,2779.550048828125,2782.449951171875,2771.0,2779.800048828125,42581,CUMMINSIND
2025-02-25 08:45:00+00:00,2788.64990234375,2800.0,2772.300048828125,2780.60009765625,105786,CUMMINSIND
2025-02-25 09:45:00+00:00,2772.550048828125,2791.25,2770.25,2790.14990234375,48370,CUMMINSIND
2025-02-27 03:45:00+00:00,2808.0,2820.89990234375,2772.5,2781.550048828125,0,CUMMINSIND
2025-02-27 04:45:00+00:00,2802.14990234375,2811.89990234375,2799.449951171875,2808.0,60367,CUMMINSIND
2025-02-27 05:45:00+00:00,2781.800048828125,2803.14990234375,2780.10009765625,2802.10009765625,79509,CUMMINSIND
2025-02-27 06:45:00+00:00,2802.39990234375,2806.39990234375,2779.10009765625,2781.89990234375,52449,CUMMINSIND
2025-02-27 07:45:00+00:00,2801.0,2811.85009765625,2797.5,2802.0,53953,CUMMINSIND
2025-02-27 08:45:00+00:00,2816.85009765625,2820.0,2789.75,2801.449951171875,115202,CUMMINSIND
2025-02-27 09:45:00+00:00,2801.0,2817.300048828125,2801.0,2814.949951171875,35934,CUMMINSIND
2025-02-28 03:45:00+00:00,2749.85009765625,2789.699951171875,2728.39990234375,2789.699951171875,0,CUMMINSIND
2025-02-28 04:45:00+00:00,2746.25,2764.949951171875,2745.39990234375,2750.699951171875,40792,CUMMINSIND
2025-02-28 05:45:00+00:00,2719.39990234375,2755.0,2714.5,2746.64990234375,77337,CUMMINSIND
2025-02-28 06:45:00+00:00,2722.0,2723.300048828125,2701.5,2718.699951171875,46079,CUMMINSIND
2025-02-28 07:45:00+00:00,2725.60009765625,2736.39990234375,2714.550048828125,2721.949951171875,117090,CUMMINSIND
2025-02-28 08:45:00+00:00,2713.949951171875,2753.050048828125,2710.0,2725.60009765625,340626,CUMMINSIND
2025-02-28 09:45:00+00:00,2735.0,2737.64990234375,2710.199951171875,2714.949951171875,133447,CUMMINSIND
2025-03-03 03:45:00+00:00,2712.5,2785.0,2693.050048828125,2726.60009765625,0,CUMMINSIND
2025-03-03 04:45:00+00:00,2735.35009765625,2749.60009765625,2710.949951171875,2711.89990234375,56495,CUMMINSIND
2025-03-03 05:45:00+00:00,2769.35009765625,2769.35009765625,2728.5,2735.550048828125,88238,CUMMINSIND
2025-03-03 06:45:00+00:00,2789.800048828125,2813.0,2761.64990234375,2768.10009765625,109403,CUMMINSIND
2025-03-03 07:45:00+00:00,2810.800048828125,2810.800048828125,2780.39990234375,2789.949951171875,107174,CUMMINSIND
2025-03-03 08:45:00+00:00,2826.800048828125,2835.949951171875,2808.0,2810.800048828125,136134,CUMMINSIND
2025-03-03 09:45:00+00:00,2820.64990234375,2830.0,2819.300048828125,2826.75,54825,CUMMINSIND
2025-03-04 03:45:00+00:00,2813.25,2821.0,2758.35009765625,2785.0,0,CUMMINSIND
2025-03-04 04:45:00+00:00,2825.85009765625,2832.0,2785.449951171875,2813.300048828125,78425,CUMMINSIND
2025-03-04 05:45:00+00:00,2854.5,2857.300048828125,2823.89990234375,2825.050048828125,144394,CUMMINSIND
2025-03-04 06:45:00+00:00,2846.64990234375,2874.25,2842.800048828125,2854.25,95128,CUMMINSIND
2025-03-04 07:45:00+00:00,2868.050048828125,2870.949951171875,2845.10009765625,2845.949951171875,67770,CUMMINSIND
2025-03-04 08:45:00+00:00,2860.64990234375,2876.050048828125,2858.14990234375,2868.800048828125,99139,CUMMINSIND
2025-03-04 09:45:00+00:00,2860.0,2864.800048828125,2860.0,2860.800048828125,60877,CUMMINSIND
2025-03-05 03:45:00+00:00,2840.39990234375,2875.14990234375,2840.39990234375,2865.0,0,CUMMINSIND
2025-03-05 04:45:00+00:00,2849.14990234375,2867.10009765625,2824.0,2838.64990234375,79962,CUMMINSIND
2025-03-05 05:45:00+00:00,2887.5,2891.25,2845.64990234375,2849.14990234375,133456,CUMMINSIND
2025-03-05 06:45:00+00:00,2883.60009765625,2900.0,2881.0,2888.0,74308,CUMMINSIND
2025-03-05 07:45:00+00:00,2886.5,2891.0,2882.300048828125,2883.60009765625,45774,CUMMINSIND
2025-03-05 08:45:00+00:00,2907.699951171875,2909.949951171875,2884.89990234375,2887.5,75926,CUMMINSIND
2025-03-05 09:45:00+00:00,2900.0,2907.699951171875,2900.0,2907.699951171875,32948,CUMMINSIND
2025-03-06 03:45:00+00:00,2956.699951171875,2964.949951171875,2912.64990234375,2928.89990234375,0,CUMMINSIND
2025-03-06 04:45:00+00:00,2960.89990234375,2964.0,2941.10009765625,2956.699951171875,98138,CUMMINSIND
2025-03-06 05:45:00+00:00,2922.5,2963.0,2915.0,2961.0,104369,CUMMINSIND
2025-03-06 06:45:00+00:00,3000.60009765625,3033.60009765625,2919.949951171875,2922.5,594197,CUMMINSIND
2025-03-06 07:45:00+00:00,2962.0,3004.949951171875,2961.10009765625,3000.60009765625,77295,CUMMINSIND
2025-03-06 08:45:00+00:00,2973.949951171875,2979.0,2959.75,2961.10009765625,123864,CUMMINSIND
2025-03-06 09:45:00+00:00,2964.5,2975.35009765625,2955.39990234375,2973.89990234375,32893,CUMMINSIND
2025-03-07 03:45:00+00:00,2984.550048828125,2989.800048828125,2946.35009765625,2973.60009765625,0,CUMMINSIND
2025-03-07 04:45:00+00:00,2974.0,2989.699951171875,2962.949951171875,2984.89990234375,29058,CUMMINSIND
2025-03-07 05:45:00+00:00,2929.85009765625,2978.0,2929.85009765625,2973.35009765625,36071,CUMMINSIND
2025-03-07 06:45:00+00:00,2910.39990234375,2930.050048828125,2905.35009765625,2930.050048828125,44119,CUMMINSIND
2025-03-07 07:45:00+00:00,2900.0,2916.85009765625,2895.35009765625,2910.449951171875,26788,CUMMINSIND
2025-03-07 08:45:00+00:00,2899.25,2925.300048828125,2895.0,2900.449951171875,50737,CUMMINSIND
2025-03-07 09:45:00+00:00,2910.0,2911.89990234375,2891.60009765625,2899.0,38006,CUMMINSIND
2025-03-10 03:45:00+00:00,2922.0,2934.949951171875,2885.949951171875,2899.10009765625,0,CUMMINSIND
2025-03-10 04:45:00+00:00,2904.300048828125,2927.25,2901.14990234375,2922.0,56665,CUMMINSIND
2025-03-10 05:45:00+00:00,2867.699951171875,2904.35009765625,2865.10009765625,2903.25,64750,CUMMINSIND
2025-03-10 06:45:00+00:00,2880.14990234375,2882.85009765625,2856.25,2867.75,51262,CUMMINSIND
2025-03-10 07:45:00+00:00,2872.449951171875,2880.550048828125,2857.89990234375,2880.550048828125,46229,CUMMINSIND
2025-03-10 08:45:00+00:00,2866.5,2878.449951171875,2852.0,2873.75,112382,CUMMINSIND
2025-03-10 09:45:00+00:00,2849.89990234375,2866.949951171875,2842.550048828125,2866.5,41489,CUMMINSIND
2025-03-11 03:45:00+00:00,2837.35009765625,2854.5,2812.60009765625,2835.0,0,CUMMINSIND
2025-03-11 04:45:00+00:00,2856.10009765625,2870.10009765625,2820.699951171875,2837.449951171875,47937,CUMMINSIND
2025-03-11 05:45:00+00:00,2854.0,2857.5,2832.0,2857.5,80455,CUMMINSIND
2025-03-11 06:45:00+00:00,2842.5,2854.0,2836.050048828125,2852.85009765625,18741,CUMMINSIND
2025-03-11 07:45:00+00:00,2866.949951171875,2869.60009765625,2839.699951171875,2840.949951171875,27376,CUMMINSIND
2025-03-11 08:45:00+00:00,2872.550048828125,2881.75,2863.449951171875,2866.949951171875,37371,CUMMINSIND
2025-03-11 09:45:00+00:00,2875.25,2890.0,2871.300048828125,2872.050048828125,28502,CUMMINSIND
2025-03-12 03:45:00+00:00,2825.5,2886.64990234375,2825.0,2878.39990234375,0,CUMMINSIND
2025-03-12 04:45:00+00:00,2802.0,2826.64990234375,2798.199951171875,2825.0,56768,CUMMINSIND
2025-03-12 05:45:00+00:00,2792.14990234375,2808.75,2782.14990234375,2802.699951171875,46742,CUMMINSIND
2025-03-12 06:45:00+00:00,2793.75,2798.85009765625,2781.0,2792.14990234375,24129,CUMMINSIND
2025-03-12 07:45:00+00:00,2792.14990234375,2807.199951171875,2783.0,2794.0,28281,CUMMINSIND
2025-03-12 08:45:00+00:00,2822.75,2826.300048828125,2792.0,2793.199951171875,48712,CUMMINSIND
2025-03-12 09:45:00+00:00,2818.75,2823.39990234375,2813.199951171875,2821.949951171875,26360,CUMMINSIND
2025-03-13 03:45:00+00:00,2870.10009765625,2872.0,2810.050048828125,2810.050048828125,0,CUMMINSIND
2025-03-13 04:45:00+00:00,2855.199951171875,2890.5,2838.0,2869.949951171875,70991,CUMMINSIND
2025-03-13 05:45:00+00:00,2858.14990234375,2859.0,2833.89990234375,2855.199951171875,32080,CUMMINSIND
2025-03-13 06:45:00+00:00,2858.199951171875,2876.75,2847.0,2858.199951171875,47944,CUMMINSIND
2025-03-13 07:45:00+00:00,2862.60009765625,2869.35009765625,2850.0,2858.0,55954,CUMMINSIND
2025-03-13 08:45:00+00:00,2837.85009765625,2864.60009765625,2833.050048828125,2862.60009765625,83339,CUMMINSIND
2025-03-13 09:45:00+00:00,2829.89990234375,2838.0,2820.60009765625,2836.60009765625,25289,CUMMINSIND
2025-03-17 03:45:00+00:00,2855.449951171875,2871.949951171875,2817.75,2828.5,0,CUMMINSIND
2025-03-17 04:45:00+00:00,2834.25,2856.199951171875,2825.0,2856.199951171875,27824,CUMMINSIND
2025-03-17 05:45:00+00:00,2855.300048828125,2860.64990234375,2833.0,2834.25,21224,CUMMINSIND
2025-03-17 06:45:00+00:00,2843.550048828125,2857.89990234375,2835.25,2854.89990234375,20906,CUMMINSIND
2025-03-17 07:45:00+00:00,2858.25,2860.800048828125,2841.800048828125,2843.550048828125,23013,CUMMINSIND
2025-03-17 08:45:00+00:00,2862.699951171875,2865.35009765625,2853.35009765625,2858.949951171875,27364,CUMMINSIND
2025-03-17 09:45:00+00:00,2857.75,2866.050048828125,2857.75,2862.699951171875,22900,CUMMINSIND
2025-03-18 03:45:00+00:00,2909.949951171875,2921.300048828125,2870.0,2875.0,0,CUMMINSIND
2025-03-18 04:45:00+00:00,2916.25,2929.0,2904.85009765625,2908.14990234375,42207,CUMMINSIND
2025-03-18 05:45:00+00:00,2933.550048828125,2938.89990234375,2915.39990234375,2916.85009765625,29471,CUMMINSIND
2025-03-18 06:45:00+00:00,2913.10009765625,2936.0,2912.300048828125,2933.550048828125,19259,CUMMINSIND
2025-03-18 07:45:00+00:00,2922.199951171875,2923.10009765625,2913.10009765625,2913.699951171875,18820,CUMMINSIND
2025-03-18 08:45:00+00:00,2925.050048828125,2937.0,2917.949951171875,2922.14990234375,37934,CUMMINSIND
2025-03-18 09:45:00+00:00,2929.64990234375,2935.0,2924.10009765625,2924.10009765625,16998,CUMMINSIND
2025-03-19 03:45:00+00:00,2974.0,2976.60009765625,2941.800048828125,2951.949951171875,0,CUMMINSIND
2025-03-19 04:45:00+00:00,2979.85009765625,2979.85009765625,2951.25,2973.949951171875,25874,CUMMINSIND
2025-03-19 05:45:00+00:00,2974.949951171875,2983.0,2963.60009765625,2978.39990234375,34915,CUMMINSIND
2025-03-19 06:45:00+00:00,2992.949951171875,3000.050048828125,2974.949951171875,2975.39990234375,39573,CUMMINSIND
2025-03-19 07:45:00+00:00,2998.89990234375,3007.89990234375,2987.85009765625,2993.10009765625,27745,CUMMINSIND
2025-03-19 08:45:00+00:00,3001.64990234375,3014.10009765625,2995.25,2998.89990234375,53552,CUMMINSIND
2025-03-19 09:45:00+00:00,3002.199951171875,3008.949951171875,2995.0,3001.949951171875,26434,CUMMINSIND
2025-03-20 03:45:00+00:00,2958.39990234375,3020.199951171875,2956.0,3020.199951171875,0,CUMMINSIND
2025-03-20 04:45:00+00:00,2983.14990234375,2986.60009765625,2950.199951171875,2956.0,29518,CUMMINSIND
2025-03-20 05:45:00+00:00,2970.75,2987.85009765625,2969.5,2982.14990234375,16521,CUMMINSIND
2025-03-20 06:45:00+00:00,2975.699951171875,2979.050048828125,2969.10009765625,2970.75,19669,CUMMINSIND
2025-03-20 07:45:00+00:00,2998.0,3000.0,2971.050048828125,2977.949951171875,42926,CUMMINSIND
2025-03-20 08:45:00+00:00,2990.39990234375,3007.300048828125,2983.35009765625,2998.5,59894,CUMMINSIND
2025-03-20 09:45:00+00:00,2990.60009765625,2994.0,2985.0,2990.699951171875,23178,CUMMINSIND
2025-03-21 03:45:00+00:00,3013.75,3029.5,2975.050048828125,2977.0,0,CUMMINSIND
2025-03-21 04:45:00+00:00,3008.800048828125,3029.89990234375,3003.550048828125,3013.449951171875,29829,CUMMINSIND
2025-03-21 05:45:00+00:00,2981.300048828125,3013.449951171875,2980.199951171875,3007.25,38716,CUMMINSIND
2025-03-21 06:45:00+00:00,2967.0,2991.550048828125,2961.64990234375,2981.25,58455,CUMMINSIND
2025-03-21 07:45:00+00:00,2954.85009765625,2970.35009765625,2939.0,2967.800048828125,58520,CUMMINSIND
2025-03-21 08:45:00+00:00,2934.800048828125,2970.449951171875,2924.800048828125,2954.0,290132,CUMMINSIND
2025-03-21 09:45:00+00:00,2949.949951171875,2949.949951171875,2932.85009765625,2934.699951171875,233493,CUMMINSIND
2025-03-24 03:45:00+00:00,3041.14990234375,3045.0,2952.5,2974.800048828125,0,CUMMINSIND
2025-03-24 04:45:00+00:00,3059.300048828125,3075.0,3038.0,3041.14990234375,179791,CUMMINSIND
2025-03-24 05:45:00+00:00,3070.050048828125,3078.0,3046.5,3059.39990234375,85123,CUMMINSIND
2025-03-24 06:45:00+00:00,3059.60009765625,3072.64990234375,3048.550048828125,3070.050048828125,62553,CUMMINSIND
2025-03-24 07:45:00+00:00,3077.0,3077.5,3058.050048828125,3059.60009765625,54561,CUMMINSIND
2025-03-24 08:45:00+00:00,3056.10009765625,3076.949951171875,3046.39990234375,3076.10009765625,73206,CUMMINSIND
2025-03-24 09:45:00+00:00,3056.25,3065.0,3055.0,3055.699951171875,32317,CUMMINSIND
2025-03-25 03:45:00+00:00,3006.10009765625,3080.0,3006.10009765625,3080.0,0,CUMMINSIND
2025-03-25 04:45:00+00:00,2978.550048828125,3013.89990234375,2978.0,3007.449951171875,61648,CUMMINSIND
2025-03-25 05:45:00+00:00,2970.449951171875,2986.050048828125,2946.550048828125,2978.800048828125,51961,CUMMINSIND
2025-03-25 06:45:00+00:00,2965.449951171875,2973.89990234375,2957.10009765625,2970.0,26420,CUMMINSIND
2025-03-25 07:45:00+00:00,2988.949951171875,2989.0,2957.39990234375,2965.449951171875,25434,CUMMINSIND
2025-03-25 08:45:00+00:00,2958.0,2994.199951171875,2956.85009765625,2988.949951171875,54179,CUMMINSIND
2025-03-25 09:45:00+00:00,2961.0,2963.0,2953.449951171875,2958.0,28521,CUMMINSIND
2025-03-26 03:45:00+00:00,3041.85009765625,3044.0,2956.5,2973.949951171875,0,CUMMINSIND
2025-03-26 04:45:00+00:00,3047.449951171875,3070.0,3032.199951171875,3040.449951171875,102567,CUMMINSIND
2025-03-26 05:45:00+00:00,3045.25,3055.050048828125,3033.0,3047.39990234375,59616,CUMMINSIND
2025-03-26 06:45:00+00:00,3045.5,3061.0,3041.25,3043.0,32912,CUMMINSIND
2025-03-26 07:45:00+00:00,3018.300048828125,3046.35009765625,3015.10009765625,3044.60009765625,79005,CUMMINSIND
2025-03-26 08:45:00+00:00,3007.35009765625,3025.0,3003.64990234375,3018.449951171875,131017,CUMMINSIND
2025-03-26 09:45:00+00:00,3004.949951171875,3007.85009765625,2996.75,3007.64990234375,74189,CUMMINSIND
2025-03-27 03:45:00+00:00,3003.25,3020.5,2980.0,2990.0,0,CUMMINSIND
2025-03-27 04:45:00+00:00,3046.199951171875,3047.35009765625,3000.64990234375,3004.5,58492,CUMMINSIND
2025-03-27 05:45:00+00:00,3051.5,3051.5,3036.949951171875,3045.800048828125,93709,CUMMINSIND
2025-03-27 06:45:00+00:00,3041.39990234375,3056.0,3036.0,3051.89990234375,52797,CUMMINSIND
2025-03-27 07:45:00+00:00,3036.75,3044.0,3031.800048828125,3042.14990234375,30619,CUMMINSIND
2025-03-27 08:45:00+00:00,3005.550048828125,3036.64990234375,2993.75,3036.10009765625,275858,CUMMINSIND
2025-03-27 09:45:00+00:00,2997.449951171875,3025.0,2996.699951171875,3005.14990234375,159684,CUMMINSIND
2025-03-28 03:45:00+00:00,3041.050048828125,3054.0,3001.14990234375,3021.39990234375,0,CUMMINSIND
2025-03-28 04:45:00+00:00,3067.800048828125,3079.0,3039.5,3039.5,78096,CUMMINSIND
2025-03-28 05:45:00+00:00,3065.14990234375,3077.89990234375,3061.35009765625,3069.89990234375,56639,CUMMINSIND
2025-03-28 06:45:00+00:00,3058.5,3066.699951171875,3043.699951171875,3065.300048828125,64001,CUMMINSIND
2025-03-28 07:45:00+00:00,3034.5,3058.800048828125,3018.89990234375,3058.800048828125,62820,CUMMINSIND
2025-03-28 08:45:00+00:00,3055.25,3064.949951171875,3033.0,3034.5,81068,CUMMINSIND
2025-03-28 09:45:00+00:00,3040.0,3054.89990234375,3033.800048828125,3054.89990234375,32943,CUMMINSIND
2025-04-01 03:45:00+00:00,3046.14990234375,3078.0,3026.050048828125,3064.949951171875,0,CUMMINSIND
2025-04-01 04:45:00+00:00,3007.35009765625,3062.89990234375,3005.550048828125,3047.35009765625,32748,CUMMINSIND
2025-04-01 05:45:00+00:00,3008.0,3014.64990234375,2994.10009765625,3007.449951171875,26276,CUMMINSIND
2025-04-01 06:45:00+00:00,3010.89990234375,3027.89990234375,2998.0,3008.5,20567,CUMMINSIND
2025-04-01 07:45:00+00:00,3013.449951171875,3015.449951171875,2997.550048828125,3007.949951171875,17688,CUMMINSIND
2025-04-01 08:45:00+00:00,3005.14990234375,3023.5,3004.5,3012.85009765625,21729,CUMMINSIND
2025-04-01 09:45:00+00:00,3011.449951171875,3014.0,3001.449951171875,3005.0,13611,CUMMINSIND
2025-04-02 03:45:00+00:00,2983.449951171875,3018.800048828125,2966.0,3005.050048828125,0,CUMMINSIND
2025-04-02 04:45:00+00:00,3036.050048828125,3050.0,2976.0,2982.10009765625,49361,CUMMINSIND
2025-04-02 05:45:00+00:00,3032.60009765625,3047.60009765625,3024.10009765625,3036.14990234375,63051,CUMMINSIND
2025-04-02 06:45:00+00:00,3044.14990234375,3047.0,3025.0,3032.0,64893,CUMMINSIND
2025-04-02 07:45:00+00:00,3019.0,3044.199951171875,3018.050048828125,3044.14990234375,65558,CUMMINSIND
2025-04-02 08:45:00+00:00,3049.89990234375,3059.050048828125,3018.050048828125,3018.050048828125,60208,CUMMINSIND
2025-04-02 09:45:00+00:00,3052.0,3052.699951171875,3039.050048828125,3050.0,34382,CUMMINSIND
2025-04-03 03:45:00+00:00,3002.300048828125,3031.550048828125,2965.25,3000.199951171875,0,CUMMINSIND
2025-04-03 04:45:00+00:00,3013.64990234375,3018.449951171875,2990.60009765625,3002.300048828125,15978,CUMMINSIND
2025-04-03 05:45:00+00:00,3030.800048828125,3031.64990234375,3008.10009765625,3014.60009765625,21998,CUMMINSIND
2025-04-03 06:45:00+00:00,3021.85009765625,3032.550048828125,3012.800048828125,3031.10009765625,45874,CUMMINSIND
2025-04-03 07:45:00+00:00,3022.39990234375,3034.0,3019.0,3020.5,13776,CUMMINSIND
2025-04-03 08:45:00+00:00,3033.949951171875,3037.0,3020.0,3022.39990234375,35658,CUMMINSIND
2025-04-03 09:45:00+00:00,3015.0,3035.949951171875,3015.0,3033.949951171875,21662,CUMMINSIND
2025-04-04 03:45:00+00:00,2915.0,3025.0,2901.0,3025.0,0,CUMMINSIND
2025-04-04 04:45:00+00:00,2912.85009765625,2923.0,2885.0,2915.0,109141,CUMMINSIND
2025-04-04 05:45:00+00:00,2877.0,2925.89990234375,2873.35009765625,2912.800048828125,60314,CUMMINSIND
2025-04-04 06:45:00+00:00,2856.14990234375,2893.89990234375,2855.050048828125,2880.199951171875,43212,CUMMINSIND
2025-04-04 07:45:00+00:00,2837.89990234375,2863.449951171875,2832.699951171875,2858.0,68297,CUMMINSIND
2025-04-04 08:45:00+00:00,2838.89990234375,2845.449951171875,2832.0,2837.10009765625,140988,CUMMINSIND
2025-04-04 09:45:00+00:00,2870.0,2870.0,2836.35009765625,2837.699951171875,46024,CUMMINSIND
2025-04-07 03:45:00+00:00,2673.14990234375,2739.10009765625,2653.64990234375,2701.0,0,CUMMINSIND
2025-04-07 04:45:00+00:00,2709.89990234375,2716.89990234375,2673.14990234375,2674.64990234375,126187,CUMMINSIND
2025-04-07 05:45:00+00:00,2687.39990234375,2711.0,2685.89990234375,2708.39990234375,39466,CUMMINSIND
2025-04-07 06:45:00+00:00,2659.39990234375,2696.35009765625,2653.10009765625,2687.39990234375,53590,CUMMINSIND
2025-04-07 07:45:00+00:00,2695.0,2719.0,2652.35009765625,2659.0,92767,CUMMINSIND
2025-04-07 08:45:00+00:00,2711.199951171875,2716.5,2690.0,2695.0,101095,CUMMINSIND
2025-04-07 09:45:00+00:00,2711.25,2723.449951171875,2709.300048828125,2711.60009765625,57721,CUMMINSIND
2025-04-08 03:45:00+00:00,2754.10009765625,2823.35009765625,2747.5,2802.550048828125,0,CUMMINSIND
2025-04-08 04:45:00+00:00,2785.0,2794.699951171875,2739.199951171875,2754.10009765625,105867,CUMMINSIND
2025-04-08 05:45:00+00:00,2786.449951171875,2795.0,2755.0,2785.5,68956,CUMMINSIND
2025-04-08 06:45:00+00:00,2759.550048828125,2787.449951171875,2755.0,2785.199951171875,90520,CUMMINSIND
2025-04-08 07:45:00+00:00,2762.050048828125,2769.85009765625,2754.050048828125,2759.550048828125,100583,CUMMINSIND
2025-04-08 08:45:00+00:00,2746.0,2770.199951171875,2744.75,2763.050048828125,138881,CUMMINSIND
2025-04-08 09:45:00+00:00,2746.0,2755.60009765625,2738.050048828125,2746.050048828125,78917,CUMMINSIND
2025-04-09 03:45:00+00:00,2695.89990234375,2744.60009765625,2691.39990234375,2738.14990234375,0,CUMMINSIND
2025-04-09 04:45:00+00:00,2726.050048828125,2728.14990234375,2695.0,2695.89990234375,91735,CUMMINSIND
2025-04-09 05:45:00+00:00,2747.050048828125,2764.75,2722.5,2724.699951171875,38663,CUMMINSIND
2025-04-09 06:45:00+00:00,2777.85009765625,2787.199951171875,2740.550048828125,2747.300048828125,31198,CUMMINSIND
2025-04-09 07:45:00+00:00,2773.449951171875,2782.0,2762.550048828125,2777.64990234375,23908,CUMMINSIND
2025-04-09 08:45:00+00:00,2783.85009765625,2789.60009765625,2770.89990234375,2772.5,62913,CUMMINSIND
2025-04-09 09:45:00+00:00,2781.449951171875,2784.300048828125,2767.050048828125,2784.300048828125,30568,CUMMINSIND
2025-04-11 03:45:00+00:00,2786.14990234375,2811.449951171875,2776.85009765625,2805.0,0,CUMMINSIND
2025-04-11 04:45:00+00:00,2775.800048828125,2787.0,2752.10009765625,2786.300048828125,117076,CUMMINSIND
2025-04-11 05:45:00+00:00,2827.5,2835.949951171875,2765.0,2775.050048828125,80509,CUMMINSIND
2025-04-11 06:45:00+00:00,2840.800048828125,2852.0,2825.050048828125,2827.300048828125,84289,CUMMINSIND
2025-04-11 07:45:00+00:00,2827.14990234375,2843.949951171875,2820.0,2841.75,60268,CUMMINSIND
2025-04-11 08:45:00+00:00,2816.199951171875,2845.85009765625,2811.10009765625,2827.14990234375,100205,CUMMINSIND
2025-04-11 09:45:00+00:00,2814.949951171875,2819.0,2806.050048828125,2815.5,57561,CUMMINSIND
2025-04-15 03:45:00+00:00,2908.800048828125,2921.800048828125,2856.199951171875,2871.39990234375,0,CUMMINSIND
2025-04-15 04:45:00+00:00,2894.39990234375,2929.0,2892.300048828125,2909.199951171875,77905,CUMMINSIND
2025-04-15 05:45:00+00:00,2888.5,2898.300048828125,2876.199951171875,2895.199951171875,69042,CUMMINSIND
2025-04-15 06:45:00+00:00,2878.0,2891.800048828125,2872.89990234375,2888.60009765625,48495,CUMMINSIND
2025-04-15 07:45:00+00:00,2894.800048828125,2894.800048828125,2875.10009765625,2878.199951171875,53594,CUMMINSIND
2025-04-15 08:45:00+00:00,2914.5,2918.39990234375,2891.89990234375,2894.800048828125,117629,CUMMINSIND
2025-04-15 09:45:00+00:00,2935.0,2939.199951171875,2912.89990234375,2914.39990234375,65749,CUMMINSIND
2025-04-16 03:45:00+00:00,2943.10009765625,2946.39990234375,2904.300048828125,2925.10009765625,43435,CUMMINSIND
2025-04-16 04:45:00+00:00,2922.10009765625,2944.0,2905.39990234375,2944.0,32248,CUMMINSIND
2025-04-16 05:45:00+00:00,2920.89990234375,2925.0,2914.0,2922.10009765625,12067,CUMMINSIND
2025-04-16 06:45:00+00:00,2908.0,2925.0,2901.0,2919.0,17249,CUMMINSIND
2025-04-16 07:45:00+00:00,2894.199951171875,2908.60009765625,2887.0,2907.89990234375,35760,CUMMINSIND
2025-04-16 08:45:00+00:00,2893.800048828125,2900.0,2891.199951171875,2892.699951171875,24435,CUMMINSIND
2025-04-16 09:45:00+00:00,2898.0,2898.39990234375,2891.199951171875,2892.800048828125,19583,CUMMINSIND
2025-04-17 03:45:00+00:00,2844.10009765625,2896.199951171875,2831.60009765625,2885.0,0,CUMMINSIND
2025-04-17 04:45:00+00:00,2869.39990234375,2872.89990234375,2837.699951171875,2843.39990234375,84808,CUMMINSIND
2025-04-17 05:45:00+00:00,2881.5,2884.60009765625,2870.300048828125,2870.300048828125,127327,CUMMINSIND
2025-04-17 06:45:00+00:00,2891.89990234375,2906.89990234375,2881.0,2881.89990234375,65016,CUMMINSIND
2025-04-17 07:45:00+00:00,2885.0,2899.10009765625,2881.5,2891.89990234375,43654,CUMMINSIND
2025-04-17 08:45:00+00:00,2890.800048828125,2891.89990234375,2881.0,2884.699951171875,50271,CUMMINSIND
2025-04-17 09:45:00+00:00,2888.89990234375,2894.5,2885.0,2890.800048828125,32814,CUMMINSIND
2025-04-21 03:45:00+00:00,2922.60009765625,2946.0,2891.199951171875,2900.0,0,CUMMINSIND
2025-04-21 04:45:00+00:00,2930.10009765625,2938.39990234375,2921.89990234375,2922.699951171875,29698,CUMMINSIND
2025-04-21 05:45:00+00:00,2924.800048828125,2930.5,2910.699951171875,2930.5,40684,CUMMINSIND
2025-04-21 06:45:00+00:00,2920.699951171875,2934.5,2917.89990234375,2924.300048828125,36945,CUMMINSIND
2025-04-21 07:45:00+00:00,2901.0,2922.0,2894.0,2920.300048828125,52431,CUMMINSIND
2025-04-21 08:45:00+00:00,2915.60009765625,2929.0,2900.0,2901.0,84724,CUMMINSIND
2025-04-21 09:45:00+00:00,2914.60009765625,2921.0,2906.0,2915.5,28350,CUMMINSIND
2025-04-22 03:45:00+00:00,2930.89990234375,2938.0,2894.10009765625,2914.699951171875,0,CUMMINSIND
2025-04-22 04:45:00+00:00,2920.10009765625,2936.699951171875,2920.0,2933.10009765625,28829,CUMMINSIND
2025-04-22 05:45:00+00:00,2914.10009765625,2925.5,2896.60009765625,2920.10009765625,35828,CUMMINSIND
2025-04-22 06:45:00+00:00,2909.0,2915.0,2903.5,2913.5,6711,CUMMINSIND
2025-04-22 07:45:00+00:00,2905.0,2910.89990234375,2901.10009765625,2908.89990234375,42247,CUMMINSIND
2025-04-22 08:45:00+00:00,2900.699951171875,2909.0,2895.10009765625,2905.0,25861,CUMMINSIND
2025-04-22 09:45:00+00:00,2896.5,2904.5,2871.60009765625,2900.60009765625,18881,CUMMINSIND
2025-04-23 03:45:00+00:00,2872.699951171875,2922.60009765625,2871.699951171875,2900.0,0,CUMMINSIND
2025-04-23 04:45:00+00:00,2876.39990234375,2893.5,2860.0,2872.10009765625,55326,CUMMINSIND
2025-04-23 05:45:00+00:00,2874.39990234375,2888.10009765625,2869.0,2875.199951171875,46001,CUMMINSIND
2025-04-23 06:45:00+00:00,2890.0,2897.5,2871.0,2874.39990234375,34768,CUMMINSIND
2025-04-23 07:45:00+00:00,2945.199951171875,2954.699951171875,2888.300048828125,2890.0,65132,CUMMINSIND
2025-04-23 08:45:00+00:00,2966.89990234375,2972.60009765625,2942.89990234375,2945.10009765625,73234,CUMMINSIND
2025-04-23 09:45:00+00:00,2960.0,2969.800048828125,2960.0,2966.800048828125,27457,CUMMINSIND
2025-04-24 03:45:00+00:00,2918.89990234375,2960.0,2891.699951171875,2960.0,0,CUMMINSIND
2025-04-24 04:45:00+00:00,2922.10009765625,2932.5,2915.10009765625,2917.699951171875,74224,CUMMINSIND
2025-04-24 05:45:00+00:00,2910.0,2924.60009765625,2901.0,2922.10009765625,89800,CUMMINSIND
2025-04-24 06:45:00+00:00,2912.39990234375,2916.5,2900.0,2910.0,73639,CUMMINSIND
2025-04-24 07:45:00+00:00,2925.39990234375,2928.300048828125,2911.39990234375,2912.39990234375,42601,CUMMINSIND
2025-04-24 08:45:00+00:00,2936.699951171875,2945.0,2924.10009765625,2925.39990234375,123110,CUMMINSIND
2025-04-24 09:45:00+00:00,2934.800048828125,2936.5,2930.0,2936.5,31039,CUMMINSIND
2025-04-25 03:45:00+00:00,2863.89990234375,2954.10009765625,2841.300048828125,2932.89990234375,0,CUMMINSIND
2025-04-25 04:45:00+00:00,2836.10009765625,2869.10009765625,2813.39990234375,2865.800048828125,120377,CUMMINSIND
2025-04-25 05:45:00+00:00,2826.10009765625,2836.10009765625,2798.10009765625,2835.300048828125,92984,CUMMINSIND
2025-04-25 06:45:00+00:00,2865.199951171875,2867.5,2826.199951171875,2826.89990234375,70991,CUMMINSIND
2025-04-25 07:45:00+00:00,2866.89990234375,2876.800048828125,2862.60009765625,2865.0,39500,CUMMINSIND
2025-04-25 08:45:00+00:00,2865.5,2870.89990234375,2850.39990234375,2867.10009765625,76480,CUMMINSIND
2025-04-25 09:45:00+00:00,2861.10009765625,2865.60009765625,2835.0,2865.39990234375,39603,CUMMINSIND
2025-04-28 03:45:00+00:00,2906.300048828125,2912.39990234375,2850.0,2850.0,0,CUMMINSIND
2025-04-28 04:45:00+00:00,2889.0,2910.10009765625,2881.0,2907.5,25980,CUMMINSIND
2025-04-28 05:45:00+00:00,2908.5,2913.60009765625,2888.5,2889.10009765625,22382,CUMMINSIND
2025-04-28 06:45:00+00:00,2921.60009765625,2924.199951171875,2908.5,2909.0,29413,CUMMINSIND
2025-04-28 07:45:00+00:00,2922.300048828125,2930.0,2914.60009765625,2919.89990234375,17220,CUMMINSIND
2025-04-28 08:45:00+00:00,2914.199951171875,2938.10009765625,2910.800048828125,2923.699951171875,90699,CUMMINSIND
2025-04-28 09:45:00+00:00,2920.60009765625,2923.89990234375,2912.89990234375,2913.699951171875,37727,CUMMINSIND
2025-04-29 03:45:00+00:00,2922.800048828125,2955.0,2908.300048828125,2918.0,0,CUMMINSIND
2025-04-29 04:45:00+00:00,2919.0,2928.199951171875,2911.699951171875,2921.800048828125,54673,CUMMINSIND
2025-04-29 05:45:00+00:00,2917.10009765625,2921.60009765625,2915.5,2917.89990234375,41128,CUMMINSIND
2025-04-29 06:45:00+00:00,2917.60009765625,2929.5,2915.5,2917.0,30402,CUMMINSIND
2025-04-29 07:45:00+00:00,2890.0,2921.0,2888.60009765625,2917.5,43062,CUMMINSIND
2025-04-29 08:45:00+00:00,2901.10009765625,2904.0,2885.0,2890.199951171875,55523,CUMMINSIND
2025-04-29 09:45:00+00:00,2902.300048828125,2909.89990234375,2896.10009765625,2901.10009765625,30001,CUMMINSIND
2025-04-30 03:45:00+00:00,2902.199951171875,2923.39990234375,2871.699951171875,2885.300048828125,0,CUMMINSIND
2025-04-30 04:45:00+00:00,2911.39990234375,2928.800048828125,2895.60009765625,2901.300048828125,27514,CUMMINSIND
2025-04-30 05:45:00+00:00,2912.39990234375,2916.89990234375,2908.10009765625,2911.39990234375,16923,CUMMINSIND
2025-04-30 06:45:00+00:00,2895.0,2915.0,2895.0,2912.5,14351,CUMMINSIND
2025-04-30 07:45:00+00:00,2887.10009765625,2911.0,2885.0,2894.300048828125,28850,CUMMINSIND
2025-04-30 08:45:00+00:00,2901.10009765625,2907.10009765625,2883.60009765625,2887.10009765625,117151,CUMMINSIND
2025-04-30 09:45:00+00:00,2880.10009765625,2901.10009765625,2880.0,2901.10009765625,67806,CUMMINSIND
2025-05-02 03:45:00+00:00,2953.300048828125,2954.0,2890.0,2890.0,0,CUMMINSIND
2025-05-02 04:45:00+00:00,2930.199951171875,2961.300048828125,2920.0,2953.300048828125,61323,CUMMINSIND
2025-05-02 05:45:00+00:00,2903.5,2930.699951171875,2899.5,2930.199951171875,42294,CUMMINSIND
2025-05-02 06:45:00+00:00,2893.5,2903.800048828125,2883.0,2903.800048828125,28890,CUMMINSIND
2025-05-02 07:45:00+00:00,2896.199951171875,2913.800048828125,2895.39990234375,2895.39990234375,15969,CUMMINSIND
2025-05-02 08:45:00+00:00,2892.199951171875,2900.199951171875,2881.0,2896.199951171875,31939,CUMMINSIND
2025-05-02 09:45:00+00:00,2888.699951171875,2892.39990234375,2880.0,2892.199951171875,19086,CUMMINSIND
2025-05-05 03:45:00+00:00,2916.39990234375,2932.5,2890.10009765625,2894.199951171875,0,CUMMINSIND
2025-05-05 04:45:00+00:00,2931.60009765625,2934.0,2907.300048828125,2915.0,52196,CUMMINSIND
2025-05-05 05:45:00+00:00,2937.300048828125,2951.0,2925.0,2933.0,91031,CUMMINSIND
2025-05-05 06:45:00+00:00,2925.5,2941.5,2921.10009765625,2937.5,58939,CUMMINSIND
2025-05-05 07:45:00+00:00,2947.199951171875,2963.0,2925.199951171875,2925.300048828125,75342,CUMMINSIND
2025-05-05 08:45:00+00:00,2936.5,2949.699951171875,2934.199951171875,2946.199951171875,79962,CUMMINSIND
2025-05-05 09:45:00+00:00,2936.5,2944.199951171875,2936.5,2936.5,37913,CUMMINSIND
2025-05-06 03:45:00+00:00,2785.0,2800.0,2715.699951171875,2781.5,685681,CUMMINSIND
2025-05-06 04:45:00+00:00,2815.10009765625,2818.5,2780.5,2784.39990234375,278441,CUMMINSIND
2025-05-06 05:45:00+00:00,2788.60009765625,2815.800048828125,2780.0,2815.0,217516,CUMMINSIND
2025-05-06 06:45:00+00:00,2800.39990234375,2804.699951171875,2784.0,2788.60009765625,86468,CUMMINSIND
2025-05-06 07:45:00+00:00,2804.199951171875,2813.39990234375,2798.60009765625,2800.199951171875,133611,CUMMINSIND
2025-05-06 08:45:00+00:00,2786.10009765625,2804.10009765625,2780.0,2804.10009765625,183872,CUMMINSIND
2025-05-06 09:45:00+00:00,2790.300048828125,2796.39990234375,2785.0,2786.0,131336,CUMMINSIND
2025-05-07 03:45:00+00:00,2817.199951171875,2862.199951171875,2779.699951171875,2779.699951171875,0,CUMMINSIND
2025-05-07 04:45:00+00:00,2847.699951171875,2847.699951171875,2806.300048828125,2817.300048828125,94130,CUMMINSIND
2025-05-07 05:45:00+00:00,2836.199951171875,2849.89990234375,2821.60009765625,2847.699951171875,75554,CUMMINSIND
2025-05-07 06:45:00+00:00,2841.5,2848.0,2831.10009765625,2836.39990234375,46601,CUMMINSIND
2025-05-07 07:45:00+00:00,2849.0,2849.0,2826.0,2841.5,54933,CUMMINSIND
2025-05-07 08:45:00+00:00,2840.699951171875,2849.89990234375,2831.10009765625,2848.39990234375,104330,CUMMINSIND
2025-05-07 09:45:00+00:00,2843.5,2850.0,2840.699951171875,2840.89990234375,89617,CUMMINSIND
2025-05-08 03:45:00+00:00,2823.800048828125,2848.699951171875,2797.5,2848.699951171875,0,CUMMINSIND
2025-05-08 04:45:00+00:00,2811.199951171875,2827.5,2804.0,2820.89990234375,20084,CUMMINSIND
2025-05-08 05:45:00+00:00,2794.10009765625,2812.0,2791.10009765625,2812.0,29709,CUMMINSIND
2025-05-08 06:45:00+00:00,2791.39990234375,2807.300048828125,2790.0,2794.0,38727,CUMMINSIND
2025-05-08 07:45:00+00:00,2779.5,2792.0,2775.0,2792.0,132874,CUMMINSIND
2025-05-08 08:45:00+00:00,2775.300048828125,2792.89990234375,2758.10009765625,2779.699951171875,190691,CUMMINSIND
2025-05-08 09:45:00+00:00,2770.699951171875,2776.5,2752.800048828125,2775.199951171875,91687,CUMMINSIND
2025-05-09 03:45:00+00:00,2740.800048828125,2755.0,2720.89990234375,2731.5,0,CUMMINSIND
2025-05-09 04:45:00+00:00,2740.0,2751.39990234375,2734.39990234375,2740.800048828125,111349,CUMMINSIND
2025-05-09 05:45:00+00:00,2754.89990234375,2764.699951171875,2738.699951171875,2740.0,58347,CUMMINSIND
2025-05-09 06:45:00+00:00,2716.800048828125,2755.89990234375,2708.0,2755.10009765625,91840,CUMMINSIND
2025-05-09 07:45:00+00:00,2725.60009765625,2727.89990234375,2706.0,2717.60009765625,47892,CUMMINSIND
2025-05-09 08:45:00+00:00,2735.0,2745.0,2718.10009765625,2725.300048828125,97643,CUMMINSIND
2025-05-09 09:45:00+00:00,2736.300048828125,2747.89990234375,2734.89990234375,2735.0,32298,CUMMINSIND
2025-05-12 03:45:00+00:00,2844.60009765625,2851.89990234375,2793.10009765625,2793.10009765625,0,CUMMINSIND
2025-05-12 04:45:00+00:00,2822.0,2853.699951171875,2820.0,2844.60009765625,104786,CUMMINSIND
2025-05-12 05:45:00+00:00,2834.199951171875,2838.300048828125,2817.60009765625,2822.0,25084,CUMMINSIND
2025-05-12 06:45:00+00:00,2844.89990234375,2849.0,2828.800048828125,2834.800048828125,22069,CUMMINSIND
2025-05-12 07:45:00+00:00,2878.5,2878.5,2844.10009765625,2844.10009765625,62418,CUMMINSIND
2025-05-12 08:45:00+00:00,2862.300048828125,2884.0,2860.699951171875,2878.39990234375,145973,CUMMINSIND
2025-05-12 09:45:00+00:00,2863.0,2864.0,2856.0,2862.199951171875,85008,CUMMINSIND
2025-05-13 03:45:00+00:00,2874.699951171875,2883.0,2850.0,2862.0,0,CUMMINSIND
2025-05-13 04:45:00+00:00,2875.39990234375,2892.5,2865.0,2875.0,63876,CUMMINSIND
2025-05-13 05:45:00+00:00,2904.5,2909.0,2874.60009765625,2875.60009765625,52740,CUMMINSIND
2025-05-13 06:45:00+00:00,2879.800048828125,2904.60009765625,2873.800048828125,2903.5,35680,CUMMINSIND
2025-05-13 07:45:00+00:00,2872.699951171875,2886.60009765625,2861.699951171875,2879.800048828125,31222,CUMMINSIND
2025-05-13 08:45:00+00:00,2879.699951171875,2883.800048828125,2861.5,2872.300048828125,74917,CUMMINSIND
2025-05-13 09:45:00+00:00,2880.0,2885.300048828125,2875.60009765625,2879.800048828125,32291,CUMMINSIND
2025-05-14 03:45:00+00:00,2901.60009765625,2920.0,2883.0,2885.0,0,CUMMINSIND
2025-05-14 04:45:00+00:00,2890.0,2905.0,2887.0,2901.60009765625,66508,CUMMINSIND
2025-05-14 05:45:00+00:00,2883.0,2893.0,2870.5,2890.0,28444,CUMMINSIND
2025-05-14 06:45:00+00:00,2873.300048828125,2883.10009765625,2856.5,2882.60009765625,29870,CUMMINSIND
2025-05-14 07:45:00+00:00,2863.300048828125,2876.800048828125,2861.10009765625,2872.300048828125,19825,CUMMINSIND
2025-05-14 08:45:00+00:00,2871.39990234375,2873.699951171875,2856.89990234375,2863.300048828125,57814,CUMMINSIND
2025-05-14 09:45:00+00:00,2872.0,2880.89990234375,2868.89990234375,2871.39990234375,47570,CUMMINSIND
2025-05-15 03:45:00+00:00,2909.5,2914.0,2884.5,2900.60009765625,0,CUMMINSIND
2025-05-15 04:45:00+00:00,2896.5,2915.89990234375,2895.199951171875,2909.5,37723,CUMMINSIND
2025-05-15 05:45:00+00:00,2883.699951171875,2902.5,2879.5,2896.300048828125,107299,CUMMINSIND
2025-05-15 06:45:00+00:00,2924.0,2925.0,2876.10009765625,2883.699951171875,94173,CUMMINSIND
2025-05-15 07:45:00+00:00,2941.699951171875,2943.89990234375,2916.300048828125,2924.699951171875,153425,CUMMINSIND
2025-05-15 08:45:00+00:00,2947.39990234375,2954.39990234375,2940.0,2942.300048828125,105333,CUMMINSIND
2025-05-15 09:45:00+00:00,2949.199951171875,2952.89990234375,2941.800048828125,2948.39990234375,71447,CUMMINSIND
2025-05-16 03:45:00+00:00,2989.89990234375,3005.0,2937.800048828125,2954.300048828125,0,CUMMINSIND
2025-05-16 04:45:00+00:00,2991.699951171875,3009.300048828125,2981.5,2989.10009765625,79734,CUMMINSIND
2025-05-16 05:45:00+00:00,3011.60009765625,3018.89990234375,2987.10009765625,2991.199951171875,66775,CUMMINSIND
2025-05-16 06:45:00+00:00,3019.0,3021.89990234375,3007.0,3011.89990234375,67216,CUMMINSIND
2025-05-16 07:45:00+00:00,3037.5,3043.0,3017.60009765625,3019.199951171875,49908,CUMMINSIND
2025-05-16 08:45:00+00:00,3037.0,3039.60009765625,3013.10009765625,3038.0,75241,CUMMINSIND
2025-05-16 09:45:00+00:00,3035.60009765625,3042.60009765625,3035.0,3037.0,35605,CUMMINSIND
2025-05-19 03:45:00+00:00,3008.699951171875,3063.60009765625,2996.39990234375,3029.89990234375,0,CUMMINSIND
2025-05-19 04:45:00+00:00,3040.0,3049.0,3006.800048828125,3008.89990234375,55949,CUMMINSIND
2025-05-19 05:45:00+00:00,3043.199951171875,3046.39990234375,3028.300048828125,3039.199951171875,50041,CUMMINSIND
2025-05-19 06:45:00+00:00,3040.5,3052.699951171875,3035.5,3043.199951171875,55178,CUMMINSIND
2025-05-19 07:45:00+00:00,3017.89990234375,3042.0,3015.39990234375,3040.60009765625,32079,CUMMINSIND
2025-05-19 08:45:00+00:00,2988.699951171875,3023.300048828125,2981.39990234375,3019.0,248947,CUMMINSIND
2025-05-19 09:45:00+00:00,3004.60009765625,3025.0,2987.39990234375,2988.60009765625,219860,CUMMINSIND
2025-05-20 03:45:00+00:00,2951.10009765625,3014.300048828125,2946.39990234375,3009.199951171875,0,CUMMINSIND
2025-05-20 04:45:00+00:00,2981.699951171875,2992.0,2945.89990234375,2951.300048828125,89637,CUMMINSIND
2025-05-20 05:45:00+00:00,2974.5,2981.89990234375,2965.800048828125,2981.699951171875,47761,CUMMINSIND
2025-05-20 06:45:00+00:00,2975.800048828125,2981.5,2958.699951171875,2974.5,53488,CUMMINSIND
2025-05-20 07:45:00+00:00,2944.10009765625,2978.0,2937.89990234375,2975.0,88461,CUMMINSIND
2025-05-20 08:45:00+00:00,2950.89990234375,2955.0,2939.0,2944.10009765625,316830,CUMMINSIND
2025-05-20 09:45:00+00:00,2949.699951171875,2957.5,2949.0,2950.89990234375,72424,CUMMINSIND
2025-05-21 03:45:00+00:00,2976.300048828125,2982.300048828125,2947.10009765625,2958.300048828125,0,CUMMINSIND
2025-05-21 04:45:00+00:00,2969.0,2988.0,2962.39990234375,2980.0,62551,CUMMINSIND
2025-05-21 05:45:00+00:00,2971.39990234375,2981.10009765625,2962.39990234375,2967.800048828125,74507,CUMMINSIND
2025-05-21 06:45:00+00:00,2984.800048828125,3008.0,2968.60009765625,2971.300048828125,209361,CUMMINSIND
2025-05-21 07:45:00+00:00,2989.800048828125,2993.699951171875,2972.10009765625,2984.800048828125,58337,CUMMINSIND
2025-05-21 08:45:00+00:00,2978.89990234375,2994.0,2976.0,2989.39990234375,83085,CUMMINSIND
2025-05-21 09:45:00+00:00,2984.89990234375,2988.39990234375,2978.10009765625,2978.89990234375,54129,CUMMINSIND
2025-05-22 03:45:00+00:00,3006.800048828125,3007.0,2957.5,2963.699951171875,0,CUMMINSIND
2025-05-22 04:45:00+00:00,2975.0,3018.199951171875,2975.0,3006.60009765625,103523,CUMMINSIND
2025-05-22 05:45:00+00:00,2972.60009765625,2978.39990234375,2963.699951171875,2974.0,78891,CUMMINSIND
2025-05-22 06:45:00+00:00,2971.0,2988.0,2966.5,2972.60009765625,46329,CUMMINSIND
2025-05-22 07:45:00+00:00,2970.5,2983.199951171875,2964.0,2970.10009765625,70771,CUMMINSIND
2025-05-22 08:45:00+00:00,2977.199951171875,2980.39990234375,2956.5,2970.5,147555,CUMMINSIND
2025-05-22 09:45:00+00:00,2980.199951171875,2990.0,2976.0,2977.199951171875,66797,CUMMINSIND
2025-05-23 03:45:00+00:00,3000.0,3009.199951171875,2979.699951171875,2989.5,0,CUMMINSIND
2025-05-23 04:45:00+00:00,2981.0,3008.60009765625,2969.89990234375,3000.199951171875,57610,CUMMINSIND
2025-05-23 05:45:00+00:00,2962.0,2992.0,2962.0,2982.0,60220,CUMMINSIND
2025-05-23 06:45:00+00:00,2946.10009765625,2974.89990234375,2945.699951171875,2963.300048828125,89944,CUMMINSIND
2025-05-23 07:45:00+00:00,2939.60009765625,2946.0,2927.300048828125,2946.0,119598,CUMMINSIND
2025-05-23 08:45:00+00:00,2938.199951171875,2957.5,2932.39990234375,2939.39990234375,100007,CUMMINSIND
2025-05-23 09:45:00+00:00,2936.10009765625,2949.199951171875,2933.39990234375,2938.10009765625,32840,CUMMINSIND
2025-05-26 03:45:00+00:00,2962.800048828125,2973.199951171875,2947.0,2960.0,0,CUMMINSIND
2025-05-26 04:45:00+00:00,2937.89990234375,2972.0,2932.800048828125,2962.699951171875,84318,CUMMINSIND
2025-05-26 05:45:00+00:00,2923.5,2943.5,2922.10009765625,2938.10009765625,36885,CUMMINSIND
2025-05-26 06:45:00+00:00,2921.300048828125,2925.0,2915.89990234375,2924.300048828125,49010,CUMMINSIND
2025-05-26 07:45:00+00:00,2943.0,2946.300048828125,2919.39990234375,2921.89990234375,54372,CUMMINSIND
2025-05-26 08:45:00+00:00,2945.60009765625,2948.39990234375,2936.800048828125,2943.0,47441,CUMMINSIND
2025-05-26 09:45:00+00:00,2944.60009765625,2948.5,2940.0,2945.5,12510,CUMMINSIND
2025-05-27 03:45:00+00:00,2943.60009765625,2957.5,2923.0,2957.5,0,CUMMINSIND
2025-05-27 04:45:00+00:00,2966.300048828125,2972.800048828125,2938.5,2943.60009765625,31224,CUMMINSIND
2025-05-27 05:45:00+00:00,2953.800048828125,2970.89990234375,2950.0,2965.0,114592,CUMMINSIND
2025-05-27 06:45:00+00:00,2967.39990234375,2979.10009765625,2951.300048828125,2953.60009765625,74108,CUMMINSIND
2025-05-27 07:45:00+00:00,2953.300048828125,2985.60009765625,2950.0,2967.39990234375,79369,CUMMINSIND
2025-05-27 08:45:00+00:00,2973.89990234375,2977.0,2950.0,2954.5,105337,CUMMINSIND
2025-05-27 09:45:00+00:00,2973.89990234375,2981.300048828125,2967.5,2973.89990234375,50232,CUMMINSIND
2025-05-28 03:45:00+00:00,3000.10009765625,3007.0,2968.0,2985.10009765625,0,CUMMINSIND
2025-05-28 04:45:00+00:00,3015.39990234375,3022.699951171875,2993.800048828125,3000.5,106355,CUMMINSIND
2025-05-28 05:45:00+00:00,3020.0,3020.0,2999.0,3015.800048828125,88887,CUMMINSIND
2025-05-28 06:45:00+00:00,3006.60009765625,3020.0,3003.5,3020.0,63349,CUMMINSIND
2025-05-28 07:45:00+00:00,3005.0,3010.0,2999.0,3006.300048828125,54257,CUMMINSIND
2025-05-28 08:45:00+00:00,2985.5,3009.39990234375,2981.60009765625,3004.89990234375,132903,CUMMINSIND
2025-05-28 09:45:00+00:00,2960.0,2983.60009765625,2959.300048828125,2983.5,118886,CUMMINSIND
2025-05-29 03:45:00+00:00,3034.10009765625,3074.699951171875,3009.0,3009.0,18525,CUMMINSIND
2025-05-29 04:45:00+00:00,3152.699951171875,3157.0,3035.0,3035.199951171875,951247,CUMMINSIND
2025-05-29 05:45:00+00:00,3171.10009765625,3172.0,3121.0,3150.89990234375,494258,CUMMINSIND
2025-05-29 06:45:00+00:00,3184.0,3195.699951171875,3168.300048828125,3171.60009765625,593169,CUMMINSIND
2025-05-29 07:45:00+00:00,3188.60009765625,3206.800048828125,3175.199951171875,3184.800048828125,543672,CUMMINSIND
2025-05-29 08:45:00+00:00,3167.5,3188.89990234375,3155.10009765625,3188.89990234375,582941,CUMMINSIND
2025-05-29 09:45:00+00:00,3172.699951171875,3178.0,3165.0,3167.0,205161,CUMMINSIND
2025-05-30 03:45:00+00:00,3274.199951171875,3288.699951171875,3188.800048828125,3188.800048828125,1050281,CUMMINSIND
2025-05-30 04:45:00+00:00,3272.699951171875,3275.89990234375,3251.300048828125,3273.300048828125,329351,CUMMINSIND
2025-05-30 05:45:00+00:00,3270.699951171875,3282.699951171875,3256.89990234375,3272.699951171875,233187,CUMMINSIND
2025-05-30 06:45:00+00:00,3275.0,3276.0,3262.0,3271.300048828125,144476,CUMMINSIND
2025-05-30 07:45:00+00:00,3272.89990234375,3281.0,3267.10009765625,3275.0,155424,CUMMINSIND
2025-05-30 08:45:00+00:00,3270.800048828125,3275.0,3265.199951171875,3272.89990234375,471209,CUMMINSIND
2025-05-30 09:45:00+00:00,3268.10009765625,3273.10009765625,3259.60009765625,3270.699951171875,516235,CUMMINSIND
2025-06-02 03:45:00+00:00,3257.89990234375,3267.89990234375,3231.300048828125,3251.0,0,CUMMINSIND
2025-06-02 04:45:00+00:00,3287.0,3295.39990234375,3223.39990234375,3258.60009765625,180397,CUMMINSIND
2025-06-02 05:45:00+00:00,3313.60009765625,3313.60009765625,3280.0,3287.89990234375,223566,CUMMINSIND
2025-06-02 06:45:00+00:00,3297.39990234375,3318.800048828125,3292.60009765625,3313.800048828125,176899,CUMMINSIND
2025-06-02 07:45:00+00:00,3292.89990234375,3309.199951171875,3291.300048828125,3297.699951171875,93116,CUMMINSIND
2025-06-02 08:45:00+00:00,3321.89990234375,3325.0,3291.5,3293.0,214669,CUMMINSIND
2025-06-02 09:45:00+00:00,3315.0,3321.89990234375,3305.0,3321.89990234375,102597,CUMMINSIND
2025-06-03 03:45:00+00:00,3335.800048828125,3359.0,3303.199951171875,3319.300048828125,0,CUMMINSIND
2025-06-03 04:45:00+00:00,3334.0,3340.60009765625,3327.10009765625,3334.199951171875,80822,CUMMINSIND
2025-06-03 05:45:00+00:00,3325.60009765625,3339.699951171875,3324.0,3334.0,81312,CUMMINSIND
2025-06-03 06:45:00+00:00,3317.89990234375,3326.39990234375,3311.39990234375,3325.39990234375,90984,CUMMINSIND
2025-06-03 07:45:00+00:00,3318.800048828125,3329.5,3313.60009765625,3318.39990234375,85144,CUMMINSIND
2025-06-03 08:45:00+00:00,3314.39990234375,3320.5,3310.699951171875,3320.10009765625,176703,CUMMINSIND
2025-06-03 09:45:00+00:00,3318.60009765625,3319.89990234375,3304.0,3314.39990234375,81306,CUMMINSIND
2025-06-04 03:45:00+00:00,3335.89990234375,3376.699951171875,3322.199951171875,3327.10009765625,0,CUMMINSIND
2025-06-04 04:45:00+00:00,3350.39990234375,3362.10009765625,3335.10009765625,3336.5,139055,CUMMINSIND
2025-06-04 05:45:00+00:00,3359.699951171875,3363.0,3343.10009765625,3350.699951171875,161115,CUMMINSIND
2025-06-04 06:45:00+00:00,3346.10009765625,3367.60009765625,3344.10009765625,3360.0,104644,CUMMINSIND
2025-06-04 07:45:00+00:00,3347.5,3351.39990234375,3335.39990234375,3345.0,83268,CUMMINSIND
2025-06-04 08:45:00+00:00,3346.5,3354.699951171875,3333.60009765625,3347.300048828125,178208,CUMMINSIND
2025-06-04 09:45:00+00:00,3346.89990234375,3350.10009765625,3340.300048828125,3345.800048828125,71718,CUMMINSIND
2025-06-05 03:45:00+00:00,3339.199951171875,3359.699951171875,3335.10009765625,3359.699951171875,0,CUMMINSIND
2025-06-05 04:45:00+00:00,3335.60009765625,3344.39990234375,3327.60009765625,3338.5,44837,CUMMINSIND
2025-06-05 05:45:00+00:00,3353.699951171875,3356.10009765625,3333.10009765625,3333.89990234375,36228,CUMMINSIND
2025-06-05 06:45:00+00:00,3360.0,3367.39990234375,3345.0,3355.0,101442,CUMMINSIND
2025-06-05 07:45:00+00:00,3344.0,3378.89990234375,3340.0,3359.89990234375,130837,CUMMINSIND
2025-06-05 08:45:00+00:00,3353.10009765625,3356.699951171875,3343.0,3344.0,78694,CUMMINSIND
2025-06-05 09:45:00+00:00,3349.89990234375,3352.60009765625,3346.60009765625,3352.39990234375,39997,CUMMINSIND
2025-06-06 03:45:00+00:00,3362.0,3377.39990234375,3349.60009765625,3365.0,113281,CUMMINSIND
2025-06-06 04:45:00+00:00,3380.10009765625,3380.10009765625,3355.300048828125,3361.10009765625,94948,CUMMINSIND
2025-06-06 05:45:00+00:00,3393.199951171875,3407.199951171875,3375.5,3382.5,160355,CUMMINSIND
2025-06-06 06:45:00+00:00,3381.10009765625,3394.0,3375.0,3393.199951171875,37525,CUMMINSIND
2025-06-06 07:45:00+00:00,3389.60009765625,3399.5,3374.300048828125,3381.300048828125,37331,CUMMINSIND
2025-06-06 08:45:00+00:00,3384.39990234375,3393.800048828125,3378.300048828125,3389.60009765625,87433,CUMMINSIND
2025-06-06 09:45:00+00:00,3384.10009765625,3386.39990234375,3375.0,3383.5,0,CUMMINSIND
2025-06-09 03:45:00+00:00,3388.60009765625,3419.199951171875,3385.0,3400.10009765625,0,CUMMINSIND
2025-06-09 04:45:00+00:00,3393.699951171875,3417.5,3387.0,3387.300048828125,26289,CUMMINSIND
2025-06-09 05:45:00+00:00,3395.0,3403.199951171875,3389.5,3393.699951171875,12551,CUMMINSIND
2025-06-09 06:45:00+00:00,3403.10009765625,3404.60009765625,3389.10009765625,3395.89990234375,6933,CUMMINSIND
2025-06-09 07:45:00+00:00,3414.5,3416.0,3401.10009765625,3404.5,19798,CUMMINSIND
2025-06-09 08:45:00+00:00,3410.5,3415.0,3402.699951171875,3415.0,34782,CUMMINSIND
2025-06-09 09:45:00+00:00,3411.800048828125,3414.5,3404.699951171875,3411.89990234375,0,CUMMINSIND
2025-06-10 03:45:00+00:00,3388.0,3415.0,3379.0,3415.0,40522,CUMMINSIND
2025-06-10 04:45:00+00:00,3386.5,3393.0,3378.0,3388.0,49908,CUMMINSIND
2025-06-10 05:45:00+00:00,3393.60009765625,3400.0,3385.0,3386.39990234375,27612,CUMMINSIND
2025-06-10 06:45:00+00:00,3397.0,3404.0,3389.10009765625,3393.89990234375,23160,CUMMINSIND
2025-06-10 07:45:00+00:00,3397.39990234375,3400.0,3390.699951171875,3397.0,20920,CUMMINSIND
2025-06-10 08:45:00+00:00,3387.5,3397.89990234375,3384.89990234375,3397.0,59021,CUMMINSIND
2025-06-10 09:45:00+00:00,3380.199951171875,3390.5,3380.199951171875,3387.5,37203,CUMMINSIND
2025-06-11 03:45:00+00:00,3394.699951171875,3399.0,3372.0,3393.5,0,CUMMINSIND
2025-06-11 04:45:00+00:00,3391.0,3403.300048828125,3381.199951171875,3393.60009765625,44053,CUMMINSIND
2025-06-11 05:45:00+00:00,3395.800048828125,3401.89990234375,3390.5,3390.5,25465,CUMMINSIND
2025-06-11 06:45:00+00:00,3394.800048828125,3399.89990234375,3392.0,3396.39990234375,18073,CUMMINSIND
2025-06-11 07:45:00+00:00,3368.89990234375,3396.199951171875,3364.10009765625,3394.199951171875,75342,CUMMINSIND
2025-06-11 08:45:00+00:00,3377.300048828125,3379.199951171875,3365.0,3369.699951171875,50472,CUMMINSIND
2025-06-11 09:45:00+00:00,3389.89990234375,3389.89990234375,3370.5,3376.60009765625,27125,CUMMINSIND
2025-06-12 03:45:00+00:00,3359.89990234375,3389.89990234375,3351.300048828125,3376.60009765625,109057,CUMMINSIND
2025-06-12 04:45:00+00:00,3357.89990234375,3369.300048828125,3353.10009765625,3360.699951171875,20261,CUMMINSIND
2025-06-12 05:45:00+00:00,3346.60009765625,3374.0,3344.0,3357.60009765625,29917,CUMMINSIND
2025-06-12 06:45:00+00:00,3345.0,3352.0,3341.39990234375,3347.39990234375,55359,CUMMINSIND
2025-06-12 07:45:00+00:00,3321.300048828125,3347.0,3316.800048828125,3345.0,51351,CUMMINSIND
2025-06-12 08:45:00+00:00,3325.0,3343.89990234375,3319.699951171875,3322.199951171875,81263,CUMMINSIND
2025-06-12 09:45:00+00:00,3322.5,3328.199951171875,3316.5,3324.89990234375,38148,CUMMINSIND
2025-06-13 03:45:00+00:00,3295.10009765625,3315.0,3269.699951171875,3269.699951171875,0,CUMMINSIND
2025-06-13 04:45:00+00:00,3284.60009765625,3298.300048828125,3282.300048828125,3298.300048828125,52978,CUMMINSIND
2025-06-13 05:45:00+00:00,3290.699951171875,3300.0,3282.5,3285.699951171875,48245,CUMMINSIND
2025-06-13 06:45:00+00:00,3303.800048828125,3305.39990234375,3288.0,3290.5,23009,CUMMINSIND
2025-06-13 07:45:00+00:00,3311.39990234375,3319.300048828125,3299.5,3305.300048828125,29157,CUMMINSIND
2025-06-13 08:45:00+00:00,3309.0,3314.10009765625,3297.0,3311.199951171875,55552,CUMMINSIND
2025-06-13 09:45:00+00:00,3310.0,3322.60009765625,3305.0,3308.5,36928,CUMMINSIND
2025-06-16 03:45:00+00:00,3292.10009765625,3335.199951171875,3275.0,3314.699951171875,0,CUMMINSIND
2025-06-16 04:45:00+00:00,3321.800048828125,3325.0,3292.0,3292.300048828125,23536,CUMMINSIND
2025-06-16 05:45:00+00:00,3326.39990234375,3347.89990234375,3320.0,3323.300048828125,32901,CUMMINSIND
2025-06-16 06:45:00+00:00,3305.699951171875,3328.800048828125,3305.10009765625,3326.39990234375,73338,CUMMINSIND
2025-06-16 07:45:00+00:00,3310.39990234375,3311.10009765625,3295.0,3305.10009765625,100091,CUMMINSIND
2025-06-16 08:45:00+00:00,3303.39990234375,3314.89990234375,3300.0,3310.5,130709,CUMMINSIND
2025-06-16 09:45:00+00:00,3302.5,3311.39990234375,3302.0,3303.39990234375,42057,CUMMINSIND
2025-06-17 03:45:00+00:00,3321.699951171875,3331.800048828125,3300.0,3315.0,170014,CUMMINSIND
2025-06-17 04:45:00+00:00,3330.89990234375,3338.0,3317.0,3322.0,126551,CUMMINSIND
2025-06-17 05:45:00+00:00,3306.699951171875,3339.39990234375,3306.699951171875,3331.0,78479,CUMMINSIND
2025-06-17 06:45:00+00:00,3309.800048828125,3313.199951171875,3294.10009765625,3308.0,46005,CUMMINSIND
2025-06-17 07:45:00+00:00,3315.39990234375,3318.0,3297.60009765625,3309.89990234375,83268,CUMMINSIND
2025-06-17 08:45:00+00:00,3320.199951171875,3324.5,3309.60009765625,3315.0,101808,CUMMINSIND
2025-06-17 09:45:00+00:00,3316.5,3321.300048828125,3310.10009765625,3320.199951171875,61365,CUMMINSIND
2025-06-18 03:45:00+00:00,3297.699951171875,3312.300048828125,3294.60009765625,3295.699951171875,0,CUMMINSIND
2025-06-18 04:45:00+00:00,3284.699951171875,3298.60009765625,3275.10009765625,3297.0,44389,CUMMINSIND
2025-06-18 05:45:00+00:00,3265.199951171875,3285.300048828125,3260.0,3284.60009765625,44059,CUMMINSIND
2025-06-18 06:45:00+00:00,3279.10009765625,3283.199951171875,3260.10009765625,3265.199951171875,67128,CUMMINSIND
2025-06-18 07:45:00+00:00,3274.5,3280.0,3270.60009765625,3279.0,35716,CUMMINSIND
2025-06-18 08:45:00+00:00,3276.800048828125,3282.39990234375,3269.300048828125,3275.10009765625,92116,CUMMINSIND
2025-06-18 09:45:00+00:00,3273.5,3280.60009765625,3271.0,3276.800048828125,54426,CUMMINSIND
2025-06-19 03:45:00+00:00,3287.0,3311.300048828125,3270.60009765625,3280.0,61218,CUMMINSIND
2025-06-19 04:45:00+00:00,3269.300048828125,3286.39990234375,3267.39990234375,3286.39990234375,42416,CUMMINSIND
2025-06-19 05:45:00+00:00,3261.699951171875,3276.0,3261.0,3268.800048828125,58175,CUMMINSIND
2025-06-19 06:45:00+00:00,3234.60009765625,3263.89990234375,3233.10009765625,3261.699951171875,70074,CUMMINSIND
2025-06-19 07:45:00+00:00,3247.60009765625,3251.10009765625,3232.199951171875,3234.60009765625,48462,CUMMINSIND
2025-06-19 08:45:00+00:00,3237.39990234375,3254.800048828125,3235.5,3248.0,62548,CUMMINSIND
2025-06-19 09:45:00+00:00,3231.0,3238.300048828125,3226.0,3237.0,66835,CUMMINSIND
2025-06-20 03:45:00+00:00,3268.10009765625,3269.89990234375,3225.89990234375,3229.0,58656,CUMMINSIND
2025-06-20 04:45:00+00:00,3295.89990234375,3306.0,3267.800048828125,3268.10009765625,47451,CUMMINSIND
2025-06-20 05:45:00+00:00,3286.60009765625,3306.89990234375,3281.60009765625,3297.800048828125,56631,CUMMINSIND
2025-06-20 06:45:00+00:00,3286.199951171875,3295.0,3266.300048828125,3286.0,84416,CUMMINSIND
2025-06-20 07:45:00+00:00,3280.0,3290.0,3276.300048828125,3286.10009765625,36498,CUMMINSIND
2025-06-20 08:45:00+00:00,3267.300048828125,3286.60009765625,3265.5,3279.199951171875,206751,CUMMINSIND
2025-06-20 09:45:00+00:00,3256.10009765625,3274.5,3256.0,3267.300048828125,128530,CUMMINSIND
2025-06-23 03:45:00+00:00,3234.699951171875,3264.199951171875,3221.10009765625,3235.699951171875,0,CUMMINSIND
2025-06-23 04:45:00+00:00,3235.300048828125,3245.699951171875,3218.60009765625,3236.10009765625,31537,CUMMINSIND
2025-06-23 05:45:00+00:00,3256.300048828125,3256.300048828125,3220.800048828125,3234.89990234375,31051,CUMMINSIND
2025-06-23 06:45:00+00:00,3255.800048828125,3269.39990234375,3248.300048828125,3255.0,38634,CUMMINSIND
2025-06-23 07:45:00+00:00,3251.89990234375,3265.89990234375,3238.39990234375,3255.800048828125,26012,CUMMINSIND
2025-06-23 08:45:00+00:00,3264.10009765625,3270.89990234375,3237.5,3251.89990234375,31829,CUMMINSIND
2025-06-23 09:45:00+00:00,3260.89990234375,3265.39990234375,3246.10009765625,3262.300048828125,18557,CUMMINSIND
2025-06-24 03:45:00+00:00,3322.60009765625,3339.0,3282.699951171875,3287.0,0,CUMMINSIND
2025-06-24 04:45:00+00:00,3324.199951171875,3332.89990234375,3311.0,3321.800048828125,102626,CUMMINSIND
2025-06-24 05:45:00+00:00,3317.60009765625,3338.0,3312.60009765625,3323.5,46683,CUMMINSIND
2025-06-24 06:45:00+00:00,3317.89990234375,3328.0,3314.0,3317.39990234375,37280,CUMMINSIND
2025-06-24 07:45:00+00:00,3300.5,3321.10009765625,3288.5,3318.300048828125,32872,CUMMINSIND
2025-06-24 08:45:00+00:00,3314.39990234375,3315.5,3298.699951171875,3299.800048828125,48968,CUMMINSIND
2025-06-24 09:45:00+00:00,3315.0,3315.0,3301.60009765625,3313.199951171875,33496,CUMMINSIND
2025-06-25 03:45:00+00:00,3293.699951171875,3335.0,3293.0,3335.0,43110,CUMMINSIND
2025-06-25 04:45:00+00:00,3289.10009765625,3310.0,3287.10009765625,3294.39990234375,47036,CUMMINSIND
2025-06-25 05:45:00+00:00,3282.0,3297.800048828125,3280.300048828125,3289.89990234375,29067,CUMMINSIND
2025-06-25 06:45:00+00:00,3301.5,3304.39990234375,3278.5,3281.800048828125,26641,CUMMINSIND
2025-06-25 07:45:00+00:00,3317.0,3317.0,3297.0,3301.800048828125,46117,CUMMINSIND
2025-06-25 08:45:00+00:00,3322.89990234375,3325.0,3308.699951171875,3316.800048828125,46775,CUMMINSIND
2025-06-25 09:45:00+00:00,3305.89990234375,3323.39990234375,3292.10009765625,3323.39990234375,26918,CUMMINSIND
2025-06-26 03:45:00+00:00,3328.10009765625,3345.0,3315.199951171875,3320.0,0,CUMMINSIND
2025-06-26 04:45:00+00:00,3339.10009765625,3347.39990234375,3323.5,3330.10009765625,39621,CUMMINSIND
2025-06-26 05:45:00+00:00,3385.0,3385.0,3334.0,3339.10009765625,117552,CUMMINSIND
2025-06-26 06:45:00+00:00,3383.60009765625,3393.0,3362.300048828125,3384.89990234375,186946,CUMMINSIND
2025-06-26 07:45:00+00:00,3361.199951171875,3389.800048828125,3360.800048828125,3383.60009765625,141127,CUMMINSIND
2025-06-26 08:45:00+00:00,3367.5,3375.0,3360.5,3360.800048828125,179969,CUMMINSIND
2025-06-26 09:45:00+00:00,3364.60009765625,3367.5,3351.39990234375,3366.89990234375,104708,CUMMINSIND
2025-06-27 03:45:00+00:00,3414.10009765625,3430.0,3366.0,3384.0,0,CUMMINSIND
2025-06-27 04:45:00+00:00,3411.699951171875,3415.89990234375,3391.800048828125,3413.800048828125,95986,CUMMINSIND
2025-06-27 05:45:00+00:00,3400.89990234375,3419.89990234375,3400.199951171875,3413.199951171875,71674,CUMMINSIND
2025-06-27 06:45:00+00:00,3379.199951171875,3402.10009765625,3377.10009765625,3400.89990234375,119069,CUMMINSIND
2025-06-27 07:45:00+00:00,3373.5,3381.199951171875,3370.199951171875,3378.199951171875,69120,CUMMINSIND
2025-06-27 08:45:00+00:00,3330.199951171875,3377.5,3325.89990234375,3373.5,478327,CUMMINSIND
2025-06-27 09:45:00+00:00,3337.199951171875,3358.39990234375,3327.0,3330.39990234375,253959,CUMMINSIND
2025-06-30 03:45:00+00:00,3373.0,3397.0,3364.800048828125,3364.800048828125,0,CUMMINSIND
2025-06-30 04:45:00+00:00,3403.89990234375,3415.5,3372.199951171875,3373.0,58641,CUMMINSIND
2025-06-30 05:45:00+00:00,3417.0,3417.0,3402.10009765625,3403.199951171875,37588,CUMMINSIND
2025-06-30 06:45:00+00:00,3390.0,3419.800048828125,3387.60009765625,3416.5,50741,CUMMINSIND
2025-06-30 07:45:00+00:00,3392.0,3395.300048828125,3386.10009765625,3389.5,46097,CUMMINSIND
2025-06-30 08:45:00+00:00,3398.10009765625,3402.699951171875,3390.0,3390.89990234375,76876,CUMMINSIND
2025-06-30 09:45:00+00:00,3399.39990234375,3403.0,3391.199951171875,3399.10009765625,0,CUMMINSIND
2025-07-01 03:45:00+00:00,3433.800048828125,3445.199951171875,3404.800048828125,3417.0,99890,CUMMINSIND
2025-07-01 04:45:00+00:00,3413.39990234375,3450.0,3412.800048828125,3433.300048828125,102004,CUMMINSIND
2025-07-01 05:45:00+00:00,3368.800048828125,3413.39990234375,3366.0,3413.0,46931,CUMMINSIND
2025-07-01 06:45:00+00:00,3364.39990234375,3378.199951171875,3358.0,3370.10009765625,19119,CUMMINSIND
2025-07-01 07:45:00+00:00,3347.800048828125,3364.39990234375,3338.800048828125,3364.39990234375,73699,CUMMINSIND
2025-07-01 08:45:00+00:00,3345.60009765625,3351.89990234375,3339.5,3347.699951171875,49967,CUMMINSIND
2025-07-01 09:45:00+00:00,3348.300048828125,3354.89990234375,3345.199951171875,3345.60009765625,0,CUMMINSIND
2025-07-02 03:45:00+00:00,3330.39990234375,3365.800048828125,3329.0,3365.0,39218,CUMMINSIND
2025-07-02 04:45:00+00:00,3331.89990234375,3336.699951171875,3318.5,3328.300048828125,26588,CUMMINSIND
2025-07-02 05:45:00+00:00,3338.39990234375,3350.0,3331.89990234375,3332.39990234375,23905,CUMMINSIND
2025-07-02 06:45:00+00:00,3329.0,3339.39990234375,3328.39990234375,3338.699951171875,19126,CUMMINSIND
2025-07-02 07:45:00+00:00,3333.5,3335.0,3312.39990234375,3328.5,22114,CUMMINSIND
2025-07-02 08:45:00+00:00,3339.5,3347.39990234375,3325.89990234375,3333.5,47078,CUMMINSIND
2025-07-02 09:45:00+00:00,3338.0,3339.89990234375,3328.800048828125,3339.39990234375,0,CUMMINSIND
2025-07-03 03:45:00+00:00,3362.800048828125,3363.89990234375,3333.0,3337.300048828125,41726,CUMMINSIND
2025-07-03 04:45:00+00:00,3372.5,3373.300048828125,3356.800048828125,3362.800048828125,38544,CUMMINSIND
2025-07-03 05:45:00+00:00,3380.199951171875,3383.0,3361.699951171875,3372.5,33633,CUMMINSIND
2025-07-03 06:45:00+00:00,3367.300048828125,3380.300048828125,3365.10009765625,3380.199951171875,22410,CUMMINSIND
2025-07-03 07:45:00+00:00,3330.800048828125,3367.300048828125,3327.0,3367.300048828125,67036,CUMMINSIND
2025-07-03 08:45:00+00:00,3337.300048828125,3339.699951171875,3318.5,3330.699951171875,56797,CUMMINSIND
2025-07-03 09:45:00+00:00,3332.89990234375,3339.60009765625,3328.0,3337.0,0,CUMMINSIND
2025-07-04 03:45:00+00:00,3364.699951171875,3368.199951171875,3334.89990234375,3339.5,25248,CUMMINSIND
2025-07-04 04:45:00+00:00,3345.5,3365.800048828125,3332.5,3365.800048828125,38837,CUMMINSIND
2025-07-04 05:45:00+00:00,3330.10009765625,3345.89990234375,3318.0,3345.5,44632,CUMMINSIND
2025-07-04 06:45:00+00:00,3344.60009765625,3347.0,3323.0,3329.89990234375,44197,CUMMINSIND
2025-07-04 07:45:00+00:00,3343.5,3348.699951171875,3333.5,3344.699951171875,22403,CUMMINSIND
2025-07-04 08:45:00+00:00,3341.5,3361.60009765625,3335.10009765625,3342.60009765625,43324,CUMMINSIND
2025-07-04 09:45:00+00:00,3351.0,3354.199951171875,3332.699951171875,3342.0,12086,CUMMINSIND
2025-07-07 03:45:00+00:00,3354.0,3359.89990234375,3330.300048828125,3351.0,0,CUMMINSIND
2025-07-07 04:45:00+00:00,3377.89990234375,3390.89990234375,3352.89990234375,3355.60009765625,92085,CUMMINSIND
2025-07-07 05:45:00+00:00,3389.300048828125,3393.0,3373.300048828125,3378.89990234375,68081,CUMMINSIND
2025-07-07 06:45:00+00:00,3403.89990234375,3405.0,3385.199951171875,3389.39990234375,64598,CUMMINSIND
2025-07-07 07:45:00+00:00,3426.300048828125,3427.89990234375,3403.89990234375,3403.89990234375,130087,CUMMINSIND
2025-07-07 08:45:00+00:00,3435.5,3438.800048828125,3416.0,3426.5,194670,CUMMINSIND
2025-07-07 09:45:00+00:00,3442.0,3442.0,3434.60009765625,3435.10009765625,48065,CUMMINSIND
2025-07-08 03:45:00+00:00,3435.699951171875,3463.199951171875,3414.39990234375,3452.10009765625,122788,CUMMINSIND
2025-07-08 04:45:00+00:00,3450.800048828125,3461.199951171875,3434.199951171875,3436.300048828125,162957,CUMMINSIND
2025-07-08 05:45:00+00:00,3439.10009765625,3460.0,3426.199951171875,3450.0,90764,CUMMINSIND
2025-07-08 06:45:00+00:00,3466.199951171875,3470.0,3430.5,3437.89990234375,84954,CUMMINSIND
2025-07-08 07:45:00+00:00,3466.800048828125,3472.10009765625,3458.199951171875,3466.5,69981,CUMMINSIND
2025-07-08 08:45:00+00:00,3480.0,3482.60009765625,3460.0,3466.699951171875,95006,CUMMINSIND
2025-07-08 09:45:00+00:00,3483.0,3483.0,3476.39990234375,3480.5,64002,CUMMINSIND
2025-07-09 03:45:00+00:00,3543.800048828125,3544.39990234375,3481.699951171875,3484.5,0,CUMMINSIND
2025-07-09 04:45:00+00:00,3541.800048828125,3549.60009765625,3526.199951171875,3542.0,264055,CUMMINSIND
2025-07-09 05:45:00+00:00,3536.0,3554.0,3518.5,3540.60009765625,110927,CUMMINSIND
2025-07-09 06:45:00+00:00,3516.0,3540.5,3512.39990234375,3535.89990234375,77728,CUMMINSIND
2025-07-09 07:45:00+00:00,3531.39990234375,3537.699951171875,3510.39990234375,3515.800048828125,167362,CUMMINSIND
2025-07-09 08:45:00+00:00,3526.0,3532.199951171875,3519.10009765625,3530.800048828125,86005,CUMMINSIND
2025-07-09 09:45:00+00:00,3514.699951171875,3526.199951171875,3510.10009765625,3525.89990234375,46184,CUMMINSIND
2025-07-10 03:45:00+00:00,3517.800048828125,3538.199951171875,3508.300048828125,3532.39990234375,93446,CUMMINSIND
2025-07-10 04:45:00+00:00,3521.89990234375,3528.199951171875,3514.699951171875,3517.699951171875,32664,CUMMINSIND
2025-07-10 05:45:00+00:00,3508.10009765625,3525.0,3504.0,3521.89990234375,34936,CUMMINSIND
2025-07-10 06:45:00+00:00,3516.300048828125,3524.199951171875,3506.800048828125,3509.39990234375,34391,CUMMINSIND
2025-07-10 07:45:00+00:00,3522.800048828125,3526.10009765625,3507.800048828125,3517.300048828125,46197,CUMMINSIND
2025-07-10 08:45:00+00:00,3519.10009765625,3528.300048828125,3511.89990234375,3523.699951171875,86938,CUMMINSIND
2025-07-10 09:45:00+00:00,3518.89990234375,3521.60009765625,3517.0,3518.800048828125,0,CUMMINSIND
2025-07-11 03:45:00+00:00,3546.699951171875,3550.0,3496.0,3504.39990234375,117846,CUMMINSIND
2025-07-11 04:45:00+00:00,3548.89990234375,3562.0,3540.0,3546.10009765625,242846,CUMMINSIND
2025-07-11 05:45:00+00:00,3552.300048828125,3569.0,3542.0,3547.60009765625,141239,CUMMINSIND
2025-07-11 06:45:00+00:00,3542.300048828125,3560.0,3540.0,3553.199951171875,52379,CUMMINSIND
2025-07-11 07:45:00+00:00,3541.0,3544.0,3538.199951171875,3540.39990234375,55889,CUMMINSIND
2025-07-11 08:45:00+00:00,3545.199951171875,3556.5,3537.199951171875,3540.89990234375,61294,CUMMINSIND
2025-07-11 09:45:00+00:00,3546.39990234375,3549.800048828125,3540.0,3545.199951171875,0,CUMMINSIND
2025-07-14 03:45:00+00:00,3531.10009765625,3566.0,3524.800048828125,3566.0,0,CUMMINSIND
2025-07-14 04:45:00+00:00,3506.800048828125,3546.0,3505.300048828125,3532.39990234375,61593,CUMMINSIND
2025-07-14 05:45:00+00:00,3487.300048828125,3508.300048828125,3465.0,3508.300048828125,41322,CUMMINSIND
2025-07-14 06:45:00+00:00,3506.199951171875,3514.89990234375,3487.10009765625,3487.300048828125,34313,CUMMINSIND
2025-07-14 07:45:00+00:00,3512.5,3517.60009765625,3502.39990234375,3508.0,44946,CUMMINSIND
2025-07-14 08:45:00+00:00,3520.39990234375,3533.0,3511.5,3512.0,102618,CUMMINSIND
2025-07-14 09:45:00+00:00,3523.800048828125,3535.0,3520.39990234375,3520.5,0,CUMMINSIND
2025-07-15 03:45:00+00:00,3505.5,3540.699951171875,3501.0,3538.0,41215,CUMMINSIND
2025-07-15 04:45:00+00:00,3528.60009765625,3532.89990234375,3503.800048828125,3505.5,30282,CUMMINSIND
2025-07-15 05:45:00+00:00,3565.0,3567.39990234375,3525.89990234375,3529.39990234375,297021,CUMMINSIND
2025-07-15 06:45:00+00:00,3573.39990234375,3576.60009765625,3560.39990234375,3565.0,221198,CUMMINSIND
2025-07-15 07:45:00+00:00,3575.0,3578.199951171875,3570.0,3573.39990234375,81517,CUMMINSIND
2025-07-15 08:45:00+00:00,3577.89990234375,3584.0,3571.5,3575.0,156276,CUMMINSIND
2025-07-15 09:45:00+00:00,3576.5,3581.5,3574.5,3577.89990234375,33154,CUMMINSIND
2025-07-16 03:45:00+00:00,3567.10009765625,3594.699951171875,3552.199951171875,3590.10009765625,0,CUMMINSIND
2025-07-16 04:45:00+00:00,3584.89990234375,3589.800048828125,3558.10009765625,3567.199951171875,47829,CUMMINSIND
2025-07-16 05:45:00+00:00,3583.199951171875,3587.60009765625,3569.800048828125,3584.89990234375,53638,CUMMINSIND
2025-07-16 06:45:00+00:00,3578.300048828125,3584.39990234375,3572.39990234375,3583.5,47650,CUMMINSIND
2025-07-16 07:45:00+00:00,3576.199951171875,3580.0,3565.0,3576.800048828125,59073,CUMMINSIND
2025-07-16 08:45:00+00:00,3563.800048828125,3580.0,3561.10009765625,3576.10009765625,92007,CUMMINSIND
2025-07-16 09:45:00+00:00,3565.0,3570.39990234375,3553.199951171875,3563.800048828125,34524,CUMMINSIND
2025-07-17 03:45:00+00:00,3580.199951171875,3597.10009765625,3548.0,3570.699951171875,83774,CUMMINSIND
2025-07-17 04:45:00+00:00,3594.199951171875,3605.0,3579.0,3579.60009765625,55711,CUMMINSIND
2025-07-17 05:45:00+00:00,3600.0,3605.0,3590.10009765625,3593.199951171875,41845,CUMMINSIND
2025-07-17 06:45:00+00:00,3595.0,3600.39990234375,3574.199951171875,3600.0,78807,CUMMINSIND
2025-07-17 07:45:00+00:00,3581.199951171875,3595.5,3579.0,3595.0,87967,CUMMINSIND
2025-07-17 08:45:00+00:00,3584.0,3585.699951171875,3580.0,3581.199951171875,67367,CUMMINSIND
2025-07-17 09:45:00+00:00,3584.800048828125,3595.0,3583.39990234375,3584.39990234375,0,CUMMINSIND
2025-07-18 03:45:00+00:00,3530.5,3561.699951171875,3528.699951171875,3549.199951171875,80170,CUMMINSIND
2025-07-18 04:45:00+00:00,3527.89990234375,3535.0,3511.10009765625,3530.0,37124,CUMMINSIND
2025-07-18 05:45:00+00:00,3547.89990234375,3548.0,3527.39990234375,3529.300048828125,31235,CUMMINSIND
2025-07-18 06:45:00+00:00,3540.0,3549.199951171875,3536.699951171875,3547.89990234375,38751,CUMMINSIND
2025-07-18 07:45:00+00:00,3540.0,3547.800048828125,3529.89990234375,3540.300048828125,45951,CUMMINSIND
2025-07-18 08:45:00+00:00,3535.699951171875,3544.300048828125,3535.10009765625,3540.0,107793,CUMMINSIND
2025-07-18 09:45:00+00:00,3540.0,3540.0,3523.199951171875,3535.699951171875,50212,CUMMINSIND
2025-07-21 03:45:00+00:00,3535.0,3546.0,3515.0,3526.199951171875,0,CUMMINSIND
2025-07-21 04:45:00+00:00,3561.699951171875,3568.300048828125,3534.60009765625,3534.60009765625,19459,CUMMINSIND
2025-07-21 05:45:00+00:00,3582.5,3589.5,3558.89990234375,3561.89990234375,41828,CUMMINSIND
2025-07-21 06:45:00+00:00,3587.300048828125,3590.0,3574.0,3582.800048828125,37587,CUMMINSIND
2025-07-21 07:45:00+00:00,3626.10009765625,3627.699951171875,3581.10009765625,3583.0,102286,CUMMINSIND
2025-07-21 08:45:00+00:00,3621.60009765625,3631.89990234375,3614.89990234375,3625.10009765625,156507,CUMMINSIND
2025-07-21 09:45:00+00:00,3610.39990234375,3621.89990234375,3607.89990234375,3621.60009765625,49854,CUMMINSIND
2025-07-22 03:45:00+00:00,3563.89990234375,3621.199951171875,3555.60009765625,3621.199951171875,81536,CUMMINSIND
2025-07-22 04:45:00+00:00,3582.89990234375,3587.800048828125,3562.0,3562.5,46089,CUMMINSIND
2025-07-22 05:45:00+00:00,3599.0,3605.60009765625,3580.0,3582.89990234375,45933,CUMMINSIND
2025-07-22 06:45:00+00:00,3595.0,3606.699951171875,3586.39990234375,3599.0,31742,CUMMINSIND
2025-07-22 07:45:00+00:00,3596.199951171875,3605.300048828125,3593.60009765625,3595.0,29254,CUMMINSIND
2025-07-22 08:45:00+00:00,3587.699951171875,3602.89990234375,3581.10009765625,3596.199951171875,80152,CUMMINSIND
2025-07-22 09:45:00+00:00,3587.39990234375,3599.0,3581.89990234375,3587.300048828125,37405,CUMMINSIND
2025-07-23 03:45:00+00:00,3552.60009765625,3598.39990234375,3548.10009765625,3591.0,0,CUMMINSIND
2025-07-23 04:45:00+00:00,3580.89990234375,3583.0,3550.60009765625,3552.5,52892,CUMMINSIND
2025-07-23 05:45:00+00:00,3599.5,3603.0,3575.699951171875,3579.89990234375,102896,CUMMINSIND
2025-07-23 06:45:00+00:00,3620.300048828125,3624.0,3599.0,3599.0,156514,CUMMINSIND
2025-07-23 07:45:00+00:00,3616.89990234375,3622.699951171875,3600.0,3620.0,67616,CUMMINSIND
2025-07-23 08:45:00+00:00,3617.699951171875,3624.89990234375,3600.60009765625,3616.89990234375,149685,CUMMINSIND
2025-07-23 09:45:00+00:00,3605.0,3622.60009765625,3601.39990234375,3617.300048828125,52973,CUMMINSIND
2025-07-24 03:45:00+00:00,3599.39990234375,3623.199951171875,3592.300048828125,3616.39990234375,52446,CUMMINSIND
2025-07-24 04:45:00+00:00,3603.10009765625,3633.0,3591.800048828125,3598.5,180521,CUMMINSIND
2025-07-24 05:45:00+00:00,3617.300048828125,3621.800048828125,3592.300048828125,3602.89990234375,89727,CUMMINSIND
2025-07-24 06:45:00+00:00,3575.300048828125,3617.39990234375,3573.800048828125,3615.699951171875,29019,CUMMINSIND
2025-07-24 07:45:00+00:00,3571.10009765625,3587.39990234375,3567.0,3575.0,20456,CUMMINSIND
2025-07-24 08:45:00+00:00,3566.89990234375,3580.199951171875,3558.60009765625,3571.10009765625,40007,CUMMINSIND
2025-07-24 09:45:00+00:00,3563.699951171875,3571.5,3555.0,3567.0,21525,CUMMINSIND
2025-07-25 03:45:00+00:00,3563.800048828125,3577.89990234375,3538.5,3562.10009765625,0,CUMMINSIND
2025-07-25 04:45:00+00:00,3558.300048828125,3565.0,3536.800048828125,3565.0,66951,CUMMINSIND
2025-07-25 05:45:00+00:00,3553.699951171875,3565.300048828125,3551.0,3557.39990234375,39600,CUMMINSIND
2025-07-25 06:45:00+00:00,3544.10009765625,3559.89990234375,3537.300048828125,3553.0,61148,CUMMINSIND
2025-07-25 07:45:00+00:00,3540.5,3552.699951171875,3539.800048828125,3544.199951171875,52718,CUMMINSIND
2025-07-25 08:45:00+00:00,3538.300048828125,3545.39990234375,3525.39990234375,3540.89990234375,75501,CUMMINSIND
2025-07-25 09:45:00+00:00,3535.10009765625,3538.300048828125,3520.0,3538.0,0,CUMMINSIND
2025-07-28 03:45:00+00:00,3538.10009765625,3574.0,3515.89990234375,3525.800048828125,0,CUMMINSIND
2025-07-28 04:45:00+00:00,3507.800048828125,3543.199951171875,3501.199951171875,3538.300048828125,33533,CUMMINSIND
2025-07-28 05:45:00+00:00,3511.0,3515.199951171875,3481.60009765625,3507.60009765625,36154,CUMMINSIND
2025-07-28 06:45:00+00:00,3511.199951171875,3542.0,3506.10009765625,3510.89990234375,101756,CUMMINSIND
2025-07-28 07:45:00+00:00,3506.89990234375,3522.0,3501.60009765625,3509.199951171875,64012,CUMMINSIND
2025-07-28 08:45:00+00:00,3529.699951171875,3535.0,3505.60009765625,3506.699951171875,57198,CUMMINSIND
2025-07-28 09:45:00+00:00,3529.39990234375,3550.0,3521.300048828125,3529.5,0,CUMMINSIND
2025-07-29 03:45:00+00:00,3546.0,3568.300048828125,3525.10009765625,3539.800048828125,158504,CUMMINSIND
2025-07-29 04:45:00+00:00,3543.39990234375,3551.800048828125,3530.0,3545.699951171875,40034,CUMMINSIND
2025-07-29 05:45:00+00:00,3537.300048828125,3545.0,3530.699951171875,3542.800048828125,38659,CUMMINSIND
2025-07-29 06:45:00+00:00,3544.89990234375,3552.39990234375,3535.10009765625,3537.699951171875,94901,CUMMINSIND
2025-07-29 07:45:00+00:00,3538.0,3554.89990234375,3534.0,3545.0,76848,CUMMINSIND
2025-07-29 08:45:00+00:00,3535.0,3549.89990234375,3532.800048828125,3538.10009765625,89268,CUMMINSIND
2025-07-29 09:45:00+00:00,3531.199951171875,3536.699951171875,3528.10009765625,3534.89990234375,63289,CUMMINSIND
2025-07-30 03:45:00+00:00,3515.5,3556.0,3513.300048828125,3538.89990234375,0,CUMMINSIND
2025-07-30 04:45:00+00:00,3513.10009765625,3519.39990234375,3488.300048828125,3515.10009765625,56968,CUMMINSIND
2025-07-30 05:45:00+00:00,3516.300048828125,3524.10009765625,3510.199951171875,3513.39990234375,26430,CUMMINSIND
2025-07-30 06:45:00+00:00,3560.0,3563.89990234375,3508.60009765625,3515.60009765625,103726,CUMMINSIND
2025-07-30 07:45:00+00:00,3582.199951171875,3583.0,3557.39990234375,3559.800048828125,71417,CUMMINSIND
2025-07-30 08:45:00+00:00,3581.699951171875,3590.0,3572.300048828125,3582.800048828125,124601,CUMMINSIND
2025-07-30 09:45:00+00:00,3581.89990234375,3584.699951171875,3575.0,3583.800048828125,0,CUMMINSIND
2025-07-31 03:45:00+00:00,3511.300048828125,3555.10009765625,3502.10009765625,3532.699951171875,59775,CUMMINSIND
2025-07-31 04:45:00+00:00,3533.199951171875,3543.89990234375,3507.10009765625,3511.199951171875,70747,CUMMINSIND
2025-07-31 05:45:00+00:00,3548.5,3560.0,3530.10009765625,3534.60009765625,66542,CUMMINSIND
2025-07-31 06:45:00+00:00,3576.39990234375,3584.800048828125,3547.60009765625,3547.60009765625,115886,CUMMINSIND
2025-07-31 07:45:00+00:00,3573.800048828125,3596.199951171875,3566.89990234375,3576.300048828125,110076,CUMMINSIND
2025-07-31 08:45:00+00:00,3556.300048828125,3575.0,3545.39990234375,3573.300048828125,148810,CUMMINSIND
2025-07-31 09:45:00+00:00,3555.5,3574.10009765625,3555.5,3558.39990234375,38502,CUMMINSIND
2025-08-01 03:45:00+00:00,3564.800048828125,3576.0,3539.5,3561.60009765625,0,CUMMINSIND
2025-08-01 04:45:00+00:00,3583.10009765625,3600.300048828125,3560.39990234375,3564.89990234375,82102,CUMMINSIND
2025-08-01 05:45:00+00:00,3600.800048828125,3604.39990234375,3579.300048828125,3583.10009765625,80717,CUMMINSIND
2025-08-01 06:45:00+00:00,3598.699951171875,3610.699951171875,3591.0,3601.39990234375,54759,CUMMINSIND
2025-08-01 07:45:00+00:00,3604.39990234375,3615.0,3594.300048828125,3598.5,55712,CUMMINSIND
2025-08-01 08:45:00+00:00,3563.10009765625,3605.0,3561.39990234375,3604.5,75194,CUMMINSIND
2025-08-01 09:45:00+00:00,3568.699951171875,3569.89990234375,3550.89990234375,3562.800048828125,41214,CUMMINSIND
2025-08-04 03:45:00+00:00,3572.60009765625,3580.0,3543.39990234375,3568.199951171875,0,CUMMINSIND
2025-08-04 04:45:00+00:00,3518.800048828125,3575.0,3511.0,3572.60009765625,61344,CUMMINSIND
2025-08-04 05:45:00+00:00,3573.89990234375,3575.39990234375,3510.10009765625,3518.699951171875,50527,CUMMINSIND
2025-08-04 06:45:00+00:00,3565.199951171875,3575.0,3555.60009765625,3573.39990234375,45831,CUMMINSIND
2025-08-04 07:45:00+00:00,3565.199951171875,3570.0,3555.199951171875,3565.0,43357,CUMMINSIND
2025-08-04 08:45:00+00:00,3569.199951171875,3570.0,3550.0,3565.199951171875,133657,CUMMINSIND
2025-08-04 09:45:00+00:00,3566.800048828125,3570.10009765625,3557.0,3569.199951171875,0,CUMMINSIND
2025-08-05 03:45:00+00:00,3499.699951171875,3539.89990234375,3494.199951171875,3529.10009765625,146131,CUMMINSIND
2025-08-05 04:45:00+00:00,3556.0,3557.800048828125,3494.60009765625,3499.5,140768,CUMMINSIND
2025-08-05 05:45:00+00:00,3586.60009765625,3594.0,3541.39990234375,3555.300048828125,106190,CUMMINSIND
2025-08-05 06:45:00+00:00,3569.699951171875,3594.199951171875,3565.39990234375,3587.0,40395,CUMMINSIND
2025-08-05 07:45:00+00:00,3562.10009765625,3584.0,3560.0,3569.0,34079,CUMMINSIND
2025-08-05 08:45:00+00:00,3589.10009765625,3590.89990234375,3561.199951171875,3561.199951171875,89356,CUMMINSIND
2025-08-05 09:45:00+00:00,3594.0,3603.699951171875,3587.89990234375,3589.5,77539,CUMMINSIND
2025-08-06 03:45:00+00:00,3629.39990234375,3658.5,3610.0,3658.5,362109,CUMMINSIND
2025-08-06 04:45:00+00:00,3615.10009765625,3630.39990234375,3600.699951171875,3630.39990234375,88722,CUMMINSIND
2025-08-06 05:45:00+00:00,3614.10009765625,3624.800048828125,3602.60009765625,3615.0,66069,CUMMINSIND
2025-08-06 06:45:00+00:00,3605.39990234375,3619.10009765625,3602.300048828125,3614.0,47273,CUMMINSIND
2025-08-06 07:45:00+00:00,3627.5,3635.0,3604.199951171875,3605.5,98872,CUMMINSIND
2025-08-06 08:45:00+00:00,3635.699951171875,3640.5,3614.10009765625,3627.60009765625,158745,CUMMINSIND
2025-08-06 09:45:00+00:00,3635.699951171875,3640.0,3629.10009765625,3635.89990234375,77455,CUMMINSIND
2025-08-07 03:45:00+00:00,3632.0,3651.0,3603.300048828125,3627.699951171875,0,CUMMINSIND
2025-08-07 04:45:00+00:00,3620.0,3640.0,3612.10009765625,3632.0,31269,CUMMINSIND
2025-08-07 05:45:00+00:00,3588.39990234375,3621.60009765625,3572.89990234375,3619.699951171875,58127,CUMMINSIND
2025-08-07 06:45:00+00:00,3602.39990234375,3609.699951171875,3576.10009765625,3589.300048828125,51243,CUMMINSIND
2025-08-07 07:45:00+00:00,3616.800048828125,3617.199951171875,3580.0,3602.39990234375,90615,CUMMINSIND
2025-08-07 08:45:00+00:00,3663.89990234375,3666.0,3615.300048828125,3615.89990234375,123276,CUMMINSIND
2025-08-07 09:45:00+00:00,3707.60009765625,3712.699951171875,3661.10009765625,3663.89990234375,122897,CUMMINSIND
2025-08-08 03:45:00+00:00,3808.300048828125,3832.5,3662.89990234375,3764.699951171875,695765,CUMMINSIND
2025-08-08 04:45:00+00:00,3796.800048828125,3810.0,3773.0,3809.0,503752,CUMMINSIND
2025-08-08 05:45:00+00:00,3854.300048828125,3854.300048828125,3788.0,3796.300048828125,372112,CUMMINSIND
2025-08-08 06:45:00+00:00,3856.300048828125,3898.0,3821.0,3854.699951171875,815874,CUMMINSIND
2025-08-08 07:45:00+00:00,3821.10009765625,3860.0,3810.60009765625,3856.199951171875,235445,CUMMINSIND
2025-08-08 08:45:00+00:00,3808.0,3833.5,3804.0,3821.10009765625,263795,CUMMINSIND
2025-08-08 09:45:00+00:00,3791.800048828125,3808.89990234375,3791.800048828125,3808.0,188166,CUMMINSIND
2025-08-11 03:45:00+00:00,3768.0,3816.800048828125,3760.199951171875,3816.800048828125,0,CUMMINSIND
2025-08-11 04:45:00+00:00,3775.5,3799.0,3762.300048828125,3769.60009765625,76532,CUMMINSIND
2025-08-11 05:45:00+00:00,3780.0,3782.0,3765.199951171875,3775.10009765625,46698,CUMMINSIND
2025-08-11 06:45:00+00:00,3786.5,3798.89990234375,3780.89990234375,3780.89990234375,96738,CUMMINSIND
2025-08-11 07:45:00+00:00,3793.89990234375,3799.0,3776.699951171875,3786.0,54398,CUMMINSIND
2025-08-11 08:45:00+00:00,3790.5,3800.0,3782.699951171875,3794.0,197059,CUMMINSIND
2025-08-11 09:45:00+00:00,3787.0,3797.0,3774.800048828125,3790.60009765625,78327,CUMMINSIND
2025-08-12 03:45:00+00:00,3794.89990234375,3807.60009765625,3774.0,3787.39990234375,98203,CUMMINSIND
2025-08-12 04:45:00+00:00,3778.699951171875,3799.800048828125,3765.800048828125,3795.0,104498,CUMMINSIND
2025-08-12 05:45:00+00:00,3772.800048828125,3788.60009765625,3761.39990234375,3777.199951171875,73865,CUMMINSIND
2025-08-12 06:45:00+00:00,3781.5,3788.800048828125,3771.800048828125,3772.300048828125,58628,CUMMINSIND
2025-08-12 07:45:00+00:00,3777.300048828125,3783.0,3772.5,3781.60009765625,39524,CUMMINSIND
2025-08-12 08:45:00+00:00,3759.0,3780.0,3752.39990234375,3777.0,138406,CUMMINSIND
2025-08-12 09:45:00+00:00,3759.89990234375,3763.60009765625,3750.39990234375,3760.0,0,CUMMINSIND
2025-08-13 03:45:00+00:00,3803.10009765625,3813.39990234375,3766.0,3766.0,69860,CUMMINSIND
2025-08-13 04:45:00+00:00,3801.89990234375,3824.0,3798.60009765625,3803.10009765625,203398,CUMMINSIND
2025-08-13 05:45:00+00:00,3792.60009765625,3807.699951171875,3786.0,3802.10009765625,47664,CUMMINSIND
2025-08-13 06:45:00+00:00,3793.300048828125,3795.0,3781.5,3793.10009765625,42767,CUMMINSIND
2025-08-13 07:45:00+00:00,3800.0,3804.0,3792.199951171875,3793.5,48162,CUMMINSIND
2025-08-13 08:45:00+00:00,3790.199951171875,3810.0,3788.699951171875,3800.0,108069,CUMMINSIND
2025-08-13 09:45:00+00:00,3792.10009765625,3819.0,3790.0,3790.39990234375,0,CUMMINSIND
2025-08-14 03:45:00+00:00,3794.199951171875,3822.0,3776.0,3818.10009765625,45928,CUMMINSIND
2025-08-14 04:45:00+00:00,3790.0,3801.199951171875,3775.5,3794.199951171875,75386,CUMMINSIND
2025-08-14 05:45:00+00:00,3783.199951171875,3790.0,3771.0,3789.89990234375,26407,CUMMINSIND
2025-08-14 06:45:00+00:00,3780.800048828125,3790.199951171875,3776.60009765625,3784.10009765625,19206,CUMMINSIND
2025-08-14 07:45:00+00:00,3784.10009765625,3785.699951171875,3776.199951171875,3780.800048828125,53286,CUMMINSIND
2025-08-14 08:45:00+00:00,3782.0,3790.0,3775.5,3784.699951171875,105933,CUMMINSIND
2025-08-14 09:45:00+00:00,3784.10009765625,3785.0,3775.0,3782.0,47425,CUMMINSIND
2025-08-18 03:45:00+00:00,3825.800048828125,3850.0,3804.699951171875,3816.699951171875,0,CUMMINSIND
2025-08-18 04:45:00+00:00,3831.0,3838.0,3821.5,3827.0,49025,CUMMINSIND
2025-08-18 05:45:00+00:00,3805.89990234375,3830.39990234375,3805.89990234375,3830.0,34745,CUMMINSIND
2025-08-18 06:45:00+00:00,3813.0,3815.0,3796.5,3807.89990234375,106377,CUMMINSIND
2025-08-18 07:45:00+00:00,3808.0,3813.800048828125,3806.10009765625,3813.0,28526,CUMMINSIND
2025-08-18 08:45:00+00:00,3780.0,3808.0,3777.800048828125,3808.0,58841,CUMMINSIND
2025-08-18 09:45:00+00:00,3793.60009765625,3793.89990234375,3779.300048828125,3780.0,42300,CUMMINSIND
2025-08-19 03:45:00+00:00,3763.39990234375,3794.60009765625,3760.89990234375,3792.300048828125,38817,CUMMINSIND
2025-08-19 04:45:00+00:00,3749.5,3764.699951171875,3746.89990234375,3763.39990234375,40890,CUMMINSIND
2025-08-19 05:45:00+00:00,3746.800048828125,3757.39990234375,3740.0,3749.699951171875,42278,CUMMINSIND
2025-08-19 06:45:00+00:00,3741.0,3755.39990234375,3736.39990234375,3746.800048828125,58223,CUMMINSIND
2025-08-19 07:45:00+00:00,3749.699951171875,3751.39990234375,3733.5,3741.0,38871,CUMMINSIND
2025-08-19 08:45:00+00:00,3751.60009765625,3761.300048828125,3744.800048828125,3748.60009765625,172341,CUMMINSIND
2025-08-19 09:45:00+00:00,3752.0,3752.0,3742.800048828125,3751.5,0,CUMMINSIND
2025-08-20 03:45:00+00:00,3775.699951171875,3784.0,3730.10009765625,3737.0,83933,CUMMINSIND
2025-08-20 04:45:00+00:00,3789.89990234375,3806.0,3774.0,3775.300048828125,125379,CUMMINSIND
2025-08-20 05:45:00+00:00,3778.699951171875,3792.10009765625,3777.0,3789.0,35202,CUMMINSIND
2025-08-20 06:45:00+00:00,3797.5,3804.0,3776.0,3779.0,119674,CUMMINSIND
2025-08-20 07:45:00+00:00,3823.699951171875,3836.0,3797.300048828125,3797.699951171875,56258,CUMMINSIND
2025-08-20 08:45:00+00:00,3820.800048828125,3825.5,3812.0,3824.60009765625,110293,CUMMINSIND
2025-08-20 09:45:00+00:00,3818.39990234375,3820.0,3815.39990234375,3819.89990234375,0,CUMMINSIND
2025-08-21 03:45:00+00:00,3858.89990234375,3870.0,3814.0,3847.300048828125,186214,CUMMINSIND
2025-08-21 04:45:00+00:00,3866.0,3874.5,3852.199951171875,3858.89990234375,105584,CUMMINSIND
2025-08-21 05:45:00+00:00,3880.0,3883.0,3860.199951171875,3866.10009765625,67795,CUMMINSIND
2025-08-21 06:45:00+00:00,3884.300048828125,3890.0,3868.199951171875,3879.89990234375,64365,CUMMINSIND
2025-08-21 07:45:00+00:00,3864.199951171875,3885.800048828125,3861.0,3884.5,104300,CUMMINSIND
2025-08-21 08:45:00+00:00,3887.0,3887.10009765625,3863.0,3864.699951171875,125843,CUMMINSIND
2025-08-21 09:45:00+00:00,3899.0,3900.0,3880.199951171875,3885.800048828125,48055,CUMMINSIND
2025-08-22 03:45:00+00:00,3892.0,3928.300048828125,3883.89990234375,3911.699951171875,148976,CUMMINSIND
2025-08-22 04:45:00+00:00,3880.5,3894.0,3875.0,3892.89990234375,53518,CUMMINSIND
2025-08-22 05:45:00+00:00,3890.0,3899.60009765625,3876.60009765625,3883.60009765625,38072,CUMMINSIND
2025-08-22 06:45:00+00:00,3902.0,3905.0,3889.5,3889.5,90550,CUMMINSIND
2025-08-22 07:45:00+00:00,3925.800048828125,3929.300048828125,3900.0,3902.0,83187,CUMMINSIND
2025-08-22 08:45:00+00:00,3919.0,3931.10009765625,3910.5,3926.10009765625,96888,CUMMINSIND
2025-08-22 09:45:00+00:00,3916.0,3924.699951171875,3900.0,3919.699951171875,47366,CUMMINSIND
2025-08-25 03:45:00+00:00,3884.89990234375,3925.199951171875,3883.300048828125,3921.10009765625,0,CUMMINSIND
2025-08-25 04:45:00+00:00,3887.39990234375,3894.800048828125,3874.10009765625,3884.39990234375,44577,CUMMINSIND
2025-08-25 05:45:00+00:00,3901.60009765625,3905.0,3872.10009765625,3887.0,40780,CUMMINSIND
2025-08-25 06:45:00+00:00,3899.10009765625,3905.0,3895.800048828125,3901.699951171875,35546,CUMMINSIND
2025-08-25 07:45:00+00:00,3894.60009765625,3904.89990234375,3892.699951171875,3900.0,35152,CUMMINSIND
2025-08-25 08:45:00+00:00,3878.60009765625,3897.0,3876.10009765625,3894.800048828125,60604,CUMMINSIND
2025-08-25 09:45:00+00:00,3876.0,3884.300048828125,3870.199951171875,3879.699951171875,22228,CUMMINSIND
2025-08-26 03:45:00+00:00,3846.10009765625,3878.89990234375,3829.39990234375,3870.60009765625,0,CUMMINSIND
2025-08-26 04:45:00+00:00,3852.5,3868.0,3844.0,3844.0,34796,CUMMINSIND
2025-08-26 05:45:00+00:00,3843.800048828125,3860.199951171875,3843.5,3851.5,22652,CUMMINSIND
2025-08-26 06:45:00+00:00,3857.89990234375,3862.0,3840.0,3844.89990234375,25824,CUMMINSIND
2025-08-26 07:45:00+00:00,3841.10009765625,3858.300048828125,3840.10009765625,3857.39990234375,8767,CUMMINSIND
2025-08-26 08:45:00+00:00,3828.699951171875,3858.300048828125,3828.699951171875,3841.199951171875,185495,CUMMINSIND
2025-08-26 09:45:00+00:00,3826.10009765625,3835.0,3816.39990234375,3828.60009765625,151502,CUMMINSIND
2025-08-28 03:45:00+00:00,3816.39990234375,3846.699951171875,3777.300048828125,3836.5,0,CUMMINSIND
2025-08-28 04:45:00+00:00,3829.60009765625,3831.60009765625,3808.699951171875,3814.199951171875,76244,CUMMINSIND
2025-08-28 05:45:00+00:00,3829.699951171875,3850.699951171875,3827.199951171875,3830.199951171875,60194,CUMMINSIND
2025-08-28 06:45:00+00:00,3835.5,3840.0,3821.89990234375,3829.89990234375,99819,CUMMINSIND
2025-08-28 07:45:00+00:00,3833.800048828125,3837.0,3819.699951171875,3835.10009765625,66693,CUMMINSIND
2025-08-28 08:45:00+00:00,3833.5,3846.60009765625,3829.5,3833.199951171875,196817,CUMMINSIND
2025-08-28 09:45:00+00:00,3835.199951171875,3857.0,3824.5,3833.199951171875,70574,CUMMINSIND
2025-08-29 03:45:00+00:00,3860.10009765625,3866.5,3835.89990234375,3854.300048828125,0,CUMMINSIND
2025-08-29 04:45:00+00:00,3873.0,3876.10009765625,3851.800048828125,3860.10009765625,49048,CUMMINSIND
2025-08-29 05:45:00+00:00,3898.0,3903.89990234375,3872.699951171875,3872.699951171875,57653,CUMMINSIND
2025-08-29 06:45:00+00:00,3880.800048828125,3903.39990234375,3879.60009765625,3897.60009765625,62790,CUMMINSIND
2025-08-29 07:45:00+00:00,3848.89990234375,3880.89990234375,3847.39990234375,3880.89990234375,70898,CUMMINSIND
2025-08-29 08:45:00+00:00,3823.0,3854.199951171875,3820.89990234375,3849.199951171875,103060,CUMMINSIND
2025-08-29 09:45:00+00:00,3826.199951171875,3832.300048828125,3821.0,3823.300048828125,36418,CUMMINSIND
2025-09-01 03:45:00+00:00,3851.0,3860.0,3828.60009765625,3831.0,0,CUMMINSIND
2025-09-01 04:45:00+00:00,3878.10009765625,3880.0,3838.300048828125,3851.89990234375,28855,CUMMINSIND
2025-09-01 05:45:00+00:00,3899.300048828125,3905.0,3877.800048828125,3878.5,58307,CUMMINSIND
2025-09-01 06:45:00+00:00,3895.60009765625,3907.10009765625,3888.199951171875,3898.89990234375,49118,CUMMINSIND
2025-09-01 07:45:00+00:00,3887.699951171875,3897.89990234375,3881.5,3896.0,44045,CUMMINSIND
2025-09-01 08:45:00+00:00,3880.0,3889.300048828125,3875.10009765625,3888.39990234375,77759,CUMMINSIND
2025-09-01 09:45:00+00:00,3880.10009765625,3882.0,3875.0,3879.800048828125,38976,CUMMINSIND
2025-09-02 03:45:00+00:00,3859.89990234375,3911.5,3850.0,3911.5,0,CUMMINSIND
2025-09-02 04:45:00+00:00,3867.800048828125,3872.89990234375,3857.5,3858.60009765625,27073,CUMMINSIND
2025-09-02 05:45:00+00:00,3854.0,3871.0,3844.0,3867.800048828125,49338,CUMMINSIND
2025-09-02 06:45:00+00:00,3854.800048828125,3865.60009765625,3846.5,3853.89990234375,123583,CUMMINSIND
2025-09-02 07:45:00+00:00,3837.60009765625,3856.300048828125,3833.199951171875,3854.60009765625,62033,CUMMINSIND
2025-09-02 08:45:00+00:00,3827.60009765625,3844.60009765625,3821.199951171875,3835.0,80911,CUMMINSIND
2025-09-02 09:45:00+00:00,3829.0,3830.0,3823.10009765625,3828.89990234375,43654,CUMMINSIND
2025-09-03 03:45:00+00:00,3836.60009765625,3860.199951171875,3825.0,3844.699951171875,96575,CUMMINSIND
2025-09-03 04:45:00+00:00,3806.0,3836.60009765625,3805.800048828125,3836.60009765625,44922,CUMMINSIND
2025-09-03 05:45:00+00:00,3831.300048828125,3834.0,3792.0,3806.300048828125,42981,CUMMINSIND
2025-09-03 06:45:00+00:00,3860.0,3864.5,3828.699951171875,3831.39990234375,59556,CUMMINSIND
2025-09-03 07:45:00+00:00,3867.10009765625,3872.0,3850.0,3860.0,59080,CUMMINSIND
2025-09-03 08:45:00+00:00,3886.39990234375,3888.0,3862.800048828125,3868.699951171875,129729,CUMMINSIND
2025-09-03 09:45:00+00:00,3885.199951171875,3899.0,3881.60009765625,3885.60009765625,0,CUMMINSIND
2025-09-04 03:45:00+00:00,3926.60009765625,3934.89990234375,3871.60009765625,3901.60009765625,94063,CUMMINSIND
2025-09-04 04:45:00+00:00,3938.0,3945.0,3924.60009765625,3926.699951171875,108885,CUMMINSIND
2025-09-04 05:45:00+00:00,3948.0,3959.0,3932.0,3938.5,151235,CUMMINSIND
2025-09-04 06:45:00+00:00,3947.5,3953.39990234375,3935.60009765625,3948.10009765625,34944,CUMMINSIND
2025-09-04 07:45:00+00:00,3941.800048828125,3949.0,3937.199951171875,3947.5,47258,CUMMINSIND
2025-09-04 08:45:00+00:00,3935.0,3942.199951171875,3920.199951171875,3942.199951171875,91227,CUMMINSIND
2025-09-04 09:45:00+00:00,3934.89990234375,3942.60009765625,3930.0,3935.0,26795,CUMMINSIND
2025-09-05 03:45:00+00:00,3938.800048828125,3973.699951171875,3938.199951171875,3948.89990234375,55303,CUMMINSIND
2025-09-05 04:45:00+00:00,3940.800048828125,3944.0,3930.0,3938.5,33035,CUMMINSIND
2025-09-05 05:45:00+00:00,3915.5,3941.0,3914.10009765625,3940.60009765625,23293,CUMMINSIND
2025-09-05 06:45:00+00:00,3919.10009765625,3922.800048828125,3902.10009765625,3914.699951171875,31065,CUMMINSIND
2025-09-05 07:45:00+00:00,3936.60009765625,3946.5,3918.800048828125,3918.800048828125,62620,CUMMINSIND
2025-09-05 08:45:00+00:00,3937.199951171875,3944.89990234375,3930.60009765625,3935.89990234375,49952,CUMMINSIND
2025-09-05 09:45:00+00:00,3922.0,3941.89990234375,3920.199951171875,3937.699951171875,18307,CUMMINSIND
2025-09-08 03:45:00+00:00,3955.39990234375,3981.39990234375,3937.60009765625,3939.0,0,CUMMINSIND
2025-09-08 04:45:00+00:00,3955.89990234375,3957.60009765625,3941.10009765625,3956.0,15655,CUMMINSIND
2025-09-08 05:45:00+00:00,3983.699951171875,3991.39990234375,3954.300048828125,3954.39990234375,75718,CUMMINSIND
2025-09-08 06:45:00+00:00,3981.0,3989.5,3977.300048828125,3983.39990234375,47259,CUMMINSIND
2025-09-08 07:45:00+00:00,3973.699951171875,3983.39990234375,3964.89990234375,3980.5,61295,CUMMINSIND
2025-09-08 08:45:00+00:00,3970.0,3980.0,3956.39990234375,3973.60009765625,70311,CUMMINSIND
2025-09-08 09:45:00+00:00,3958.10009765625,3975.0,3958.10009765625,3969.89990234375,30194,CUMMINSIND
2025-09-09 03:45:00+00:00,3975.60009765625,3988.800048828125,3953.800048828125,3978.89990234375,73213,CUMMINSIND
2025-09-09 04:45:00+00:00,3977.800048828125,3982.0,3964.0,3976.10009765625,80387,CUMMINSIND
2025-09-09 05:45:00+00:00,3977.60009765625,3979.800048828125,3954.60009765625,3977.800048828125,67844,CUMMINSIND
2025-09-09 06:45:00+00:00,4016.0,4018.5,3978.10009765625,3979.0,123876,CUMMINSIND
2025-09-09 07:45:00+00:00,4024.199951171875,4025.0,4009.800048828125,4016.89990234375,76029,CUMMINSIND
2025-09-09 08:45:00+00:00,4011.699951171875,4028.800048828125,4002.0,4025.0,158417,CUMMINSIND
2025-09-09 09:45:00+00:00,4012.0,4026.0,4005.0,4011.199951171875,0,CUMMINSIND
2025-09-10 03:45:00+00:00,4059.5,4095.0,4026.39990234375,4064.199951171875,166526,CUMMINSIND
2025-09-10 04:45:00+00:00,4065.10009765625,4069.5,4053.0,4059.10009765625,50563,CUMMINSIND
2025-09-10 05:45:00+00:00,4040.0,4066.300048828125,4036.0,4065.0,94399,CUMMINSIND
2025-09-10 06:45:00+00:00,4034.89990234375,4041.39990234375,4027.0,4040.5,49158,CUMMINSIND
2025-09-10 07:45:00+00:00,4027.0,4038.199951171875,4024.10009765625,4034.89990234375,50351,CUMMINSIND
2025-09-10 08:45:00+00:00,4020.0,4034.0,4016.5,4026.699951171875,157695,CUMMINSIND
2025-09-10 09:45:00+00:00,4012.0,4025.0,4012.0,4020.0,32180,CUMMINSIND
2025-09-11 03:45:00+00:00,4020.0,4058.89990234375,4003.39990234375,4003.39990234375,76900,CUMMINSIND
2025-09-11 04:45:00+00:00,4035.89990234375,4039.699951171875,4018.10009765625,4021.0,122810,CUMMINSIND
2025-09-11 05:45:00+00:00,4044.5,4055.0,4035.699951171875,4035.89990234375,58867,CUMMINSIND
2025-09-11 06:45:00+00:00,4045.60009765625,4053.800048828125,4040.0,4044.60009765625,25516,CUMMINSIND
2025-09-11 07:45:00+00:00,4048.0,4049.10009765625,4041.10009765625,4044.699951171875,23119,CUMMINSIND
2025-09-11 08:45:00+00:00,4040.89990234375,4049.0,4038.0,4047.89990234375,56744,CUMMINSIND
2025-09-11 09:45:00+00:00,4046.0,4049.300048828125,4034.60009765625,4040.89990234375,74752,CUMMINSIND
2025-09-12 03:45:00+00:00,4023.39990234375,4052.0,4017.300048828125,4050.0,40500,CUMMINSIND
2025-09-12 04:45:00+00:00,4035.0,4040.699951171875,4021.199951171875,4024.699951171875,176978,CUMMINSIND
2025-09-12 05:45:00+00:00,4039.89990234375,4046.300048828125,4035.0,4035.0,19837,CUMMINSIND
2025-09-12 06:45:00+00:00,4037.89990234375,4040.0,4030.89990234375,4039.800048828125,15773,CUMMINSIND
2025-09-12 07:45:00+00:00,4033.300048828125,4040.0,4031.0,4036.199951171875,16340,CUMMINSIND
2025-09-12 08:45:00+00:00,4033.39990234375,4036.0,4026.0,4031.699951171875,35109,CUMMINSIND
2025-09-12 09:45:00+00:00,4030.39990234375,4033.39990234375,4027.300048828125,4033.39990234375,0,CUMMINSIND
2025-09-15 03:45:00+00:00,4066.199951171875,4069.10009765625,4043.10009765625,4058.5,0,CUMMINSIND
2025-09-15 04:45:00+00:00,4062.699951171875,4074.89990234375,4048.10009765625,4066.39990234375,44402,CUMMINSIND
2025-09-15 05:45:00+00:00,4058.199951171875,4064.0,4051.699951171875,4062.699951171875,60930,CUMMINSIND
2025-09-15 06:45:00+00:00,4060.199951171875,4064.0,4054.60009765625,4058.300048828125,31013,CUMMINSIND
2025-09-15 07:45:00+00:00,4055.89990234375,4062.10009765625,4050.300048828125,4060.60009765625,27673,CUMMINSIND
2025-09-15 08:45:00+00:00,4055.0,4060.800048828125,4040.199951171875,4055.5,88307,CUMMINSIND
2025-09-15 09:45:00+00:00,4055.800048828125,4059.89990234375,4050.39990234375,4055.0,27331,CUMMINSIND
2025-09-16 03:45:00+00:00,4055.39990234375,4075.0,4047.199951171875,4051.0,0,CUMMINSIND
2025-09-16 04:45:00+00:00,4050.0,4066.199951171875,4041.800048828125,4057.0,52383,CUMMINSIND
2025-09-16 05:45:00+00:00,4047.0,4060.699951171875,4047.0,4049.89990234375,44529,CUMMINSIND
2025-09-16 08:45:00+00:00,4093.10009765625,4099.7001953125,4092.699951171875,4095.39990234375,140891,CUMMINSIND
2025-09-17 03:45:00+00:00,4084.60009765625,4112.7998046875,4075.0,4103.39990234375,93774,CUMMINSIND
2025-09-17 04:45:00+00:00,4111.5,4114.2001953125,4081.199951171875,4084.0,54492,CUMMINSIND
2025-09-17 05:45:00+00:00,4118.89990234375,4125.0,4109.2001953125,4112.0,28733,CUMMINSIND
2025-09-17 06:45:00+00:00,4136.0,4139.89990234375,4114.0,4118.89990234375,40824,CUMMINSIND
2025-09-17 07:45:00+00:00,4118.7998046875,4140.0,4115.60009765625,4136.39990234375,44355,CUMMINSIND
2025-09-17 08:45:00+00:00,4127.5,4131.89990234375,4116.10009765625,4117.2001953125,60298,CUMMINSIND
2025-09-17 09:45:00+00:00,4125.39990234375,4127.60009765625,4117.0,4127.5,39957,CUMMINSIND
2025-09-18 03:45:00+00:00,4132.2998046875,4164.7998046875,4125.39990234375,4127.0,0,CUMMINSIND
2025-09-18 04:45:00+00:00,4118.2998046875,4138.2001953125,4114.0,4132.0,27650,CUMMINSIND
2025-09-18 05:45:00+00:00,4116.0,4127.7998046875,4110.0,4118.2998046875,18870,CUMMINSIND
2025-09-18 06:45:00+00:00,4111.0,4118.39990234375,4105.0,4116.0,15303,CUMMINSIND
2025-09-18 07:45:00+00:00,4101.10009765625,4125.60009765625,4100.0,4111.0,27505,CUMMINSIND
2025-09-18 08:45:00+00:00,4102.7001953125,4109.89990234375,4092.800048828125,4101.7001953125,54711,CUMMINSIND
2025-09-18 09:45:00+00:00,4111.0,4127.7998046875,4095.89990234375,4102.89990234375,32742,CUMMINSIND
2025-09-19 03:45:00+00:00,4110.10009765625,4121.60009765625,4066.10009765625,4086.300048828125,0,CUMMINSIND
2025-09-19 04:45:00+00:00,4105.10009765625,4118.2001953125,4100.0,4110.60009765625,18830,CUMMINSIND
2025-09-19 05:45:00+00:00,4097.7998046875,4114.2001953125,4090.10009765625,4103.7998046875,19656,CUMMINSIND
2025-09-19 06:45:00+00:00,4096.89990234375,4102.2001953125,4091.800048828125,4097.10009765625,21319,CUMMINSIND
2025-09-19 07:45:00+00:00,4092.199951171875,4100.39990234375,4088.5,4097.0,22517,CUMMINSIND
2025-09-19 08:45:00+00:00,4080.5,4098.0,4069.0,4092.199951171875,140362,CUMMINSIND
2025-09-19 09:45:00+00:00,4080.39990234375,4092.89990234375,4079.39990234375,4080.60009765625,87910,CUMMINSIND
2025-09-22 03:45:00+00:00,4090.800048828125,4114.10009765625,4082.10009765625,4095.5,0,CUMMINSIND
2025-09-22 04:45:00+00:00,4057.39990234375,4090.0,4057.300048828125,4089.800048828125,41351,CUMMINSIND
2025-09-22 05:45:00+00:00,4048.5,4061.699951171875,4038.39990234375,4058.10009765625,29199,CUMMINSIND
2025-09-22 06:45:00+00:00,4046.0,4049.0,4026.89990234375,4046.699951171875,24517,CUMMINSIND
2025-09-22 07:45:00+00:00,4012.800048828125,4049.0,4012.800048828125,4046.0,23633,CUMMINSIND
2025-09-22 08:45:00+00:00,3992.699951171875,4014.199951171875,3983.10009765625,4014.0,89136,CUMMINSIND
2025-09-22 09:45:00+00:00,4000.0,4005.0,3990.0,3992.10009765625,21233,CUMMINSIND
2025-09-23 03:45:00+00:00,4003.199951171875,4024.39990234375,3990.0,3990.0,0,CUMMINSIND
2025-09-23 04:45:00+00:00,4000.10009765625,4013.39990234375,3992.60009765625,4003.199951171875,17089,CUMMINSIND
2025-09-23 05:45:00+00:00,4009.0,4012.199951171875,3999.800048828125,4000.60009765625,11949,CUMMINSIND
2025-09-23 06:45:00+00:00,4006.10009765625,4027.699951171875,4000.10009765625,4009.0,20318,CUMMINSIND
2025-09-23 07:45:00+00:00,4007.0,4011.60009765625,4003.89990234375,4003.89990234375,30834,CUMMINSIND
2025-09-23 08:45:00+00:00,4006.60009765625,4010.300048828125,4001.800048828125,4006.39990234375,59973,CUMMINSIND
2025-09-23 09:45:00+00:00,3982.39990234375,4007.699951171875,3982.39990234375,4006.60009765625,24872,CUMMINSIND
2025-09-24 03:45:00+00:00,4016.60009765625,4027.5,3980.300048828125,4014.60009765625,0,CUMMINSIND
2025-09-24 04:45:00+00:00,4012.300048828125,4024.89990234375,4003.0,4016.10009765625,16508,CUMMINSIND
2025-09-24 05:45:00+00:00,4009.60009765625,4018.5,4002.10009765625,4012.39990234375,14626,CUMMINSIND
2025-09-24 06:45:00+00:00,4000.89990234375,4013.800048828125,3991.89990234375,4009.800048828125,20671,CUMMINSIND
2025-09-24 07:45:00+00:00,3996.10009765625,4003.0,3992.199951171875,4002.199951171875,15130,CUMMINSIND
2025-09-24 08:45:00+00:00,3989.89990234375,3996.800048828125,3980.699951171875,3995.0,29390,CUMMINSIND
2025-09-24 09:45:00+00:00,3988.89990234375,3995.89990234375,3980.10009765625,3989.800048828125,30267,CUMMINSIND
2025-09-25 03:45:00+00:00,4040.0,4040.0,3996.0,3999.300048828125,0,CUMMINSIND
2025-09-25 04:45:00+00:00,4013.5,4044.89990234375,4004.0,4040.0,49327,CUMMINSIND
2025-09-25 05:45:00+00:00,3989.39990234375,4018.0,3988.0,4015.0,24344,CUMMINSIND
2025-09-25 06:45:00+00:00,3996.800048828125,4000.5,3988.10009765625,3988.10009765625,12952,CUMMINSIND
2025-09-25 07:45:00+00:00,3990.5,4004.0,3990.0,3995.89990234375,15404,CUMMINSIND
2025-09-25 08:45:00+00:00,3975.0,3993.699951171875,3969.0,3991.0,48793,CUMMINSIND
2025-09-25 09:45:00+00:00,3989.0,3989.0,3969.39990234375,3975.0,23879,CUMMINSIND
2025-09-26 03:45:00+00:00,3974.10009765625,4004.800048828125,3956.0,3983.199951171875,0,CUMMINSIND
2025-09-26 04:45:00+00:00,3976.5,3987.89990234375,3968.60009765625,3974.800048828125,17863,CUMMINSIND
2025-09-26 05:45:00+00:00,3968.199951171875,3977.199951171875,3959.39990234375,3975.60009765625,39288,CUMMINSIND
2025-09-26 06:45:00+00:00,3961.10009765625,3973.0,3960.199951171875,3969.60009765625,15612,CUMMINSIND
2025-09-26 07:45:00+00:00,3951.699951171875,3962.800048828125,3926.699951171875,3960.699951171875,48017,CUMMINSIND
2025-09-26 08:45:00+00:00,3952.5,3963.800048828125,3935.10009765625,3952.5,53131,CUMMINSIND
2025-09-26 09:45:00+00:00,3947.60009765625,3951.699951171875,3938.10009765625,3950.5,31550,CUMMINSIND
2025-09-29 03:45:00+00:00,3974.199951171875,3985.199951171875,3937.60009765625,3957.199951171875,0,CUMMINSIND
2025-09-29 04:45:00+00:00,3972.699951171875,3984.60009765625,3962.5,3975.60009765625,17949,CUMMINSIND
2025-09-29 05:45:00+00:00,3953.60009765625,3977.10009765625,3939.89990234375,3972.300048828125,29507,CUMMINSIND
2025-09-29 06:45:00+00:00,3955.0,3967.300048828125,3948.0,3954.199951171875,42324,CUMMINSIND
2025-09-29 07:45:00+00:00,3988.60009765625,3991.0,3941.800048828125,3954.300048828125,110211,CUMMINSIND
2025-09-29 08:45:00+00:00,3999.89990234375,4001.199951171875,3976.39990234375,3989.800048828125,70712,CUMMINSIND
2025-09-29 09:45:00+00:00,3994.199951171875,4010.300048828125,3980.10009765625,3998.699951171875,51654,CUMMINSIND
2025-09-30 03:45:00+00:00,3885.199951171875,3996.199951171875,3880.199951171875,3996.199951171875,0,CUMMINSIND
2025-09-30 04:45:00+00:00,3909.39990234375,3922.89990234375,3875.0,3885.5,137011,CUMMINSIND
2025-09-30 05:45:00+00:00,3920.199951171875,3936.0,3908.60009765625,3910.10009765625,68922,CUMMINSIND
2025-09-30 06:45:00+00:00,3930.0,3935.0,3915.699951171875,3921.5,36628,CUMMINSIND
2025-09-30 07:45:00+00:00,3931.39990234375,3943.300048828125,3925.10009765625,3930.60009765625,41335,CUMMINSIND
2025-09-30 08:45:00+00:00,3926.60009765625,3938.60009765625,3917.300048828125,3931.39990234375,139807,CUMMINSIND
2025-09-30 09:45:00+00:00,3930.0,3939.89990234375,3919.199951171875,3926.0,64664,CUMMINSIND
2025-10-01 03:45:00+00:00,3922.10009765625,3936.0,3911.10009765625,3911.10009765625,0,CUMMINSIND
2025-10-01 04:45:00+00:00,3900.0,3925.0,3898.0,3922.10009765625,35487,CUMMINSIND
2025-10-01 05:45:00+00:00,3905.5,3909.39990234375,3890.0,3901.5,21740,CUMMINSIND
2025-10-01 06:45:00+00:00,3881.0,3909.39990234375,3879.10009765625,3906.699951171875,13699,CUMMINSIND
2025-10-01 07:45:00+00:00,3858.199951171875,3887.60009765625,3856.699951171875,3880.10009765625,53738,CUMMINSIND
2025-10-01 08:45:00+00:00,3849.699951171875,3870.0,3845.39990234375,3858.199951171875,122593,CUMMINSIND
2025-10-01 09:45:00+00:00,3860.0,3860.0,3847.699951171875,3849.800048828125,51070,CUMMINSIND
2025-10-03 03:45:00+00:00,3859.89990234375,3867.199951171875,3833.0,3851.0,0,CUMMINSIND
2025-10-03 04:45:00+00:00,3906.60009765625,3906.60009765625,3857.199951171875,3860.10009765625,42305,CUMMINSIND
2025-10-03 05:45:00+00:00,3919.699951171875,3926.699951171875,3897.199951171875,3905.5,47508,CUMMINSIND
2025-10-03 06:45:00+00:00,3939.10009765625,3941.39990234375,3912.89990234375,3919.199951171875,65208,CUMMINSIND
2025-10-03 07:45:00+00:00,3950.699951171875,3950.699951171875,3924.5,3940.5,70951,CUMMINSIND
2025-10-03 08:45:00+00:00,3930.0,3950.699951171875,3927.699951171875,3950.199951171875,89819,CUMMINSIND
2025-10-03 09:45:00+00:00,3929.10009765625,3935.300048828125,3928.39990234375,3930.0,38133,CUMMINSIND
2025-10-06 03:45:00+00:00,3954.199951171875,3964.300048828125,3924.89990234375,3943.0,0,CUMMINSIND
2025-10-06 04:45:00+00:00,3947.800048828125,3955.0,3935.199951171875,3954.60009765625,30645,CUMMINSIND
2025-10-06 05:45:00+00:00,3944.199951171875,3967.0,3935.0,3947.5,32125,CUMMINSIND
2025-10-06 06:45:00+00:00,3938.89990234375,3946.199951171875,3931.0,3945.800048828125,21390,CUMMINSIND
2025-10-06 07:45:00+00:00,3948.0,3950.300048828125,3933.300048828125,3937.800048828125,47404,CUMMINSIND
2025-10-06 08:45:00+00:00,3942.800048828125,3952.0,3937.699951171875,3948.0,66903,CUMMINSIND
2025-10-06 09:45:00+00:00,3943.0,3954.5,3940.0,3941.39990234375,34085,CUMMINSIND
2025-10-07 03:45:00+00:00,3910.699951171875,3943.5,3910.699951171875,3943.0,0,CUMMINSIND
2025-10-07 04:45:00+00:00,3943.89990234375,3944.89990234375,3902.800048828125,3911.39990234375,27978,CUMMINSIND
2025-10-07 05:45:00+00:00,3940.199951171875,3950.0,3931.699951171875,3944.0,20514,CUMMINSIND
2025-10-07 06:45:00+00:00,3935.699951171875,3951.800048828125,3934.0,3940.39990234375,21720,CUMMINSIND
2025-10-07 07:45:00+00:00,3951.10009765625,3956.699951171875,3932.0,3936.0,15902,CUMMINSIND
2025-10-07 08:45:00+00:00,3965.0,3977.10009765625,3948.300048828125,3950.89990234375,56522,CUMMINSIND
2025-10-07 09:45:00+00:00,3967.39990234375,3970.0,3957.300048828125,3965.800048828125,13643,CUMMINSIND
2025-10-08 03:45:00+00:00,3913.0,3961.699951171875,3906.800048828125,3956.5,0,CUMMINSIND
2025-10-08 04:45:00+00:00,3888.0,3923.89990234375,3883.89990234375,3911.89990234375,28050,CUMMINSIND
2025-10-08 05:45:00+00:00,3888.0,3902.89990234375,3882.5,3888.0,42294,CUMMINSIND
2025-10-08 06:45:00+00:00,3931.60009765625,3936.10009765625,3883.60009765625,3888.0,28567,CUMMINSIND
2025-10-08 07:45:00+00:00,3928.300048828125,3939.0,3925.199951171875,3931.60009765625,42859,CUMMINSIND
2025-10-08 08:45:00+00:00,3909.60009765625,3936.800048828125,3903.199951171875,3928.300048828125,54341,CUMMINSIND
2025-10-08 09:45:00+00:00,3903.60009765625,3921.300048828125,3903.60009765625,3909.10009765625,22033,CUMMINSIND
2025-10-09 03:45:00+00:00,3953.699951171875,3974.60009765625,3903.199951171875,3905.10009765625,0,CUMMINSIND
2025-10-09 04:45:00+00:00,3950.89990234375,3979.0,3946.800048828125,3955.800048828125,26483,CUMMINSIND
2025-10-09 05:45:00+00:00,3963.699951171875,3963.699951171875,3947.699951171875,3951.699951171875,7915,CUMMINSIND
2025-10-09 06:45:00+00:00,3956.60009765625,3965.800048828125,3953.800048828125,3963.800048828125,10298,CUMMINSIND
2025-10-09 07:45:00+00:00,3958.199951171875,3969.60009765625,3951.300048828125,3957.89990234375,10007,CUMMINSIND
2025-10-09 08:45:00+00:00,3959.199951171875,3963.5,3949.199951171875,3956.10009765625,62262,CUMMINSIND
2025-10-09 09:45:00+00:00,3957.199951171875,3960.199951171875,3950.0,3959.199951171875,22403,CUMMINSIND
2025-10-10 03:45:00+00:00,4010.699951171875,4025.5,3901.5,3958.0,0,CUMMINSIND
2025-10-10 04:45:00+00:00,4000.0,4019.0,3997.699951171875,4015.0,35288,CUMMINSIND
2025-10-10 05:45:00+00:00,3991.89990234375,4000.0,3980.0,4000.0,26900,CUMMINSIND
2025-10-10 06:45:00+00:00,3973.39990234375,3995.800048828125,3967.10009765625,3991.800048828125,75901,CUMMINSIND
2025-10-10 07:45:00+00:00,3974.60009765625,3976.699951171875,3967.89990234375,3973.199951171875,45344,CUMMINSIND
2025-10-10 08:45:00+00:00,3969.800048828125,3976.89990234375,3955.199951171875,3973.39990234375,153082,CUMMINSIND
2025-10-10 09:45:00+00:00,3961.800048828125,3974.199951171875,3960.199951171875,3968.800048828125,61260,CUMMINSIND
2025-10-13 03:45:00+00:00,3947.60009765625,3968.199951171875,3919.5,3941.699951171875,0,CUMMINSIND
2025-10-13 04:45:00+00:00,3941.199951171875,3950.60009765625,3920.699951171875,3948.800048828125,19340,CUMMINSIND
2025-10-13 05:45:00+00:00,3922.10009765625,3942.60009765625,3917.39990234375,3942.60009765625,16456,CUMMINSIND
2025-10-13 06:45:00+00:00,3937.199951171875,3941.699951171875,3920.800048828125,3925.5,24198,CUMMINSIND
2025-10-13 07:45:00+00:00,3950.10009765625,3953.60009765625,3936.300048828125,3937.199951171875,11647,CUMMINSIND
2025-10-13 08:45:00+00:00,3961.300048828125,3963.199951171875,3950.199951171875,3952.10009765625,22465,CUMMINSIND
2025-10-13 09:45:00+00:00,3956.0,3962.60009765625,3950.0,3961.800048828125,13667,CUMMINSIND
2025-10-14 03:45:00+00:00,3938.199951171875,3974.10009765625,3931.0,3957.0,0,CUMMINSIND
2025-10-14 04:45:00+00:00,3938.5,3959.0,3932.89990234375,3937.39990234375,11971,CUMMINSIND
2025-10-14 05:45:00+00:00,3941.39990234375,3953.0,3928.60009765625,3939.5,21298,CUMMINSIND
2025-10-14 06:45:00+00:00,3940.60009765625,3950.89990234375,3937.5,3940.5,14082,CUMMINSIND
2025-10-14 07:45:00+00:00,3934.199951171875,3951.0,3931.199951171875,3940.5,15899,CUMMINSIND
2025-10-14 08:45:00+00:00,3949.5,3954.5,3930.300048828125,3934.60009765625,38892,CUMMINSIND
2025-10-14 09:45:00+00:00,3945.199951171875,3953.800048828125,3937.60009765625,3948.300048828125,13429,CUMMINSIND
2025-10-15 03:45:00+00:00,3980.0,3982.699951171875,3940.699951171875,3954.89990234375,0,CUMMINSIND
2025-10-15 04:45:00+00:00,3972.800048828125,3984.39990234375,3971.0,3979.10009765625,9108,CUMMINSIND
2025-10-15 05:45:00+00:00,3984.800048828125,3984.800048828125,3971.0,3972.89990234375,15084,CUMMINSIND
2025-10-15 06:45:00+00:00,3973.5,3992.0,3973.199951171875,3986.89990234375,17811,CUMMINSIND
2025-10-15 07:45:00+00:00,3964.699951171875,3978.60009765625,3963.39990234375,3973.5,16543,CUMMINSIND
2025-10-15 08:45:00+00:00,3958.60009765625,3973.89990234375,3955.300048828125,3964.60009765625,34956,CUMMINSIND
2025-10-15 09:45:00+00:00,3957.39990234375,3967.89990234375,3948.699951171875,3958.0,20310,CUMMINSIND
2025-10-16 03:45:00+00:00,3986.5,4007.0,3963.199951171875,3967.89990234375,0,CUMMINSIND
2025-10-16 04:45:00+00:00,3950.0,3988.10009765625,3936.5,3987.300048828125,55256,CUMMINSIND
2025-10-16 05:45:00+00:00,3945.300048828125,3957.60009765625,3942.199951171875,3950.39990234375,31205,CUMMINSIND
2025-10-16 06:45:00+00:00,3958.89990234375,3959.0,3940.0,3946.5,37278,CUMMINSIND
2025-10-16 07:45:00+00:00,3948.199951171875,3969.89990234375,3947.699951171875,3958.800048828125,35515,CUMMINSIND
2025-10-16 08:45:00+00:00,3941.89990234375,3957.300048828125,3939.0,3948.199951171875,46057,CUMMINSIND
2025-10-16 09:45:00+00:00,3940.60009765625,3948.5,3933.10009765625,3941.89990234375,37284,CUMMINSIND
2025-10-17 03:45:00+00:00,3984.5,3986.60009765625,3948.89990234375,3952.60009765625,0,CUMMINSIND
2025-10-17 04:45:00+00:00,4003.39990234375,4017.800048828125,3975.39990234375,3984.60009765625,46849,CUMMINSIND
2025-10-17 05:45:00+00:00,4006.0,4019.0,3988.300048828125,4003.89990234375,24658,CUMMINSIND
2025-10-17 06:45:00+00:00,3978.800048828125,4010.0,3974.300048828125,4006.0,26818,CUMMINSIND
2025-10-17 07:45:00+00:00,3971.10009765625,3983.39990234375,3960.300048828125,3978.800048828125,25746,CUMMINSIND
2025-10-17 08:45:00+00:00,3974.0,3980.0,3970.10009765625,3971.5,36066,CUMMINSIND
2025-10-17 09:45:00+00:00,3971.199951171875,3980.0,3970.89990234375,3975.300048828125,20685,CUMMINSIND
2025-10-20 03:45:00+00:00,3985.800048828125,4013.800048828125,3982.89990234375,3994.699951171875,0,CUMMINSIND
2025-10-20 04:45:00+00:00,3986.0,3992.0,3975.300048828125,3985.0,25720,CUMMINSIND
2025-10-20 05:45:00+00:00,4010.0,4015.39990234375,3982.10009765625,3985.60009765625,100209,CUMMINSIND
2025-10-20 06:45:00+00:00,4011.199951171875,4020.0,4005.0,4009.60009765625,83159,CUMMINSIND
2025-10-20 07:45:00+00:00,4019.699951171875,4033.60009765625,4010.0,4011.199951171875,84958,CUMMINSIND
2025-10-20 08:45:00+00:00,3995.0,4021.800048828125,3988.0,4019.800048828125,45591,CUMMINSIND
2025-10-20 09:45:00+00:00,4006.39990234375,4024.39990234375,3994.699951171875,3995.0,66472,CUMMINSIND
2025-10-21 07:45:00+00:00,4009.5,4030.0,4001.89990234375,4030.0,12111,CUMMINSIND
2025-10-21 08:45:00+00:00,4000.89990234375,4011.699951171875,3975.0,4009.5,7622,CUMMINSIND
2025-10-23 03:45:00+00:00,4053.0,4071.0,4016.39990234375,4016.39990234375,189645,CUMMINSIND
2025-10-23 04:45:00+00:00,4066.5,4085.10009765625,4052.0,4053.0,96409,CUMMINSIND
2025-10-23 05:45:00+00:00,4080.10009765625,4084.89990234375,4060.0,4066.800048828125,86300,CUMMINSIND
2025-10-23 06:45:00+00:00,4093.0,4100.0,4070.39990234375,4081.0,70326,CUMMINSIND
2025-10-23 07:45:00+00:00,4082.0,4095.0,4073.60009765625,4093.199951171875,46580,CUMMINSIND
2025-10-23 08:45:00+00:00,4067.10009765625,4096.7001953125,4060.10009765625,4082.39990234375,80408,CUMMINSIND
2025-10-23 09:45:00+00:00,4065.0,4086.199951171875,4065.0,4067.0,65849,CUMMINSIND
2025-10-24 03:45:00+00:00,4141.39990234375,4147.0,4057.300048828125,4079.800048828125,0,CUMMINSIND
2025-10-24 04:45:00+00:00,4145.0,4153.39990234375,4125.0,4142.5,156229,CUMMINSIND
2025-10-24 05:45:00+00:00,4130.10009765625,4148.2998046875,4120.5,4145.10009765625,82568,CUMMINSIND
2025-10-24 06:45:00+00:00,4200.39990234375,4205.0,4129.7998046875,4130.0,190642,CUMMINSIND
2025-10-24 07:45:00+00:00,4191.0,4202.7998046875,4172.0,4202.60009765625,137264,CUMMINSIND
2025-10-24 08:45:00+00:00,4182.2998046875,4199.0,4179.0,4191.0,233354,CUMMINSIND
2025-10-24 09:45:00+00:00,4183.2001953125,4199.89990234375,4181.0,4182.2998046875,55433,CUMMINSIND
2025-10-27 03:45:00+00:00,4208.0,4244.0,4197.2998046875,4215.5,0,CUMMINSIND
2025-10-27 04:45:00+00:00,4261.60009765625,4269.5,4207.10009765625,4208.0,132228,CUMMINSIND
2025-10-27 05:45:00+00:00,4299.7998046875,4300.0,4252.2001953125,4261.2001953125,87709,CUMMINSIND
2025-10-27 06:45:00+00:00,4298.7001953125,4311.0,4290.0,4299.7998046875,85683,CUMMINSIND
2025-10-27 07:45:00+00:00,4300.7998046875,4311.7998046875,4293.7001953125,4299.89990234375,104477,CUMMINSIND
2025-10-27 08:45:00+00:00,4312.5,4323.0,4298.5,4302.7001953125,111316,CUMMINSIND
2025-10-27 09:45:00+00:00,4314.7998046875,4316.5,4310.0,4312.89990234375,45077,CUMMINSIND
2025-10-28 03:45:00+00:00,4314.2001953125,4328.7001953125,4270.0,4300.39990234375,0,CUMMINSIND
2025-10-28 04:45:00+00:00,4302.89990234375,4324.39990234375,4299.0,4314.2001953125,82886,CUMMINSIND
2025-10-28 05:45:00+00:00,4308.2998046875,4315.0,4300.0,4303.0,80784,CUMMINSIND
2025-10-28 06:45:00+00:00,4278.2001953125,4308.5,4278.2001953125,4308.5,83921,CUMMINSIND
2025-10-28 07:45:00+00:00,4274.2998046875,4288.89990234375,4272.0,4280.2998046875,74350,CUMMINSIND
2025-10-28 08:45:00+00:00,4286.60009765625,4291.5,4270.2998046875,4274.2998046875,98301,CUMMINSIND
2025-10-28 09:45:00+00:00,4285.60009765625,4298.89990234375,4284.89990234375,4286.60009765625,47769,CUMMINSIND
2025-10-29 03:45:00+00:00,4302.39990234375,4311.2001953125,4271.10009765625,4295.89990234375,0,CUMMINSIND
2025-10-29 04:45:00+00:00,4300.7001953125,4325.0,4296.7001953125,4305.39990234375,36776,CUMMINSIND
2025-10-29 05:45:00+00:00,4327.5,4338.89990234375,4292.39990234375,4300.60009765625,42441,CUMMINSIND
2025-10-29 06:45:00+00:00,4346.5,4347.39990234375,4322.39990234375,4325.7001953125,59702,CUMMINSIND
2025-10-29 07:45:00+00:00,4348.5,4353.2998046875,4328.7998046875,4345.2998046875,85937,CUMMINSIND
2025-10-29 08:45:00+00:00,4354.2001953125,4363.7001953125,4346.89990234375,4348.2998046875,112197,CUMMINSIND
2025-10-29 09:45:00+00:00,4363.5,4365.5,4352.39990234375,4354.7998046875,36711,CUMMINSIND
2025-10-30 03:45:00+00:00,4338.5,4357.0,4310.0,4357.0,0,CUMMINSIND
2025-10-30 04:45:00+00:00,4354.10009765625,4357.0,4326.89990234375,4340.10009765625,17275,CUMMINSIND
2025-10-30 05:45:00+00:00,4352.5,4357.10009765625,4338.89990234375,4353.7001953125,53484,CUMMINSIND
2025-10-30 06:45:00+00:00,4390.5,4390.89990234375,4346.0,4352.2998046875,84487,CUMMINSIND
2025-10-30 07:45:00+00:00,4383.5,4393.2001953125,4370.0,4391.2001953125,85530,CUMMINSIND
2025-10-30 08:45:00+00:00,4381.10009765625,4390.0,4372.0,4383.5,122218,CUMMINSIND
2025-10-30 09:45:00+00:00,4384.2001953125,4398.0,4379.60009765625,4381.60009765625,49344,CUMMINSIND
2025-10-31 03:45:00+00:00,4369.39990234375,4398.39990234375,4358.60009765625,4391.5,0,CUMMINSIND
2025-10-31 04:45:00+00:00,4357.2001953125,4369.5,4333.0,4369.39990234375,118690,CUMMINSIND
2025-10-31 05:45:00+00:00,4340.0,4361.89990234375,4338.39990234375,4358.60009765625,31163,CUMMINSIND
2025-10-31 06:45:00+00:00,4345.0,4350.7001953125,4333.7001953125,4340.0,87375,CUMMINSIND
2025-10-31 07:45:00+00:00,4351.0,4355.5,4334.0,4345.0,152403,CUMMINSIND
2025-10-31 08:45:00+00:00,4340.0,4358.2001953125,4340.0,4350.2001953125,153367,CUMMINSIND
2025-10-31 09:45:00+00:00,4351.0,4360.0,4335.5,4340.0,99190,CUMMINSIND
2025-11-03 03:45:00+00:00,4379.0,4390.39990234375,4346.5,4350.0,0,CUMMINSIND
2025-11-03 04:45:00+00:00,4376.2998046875,4402.89990234375,4373.10009765625,4380.0,43685,CUMMINSIND
2025-11-03 05:45:00+00:00,4384.5,4387.0,4372.7001953125,4375.10009765625,62137,CUMMINSIND
2025-11-03 06:45:00+00:00,4384.7001953125,4395.10009765625,4378.60009765625,4385.0,72217,CUMMINSIND
2025-11-03 07:45:00+00:00,4388.60009765625,4395.0,4383.10009765625,4383.10009765625,92498,CUMMINSIND
2025-11-03 08:45:00+00:00,4382.2001953125,4397.0,4382.2001953125,4388.60009765625,182550,CUMMINSIND
2025-11-03 09:45:00+00:00,4379.7001953125,4385.0,4346.10009765625,4384.2998046875,82756,CUMMINSIND
2025-11-04 03:45:00+00:00,4327.60009765625,4354.60009765625,4292.0,4354.60009765625,0,CUMMINSIND
2025-11-04 04:45:00+00:00,4304.0,4348.60009765625,4302.0,4327.39990234375,70056,CUMMINSIND
2025-11-04 05:45:00+00:00,4307.2998046875,4318.5,4292.39990234375,4304.0,47733,CUMMINSIND
2025-11-04 06:45:00+00:00,4332.7001953125,4335.60009765625,4303.39990234375,4307.0,21746,CUMMINSIND
2025-11-04 07:45:00+00:00,4322.39990234375,4333.89990234375,4319.0,4331.5,29319,CUMMINSIND
2025-11-04 08:45:00+00:00,4317.0,4332.7001953125,4312.39990234375,4322.39990234375,64152,CUMMINSIND
2025-11-04 09:45:00+00:00,4318.89990234375,4324.89990234375,4306.2998046875,4317.10009765625,56273,CUMMINSIND
2025-11-06 03:45:00+00:00,4355.2998046875,4364.7998046875,4286.2001953125,4300.0,0,CUMMINSIND
2025-11-06 04:45:00+00:00,4300.0,4356.7001953125,4293.2001953125,4353.5,151325,CUMMINSIND
2025-11-06 05:45:00+00:00,4260.89990234375,4299.7998046875,4260.10009765625,4299.7998046875,88043,CUMMINSIND
2025-11-06 06:45:00+00:00,4279.0,4286.0,4245.0,4261.7998046875,69934,CUMMINSIND
2025-11-06 07:45:00+00:00,4317.39990234375,4322.0,4275.0,4279.0,73681,CUMMINSIND
2025-11-06 08:45:00+00:00,4321.2998046875,4333.0,4298.5,4316.60009765625,110884,CUMMINSIND
2025-11-06 09:45:00+00:00,4316.10009765625,4322.7998046875,4302.89990234375,4321.2998046875,52504,CUMMINSIND
2025-11-07 03:45:00+00:00,4401.39990234375,4436.7998046875,4331.10009765625,4380.0,0,CUMMINSIND
2025-11-07 04:45:00+00:00,4292.7998046875,4495.0,4277.39990234375,4400.0,662735,CUMMINSIND
2025-11-07 05:45:00+00:00,4285.60009765625,4329.7998046875,4251.2001953125,4290.89990234375,259052,CUMMINSIND
2025-11-07 06:45:00+00:00,4290.0,4300.89990234375,4275.0,4285.5,117610,CUMMINSIND
2025-11-07 07:45:00+00:00,4281.39990234375,4303.7998046875,4278.0,4289.89990234375,70905,CUMMINSIND
2025-11-07 08:45:00+00:00,4299.7001953125,4302.10009765625,4268.10009765625,4281.2998046875,87106,CUMMINSIND
2025-11-07 09:45:00+00:00,4291.7998046875,4300.2001953125,4280.7998046875,4298.10009765625,75026,CUMMINSIND
2025-11-10 03:45:00+00:00,4286.2001953125,4374.60009765625,4273.2001953125,4300.10009765625,0,CUMMINSIND
2025-11-10 04:45:00+00:00,4273.2998046875,4295.89990234375,4270.2001953125,4286.2001953125,107897,CUMMINSIND
2025-11-10 05:45:00+00:00,4270.2998046875,4283.10009765625,4263.0,4273.2998046875,76563,CUMMINSIND
2025-11-10 06:45:00+00:00,4310.2998046875,4334.7001953125,4257.10009765625,4269.5,207988,CUMMINSIND
2025-11-10 07:45:00+00:00,4346.2998046875,4358.7001953125,4308.7998046875,4311.2001953125,51160,CUMMINSIND
2025-11-10 08:45:00+00:00,4344.0,4370.0,4343.7001953125,4351.89990234375,79916,CUMMINSIND
2025-11-10 09:45:00+00:00,4342.5,4350.0,4338.2001953125,4344.7001953125,64426,CUMMINSIND
2025-11-11 03:45:00+00:00,4362.0,4379.39990234375,4311.89990234375,4345.5,0,CUMMINSIND
2025-11-11 04:45:00+00:00,4319.39990234375,4365.0,4314.89990234375,4362.0,74390,CUMMINSIND
2025-11-11 05:45:00+00:00,4342.39990234375,4349.60009765625,4290.89990234375,4319.39990234375,55404,CUMMINSIND
2025-11-11 06:45:00+00:00,4367.89990234375,4368.89990234375,4340.5,4343.7998046875,35990,CUMMINSIND
2025-11-11 07:45:00+00:00,4382.7998046875,4382.7998046875,4354.0,4367.89990234375,46880,CUMMINSIND
2025-11-11 08:45:00+00:00,4412.5,4419.5,4376.7001953125,4382.7998046875,69319,CUMMINSIND
2025-11-11 09:45:00+00:00,4412.39990234375,4416.89990234375,4404.39990234375,4412.0,31646,CUMMINSIND
2025-11-12 03:45:00+00:00,4396.7998046875,4420.0,4370.89990234375,4420.0,0,CUMMINSIND
2025-11-12 04:45:00+00:00,4404.89990234375,4420.89990234375,4394.0,4399.2998046875,51925,CUMMINSIND
2025-11-12 05:45:00+00:00,4390.0,4404.89990234375,4375.10009765625,4404.89990234375,132341,CUMMINSIND
2025-11-12 06:45:00+00:00,4397.2998046875,4403.60009765625,4383.2998046875,4390.0,88339,CUMMINSIND
2025-11-12 07:45:00+00:00,4399.89990234375,4413.60009765625,4391.7001953125,4399.2001953125,124600,CUMMINSIND
2025-11-12 08:45:00+00:00,4395.0,4405.0,4390.0,4399.60009765625,91605,CUMMINSIND
2025-11-12 09:45:00+00:00,4395.39990234375,4399.0,4384.7998046875,4393.10009765625,55248,CUMMINSIND
2025-11-13 03:45:00+00:00,4420.60009765625,4450.0,4373.5,4373.5,0,CUMMINSIND
2025-11-13 04:45:00+00:00,4416.89990234375,4440.89990234375,4415.0,4420.7001953125,48870,CUMMINSIND
2025-11-13 05:45:00+00:00,4418.2001953125,4425.7998046875,4403.5,4416.7001953125,31323,CUMMINSIND
2025-11-13 06:45:00+00:00,4398.39990234375,4422.0,4390.39990234375,4419.7998046875,34494,CUMMINSIND
2025-11-13 07:45:00+00:00,4380.10009765625,4404.2998046875,4372.89990234375,4398.5,43822,CUMMINSIND
2025-11-13 08:45:00+00:00,4371.2001953125,4394.2998046875,4361.5,4379.89990234375,68732,CUMMINSIND
2025-11-13 09:45:00+00:00,4366.2001953125,4376.60009765625,4350.10009765625,4371.2001953125,41348,CUMMINSIND
2025-11-14 03:45:00+00:00,4313.2001953125,4362.89990234375,4307.0,4362.89990234375,0,CUMMINSIND
2025-11-14 04:45:00+00:00,4296.0,4313.2001953125,4287.0,4313.2001953125,83412,CUMMINSIND
2025-11-14 05:45:00+00:00,4298.0,4316.60009765625,4287.5,4297.5,83242,CUMMINSIND
2025-11-14 06:45:00+00:00,4295.10009765625,4301.89990234375,4287.0,4299.0,30376,CUMMINSIND
2025-11-14 07:45:00+00:00,4286.2998046875,4296.10009765625,4275.2001953125,4295.0,24959,CUMMINSIND
2025-11-14 08:45:00+00:00,4286.39990234375,4290.0,4263.2001953125,4286.2998046875,61628,CUMMINSIND
2025-11-14 09:45:00+00:00,4296.7998046875,4307.5,4286.60009765625,4287.2998046875,29436,CUMMINSIND
2025-11-17 03:45:00+00:00,4331.39990234375,4338.60009765625,4293.7001953125,4297.5,0,CUMMINSIND
2025-11-17 04:45:00+00:00,4298.60009765625,4334.89990234375,4287.89990234375,4330.0,43926,CUMMINSIND
2025-11-17 05:45:00+00:00,4354.0,4356.2998046875,4298.60009765625,4298.60009765625,196442,CUMMINSIND
2025-11-17 06:45:00+00:00,4359.89990234375,4360.0,4346.2001953125,4355.0,62481,CUMMINSIND
2025-11-17 07:45:00+00:00,4379.60009765625,4389.0,4359.89990234375,4360.0,56942,CUMMINSIND
2025-11-17 08:45:00+00:00,4387.2001953125,4387.89990234375,4369.2001953125,4379.89990234375,68626,CUMMINSIND
2025-11-17 09:45:00+00:00,4379.0,4389.7998046875,4374.60009765625,4387.7998046875,33609,CUMMINSIND
2025-11-18 03:45:00+00:00,4298.60009765625,4386.0,4295.0,4386.0,0,CUMMINSIND
2025-11-18 04:45:00+00:00,4284.2998046875,4299.2001953125,4267.0,4299.2001953125,69804,CUMMINSIND
2025-11-18 05:45:00+00:00,4295.10009765625,4306.39990234375,4281.7998046875,4284.2998046875,58347,CUMMINSIND
2025-11-18 06:45:00+00:00,4280.7998046875,4300.0,4276.0,4295.10009765625,36248,CUMMINSIND
2025-11-18 07:45:00+00:00,4275.10009765625,4282.2001953125,4270.5,4281.39990234375,40187,CUMMINSIND
2025-11-18 08:45:00+00:00,4252.2998046875,4277.10009765625,4247.0,4275.10009765625,134021,CUMMINSIND
2025-11-18 09:45:00+00:00,4252.39990234375,4260.89990234375,4247.60009765625,4252.39990234375,56054,CUMMINSIND
2025-11-19 03:45:00+00:00,4195.7998046875,4253.89990234375,4185.2998046875,4253.89990234375,0,CUMMINSIND
2025-11-19 04:45:00+00:00,4218.60009765625,4218.60009765625,4183.2998046875,4197.7998046875,83284,CUMMINSIND
2025-11-19 05:45:00+00:00,4243.7001953125,4254.2001953125,4215.7001953125,4217.7001953125,61205,CUMMINSIND
2025-11-19 06:45:00+00:00,4261.89990234375,4263.0,4239.2998046875,4242.39990234375,46799,CUMMINSIND
2025-11-19 07:45:00+00:00,4239.7998046875,4266.0,4233.0,4261.89990234375,49105,CUMMINSIND
2025-11-19 08:45:00+00:00,4261.10009765625,4264.7001953125,4238.2998046875,4240.0,48865,CUMMINSIND
2025-11-19 09:45:00+00:00,4261.2998046875,4266.5,4259.10009765625,4261.7001953125,29029,CUMMINSIND
2025-11-20 03:45:00+00:00,4348.2001953125,4374.39990234375,4282.60009765625,4282.60009765625,0,CUMMINSIND
2025-11-20 04:45:00+00:00,4335.0,4350.0,4328.2001953125,4348.2001953125,139610,CUMMINSIND
2025-11-20 05:45:00+00:00,4332.0,4338.0,4323.60009765625,4334.7998046875,70324,CUMMINSIND
2025-11-20 06:45:00+00:00,4370.5,4379.39990234375,4330.2998046875,4331.10009765625,106334,CUMMINSIND
2025-11-20 07:45:00+00:00,4386.7001953125,4388.7998046875,4367.5,4370.5,75285,CUMMINSIND
2025-11-20 08:45:00+00:00,4375.0,4394.7001953125,4368.7998046875,4386.7001953125,108474,CUMMINSIND
2025-11-20 09:45:00+00:00,4387.0,4390.0,4370.60009765625,4374.5,50848,CUMMINSIND
2025-11-21 03:45:00+00:00,4343.60009765625,4384.7998046875,4342.60009765625,4376.0,0,CUMMINSIND
2025-11-21 04:45:00+00:00,4337.7998046875,4346.0,4315.60009765625,4343.60009765625,43710,CUMMINSIND
2025-11-21 05:45:00+00:00,4337.2001953125,4351.7001953125,4325.0,4337.7998046875,33588,CUMMINSIND
2025-11-21 06:45:00+00:00,4341.5,4355.0,4329.2998046875,4336.0,67176,CUMMINSIND
2025-11-21 07:45:00+00:00,4330.0,4350.0,4328.2001953125,4341.39990234375,136668,CUMMINSIND
2025-11-21 08:45:00+00:00,4339.10009765625,4344.89990234375,4325.5,4330.0,58379,CUMMINSIND
2025-11-21 09:45:00+00:00,4334.0,4349.7998046875,4330.0,4340.0,25249,CUMMINSIND
2025-11-24 03:45:00+00:00,4374.89990234375,4378.5,4329.10009765625,4348.39990234375,0,CUMMINSIND
2025-11-24 04:45:00+00:00,4375.0,4389.89990234375,4366.2998046875,4375.0,141061,CUMMINSIND
2025-11-24 05:45:00+00:00,4365.0,4375.0,4361.2998046875,4374.60009765625,57374,CUMMINSIND
2025-11-24 06:45:00+00:00,4339.7998046875,4370.0,4333.2998046875,4365.60009765625,209887,CUMMINSIND
2025-11-24 07:45:00+00:00,4323.0,4344.89990234375,4313.2998046875,4339.7998046875,75935,CUMMINSIND
2025-11-24 08:45:00+00:00,4298.0,4334.7001953125,4295.0,4324.10009765625,333295,CUMMINSIND
2025-11-24 09:45:00+00:00,4286.0,4302.39990234375,4284.2001953125,4298.0,191906,CUMMINSIND
2025-11-25 03:45:00+00:00,4317.5,4317.7998046875,4286.89990234375,4299.10009765625,0,CUMMINSIND
2025-11-25 04:45:00+00:00,4319.7001953125,4336.5,4313.60009765625,4317.5,42175,CUMMINSIND
2025-11-25 05:45:00+00:00,4319.7001953125,4328.5,4317.7001953125,4319.7001953125,24425,CUMMINSIND
2025-11-25 06:45:00+00:00,4315.39990234375,4320.7998046875,4301.7001953125,4319.7001953125,81039,CUMMINSIND
2025-11-25 07:45:00+00:00,4319.0,4322.39990234375,4310.5,4315.39990234375,26674,CUMMINSIND
2025-11-25 08:45:00+00:00,4313.0,4322.2001953125,4303.2998046875,4318.5,78341,CUMMINSIND
2025-11-25 09:45:00+00:00,4311.2998046875,4313.0,4300.10009765625,4311.60009765625,26808,CUMMINSIND
2025-11-26 03:45:00+00:00,4403.0,4406.0,4314.60009765625,4330.0,0,CUMMINSIND
2025-11-26 04:45:00+00:00,4418.39990234375,4420.0,4397.39990234375,4401.60009765625,66871,CUMMINSIND
2025-11-26 05:45:00+00:00,4397.39990234375,4418.7998046875,4395.2001953125,4418.2001953125,59006,CUMMINSIND
2025-11-26 06:45:00+00:00,4398.89990234375,4403.7998046875,4392.0,4397.60009765625,36490,CUMMINSIND
2025-11-26 07:45:00+00:00,4402.0,4404.2998046875,4389.0,4398.89990234375,36228,CUMMINSIND
2025-11-26 08:45:00+00:00,4410.0,4412.7001953125,4390.60009765625,4402.10009765625,72103,CUMMINSIND
2025-11-26 09:45:00+00:00,4410.0,4411.2998046875,4400.0,4409.89990234375,40695,CUMMINSIND
2025-11-27 03:45:00+00:00,4399.5,4418.0,4359.0,4418.0,0,CUMMINSIND
2025-11-27 04:45:00+00:00,4397.2001953125,4402.5,4380.0,4399.5,57136,CUMMINSIND
2025-11-27 05:45:00+00:00,4426.5,4437.2001953125,4364.7998046875,4397.2001953125,143836,CUMMINSIND
2025-11-27 06:45:00+00:00,4441.60009765625,4455.89990234375,4420.0,4426.5,187983,CUMMINSIND
2025-11-27 07:45:00+00:00,4458.7001953125,4463.7998046875,4415.5,4438.10009765625,105523,CUMMINSIND
2025-11-27 08:45:00+00:00,4455.89990234375,4461.5,4438.60009765625,4459.10009765625,199928,CUMMINSIND
2025-11-27 09:45:00+00:00,4436.89990234375,4456.0,4435.10009765625,4453.0,54630,CUMMINSIND
2025-11-28 03:45:00+00:00,4464.0,4473.0,4401.10009765625,4449.2998046875,0,CUMMINSIND
2025-11-28 04:45:00+00:00,4476.2001953125,4486.7001953125,4452.10009765625,4463.0,80918,CUMMINSIND
2025-11-28 05:45:00+00:00,4497.2001953125,4517.7001953125,4471.2001953125,4477.2001953125,120608,CUMMINSIND
2025-11-28 06:45:00+00:00,4476.10009765625,4504.7998046875,4470.39990234375,4497.2001953125,150867,CUMMINSIND
2025-11-28 07:45:00+00:00,4493.2998046875,4497.0,4471.39990234375,4477.5,113509,CUMMINSIND
2025-11-28 08:45:00+00:00,4480.0,4493.5,4470.2001953125,4492.7001953125,147440,CUMMINSIND
2025-11-28 09:45:00+00:00,4470.0,4483.89990234375,4470.0,4480.0,68532,CUMMINSIND
2025-12-01 03:45:00+00:00,4499.7998046875,4519.89990234375,4489.2998046875,4492.89990234375,0,CUMMINSIND
2025-12-01 04:45:00+00:00,4491.2001953125,4506.2998046875,4481.0,4499.39990234375,33934,CUMMINSIND
2025-12-01 05:45:00+00:00,4497.39990234375,4507.0,4484.7998046875,4492.60009765625,34436,CUMMINSIND
2025-12-01 06:45:00+00:00,4500.10009765625,4500.10009765625,4491.5,4498.2998046875,37058,CUMMINSIND
2025-12-01 07:45:00+00:00,4533.5,4546.0,4494.0,4500.0,70646,CUMMINSIND
2025-12-01 08:45:00+00:00,4546.2001953125,4553.0,4513.7998046875,4533.5,149440,CUMMINSIND
2025-12-01 09:45:00+00:00,4539.0,4546.7998046875,4532.39990234375,4546.39990234375,34841,CUMMINSIND
2025-12-02 03:45:00+00:00,4545.2001953125,4560.0,4525.60009765625,4542.0,0,CUMMINSIND
2025-12-02 04:45:00+00:00,4561.5,4574.0,4541.7998046875,4545.2998046875,91072,CUMMINSIND
2025-12-02 05:45:00+00:00,4530.7001953125,4568.7001953125,4528.10009765625,4561.60009765625,57141,CUMMINSIND
2025-12-02 06:45:00+00:00,4525.60009765625,4543.5,4519.89990234375,4530.60009765625,48404,CUMMINSIND
2025-12-02 07:45:00+00:00,4522.0,4525.0,4507.5,4524.89990234375,45839,CUMMINSIND
2025-12-02 08:45:00+00:00,4513.0,4524.7001953125,4505.2001953125,4522.0,79949,CUMMINSIND
2025-12-02 09:45:00+00:00,4514.5,4516.5,4503.0,4513.5,35673,CUMMINSIND
2025-12-03 03:45:00+00:00,4460.7998046875,4514.5,4451.10009765625,4514.5,0,CUMMINSIND
2025-12-03 04:45:00+00:00,4472.0,4480.2998046875,4452.10009765625,4462.2001953125,50780,CUMMINSIND
2025-12-03 05:45:00+00:00,4476.7998046875,4478.0,4462.2001953125,4472.0,39499,CUMMINSIND
2025-12-03 06:45:00+00:00,4493.7001953125,4494.10009765625,4471.7998046875,4476.60009765625,38148,CUMMINSIND
2025-12-03 07:45:00+00:00,4507.2001953125,4526.89990234375,4493.39990234375,4493.5,66700,CUMMINSIND
2025-12-03 08:45:00+00:00,4518.2998046875,4518.7998046875,4491.60009765625,4507.7998046875,81812,CUMMINSIND
2025-12-03 09:45:00+00:00,4505.0,4522.0,4505.0,4517.89990234375,46343,CUMMINSIND
2025-12-04 03:45:00+00:00,4529.39990234375,4552.5,4508.2998046875,4515.0,0,CUMMINSIND
2025-12-04 04:45:00+00:00,4522.5,4537.39990234375,4517.2001953125,4528.7001953125,29825,CUMMINSIND
2025-12-04 05:45:00+00:00,4495.7998046875,4523.0,4494.0,4523.0,36443,CUMMINSIND
2025-12-04 06:45:00+00:00,4500.0,4510.0,4486.2001953125,4495.2998046875,55602,CUMMINSIND
2025-12-04 07:45:00+00:00,4468.0,4500.0,4460.2998046875,4499.5,36630,CUMMINSIND
2025-12-04 08:45:00+00:00,4470.10009765625,4478.0,4465.60009765625,4468.5,56473,CUMMINSIND
2025-12-04 09:45:00+00:00,4459.2998046875,4470.2001953125,4440.7998046875,4470.10009765625,47179,CUMMINSIND
2025-12-05 03:45:00+00:00,4449.0,4486.39990234375,4440.39990234375,4457.10009765625,0,CUMMINSIND
2025-12-05 04:45:00+00:00,4462.0,4468.7001953125,4437.7001953125,4450.0,89135,CUMMINSIND
2025-12-05 05:45:00+00:00,4474.89990234375,4480.5,4458.7001953125,4462.0,68996,CUMMINSIND
2025-12-05 06:45:00+00:00,4464.2998046875,4490.0,4464.2001953125,4474.89990234375,60558,CUMMINSIND
2025-12-05 07:45:00+00:00,4458.7001953125,4475.0,4452.39990234375,4464.2998046875,79835,CUMMINSIND
2025-12-05 08:45:00+00:00,4481.5,4481.5,4455.0,4458.7001953125,112023,CUMMINSIND
2025-12-05 09:45:00+00:00,4468.89990234375,4484.2998046875,4452.10009765625,4481.5,82207,CUMMINSIND
2025-12-08 03:45:00+00:00,4493.7998046875,4534.89990234375,4465.39990234375,4472.7001953125,0,CUMMINSIND
2025-12-08 04:45:00+00:00,4494.0,4502.39990234375,4487.5,4495.0,41045,CUMMINSIND
2025-12-08 05:45:00+00:00,4478.0,4501.39990234375,4471.7001953125,4493.89990234375,81755,CUMMINSIND
2025-12-08 06:45:00+00:00,4471.0,4480.39990234375,4460.0,4477.10009765625,35490,CUMMINSIND
2025-12-08 07:45:00+00:00,4461.89990234375,4472.89990234375,4442.89990234375,4471.0,54352,CUMMINSIND
2025-12-08 08:45:00+00:00,4466.10009765625,4479.10009765625,4454.7001953125,4461.89990234375,108924,CUMMINSIND
2025-12-08 09:45:00+00:00,4467.0,4470.7001953125,4447.2998046875,4468.39990234375,46763,CUMMINSIND
2025-12-09 03:45:00+00:00,4432.0,4467.0,4412.10009765625,4451.89990234375,0,CUMMINSIND
2025-12-09 04:45:00+00:00,4471.39990234375,4475.2001953125,4430.0,4432.10009765625,56236,CUMMINSIND
2025-12-09 05:45:00+00:00,4478.7001953125,4495.0,4465.0,4470.7001953125,32814,CUMMINSIND
2025-12-09 06:45:00+00:00,4469.5,4489.10009765625,4465.60009765625,4478.7001953125,29212,CUMMINSIND
2025-12-09 07:45:00+00:00,4478.89990234375,4484.0,4456.2998046875,4469.60009765625,106539,CUMMINSIND
2025-12-09 08:45:00+00:00,4479.7998046875,4492.89990234375,4459.2998046875,4479.5,88496,CUMMINSIND
2025-12-09 09:45:00+00:00,4475.0,4480.5,4470.0,4479.7998046875,35199,CUMMINSIND
2025-12-10 03:45:00+00:00,4525.10009765625,4526.2998046875,4477.0,4489.60009765625,0,CUMMINSIND
2025-12-10 04:45:00+00:00,4528.2001953125,4548.0,4515.5,4525.89990234375,73338,CUMMINSIND
2025-12-10 05:45:00+00:00,4550.0,4568.89990234375,4520.0,4528.7001953125,121119,CUMMINSIND
2025-12-10 06:45:00+00:00,4548.89990234375,4558.7998046875,4531.0,4549.7998046875,76953,CUMMINSIND
2025-12-10 07:45:00+00:00,4542.5,4561.2998046875,4539.10009765625,4548.89990234375,53854,CUMMINSIND
2025-12-10 08:45:00+00:00,4540.0,4547.2001953125,4521.0,4542.5,90141,CUMMINSIND
2025-12-10 09:45:00+00:00,4535.7001953125,4541.89990234375,4517.5,4540.2001953125,38295,CUMMINSIND
2025-12-11 03:45:00+00:00,4550.0,4579.10009765625,4543.0,4549.7998046875,0,CUMMINSIND
2025-12-11 04:45:00+00:00,4551.7998046875,4588.2998046875,4546.2001953125,4550.0,99480,CUMMINSIND
2025-12-11 05:45:00+00:00,4562.89990234375,4579.5,4548.2001953125,4551.60009765625,102207,CUMMINSIND
2025-12-11 06:45:00+00:00,4525.39990234375,4567.0,4511.60009765625,4564.89990234375,75006,CUMMINSIND
2025-12-11 07:45:00+00:00,4535.10009765625,4544.39990234375,4523.5,4523.5,27721,CUMMINSIND
2025-12-11 08:45:00+00:00,4531.2001953125,4544.0,4521.2001953125,4535.10009765625,52232,CUMMINSIND
2025-12-11 09:45:00+00:00,4516.89990234375,4538.89990234375,4516.89990234375,4531.5,45796,CUMMINSIND
2025-12-12 03:45:00+00:00,4561.0,4564.0,4530.0,4531.89990234375,0,CUMMINSIND
2025-12-12 04:45:00+00:00,4543.60009765625,4568.0,4535.10009765625,4561.0,52493,CUMMINSIND
2025-12-12 05:45:00+00:00,4567.89990234375,4571.89990234375,4544.89990234375,4544.89990234375,31569,CUMMINSIND
2025-12-12 06:45:00+00:00,4575.0,4575.0,4561.2001953125,4567.60009765625,24386,CUMMINSIND
2025-12-12 07:45:00+00:00,4578.0,4589.0,4556.10009765625,4574.7998046875,126803,CUMMINSIND
2025-12-12 08:45:00+00:00,4605.39990234375,4605.7998046875,4571.89990234375,4578.0,132334,CUMMINSIND
2025-12-12 09:45:00+00:00,4600.2001953125,4615.0,4585.0,4605.39990234375,46481,CUMMINSIND
2025-12-15 03:45:00+00:00,4557.2998046875,4587.0,4546.7001953125,4568.0,0,CUMMINSIND
2025-12-15 04:45:00+00:00,4515.2998046875,4557.89990234375,4512.2998046875,4557.2001953125,70885,CUMMINSIND
2025-12-15 05:45:00+00:00,4541.2001953125,4546.60009765625,4515.0,4515.2998046875,59878,CUMMINSIND
2025-12-15 06:45:00+00:00,4549.89990234375,4554.89990234375,4539.0,4542.0,44216,CUMMINSIND
2025-12-15 07:45:00+00:00,4543.60009765625,4550.0,4539.0,4550.0,25416,CUMMINSIND
2025-12-15 08:45:00+00:00,4541.89990234375,4550.0,4539.0,4544.5,32382,CUMMINSIND
2025-12-15 09:45:00+00:00,4539.0,4542.7001953125,4532.2001953125,4541.7998046875,20559,CUMMINSIND
2025-12-16 03:45:00+00:00,4500.0,4551.2001953125,4491.0,4551.2001953125,0,CUMMINSIND
2025-12-16 04:45:00+00:00,4491.39990234375,4505.10009765625,4490.89990234375,4499.7001953125,21936,CUMMINSIND
2025-12-16 05:45:00+00:00,4493.7001953125,4497.10009765625,4478.2001953125,4491.89990234375,44420,CUMMINSIND
2025-12-16 06:45:00+00:00,4491.0,4497.10009765625,4470.2998046875,4494.2998046875,39364,CUMMINSIND
2025-12-16 07:45:00+00:00,4490.0,4493.7998046875,4485.7998046875,4488.89990234375,19016,CUMMINSIND
2025-12-16 08:45:00+00:00,4493.5,4500.7001953125,4484.89990234375,4490.0,86886,CUMMINSIND
2025-12-16 09:45:00+00:00,4494.2998046875,4495.0,4480.0,4493.5,35657,CUMMINSIND
2025-12-17 03:45:00+00:00,4503.7001953125,4532.60009765625,4485.2998046875,4498.0,0,CUMMINSIND
2025-12-17 04:45:00+00:00,4527.5,4527.60009765625,4503.7998046875,4503.7998046875,29559,CUMMINSIND
2025-12-17 05:45:00+00:00,4514.89990234375,4530.0,4506.39990234375,4527.60009765625,32351,CUMMINSIND
2025-12-17 06:45:00+00:00,4505.10009765625,4515.0,4499.39990234375,4514.89990234375,26938,CUMMINSIND
2025-12-17 07:45:00+00:00,4512.60009765625,4514.7001953125,4504.0,4504.2001953125,26933,CUMMINSIND
2025-12-17 08:45:00+00:00,4514.0,4515.89990234375,4506.2001953125,4512.7001953125,54017,CUMMINSIND
2025-12-17 09:45:00+00:00,4507.10009765625,4515.0,4504.2998046875,4513.10009765625,40202,CUMMINSIND
2025-12-18 03:45:00+00:00,4399.89990234375,4501.0,4389.10009765625,4494.5,0,CUMMINSIND
2025-12-18 04:45:00+00:00,4372.39990234375,4425.0,4361.39990234375,4397.60009765625,102476,CUMMINSIND
2025-12-18 05:45:00+00:00,4369.2998046875,4387.0,4353.5,4370.2001953125,65044,CUMMINSIND
2025-12-18 06:45:00+00:00,4379.0,4392.7998046875,4369.2998046875,4369.2998046875,47425,CUMMINSIND
2025-12-18 07:45:00+00:00,4382.5,4396.7001953125,4379.0,4379.0,88812,CUMMINSIND
2025-12-18 08:45:00+00:00,4385.7998046875,4391.89990234375,4366.10009765625,4382.39990234375,71075,CUMMINSIND
2025-12-18 09:45:00+00:00,4385.39990234375,4388.7001953125,4370.2998046875,4385.7001953125,36899,CUMMINSIND
2025-12-19 03:45:00+00:00,4391.2998046875,4411.10009765625,4375.2998046875,4380.0,0,CUMMINSIND
2025-12-19 04:45:00+00:00,4348.2001953125,4404.7998046875,4346.0,4391.2998046875,74951,CUMMINSIND
2025-12-19 05:45:00+00:00,4355.0,4363.89990234375,4338.60009765625,4348.2001953125,76152,CUMMINSIND
2025-12-19 06:45:00+00:00,4349.7001953125,4358.2998046875,4340.5,4355.0,60670,CUMMINSIND
2025-12-19 07:45:00+00:00,4366.2998046875,4370.0,4349.89990234375,4349.89990234375,67133,CUMMINSIND
2025-12-19 08:45:00+00:00,4414.2001953125,4414.39990234375,4365.2998046875,4366.2998046875,130685,CUMMINSIND
2025-12-19 09:45:00+00:00,4410.39990234375,4426.60009765625,4402.2998046875,4414.10009765625,57216,CUMMINSIND
2025-12-22 03:45:00+00:00,4484.60009765625,4484.60009765625,4415.39990234375,4415.39990234375,0,CUMMINSIND
2025-12-22 04:45:00+00:00,4504.10009765625,4504.10009765625,4461.60009765625,4487.0,26106,CUMMINSIND
2025-12-22 05:45:00+00:00,4523.7998046875,4532.89990234375,4495.7001953125,4504.10009765625,70328,CUMMINSIND
2025-12-22 06:45:00+00:00,4522.60009765625,4532.2001953125,4513.0,4522.10009765625,28013,CUMMINSIND
2025-12-22 07:45:00+00:00,4519.0,4531.7001953125,4513.0,4523.2001953125,31000,CUMMINSIND
2025-12-22 08:45:00+00:00,4519.5,4524.2001953125,4514.0,4519.0,74613,CUMMINSIND
2025-12-22 09:45:00+00:00,4519.89990234375,4522.60009765625,4515.39990234375,4518.7998046875,34370,CUMMINSIND
2025-12-23 03:45:00+00:00,4492.60009765625,4529.7998046875,4492.2998046875,4529.7998046875,0,CUMMINSIND
2025-12-23 04:45:00+00:00,4488.60009765625,4498.2998046875,4484.10009765625,4492.60009765625,29289,CUMMINSIND
2025-12-23 05:45:00+00:00,4490.7001953125,4493.0,4485.10009765625,4487.60009765625,13771,CUMMINSIND
2025-12-23 06:45:00+00:00,4501.0,4505.60009765625,4486.89990234375,4488.60009765625,52309,CUMMINSIND
2025-12-23 07:45:00+00:00,4514.10009765625,4515.0,4501.0,4501.39990234375,47579,CUMMINSIND
2025-12-23 08:45:00+00:00,4503.2001953125,4519.60009765625,4497.2998046875,4515.0,51701,CUMMINSIND
2025-12-23 09:45:00+00:00,4493.7001953125,4509.0,4493.7001953125,4502.60009765625,48567,CUMMINSIND
2025-12-24 03:45:00+00:00,4524.0,4537.2001953125,4488.60009765625,4490.39990234375,0,CUMMINSIND
2025-12-24 04:45:00+00:00,4525.7998046875,4534.2998046875,4517.0,4523.2998046875,20133,CUMMINSIND
2025-12-24 05:45:00+00:00,4496.5,4526.2001953125,4485.60009765625,4526.2001953125,32007,CUMMINSIND
2025-12-24 06:45:00+00:00,4468.39990234375,4498.39990234375,4463.39990234375,4496.5,30050,CUMMINSIND
2025-12-24 07:45:00+00:00,4443.5,4476.7998046875,4429.0,4467.60009765625,39893,CUMMINSIND
2025-12-24 08:45:00+00:00,4416.5,4443.39990234375,4416.2001953125,4442.0,66160,CUMMINSIND
2025-12-24 09:45:00+00:00,4417.39990234375,4422.0,4391.10009765625,4417.10009765625,38610,CUMMINSIND
2025-12-26 03:45:00+00:00,4381.89990234375,4422.5,4359.39990234375,4413.89990234375,0,CUMMINSIND
2025-12-26 04:45:00+00:00,4368.5,4391.7998046875,4360.0,4381.89990234375,80970,CUMMINSIND
2025-12-26 05:45:00+00:00,4364.7998046875,4369.7001953125,4347.60009765625,4368.5,69069,CUMMINSIND
2025-12-26 06:45:00+00:00,4363.39990234375,4375.5,4360.0,4364.0,50955,CUMMINSIND
2025-12-26 07:45:00+00:00,4362.2998046875,4370.0,4358.0,4362.5,32976,CUMMINSIND
2025-12-26 08:45:00+00:00,4345.7998046875,4364.0,4341.60009765625,4362.10009765625,70735,CUMMINSIND
2025-12-26 09:45:00+00:00,4346.39990234375,4352.0,4339.39990234375,4343.2998046875,40598,CUMMINSIND
2025-12-29 03:45:00+00:00,4361.7998046875,4389.7001953125,4325.2998046875,4334.0,0,CUMMINSIND
2025-12-29 04:45:00+00:00,4367.7001953125,4384.7998046875,4357.2001953125,4361.5,53098,CUMMINSIND
2025-12-29 05:45:00+00:00,4376.10009765625,4384.2001953125,4358.2001953125,4366.2001953125,33814,CUMMINSIND
2025-12-29 06:45:00+00:00,4383.60009765625,4394.0,4368.5,4377.89990234375,39228,CUMMINSIND
2025-12-29 07:45:00+00:00,4442.0,4449.0,4380.0,4383.10009765625,154490,CUMMINSIND
2025-12-29 08:45:00+00:00,4401.0,4443.0,4397.7998046875,4440.7001953125,103439,CUMMINSIND
2025-12-29 09:45:00+00:00,4402.2001953125,4421.7998046875,4397.5,4401.10009765625,29685,CUMMINSIND
2025-12-30 03:45:00+00:00,4375.0,4401.7998046875,4360.0,4401.7998046875,0,CUMMINSIND
2025-12-30 04:45:00+00:00,4379.2998046875,4400.0,4371.39990234375,4376.10009765625,85305,CUMMINSIND
2025-12-30 05:45:00+00:00,4398.7998046875,4401.2001953125,4378.2001953125,4379.2998046875,122272,CUMMINSIND
2025-12-30 06:45:00+00:00,4400.7001953125,4416.39990234375,4392.2998046875,4396.5,181869,CUMMINSIND
2025-12-30 07:45:00+00:00,4399.89990234375,4403.2001953125,4381.7998046875,4400.7001953125,278349,CUMMINSIND
2025-12-30 08:45:00+00:00,4390.10009765625,4471.2998046875,4373.89990234375,4400.0,1093274,CUMMINSIND
2025-12-30 09:45:00+00:00,4369.0,4398.5,4362.39990234375,4388.2001953125,546038,CUMMINSIND
2025-12-31 03:45:00+00:00,4455.7998046875,4459.60009765625,4376.89990234375,4376.89990234375,0,CUMMINSIND
2025-12-31 04:45:00+00:00,4443.10009765625,4459.89990234375,4432.89990234375,4457.0,32078,CUMMINSIND
2025-12-31 05:45:00+00:00,4441.10009765625,4452.89990234375,4421.2998046875,4445.10009765625,46931,CUMMINSIND
2025-12-31 06:45:00+00:00,4442.2998046875,4448.10009765625,4432.10009765625,4441.10009765625,25657,CUMMINSIND
2025-12-31 07:45:00+00:00,4431.60009765625,4445.7001953125,4428.10009765625,4442.10009765625,28355,CUMMINSIND
2025-12-31 08:45:00+00:00,4435.10009765625,4440.7998046875,4416.0,4432.2001953125,70537,CUMMINSIND
2025-12-31 09:45:00+00:00,4423.7998046875,4441.2998046875,4423.2998046875,4437.5,46767,CUMMINSIND
2026-01-01 03:45:00+00:00,4438.2998046875,4455.0,4434.0,4449.39990234375,0,CUMMINSIND
2026-01-01 04:45:00+00:00,4447.10009765625,4452.0,4420.2998046875,4439.7998046875,13904,CUMMINSIND
2026-01-01 05:45:00+00:00,4479.0,4492.0,4447.2998046875,4450.0,61268,CUMMINSIND
2026-01-01 06:45:00+00:00,4496.10009765625,4500.0,4478.10009765625,4478.89990234375,81994,CUMMINSIND
2026-01-01 07:45:00+00:00,4482.5,4500.7998046875,4478.7998046875,4497.89990234375,27686,CUMMINSIND
2026-01-01 08:45:00+00:00,4475.2001953125,4489.0,4471.10009765625,4482.2001953125,40058,CUMMINSIND
2026-01-01 09:45:00+00:00,4470.60009765625,4476.39990234375,4457.5,4475.2001953125,37395,CUMMINSIND
2026-01-02 03:45:00+00:00,4479.10009765625,4490.7001953125,4467.2001953125,4480.0,0,CUMMINSIND
2026-01-02 04:45:00+00:00,4449.2998046875,4483.2998046875,4441.60009765625,4480.60009765625,25086,CUMMINSIND
2026-01-02 05:45:00+00:00,4448.0,4456.2998046875,4442.0,4447.10009765625,31409,CUMMINSIND
2026-01-02 06:45:00+00:00,4450.0,4463.0,4443.5,4448.0,36408,CUMMINSIND
2026-01-02 07:45:00+00:00,4460.10009765625,4465.0,4448.5,4450.0,41286,CUMMINSIND
2026-01-02 08:45:00+00:00,4483.89990234375,4488.10009765625,4451.10009765625,4460.10009765625,66837,CUMMINSIND
2026-01-02 09:45:00+00:00,4489.89990234375,4489.89990234375,4478.2998046875,4479.2001953125,34548,CUMMINSIND
2026-01-05 03:45:00+00:00,4498.5,4514.2001953125,4480.2001953125,4491.39990234375,0,CUMMINSIND
2026-01-05 04:45:00+00:00,4488.10009765625,4500.60009765625,4486.7001953125,4499.89990234375,32698,CUMMINSIND
2026-01-05 05:45:00+00:00,4425.2001953125,4488.7998046875,4415.7998046875,4488.7998046875,86041,CUMMINSIND
2026-01-05 06:45:00+00:00,4376.60009765625,4429.0,4359.5,4424.89990234375,49336,CUMMINSIND
2026-01-05 07:45:00+00:00,4313.0,4382.0,4306.89990234375,4377.0,95447,CUMMINSIND
2026-01-05 08:45:00+00:00,4309.7998046875,4350.0,4308.0,4312.0,110019,CUMMINSIND
2026-01-05 09:45:00+00:00,4300.89990234375,4310.5,4286.7001953125,4308.5,75289,CUMMINSIND
2026-01-06 03:45:00+00:00,4305.10009765625,4326.2001953125,4275.89990234375,4309.7001953125,0,CUMMINSIND
2026-01-06 04:45:00+00:00,4273.0,4306.39990234375,4249.7998046875,4305.89990234375,82800,CUMMINSIND
2026-01-06 05:45:00+00:00,4244.39990234375,4280.5,4242.7001953125,4273.2001953125,176496,CUMMINSIND
2026-01-06 06:45:00+00:00,4222.0,4255.0,4220.10009765625,4245.0,107436,CUMMINSIND
2026-01-06 07:45:00+00:00,4143.7001953125,4222.0,4137.2001953125,4222.0,285401,CUMMINSIND
2026-01-06 08:45:00+00:00,4125.89990234375,4148.2998046875,4117.2001953125,4143.7998046875,219691,CUMMINSIND
2026-01-06 09:45:00+00:00,4126.7001953125,4132.89990234375,4124.7998046875,4126.2001953125,96193,CUMMINSIND
2026-01-07 03:45:00+00:00,4149.0,4173.0,4130.0,4145.2001953125,0,CUMMINSIND
2026-01-07 04:45:00+00:00,4134.60009765625,4150.0,4123.0,4149.0,70432,CUMMINSIND
2026-01-07 05:45:00+00:00,4147.7001953125,4149.39990234375,4120.39990234375,4135.0,222787,CUMMINSIND
2026-01-07 06:45:00+00:00,4145.10009765625,4158.10009765625,4140.0,4146.60009765625,126813,CUMMINSIND
2026-01-07 07:45:00+00:00,4144.5,4151.2998046875,4141.7001953125,4145.5,61963,CUMMINSIND
2026-01-07 08:45:00+00:00,4147.7998046875,4152.0,4137.5,4145.2001953125,169151,CUMMINSIND
2026-01-07 09:45:00+00:00,4147.89990234375,4155.0,4142.7001953125,4148.0,41179,CUMMINSIND
2026-01-08 03:45:00+00:00,4214.39990234375,4235.0,4154.7001953125,4154.7001953125,0,CUMMINSIND
2026-01-08 04:45:00+00:00,4153.2998046875,4215.0,4141.0,4214.2998046875,131013,CUMMINSIND
2026-01-08 05:45:00+00:00,4157.2001953125,4163.7001953125,4128.0,4153.2998046875,143104,CUMMINSIND
2026-01-08 06:45:00+00:00,4126.2001953125,4164.0,4126.0,4157.2998046875,143323,CUMMINSIND
2026-01-08 07:45:00+00:00,4134.2998046875,4135.0,4124.7001953125,4126.39990234375,124715,CUMMINSIND
2026-01-08 08:45:00+00:00,4114.10009765625,4137.0,4097.0,4134.10009765625,325550,CUMMINSIND
2026-01-08 09:45:00+00:00,4117.2998046875,4130.0,4114.2998046875,4114.2998046875,95882,CUMMINSIND
2026-01-09 03:45:00+00:00,4145.2001953125,4193.5,4132.60009765625,4140.10009765625,0,CUMMINSIND
2026-01-09 04:45:00+00:00,4141.0,4161.60009765625,4140.0,4145.2001953125,72799,CUMMINSIND
2026-01-09 05:45:00+00:00,4145.10009765625,4155.10009765625,4137.2998046875,4143.2001953125,59241,CUMMINSIND
2026-01-09 06:45:00+00:00,4130.2998046875,4149.60009765625,4109.39990234375,4145.2001953125,191277,CUMMINSIND
2026-01-09 07:45:00+00:00,4133.7998046875,4145.0,4123.0,4127.5,212481,CUMMINSIND
2026-01-09 08:45:00+00:00,4107.5,4143.39990234375,4107.0,4133.7998046875,223096,CUMMINSIND
2026-01-09 09:45:00+00:00,4111.89990234375,4113.89990234375,4100.7001953125,4107.89990234375,42247,CUMMINSIND
2026-01-12 03:45:00+00:00,3997.10009765625,4090.89990234375,3987.89990234375,4050.60009765625,0,CUMMINSIND
2026-01-12 04:45:00+00:00,3944.10009765625,4029.699951171875,3937.300048828125,3999.199951171875,207571,CUMMINSIND
2026-01-12 05:45:00+00:00,3906.5,3949.89990234375,3894.699951171875,3944.199951171875,334997,CUMMINSIND
2026-01-12 06:45:00+00:00,3966.0,3977.60009765625,3900.0,3907.199951171875,353748,CUMMINSIND
2026-01-12 07:45:00+00:00,3957.89990234375,3972.60009765625,3941.10009765625,3965.39990234375,177813,CUMMINSIND
2026-01-12 08:45:00+00:00,3967.300048828125,3987.89990234375,3943.39990234375,3958.10009765625,206157,CUMMINSIND
2026-01-12 09:45:00+00:00,3979.5,3983.5,3966.199951171875,3967.39990234375,47358,CUMMINSIND
2026-01-13 03:45:00+00:00,3949.60009765625,4007.89990234375,3941.10009765625,3973.89990234375,0,CUMMINSIND
2026-01-13 04:45:00+00:00,3960.0,3967.199951171875,3941.0,3947.199951171875,53635,CUMMINSIND
2026-01-13 05:45:00+00:00,3954.699951171875,3976.5,3951.60009765625,3960.0,46031,CUMMINSIND
2026-01-13 06:45:00+00:00,3936.39990234375,3966.10009765625,3933.300048828125,3955.60009765625,158223,CUMMINSIND
2026-01-13 07:45:00+00:00,3942.199951171875,3960.699951171875,3929.5,3936.39990234375,85633,CUMMINSIND
2026-01-13 08:45:00+00:00,3986.5,3991.699951171875,3939.10009765625,3942.199951171875,189614,CUMMINSIND
2026-01-13 09:45:00+00:00,3977.800048828125,3991.300048828125,3958.0,3986.5,87120,CUMMINSIND
2026-01-14 03:45:00+00:00,3984.10009765625,4007.300048828125,3951.300048828125,3968.5,0,CUMMINSIND
2026-01-14 04:45:00+00:00,3982.39990234375,3989.5,3963.89990234375,3983.800048828125,155794,CUMMINSIND
2026-01-14 05:45:00+00:00,3987.10009765625,3999.5,3967.300048828125,3982.0,145513,CUMMINSIND
2026-01-14 06:45:00+00:00,3988.10009765625,4006.39990234375,3977.39990234375,3987.5,116847,CUMMINSIND
2026-01-14 07:45:00+00:00,3983.699951171875,3990.10009765625,3966.39990234375,3987.699951171875,82658,CUMMINSIND
2026-01-14 08:45:00+00:00,4031.60009765625,4038.0,3982.10009765625,3983.699951171875,215147,CUMMINSIND
2026-01-14 09:45:00+00:00,4029.10009765625,4036.89990234375,4022.199951171875,4032.0,67237,CUMMINSIND
2026-01-16 03:45:00+00:00,4020.199951171875,4037.800048828125,3970.5,4024.60009765625,0,CUMMINSIND
2026-01-16 04:45:00+00:00,4064.60009765625,4067.300048828125,4018.300048828125,4020.199951171875,47303,CUMMINSIND
2026-01-16 05:45:00+00:00,4068.0,4073.0,4056.0,4064.5,45171,CUMMINSIND
2026-01-16 06:45:00+00:00,4061.89990234375,4076.39990234375,4050.0,4068.0,42895,CUMMINSIND
2026-01-16 07:45:00+00:00,4062.5,4065.0,4045.300048828125,4062.89990234375,54137,CUMMINSIND
2026-01-16 08:45:00+00:00,4064.39990234375,4070.699951171875,4040.10009765625,4062.5,112099,CUMMINSIND
2026-01-16 09:45:00+00:00,4062.0,4064.89990234375,4050.0,4064.60009765625,40041,CUMMINSIND
2026-01-19 03:45:00+00:00,4031.5,4054.89990234375,4021.699951171875,4041.89990234375,0,CUMMINSIND
2026-01-19 04:45:00+00:00,4029.699951171875,4043.0,4028.10009765625,4030.39990234375,41780,CUMMINSIND
2026-01-19 05:45:00+00:00,4019.300048828125,4062.0,4001.0,4062.0,81459,CUMMINSIND
2026-01-19 06:45:00+00:00,4017.699951171875,4020.0,4009.199951171875,4018.199951171875,45869,CUMMINSIND
2026-01-19 07:45:00+00:00,4023.5,4033.5,4016.10009765625,4017.89990234375,38613,CUMMINSIND
2026-01-19 08:45:00+00:00,4029.699951171875,4043.39990234375,4002.10009765625,4023.0,48131,CUMMINSIND
2026-01-19 09:45:00+00:00,4031.300048828125,4035.0,4012.0,4029.699951171875,25990,CUMMINSIND
2026-01-20 03:45:00+00:00,4026.800048828125,4059.5,4010.199951171875,4035.0,0,CUMMINSIND
2026-01-20 04:45:00+00:00,4024.39990234375,4040.0,4018.699951171875,4025.199951171875,32087,CUMMINSIND
2026-01-20 05:45:00+00:00,4028.699951171875,4042.199951171875,4009.699951171875,4024.5,51711,CUMMINSIND
2026-01-20 06:45:00+00:00,4057.800048828125,4059.89990234375,4018.60009765625,4028.699951171875,43822,CUMMINSIND
2026-01-20 07:45:00+00:00,4025.39990234375,4061.60009765625,4022.39990234375,4057.0,75369,CUMMINSIND
2026-01-20 08:45:00+00:00,4016.39990234375,4041.39990234375,4012.5,4025.39990234375,121578,CUMMINSIND
2026-01-20 09:45:00+00:00,4020.89990234375,4030.0,4000.0,4014.89990234375,37931,CUMMINSIND
2026-01-21 03:45:00+00:00,3996.60009765625,4034.199951171875,3980.5,3980.5,0,CUMMINSIND
2026-01-21 04:45:00+00:00,3969.89990234375,4000.0,3932.0,3995.800048828125,46913,CUMMINSIND
2026-01-21 05:45:00+00:00,3992.0,3992.60009765625,3960.10009765625,3969.89990234375,25865,CUMMINSIND
2026-01-21 06:45:00+00:00,4026.60009765625,4033.0,3982.89990234375,3992.800048828125,30251,CUMMINSIND
2026-01-21 07:45:00+00:00,3987.699951171875,4032.0,3982.39990234375,4027.699951171875,31574,CUMMINSIND
2026-01-21 08:45:00+00:00,3999.800048828125,4004.89990234375,3983.300048828125,3988.89990234375,100877,CUMMINSIND
2026-01-21 09:45:00+00:00,3999.800048828125,4007.60009765625,3993.39990234375,4002.300048828125,51108,CUMMINSIND
2026-01-22 03:45:00+00:00,4035.89990234375,4054.39990234375,4019.800048828125,4028.0,0,CUMMINSIND
2026-01-22 04:45:00+00:00,4031.89990234375,4040.5,4015.10009765625,4036.699951171875,57652,CUMMINSIND
2026-01-22 05:45:00+00:00,4015.0,4036.300048828125,3997.5,4034.300048828125,62810,CUMMINSIND
2026-01-22 06:45:00+00:00,4010.699951171875,4025.0,4003.5,4015.0,105380,CUMMINSIND
2026-01-22 07:45:00+00:00,4035.699951171875,4038.0,4010.0,4010.699951171875,49867,CUMMINSIND
2026-01-22 08:45:00+00:00,4066.199951171875,4072.10009765625,4033.5,4035.699951171875,77607,CUMMINSIND
2026-01-22 09:45:00+00:00,4067.800048828125,4079.60009765625,4062.60009765625,4066.0,38648,CUMMINSIND
2026-01-23 03:45:00+00:00,4026.10009765625,4098.60009765625,4025.39990234375,4098.60009765625,0,CUMMINSIND
2026-01-23 04:45:00+00:00,4021.0,4031.89990234375,4000.10009765625,4025.699951171875,27952,CUMMINSIND
2026-01-23 05:45:00+00:00,3973.89990234375,4024.89990234375,3972.199951171875,4021.0,29661,CUMMINSIND
2026-01-23 06:45:00+00:00,3991.800048828125,4034.800048828125,3971.60009765625,3973.60009765625,142958,CUMMINSIND
2026-01-23 07:45:00+00:00,3950.0,3996.60009765625,3948.5,3992.39990234375,47696,CUMMINSIND
2026-01-23 08:45:00+00:00,3929.699951171875,3955.0,3918.5,3949.5,94774,CUMMINSIND
2026-01-23 09:45:00+00:00,3930.39990234375,3936.300048828125,3922.0,3929.300048828125,33061,CUMMINSIND
2026-01-27 03:45:00+00:00,3964.699951171875,3974.699951171875,3919.60009765625,3934.699951171875,0,CUMMINSIND
2026-01-27 04:45:00+00:00,3947.699951171875,3974.800048828125,3924.800048828125,3963.10009765625,44969,CUMMINSIND
2026-01-27 05:45:00+00:00,3934.60009765625,3949.60009765625,3930.0,3946.10009765625,38090,CUMMINSIND
2026-01-27 06:45:00+00:00,3902.89990234375,3938.0,3901.5,3933.0,87728,CUMMINSIND
2026-01-27 07:45:00+00:00,3895.39990234375,3909.5,3888.10009765625,3904.60009765625,61353,CUMMINSIND
2026-01-27 08:45:00+00:00,3932.39990234375,3933.800048828125,3883.199951171875,3894.89990234375,98784,CUMMINSIND
2026-01-27 09:45:00+00:00,3940.39990234375,3944.60009765625,3929.199951171875,3932.60009765625,49379,CUMMINSIND
2026-01-28 03:45:00+00:00,3994.800048828125,4025.5,3937.39990234375,3937.39990234375,105739,CUMMINSIND
2026-01-28 04:45:00+00:00,4024.89990234375,4036.39990234375,3993.39990234375,3994.800048828125,53359,CUMMINSIND
2026-01-28 05:45:00+00:00,4007.199951171875,4026.699951171875,4002.0,4025.10009765625,49102,CUMMINSIND
2026-01-28 06:45:00+00:00,4008.89990234375,4011.60009765625,3993.800048828125,4007.5,46758,CUMMINSIND
2026-01-28 07:45:00+00:00,3998.60009765625,4037.0,3996.60009765625,4009.0,99942,CUMMINSIND
2026-01-28 08:45:00+00:00,4020.89990234375,4035.89990234375,3995.60009765625,3998.60009765625,110243,CUMMINSIND
2026-01-28 09:45:00+00:00,4024.0,4024.0,4013.800048828125,4020.89990234375,29542,CUMMINSIND
2026-01-29 03:45:00+00:00,4004.699951171875,4035.699951171875,4004.699951171875,4035.699951171875,0,CUMMINSIND
2026-01-29 04:45:00+00:00,3996.5,4012.39990234375,3982.199951171875,4004.199951171875,72775,CUMMINSIND
2026-01-29 05:45:00+00:00,4010.699951171875,4048.0,3996.199951171875,3998.0,120063,CUMMINSIND
2026-01-29 06:45:00+00:00,4023.199951171875,4042.699951171875,4004.10009765625,4010.89990234375,117192,CUMMINSIND
2026-01-29 07:45:00+00:00,4052.199951171875,4064.0,4020.5,4023.199951171875,95551,CUMMINSIND
2026-01-29 08:45:00+00:00,4035.0,4060.0,4033.10009765625,4051.800048828125,132449,CUMMINSIND
2026-01-29 09:45:00+00:00,4045.800048828125,4069.60009765625,4034.89990234375,4034.89990234375,0,CUMMINSIND
2026-01-30 03:45:00+00:00,4054.5,4066.89990234375,4021.699951171875,4040.5,82831,CUMMINSIND
2026-01-30 04:45:00+00:00,4091.89990234375,4113.2001953125,4048.60009765625,4054.300048828125,79287,CUMMINSIND
2026-01-30 05:45:00+00:00,4100.89990234375,4117.7998046875,4090.10009765625,4091.89990234375,83555,CUMMINSIND
2026-01-30 06:45:00+00:00,4081.0,4113.7001953125,4080.0,4100.89990234375,74076,CUMMINSIND
2026-01-30 07:45:00+00:00,4086.300048828125,4101.7998046875,4045.800048828125,4080.199951171875,56336,CUMMINSIND
2026-01-30 08:45:00+00:00,4112.10009765625,4121.10009765625,4082.800048828125,4086.199951171875,225809,CUMMINSIND
2026-01-30 09:45:00+00:00,4090.0,4124.2998046875,4090.0,4112.0,116747,CUMMINSIND
2026-02-03 03:45:00+00:00,4205.10009765625,4340.10009765625,4197.2001953125,4340.10009765625,135273,CUMMINSIND
2026-02-03 04:45:00+00:00,4239.7001953125,4242.0,4203.0,4207.7001953125,70824,CUMMINSIND
2026-02-03 05:45:00+00:00,4247.7998046875,4250.0,4223.60009765625,4238.60009765625,67701,CUMMINSIND
2026-02-03 06:45:00+00:00,4220.7001953125,4254.39990234375,4218.89990234375,4246.10009765625,66520,CUMMINSIND
2026-02-03 07:45:00+00:00,4221.2001953125,4237.60009765625,4214.5,4220.7001953125,79147,CUMMINSIND
2026-02-03 08:45:00+00:00,4161.7001953125,4224.39990234375,4146.7998046875,4221.2001953125,201228,CUMMINSIND
2026-02-03 09:45:00+00:00,4171.10009765625,4192.0,4159.60009765625,4160.0,68403,CUMMINSIND
2026-02-04 03:45:00+00:00,4174.89990234375,4187.60009765625,4065.89990234375,4163.7001953125,0,CUMMINSIND
2026-02-04 04:45:00+00:00,4175.2998046875,4186.39990234375,4160.7001953125,4175.0,33098,CUMMINSIND
2026-02-04 05:45:00+00:00,4199.2998046875,4204.0,4164.2001953125,4175.5,37327,CUMMINSIND
2026-02-04 06:45:00+00:00,4199.0,4204.2001953125,4184.60009765625,4200.0,22326,CUMMINSIND
2026-02-04 07:45:00+00:00,4202.10009765625,4211.0,4163.7998046875,4199.0,46922,CUMMINSIND
2026-02-04 08:45:00+00:00,4212.39990234375,4228.7001953125,4174.5,4202.89990234375,88066,CUMMINSIND
2026-02-04 09:45:00+00:00,4202.2998046875,4220.0,4193.7001953125,4211.2001953125,37217,CUMMINSIND
2026-02-05 03:45:00+00:00,4192.0,4228.7001953125,4033.300048828125,4070.39990234375,0,CUMMINSIND
2026-02-05 04:45:00+00:00,4318.2998046875,4320.0,4190.39990234375,4192.0,359434,CUMMINSIND
2026-02-05 05:45:00+00:00,4350.39990234375,4392.7001953125,4317.10009765625,4319.89990234375,294791,CUMMINSIND
2026-02-05 06:45:00+00:00,4345.0,4359.60009765625,4303.0,4351.7001953125,176272,CUMMINSIND
2026-02-05 07:45:00+00:00,4397.10009765625,4417.60009765625,4345.0,4345.5,212427,CUMMINSIND
2026-02-05 08:45:00+00:00,4391.2001953125,4417.39990234375,4391.10009765625,4397.10009765625,187896,CUMMINSIND
2026-02-05 09:45:00+00:00,4366.2001953125,4391.2001953125,4359.7001953125,4391.2001953125,81404,CUMMINSIND
2026-02-06 03:45:00+00:00,4266.2998046875,4332.7001953125,4234.5,4312.10009765625,0,CUMMINSIND
2026-02-06 04:45:00+00:00,4300.7998046875,4308.5,4249.7998046875,4266.2998046875,86234,CUMMINSIND
2026-02-06 05:45:00+00:00,4349.0,4358.2998046875,4299.0,4299.0,79265,CUMMINSIND
2026-02-06 06:45:00+00:00,4331.39990234375,4354.0,4316.5,4350.0,51344,CUMMINSIND
2026-02-06 07:45:00+00:00,4362.60009765625,4379.0,4307.5,4330.10009765625,63765,CUMMINSIND
2026-02-06 08:45:00+00:00,4373.7998046875,4377.7001953125,4358.7001953125,4365.89990234375,63496,CUMMINSIND
2026-02-06 09:45:00+00:00,4368.39990234375,4384.39990234375,4342.10009765625,4372.60009765625,41317,CUMMINSIND
2026-02-09 03:45:00+00:00,4392.7001953125,4433.0,4383.2998046875,4388.2998046875,0,CUMMINSIND
2026-02-09 04:45:00+00:00,4389.2998046875,4415.7001953125,4383.7998046875,4392.60009765625,73144,CUMMINSIND
2026-02-09 05:45:00+00:00,4408.60009765625,4410.0,4379.5,4389.7001953125,53050,CUMMINSIND
2026-02-09 06:45:00+00:00,4406.39990234375,4410.0,4404.0,4409.89990234375,62032,CUMMINSIND
2026-02-09 07:45:00+00:00,4428.0,4438.60009765625,4404.89990234375,4406.2998046875,70397,CUMMINSIND
2026-02-09 08:45:00+00:00,4430.2998046875,4432.0,4418.60009765625,4428.39990234375,72011,CUMMINSIND
2026-02-09 09:45:00+00:00,4427.5,4434.89990234375,4421.0,4431.60009765625,38393,CUMMINSIND
2026-02-10 03:45:00+00:00,4331.0,4405.5,4329.0,4405.5,0,CUMMINSIND
2026-02-10 04:45:00+00:00,4360.39990234375,4375.7998046875,4330.89990234375,4331.0,88306,CUMMINSIND
2026-02-10 05:45:00+00:00,4395.2001953125,4397.7001953125,4360.2001953125,4360.39990234375,76219,CUMMINSIND
2026-02-10 06:45:00+00:00,4385.0,4407.2998046875,4379.39990234375,4395.5,72200,CUMMINSIND
2026-02-10 07:45:00+00:00,4371.39990234375,4387.0,4366.0,4384.39990234375,60703,CUMMINSIND
2026-02-10 08:45:00+00:00,4420.10009765625,4421.89990234375,4371.2001953125,4371.60009765625,137239,CUMMINSIND
2026-02-10 09:45:00+00:00,4418.2998046875,4427.2001953125,4416.10009765625,4420.0,54709,CUMMINSIND
2026-02-11 03:45:00+00:00,4439.5,4468.2998046875,4409.0,4417.0,0,CUMMINSIND
2026-02-11 04:45:00+00:00,4393.2998046875,4449.2998046875,4388.2001953125,4439.89990234375,51407,CUMMINSIND
2026-02-11 05:45:00+00:00,4376.2001953125,4396.5,4369.89990234375,4393.0,24095,CUMMINSIND
2026-02-11 06:45:00+00:00,4374.7998046875,4385.60009765625,4370.0,4374.60009765625,22467,CUMMINSIND
2026-02-11 07:45:00+00:00,4376.2998046875,4381.10009765625,4364.89990234375,4374.7998046875,19621,CUMMINSIND
2026-02-11 08:45:00+00:00,4362.0,4380.60009765625,4358.2001953125,4376.39990234375,54061,CUMMINSIND
2026-02-11 09:45:00+00:00,4372.39990234375,4374.7001953125,4356.0,4362.0,24478,CUMMINSIND
2026-02-12 03:45:00+00:00,4384.7001953125,4388.7001953125,4342.7001953125,4373.89990234375,0,CUMMINSIND
2026-02-12 04:45:00+00:00,4403.0,4404.2001953125,4384.89990234375,4384.89990234375,34197,CUMMINSIND
2026-02-12 05:45:00+00:00,4391.89990234375,4404.2001953125,4386.7001953125,4401.7001953125,28016,CUMMINSIND
2026-02-12 06:45:00+00:00,4408.7998046875,4423.7001953125,4391.89990234375,4391.89990234375,60003,CUMMINSIND
2026-02-12 07:45:00+00:00,4437.2001953125,4439.89990234375,4403.60009765625,4410.7998046875,59270,CUMMINSIND
2026-02-12 08:45:00+00:00,4425.7998046875,4438.5,4407.2001953125,4437.2001953125,74961,CUMMINSIND
2026-02-12 09:45:00+00:00,4429.2998046875,4441.0,4422.0,4426.60009765625,37759,CUMMINSIND
2026-02-13 03:45:00+00:00,4430.60009765625,4463.7001953125,4419.0,4420.10009765625,0,CUMMINSIND
2026-02-13 04:45:00+00:00,4481.7001953125,4484.60009765625,4426.2001953125,4430.60009765625,101679,CUMMINSIND
2026-02-13 05:45:00+00:00,4441.89990234375,4491.5,4429.7998046875,4482.0,111175,CUMMINSIND
2026-02-13 06:45:00+00:00,4464.0,4471.2998046875,4437.7998046875,4442.10009765625,52272,CUMMINSIND
2026-02-13 07:45:00+00:00,4449.2001953125,4466.0,4437.89990234375,4464.0,42934,CUMMINSIND
2026-02-13 08:45:00+00:00,4415.0,4452.0,4411.10009765625,4448.60009765625,81298,CUMMINSIND
2026-02-13 09:45:00+00:00,4400.10009765625,4414.89990234375,4395.2001953125,4414.39990234375,40498,CUMMINSIND
2026-02-16 03:45:00+00:00,4461.2001953125,4466.7001953125,4378.2001953125,4378.2001953125,0,CUMMINSIND
2026-02-16 04:45:00+00:00,4515.2998046875,4527.2998046875,4452.0,4461.0,92655,CUMMINSIND
2026-02-16 05:45:00+00:00,4506.7001953125,4540.0,4495.7998046875,4515.2998046875,50830,CUMMINSIND
2026-02-16 06:45:00+00:00,4510.5,4525.0,4500.0,4508.7001953125,31262,CUMMINSIND
2026-02-16 07:45:00+00:00,4515.0,4524.0,4504.7998046875,4510.0,42485,CUMMINSIND
2026-02-16 08:45:00+00:00,4521.7998046875,4524.39990234375,4510.0,4515.10009765625,44426,CUMMINSIND
2026-02-16 09:45:00+00:00,4524.7998046875,4536.89990234375,4518.7998046875,4520.0,40307,CUMMINSIND
2026-02-17 03:45:00+00:00,4517.2998046875,4555.39990234375,4501.7998046875,4555.39990234375,0,CUMMINSIND
2026-02-17 04:45:00+00:00,4585.2001953125,4590.0,4500.0,4518.0,81948,CUMMINSIND
2026-02-17 05:45:00+00:00,4573.60009765625,4591.89990234375,4561.0,4583.7998046875,32631,CUMMINSIND
2026-02-17 06:45:00+00:00,4578.7998046875,4580.0,4570.5,4573.89990234375,19572,CUMMINSIND
2026-02-17 07:45:00+00:00,4580.5,4590.0,4576.7998046875,4579.5,35490,CUMMINSIND
2026-02-17 08:45:00+00:00,4592.7998046875,4599.0,4561.0,4581.89990234375,149800,CUMMINSIND
2026-02-17 09:45:00+00:00,4609.89990234375,4610.0,4589.0,4592.39990234375,115993,CUMMINSIND
2026-02-18 03:45:00+00:00,4652.60009765625,4675.0,4605.0,4609.89990234375,0,CUMMINSIND
2026-02-18 04:45:00+00:00,4670.5,4684.0,4640.2001953125,4653.2998046875,122965,CUMMINSIND
2026-02-18 05:45:00+00:00,4767.0,4767.89990234375,4666.2001953125,4668.2998046875,294902,CUMMINSIND
2026-02-18 06:45:00+00:00,4765.7001953125,4785.0,4749.2998046875,4765.7001953125,148178,CUMMINSIND
2026-02-18 07:45:00+00:00,4738.0,4766.5,4730.0,4765.7001953125,106731,CUMMINSIND
2026-02-18 08:45:00+00:00,4729.0,4747.7001953125,4715.7001953125,4738.0,220461,CUMMINSIND
2026-02-18 09:45:00+00:00,4725.7998046875,4734.5,4717.89990234375,4727.10009765625,99214,CUMMINSIND
2026-02-19 03:45:00+00:00,4729.39990234375,4762.39990234375,4702.39990234375,4702.39990234375,0,CUMMINSIND
2026-02-19 04:45:00+00:00,4721.7998046875,4734.5,4706.5,4729.39990234375,57895,CUMMINSIND
2026-02-19 05:45:00+00:00,4729.5,4731.5,4717.7001953125,4721.7001953125,52348,CUMMINSIND
2026-02-19 06:45:00+00:00,4716.5,4729.89990234375,4702.39990234375,4728.5,55825,CUMMINSIND
2026-02-19 07:45:00+00:00,4690.7001953125,4717.39990234375,4686.7001953125,4715.0,53768,CUMMINSIND
2026-02-19 08:45:00+00:00,4651.39990234375,4699.2998046875,4648.89990234375,4692.0,66899,CUMMINSIND
2026-02-19 09:45:00+00:00,4643.0,4651.39990234375,4628.10009765625,4651.2001953125,60876,CUMMINSIND
2026-02-20 03:45:00+00:00,4679.39990234375,4709.89990234375,4635.10009765625,4635.10009765625,0,CUMMINSIND
2026-02-20 04:45:00+00:00,4705.7001953125,4729.5,4675.2001953125,4675.2001953125,123891,CUMMINSIND
2026-02-20 05:45:00+00:00,4722.60009765625,4747.0,4704.0,4705.7001953125,143190,CUMMINSIND
2026-02-20 06:45:00+00:00,4733.5,4760.7001953125,4719.60009765625,4722.60009765625,226440,CUMMINSIND
2026-02-20 07:45:00+00:00,4750.0,4751.60009765625,4729.7001953125,4732.0,54694,CUMMINSIND
2026-02-20 08:45:00+00:00,4736.10009765625,4755.39990234375,4728.10009765625,4750.0,104659,CUMMINSIND
2026-02-20 09:45:00+00:00,4733.89990234375,4743.5,4725.2001953125,4736.7998046875,37800,CUMMINSIND
2026-02-23 03:45:00+00:00,4871.2998046875,4888.0,4776.7001953125,4781.2001953125,0,CUMMINSIND
2026-02-23 04:45:00+00:00,4814.39990234375,4883.0,4801.0,4871.2001953125,280462,CUMMINSIND
2026-02-23 05:45:00+00:00,4855.0,4859.89990234375,4807.2001953125,4814.39990234375,189410,CUMMINSIND
2026-02-23 06:45:00+00:00,4896.39990234375,4896.39990234375,4849.2001953125,4855.7001953125,219714,CUMMINSIND
2026-02-23 07:45:00+00:00,4880.0,4900.0,4866.2998046875,4896.89990234375,227522,CUMMINSIND
2026-02-23 08:45:00+00:00,4885.7998046875,4892.0,4864.10009765625,4879.39990234375,227925,CUMMINSIND
2026-02-23 09:45:00+00:00,4884.2998046875,4892.0,4878.0,4885.7998046875,90092,CUMMINSIND
2026-02-24 03:45:00+00:00,4888.60009765625,4895.0,4830.5,4850.0,0,CUMMINSIND
2026-02-24 04:45:00+00:00,4875.60009765625,4914.0,4873.2001953125,4889.7001953125,86063,CUMMINSIND
2026-02-24 05:45:00+00:00,4879.5,4880.0,4871.0,4876.7998046875,47969,CUMMINSIND
2026-02-24 06:45:00+00:00,4903.0,4906.2001953125,4872.2001953125,4879.5,56699,CUMMINSIND
2026-02-24 07:45:00+00:00,4936.10009765625,4937.7998046875,4894.39990234375,4902.89990234375,78029,CUMMINSIND
2026-02-24 08:45:00+00:00,4914.7001953125,4941.10009765625,4903.10009765625,4937.0,196494,CUMMINSIND
2026-02-24 09:45:00+00:00,4916.0,4920.0,4901.10009765625,4914.7001953125,79461,CUMMINSIND
2026-02-25 03:45:00+00:00,4923.5,4945.7001953125,4905.2998046875,4930.2998046875,0,CUMMINSIND
2026-02-25 04:45:00+00:00,4920.7998046875,4957.0,4918.0,4922.7001953125,65868,CUMMINSIND
2026-02-25 05:45:00+00:00,4908.60009765625,4925.0,4890.2001953125,4920.0,77695,CUMMINSIND
2026-02-25 06:45:00+00:00,4880.0,4917.10009765625,4872.7001953125,4908.0,48869,CUMMINSIND
2026-02-25 07:45:00+00:00,4895.39990234375,4902.7998046875,4877.0,4878.10009765625,55831,CUMMINSIND
2026-02-25 08:45:00+00:00,4920.0,4922.0,4877.0,4895.2001953125,129698,CUMMINSIND
2026-02-25 09:45:00+00:00,4918.5,4936.7001953125,4914.2001953125,4920.0,58533,CUMMINSIND
2026-02-26 03:45:00+00:00,4950.0,4969.2001953125,4917.2998046875,4943.7998046875,0,CUMMINSIND
2026-02-26 04:45:00+00:00,4953.10009765625,4966.7001953125,4943.0,4951.0,37373,CUMMINSIND
2026-02-26 05:45:00+00:00,4947.5,4975.0,4944.7998046875,4954.7001953125,38507,CUMMINSIND
2026-02-26 06:45:00+00:00,4946.0,4950.10009765625,4928.7001953125,4947.5,22663,CUMMINSIND
2026-02-26 07:45:00+00:00,4948.0,4950.39990234375,4940.0,4946.0,24495,CUMMINSIND
2026-02-26 08:45:00+00:00,4962.10009765625,4965.89990234375,4945.0,4948.0,115922,CUMMINSIND
2026-02-26 09:45:00+00:00,4962.7998046875,4971.0,4960.0,4961.39990234375,36427,CUMMINSIND
2026-02-27 03:45:00+00:00,4905.0,4981.10009765625,4894.7001953125,4977.60009765625,0,CUMMINSIND
2026-02-27 04:45:00+00:00,4875.10009765625,4905.39990234375,4870.0,4905.0,95307,CUMMINSIND
2026-02-27 05:45:00+00:00,4897.2998046875,4916.2001953125,4870.0,4875.0,65101,CUMMINSIND
2026-02-27 06:45:00+00:00,4940.0,4943.2998046875,4895.7998046875,4900.39990234375,45913,CUMMINSIND
2026-02-27 07:45:00+00:00,4975.7001953125,4983.89990234375,4938.2998046875,4939.89990234375,60677,CUMMINSIND
2026-02-27 08:45:00+00:00,4890.39990234375,4987.0,4887.2998046875,4975.39990234375,345279,CUMMINSIND
2026-02-27 09:45:00+00:00,4898.2998046875,4912.60009765625,4885.39990234375,4890.5,225306,CUMMINSIND
2026-03-02 03:45:00+00:00,4865.5,4895.0,4838.39990234375,4838.39990234375,0,CUMMINSIND
2026-03-02 04:45:00+00:00,4888.5,4892.10009765625,4866.10009765625,4866.2001953125,61455,CUMMINSIND
2026-03-02 05:45:00+00:00,4830.0,4893.5,4829.60009765625,4886.89990234375,35170,CUMMINSIND
2026-03-02 06:45:00+00:00,4810.0,4833.60009765625,4801.2998046875,4828.7998046875,33110,CUMMINSIND
2026-03-02 07:45:00+00:00,4859.7001953125,4862.7998046875,4800.0,4810.0,36916,CUMMINSIND
2026-03-02 08:45:00+00:00,4819.0,4865.5,4811.60009765625,4859.7998046875,102394,CUMMINSIND
2026-03-02 09:45:00+00:00,4816.7998046875,4844.0,4806.0,4817.7998046875,49619,CUMMINSIND
2026-03-04 03:45:00+00:00,4719.10009765625,4730.5,4653.0,4671.0,0,CUMMINSIND
2026-03-04 04:45:00+00:00,4678.10009765625,4725.7998046875,4670.0,4716.60009765625,134437,CUMMINSIND
2026-03-04 05:45:00+00:00,4650.60009765625,4680.10009765625,4647.89990234375,4677.2998046875,59099,CUMMINSIND
2026-03-04 06:45:00+00:00,4636.89990234375,4651.2001953125,4625.0,4650.89990234375,76020,CUMMINSIND
2026-03-04 07:45:00+00:00,4641.2001953125,4651.0,4617.2998046875,4637.7998046875,112681,CUMMINSIND
2026-03-04 08:45:00+00:00,4581.10009765625,4650.0,4579.7001953125,4640.5,187626,CUMMINSIND
2026-03-04 09:45:00+00:00,4584.7998046875,4585.7001953125,4563.5,4580.0,77965,CUMMINSIND
2026-03-05 03:45:00+00:00,4666.7998046875,4683.89990234375,4635.89990234375,4643.2998046875,0,CUMMINSIND
2026-03-05 04:45:00+00:00,4720.60009765625,4723.10009765625,4656.0,4666.7001953125,90822,CUMMINSIND
2026-03-05 05:45:00+00:00,4722.89990234375,4740.0,4708.7001953125,4720.2001953125,115156,CUMMINSIND
2026-03-05 06:45:00+00:00,4748.39990234375,4755.0,4721.7998046875,4724.89990234375,73473,CUMMINSIND
2026-03-05 07:45:00+00:00,4739.2001953125,4762.5,4731.2998046875,4748.89990234375,88383,CUMMINSIND
2026-03-05 08:45:00+00:00,4779.0,4806.60009765625,4726.0,4741.7998046875,287012,CUMMINSIND
2026-03-05 09:45:00+00:00,4791.39990234375,4804.10009765625,4779.39990234375,4781.0,126794,CUMMINSIND
2026-03-06 03:45:00+00:00,4822.5,4837.7001953125,4760.7998046875,4789.89990234375,0,CUMMINSIND
2026-03-06 04:45:00+00:00,4861.10009765625,4868.39990234375,4819.0,4823.5,126017,CUMMINSIND
2026-03-06 05:45:00+00:00,4865.60009765625,4877.0,4846.10009765625,4862.0,108625,CUMMINSIND
2026-03-06 06:45:00+00:00,4910.89990234375,4924.39990234375,4864.7998046875,4865.39990234375,107223,CUMMINSIND
2026-03-06 07:45:00+00:00,4844.10009765625,4920.0,4824.0,4910.89990234375,148256,CUMMINSIND
2026-03-06 08:45:00+00:00,4801.7998046875,4864.10009765625,4789.5,4843.2001953125,167274,CUMMINSIND
2026-03-06 09:45:00+00:00,4800.7001953125,4824.0,4794.10009765625,4801.7998046875,78853,CUMMINSIND
2026-03-09 03:45:00+00:00,4666.0,4740.2998046875,4636.89990234375,4722.7998046875,0,CUMMINSIND
2026-03-09 04:45:00+00:00,4664.2001953125,4669.89990234375,4622.60009765625,4668.60009765625,38848,CUMMINSIND
2026-03-09 05:45:00+00:00,4705.2001953125,4728.2998046875,4659.2998046875,4664.2001953125,49109,CUMMINSIND
2026-03-09 06:45:00+00:00,4694.2998046875,4714.10009765625,4685.10009765625,4704.89990234375,38003,CUMMINSIND
2026-03-09 07:45:00+00:00,4686.2998046875,4708.10009765625,4684.7001953125,4694.7001953125,35003,CUMMINSIND
2026-03-09 08:45:00+00:00,4697.7998046875,4708.39990234375,4683.89990234375,4686.2998046875,63569,CUMMINSIND
2026-03-09 09:45:00+00:00,4681.10009765625,4708.2001953125,4681.0,4695.10009765625,33102,CUMMINSIND
2026-03-10 03:45:00+00:00,4670.5,4799.89990234375,4655.7998046875,4799.89990234375,0,CUMMINSIND
2026-03-10 04:45:00+00:00,4687.2001953125,4696.2998046875,4670.7998046875,4671.60009765625,69610,CUMMINSIND
2026-03-10 05:45:00+00:00,4661.10009765625,4696.0,4657.2001953125,4687.0,42614,CUMMINSIND
2026-03-10 06:45:00+00:00,4683.2998046875,4705.0,4657.2998046875,4661.10009765625,48992,CUMMINSIND
2026-03-10 07:45:00+00:00,4705.5,4719.39990234375,4678.2998046875,4683.39990234375,64736,CUMMINSIND
2026-03-10 08:45:00+00:00,4704.89990234375,4720.0,4687.7998046875,4705.60009765625,136060,CUMMINSIND
2026-03-10 09:45:00+00:00,4718.0,4747.7001953125,4704.89990234375,4706.89990234375,76853,CUMMINSIND
2026-03-11 03:45:00+00:00,4783.2998046875,4818.7001953125,4707.7998046875,4712.0,0,CUMMINSIND
2026-03-11 04:45:00+00:00,4735.60009765625,4794.89990234375,4732.5,4784.5,43803,CUMMINSIND
2026-03-11 05:45:00+00:00,4688.39990234375,4737.5,4687.10009765625,4735.0,44924,CUMMINSIND
2026-03-11 06:45:00+00:00,4629.7998046875,4693.7998046875,4626.7998046875,4689.7001953125,36473,CUMMINSIND
2026-03-11 07:45:00+00:00,4641.7001953125,4654.7998046875,4618.60009765625,4628.7998046875,52796,CUMMINSIND
2026-03-11 08:45:00+00:00,4623.10009765625,4653.2001953125,4615.5,4641.2998046875,120778,CUMMINSIND
2026-03-11 09:45:00+00:00,4630.7001953125,4638.89990234375,4623.0,4624.89990234375,51439,CUMMINSIND
2026-03-12 03:45:00+00:00,4590.2001953125,4629.39990234375,4518.0,4620.0,0,CUMMINSIND
2026-03-12 04:45:00+00:00,4659.2001953125,4669.2001953125,4566.7998046875,4589.5,127956,CUMMINSIND
2026-03-12 05:45:00+00:00,4718.7001953125,4725.60009765625,4659.7001953125,4661.7001953125,158506,CUMMINSIND
2026-03-12 06:45:00+00:00,4712.7998046875,4725.0,4696.5,4718.7998046875,104798,CUMMINSIND
2026-03-12 07:45:00+00:00,4746.2998046875,4781.2998046875,4710.2001953125,4712.7998046875,158023,CUMMINSIND
2026-03-12 08:45:00+00:00,4755.2998046875,4770.39990234375,4738.0,4747.0,168573,CUMMINSIND
2026-03-12 09:45:00+00:00,4753.60009765625,4762.7001953125,4737.39990234375,4755.7001953125,59267,CUMMINSIND
2026-03-13 03:45:00+00:00,4668.10009765625,4732.2001953125,4661.0,4710.0,0,CUMMINSIND
2026-03-13 04:45:00+00:00,4666.7001953125,4666.7001953125,4621.5,4666.2001953125,211936,CUMMINSIND
2026-03-13 05:45:00+00:00,4708.10009765625,4711.0,4655.0,4666.39990234375,170251,CUMMINSIND
2026-03-13 06:45:00+00:00,4651.0,4710.2001953125,4647.2998046875,4710.2001953125,172561,CUMMINSIND
2026-03-13 07:45:00+00:00,4665.0,4666.0,4624.2001953125,4649.39990234375,125721,CUMMINSIND
2026-03-13 08:45:00+00:00,4628.7001953125,4684.39990234375,4625.39990234375,4666.60009765625,199679,CUMMINSIND
2026-03-13 09:45:00+00:00,4649.7001953125,4684.89990234375,4625.39990234375,4628.89990234375,149186,CUMMINSIND
2026-03-16 03:45:00+00:00,4624.0,4691.0,4615.2998046875,4641.0,0,CUMMINSIND
2026-03-16 04:45:00+00:00,4564.0,4626.39990234375,4515.60009765625,4623.5,149535,CUMMINSIND
2026-03-16 05:45:00+00:00,4562.10009765625,4630.0,4551.60009765625,4562.5,170180,CUMMINSIND
2026-03-16 06:45:00+00:00,4511.7001953125,4577.2001953125,4502.5,4561.60009765625,160330,CUMMINSIND
2026-03-16 07:45:00+00:00,4523.2998046875,4539.0,4480.60009765625,4511.2001953125,188997,CUMMINSIND
2026-03-16 08:45:00+00:00,4588.89990234375,4619.2998046875,4519.10009765625,4525.0,145044,CUMMINSIND
2026-03-16 09:45:00+00:00,4589.7001953125,4595.0,4561.7998046875,4586.7001953125,63979,CUMMINSIND
2026-03-17 03:45:00+00:00,4626.0,4633.39990234375,4565.0,4625.0,0,CUMMINSIND
2026-03-17 04:45:00+00:00,4602.2001953125,4656.0,4602.10009765625,4626.0,90728,CUMMINSIND
2026-03-17 05:45:00+00:00,4603.7001953125,4610.5,4573.7998046875,4603.60009765625,118809,CUMMINSIND
2026-03-17 06:45:00+00:00,4629.0,4633.5,4588.7998046875,4605.10009765625,80504,CUMMINSIND
2026-03-17 07:45:00+00:00,4606.10009765625,4635.2001953125,4599.7998046875,4629.0,61581,CUMMINSIND
2026-03-17 08:45:00+00:00,4598.39990234375,4609.60009765625,4582.2998046875,4605.10009765625,69688,CUMMINSIND
2026-03-17 09:45:00+00:00,4596.39990234375,4605.0,4591.7001953125,4598.5,39055,CUMMINSIND
2026-03-18 03:45:00+00:00,4644.2001953125,4662.0,4599.5,4599.5,0,CUMMINSIND
2026-03-18 04:45:00+00:00,4645.2998046875,4657.0,4630.5,4644.39990234375,38244,CUMMINSIND
2026-03-18 05:45:00+00:00,4695.2001953125,4695.60009765625,4634.2998046875,4644.7001953125,77812,CUMMINSIND
2026-03-18 06:45:00+00:00,4744.5,4746.2998046875,4694.89990234375,4695.2001953125,110441,CUMMINSIND
2026-03-18 07:45:00+00:00,4732.89990234375,4764.0,4725.60009765625,4744.0,90923,CUMMINSIND
2026-03-18 08:45:00+00:00,4727.89990234375,4756.60009765625,4695.5,4733.2001953125,225698,CUMMINSIND
2026-03-18 09:45:00+00:00,4717.60009765625,4732.2998046875,4703.10009765625,4729.2998046875,119985,CUMMINSIND
2026-03-19 03:45:00+00:00,4592.10009765625,4659.2001953125,4564.89990234375,4659.2001953125,0,CUMMINSIND
2026-03-19 04:45:00+00:00,4560.39990234375,4631.0,4558.2998046875,4590.0,70595,CUMMINSIND
2026-03-19 05:45:00+00:00,4555.7998046875,4573.5,4537.39990234375,4560.60009765625,67603,CUMMINSIND
2026-03-19 06:45:00+00:00,4541.10009765625,4562.5,4538.0,4556.0,44347,CUMMINSIND
2026-03-19 07:45:00+00:00,4532.7998046875,4564.39990234375,4522.7001953125,4542.2998046875,54534,CUMMINSIND
2026-03-19 08:45:00+00:00,4495.0,4543.7998046875,4486.7001953125,4532.7998046875,123318,CUMMINSIND
2026-03-19 09:45:00+00:00,4505.7001953125,4530.0,4490.60009765625,4495.7001953125,85714,CUMMINSIND
2026-03-20 03:45:00+00:00,4630.0,4654.89990234375,4525.10009765625,4525.10009765625,0,CUMMINSIND
2026-03-20 04:45:00+00:00,4626.5,4633.2998046875,4593.0,4630.5,94514,CUMMINSIND
2026-03-20 05:45:00+00:00,4595.10009765625,4646.39990234375,4591.39990234375,4626.5,76802,CUMMINSIND
2026-03-20 06:45:00+00:00,4615.0,4619.89990234375,4565.10009765625,4597.39990234375,60062,CUMMINSIND
2026-03-20 07:45:00+00:00,4614.89990234375,4628.89990234375,4612.0,4616.0,77141,CUMMINSIND
2026-03-20 08:45:00+00:00,4619.7998046875,4622.0,4585.60009765625,4615.39990234375,279372,CUMMINSIND
2026-03-20 09:45:00+00:00,4615.2998046875,4637.89990234375,4605.89990234375,4617.89990234375,181745,CUMMINSIND
2026-03-23 03:45:00+00:00,4452.7001953125,4581.5,4447.10009765625,4540.39990234375,0,CUMMINSIND
2026-03-23 04:45:00+00:00,4436.89990234375,4454.2998046875,4394.5,4450.2998046875,72284,CUMMINSIND
2026-03-23 05:45:00+00:00,4445.7998046875,4465.89990234375,4426.2998046875,4436.0,112548,CUMMINSIND
2026-03-23 06:45:00+00:00,4421.7001953125,4447.10009765625,4410.2998046875,4445.7001953125,63917,CUMMINSIND
2026-03-23 07:45:00+00:00,4531.39990234375,4543.7998046875,4418.2998046875,4422.10009765625,138882,CUMMINSIND
2026-03-23 08:45:00+00:00,4534.89990234375,4549.0,4518.5,4532.39990234375,286572,CUMMINSIND
2026-03-23 09:45:00+00:00,4514.0,4542.89990234375,4487.7001953125,4534.7001953125,120792,CUMMINSIND
2026-03-24 03:45:00+00:00,4597.0,4614.2001953125,4565.5,4598.7998046875,0,CUMMINSIND
2026-03-24 04:45:00+00:00,4604.89990234375,4626.2998046875,4574.39990234375,4597.5,89523,CUMMINSIND
2026-03-24 05:45:00+00:00,4619.60009765625,4638.89990234375,4587.60009765625,4605.2998046875,186212,CUMMINSIND
2026-03-24 06:45:00+00:00,4628.39990234375,4669.39990234375,4613.2001953125,4619.60009765625,140116,CUMMINSIND
2026-03-24 07:45:00+00:00,4633.10009765625,4640.0,4618.60009765625,4628.5,116568,CUMMINSIND
2026-03-24 08:45:00+00:00,4620.0,4642.5,4587.7001953125,4631.10009765625,165631,CUMMINSIND
2026-03-24 09:45:00+00:00,4619.60009765625,4629.5,4617.89990234375,4621.5,48121,CUMMINSIND
2026-03-25 03:45:00+00:00,4752.60009765625,4775.0,4650.0,4650.0,0,CUMMINSIND
2026-03-25 04:45:00+00:00,4742.89990234375,4758.0,4725.89990234375,4752.0,82411,CUMMINSIND
2026-03-25 05:45:00+00:00,4726.2001953125,4744.89990234375,4713.60009765625,4744.89990234375,69921,CUMMINSIND
2026-03-25 06:45:00+00:00,4731.7001953125,4741.0,4720.89990234375,4727.0,63168,CUMMINSIND
2026-03-25 07:45:00+00:00,4748.89990234375,4758.0,4726.89990234375,4731.2001953125,52162,CUMMINSIND
2026-03-25 08:45:00+00:00,4741.7998046875,4750.7998046875,4722.7998046875,4749.39990234375,141258,CUMMINSIND
2026-03-25 09:45:00+00:00,4738.60009765625,4755.0,4735.0,4741.7001953125,53545,CUMMINSIND
2026-03-27 03:45:00+00:00,4601.0,4727.0,4600.0,4727.0,0,CUMMINSIND
2026-03-27 04:45:00+00:00,4601.2998046875,4604.5,4570.0,4600.0,106014,CUMMINSIND
2026-03-27 05:45:00+00:00,4639.89990234375,4645.89990234375,4600.0,4603.7998046875,148118,CUMMINSIND
2026-03-27 06:45:00+00:00,4637.10009765625,4647.39990234375,4615.0,4640.0,184951,CUMMINSIND
2026-03-27 07:45:00+00:00,4625.60009765625,4649.10009765625,4613.2998046875,4637.10009765625,188701,CUMMINSIND
2026-03-27 08:45:00+00:00,4639.5,4643.7998046875,4579.0,4620.89990234375,1706561,CUMMINSIND
2026-03-27 09:45:00+00:00,4631.5,4677.0,4631.5,4639.10009765625,1546287,CUMMINSIND
2026-03-30 03:45:00+00:00,4582.2001953125,4649.60009765625,4551.2998046875,4595.0,0,CUMMINSIND
2026-03-30 04:45:00+00:00,4527.2001953125,4584.89990234375,4521.2998046875,4584.2998046875,109327,CUMMINSIND
2026-03-30 05:45:00+00:00,4527.89990234375,4544.10009765625,4501.2001953125,4525.60009765625,107674,CUMMINSIND
2026-03-30 06:45:00+00:00,4560.10009765625,4571.89990234375,4516.7001953125,4528.0,177863,CUMMINSIND
2026-03-30 07:45:00+00:00,4555.60009765625,4571.7001953125,4536.5,4557.10009765625,112953,CUMMINSIND
2026-03-30 08:45:00+00:00,4504.7001953125,4557.7001953125,4492.10009765625,4555.60009765625,281284,CUMMINSIND
2026-03-30 09:45:00+00:00,4500.10009765625,4545.0,4455.89990234375,4504.5,195091,CUMMINSIND
2026-04-01 03:45:00+00:00,4615.0,4669.2001953125,4601.2001953125,4603.60009765625,0,CUMMINSIND
2026-04-01 04:45:00+00:00,4556.10009765625,4621.0,4544.2998046875,4614.7998046875,49921,CUMMINSIND
2026-04-01 05:45:00+00:00,4606.0,4609.5,4550.10009765625,4558.39990234375,95546,CUMMINSIND
2026-04-01 06:45:00+00:00,4659.60009765625,4664.2998046875,4603.10009765625,4606.0,82826,CUMMINSIND
2026-04-01 07:45:00+00:00,4624.7001953125,4667.0,4603.89990234375,4659.5,62568,CUMMINSIND
2026-04-01 08:45:00+00:00,4604.2998046875,4626.5,4580.0,4626.5,115693,CUMMINSIND
2026-04-01 09:45:00+00:00,4609.10009765625,4630.7998046875,4603.60009765625,4604.2998046875,69134,CUMMINSIND
2026-04-02 03:45:00+00:00,4501.2998046875,4575.2001953125,4480.0,4575.2001953125,0,CUMMINSIND
2026-04-02 04:45:00+00:00,4498.2001953125,4514.2001953125,4470.0,4502.89990234375,68093,CUMMINSIND
2026-04-02 05:45:00+00:00,4521.2998046875,4535.2001953125,4497.5,4498.10009765625,53066,CUMMINSIND
2026-04-02 06:45:00+00:00,4595.0,4609.7998046875,4521.5,4521.5,86991,CUMMINSIND
2026-04-02 07:45:00+00:00,4639.5,4642.7998046875,4591.0,4595.0,64258,CUMMINSIND
2026-04-02 08:45:00+00:00,4654.89990234375,4668.0,4611.2998046875,4640.89990234375,224710,CUMMINSIND
2026-04-02 09:45:00+00:00,4646.5,4656.60009765625,4627.0,4655.39990234375,74167,CUMMINSIND
2026-04-06 03:45:00+00:00,4681.5,4746.2001953125,4634.0,4714.60009765625,0,CUMMINSIND
2026-04-06 04:45:00+00:00,4637.7998046875,4688.2998046875,4620.0,4681.5,94542,CUMMINSIND
2026-04-06 05:45:00+00:00,4656.60009765625,4676.0,4635.7998046875,4637.7998046875,67141,CUMMINSIND
2026-04-06 06:45:00+00:00,4668.2998046875,4678.7998046875,4655.0,4657.5,47441,CUMMINSIND
2026-04-06 07:45:00+00:00,4689.7001953125,4696.60009765625,4660.89990234375,4669.0,86105,CUMMINSIND
2026-04-06 08:45:00+00:00,4695.7998046875,4706.7001953125,4675.0,4690.0,120704,CUMMINSIND
2026-04-06 09:45:00+00:00,4698.2998046875,4710.0,4690.2001953125,4695.7998046875,45393,CUMMINSIND
2026-04-07 03:45:00+00:00,4639.39990234375,4698.5,4563.10009765625,4688.2001953125,0,CUMMINSIND
2026-04-07 04:45:00+00:00,4601.7998046875,4653.7001953125,4600.2998046875,4637.60009765625,95699,CUMMINSIND
2026-04-07 05:45:00+00:00,4639.89990234375,4646.7998046875,4601.10009765625,4601.7998046875,56821,CUMMINSIND
2026-04-07 06:45:00+00:00,4639.39990234375,4646.0,4626.0,4644.7998046875,50790,CUMMINSIND
2026-04-07 07:45:00+00:00,4629.0,4654.60009765625,4619.7998046875,4638.10009765625,102263,CUMMINSIND
2026-04-07 08:45:00+00:00,4635.7998046875,4645.39990234375,4618.0,4628.0,60832,CUMMINSIND
2026-04-07 09:45:00+00:00,4638.89990234375,4650.0,4627.10009765625,4635.10009765625,45997,CUMMINSIND
2026-04-08 03:45:00+00:00,4761.89990234375,4819.7001953125,4737.2998046875,4750.0,0,CUMMINSIND
2026-04-08 04:45:00+00:00,4750.0,4790.39990234375,4750.0,4761.89990234375,114199,CUMMINSIND
2026-04-08 05:45:00+00:00,4738.10009765625,4757.0,4710.39990234375,4750.10009765625,148559,CUMMINSIND
2026-04-08 06:45:00+00:00,4744.0,4744.0,4717.7998046875,4737.89990234375,150617,CUMMINSIND
2026-04-08 07:45:00+00:00,4774.10009765625,4777.89990234375,4742.0,4744.2001953125,164182,CUMMINSIND
2026-04-08 08:45:00+00:00,4803.7998046875,4817.89990234375,4774.0,4774.0,180658,CUMMINSIND
2026-04-08 09:45:00+00:00,4796.2998046875,4815.89990234375,4781.0,4805.0,142107,CUMMINSIND
2026-04-09 03:45:00+00:00,4787.7998046875,4889.2001953125,4772.0,4840.0,0,CUMMINSIND
2026-04-09 04:45:00+00:00,4815.60009765625,4822.60009765625,4765.39990234375,4788.39990234375,101497,CUMMINSIND
2026-04-09 05:45:00+00:00,4850.2001953125,4863.7998046875,4812.10009765625,4817.0,164904,CUMMINSIND
2026-04-09 06:45:00+00:00,4874.39990234375,4875.0,4839.7998046875,4851.7001953125,98185,CUMMINSIND
2026-04-09 07:45:00+00:00,4873.2001953125,4884.60009765625,4856.39990234375,4874.0,116098,CUMMINSIND
2026-04-09 08:45:00+00:00,4914.7998046875,4915.7001953125,4854.0,4870.89990234375,210966,CUMMINSIND
2026-04-09 09:45:00+00:00,4907.39990234375,4915.7001953125,4892.0,4914.7998046875,111050,CUMMINSIND
2026-04-10 03:45:00+00:00,4922.5,4980.0,4910.0,4958.2998046875,0,CUMMINSIND
2026-04-10 04:45:00+00:00,4938.2001953125,4948.89990234375,4915.89990234375,4924.0,76243,CUMMINSIND
2026-04-10 05:45:00+00:00,4953.10009765625,4979.5,4927.7001953125,4938.2001953125,97325,CUMMINSIND
2026-04-10 06:45:00+00:00,5034.10009765625,5052.0,4953.0,4953.10009765625,224519,CUMMINSIND
2026-04-10 07:45:00+00:00,5096.10009765625,5108.39990234375,5034.7998046875,5040.89990234375,245502,CUMMINSIND
2026-04-10 08:45:00+00:00,5142.2998046875,5149.0,5054.89990234375,5095.2001953125,346551,CUMMINSIND
2026-04-10 09:45:00+00:00,5138.7001953125,5154.89990234375,5124.10009765625,5142.2001953125,142380,CUMMINSIND
2026-04-13 03:45:00+00:00,5094.10009765625,5116.7998046875,5016.2998046875,5036.2001953125,0,CUMMINSIND
2026-04-13 04:45:00+00:00,5066.7998046875,5094.7001953125,5059.7998046875,5094.7001953125,115143,CUMMINSIND
2026-04-13 05:45:00+00:00,5065.7998046875,5080.0,5059.0,5066.0,126771,CUMMINSIND
2026-04-13 06:45:00+00:00,5020.5,5069.39990234375,5006.39990234375,5067.0,126533,CUMMINSIND
2026-04-13 07:45:00+00:00,5022.0,5045.10009765625,5014.2998046875,5020.7998046875,116167,CUMMINSIND
2026-04-13 08:45:00+00:00,4983.60009765625,5022.2001953125,4983.60009765625,5022.2001953125,131466,CUMMINSIND
2026-04-13 09:45:00+00:00,4991.39990234375,5000.0,4984.39990234375,4985.7001953125,74899,CUMMINSIND
2026-04-15 03:45:00+00:00,5058.7998046875,5118.89990234375,5019.5,5080.5,0,CUMMINSIND
2026-04-15 04:45:00+00:00,5058.39990234375,5098.0,5050.10009765625,5059.10009765625,71180,CUMMINSIND
2026-04-15 05:45:00+00:00,5061.2998046875,5080.2998046875,5047.89990234375,5058.39990234375,76789,CUMMINSIND
2026-04-15 06:45:00+00:00,5044.7998046875,5073.0,5040.2998046875,5062.5,59377,CUMMINSIND
2026-04-15 07:45:00+00:00,5019.2001953125,5043.39990234375,5015.89990234375,5043.39990234375,89566,CUMMINSIND
2026-04-15 08:45:00+00:00,5003.39990234375,5029.7998046875,4999.10009765625,5020.0,256999,CUMMINSIND
2026-04-15 09:45:00+00:00,5003.39990234375,5007.10009765625,4986.60009765625,5003.39990234375,83480,CUMMINSIND
2026-04-16 03:45:00+00:00,5012.0,5054.7001953125,4984.0,5030.60009765625,0,CUMMINSIND
2026-04-16 04:45:00+00:00,5010.0,5024.2998046875,4988.0,5011.7001953125,93823,CUMMINSIND
2026-04-16 05:45:00+00:00,4989.2001953125,5024.0,4977.10009765625,5011.89990234375,80065,CUMMINSIND
2026-04-16 06:45:00+00:00,4953.0,4990.7998046875,4951.0,4990.10009765625,71486,CUMMINSIND
2026-04-16 07:45:00+00:00,5006.0,5010.60009765625,4951.5,4953.0,106908,CUMMINSIND
2026-04-16 08:45:00+00:00,5036.60009765625,5040.0,5000.0,5006.0,133038,CUMMINSIND
2026-04-16 09:45:00+00:00,5038.2001953125,5052.0,5036.2001953125,5036.2001953125,49189,CUMMINSIND
2026-04-17 03:45:00+00:00,5125.2001953125,5144.0,5013.2001953125,5050.2998046875,0,CUMMINSIND
2026-04-17 04:45:00+00:00,5136.10009765625,5146.0,5115.0,5125.2001953125,78269,CUMMINSIND
2026-04-17 05:45:00+00:00,5133.89990234375,5137.10009765625,5124.7998046875,5136.10009765625,23717,CUMMINSIND
2026-04-17 06:45:00+00:00,5130.0,5135.89990234375,5113.7001953125,5133.89990234375,51130,CUMMINSIND
2026-04-17 07:45:00+00:00,5135.39990234375,5179.7001953125,5127.5,5130.0,103919,CUMMINSIND
2026-04-17 08:45:00+00:00,5143.89990234375,5152.89990234375,5130.0,5135.5,95467,CUMMINSIND
2026-04-17 09:45:00+00:00,5140.0,5149.89990234375,5136.5,5143.89990234375,41048,CUMMINSIND
2026-04-20 03:45:00+00:00,5144.7998046875,5173.2998046875,5068.7998046875,5132.10009765625,0,CUMMINSIND
2026-04-20 08:45:00+00:00,5200.39990234375,5203.0,5140.89990234375,5140.89990234375,403238,CUMMINSIND
2026-04-20 09:45:00+00:00,5200.2998046875,5203.7001953125,5191.39990234375,5200.0,115592,CUMMINSIND
2026-04-21 03:45:00+00:00,5255.39990234375,5272.5,5212.10009765625,5224.7001953125,0,CUMMINSIND
2026-04-21 04:45:00+00:00,5254.7001953125,5257.2001953125,5224.2998046875,5255.39990234375,65880,CUMMINSIND
2026-04-21 05:45:00+00:00,5182.2998046875,5255.60009765625,5178.7998046875,5254.89990234375,115351,CUMMINSIND
2026-04-21 06:45:00+00:00,5132.7998046875,5192.7998046875,5096.2001953125,5182.2001953125,82654,CUMMINSIND
2026-04-21 07:45:00+00:00,5112.0,5145.0,5095.5,5132.7998046875,94400,CUMMINSIND
2026-04-21 08:45:00+00:00,5113.10009765625,5129.0,5090.7998046875,5112.0,144056,CUMMINSIND
2026-04-21 09:45:00+00:00,5119.7998046875,5131.0,5112.0,5113.10009765625,48041,CUMMINSIND
2026-04-22 03:45:00+00:00,5117.39990234375,5131.5,5082.7998046875,5099.5,0,CUMMINSIND
2026-04-22 04:45:00+00:00,5161.39990234375,5200.60009765625,5118.0,5119.7001953125,73733,CUMMINSIND
2026-04-22 05:45:00+00:00,5186.0,5188.0,5146.0,5161.2998046875,46789,CUMMINSIND
2026-04-22 06:45:00+00:00,5181.5,5198.89990234375,5172.7001953125,5186.0,59807,CUMMINSIND
2026-04-22 07:45:00+00:00,5209.7998046875,5218.2998046875,5178.2998046875,5181.7001953125,71628,CUMMINSIND
2026-04-22 08:45:00+00:00,5210.0,5235.0,5202.89990234375,5209.7998046875,106932,CUMMINSIND
2026-04-22 09:45:00+00:00,5211.7998046875,5220.0,5200.10009765625,5211.7001953125,43220,CUMMINSIND
2026-04-23 03:45:00+00:00,5253.2001953125,5268.7998046875,5173.0,5192.7001953125,0,CUMMINSIND
2026-04-23 04:45:00+00:00,5245.39990234375,5255.0,5216.7001953125,5253.89990234375,49052,CUMMINSIND
2026-04-23 05:45:00+00:00,5240.7001953125,5244.60009765625,5217.0,5244.0,35714,CUMMINSIND
2026-04-23 06:45:00+00:00,5250.60009765625,5253.89990234375,5221.7998046875,5242.2001953125,78120,CUMMINSIND
2026-04-23 07:45:00+00:00,5211.7001953125,5257.89990234375,5209.7998046875,5250.7998046875,60626,CUMMINSIND
2026-04-23 08:45:00+00:00,5172.7001953125,5217.7998046875,5171.5,5209.89990234375,80752,CUMMINSIND
2026-04-23 09:45:00+00:00,5176.89990234375,5177.7001953125,5155.7001953125,5174.10009765625,31619,CUMMINSIND
2026-04-24 03:45:00+00:00,5197.0,5224.5,5144.0,5189.89990234375,0,CUMMINSIND
2026-04-24 04:45:00+00:00,5109.60009765625,5205.10009765625,5102.10009765625,5197.0,38959,CUMMINSIND
2026-04-24 05:45:00+00:00,5142.39990234375,5145.0,5106.7001953125,5109.5,59004,CUMMINSIND
2026-04-24 06:45:00+00:00,5130.2998046875,5155.0,5120.0,5144.60009765625,55003,CUMMINSIND
2026-04-24 07:45:00+00:00,5181.2001953125,5187.5,5129.89990234375,5132.7998046875,72858,CUMMINSIND
2026-04-24 08:45:00+00:00,5225.7001953125,5229.60009765625,5180.0,5180.89990234375,125311,CUMMINSIND
2026-04-24 09:45:00+00:00,5241.7998046875,5250.0,5223.7998046875,5223.7998046875,49896,CUMMINSIND
2026-04-27 03:45:00+00:00,5227.7998046875,5308.5,5225.2001953125,5282.0,0,CUMMINSIND
2026-04-27 04:45:00+00:00,5248.7998046875,5266.0,5221.89990234375,5226.0,58522,CUMMINSIND
2026-04-27 05:45:00+00:00,5254.5,5261.60009765625,5237.10009765625,5249.7001953125,50807,CUMMINSIND
2026-04-27 06:45:00+00:00,5262.2998046875,5262.7001953125,5242.39990234375,5253.2001953125,49549,CUMMINSIND
2026-04-27 07:45:00+00:00,5241.5,5268.39990234375,5240.0,5262.0,46557,CUMMINSIND
2026-04-27 08:45:00+00:00,5245.2998046875,5252.0,5212.0,5242.0,149839,CUMMINSIND
2026-04-27 09:45:00+00:00,5260.0,5270.0,5205.0,5244.2001953125,54259,CUMMINSIND
2026-04-28 03:45:00+00:00,5237.0,5281.7001953125,5234.2001953125,5257.2998046875,0,CUMMINSIND
2026-04-28 04:45:00+00:00,5224.0,5239.2001953125,5211.60009765625,5238.5,50438,CUMMINSIND
2026-04-28 05:45:00+00:00,5228.5,5235.0,5212.0,5224.0,33799,CUMMINSIND
2026-04-28 06:45:00+00:00,5208.0,5234.7998046875,5195.89990234375,5228.7001953125,36533,CUMMINSIND
2026-04-28 07:45:00+00:00,5226.60009765625,5230.89990234375,5198.5,5206.0,32239,CUMMINSIND
2026-04-28 08:45:00+00:00,5255.39990234375,5285.0,5219.2001953125,5225.5,64132,CUMMINSIND
2026-04-28 09:45:00+00:00,5263.5,5268.5,5251.7001953125,5255.60009765625,18888,CUMMINSIND
2026-04-29 03:45:00+00:00,5285.0,5310.2001953125,5252.0,5271.7998046875,0,CUMMINSIND
2026-04-29 04:45:00+00:00,5295.10009765625,5324.7998046875,5280.0,5284.89990234375,62252,CUMMINSIND
2026-04-29 05:45:00+00:00,5267.7998046875,5300.0,5260.0,5295.2998046875,27161,CUMMINSIND
2026-04-29 06:45:00+00:00,5295.2998046875,5304.5,5267.0,5267.10009765625,22281,CUMMINSIND
2026-04-29 07:45:00+00:00,5279.10009765625,5297.89990234375,5271.2998046875,5295.2998046875,32846,CUMMINSIND
2026-04-29 08:45:00+00:00,5287.10009765625,5300.0,5264.10009765625,5278.60009765625,78313,CUMMINSIND
2026-04-29 09:45:00+00:00,5279.39990234375,5297.0,5263.10009765625,5287.10009765625,45739,CUMMINSIND
2026-04-30 03:45:00+00:00,5243.89990234375,5308.0,5209.89990234375,5247.2998046875,0,CUMMINSIND
2026-04-30 04:45:00+00:00,5252.2001953125,5259.7998046875,5226.89990234375,5243.7998046875,39718,CUMMINSIND
2026-04-30 05:45:00+00:00,5267.10009765625,5270.60009765625,5238.0,5253.0,75860,CUMMINSIND
2026-04-30 06:45:00+00:00,5255.5,5273.0,5250.2998046875,5266.7998046875,46249,CUMMINSIND
2026-04-30 07:45:00+00:00,5250.5,5267.89990234375,5233.0,5255.5,41334,CUMMINSIND
2026-04-30 08:45:00+00:00,5266.0,5308.0,5250.5,5250.5,111484,CUMMINSIND
2026-04-30 09:45:00+00:00,5266.39990234375,5288.7998046875,5253.2001953125,5266.0,57345,CUMMINSIND
2026-05-04 03:45:00+00:00,5312.0,5346.0,5295.5,5299.5,0,CUMMINSIND
2026-05-04 04:45:00+00:00,5314.0,5330.0,5281.5,5314.5,43299,CUMMINSIND
2026-05-04 05:45:00+00:00,5292.5,5326.5,5292.5,5315.5,35730,CUMMINSIND
2026-05-04 06:45:00+00:00,5299.5,5314.5,5280.5,5292.5,70861,CUMMINSIND
2026-05-04 07:45:00+00:00,5307.5,5313.5,5240.0,5300.0,60742,CUMMINSIND
2026-05-04 08:45:00+00:00,5287.0,5315.0,5280.0,5307.5,88809,CUMMINSIND
2026-05-04 09:45:00+00:00,5286.0,5290.0,5274.0,5287.5,28297,CUMMINSIND
2026-05-05 03:45:00+00:00,5249.0,5273.0,5232.0,5255.0,0,CUMMINSIND
2026-05-05 04:45:00+00:00,5243.0,5259.5,5235.5,5248.0,16172,CUMMINSIND
2026-05-05 05:45:00+00:00,5244.0,5247.5,5227.5,5240.0,13721,CUMMINSIND
2026-05-05 06:45:00+00:00,5272.5,5278.0,5238.5,5245.0,59713,CUMMINSIND
2026-05-05 07:45:00+00:00,5250.0,5292.5,5249.0,5272.5,63084,CUMMINSIND
2026-05-05 08:45:00+00:00,5260.5,5267.5,5250.0,5250.5,68079,CUMMINSIND
2026-05-05 09:45:00+00:00,5285.0,5285.0,5251.5,5260.5,40000,CUMMINSIND
2026-05-06 03:45:00+00:00,5293.5,5355.0,5230.5,5331.5,0,CUMMINSIND
2026-05-06 04:45:00+00:00,5301.0,5305.5,5269.5,5293.5,56130,CUMMINSIND
2026-05-06 05:45:00+00:00,5313.0,5318.5,5299.0,5301.0,33131,CUMMINSIND
2026-05-06 06:45:00+00:00,5320.0,5325.0,5300.0,5313.0,27741,CUMMINSIND
2026-05-06 07:45:00+00:00,5331.0,5346.5,5315.5,5321.5,29820,CUMMINSIND
2026-05-06 08:45:00+00:00,5321.0,5345.0,5310.5,5331.0,57433,CUMMINSIND
2026-05-06 09:45:00+00:00,5324.5,5325.0,5304.5,5321.0,33998,CUMMINSIND
2026-05-07 03:45:00+00:00,5339.0,5375.0,5330.5,5351.0,0,CUMMINSIND
2026-05-07 04:45:00+00:00,5362.5,5372.5,5339.0,5339.0,34900,CUMMINSIND
2026-05-07 05:45:00+00:00,5344.0,5370.0,5318.0,5362.5,120728,CUMMINSIND
2026-05-07 06:45:00+00:00,5389.5,5389.5,5341.0,5347.0,66932,CUMMINSIND
2026-05-07 07:45:00+00:00,5384.5,5407.0,5377.5,5389.5,70169,CUMMINSIND
2026-05-07 08:45:00+00:00,5405.5,5413.5,5372.0,5386.5,120234,CUMMINSIND
2026-05-07 09:45:00+00:00,5419.5,5420.5,5404.5,5404.5,32409,CUMMINSIND
2026-05-08 03:45:00+00:00,5447.0,5448.0,5389.5,5389.5,0,CUMMINSIND
2026-05-08 04:45:00+00:00,5457.0,5470.5,5420.5,5449.5,62375,CUMMINSIND
2026-05-08 05:45:00+00:00,5466.0,5469.5,5442.5,5457.0,91386,CUMMINSIND
2026-05-08 06:45:00+00:00,5391.0,5468.0,5381.0,5466.0,89024,CUMMINSIND
2026-05-08 07:45:00+00:00,5400.0,5407.5,5383.0,5395.0,68850,CUMMINSIND
2026-05-08 08:45:00+00:00,5407.0,5419.5,5393.0,5402.5,82306,CUMMINSIND
2026-05-08 09:45:00+00:00,5401.0,5412.0,5387.5,5407.0,39470,CUMMINSIND
2026-05-11 03:45:00+00:00,5298.0,5316.5,5212.5,5212.5,0,CUMMINSIND
2026-05-11 04:45:00+00:00,5281.0,5309.5,5258.0,5300.0,64735,CUMMINSIND
2026-05-11 05:45:00+00:00,5270.0,5287.0,5242.5,5281.0,50657,CUMMINSIND
2026-05-11 06:45:00+00:00,5235.5,5272.5,5222.0,5269.5,43737,CUMMINSIND
2026-05-11 07:45:00+00:00,5243.5,5254.5,5221.5,5237.5,20449,CUMMINSIND
2026-05-11 08:45:00+00:00,5232.5,5277.0,5232.0,5243.5,73768,CUMMINSIND
2026-05-11 09:45:00+00:00,5226.0,5242.5,5225.0,5232.0,34457,CUMMINSIND
2026-05-12 03:45:00+00:00,5201.5,5254.5,5175.0,5225.0,0,CUMMINSIND
2026-05-12 04:45:00+00:00,5202.5,5231.5,5191.0,5201.0,38193,CUMMINSIND
2026-05-12 05:45:00+00:00,5213.0,5226.5,5200.5,5205.0,23435,CUMMINSIND
2026-05-12 06:45:00+00:00,5211.0,5222.0,5195.5,5212.5,76546,CUMMINSIND
2026-05-12 07:45:00+00:00,5205.5,5223.0,5198.0,5211.0,81996,CUMMINSIND
2026-05-12 08:45:00+00:00,5151.5,5222.0,5147.5,5203.5,55300,CUMMINSIND
2026-05-12 09:45:00+00:00,5187.5,5187.5,5150.0,5150.0,44035,CUMMINSIND
2026-05-13 03:45:00+00:00,5225.0,5231.0,5147.5,5198.5,0,CUMMINSIND
2026-05-13 04:45:00+00:00,5203.0,5258.5,5189.0,5225.0,41328,CUMMINSIND
2026-05-13 05:45:00+00:00,5236.0,5238.0,5201.0,5203.0,102178,CUMMINSIND
2026-05-13 06:45:00+00:00,5252.5,5261.0,5192.5,5236.0,127406,CUMMINSIND
2026-05-13 07:45:00+00:00,5252.0,5270.0,5235.5,5255.0,143757,CUMMINSIND
2026-05-13 08:45:00+00:00,5216.5,5267.5,5210.0,5254.5,62511,CUMMINSIND
2026-05-13 09:45:00+00:00,5212.0,5254.0,5193.0,5216.5,54611,CUMMINSIND
2026-05-14 03:45:00+00:00,5256.0,5274.5,5229.0,5257.0,0,CUMMINSIND
2026-05-14 04:45:00+00:00,5249.5,5285.5,5238.5,5254.5,49975,CUMMINSIND
2026-05-14 05:45:00+00:00,5314.0,5327.0,5237.5,5251.5,72401,CUMMINSIND
2026-05-14 06:45:00+00:00,5328.0,5358.0,5313.0,5314.5,36204,CUMMINSIND
2026-05-14 07:45:00+00:00,5350.0,5357.0,5324.0,5330.0,40944,CUMMINSIND
2026-05-14 08:45:00+00:00,5360.5,5371.0,5345.0,5350.0,43388,CUMMINSIND
2026-05-14 09:45:00+00:00,5382.0,5383.0,5358.0,5360.0,24101,CUMMINSIND
2026-05-15 03:45:00+00:00,5392.5,5430.0,5324.0,5386.0,0,CUMMINSIND
2026-05-15 04:45:00+00:00,5384.0,5409.5,5350.0,5393.0,114381,CUMMINSIND
2026-05-15 05:45:00+00:00,5408.5,5424.0,5378.0,5382.5,59420,CUMMINSIND
2026-05-15 06:45:00+00:00,5407.0,5419.0,5395.0,5408.0,36969,CUMMINSIND
2026-05-15 07:45:00+00:00,5386.5,5411.0,5370.0,5407.0,53076,CUMMINSIND
2026-05-15 08:45:00+00:00,5396.5,5400.0,5361.5,5388.0,71522,CUMMINSIND
2026-05-15 09:45:00+00:00,5380.0,5399.5,5380.0,5395.0,22199,CUMMINSIND
2026-05-18 03:45:00+00:00,5247.0,5323.5,5242.5,5323.5,0,CUMMINSIND
2026-05-18 04:45:00+00:00,5258.0,5263.5,5231.0,5245.5,23017,CUMMINSIND
2026-05-18 05:45:00+00:00,5285.0,5288.0,5258.0,5258.0,35281,CUMMINSIND
2026-05-18 06:45:00+00:00,5280.0,5289.5,5254.0,5284.0,31460,CUMMINSIND
2026-05-18 07:45:00+00:00,5293.0,5305.0,5271.0,5281.0,29285,CUMMINSIND
2026-05-18 08:45:00+00:00,5290.0,5316.5,5270.0,5293.5,64275,CUMMINSIND
2026-05-18 09:45:00+00:00,5297.5,5312.0,5286.5,5289.5,33277,CUMMINSIND
2026-05-19 03:45:00+00:00,5328.0,5359.5,5266.5,5310.0,0,CUMMINSIND
2026-05-19 04:45:00+00:00,5295.5,5328.5,5294.0,5328.5,51733,CUMMINSIND
2026-05-19 05:45:00+00:00,5300.5,5303.0,5281.5,5293.0,29334,CUMMINSIND
2026-05-19 06:45:00+00:00,5306.0,5315.0,5290.0,5298.5,44944,CUMMINSIND
2026-05-19 07:45:00+00:00,5284.5,5314.5,5282.5,5305.0,38008,CUMMINSIND
2026-05-19 08:45:00+00:00,5251.0,5290.0,5238.0,5284.0,74969,CUMMINSIND
2026-05-19 09:45:00+00:00,5254.0,5270.0,5246.0,5251.0,31084,CUMMINSIND
2026-05-20 03:45:00+00:00,5213.0,5231.0,5188.5,5196.5,0,CUMMINSIND
2026-05-20 04:45:00+00:00,5287.5,5298.0,5206.0,5213.0,67973,CUMMINSIND
2026-05-20 05:45:00+00:00,5379.5,5390.0,5285.5,5289.5,99262,CUMMINSIND
2026-05-20 06:45:00+00:00,5359.5,5398.0,5358.0,5380.0,71198,CUMMINSIND
2026-05-20 07:45:00+00:00,5394.5,5405.0,5344.5,5359.5,38173,CUMMINSIND
2026-05-20 08:45:00+00:00,5401.0,5418.0,5383.5,5394.0,65731,CUMMINSIND
2026-05-20 09:45:00+00:00,5399.5,5410.5,5388.0,5400.5,32016,CUMMINSIND
2026-05-21 03:45:00+00:00,5371.0,5443.0,5361.0,5443.0,0,CUMMINSIND
2026-05-21 04:45:00+00:00,5403.0,5417.5,5366.0,5371.0,64991,CUMMINSIND
2026-05-21 05:45:00+00:00,5412.5,5427.0,5398.0,5403.0,32515,CUMMINSIND
2026-05-21 06:45:00+00:00,5421.0,5429.5,5376.5,5414.5,41372,CUMMINSIND
2026-05-21 07:45:00+00:00,5398.5,5421.5,5391.0,5418.0,25902,CUMMINSIND
2026-05-21 08:45:00+00:00,5394.0,5405.5,5380.0,5392.5,98114,CUMMINSIND
2026-05-21 09:45:00+00:00,5388.5,5394.0,5365.0,5391.5,28121,CUMMINSIND
2026-05-22 03:45:00+00:00,5363.0,5394.0,5352.0,5377.5,0,CUMMINSIND
2026-05-22 04:45:00+00:00,5360.0,5375.5,5336.5,5363.0,28199,CUMMINSIND
2026-05-22 05:45:00+00:00,5367.5,5374.0,5357.5,5357.5,20909,CUMMINSIND
2026-05-22 06:45:00+00:00,5382.5,5385.0,5357.5,5365.0,21301,CUMMINSIND
2026-05-22 07:45:00+00:00,5374.5,5385.0,5358.5,5385.0,27977,CUMMINSIND
2026-05-22 08:45:00+00:00,5353.5,5385.0,5349.0,5374.5,63501,CUMMINSIND
2026-05-22 09:45:00+00:00,5353.0,5359.0,5344.0,5355.0,40851,CUMMINSIND
2026-05-25 03:45:00+00:00,5390.0,5413.5,5374.5,5380.5,0,CUMMINSIND
2026-05-25 04:45:00+00:00,5371.5,5396.5,5366.0,5387.5,28522,CUMMINSIND
2026-05-25 05:45:00+00:00,5365.0,5376.0,5349.0,5371.0,29629,CUMMINSIND
2026-05-25 06:45:00+00:00,5342.5,5371.5,5340.0,5365.0,38607,CUMMINSIND
2026-05-25 07:45:00+00:00,5350.0,5378.0,5340.0,5340.5,54667,CUMMINSIND
2026-05-25 08:45:00+00:00,5392.0,5395.0,5349.0,5350.0,65631,CUMMINSIND
2026-05-25 09:45:00+00:00,5382.0,5394.0,5376.0,5392.0,12903,CUMMINSIND
2026-05-26 03:45:00+00:00,5369.0,5408.0,5360.0,5367.0,0,CUMMINSIND
2026-05-26 04:45:00+00:00,5411.5,5433.0,5365.0,5371.5,57502,CUMMINSIND
2026-05-26 05:45:00+00:00,5420.0,5425.0,5400.5,5408.5,23380,CUMMINSIND
2026-05-26 06:45:00+00:00,5431.5,5438.5,5405.0,5417.0,33147,CUMMINSIND
2026-05-26 07:45:00+00:00,5415.5,5442.0,5410.0,5431.5,42380,CUMMINSIND
2026-05-26 08:45:00+00:00,5418.0,5432.5,5412.5,5415.5,75356,CUMMINSIND
2026-05-26 09:45:00+00:00,5418.5,5425.0,5401.0,5418.0,29492,CUMMINSIND
2026-05-27 03:45:00+00:00,5519.5,5535.0,5409.0,5415.0,0,CUMMINSIND
2026-05-27 04:45:00+00:00,5513.5,5539.0,5503.5,5519.5,36340,CUMMINSIND
2026-05-27 05:45:00+00:00,5537.5,5555.0,5495.0,5514.0,77779,CUMMINSIND
2026-05-27 06:45:00+00:00,5550.0,5562.5,5530.0,5539.5,44493,CUMMINSIND
2026-05-27 07:45:00+00:00,5557.5,5576.5,5541.5,5550.0,37573,CUMMINSIND
2026-05-27 08:45:00+00:00,6003.0,6024.0,5553.0,5557.5,1188290,CUMMINSIND
2026-05-27 09:45:00+00:00,6069.0,6098.0,6000.0,6005.0,225974,CUMMINSIND
