Price,Close,High,Low,Open,Volume,symbol
Ticker,HINDUNILVR.NS,HINDUNILVR.NS,HINDUNILVR.NS,HINDUNILVR.NS,HINDUNILVR.NS,
Datetime,,,,,,
2023-06-14 03:45:00+00:00,2666.35009765625,2676.89990234375,2652.14990234375,2671.14990234375,0,HINDUNILVR
2023-06-14 04:45:00+00:00,2683.300048828125,2687.199951171875,2659.10009765625,2666.300048828125,185910,HINDUNILVR
2023-06-14 05:45:00+00:00,2682.0,2687.050048828125,2674.25,2682.550048828125,239467,HINDUNILVR
2023-06-14 06:45:00+00:00,2674.10009765625,2690.0,2672.199951171875,2682.0,190781,HINDUNILVR
2023-06-14 07:45:00+00:00,2694.0,2694.949951171875,2668.550048828125,2674.5,188315,HINDUNILVR
2023-06-14 08:45:00+00:00,2697.550048828125,2702.050048828125,2684.0,2693.199951171875,282868,HINDUNILVR
2023-06-14 09:45:00+00:00,2698.949951171875,2699.550048828125,2696.449951171875,2697.60009765625,134551,HINDUNILVR
2023-06-15 03:45:00+00:00,2709.10009765625,2717.5,2695.64990234375,2711.300048828125,0,HINDUNILVR
2023-06-15 04:45:00+00:00,2700.35009765625,2714.0,2695.800048828125,2708.75,152165,HINDUNILVR
2023-06-15 05:45:00+00:00,2686.449951171875,2702.60009765625,2683.550048828125,2699.39990234375,310462,HINDUNILVR
2023-06-15 06:45:00+00:00,2682.39990234375,2690.89990234375,2680.25,2686.5,159579,HINDUNILVR
2023-06-15 07:45:00+00:00,2683.85009765625,2692.39990234375,2680.0,2683.5,233912,HINDUNILVR
2023-06-15 08:45:00+00:00,2693.25,2694.5,2678.64990234375,2683.5,442334,HINDUNILVR
2023-06-15 09:45:00+00:00,2689.699951171875,2695.0,2686.85009765625,2693.25,137001,HINDUNILVR
2023-06-16 03:45:00+00:00,2709.64990234375,2710.0,2688.300048828125,2689.699951171875,0,HINDUNILVR
2023-06-16 04:45:00+00:00,2707.5,2709.75,2686.699951171875,2709.64990234375,193990,HINDUNILVR
2023-06-16 05:45:00+00:00,2688.0,2715.0,2683.199951171875,2707.39990234375,222721,HINDUNILVR
2023-06-16 06:45:00+00:00,2690.75,2691.0,2685.0,2687.949951171875,89543,HINDUNILVR
2023-06-16 07:45:00+00:00,2705.199951171875,2707.14990234375,2690.449951171875,2690.449951171875,144984,HINDUNILVR
2023-06-16 08:45:00+00:00,2714.949951171875,2724.0,2705.449951171875,2705.449951171875,657234,HINDUNILVR
2023-06-16 09:45:00+00:00,2710.0,2718.0,2706.800048828125,2714.89990234375,315226,HINDUNILVR
2023-06-19 03:45:00+00:00,2690.0,2711.35009765625,2686.10009765625,2700.0,0,HINDUNILVR
2023-06-19 04:45:00+00:00,2690.0,2696.10009765625,2688.35009765625,2690.0,186650,HINDUNILVR
2023-06-19 05:45:00+00:00,2684.14990234375,2691.0,2679.10009765625,2690.0,128858,HINDUNILVR
2023-06-19 06:45:00+00:00,2684.25,2689.0,2682.0,2683.300048828125,124690,HINDUNILVR
2023-06-19 07:45:00+00:00,2684.199951171875,2684.64990234375,2680.550048828125,2684.0,113750,HINDUNILVR
2023-06-19 08:45:00+00:00,2685.0,2691.0,2683.050048828125,2683.64990234375,223129,HINDUNILVR
2023-06-19 09:45:00+00:00,2677.0,2685.89990234375,2675.0,2685.449951171875,63750,HINDUNILVR
2023-06-20 03:45:00+00:00,2658.800048828125,2679.449951171875,2651.550048828125,2672.89990234375,0,HINDUNILVR
2023-06-20 04:45:00+00:00,2652.300048828125,2660.0,2648.10009765625,2658.800048828125,96643,HINDUNILVR
2023-06-20 05:45:00+00:00,2669.699951171875,2674.699951171875,2652.14990234375,2652.300048828125,175882,HINDUNILVR
2023-06-20 06:45:00+00:00,2667.35009765625,2675.0,2664.0,2669.449951171875,224792,HINDUNILVR
2023-06-20 07:45:00+00:00,2672.0,2672.0,2663.949951171875,2666.75,164783,HINDUNILVR
2023-06-20 08:45:00+00:00,2674.300048828125,2677.699951171875,2670.0,2671.89990234375,192162,HINDUNILVR
2023-06-20 09:45:00+00:00,2677.0,2680.0,2674.25,2674.300048828125,120177,HINDUNILVR
2023-06-21 03:45:00+00:00,2702.25,2704.199951171875,2679.89990234375,2684.949951171875,0,HINDUNILVR
2023-06-21 04:45:00+00:00,2681.0,2706.85009765625,2679.85009765625,2702.85009765625,171713,HINDUNILVR
2023-06-21 05:45:00+00:00,2685.10009765625,2687.89990234375,2680.0,2681.0,156577,HINDUNILVR
2023-06-21 06:45:00+00:00,2678.60009765625,2685.949951171875,2675.5,2685.0,163594,HINDUNILVR
2023-06-21 07:45:00+00:00,2685.5,2685.949951171875,2674.10009765625,2678.550048828125,117694,HINDUNILVR
2023-06-21 08:45:00+00:00,2677.550048828125,2685.89990234375,2668.449951171875,2685.199951171875,172547,HINDUNILVR
2023-06-21 09:45:00+00:00,2676.60009765625,2680.0,2673.25,2677.0,0,HINDUNILVR
2023-06-22 03:45:00+00:00,2660.0,2676.60009765625,2655.0,2670.0,87520,HINDUNILVR
2023-06-22 04:45:00+00:00,2656.0,2667.85009765625,2652.10009765625,2660.199951171875,104042,HINDUNILVR
2023-06-22 05:45:00+00:00,2650.0,2657.0,2650.0,2656.35009765625,71344,HINDUNILVR
2023-06-22 06:45:00+00:00,2661.85009765625,2665.89990234375,2650.0,2650.949951171875,100298,HINDUNILVR
2023-06-22 07:45:00+00:00,2668.35009765625,2678.0,2658.0,2661.85009765625,89604,HINDUNILVR
2023-06-22 08:45:00+00:00,2657.949951171875,2669.75,2648.89990234375,2668.35009765625,294460,HINDUNILVR
2023-06-22 09:45:00+00:00,2654.300048828125,2659.0,2653.85009765625,2657.5,80850,HINDUNILVR
2023-06-23 03:45:00+00:00,2646.60009765625,2654.35009765625,2633.10009765625,2653.300048828125,0,HINDUNILVR
2023-06-23 04:45:00+00:00,2652.5,2660.300048828125,2645.14990234375,2646.64990234375,67792,HINDUNILVR
2023-06-23 05:45:00+00:00,2641.39990234375,2653.300048828125,2635.0,2652.39990234375,129655,HINDUNILVR
2023-06-23 06:45:00+00:00,2635.5,2641.60009765625,2632.25,2640.75,122437,HINDUNILVR
2023-06-23 07:45:00+00:00,2634.5,2636.699951171875,2627.5,2635.5,296350,HINDUNILVR
2023-06-23 08:45:00+00:00,2641.64990234375,2648.39990234375,2633.550048828125,2634.5,161964,HINDUNILVR
2023-06-23 09:45:00+00:00,2641.60009765625,2650.0,2639.39990234375,2641.75,79586,HINDUNILVR
2023-06-26 03:45:00+00:00,2651.550048828125,2674.199951171875,2642.14990234375,2642.14990234375,0,HINDUNILVR
2023-06-26 04:45:00+00:00,2650.89990234375,2657.050048828125,2648.0,2651.550048828125,144103,HINDUNILVR
2023-06-26 05:45:00+00:00,2659.85009765625,2663.0,2650.0,2650.10009765625,66360,HINDUNILVR
2023-06-26 06:45:00+00:00,2658.699951171875,2662.0,2653.300048828125,2659.75,58707,HINDUNILVR
2023-06-26 07:45:00+00:00,2664.85009765625,2667.050048828125,2654.800048828125,2658.699951171875,56092,HINDUNILVR
2023-06-26 08:45:00+00:00,2652.35009765625,2665.0,2650.0,2665.0,156559,HINDUNILVR
2023-06-26 09:45:00+00:00,2652.10009765625,2658.199951171875,2650.0,2652.449951171875,0,HINDUNILVR
2023-06-27 03:45:00+00:00,2648.449951171875,2661.199951171875,2640.300048828125,2653.699951171875,176683,HINDUNILVR
2023-06-27 04:45:00+00:00,2637.89990234375,2650.14990234375,2636.10009765625,2648.550048828125,101085,HINDUNILVR
2023-06-27 05:45:00+00:00,2644.0,2645.0,2637.050048828125,2637.75,94367,HINDUNILVR
2023-06-27 06:45:00+00:00,2649.949951171875,2650.0,2642.699951171875,2644.10009765625,58377,HINDUNILVR
2023-06-27 07:45:00+00:00,2651.5,2651.949951171875,2646.0,2650.0,108840,HINDUNILVR
2023-06-27 08:45:00+00:00,2652.5,2654.64990234375,2650.0,2651.5,89343,HINDUNILVR
2023-06-27 09:45:00+00:00,2651.35009765625,2652.5,2648.699951171875,2652.5,0,HINDUNILVR
2023-06-30 03:45:00+00:00,2662.0,2680.0,2661.550048828125,2665.89990234375,0,HINDUNILVR
2023-06-30 04:45:00+00:00,2658.0,2668.300048828125,2653.35009765625,2662.0,125036,HINDUNILVR
2023-06-30 05:45:00+00:00,2660.0,2660.0,2651.35009765625,2658.0,143353,HINDUNILVR
2023-06-30 06:45:00+00:00,2671.449951171875,2673.0,2660.14990234375,2660.14990234375,128287,HINDUNILVR
2023-06-30 07:45:00+00:00,2674.0,2675.64990234375,2670.449951171875,2671.0,139563,HINDUNILVR
2023-06-30 08:45:00+00:00,2676.800048828125,2685.85009765625,2670.0,2674.050048828125,318674,HINDUNILVR
2023-06-30 09:45:00+00:00,2678.14990234375,2680.0,2675.0,2676.800048828125,156703,HINDUNILVR
2023-07-03 03:45:00+00:00,2674.14990234375,2688.449951171875,2665.300048828125,2682.39990234375,0,HINDUNILVR
2023-07-03 04:45:00+00:00,2666.0,2678.64990234375,2666.0,2674.10009765625,75966,HINDUNILVR
2023-07-03 05:45:00+00:00,2663.949951171875,2668.75,2660.050048828125,2666.800048828125,115733,HINDUNILVR
2023-07-03 06:45:00+00:00,2671.199951171875,2671.89990234375,2659.64990234375,2664.39990234375,166929,HINDUNILVR
2023-07-03 07:45:00+00:00,2686.449951171875,2691.10009765625,2670.0,2671.10009765625,144586,HINDUNILVR
2023-07-03 08:45:00+00:00,2703.949951171875,2704.0,2682.199951171875,2685.949951171875,251272,HINDUNILVR
2023-07-03 09:45:00+00:00,2700.199951171875,2705.800048828125,2699.85009765625,2703.89990234375,118472,HINDUNILVR
2023-07-04 03:45:00+00:00,2681.14990234375,2704.0,2679.699951171875,2702.0,0,HINDUNILVR
2023-07-04 04:45:00+00:00,2685.199951171875,2691.949951171875,2675.0,2682.550048828125,116759,HINDUNILVR
2023-07-04 05:45:00+00:00,2689.64990234375,2694.699951171875,2680.25,2686.60009765625,69624,HINDUNILVR
2023-07-04 06:45:00+00:00,2698.35009765625,2699.0,2688.449951171875,2691.0,68722,HINDUNILVR
2023-07-04 07:45:00+00:00,2701.0,2706.449951171875,2696.35009765625,2697.14990234375,92621,HINDUNILVR
2023-07-04 08:45:00+00:00,2700.050048828125,2702.89990234375,2695.449951171875,2700.0,155054,HINDUNILVR
2023-07-04 09:45:00+00:00,2700.0,2704.300048828125,2699.10009765625,2700.60009765625,51731,HINDUNILVR
2023-07-05 03:45:00+00:00,2721.300048828125,2731.949951171875,2699.75,2699.75,0,HINDUNILVR
2023-07-05 04:45:00+00:00,2736.64990234375,2744.800048828125,2715.39990234375,2722.0,240357,HINDUNILVR
2023-07-05 05:45:00+00:00,2732.699951171875,2740.35009765625,2730.949951171875,2736.64990234375,200733,HINDUNILVR
2023-07-05 06:45:00+00:00,2740.0,2744.699951171875,2730.800048828125,2732.699951171875,247364,HINDUNILVR
2023-07-05 07:45:00+00:00,2743.35009765625,2749.89990234375,2736.60009765625,2740.0,196902,HINDUNILVR
2023-07-05 08:45:00+00:00,2755.89990234375,2759.39990234375,2740.85009765625,2743.35009765625,359799,HINDUNILVR
2023-07-05 09:45:00+00:00,2756.949951171875,2759.35009765625,2752.949951171875,2755.89990234375,187617,HINDUNILVR
2023-07-06 03:45:00+00:00,2753.10009765625,2761.39990234375,2736.0,2756.949951171875,215633,HINDUNILVR
2023-07-06 04:45:00+00:00,2746.39990234375,2753.39990234375,2742.199951171875,2751.60009765625,101328,HINDUNILVR
2023-07-06 05:45:00+00:00,2747.0,2753.60009765625,2744.0,2746.300048828125,203944,HINDUNILVR
2023-07-06 06:45:00+00:00,2756.25,2757.0,2744.60009765625,2747.0,134326,HINDUNILVR
2023-07-06 07:45:00+00:00,2755.10009765625,2757.0,2750.0,2756.25,112272,HINDUNILVR
2023-07-06 08:45:00+00:00,2761.25,2764.949951171875,2753.60009765625,2755.14990234375,384805,HINDUNILVR
2023-07-06 09:45:00+00:00,2753.0,2761.25,2750.5,2761.25,112376,HINDUNILVR
2023-07-07 03:45:00+00:00,2746.0,2769.39990234375,2745.050048828125,2753.300048828125,243778,HINDUNILVR
2023-07-07 04:45:00+00:00,2743.75,2750.89990234375,2731.60009765625,2746.050048828125,126342,HINDUNILVR
2023-07-07 05:45:00+00:00,2745.85009765625,2749.25,2741.699951171875,2743.75,219804,HINDUNILVR
2023-07-07 06:45:00+00:00,2730.14990234375,2747.050048828125,2728.5,2745.449951171875,178527,HINDUNILVR
2023-07-07 07:45:00+00:00,2723.25,2736.5,2721.0,2730.199951171875,125049,HINDUNILVR
2023-07-07 08:45:00+00:00,2695.199951171875,2726.75,2695.199951171875,2722.39990234375,189401,HINDUNILVR
2023-07-07 09:45:00+00:00,2699.0,2699.89990234375,2691.0,2695.85009765625,95529,HINDUNILVR
2023-07-10 03:45:00+00:00,2666.449951171875,2711.14990234375,2664.0,2708.949951171875,0,HINDUNILVR
2023-07-10 04:45:00+00:00,2677.0,2679.10009765625,2666.0,2667.0,251474,HINDUNILVR
2023-07-10 05:45:00+00:00,2675.050048828125,2677.0,2673.050048828125,2675.89990234375,62607,HINDUNILVR
2023-07-10 06:45:00+00:00,2672.64990234375,2675.300048828125,2670.550048828125,2674.75,150284,HINDUNILVR
2023-07-10 07:45:00+00:00,2669.89990234375,2674.0,2666.800048828125,2672.60009765625,307264,HINDUNILVR
2023-07-10 08:45:00+00:00,2658.85009765625,2673.300048828125,2657.550048828125,2669.89990234375,278535,HINDUNILVR
2023-07-10 09:45:00+00:00,2657.10009765625,2658.85009765625,2651.0,2658.85009765625,207549,HINDUNILVR
2023-07-11 03:45:00+00:00,2683.550048828125,2686.35009765625,2647.800048828125,2654.300048828125,316035,HINDUNILVR
2023-07-11 04:45:00+00:00,2704.25,2704.949951171875,2680.199951171875,2683.550048828125,297059,HINDUNILVR
2023-07-11 05:45:00+00:00,2713.800048828125,2716.75,2697.60009765625,2704.25,180316,HINDUNILVR
2023-07-11 06:45:00+00:00,2682.25,2714.0,2676.050048828125,2713.75,621486,HINDUNILVR
2023-07-11 07:45:00+00:00,2696.75,2705.39990234375,2676.64990234375,2681.699951171875,626418,HINDUNILVR
2023-07-11 08:45:00+00:00,2680.699951171875,2698.800048828125,2680.0,2696.75,318106,HINDUNILVR
2023-07-11 09:45:00+00:00,2685.0,2686.300048828125,2680.0,2680.64990234375,113715,HINDUNILVR
2023-07-12 03:45:00+00:00,2670.199951171875,2698.0,2657.10009765625,2696.449951171875,0,HINDUNILVR
2023-07-12 04:45:00+00:00,2652.050048828125,2671.800048828125,2648.449951171875,2670.199951171875,221275,HINDUNILVR
2023-07-12 05:45:00+00:00,2644.800048828125,2656.5,2642.5,2652.10009765625,322119,HINDUNILVR
2023-07-12 06:45:00+00:00,2669.85009765625,2673.949951171875,2643.75,2644.5,252227,HINDUNILVR
2023-07-12 07:45:00+00:00,2671.60009765625,2673.89990234375,2658.0,2669.800048828125,443260,HINDUNILVR
2023-07-12 08:45:00+00:00,2668.800048828125,2680.949951171875,2668.800048828125,2671.64990234375,606508,HINDUNILVR
2023-07-12 09:45:00+00:00,2673.64990234375,2675.449951171875,2664.5,2668.85009765625,0,HINDUNILVR
2023-07-13 03:45:00+00:00,2682.14990234375,2687.449951171875,2663.050048828125,2678.89990234375,319493,HINDUNILVR
2023-07-13 04:45:00+00:00,2678.39990234375,2683.449951171875,2672.0,2682.14990234375,133232,HINDUNILVR
2023-07-13 05:45:00+00:00,2670.300048828125,2680.0,2667.199951171875,2678.75,153754,HINDUNILVR
2023-07-13 06:45:00+00:00,2669.14990234375,2672.14990234375,2668.35009765625,2670.25,97241,HINDUNILVR
2023-07-13 07:45:00+00:00,2669.60009765625,2672.0,2662.60009765625,2669.300048828125,270659,HINDUNILVR
2023-07-13 08:45:00+00:00,2656.0,2671.5,2651.25,2669.35009765625,417726,HINDUNILVR
2023-07-13 09:45:00+00:00,2654.699951171875,2659.64990234375,2652.0,2655.5,102818,HINDUNILVR
2023-07-14 03:45:00+00:00,2654.800048828125,2666.949951171875,2651.10009765625,2656.64990234375,0,HINDUNILVR
2023-07-14 04:45:00+00:00,2675.449951171875,2676.89990234375,2653.199951171875,2654.64990234375,114784,HINDUNILVR
2023-07-14 05:45:00+00:00,2674.25,2680.0,2658.64990234375,2675.5,249344,HINDUNILVR
2023-07-14 06:45:00+00:00,2684.14990234375,2686.300048828125,2669.89990234375,2675.10009765625,291261,HINDUNILVR
2023-07-14 07:45:00+00:00,2682.300048828125,2686.0,2677.64990234375,2684.050048828125,188353,HINDUNILVR
2023-07-14 08:45:00+00:00,2675.199951171875,2682.300048828125,2667.89990234375,2681.35009765625,335310,HINDUNILVR
2023-07-14 09:45:00+00:00,2676.89990234375,2680.25,2674.14990234375,2675.199951171875,117496,HINDUNILVR
2023-07-17 03:45:00+00:00,2697.0,2703.0,2674.14990234375,2674.14990234375,0,HINDUNILVR
2023-07-17 04:45:00+00:00,2689.25,2698.550048828125,2685.300048828125,2697.0,92525,HINDUNILVR
2023-07-17 05:45:00+00:00,2684.14990234375,2693.0,2683.0,2689.25,83131,HINDUNILVR
2023-07-17 06:45:00+00:00,2679.85009765625,2690.0,2677.0,2684.5,151237,HINDUNILVR
2023-07-17 07:45:00+00:00,2685.300048828125,2687.64990234375,2678.0,2680.0,128468,HINDUNILVR
2023-07-17 08:45:00+00:00,2679.050048828125,2687.0,2672.199951171875,2685.699951171875,188942,HINDUNILVR
2023-07-17 09:45:00+00:00,2683.800048828125,2688.89990234375,2677.10009765625,2679.14990234375,79024,HINDUNILVR
2023-07-18 03:45:00+00:00,2688.550048828125,2700.60009765625,2682.25,2685.35009765625,140379,HINDUNILVR
2023-07-18 04:45:00+00:00,2680.949951171875,2696.89990234375,2680.0,2687.39990234375,86300,HINDUNILVR
2023-07-18 05:45:00+00:00,2682.0,2685.0,2677.35009765625,2681.0,210774,HINDUNILVR
2023-07-18 06:45:00+00:00,2681.85009765625,2685.0,2680.14990234375,2682.0,285301,HINDUNILVR
2023-07-18 07:45:00+00:00,2684.949951171875,2689.699951171875,2680.550048828125,2681.85009765625,190129,HINDUNILVR
2023-07-18 08:45:00+00:00,2681.14990234375,2688.39990234375,2680.10009765625,2684.300048828125,169697,HINDUNILVR
2023-07-18 09:45:00+00:00,2684.0,2684.0,2679.10009765625,2681.14990234375,133196,HINDUNILVR
2023-07-19 03:45:00+00:00,2682.64990234375,2696.89990234375,2678.0,2682.800048828125,108029,HINDUNILVR
2023-07-19 04:45:00+00:00,2664.0,2682.64990234375,2660.89990234375,2682.64990234375,162854,HINDUNILVR
2023-07-19 05:45:00+00:00,2665.0,2667.60009765625,2661.85009765625,2664.0,175676,HINDUNILVR
2023-07-19 06:45:00+00:00,2669.85009765625,2674.0,2664.0,2665.0,122044,HINDUNILVR
2023-07-19 07:45:00+00:00,2667.0,2674.89990234375,2666.0,2669.89990234375,118809,HINDUNILVR
2023-07-19 08:45:00+00:00,2671.449951171875,2677.85009765625,2661.0,2666.64990234375,362826,HINDUNILVR
2023-07-19 09:45:00+00:00,2672.949951171875,2674.800048828125,2669.39990234375,2671.449951171875,116108,HINDUNILVR
2023-07-20 03:45:00+00:00,2666.0,2675.949951171875,2660.0,2671.0,182890,HINDUNILVR
2023-07-20 04:45:00+00:00,2681.300048828125,2685.0,2665.89990234375,2666.0,205629,HINDUNILVR
2023-07-20 05:45:00+00:00,2686.25,2688.0,2678.64990234375,2681.550048828125,181617,HINDUNILVR
2023-07-20 06:45:00+00:00,2702.39990234375,2715.949951171875,2683.449951171875,2686.199951171875,349071,HINDUNILVR
2023-07-20 07:45:00+00:00,2701.0,2705.550048828125,2694.60009765625,2702.39990234375,165218,HINDUNILVR
2023-07-20 08:45:00+00:00,2700.89990234375,2710.64990234375,2698.300048828125,2701.0,246823,HINDUNILVR
2023-07-20 09:45:00+00:00,2703.25,2704.89990234375,2700.0,2701.0,99396,HINDUNILVR
2023-07-21 03:45:00+00:00,2651.25,2675.39990234375,2639.550048828125,2647.550048828125,0,HINDUNILVR
2023-07-21 04:45:00+00:00,2635.0,2660.75,2635.0,2651.25,589737,HINDUNILVR
2023-07-21 05:45:00+00:00,2620.60009765625,2638.050048828125,2620.050048828125,2635.050048828125,683148,HINDUNILVR
2023-07-21 06:45:00+00:00,2610.85009765625,2626.64990234375,2603.5,2620.60009765625,1026022,HINDUNILVR
2023-07-21 07:45:00+00:00,2611.800048828125,2623.800048828125,2610.0,2610.75,434276,HINDUNILVR
2023-07-21 08:45:00+00:00,2604.449951171875,2612.0,2592.0,2611.0,881148,HINDUNILVR
2023-07-21 09:45:00+00:00,2605.949951171875,2609.89990234375,2600.14990234375,2604.64990234375,313374,HINDUNILVR
2023-07-24 03:45:00+00:00,2596.050048828125,2604.0,2576.050048828125,2604.0,0,HINDUNILVR
2023-07-24 04:45:00+00:00,2591.75,2601.0,2589.10009765625,2597.050048828125,321707,HINDUNILVR
2023-07-24 05:45:00+00:00,2591.0,2593.25,2582.0,2591.5,156772,HINDUNILVR
2023-07-24 06:45:00+00:00,2588.60009765625,2595.050048828125,2588.0,2590.5,172757,HINDUNILVR
2023-07-24 07:45:00+00:00,2583.050048828125,2590.550048828125,2580.10009765625,2588.39990234375,257001,HINDUNILVR
2023-07-24 08:45:00+00:00,2580.25,2586.10009765625,2578.10009765625,2583.050048828125,327033,HINDUNILVR
2023-07-24 09:45:00+00:00,2580.35009765625,2582.050048828125,2577.050048828125,2580.0,138203,HINDUNILVR
2023-07-25 03:45:00+00:00,2571.5,2586.5,2568.699951171875,2580.0,0,HINDUNILVR
2023-07-25 04:45:00+00:00,2571.800048828125,2577.25,2570.85009765625,2571.75,174422,HINDUNILVR
2023-07-25 05:45:00+00:00,2570.0,2574.5,2569.699951171875,2571.949951171875,137880,HINDUNILVR
2023-07-25 06:45:00+00:00,2570.25,2574.5,2565.64990234375,2570.050048828125,138250,HINDUNILVR
2023-07-25 07:45:00+00:00,2570.89990234375,2573.050048828125,2567.699951171875,2570.300048828125,132098,HINDUNILVR
2023-07-25 08:45:00+00:00,2570.14990234375,2573.5,2562.550048828125,2570.85009765625,506928,HINDUNILVR
2023-07-25 09:45:00+00:00,2566.199951171875,2570.300048828125,2564.699951171875,2570.10009765625,236914,HINDUNILVR
2023-07-26 03:45:00+00:00,2584.89990234375,2587.0,2574.60009765625,2575.300048828125,245948,HINDUNILVR
2023-07-26 04:45:00+00:00,2595.85009765625,2597.0,2584.0,2585.0,193813,HINDUNILVR
2023-07-26 05:45:00+00:00,2590.39990234375,2597.39990234375,2586.64990234375,2595.64990234375,158501,HINDUNILVR
2023-07-26 06:45:00+00:00,2594.0,2594.199951171875,2586.050048828125,2590.39990234375,155428,HINDUNILVR
2023-07-26 07:45:00+00:00,2595.25,2598.60009765625,2592.89990234375,2594.0,143386,HINDUNILVR
2023-07-26 08:45:00+00:00,2582.800048828125,2595.949951171875,2582.5,2595.949951171875,289506,HINDUNILVR
2023-07-26 09:45:00+00:00,2580.39990234375,2583.35009765625,2580.0,2583.0,113218,HINDUNILVR
2023-07-27 03:45:00+00:00,2558.949951171875,2582.14990234375,2558.5,2568.800048828125,598001,HINDUNILVR
2023-07-27 04:45:00+00:00,2570.75,2574.64990234375,2553.0,2558.949951171875,417902,HINDUNILVR
2023-07-27 05:45:00+00:00,2571.14990234375,2573.0,2563.0,2571.050048828125,228151,HINDUNILVR
2023-07-27 06:45:00+00:00,2567.64990234375,2572.35009765625,2564.050048828125,2571.14990234375,166585,HINDUNILVR
2023-07-27 07:45:00+00:00,2567.949951171875,2571.300048828125,2565.64990234375,2567.64990234375,215990,HINDUNILVR
2023-07-27 08:45:00+00:00,2570.10009765625,2570.949951171875,2556.0,2568.0,424609,HINDUNILVR
2023-07-27 09:45:00+00:00,2569.85009765625,2582.0,2569.199951171875,2570.89990234375,0,HINDUNILVR
2023-07-28 03:45:00+00:00,2586.64990234375,2593.75,2567.300048828125,2575.300048828125,153012,HINDUNILVR
2023-07-28 04:45:00+00:00,2580.35009765625,2589.0,2578.800048828125,2586.949951171875,76824,HINDUNILVR
2023-07-28 05:45:00+00:00,2570.60009765625,2581.050048828125,2568.10009765625,2580.35009765625,76481,HINDUNILVR
2023-07-28 06:45:00+00:00,2574.10009765625,2578.0,2565.199951171875,2570.60009765625,168359,HINDUNILVR
2023-07-28 07:45:00+00:00,2581.35009765625,2581.39990234375,2571.25,2574.60009765625,92109,HINDUNILVR
2023-07-28 08:45:00+00:00,2587.0,2589.0,2574.949951171875,2581.39990234375,246647,HINDUNILVR
2023-07-28 09:45:00+00:00,2584.60009765625,2590.64990234375,2577.699951171875,2586.800048828125,0,HINDUNILVR
2023-07-31 03:45:00+00:00,2570.89990234375,2580.199951171875,2558.64990234375,2579.800048828125,0,HINDUNILVR
2023-07-31 04:45:00+00:00,2564.0,2573.949951171875,2563.300048828125,2570.89990234375,129656,HINDUNILVR
2023-07-31 05:45:00+00:00,2561.0,2570.800048828125,2558.0,2563.89990234375,252726,HINDUNILVR
2023-07-31 06:45:00+00:00,2557.0,2563.14990234375,2555.0,2561.050048828125,324160,HINDUNILVR
2023-07-31 07:45:00+00:00,2558.300048828125,2561.75,2555.0,2557.14990234375,239795,HINDUNILVR
2023-07-31 08:45:00+00:00,2562.449951171875,2563.39990234375,2554.10009765625,2558.35009765625,525911,HINDUNILVR
2023-07-31 09:45:00+00:00,2559.0,2564.35009765625,2556.14990234375,2562.449951171875,305530,HINDUNILVR
2023-08-01 03:45:00+00:00,2556.0,2573.800048828125,2548.0,2570.0,389255,HINDUNILVR
2023-08-01 04:45:00+00:00,2560.75,2566.800048828125,2556.0,2556.0,338679,HINDUNILVR
2023-08-01 05:45:00+00:00,2561.14990234375,2563.85009765625,2557.449951171875,2560.35009765625,78204,HINDUNILVR
2023-08-01 06:45:00+00:00,2557.050048828125,2568.85009765625,2554.60009765625,2561.10009765625,244035,HINDUNILVR
2023-08-01 07:45:00+00:00,2548.949951171875,2558.800048828125,2548.050048828125,2557.89990234375,295833,HINDUNILVR
2023-08-01 08:45:00+00:00,2551.050048828125,2551.60009765625,2545.050048828125,2548.5,281457,HINDUNILVR
2023-08-01 09:45:00+00:00,2551.10009765625,2555.5,2550.10009765625,2551.60009765625,0,HINDUNILVR
2023-08-02 03:45:00+00:00,2546.39990234375,2550.14990234375,2536.0,2540.0,242218,HINDUNILVR
2023-08-02 04:45:00+00:00,2558.39990234375,2559.0,2545.0,2546.35009765625,121381,HINDUNILVR
2023-08-02 05:45:00+00:00,2571.949951171875,2573.199951171875,2556.0,2557.5,239462,HINDUNILVR
2023-08-02 06:45:00+00:00,2563.89990234375,2571.85009765625,2558.449951171875,2571.75,419816,HINDUNILVR
2023-08-02 07:45:00+00:00,2556.14990234375,2565.800048828125,2555.25,2563.85009765625,208255,HINDUNILVR
2023-08-02 08:45:00+00:00,2571.64990234375,2573.39990234375,2554.5,2555.64990234375,709332,HINDUNILVR
2023-08-02 09:45:00+00:00,2569.199951171875,2573.449951171875,2567.199951171875,2571.60009765625,142339,HINDUNILVR
2023-08-03 03:45:00+00:00,2550.050048828125,2558.550048828125,2540.35009765625,2557.949951171875,286741,HINDUNILVR
2023-08-03 04:45:00+00:00,2546.949951171875,2554.85009765625,2539.0,2550.050048828125,270298,HINDUNILVR
2023-08-03 05:45:00+00:00,2548.85009765625,2553.949951171875,2545.949951171875,2546.89990234375,215637,HINDUNILVR
2023-08-03 06:45:00+00:00,2541.14990234375,2550.949951171875,2537.300048828125,2548.85009765625,145857,HINDUNILVR
2023-08-03 07:45:00+00:00,2542.300048828125,2545.0,2538.35009765625,2540.35009765625,247414,HINDUNILVR
2023-08-03 08:45:00+00:00,2550.550048828125,2554.89990234375,2540.050048828125,2542.35009765625,247754,HINDUNILVR
2023-08-03 09:45:00+00:00,2550.0,2552.64990234375,2549.050048828125,2550.85009765625,61578,HINDUNILVR
2023-08-04 03:45:00+00:00,2540.75,2554.949951171875,2535.14990234375,2554.949951171875,252888,HINDUNILVR
2023-08-04 04:45:00+00:00,2545.25,2550.050048828125,2537.050048828125,2540.75,287967,HINDUNILVR
2023-08-04 05:45:00+00:00,2544.0,2549.75,2541.0,2545.25,220744,HINDUNILVR
2023-08-04 06:45:00+00:00,2548.050048828125,2550.0,2544.0,2544.050048828125,107595,HINDUNILVR
2023-08-04 07:45:00+00:00,2550.35009765625,2551.0,2547.949951171875,2548.050048828125,176854,HINDUNILVR
2023-08-04 08:45:00+00:00,2546.10009765625,2550.5,2544.0,2550.35009765625,204102,HINDUNILVR
2023-08-04 09:45:00+00:00,2546.0,2547.449951171875,2545.0,2546.10009765625,0,HINDUNILVR
2023-08-07 03:45:00+00:00,2552.10009765625,2556.800048828125,2539.0,2543.949951171875,0,HINDUNILVR
2023-08-07 04:45:00+00:00,2556.75,2564.39990234375,2551.10009765625,2552.89990234375,63643,HINDUNILVR
2023-08-07 05:45:00+00:00,2560.050048828125,2563.0,2555.39990234375,2556.75,40209,HINDUNILVR
2023-08-07 06:45:00+00:00,2564.0,2565.0,2558.10009765625,2560.14990234375,167015,HINDUNILVR
2023-08-07 07:45:00+00:00,2566.25,2567.0,2562.949951171875,2564.0,149192,HINDUNILVR
2023-08-07 08:45:00+00:00,2568.10009765625,2569.14990234375,2564.35009765625,2566.25,166521,HINDUNILVR
2023-08-07 09:45:00+00:00,2573.5,2573.949951171875,2567.949951171875,2568.199951171875,82882,HINDUNILVR
2023-08-08 03:45:00+00:00,2564.449951171875,2584.949951171875,2560.050048828125,2584.949951171875,0,HINDUNILVR
2023-08-08 04:45:00+00:00,2560.85009765625,2571.0,2560.39990234375,2564.0,108202,HINDUNILVR
2023-08-08 05:45:00+00:00,2560.0,2562.449951171875,2555.550048828125,2560.85009765625,128253,HINDUNILVR
2023-08-08 06:45:00+00:00,2564.949951171875,2565.35009765625,2559.64990234375,2560.050048828125,79737,HINDUNILVR
2023-08-08 07:45:00+00:00,2566.14990234375,2568.35009765625,2562.050048828125,2564.949951171875,128799,HINDUNILVR
2023-08-08 08:45:00+00:00,2564.050048828125,2570.89990234375,2562.0,2566.14990234375,271541,HINDUNILVR
2023-08-08 09:45:00+00:00,2562.949951171875,2567.10009765625,2560.0,2564.25,143818,HINDUNILVR
2023-08-09 03:45:00+00:00,2548.0,2564.75,2543.0,2564.75,157611,HINDUNILVR
2023-08-09 04:45:00+00:00,2542.25,2548.050048828125,2542.0,2547.949951171875,84003,HINDUNILVR
2023-08-09 05:45:00+00:00,2543.050048828125,2548.0,2541.89990234375,2542.10009765625,216777,HINDUNILVR
2023-08-09 06:45:00+00:00,2546.449951171875,2548.199951171875,2542.39990234375,2543.0,163787,HINDUNILVR
2023-08-09 07:45:00+00:00,2548.25,2549.39990234375,2546.0,2546.449951171875,136873,HINDUNILVR
2023-08-09 08:45:00+00:00,2552.199951171875,2554.949951171875,2547.0,2548.300048828125,330594,HINDUNILVR
2023-08-09 09:45:00+00:00,2553.300048828125,2553.699951171875,2545.699951171875,2552.199951171875,122646,HINDUNILVR
2023-08-10 03:45:00+00:00,2542.0,2550.550048828125,2538.199951171875,2550.199951171875,0,HINDUNILVR
2023-08-10 04:45:00+00:00,2530.449951171875,2543.0,2529.10009765625,2542.0,326907,HINDUNILVR
2023-08-10 05:45:00+00:00,2535.0,2537.35009765625,2527.60009765625,2529.10009765625,134121,HINDUNILVR
2023-08-10 06:45:00+00:00,2535.199951171875,2536.5,2529.050048828125,2535.0,92152,HINDUNILVR
2023-08-10 07:45:00+00:00,2535.64990234375,2537.0,2529.0,2535.199951171875,193230,HINDUNILVR
2023-08-10 08:45:00+00:00,2536.199951171875,2538.0,2533.0,2535.64990234375,296658,HINDUNILVR
2023-08-10 09:45:00+00:00,2537.0,2538.89990234375,2535.050048828125,2536.14990234375,150317,HINDUNILVR
2023-08-11 03:45:00+00:00,2507.89990234375,2536.10009765625,2505.199951171875,2536.10009765625,334378,HINDUNILVR
2023-08-11 04:45:00+00:00,2509.14990234375,2510.199951171875,2506.10009765625,2507.800048828125,262997,HINDUNILVR
2023-08-11 05:45:00+00:00,2512.699951171875,2515.050048828125,2508.60009765625,2509.35009765625,189053,HINDUNILVR
2023-08-11 06:45:00+00:00,2509.699951171875,2513.800048828125,2507.0,2512.5,130822,HINDUNILVR
2023-08-11 07:45:00+00:00,2506.39990234375,2509.949951171875,2502.050048828125,2509.75,189879,HINDUNILVR
2023-08-11 08:45:00+00:00,2502.35009765625,2508.949951171875,2500.10009765625,2506.39990234375,201996,HINDUNILVR
2023-08-11 09:45:00+00:00,2501.0,2504.64990234375,2499.949951171875,2502.5,162475,HINDUNILVR
2023-08-14 03:45:00+00:00,2521.199951171875,2529.89990234375,2488.550048828125,2505.75,0,HINDUNILVR
2023-08-14 04:45:00+00:00,2516.0,2526.5,2513.050048828125,2522.0,119034,HINDUNILVR
2023-08-14 05:45:00+00:00,2524.5,2525.35009765625,2515.39990234375,2516.0,113486,HINDUNILVR
2023-08-14 06:45:00+00:00,2521.89990234375,2525.35009765625,2520.0,2524.5,84013,HINDUNILVR
2023-08-14 07:45:00+00:00,2530.5,2532.0,2518.300048828125,2522.699951171875,179811,HINDUNILVR
2023-08-14 08:45:00+00:00,2532.0,2539.949951171875,2530.0,2530.89990234375,241501,HINDUNILVR
2023-08-14 09:45:00+00:00,2533.10009765625,2537.39990234375,2530.0,2532.0,0,HINDUNILVR
2023-08-16 03:45:00+00:00,2545.60009765625,2546.699951171875,2524.39990234375,2533.14990234375,286271,HINDUNILVR
2023-08-16 04:45:00+00:00,2535.449951171875,2548.35009765625,2531.949951171875,2545.64990234375,169162,HINDUNILVR
2023-08-16 05:45:00+00:00,2541.39990234375,2543.5,2534.39990234375,2535.550048828125,79928,HINDUNILVR
2023-08-16 06:45:00+00:00,2548.89990234375,2549.0,2540.699951171875,2541.39990234375,87706,HINDUNILVR
2023-08-16 07:45:00+00:00,2546.89990234375,2550.0,2544.300048828125,2548.85009765625,119036,HINDUNILVR
2023-08-16 08:45:00+00:00,2553.800048828125,2554.85009765625,2545.050048828125,2547.10009765625,271340,HINDUNILVR
2023-08-16 09:45:00+00:00,2548.0,2554.89990234375,2545.0,2553.800048828125,142235,HINDUNILVR
2023-08-17 03:45:00+00:00,2541.5,2553.550048828125,2534.75,2550.0,236675,HINDUNILVR
2023-08-17 04:45:00+00:00,2545.85009765625,2548.800048828125,2539.199951171875,2541.5,153752,HINDUNILVR
2023-08-17 05:45:00+00:00,2550.10009765625,2551.0,2533.35009765625,2545.85009765625,275265,HINDUNILVR
2023-08-17 06:45:00+00:00,2549.300048828125,2560.64990234375,2549.0,2550.550048828125,244368,HINDUNILVR
2023-08-17 07:45:00+00:00,2553.699951171875,2554.89990234375,2545.0,2549.60009765625,136362,HINDUNILVR
2023-08-17 08:45:00+00:00,2544.35009765625,2559.949951171875,2543.10009765625,2553.5,308417,HINDUNILVR
2023-08-17 09:45:00+00:00,2543.25,2545.25,2536.14990234375,2544.25,0,HINDUNILVR
2023-08-18 03:45:00+00:00,2543.5,2551.449951171875,2532.75,2538.60009765625,154919,HINDUNILVR
2023-08-18 04:45:00+00:00,2546.14990234375,2549.0,2537.0,2543.14990234375,101484,HINDUNILVR
2023-08-18 05:45:00+00:00,2555.25,2557.60009765625,2544.64990234375,2547.199951171875,187546,HINDUNILVR
2023-08-18 06:45:00+00:00,2555.699951171875,2562.89990234375,2553.550048828125,2555.25,263362,HINDUNILVR
2023-08-18 07:45:00+00:00,2564.199951171875,2564.949951171875,2548.14990234375,2555.699951171875,299852,HINDUNILVR
2023-08-18 08:45:00+00:00,2556.85009765625,2567.75,2550.050048828125,2564.199951171875,664450,HINDUNILVR
2023-08-18 09:45:00+00:00,2554.75,2559.050048828125,2548.0,2556.89990234375,298821,HINDUNILVR
2023-08-21 03:45:00+00:00,2546.14990234375,2556.800048828125,2539.050048828125,2551.050048828125,0,HINDUNILVR
2023-08-21 04:45:00+00:00,2571.0,2573.0,2545.449951171875,2546.14990234375,291091,HINDUNILVR
2023-08-21 05:45:00+00:00,2565.60009765625,2574.89990234375,2565.0,2571.75,148049,HINDUNILVR
2023-08-21 06:45:00+00:00,2567.85009765625,2569.0,2562.64990234375,2565.050048828125,68542,HINDUNILVR
2023-08-21 07:45:00+00:00,2565.75,2571.0,2563.0,2568.60009765625,62562,HINDUNILVR
2023-08-21 08:45:00+00:00,2563.949951171875,2567.5,2558.0,2565.0,165820,HINDUNILVR
2023-08-21 09:45:00+00:00,2564.449951171875,2565.0,2558.199951171875,2564.0,72714,HINDUNILVR
2023-08-22 03:45:00+00:00,2556.550048828125,2569.75,2553.0,2569.75,155683,HINDUNILVR
2023-08-22 04:45:00+00:00,2565.050048828125,2567.85009765625,2555.0,2556.75,83158,HINDUNILVR
2023-08-22 05:45:00+00:00,2570.050048828125,2575.0,2565.25,2565.25,137959,HINDUNILVR
2023-08-22 06:45:00+00:00,2565.050048828125,2571.550048828125,2560.0,2570.050048828125,167445,HINDUNILVR
2023-08-22 07:45:00+00:00,2565.14990234375,2565.949951171875,2559.10009765625,2565.050048828125,91884,HINDUNILVR
2023-08-22 08:45:00+00:00,2560.25,2572.85009765625,2559.449951171875,2565.14990234375,210283,HINDUNILVR
2023-08-22 09:45:00+00:00,2565.800048828125,2567.64990234375,2558.5,2560.25,0,HINDUNILVR
2023-08-23 03:45:00+00:00,2570.550048828125,2578.949951171875,2563.0,2574.949951171875,241498,HINDUNILVR
2023-08-23 04:45:00+00:00,2577.300048828125,2580.64990234375,2562.550048828125,2570.64990234375,206827,HINDUNILVR
2023-08-23 05:45:00+00:00,2574.0,2583.5,2572.89990234375,2577.64990234375,169057,HINDUNILVR
2023-08-23 06:45:00+00:00,2575.0,2576.800048828125,2572.10009765625,2574.39990234375,141170,HINDUNILVR
2023-08-23 07:45:00+00:00,2574.14990234375,2578.5,2571.550048828125,2575.10009765625,128702,HINDUNILVR
2023-08-23 08:45:00+00:00,2575.5,2578.5,2572.0,2573.35009765625,169034,HINDUNILVR
2023-08-23 09:45:00+00:00,2574.050048828125,2575.5,2572.0,2575.5,0,HINDUNILVR
2023-08-24 03:45:00+00:00,2583.64990234375,2589.75,2579.050048828125,2582.5,216832,HINDUNILVR
2023-08-24 04:45:00+00:00,2578.75,2584.10009765625,2575.0,2583.64990234375,83780,HINDUNILVR
2023-08-24 05:45:00+00:00,2583.14990234375,2585.0,2575.85009765625,2578.699951171875,108624,HINDUNILVR
2023-08-24 06:45:00+00:00,2585.10009765625,2591.75,2580.10009765625,2583.14990234375,200238,HINDUNILVR
2023-08-24 07:45:00+00:00,2572.800048828125,2588.699951171875,2571.85009765625,2584.75,134503,HINDUNILVR
2023-08-24 08:45:00+00:00,2583.35009765625,2584.0,2567.0,2572.800048828125,287969,HINDUNILVR
2023-08-24 09:45:00+00:00,2575.0,2583.64990234375,2571.0,2583.5,111774,HINDUNILVR
2023-08-25 03:45:00+00:00,2556.300048828125,2570.0,2553.550048828125,2562.550048828125,0,HINDUNILVR
2023-08-25 04:45:00+00:00,2560.949951171875,2568.10009765625,2551.699951171875,2556.300048828125,102650,HINDUNILVR
2023-08-25 05:45:00+00:00,2571.64990234375,2575.800048828125,2557.199951171875,2561.0,143835,HINDUNILVR
2023-08-25 06:45:00+00:00,2577.0,2578.0,2569.199951171875,2572.64990234375,84680,HINDUNILVR
2023-08-25 07:45:00+00:00,2570.0,2580.699951171875,2566.39990234375,2577.0,115616,HINDUNILVR
2023-08-25 08:45:00+00:00,2562.550048828125,2573.85009765625,2561.699951171875,2570.75,163186,HINDUNILVR
2023-08-25 09:45:00+00:00,2563.550048828125,2564.25,2553.0,2562.60009765625,0,HINDUNILVR
2023-08-28 03:45:00+00:00,2547.0,2568.0,2539.050048828125,2568.0,0,HINDUNILVR
2023-08-28 04:45:00+00:00,2555.60009765625,2556.0,2545.800048828125,2547.0,135373,HINDUNILVR
2023-08-28 05:45:00+00:00,2550.0,2556.949951171875,2549.050048828125,2555.550048828125,62648,HINDUNILVR
2023-08-28 06:45:00+00:00,2550.550048828125,2554.0,2549.800048828125,2550.0,49709,HINDUNILVR
2023-08-28 07:45:00+00:00,2550.050048828125,2552.800048828125,2548.5,2550.0,50116,HINDUNILVR
2023-08-28 08:45:00+00:00,2556.14990234375,2558.75,2550.0,2550.85009765625,132492,HINDUNILVR
2023-08-28 09:45:00+00:00,2555.699951171875,2557.0,2550.0,2556.25,0,HINDUNILVR
2023-08-29 03:45:00+00:00,2542.800048828125,2558.89990234375,2541.89990234375,2558.550048828125,64258,HINDUNILVR
2023-08-29 04:45:00+00:00,2548.10009765625,2549.949951171875,2539.050048828125,2543.0,160757,HINDUNILVR
2023-08-29 05:45:00+00:00,2542.10009765625,2548.60009765625,2538.64990234375,2548.10009765625,96702,HINDUNILVR
2023-08-29 06:45:00+00:00,2533.699951171875,2543.39990234375,2532.300048828125,2543.199951171875,112705,HINDUNILVR
2023-08-29 07:45:00+00:00,2531.800048828125,2535.60009765625,2530.5,2533.64990234375,71246,HINDUNILVR
2023-08-29 08:45:00+00:00,2525.800048828125,2534.10009765625,2522.449951171875,2531.550048828125,319523,HINDUNILVR
2023-08-29 09:45:00+00:00,2525.0,2529.85009765625,2524.0,2525.75,133097,HINDUNILVR
2023-08-30 03:45:00+00:00,2532.35009765625,2534.25,2520.0,2533.10009765625,104105,HINDUNILVR
2023-08-30 04:45:00+00:00,2530.5,2536.0,2526.35009765625,2532.35009765625,287716,HINDUNILVR
2023-08-30 05:45:00+00:00,2531.199951171875,2535.0,2529.0,2530.199951171875,145163,HINDUNILVR
2023-08-30 06:45:00+00:00,2533.949951171875,2535.449951171875,2529.949951171875,2531.800048828125,104067,HINDUNILVR
2023-08-30 07:45:00+00:00,2526.89990234375,2534.64990234375,2526.0,2533.949951171875,247151,HINDUNILVR
2023-08-30 08:45:00+00:00,2530.25,2530.75,2525.050048828125,2526.85009765625,219192,HINDUNILVR
2023-08-30 09:45:00+00:00,2531.949951171875,2535.5,2529.0,2530.199951171875,119738,HINDUNILVR
2023-08-31 03:45:00+00:00,2524.199951171875,2538.050048828125,2524.0,2536.949951171875,0,HINDUNILVR
2023-08-31 04:45:00+00:00,2514.64990234375,2526.85009765625,2512.800048828125,2524.199951171875,132001,HINDUNILVR
2023-08-31 05:45:00+00:00,2510.89990234375,2515.949951171875,2508.39990234375,2514.60009765625,197304,HINDUNILVR
2023-08-31 06:45:00+00:00,2513.449951171875,2515.39990234375,2510.0,2510.800048828125,196954,HINDUNILVR
2023-08-31 07:45:00+00:00,2512.60009765625,2517.0,2511.550048828125,2513.39990234375,160607,HINDUNILVR
2023-08-31 08:45:00+00:00,2507.60009765625,2516.14990234375,2500.0,2512.60009765625,1276460,HINDUNILVR
2023-08-31 09:45:00+00:00,2508.699951171875,2515.75,2491.14990234375,2507.550048828125,1022833,HINDUNILVR
2023-09-01 03:45:00+00:00,2503.050048828125,2513.5,2500.0,2508.449951171875,0,HINDUNILVR
2023-09-01 04:45:00+00:00,2512.050048828125,2512.949951171875,2500.199951171875,2503.050048828125,139105,HINDUNILVR
2023-09-01 05:45:00+00:00,2506.699951171875,2514.5,2506.10009765625,2512.550048828125,92635,HINDUNILVR
2023-09-01 06:45:00+00:00,2507.25,2508.35009765625,2500.199951171875,2505.449951171875,103013,HINDUNILVR
2023-09-01 07:45:00+00:00,2508.449951171875,2512.35009765625,2505.39990234375,2507.300048828125,100759,HINDUNILVR
2023-09-01 08:45:00+00:00,2505.300048828125,2510.0,2501.35009765625,2508.449951171875,154672,HINDUNILVR
2023-09-01 09:45:00+00:00,2504.60009765625,2505.89990234375,2502.0,2505.300048828125,97870,HINDUNILVR
2023-09-04 03:45:00+00:00,2495.0,2512.39990234375,2495.0,2512.39990234375,0,HINDUNILVR
2023-09-04 04:45:00+00:00,2496.0,2497.0,2492.0,2495.0,124396,HINDUNILVR
2023-09-04 05:45:00+00:00,2495.050048828125,2499.89990234375,2492.199951171875,2496.0,162973,HINDUNILVR
2023-09-04 06:45:00+00:00,2501.39990234375,2503.39990234375,2494.60009765625,2495.050048828125,222284,HINDUNILVR
2023-09-04 07:45:00+00:00,2499.25,2502.85009765625,2497.050048828125,2501.64990234375,144553,HINDUNILVR
2023-09-04 08:45:00+00:00,2502.300048828125,2503.199951171875,2497.550048828125,2499.25,215796,HINDUNILVR
2023-09-04 09:45:00+00:00,2501.89990234375,2502.5,2500.0,2502.35009765625,74434,HINDUNILVR
2023-09-05 03:45:00+00:00,2518.39990234375,2523.449951171875,2503.0,2504.85009765625,0,HINDUNILVR
2023-09-05 04:45:00+00:00,2516.449951171875,2521.699951171875,2512.0,2518.39990234375,73711,HINDUNILVR
2023-09-05 05:45:00+00:00,2514.39990234375,2521.10009765625,2513.0,2516.5,95520,HINDUNILVR
2023-09-05 06:45:00+00:00,2512.800048828125,2518.050048828125,2512.300048828125,2514.60009765625,116414,HINDUNILVR
2023-09-05 07:45:00+00:00,2506.050048828125,2512.800048828125,2505.60009765625,2512.25,111776,HINDUNILVR
2023-09-05 08:45:00+00:00,2505.449951171875,2510.35009765625,2504.39990234375,2506.0,187838,HINDUNILVR
2023-09-05 09:45:00+00:00,2512.0,2512.0,2505.0,2505.449951171875,99573,HINDUNILVR
2023-09-06 03:45:00+00:00,2514.050048828125,2519.949951171875,2507.5,2513.39990234375,0,HINDUNILVR
2023-09-06 04:45:00+00:00,2517.0,2520.0,2512.300048828125,2514.39990234375,120740,HINDUNILVR
2023-09-06 05:45:00+00:00,2518.10009765625,2522.0,2514.35009765625,2517.199951171875,147514,HINDUNILVR
2023-09-06 06:45:00+00:00,2510.85009765625,2520.5,2509.449951171875,2518.449951171875,114707,HINDUNILVR
2023-09-06 07:45:00+00:00,2508.800048828125,2516.199951171875,2508.050048828125,2510.85009765625,87875,HINDUNILVR
2023-09-06 08:45:00+00:00,2523.39990234375,2526.10009765625,2508.050048828125,2508.800048828125,304747,HINDUNILVR
2023-09-06 09:45:00+00:00,2523.5,2525.85009765625,2518.699951171875,2523.39990234375,213151,HINDUNILVR
2023-09-07 03:45:00+00:00,2507.5,2517.14990234375,2504.949951171875,2517.14990234375,0,HINDUNILVR
2023-09-07 04:45:00+00:00,2505.800048828125,2508.949951171875,2502.449951171875,2507.5,183227,HINDUNILVR
2023-09-07 05:45:00+00:00,2504.75,2509.75,2501.699951171875,2505.800048828125,182722,HINDUNILVR
2023-09-07 06:45:00+00:00,2500.5,2505.0,2500.050048828125,2504.85009765625,167992,HINDUNILVR
2023-09-07 07:45:00+00:00,2508.800048828125,2508.89990234375,2500.0,2500.39990234375,297979,HINDUNILVR
2023-09-07 08:45:00+00:00,2507.949951171875,2509.60009765625,2504.10009765625,2508.800048828125,594951,HINDUNILVR
2023-09-07 09:45:00+00:00,2509.800048828125,2510.89990234375,2506.0,2507.89990234375,185397,HINDUNILVR
2023-09-08 03:45:00+00:00,2513.449951171875,2517.89990234375,2503.699951171875,2505.39990234375,0,HINDUNILVR
2023-09-08 04:45:00+00:00,2509.5,2514.35009765625,2505.0,2513.39990234375,144689,HINDUNILVR
2023-09-08 05:45:00+00:00,2511.300048828125,2516.89990234375,2507.10009765625,2509.5,145784,HINDUNILVR
2023-09-08 06:45:00+00:00,2518.5,2520.25,2510.199951171875,2511.699951171875,109284,HINDUNILVR
2023-09-08 07:45:00+00:00,2518.39990234375,2519.10009765625,2515.0,2518.39990234375,55454,HINDUNILVR
2023-09-08 08:45:00+00:00,2515.39990234375,2521.0,2512.35009765625,2517.5,206123,HINDUNILVR
2023-09-08 09:45:00+00:00,2512.550048828125,2515.35009765625,2510.14990234375,2515.300048828125,134646,HINDUNILVR
2023-09-11 03:45:00+00:00,2526.5,2527.949951171875,2509.050048828125,2513.39990234375,0,HINDUNILVR
2023-09-11 04:45:00+00:00,2531.85009765625,2533.10009765625,2525.050048828125,2526.449951171875,174176,HINDUNILVR
2023-09-11 05:45:00+00:00,2533.050048828125,2534.85009765625,2528.550048828125,2531.800048828125,137747,HINDUNILVR
2023-09-11 06:45:00+00:00,2531.550048828125,2538.0,2530.0,2533.0,193813,HINDUNILVR
2023-09-11 07:45:00+00:00,2528.949951171875,2531.39990234375,2526.85009765625,2530.949951171875,82314,HINDUNILVR
2023-09-11 08:45:00+00:00,2534.5,2538.10009765625,2528.10009765625,2528.949951171875,231099,HINDUNILVR
2023-09-11 09:45:00+00:00,2538.0,2538.89990234375,2533.39990234375,2534.449951171875,113607,HINDUNILVR
2023-09-12 03:45:00+00:00,2505.5,2545.10009765625,2504.800048828125,2545.10009765625,0,HINDUNILVR
2023-09-12 04:45:00+00:00,2500.0,2506.800048828125,2498.5,2505.199951171875,733161,HINDUNILVR
2023-09-12 05:45:00+00:00,2498.0,2502.449951171875,2494.949951171875,2500.0,475025,HINDUNILVR
2023-09-12 06:45:00+00:00,2495.050048828125,2500.14990234375,2493.0,2497.949951171875,639008,HINDUNILVR
2023-09-12 07:45:00+00:00,2496.0,2497.25,2488.0,2495.449951171875,544996,HINDUNILVR
2023-09-12 08:45:00+00:00,2500.0,2500.699951171875,2494.0,2495.949951171875,537166,HINDUNILVR
2023-09-12 09:45:00+00:00,2498.0,2500.14990234375,2496.0,2500.050048828125,223360,HINDUNILVR
2023-09-13 03:45:00+00:00,2507.699951171875,2507.75,2493.75,2494.0,0,HINDUNILVR
2023-09-13 04:45:00+00:00,2499.60009765625,2508.5,2494.35009765625,2507.0,151053,HINDUNILVR
2023-09-13 05:45:00+00:00,2505.050048828125,2507.0,2499.050048828125,2499.699951171875,139173,HINDUNILVR
2023-09-13 06:45:00+00:00,2499.0,2506.85009765625,2498.300048828125,2505.0,227076,HINDUNILVR
2023-09-13 07:45:00+00:00,2502.5,2503.0,2498.64990234375,2499.0,162487,HINDUNILVR
2023-09-13 08:45:00+00:00,2506.699951171875,2509.0,2502.0,2502.550048828125,153828,HINDUNILVR
2023-09-13 09:45:00+00:00,2506.550048828125,2508.199951171875,2503.0,2506.75,94910,HINDUNILVR
2023-09-14 03:45:00+00:00,2507.25,2513.949951171875,2502.25,2510.0,0,HINDUNILVR
2023-09-14 04:45:00+00:00,2505.800048828125,2509.449951171875,2500.050048828125,2507.85009765625,171839,HINDUNILVR
2023-09-14 05:45:00+00:00,2501.10009765625,2506.550048828125,2498.60009765625,2506.0,193405,HINDUNILVR
2023-09-14 06:45:00+00:00,2497.14990234375,2501.5,2494.0,2500.39990234375,290467,HINDUNILVR
2023-09-14 07:45:00+00:00,2499.300048828125,2501.949951171875,2493.5,2497.14990234375,333944,HINDUNILVR
2023-09-14 08:45:00+00:00,2501.89990234375,2504.0,2496.39990234375,2499.25,641119,HINDUNILVR
2023-09-14 09:45:00+00:00,2501.0,2503.5,2498.35009765625,2503.0,206910,HINDUNILVR
2023-09-15 03:45:00+00:00,2476.949951171875,2486.0,2470.35009765625,2486.0,0,HINDUNILVR
2023-09-15 04:45:00+00:00,2474.550048828125,2479.39990234375,2474.0,2476.85009765625,309728,HINDUNILVR
2023-09-15 05:45:00+00:00,2469.550048828125,2475.10009765625,2467.800048828125,2474.550048828125,769962,HINDUNILVR
2023-09-15 06:45:00+00:00,2473.0,2474.0,2468.050048828125,2469.550048828125,340714,HINDUNILVR
2023-09-15 07:45:00+00:00,2469.550048828125,2473.75,2469.550048828125,2473.050048828125,261450,HINDUNILVR
2023-09-15 08:45:00+00:00,2469.5,2475.89990234375,2468.0,2469.550048828125,826100,HINDUNILVR
2023-09-15 09:45:00+00:00,2469.0,2471.199951171875,2466.14990234375,2469.550048828125,501622,HINDUNILVR
2023-09-18 03:45:00+00:00,2474.800048828125,2478.800048828125,2466.0,2472.949951171875,0,HINDUNILVR
2023-09-18 04:45:00+00:00,2469.300048828125,2475.699951171875,2462.0,2475.699951171875,437910,HINDUNILVR
2023-09-18 05:45:00+00:00,2480.0,2486.0,2468.89990234375,2469.35009765625,354348,HINDUNILVR
2023-09-18 06:45:00+00:00,2487.35009765625,2489.300048828125,2479.5,2480.0,154165,HINDUNILVR
2023-09-18 07:45:00+00:00,2490.050048828125,2491.0,2487.0,2488.0,151335,HINDUNILVR
2023-09-18 08:45:00+00:00,2488.300048828125,2492.550048828125,2488.0,2490.449951171875,145987,HINDUNILVR
2023-09-18 09:45:00+00:00,2488.64990234375,2489.800048828125,2484.050048828125,2488.10009765625,72569,HINDUNILVR
2023-09-20 03:45:00+00:00,2467.25,2478.699951171875,2451.0,2451.0,0,HINDUNILVR
2023-09-20 04:45:00+00:00,2465.64990234375,2468.0,2463.35009765625,2467.25,170607,HINDUNILVR
2023-09-20 05:45:00+00:00,2466.75,2467.0,2463.050048828125,2465.64990234375,218363,HINDUNILVR
2023-09-20 06:45:00+00:00,2469.5,2471.0,2465.5,2466.699951171875,244668,HINDUNILVR
2023-09-20 07:45:00+00:00,2465.050048828125,2470.800048828125,2462.0,2469.5,378928,HINDUNILVR
2023-09-20 08:45:00+00:00,2467.050048828125,2467.75,2464.14990234375,2465.050048828125,316803,HINDUNILVR
2023-09-20 09:45:00+00:00,2468.550048828125,2468.800048828125,2465.949951171875,2467.10009765625,131155,HINDUNILVR
2023-09-21 03:45:00+00:00,2446.0,2471.85009765625,2444.0,2471.85009765625,0,HINDUNILVR
2023-09-21 04:45:00+00:00,2449.800048828125,2450.449951171875,2444.0,2446.10009765625,280987,HINDUNILVR
2023-09-21 05:45:00+00:00,2449.0,2450.85009765625,2448.0,2449.0,240125,HINDUNILVR
2023-09-21 06:45:00+00:00,2451.39990234375,2452.0,2448.0,2448.550048828125,280690,HINDUNILVR
2023-09-21 07:45:00+00:00,2457.0,2457.699951171875,2451.0,2451.0,302223,HINDUNILVR
2023-09-21 08:45:00+00:00,2472.14990234375,2472.14990234375,2455.89990234375,2456.949951171875,457961,HINDUNILVR
2023-09-21 09:45:00+00:00,2473.35009765625,2483.0,2472.0,2472.0,157150,HINDUNILVR
2023-09-22 03:45:00+00:00,2468.050048828125,2474.64990234375,2458.10009765625,2474.64990234375,0,HINDUNILVR
2023-09-22 04:45:00+00:00,2475.5,2478.699951171875,2468.0,2468.050048828125,136576,HINDUNILVR
2023-09-22 05:45:00+00:00,2480.300048828125,2484.699951171875,2470.449951171875,2475.5,150802,HINDUNILVR
2023-09-22 06:45:00+00:00,2480.0,2486.199951171875,2479.5,2480.25,105461,HINDUNILVR
2023-09-22 07:45:00+00:00,2489.10009765625,2490.0,2479.25,2480.0,142369,HINDUNILVR
2023-09-22 08:45:00+00:00,2479.300048828125,2490.0,2478.0,2489.050048828125,302871,HINDUNILVR
2023-09-22 09:45:00+00:00,2484.0,2488.0,2478.300048828125,2479.35009765625,116135,HINDUNILVR
2023-09-25 03:45:00+00:00,2467.14990234375,2487.85009765625,2465.0,2482.449951171875,0,HINDUNILVR
2023-09-25 04:45:00+00:00,2465.550048828125,2467.300048828125,2460.10009765625,2467.14990234375,94095,HINDUNILVR
2023-09-25 05:45:00+00:00,2476.449951171875,2476.5,2465.0,2465.39990234375,190231,HINDUNILVR
2023-09-25 06:45:00+00:00,2485.0,2486.89990234375,2475.0,2476.39990234375,219695,HINDUNILVR
2023-09-25 07:45:00+00:00,2480.14990234375,2486.949951171875,2477.85009765625,2485.0,201259,HINDUNILVR
2023-09-25 08:45:00+00:00,2474.89990234375,2480.550048828125,2471.89990234375,2480.050048828125,216632,HINDUNILVR
2023-09-25 09:45:00+00:00,2475.85009765625,2483.25,2473.300048828125,2475.10009765625,96372,HINDUNILVR
2023-09-26 03:45:00+00:00,2464.949951171875,2472.35009765625,2463.10009765625,2471.699951171875,0,HINDUNILVR
2023-09-26 04:45:00+00:00,2464.64990234375,2466.449951171875,2461.25,2465.0,164494,HINDUNILVR
2023-09-26 05:45:00+00:00,2468.14990234375,2471.25,2463.35009765625,2464.85009765625,277978,HINDUNILVR
2023-09-26 06:45:00+00:00,2470.85009765625,2472.0,2467.89990234375,2468.14990234375,126790,HINDUNILVR
2023-09-26 07:45:00+00:00,2474.0,2475.699951171875,2469.0,2470.75,203734,HINDUNILVR
2023-09-26 08:45:00+00:00,2477.10009765625,2477.5,2474.0,2474.0,208533,HINDUNILVR
2023-09-26 09:45:00+00:00,2488.0,2488.699951171875,2477.0,2477.050048828125,127972,HINDUNILVR
2023-09-27 03:45:00+00:00,2472.550048828125,2478.800048828125,2470.14990234375,2477.0,0,HINDUNILVR
2023-09-27 04:45:00+00:00,2496.0,2496.35009765625,2469.0,2472.64990234375,199450,HINDUNILVR
2023-09-27 05:45:00+00:00,2498.35009765625,2499.0,2489.800048828125,2495.449951171875,147086,HINDUNILVR
2023-09-27 06:45:00+00:00,2496.699951171875,2502.300048828125,2495.949951171875,2498.5,195105,HINDUNILVR
2023-09-27 07:45:00+00:00,2496.199951171875,2500.0,2495.0,2496.550048828125,149281,HINDUNILVR
2023-09-27 08:45:00+00:00,2501.949951171875,2503.85009765625,2493.60009765625,2496.300048828125,214491,HINDUNILVR
2023-09-27 09:45:00+00:00,2503.0,2504.699951171875,2500.64990234375,2501.949951171875,98480,HINDUNILVR
2023-09-28 03:45:00+00:00,2488.550048828125,2500.949951171875,2482.199951171875,2500.949951171875,0,HINDUNILVR
2023-09-28 04:45:00+00:00,2475.949951171875,2489.300048828125,2475.949951171875,2487.75,115305,HINDUNILVR
2023-09-28 05:45:00+00:00,2483.0,2485.800048828125,2475.0,2475.60009765625,166384,HINDUNILVR
2023-09-28 06:45:00+00:00,2461.14990234375,2483.35009765625,2460.10009765625,2483.10009765625,254647,HINDUNILVR
2023-09-28 07:45:00+00:00,2464.10009765625,2465.0,2459.0,2461.25,155452,HINDUNILVR
2023-09-28 08:45:00+00:00,2457.800048828125,2465.550048828125,2454.0,2464.0,537895,HINDUNILVR
2023-09-28 09:45:00+00:00,2460.35009765625,2464.550048828125,2457.75,2458.39990234375,187208,HINDUNILVR
2023-09-29 03:45:00+00:00,2461.0,2465.60009765625,2450.60009765625,2465.60009765625,0,HINDUNILVR
2023-09-29 04:45:00+00:00,2460.0,2462.85009765625,2458.449951171875,2461.0,157087,HINDUNILVR
2023-09-29 05:45:00+00:00,2462.949951171875,2465.75,2459.25,2460.050048828125,90560,HINDUNILVR
2023-09-29 06:45:00+00:00,2466.0,2469.35009765625,2462.10009765625,2462.949951171875,151880,HINDUNILVR
2023-09-29 07:45:00+00:00,2465.75,2467.89990234375,2465.0,2466.0,69556,HINDUNILVR
2023-09-29 08:45:00+00:00,2465.0,2469.64990234375,2463.64990234375,2465.85009765625,432461,HINDUNILVR
2023-09-29 09:45:00+00:00,2465.60009765625,2472.800048828125,2464.0,2465.050048828125,0,HINDUNILVR
2023-10-03 03:45:00+00:00,2491.0,2496.0,2466.14990234375,2472.550048828125,0,HINDUNILVR
2023-10-03 04:45:00+00:00,2496.0,2499.0,2490.050048828125,2491.050048828125,185679,HINDUNILVR
2023-10-03 05:45:00+00:00,2495.60009765625,2498.949951171875,2490.0,2496.0,335981,HINDUNILVR
2023-10-03 06:45:00+00:00,2493.35009765625,2498.25,2490.10009765625,2494.25,209308,HINDUNILVR
2023-10-03 07:45:00+00:00,2476.199951171875,2495.5,2475.60009765625,2493.449951171875,173288,HINDUNILVR
2023-10-03 08:45:00+00:00,2468.5,2478.25,2468.199951171875,2476.25,226174,HINDUNILVR
2023-10-03 09:45:00+00:00,2467.0,2470.550048828125,2462.0,2468.800048828125,124952,HINDUNILVR
2023-10-04 03:45:00+00:00,2480.050048828125,2497.5,2467.64990234375,2467.64990234375,0,HINDUNILVR
2023-10-04 04:45:00+00:00,2480.25,2484.300048828125,2475.25,2480.449951171875,112000,HINDUNILVR
2023-10-04 05:45:00+00:00,2489.10009765625,2491.949951171875,2475.0,2479.89990234375,187451,HINDUNILVR
2023-10-04 06:45:00+00:00,2492.800048828125,2497.89990234375,2488.0,2489.10009765625,224687,HINDUNILVR
2023-10-04 07:45:00+00:00,2498.0,2498.0,2491.699951171875,2492.5,189870,HINDUNILVR
2023-10-04 08:45:00+00:00,2508.449951171875,2511.050048828125,2497.35009765625,2497.949951171875,354783,HINDUNILVR
2023-10-04 09:45:00+00:00,2508.75,2509.0,2505.5,2508.39990234375,134220,HINDUNILVR
2023-10-05 03:45:00+00:00,2501.60009765625,2516.0,2499.85009765625,2515.10009765625,0,HINDUNILVR
2023-10-05 04:45:00+00:00,2500.449951171875,2504.5,2495.800048828125,2501.550048828125,115440,HINDUNILVR
2023-10-05 05:45:00+00:00,2512.60009765625,2514.35009765625,2498.050048828125,2500.449951171875,193759,HINDUNILVR
2023-10-05 06:45:00+00:00,2520.5,2521.5,2503.60009765625,2512.60009765625,348773,HINDUNILVR
2023-10-05 07:45:00+00:00,2519.300048828125,2522.0,2515.75,2520.050048828125,175899,HINDUNILVR
2023-10-05 08:45:00+00:00,2521.14990234375,2523.5,2514.0,2519.25,614266,HINDUNILVR
2023-10-05 09:45:00+00:00,2519.550048828125,2524.5,2512.0,2521.60009765625,216858,HINDUNILVR
2023-10-06 03:45:00+00:00,2500.5,2512.60009765625,2499.0,2512.60009765625,0,HINDUNILVR
2023-10-06 04:45:00+00:00,2506.0,2509.64990234375,2498.0,2500.550048828125,115656,HINDUNILVR
2023-10-06 05:45:00+00:00,2505.60009765625,2506.300048828125,2504.25,2505.699951171875,59366,HINDUNILVR
2023-10-06 06:45:00+00:00,2508.14990234375,2510.949951171875,2501.050048828125,2505.60009765625,241522,HINDUNILVR
2023-10-06 07:45:00+00:00,2507.949951171875,2509.60009765625,2505.050048828125,2508.14990234375,145894,HINDUNILVR
2023-10-06 08:45:00+00:00,2499.39990234375,2509.0,2499.0,2507.949951171875,274502,HINDUNILVR
2023-10-06 09:45:00+00:00,2499.60009765625,2500.5,2494.800048828125,2499.300048828125,110774,HINDUNILVR
2023-10-09 03:45:00+00:00,2506.550048828125,2513.35009765625,2481.0,2488.800048828125,0,HINDUNILVR
2023-10-09 04:45:00+00:00,2508.64990234375,2513.800048828125,2504.89990234375,2506.800048828125,274063,HINDUNILVR
2023-10-09 05:45:00+00:00,2509.949951171875,2511.85009765625,2507.39990234375,2508.64990234375,194639,HINDUNILVR
2023-10-09 06:45:00+00:00,2500.14990234375,2516.0,2500.0,2509.949951171875,228524,HINDUNILVR
2023-10-09 07:45:00+00:00,2513.75,2516.0,2500.0,2500.25,228197,HINDUNILVR
2023-10-09 08:45:00+00:00,2510.5,2514.800048828125,2508.39990234375,2513.800048828125,225436,HINDUNILVR
2023-10-09 09:45:00+00:00,2508.0,2512.0,2507.75,2510.550048828125,70168,HINDUNILVR
2023-10-10 03:45:00+00:00,2517.0,2519.199951171875,2503.35009765625,2513.14990234375,0,HINDUNILVR
2023-10-10 04:45:00+00:00,2514.75,2518.699951171875,2512.550048828125,2517.5,107995,HINDUNILVR
2023-10-10 05:45:00+00:00,2518.10009765625,2519.949951171875,2513.699951171875,2514.550048828125,120308,HINDUNILVR
2023-10-10 06:45:00+00:00,2516.10009765625,2519.89990234375,2513.10009765625,2518.10009765625,113074,HINDUNILVR
2023-10-10 07:45:00+00:00,2518.0,2519.85009765625,2514.449951171875,2516.300048828125,140322,HINDUNILVR
2023-10-10 08:45:00+00:00,2516.0,2519.0,2513.050048828125,2518.0,201780,HINDUNILVR
2023-10-10 09:45:00+00:00,2516.199951171875,2517.85009765625,2514.800048828125,2515.699951171875,64424,HINDUNILVR
2023-10-11 03:45:00+00:00,2551.14990234375,2556.0,2518.35009765625,2518.35009765625,0,HINDUNILVR
2023-10-11 04:45:00+00:00,2556.5,2558.550048828125,2549.449951171875,2551.25,224293,HINDUNILVR
2023-10-11 05:45:00+00:00,2557.0,2562.0,2548.800048828125,2556.699951171875,185774,HINDUNILVR
2023-10-11 06:45:00+00:00,2558.300048828125,2560.0,2555.89990234375,2557.89990234375,113715,HINDUNILVR
2023-10-11 07:45:00+00:00,2562.800048828125,2563.949951171875,2553.35009765625,2558.550048828125,166394,HINDUNILVR
2023-10-11 08:45:00+00:00,2556.64990234375,2563.25,2555.0,2563.0,226369,HINDUNILVR
2023-10-11 09:45:00+00:00,2557.39990234375,2558.050048828125,2552.35009765625,2556.64990234375,162972,HINDUNILVR
2023-10-12 03:45:00+00:00,2547.14990234375,2565.300048828125,2542.10009765625,2554.60009765625,357814,HINDUNILVR
2023-10-12 04:45:00+00:00,2547.75,2548.64990234375,2539.199951171875,2547.10009765625,145213,HINDUNILVR
2023-10-12 05:45:00+00:00,2555.699951171875,2557.0,2546.10009765625,2548.0,145285,HINDUNILVR
2023-10-12 06:45:00+00:00,2562.0,2562.0,2553.550048828125,2555.5,116688,HINDUNILVR
2023-10-12 07:45:00+00:00,2562.25,2562.25,2548.550048828125,2562.0,367782,HINDUNILVR
2023-10-12 08:45:00+00:00,2557.25,2565.5,2549.64990234375,2562.300048828125,348167,HINDUNILVR
2023-10-12 09:45:00+00:00,2560.10009765625,2562.800048828125,2554.300048828125,2557.25,143808,HINDUNILVR
2023-10-13 03:45:00+00:00,2551.85009765625,2561.89990234375,2547.949951171875,2553.0,0,HINDUNILVR
2023-10-13 04:45:00+00:00,2548.300048828125,2552.25,2542.75,2550.85009765625,196739,HINDUNILVR
2023-10-13 05:45:00+00:00,2560.0,2562.949951171875,2547.300048828125,2548.25,117057,HINDUNILVR
2023-10-13 06:45:00+00:00,2568.89990234375,2569.0,2558.0,2560.0,146576,HINDUNILVR
2023-10-13 07:45:00+00:00,2571.949951171875,2573.89990234375,2566.0,2568.89990234375,231062,HINDUNILVR
2023-10-13 08:45:00+00:00,2572.14990234375,2576.699951171875,2570.35009765625,2571.5,467485,HINDUNILVR
2023-10-13 09:45:00+00:00,2569.449951171875,2572.800048828125,2558.75,2572.14990234375,215063,HINDUNILVR
2023-10-16 03:45:00+00:00,2568.699951171875,2568.85009765625,2557.10009765625,2565.75,0,HINDUNILVR
2023-10-16 04:45:00+00:00,2563.050048828125,2574.949951171875,2560.050048828125,2568.699951171875,83659,HINDUNILVR
2023-10-16 05:45:00+00:00,2579.0,2582.0,2563.0,2563.64990234375,358573,HINDUNILVR
2023-10-16 06:45:00+00:00,2562.75,2579.5,2560.35009765625,2579.0,137696,HINDUNILVR
2023-10-16 07:45:00+00:00,2564.199951171875,2565.699951171875,2560.0,2562.050048828125,78799,HINDUNILVR
2023-10-16 08:45:00+00:00,2559.64990234375,2565.35009765625,2557.0,2564.300048828125,138355,HINDUNILVR
2023-10-16 09:45:00+00:00,2554.0,2559.949951171875,2554.0,2559.60009765625,67158,HINDUNILVR
2023-10-17 03:45:00+00:00,2562.050048828125,2566.10009765625,2546.75,2558.300048828125,0,HINDUNILVR
2023-10-17 04:45:00+00:00,2564.0,2569.550048828125,2560.0,2562.199951171875,63273,HINDUNILVR
2023-10-17 05:45:00+00:00,2557.10009765625,2566.0,2555.0,2564.5,135199,HINDUNILVR
2023-10-17 06:45:00+00:00,2564.949951171875,2565.85009765625,2557.14990234375,2557.39990234375,275441,HINDUNILVR
2023-10-17 07:45:00+00:00,2564.199951171875,2568.5,2561.449951171875,2564.949951171875,117893,HINDUNILVR
2023-10-17 08:45:00+00:00,2558.050048828125,2565.75,2548.800048828125,2564.550048828125,363591,HINDUNILVR
2023-10-17 09:45:00+00:00,2556.14990234375,2558.0,2552.25,2557.699951171875,148600,HINDUNILVR
2023-10-18 03:45:00+00:00,2551.89990234375,2561.0,2545.550048828125,2561.0,0,HINDUNILVR
2023-10-18 04:45:00+00:00,2543.5,2553.0,2542.0,2551.949951171875,54627,HINDUNILVR
2023-10-18 05:45:00+00:00,2548.14990234375,2550.0,2539.60009765625,2543.949951171875,116932,HINDUNILVR
2023-10-18 06:45:00+00:00,2549.10009765625,2549.550048828125,2543.949951171875,2548.14990234375,60906,HINDUNILVR
2023-10-18 07:45:00+00:00,2552.35009765625,2558.0,2546.0,2548.89990234375,185921,HINDUNILVR
2023-10-18 08:45:00+00:00,2546.300048828125,2556.199951171875,2543.800048828125,2552.35009765625,333290,HINDUNILVR
2023-10-18 09:45:00+00:00,2548.25,2551.0,2540.14990234375,2546.300048828125,222887,HINDUNILVR
2023-10-19 03:45:00+00:00,2545.5,2545.5,2527.699951171875,2536.0,0,HINDUNILVR
2023-10-19 04:45:00+00:00,2547.5,2550.949951171875,2538.0,2545.5,137157,HINDUNILVR
2023-10-19 05:45:00+00:00,2549.14990234375,2553.89990234375,2544.0,2547.10009765625,117550,HINDUNILVR
2023-10-19 06:45:00+00:00,2549.64990234375,2552.64990234375,2544.449951171875,2549.14990234375,145627,HINDUNILVR
2023-10-19 07:45:00+00:00,2548.10009765625,2553.550048828125,2548.0,2549.64990234375,193325,HINDUNILVR
2023-10-19 08:45:00+00:00,2548.449951171875,2552.5,2543.050048828125,2548.0,280973,HINDUNILVR
2023-10-19 09:45:00+00:00,2548.10009765625,2551.89990234375,2546.300048828125,2548.35009765625,128899,HINDUNILVR
2023-10-20 03:45:00+00:00,2497.949951171875,2527.60009765625,2496.199951171875,2527.60009765625,0,HINDUNILVR
2023-10-20 04:45:00+00:00,2502.0,2505.75,2490.25,2498.10009765625,475886,HINDUNILVR
2023-10-20 05:45:00+00:00,2497.550048828125,2502.449951171875,2495.10009765625,2502.0,254145,HINDUNILVR
2023-10-20 06:45:00+00:00,2486.050048828125,2500.0,2485.050048828125,2497.5,516644,HINDUNILVR
2023-10-20 07:45:00+00:00,2495.050048828125,2498.39990234375,2485.5,2486.0,384597,HINDUNILVR
2023-10-20 08:45:00+00:00,2495.10009765625,2496.89990234375,2491.0,2495.10009765625,472912,HINDUNILVR
2023-10-20 09:45:00+00:00,2495.14990234375,2501.0,2492.949951171875,2495.0,397984,HINDUNILVR
2023-10-23 03:45:00+00:00,2495.699951171875,2507.699951171875,2489.050048828125,2493.5,0,HINDUNILVR
2023-10-23 04:45:00+00:00,2507.35009765625,2507.35009765625,2487.5,2496.39990234375,119162,HINDUNILVR
2023-10-23 05:45:00+00:00,2498.89990234375,2509.949951171875,2497.10009765625,2507.35009765625,101367,HINDUNILVR
2023-10-23 06:45:00+00:00,2494.0,2500.0,2490.550048828125,2499.5,119038,HINDUNILVR
2023-10-23 07:45:00+00:00,2491.949951171875,2496.5,2490.85009765625,2494.0,90222,HINDUNILVR
2023-10-23 08:45:00+00:00,2482.89990234375,2492.949951171875,2480.5,2491.75,232505,HINDUNILVR
2023-10-23 09:45:00+00:00,2485.5,2486.699951171875,2481.25,2482.10009765625,132174,HINDUNILVR
2023-10-25 03:45:00+00:00,2480.85009765625,2489.449951171875,2472.550048828125,2482.39990234375,0,HINDUNILVR
2023-10-25 04:45:00+00:00,2478.60009765625,2484.0,2474.35009765625,2481.5,93736,HINDUNILVR
2023-10-25 05:45:00+00:00,2480.14990234375,2483.800048828125,2478.199951171875,2479.0,101276,HINDUNILVR
2023-10-25 06:45:00+00:00,2467.0,2481.699951171875,2467.0,2480.14990234375,185180,HINDUNILVR
2023-10-25 07:45:00+00:00,2475.0,2482.64990234375,2465.10009765625,2467.0,168498,HINDUNILVR
2023-10-25 08:45:00+00:00,2475.949951171875,2482.300048828125,2474.699951171875,2475.0,379169,HINDUNILVR
2023-10-25 09:45:00+00:00,2481.800048828125,2482.0,2471.14990234375,2475.949951171875,282395,HINDUNILVR
2023-10-26 03:45:00+00:00,2464.14990234375,2474.75,2460.39990234375,2462.0,0,HINDUNILVR
2023-10-26 04:45:00+00:00,2465.0,2466.60009765625,2458.0,2463.85009765625,288645,HINDUNILVR
2023-10-26 05:45:00+00:00,2469.449951171875,2469.550048828125,2460.60009765625,2465.14990234375,343787,HINDUNILVR
2023-10-26 06:45:00+00:00,2483.39990234375,2484.800048828125,2469.050048828125,2469.449951171875,276302,HINDUNILVR
2023-10-26 07:45:00+00:00,2479.39990234375,2485.699951171875,2475.0,2482.89990234375,434255,HINDUNILVR
2023-10-26 08:45:00+00:00,2480.25,2490.0,2473.39990234375,2479.449951171875,573535,HINDUNILVR
2023-10-26 09:45:00+00:00,2476.39990234375,2480.35009765625,2465.0,2480.35009765625,304419,HINDUNILVR
2023-10-27 03:45:00+00:00,2470.0,2479.550048828125,2463.89990234375,2474.699951171875,0,HINDUNILVR
2023-10-27 04:45:00+00:00,2470.10009765625,2471.35009765625,2467.0,2470.0,214020,HINDUNILVR
2023-10-27 05:45:00+00:00,2482.75,2482.75,2469.550048828125,2470.10009765625,335801,HINDUNILVR
2023-10-27 06:45:00+00:00,2483.699951171875,2487.0,2478.64990234375,2482.75,207592,HINDUNILVR
2023-10-27 07:45:00+00:00,2491.5,2495.0,2483.5,2483.5,190724,HINDUNILVR
2023-10-27 08:45:00+00:00,2482.60009765625,2492.0,2481.75,2491.449951171875,318323,HINDUNILVR
2023-10-27 09:45:00+00:00,2482.050048828125,2482.64990234375,2477.64990234375,2482.60009765625,136615,HINDUNILVR
2023-10-30 03:45:00+00:00,2481.35009765625,2481.75,2463.0,2475.14990234375,0,HINDUNILVR
2023-10-30 04:45:00+00:00,2488.25,2488.800048828125,2480.0,2480.64990234375,68762,HINDUNILVR
2023-10-30 05:45:00+00:00,2485.35009765625,2492.0,2485.25,2487.550048828125,79359,HINDUNILVR
2023-10-30 06:45:00+00:00,2475.89990234375,2487.35009765625,2472.25,2485.64990234375,106976,HINDUNILVR
2023-10-30 07:45:00+00:00,2473.25,2478.89990234375,2470.5,2475.89990234375,91868,HINDUNILVR
2023-10-30 08:45:00+00:00,2478.550048828125,2480.449951171875,2472.35009765625,2472.699951171875,177471,HINDUNILVR
2023-10-30 09:45:00+00:00,2478.39990234375,2480.0,2476.949951171875,2478.550048828125,117036,HINDUNILVR
2023-10-31 03:45:00+00:00,2473.050048828125,2489.75,2472.0,2472.0,0,HINDUNILVR
2023-10-31 04:45:00+00:00,2480.5,2481.14990234375,2468.10009765625,2473.949951171875,88980,HINDUNILVR
2023-10-31 05:45:00+00:00,2483.14990234375,2484.800048828125,2475.75,2480.0,116336,HINDUNILVR
2023-10-31 06:45:00+00:00,2484.60009765625,2487.949951171875,2482.5,2482.699951171875,65456,HINDUNILVR
2023-10-31 07:45:00+00:00,2485.14990234375,2488.85009765625,2480.0,2484.60009765625,82282,HINDUNILVR
2023-10-31 08:45:00+00:00,2485.0,2492.0,2481.85009765625,2485.14990234375,276072,HINDUNILVR
2023-10-31 09:45:00+00:00,2484.5,2485.0,2482.300048828125,2485.0,156835,HINDUNILVR
2023-11-01 03:45:00+00:00,2477.35009765625,2493.949951171875,2476.10009765625,2487.0,0,HINDUNILVR
2023-11-01 04:45:00+00:00,2473.0,2480.0,2472.60009765625,2477.10009765625,121064,HINDUNILVR
2023-11-01 05:45:00+00:00,2472.0,2475.39990234375,2469.14990234375,2473.0,131170,HINDUNILVR
2023-11-01 06:45:00+00:00,2472.449951171875,2475.699951171875,2469.85009765625,2471.39990234375,188806,HINDUNILVR
2023-11-01 07:45:00+00:00,2474.5,2478.0,2466.89990234375,2472.0,225950,HINDUNILVR
2023-11-01 08:45:00+00:00,2472.0,2478.050048828125,2470.550048828125,2474.5,309804,HINDUNILVR
2023-11-01 09:45:00+00:00,2474.0,2474.25,2469.449951171875,2471.5,145804,HINDUNILVR
2023-11-02 03:45:00+00:00,2470.0,2478.949951171875,2470.0,2474.949951171875,0,HINDUNILVR
2023-11-02 04:45:00+00:00,2468.64990234375,2470.449951171875,2463.300048828125,2470.199951171875,132711,HINDUNILVR
2023-11-02 05:45:00+00:00,2470.85009765625,2475.699951171875,2466.050048828125,2468.75,247045,HINDUNILVR
2023-11-02 06:45:00+00:00,2476.14990234375,2477.800048828125,2466.14990234375,2471.25,123938,HINDUNILVR
2023-11-02 07:45:00+00:00,2480.10009765625,2481.85009765625,2476.0,2476.949951171875,191299,HINDUNILVR
2023-11-02 08:45:00+00:00,2488.25,2488.85009765625,2479.449951171875,2480.10009765625,421730,HINDUNILVR
2023-11-02 09:45:00+00:00,2486.800048828125,2496.0,2484.14990234375,2488.25,163853,HINDUNILVR
2023-11-03 03:45:00+00:00,2494.85009765625,2498.300048828125,2486.0,2492.050048828125,0,HINDUNILVR
2023-11-03 04:45:00+00:00,2506.25,2506.60009765625,2490.0,2494.39990234375,221663,HINDUNILVR
2023-11-03 05:45:00+00:00,2507.0,2507.800048828125,2498.39990234375,2506.0,205720,HINDUNILVR
2023-11-03 06:45:00+00:00,2507.050048828125,2511.35009765625,2504.60009765625,2507.0,103820,HINDUNILVR
2023-11-03 07:45:00+00:00,2509.550048828125,2510.0,2507.0,2507.050048828125,109681,HINDUNILVR
2023-11-03 08:45:00+00:00,2508.64990234375,2512.449951171875,2502.0,2509.60009765625,263879,HINDUNILVR
2023-11-03 09:45:00+00:00,2509.25,2510.0,2504.5,2508.699951171875,87232,HINDUNILVR
2023-11-06 03:45:00+00:00,2510.5,2517.449951171875,2503.699951171875,2512.60009765625,0,HINDUNILVR
2023-11-06 04:45:00+00:00,2505.0,2512.449951171875,2502.85009765625,2510.0,173406,HINDUNILVR
2023-11-06 05:45:00+00:00,2505.449951171875,2507.35009765625,2503.60009765625,2505.75,153241,HINDUNILVR
2023-11-06 06:45:00+00:00,2501.800048828125,2508.5,2500.64990234375,2505.550048828125,105281,HINDUNILVR
2023-11-06 07:45:00+00:00,2496.14990234375,2501.699951171875,2491.10009765625,2501.10009765625,194673,HINDUNILVR
2023-11-06 08:45:00+00:00,2496.10009765625,2501.0,2493.050048828125,2496.14990234375,353114,HINDUNILVR
2023-11-06 09:45:00+00:00,2496.14990234375,2502.300048828125,2493.89990234375,2496.050048828125,256326,HINDUNILVR
2023-11-07 03:45:00+00:00,2491.14990234375,2504.75,2486.949951171875,2495.39990234375,0,HINDUNILVR
2023-11-07 04:45:00+00:00,2493.75,2496.60009765625,2488.5,2491.14990234375,248369,HINDUNILVR
2023-11-07 05:45:00+00:00,2494.0,2494.60009765625,2485.35009765625,2493.699951171875,181719,HINDUNILVR
2023-11-07 06:45:00+00:00,2497.0,2499.550048828125,2491.949951171875,2494.0,243705,HINDUNILVR
2023-11-07 07:45:00+00:00,2493.0,2497.050048828125,2489.0,2497.0,183299,HINDUNILVR
2023-11-07 08:45:00+00:00,2494.89990234375,2495.0,2487.300048828125,2493.0,326513,HINDUNILVR
2023-11-07 09:45:00+00:00,2499.0,2504.64990234375,2494.85009765625,2494.949951171875,127938,HINDUNILVR
2023-11-08 03:45:00+00:00,2503.35009765625,2505.35009765625,2498.0,2502.0,0,HINDUNILVR
2023-11-08 04:45:00+00:00,2499.199951171875,2505.300048828125,2498.5,2503.25,60242,HINDUNILVR
2023-11-08 05:45:00+00:00,2510.14990234375,2510.949951171875,2498.64990234375,2499.25,100636,HINDUNILVR
2023-11-08 06:45:00+00:00,2510.39990234375,2513.199951171875,2505.199951171875,2510.0,110167,HINDUNILVR
2023-11-08 07:45:00+00:00,2515.0,2515.35009765625,2505.85009765625,2510.39990234375,109232,HINDUNILVR
2023-11-08 08:45:00+00:00,2517.199951171875,2517.199951171875,2511.0,2515.0,187258,HINDUNILVR
2023-11-08 09:45:00+00:00,2516.050048828125,2525.0,2516.050048828125,2517.550048828125,79473,HINDUNILVR
2023-11-09 03:45:00+00:00,2505.5,2521.949951171875,2502.5,2521.949951171875,0,HINDUNILVR
2023-11-09 04:45:00+00:00,2490.39990234375,2505.550048828125,2490.10009765625,2505.550048828125,198651,HINDUNILVR
2023-11-09 05:45:00+00:00,2491.0,2494.25,2487.60009765625,2490.550048828125,244240,HINDUNILVR
2023-11-09 06:45:00+00:00,2483.800048828125,2491.449951171875,2482.050048828125,2491.0,338704,HINDUNILVR
2023-11-09 07:45:00+00:00,2476.89990234375,2484.0,2475.0,2484.0,271133,HINDUNILVR
2023-11-09 08:45:00+00:00,2476.949951171875,2479.0,2473.199951171875,2476.550048828125,396100,HINDUNILVR
2023-11-09 09:45:00+00:00,2476.699951171875,2482.0,2474.800048828125,2476.89990234375,276223,HINDUNILVR
2023-11-10 03:45:00+00:00,2470.0,2478.10009765625,2466.5,2478.10009765625,0,HINDUNILVR
2023-11-10 04:45:00+00:00,2476.199951171875,2477.5,2469.0,2470.050048828125,88573,HINDUNILVR
2023-11-10 05:45:00+00:00,2481.89990234375,2483.449951171875,2476.14990234375,2476.199951171875,117458,HINDUNILVR
2023-11-10 06:45:00+00:00,2481.800048828125,2485.0,2481.0,2481.949951171875,150309,HINDUNILVR
2023-11-10 07:45:00+00:00,2482.14990234375,2483.300048828125,2480.10009765625,2482.10009765625,138404,HINDUNILVR
2023-11-10 08:45:00+00:00,2486.949951171875,2488.60009765625,2475.0,2482.199951171875,111599,HINDUNILVR
2023-11-10 09:45:00+00:00,2486.550048828125,2488.0,2484.89990234375,2486.949951171875,53516,HINDUNILVR
2023-11-13 03:45:00+00:00,2476.60009765625,2480.39990234375,2471.0,2477.699951171875,0,HINDUNILVR
2023-11-13 04:45:00+00:00,2482.050048828125,2483.0,2474.75,2476.60009765625,86770,HINDUNILVR
2023-11-13 05:45:00+00:00,2479.199951171875,2484.550048828125,2479.0,2482.050048828125,34767,HINDUNILVR
2023-11-13 06:45:00+00:00,2479.89990234375,2483.0,2477.0,2479.60009765625,138979,HINDUNILVR
2023-11-13 07:45:00+00:00,2483.199951171875,2487.199951171875,2478.199951171875,2479.89990234375,109140,HINDUNILVR
2023-11-13 08:45:00+00:00,2476.89990234375,2486.699951171875,2476.85009765625,2483.050048828125,183795,HINDUNILVR
2023-11-13 09:45:00+00:00,2478.14990234375,2480.0,2474.300048828125,2476.89990234375,125197,HINDUNILVR
2023-11-15 03:45:00+00:00,2481.0,2495.5,2477.0,2495.5,0,HINDUNILVR
2023-11-15 04:45:00+00:00,2479.0,2483.39990234375,2476.0,2480.699951171875,139434,HINDUNILVR
2023-11-15 05:45:00+00:00,2482.60009765625,2485.300048828125,2479.0,2479.050048828125,125391,HINDUNILVR
2023-11-15 06:45:00+00:00,2484.64990234375,2486.0,2481.25,2482.39990234375,119489,HINDUNILVR
2023-11-15 07:45:00+00:00,2486.699951171875,2487.60009765625,2481.800048828125,2484.699951171875,169857,HINDUNILVR
2023-11-15 08:45:00+00:00,2485.35009765625,2487.300048828125,2477.050048828125,2486.699951171875,411528,HINDUNILVR
2023-11-15 09:45:00+00:00,2486.39990234375,2492.89990234375,2485.300048828125,2485.300048828125,167066,HINDUNILVR
2023-11-16 03:45:00+00:00,2494.300048828125,2495.89990234375,2475.75,2483.949951171875,0,HINDUNILVR
2023-11-16 04:45:00+00:00,2503.85009765625,2504.39990234375,2493.89990234375,2495.10009765625,172866,HINDUNILVR
2023-11-16 05:45:00+00:00,2496.75,2505.800048828125,2496.550048828125,2503.85009765625,151622,HINDUNILVR
2023-11-16 06:45:00+00:00,2486.0,2497.0,2485.14990234375,2496.75,163710,HINDUNILVR
2023-11-16 07:45:00+00:00,2492.0,2493.39990234375,2485.25,2485.550048828125,143314,HINDUNILVR
2023-11-16 08:45:00+00:00,2485.300048828125,2498.64990234375,2483.14990234375,2492.0,344873,HINDUNILVR
2023-11-16 09:45:00+00:00,2491.199951171875,2495.949951171875,2484.050048828125,2484.050048828125,161613,HINDUNILVR
2023-11-17 03:45:00+00:00,2519.14990234375,2522.64990234375,2479.300048828125,2479.300048828125,0,HINDUNILVR
2023-11-17 04:45:00+00:00,2516.0,2528.89990234375,2510.0,2518.60009765625,330819,HINDUNILVR
2023-11-17 05:45:00+00:00,2523.35009765625,2524.0,2515.300048828125,2516.0,121430,HINDUNILVR
2023-11-17 06:45:00+00:00,2525.39990234375,2528.5,2521.5,2523.35009765625,133573,HINDUNILVR
2023-11-17 07:45:00+00:00,2525.5,2528.5,2522.300048828125,2525.050048828125,137079,HINDUNILVR
2023-11-17 08:45:00+00:00,2532.25,2532.25,2524.89990234375,2525.699951171875,304816,HINDUNILVR
2023-11-17 09:45:00+00:00,2525.199951171875,2533.5,2524.0,2532.25,216652,HINDUNILVR
2023-11-20 03:45:00+00:00,2515.10009765625,2534.39990234375,2513.14990234375,2534.39990234375,0,HINDUNILVR
2023-11-20 04:45:00+00:00,2505.5,2518.050048828125,2505.5,2515.050048828125,52297,HINDUNILVR
2023-11-20 05:45:00+00:00,2502.89990234375,2506.5,2500.0,2505.550048828125,105102,HINDUNILVR
2023-11-20 06:45:00+00:00,2507.5,2508.0,2500.35009765625,2503.5,139434,HINDUNILVR
2023-11-20 07:45:00+00:00,2505.800048828125,2508.35009765625,2505.10009765625,2506.75,56826,HINDUNILVR
2023-11-20 08:45:00+00:00,2505.949951171875,2510.89990234375,2504.0,2505.89990234375,143392,HINDUNILVR
2023-11-20 09:45:00+00:00,2506.449951171875,2510.0,2505.10009765625,2505.949951171875,87775,HINDUNILVR
2023-11-21 03:45:00+00:00,2504.449951171875,2507.050048828125,2498.25,2504.75,0,HINDUNILVR
2023-11-21 04:45:00+00:00,2504.0,2506.449951171875,2501.949951171875,2504.449951171875,124205,HINDUNILVR
2023-11-21 05:45:00+00:00,2511.89990234375,2511.89990234375,2502.300048828125,2504.25,140333,HINDUNILVR
2023-11-21 06:45:00+00:00,2508.35009765625,2517.0,2506.89990234375,2511.89990234375,141807,HINDUNILVR
2023-11-21 07:45:00+00:00,2511.699951171875,2514.550048828125,2507.300048828125,2508.35009765625,102403,HINDUNILVR
2023-11-21 08:45:00+00:00,2505.050048828125,2512.0,2502.10009765625,2511.550048828125,238997,HINDUNILVR
2023-11-21 09:45:00+00:00,2505.89990234375,2507.0,2505.0,2505.050048828125,151284,HINDUNILVR
2023-11-22 03:45:00+00:00,2514.14990234375,2516.300048828125,2505.89990234375,2509.300048828125,0,HINDUNILVR
2023-11-22 04:45:00+00:00,2515.39990234375,2519.64990234375,2510.64990234375,2514.14990234375,57783,HINDUNILVR
2023-11-22 05:45:00+00:00,2513.199951171875,2517.89990234375,2513.0,2515.39990234375,62745,HINDUNILVR
2023-11-22 06:45:00+00:00,2509.25,2514.0,2504.0,2514.0,69619,HINDUNILVR
2023-11-22 07:45:00+00:00,2511.35009765625,2515.89990234375,2508.60009765625,2510.0,107497,HINDUNILVR
2023-11-22 08:45:00+00:00,2522.64990234375,2524.25,2510.64990234375,2511.35009765625,145646,HINDUNILVR
2023-11-22 09:45:00+00:00,2519.699951171875,2523.35009765625,2518.949951171875,2522.550048828125,72232,HINDUNILVR
2023-11-23 03:45:00+00:00,2511.550048828125,2520.949951171875,2508.89990234375,2508.89990234375,0,HINDUNILVR
2023-11-23 04:45:00+00:00,2517.5,2517.699951171875,2509.199951171875,2511.550048828125,171698,HINDUNILVR
2023-11-23 05:45:00+00:00,2518.39990234375,2519.800048828125,2514.050048828125,2517.0,151946,HINDUNILVR
2023-11-23 06:45:00+00:00,2522.300048828125,2524.300048828125,2516.89990234375,2518.0,116180,HINDUNILVR
2023-11-23 07:45:00+00:00,2526.050048828125,2527.75,2518.800048828125,2522.60009765625,93263,HINDUNILVR
2023-11-23 08:45:00+00:00,2519.5,2526.35009765625,2516.050048828125,2526.35009765625,211122,HINDUNILVR
2023-11-23 09:45:00+00:00,2519.89990234375,2522.60009765625,2518.050048828125,2519.25,43539,HINDUNILVR
2023-11-24 03:45:00+00:00,2510.199951171875,2518.449951171875,2507.699951171875,2516.949951171875,0,HINDUNILVR
2023-11-24 04:45:00+00:00,2512.75,2516.75,2510.14990234375,2510.199951171875,64094,HINDUNILVR
2023-11-24 05:45:00+00:00,2511.25,2516.60009765625,2510.0,2512.75,79699,HINDUNILVR
2023-11-24 06:45:00+00:00,2517.449951171875,2517.89990234375,2511.050048828125,2511.5,91733,HINDUNILVR
2023-11-24 07:45:00+00:00,2518.0,2519.75,2515.0,2517.89990234375,84845,HINDUNILVR
2023-11-24 08:45:00+00:00,2514.300048828125,2519.449951171875,2510.0,2518.050048828125,169058,HINDUNILVR
2023-11-24 09:45:00+00:00,2515.449951171875,2517.449951171875,2513.949951171875,2514.14990234375,76458,HINDUNILVR
2023-11-28 03:45:00+00:00,2519.39990234375,2522.550048828125,2512.800048828125,2521.25,0,HINDUNILVR
2023-11-28 04:45:00+00:00,2518.10009765625,2521.0,2517.0,2520.0,145019,HINDUNILVR
2023-11-28 05:45:00+00:00,2520.25,2522.10009765625,2517.550048828125,2518.10009765625,133210,HINDUNILVR
2023-11-28 06:45:00+00:00,2519.85009765625,2522.85009765625,2518.10009765625,2520.25,192106,HINDUNILVR
2023-11-28 07:45:00+00:00,2516.85009765625,2520.5,2515.35009765625,2519.800048828125,331501,HINDUNILVR
2023-11-28 08:45:00+00:00,2511.89990234375,2519.949951171875,2509.60009765625,2516.85009765625,386944,HINDUNILVR
2023-11-28 09:45:00+00:00,2503.550048828125,2511.949951171875,2500.39990234375,2511.949951171875,176404,HINDUNILVR
2023-11-29 03:45:00+00:00,2516.85009765625,2519.300048828125,2511.14990234375,2512.75,202968,HINDUNILVR
2023-11-29 04:45:00+00:00,2515.300048828125,2517.949951171875,2514.25,2517.0,157325,HINDUNILVR
2023-11-29 05:45:00+00:00,2518.75,2519.5,2514.949951171875,2515.64990234375,170816,HINDUNILVR
2023-11-29 06:45:00+00:00,2519.10009765625,2520.300048828125,2518.0,2518.800048828125,147271,HINDUNILVR
2023-11-29 07:45:00+00:00,2525.0,2526.64990234375,2516.0,2519.050048828125,226625,HINDUNILVR
2023-11-29 08:45:00+00:00,2524.949951171875,2528.39990234375,2523.5,2525.0,250555,HINDUNILVR
2023-11-29 09:45:00+00:00,2525.10009765625,2525.64990234375,2524.89990234375,2525.39990234375,109554,HINDUNILVR
2023-11-30 03:45:00+00:00,2528.89990234375,2549.0,2524.25,2524.25,0,HINDUNILVR
2023-11-30 04:45:00+00:00,2534.050048828125,2538.949951171875,2525.699951171875,2529.10009765625,177455,HINDUNILVR
2023-11-30 05:45:00+00:00,2534.949951171875,2538.949951171875,2533.39990234375,2534.0,167559,HINDUNILVR
2023-11-30 06:45:00+00:00,2541.800048828125,2542.0,2534.0,2534.949951171875,186300,HINDUNILVR
2023-11-30 07:45:00+00:00,2533.64990234375,2545.75,2533.64990234375,2541.800048828125,310637,HINDUNILVR
2023-11-30 08:45:00+00:00,2545.949951171875,2547.0,2532.0,2533.800048828125,1031104,HINDUNILVR
2023-11-30 09:45:00+00:00,2541.14990234375,2554.050048828125,2536.60009765625,2545.949951171875,720807,HINDUNILVR
2023-12-01 03:45:00+00:00,2552.35009765625,2558.800048828125,2542.0,2550.5,0,HINDUNILVR
2023-12-01 04:45:00+00:00,2563.550048828125,2567.800048828125,2551.35009765625,2553.199951171875,144570,HINDUNILVR
2023-12-01 05:45:00+00:00,2573.14990234375,2574.0,2560.800048828125,2561.800048828125,141695,HINDUNILVR
2023-12-01 06:45:00+00:00,2578.949951171875,2579.0,2572.64990234375,2572.800048828125,151497,HINDUNILVR
2023-12-01 07:45:00+00:00,2578.300048828125,2581.949951171875,2572.75,2578.949951171875,93150,HINDUNILVR
2023-12-01 08:45:00+00:00,2564.39990234375,2578.699951171875,2562.199951171875,2578.35009765625,508068,HINDUNILVR
2023-12-01 09:45:00+00:00,2563.64990234375,2565.10009765625,2556.39990234375,2564.39990234375,119719,HINDUNILVR
2023-12-04 03:45:00+00:00,2584.050048828125,2606.0,2579.75,2587.0,0,HINDUNILVR
2023-12-04 04:45:00+00:00,2591.64990234375,2592.300048828125,2582.0,2583.699951171875,276011,HINDUNILVR
2023-12-04 05:45:00+00:00,2599.0,2608.25,2590.10009765625,2591.85009765625,281059,HINDUNILVR
2023-12-04 06:45:00+00:00,2596.39990234375,2602.0,2587.699951171875,2598.800048828125,213033,HINDUNILVR
2023-12-04 07:45:00+00:00,2600.800048828125,2602.800048828125,2594.10009765625,2596.39990234375,287378,HINDUNILVR
2023-12-04 08:45:00+00:00,2603.10009765625,2604.89990234375,2599.300048828125,2601.39990234375,425663,HINDUNILVR
2023-12-04 09:45:00+00:00,2601.0,2603.89990234375,2600.800048828125,2603.10009765625,152357,HINDUNILVR
2023-12-05 03:45:00+00:00,2597.0,2625.0,2595.0,2624.199951171875,0,HINDUNILVR
2023-12-05 04:45:00+00:00,2575.35009765625,2598.25,2575.0,2597.300048828125,533176,HINDUNILVR
2023-12-05 05:45:00+00:00,2579.89990234375,2581.199951171875,2575.449951171875,2577.5,264884,HINDUNILVR
2023-12-05 06:45:00+00:00,2577.949951171875,2580.5,2570.699951171875,2579.949951171875,695653,HINDUNILVR
2023-12-05 07:45:00+00:00,2562.300048828125,2578.300048828125,2561.39990234375,2577.949951171875,365728,HINDUNILVR
2023-12-05 08:45:00+00:00,2564.0,2565.39990234375,2557.550048828125,2562.39990234375,387269,HINDUNILVR
2023-12-05 09:45:00+00:00,2563.5,2565.0,2561.0,2564.0,230824,HINDUNILVR
2023-12-06 03:45:00+00:00,2576.949951171875,2581.0,2565.550048828125,2572.75,0,HINDUNILVR
2023-12-06 04:45:00+00:00,2580.10009765625,2583.699951171875,2572.300048828125,2576.949951171875,134011,HINDUNILVR
2023-12-06 05:45:00+00:00,2578.050048828125,2583.60009765625,2578.0,2580.0,113493,HINDUNILVR
2023-12-06 06:45:00+00:00,2572.5,2578.699951171875,2570.0,2578.0,163789,HINDUNILVR
2023-12-06 07:45:00+00:00,2574.39990234375,2579.0,2569.60009765625,2572.5,257426,HINDUNILVR
2023-12-06 08:45:00+00:00,2566.64990234375,2575.25,2566.60009765625,2574.39990234375,462594,HINDUNILVR
2023-12-06 09:45:00+00:00,2572.0,2572.60009765625,2563.0,2566.550048828125,233546,HINDUNILVR
2023-12-07 03:45:00+00:00,2513.949951171875,2536.949951171875,2499.0,2529.75,243242,HINDUNILVR
2023-12-07 04:45:00+00:00,2516.85009765625,2519.199951171875,2510.10009765625,2514.0,405137,HINDUNILVR
2023-12-07 05:45:00+00:00,2518.949951171875,2521.949951171875,2515.14990234375,2516.699951171875,194706,HINDUNILVR
2023-12-07 06:45:00+00:00,2519.14990234375,2521.85009765625,2515.050048828125,2518.75,211731,HINDUNILVR
2023-12-07 07:45:00+00:00,2519.25,2523.75,2517.300048828125,2519.300048828125,232285,HINDUNILVR
2023-12-07 08:45:00+00:00,2518.949951171875,2521.0,2511.699951171875,2519.199951171875,780053,HINDUNILVR
2023-12-07 09:45:00+00:00,2522.60009765625,2523.14990234375,2517.64990234375,2519.0,284359,HINDUNILVR
2023-12-08 03:45:00+00:00,2528.050048828125,2533.949951171875,2516.35009765625,2522.300048828125,0,HINDUNILVR
2023-12-08 04:45:00+00:00,2528.199951171875,2530.64990234375,2520.14990234375,2528.699951171875,227020,HINDUNILVR
2023-12-08 05:45:00+00:00,2519.5,2528.39990234375,2509.39990234375,2528.199951171875,297434,HINDUNILVR
2023-12-08 06:45:00+00:00,2517.14990234375,2521.699951171875,2514.0,2519.5,170721,HINDUNILVR
2023-12-08 07:45:00+00:00,2516.550048828125,2519.35009765625,2513.64990234375,2517.14990234375,169778,HINDUNILVR
2023-12-08 08:45:00+00:00,2521.5,2522.800048828125,2514.550048828125,2516.050048828125,348668,HINDUNILVR
2023-12-08 09:45:00+00:00,2522.300048828125,2528.25,2520.949951171875,2521.14990234375,0,HINDUNILVR
2023-12-11 03:45:00+00:00,2513.0,2522.300048828125,2507.050048828125,2522.300048828125,0,HINDUNILVR
2023-12-11 04:45:00+00:00,2512.5,2513.25,2504.14990234375,2513.25,207956,HINDUNILVR
2023-12-11 05:45:00+00:00,2507.85009765625,2513.0,2507.0,2511.89990234375,95840,HINDUNILVR
2023-12-11 06:45:00+00:00,2503.89990234375,2508.0,2501.25,2507.35009765625,609881,HINDUNILVR
2023-12-11 07:45:00+00:00,2501.64990234375,2504.5,2499.0,2503.5,396888,HINDUNILVR
2023-12-11 08:45:00+00:00,2504.35009765625,2506.300048828125,2500.0,2501.64990234375,366918,HINDUNILVR
2023-12-11 09:45:00+00:00,2503.64990234375,2504.5,2501.0,2504.300048828125,155059,HINDUNILVR
2023-12-12 03:45:00+00:00,2512.0,2518.0,2500.5,2500.5,0,HINDUNILVR
2023-12-12 04:45:00+00:00,2504.25,2517.10009765625,2504.25,2511.39990234375,191721,HINDUNILVR
2023-12-12 05:45:00+00:00,2502.25,2506.050048828125,2501.550048828125,2504.25,175953,HINDUNILVR
2023-12-12 06:45:00+00:00,2501.0,2503.89990234375,2497.0,2502.449951171875,228146,HINDUNILVR
2023-12-12 07:45:00+00:00,2502.300048828125,2503.89990234375,2499.35009765625,2501.0,211391,HINDUNILVR
2023-12-12 08:45:00+00:00,2503.14990234375,2505.0,2497.64990234375,2502.35009765625,425616,HINDUNILVR
2023-12-12 09:45:00+00:00,2502.75,2503.699951171875,2500.10009765625,2503.199951171875,0,HINDUNILVR
2023-12-13 03:45:00+00:00,2503.300048828125,2511.949951171875,2498.550048828125,2506.550048828125,208009,HINDUNILVR
2023-12-13 04:45:00+00:00,2506.699951171875,2507.0,2499.14990234375,2503.300048828125,152217,HINDUNILVR
2023-12-13 05:45:00+00:00,2505.0,2507.0,2500.10009765625,2506.0,91305,HINDUNILVR
2023-12-13 06:45:00+00:00,2502.800048828125,2505.949951171875,2499.0,2505.050048828125,101092,HINDUNILVR
2023-12-13 07:45:00+00:00,2508.5,2510.0,2502.75,2502.800048828125,230362,HINDUNILVR
2023-12-13 08:45:00+00:00,2512.14990234375,2513.75,2507.89990234375,2509.25,469024,HINDUNILVR
2023-12-13 09:45:00+00:00,2511.89990234375,2516.300048828125,2510.14990234375,2512.14990234375,260845,HINDUNILVR
2023-12-14 03:45:00+00:00,2507.800048828125,2514.949951171875,2502.0,2512.60009765625,0,HINDUNILVR
2023-12-14 04:45:00+00:00,2510.0,2510.949951171875,2503.60009765625,2507.75,341608,HINDUNILVR
2023-12-14 05:45:00+00:00,2509.199951171875,2515.949951171875,2508.300048828125,2510.10009765625,274578,HINDUNILVR
2023-12-14 06:45:00+00:00,2510.0,2511.0,2505.39990234375,2509.199951171875,257749,HINDUNILVR
2023-12-14 07:45:00+00:00,2513.050048828125,2515.5,2507.10009765625,2510.050048828125,218339,HINDUNILVR
2023-12-14 08:45:00+00:00,2517.0,2518.0,2509.35009765625,2513.60009765625,481613,HINDUNILVR
2023-12-14 09:45:00+00:00,2520.0,2520.0,2516.0,2517.300048828125,162746,HINDUNILVR
2023-12-15 03:45:00+00:00,2513.85009765625,2526.89990234375,2511.64990234375,2520.0,0,HINDUNILVR
2023-12-15 04:45:00+00:00,2511.050048828125,2514.64990234375,2507.0,2513.800048828125,234959,HINDUNILVR
2023-12-15 05:45:00+00:00,2511.5,2515.0,2510.550048828125,2511.0,406981,HINDUNILVR
2023-12-15 06:45:00+00:00,2510.35009765625,2514.949951171875,2510.0,2511.25,211506,HINDUNILVR
2023-12-15 07:45:00+00:00,2508.199951171875,2512.89990234375,2508.0,2510.5,154705,HINDUNILVR
2023-12-15 08:45:00+00:00,2524.0,2524.0,2508.0,2508.10009765625,609379,HINDUNILVR
2023-12-15 09:45:00+00:00,2522.89990234375,2531.050048828125,2522.60009765625,2523.949951171875,418859,HINDUNILVR
2023-12-18 03:45:00+00:00,2540.0,2542.949951171875,2516.85009765625,2521.10009765625,0,HINDUNILVR
2023-12-18 04:45:00+00:00,2539.25,2541.0,2535.0,2540.199951171875,390792,HINDUNILVR
2023-12-18 05:45:00+00:00,2538.199951171875,2543.949951171875,2536.949951171875,2539.25,255905,HINDUNILVR
2023-12-18 06:45:00+00:00,2540.0,2541.449951171875,2535.35009765625,2538.0,138672,HINDUNILVR
2023-12-18 07:45:00+00:00,2538.449951171875,2542.800048828125,2537.89990234375,2540.0,127811,HINDUNILVR
2023-12-18 08:45:00+00:00,2533.449951171875,2538.449951171875,2530.0,2538.449951171875,227974,HINDUNILVR
2023-12-18 09:45:00+00:00,2535.5,2542.0,2531.0,2533.5,124696,HINDUNILVR
2023-12-19 03:45:00+00:00,2549.64990234375,2554.699951171875,2535.949951171875,2537.89990234375,0,HINDUNILVR
2023-12-19 04:45:00+00:00,2552.64990234375,2558.0,2542.0,2548.300048828125,218502,HINDUNILVR
2023-12-19 05:45:00+00:00,2555.75,2562.60009765625,2552.39990234375,2553.0,246693,HINDUNILVR
2023-12-19 06:45:00+00:00,2563.25,2565.699951171875,2555.699951171875,2556.39990234375,276205,HINDUNILVR
2023-12-19 07:45:00+00:00,2561.64990234375,2566.75,2560.0,2563.35009765625,157135,HINDUNILVR
2023-12-19 08:45:00+00:00,2560.0,2566.800048828125,2559.0,2562.60009765625,263637,HINDUNILVR
2023-12-19 09:45:00+00:00,2560.699951171875,2562.5,2557.949951171875,2560.0,116201,HINDUNILVR
2023-12-20 03:45:00+00:00,2561.14990234375,2571.0,2560.0,2568.949951171875,0,HINDUNILVR
2023-12-20 04:45:00+00:00,2561.0,2564.550048828125,2553.64990234375,2561.949951171875,275775,HINDUNILVR
2023-12-20 05:45:00+00:00,2560.550048828125,2561.89990234375,2551.550048828125,2561.0,166215,HINDUNILVR
2023-12-20 06:45:00+00:00,2568.050048828125,2569.949951171875,2560.0,2560.300048828125,144367,HINDUNILVR
2023-12-20 07:45:00+00:00,2555.75,2568.14990234375,2549.89990234375,2568.10009765625,220904,HINDUNILVR
2023-12-20 08:45:00+00:00,2557.949951171875,2558.550048828125,2548.85009765625,2555.699951171875,319987,HINDUNILVR
2023-12-20 09:45:00+00:00,2553.449951171875,2561.10009765625,2550.10009765625,2557.89990234375,184128,HINDUNILVR
2023-12-21 03:45:00+00:00,2557.25,2558.0,2537.89990234375,2545.0,0,HINDUNILVR
2023-12-21 04:45:00+00:00,2564.699951171875,2570.0,2555.550048828125,2557.14990234375,393390,HINDUNILVR
2023-12-21 05:45:00+00:00,2554.0,2565.0,2553.64990234375,2564.699951171875,272018,HINDUNILVR
2023-12-21 06:45:00+00:00,2567.699951171875,2568.949951171875,2552.050048828125,2554.699951171875,266917,HINDUNILVR
2023-12-21 07:45:00+00:00,2576.300048828125,2579.89990234375,2564.050048828125,2567.699951171875,355546,HINDUNILVR
2023-12-21 08:45:00+00:00,2552.050048828125,2577.85009765625,2550.0,2576.5,200820,HINDUNILVR
2023-12-21 09:45:00+00:00,2553.0,2555.35009765625,2550.0,2552.14990234375,109146,HINDUNILVR
2023-12-22 03:45:00+00:00,2568.0,2568.10009765625,2546.800048828125,2559.199951171875,205298,HINDUNILVR
2023-12-22 04:45:00+00:00,2558.89990234375,2568.0,2557.5,2568.0,100990,HINDUNILVR
2023-12-22 05:45:00+00:00,2560.64990234375,2565.0,2558.199951171875,2558.5,103499,HINDUNILVR
2023-12-22 06:45:00+00:00,2571.550048828125,2574.89990234375,2558.550048828125,2560.5,206475,HINDUNILVR
2023-12-22 07:45:00+00:00,2573.800048828125,2579.75,2568.14990234375,2571.449951171875,231327,HINDUNILVR
2023-12-22 08:45:00+00:00,2577.5,2578.0,2566.64990234375,2573.60009765625,240625,HINDUNILVR
2023-12-22 09:45:00+00:00,2575.60009765625,2578.550048828125,2572.64990234375,2577.64990234375,86379,HINDUNILVR
2023-12-26 03:45:00+00:00,2569.5,2583.949951171875,2567.5,2579.75,0,HINDUNILVR
2023-12-26 04:45:00+00:00,2579.050048828125,2581.0,2567.949951171875,2569.800048828125,99039,HINDUNILVR
2023-12-26 05:45:00+00:00,2580.25,2582.0,2574.14990234375,2579.050048828125,99832,HINDUNILVR
2023-12-26 06:45:00+00:00,2579.5,2582.0,2579.0,2580.25,113382,HINDUNILVR
2023-12-26 07:45:00+00:00,2581.0,2582.0,2577.5,2579.449951171875,99722,HINDUNILVR
2023-12-26 08:45:00+00:00,2582.5,2585.949951171875,2579.75,2581.050048828125,225323,HINDUNILVR
2023-12-26 09:45:00+00:00,2590.5,2591.550048828125,2582.0,2582.550048828125,100273,HINDUNILVR
2023-12-27 03:45:00+00:00,2589.10009765625,2596.75,2581.0,2590.0,0,HINDUNILVR
2023-12-27 04:45:00+00:00,2595.949951171875,2596.0,2581.699951171875,2589.10009765625,107858,HINDUNILVR
2023-12-27 05:45:00+00:00,2595.5,2596.0,2588.60009765625,2596.0,190476,HINDUNILVR
2023-12-27 06:45:00+00:00,2595.5,2600.0,2588.64990234375,2595.5,180329,HINDUNILVR
2023-12-27 07:45:00+00:00,2597.800048828125,2599.0,2591.449951171875,2595.0,104098,HINDUNILVR
2023-12-27 08:45:00+00:00,2608.949951171875,2610.0,2596.39990234375,2597.050048828125,243092,HINDUNILVR
2023-12-27 09:45:00+00:00,2610.0,2612.0,2604.89990234375,2609.0,113766,HINDUNILVR
2023-12-28 03:45:00+00:00,2612.0,2618.14990234375,2609.35009765625,2613.85009765625,0,HINDUNILVR
2023-12-28 04:45:00+00:00,2612.60009765625,2615.550048828125,2608.0,2612.699951171875,100621,HINDUNILVR
2023-12-28 05:45:00+00:00,2615.800048828125,2617.60009765625,2611.050048828125,2612.60009765625,106201,HINDUNILVR
2023-12-28 06:45:00+00:00,2620.300048828125,2623.60009765625,2615.0,2615.5,195087,HINDUNILVR
2023-12-28 07:45:00+00:00,2626.0,2631.14990234375,2620.0,2620.300048828125,199271,HINDUNILVR
2023-12-28 08:45:00+00:00,2632.449951171875,2637.75,2625.10009765625,2626.64990234375,544352,HINDUNILVR
2023-12-28 09:45:00+00:00,2633.800048828125,2639.25,2629.10009765625,2631.800048828125,288649,HINDUNILVR
2023-12-29 03:45:00+00:00,2647.10009765625,2651.10009765625,2621.25,2632.0,0,HINDUNILVR
2023-12-29 04:45:00+00:00,2649.800048828125,2667.10009765625,2643.35009765625,2648.0,335214,HINDUNILVR
2023-12-29 05:45:00+00:00,2656.75,2661.699951171875,2649.60009765625,2649.949951171875,111141,HINDUNILVR
2023-12-29 06:45:00+00:00,2659.550048828125,2660.0,2655.5,2657.39990234375,100416,HINDUNILVR
2023-12-29 07:45:00+00:00,2656.64990234375,2660.89990234375,2653.89990234375,2659.5,106970,HINDUNILVR
2023-12-29 08:45:00+00:00,2663.75,2665.0,2648.800048828125,2656.0,260580,HINDUNILVR
2023-12-29 09:45:00+00:00,2663.949951171875,2667.0,2656.0,2664.0,151605,HINDUNILVR
2024-01-01 03:45:00+00:00,2646.85009765625,2663.85009765625,2638.75,2663.85009765625,0,HINDUNILVR
2024-01-01 04:45:00+00:00,2647.10009765625,2649.0,2641.699951171875,2645.699951171875,46498,HINDUNILVR
2024-01-01 05:45:00+00:00,2640.199951171875,2647.5,2638.0,2647.10009765625,54235,HINDUNILVR
2024-01-01 06:45:00+00:00,2645.5,2648.5,2638.199951171875,2640.199951171875,74200,HINDUNILVR
2024-01-01 07:45:00+00:00,2656.199951171875,2656.199951171875,2641.10009765625,2645.550048828125,80412,HINDUNILVR
2024-01-01 08:45:00+00:00,2652.10009765625,2669.39990234375,2651.64990234375,2656.14990234375,132051,HINDUNILVR
2024-01-01 09:45:00+00:00,2646.75,2653.050048828125,2645.14990234375,2652.10009765625,31505,HINDUNILVR
2024-01-02 03:45:00+00:00,2631.949951171875,2651.89990234375,2629.449951171875,2651.89990234375,0,HINDUNILVR
2024-01-02 04:45:00+00:00,2624.0,2635.14990234375,2617.300048828125,2631.949951171875,163219,HINDUNILVR
2024-01-02 05:45:00+00:00,2618.39990234375,2624.10009765625,2614.550048828125,2624.0,74489,HINDUNILVR
2024-01-02 06:45:00+00:00,2619.699951171875,2623.85009765625,2617.64990234375,2618.35009765625,108626,HINDUNILVR
2024-01-02 07:45:00+00:00,2618.60009765625,2620.550048828125,2608.0,2620.0,202778,HINDUNILVR
2024-01-02 08:45:00+00:00,2612.550048828125,2619.0,2607.0,2617.60009765625,389560,HINDUNILVR
2024-01-02 09:45:00+00:00,2614.949951171875,2617.949951171875,2609.050048828125,2612.64990234375,146386,HINDUNILVR
2024-01-03 03:45:00+00:00,2623.699951171875,2628.0,2601.800048828125,2605.25,0,HINDUNILVR
2024-01-03 04:45:00+00:00,2613.14990234375,2624.0,2611.0,2623.0,148965,HINDUNILVR
2024-01-03 05:45:00+00:00,2609.85009765625,2617.0,2605.10009765625,2613.14990234375,161832,HINDUNILVR
2024-01-03 06:45:00+00:00,2611.0,2612.5,2606.0,2610.0,156861,HINDUNILVR
2024-01-03 07:45:00+00:00,2609.10009765625,2614.949951171875,2608.449951171875,2611.5,110369,HINDUNILVR
2024-01-03 08:45:00+00:00,2605.0,2612.449951171875,2603.0,2608.800048828125,212658,HINDUNILVR
2024-01-03 09:45:00+00:00,2605.0,2610.949951171875,2602.050048828125,2605.0,57981,HINDUNILVR
2024-01-04 03:45:00+00:00,2609.75,2616.39990234375,2604.300048828125,2606.550048828125,0,HINDUNILVR
2024-01-04 04:45:00+00:00,2617.89990234375,2622.85009765625,2608.0,2609.800048828125,95484,HINDUNILVR
2024-01-04 05:45:00+00:00,2611.199951171875,2618.699951171875,2609.449951171875,2618.0,117851,HINDUNILVR
2024-01-04 06:45:00+00:00,2610.050048828125,2617.949951171875,2608.10009765625,2611.0,160682,HINDUNILVR
2024-01-04 07:45:00+00:00,2607.0,2616.699951171875,2607.0,2610.0,135377,HINDUNILVR
2024-01-04 08:45:00+00:00,2592.39990234375,2608.75,2588.199951171875,2607.050048828125,418725,HINDUNILVR
2024-01-04 09:45:00+00:00,2592.550048828125,2594.60009765625,2588.050048828125,2593.14990234375,298365,HINDUNILVR
2024-01-05 03:45:00+00:00,2614.199951171875,2616.050048828125,2595.14990234375,2595.14990234375,0,HINDUNILVR
2024-01-05 04:45:00+00:00,2608.39990234375,2618.5,2607.10009765625,2614.550048828125,111646,HINDUNILVR
2024-01-05 05:45:00+00:00,2620.89990234375,2622.0,2606.35009765625,2609.0,200037,HINDUNILVR
2024-01-05 06:45:00+00:00,2619.35009765625,2621.0,2614.0,2620.699951171875,94239,HINDUNILVR
2024-01-05 07:45:00+00:00,2626.10009765625,2627.550048828125,2618.64990234375,2619.5,129295,HINDUNILVR
2024-01-05 08:45:00+00:00,2620.64990234375,2629.699951171875,2619.0,2626.14990234375,370699,HINDUNILVR
2024-01-05 09:45:00+00:00,2620.5,2622.5,2619.0,2620.64990234375,134261,HINDUNILVR
2024-01-08 03:45:00+00:00,2583.199951171875,2622.050048828125,2578.300048828125,2622.050048828125,0,HINDUNILVR
2024-01-08 04:45:00+00:00,2575.35009765625,2586.0,2570.64990234375,2583.199951171875,98454,HINDUNILVR
2024-01-08 05:45:00+00:00,2575.949951171875,2584.949951171875,2566.75,2575.800048828125,121402,HINDUNILVR
2024-01-08 06:45:00+00:00,2566.550048828125,2577.300048828125,2566.5,2575.5,174621,HINDUNILVR
2024-01-08 07:45:00+00:00,2571.5,2573.449951171875,2566.699951171875,2566.699951171875,98053,HINDUNILVR
2024-01-08 08:45:00+00:00,2577.75,2578.39990234375,2571.5,2571.5,303459,HINDUNILVR
2024-01-08 09:45:00+00:00,2579.0,2580.64990234375,2578.0,2578.14990234375,164086,HINDUNILVR
2024-01-09 03:45:00+00:00,2579.10009765625,2589.0,2572.0,2582.550048828125,0,HINDUNILVR
2024-01-09 04:45:00+00:00,2587.10009765625,2587.89990234375,2578.050048828125,2579.10009765625,72024,HINDUNILVR
2024-01-09 05:45:00+00:00,2587.050048828125,2588.0,2586.0,2587.050048828125,93062,HINDUNILVR
2024-01-09 06:45:00+00:00,2586.050048828125,2587.89990234375,2585.800048828125,2587.0,106568,HINDUNILVR
2024-01-09 07:45:00+00:00,2581.39990234375,2588.0,2575.199951171875,2586.050048828125,124604,HINDUNILVR
2024-01-09 08:45:00+00:00,2578.10009765625,2586.60009765625,2577.550048828125,2581.5,252339,HINDUNILVR
2024-01-09 09:45:00+00:00,2579.75,2582.550048828125,2573.449951171875,2578.39990234375,87684,HINDUNILVR
2024-01-10 03:45:00+00:00,2582.0,2594.300048828125,2575.0,2584.0,0,HINDUNILVR
2024-01-10 04:45:00+00:00,2571.5,2584.14990234375,2570.10009765625,2582.0,63597,HINDUNILVR
2024-01-10 05:45:00+00:00,2568.550048828125,2573.0,2567.0,2570.800048828125,97019,HINDUNILVR
2024-01-10 06:45:00+00:00,2574.949951171875,2574.949951171875,2565.0,2568.550048828125,96174,HINDUNILVR
2024-01-10 07:45:00+00:00,2568.39990234375,2575.449951171875,2567.75,2574.949951171875,147654,HINDUNILVR
2024-01-10 08:45:00+00:00,2575.60009765625,2581.949951171875,2568.0,2569.449951171875,281542,HINDUNILVR
2024-01-10 09:45:00+00:00,2575.199951171875,2579.25,2575.0,2575.60009765625,78574,HINDUNILVR
2024-01-11 03:45:00+00:00,2572.199951171875,2588.949951171875,2571.14990234375,2582.14990234375,0,HINDUNILVR
2024-01-11 04:45:00+00:00,2569.550048828125,2573.0,2565.550048828125,2571.85009765625,233024,HINDUNILVR
2024-01-11 05:45:00+00:00,2563.10009765625,2573.699951171875,2561.10009765625,2570.39990234375,263207,HINDUNILVR
2024-01-11 06:45:00+00:00,2557.050048828125,2565.0,2556.0,2562.89990234375,728069,HINDUNILVR
2024-01-11 07:45:00+00:00,2544.75,2559.0,2544.0,2557.050048828125,341431,HINDUNILVR
2024-01-11 08:45:00+00:00,2535.050048828125,2546.39990234375,2533.0,2544.5,482195,HINDUNILVR
2024-01-11 09:45:00+00:00,2536.75,2541.75,2534.0,2535.050048828125,178962,HINDUNILVR
2024-01-12 03:45:00+00:00,2519.89990234375,2533.550048828125,2512.0,2533.35009765625,0,HINDUNILVR
2024-01-12 04:45:00+00:00,2540.550048828125,2542.800048828125,2519.25,2520.0,461020,HINDUNILVR
2024-01-12 05:45:00+00:00,2529.0,2547.75,2527.699951171875,2541.85009765625,264338,HINDUNILVR
2024-01-12 06:45:00+00:00,2545.0,2548.89990234375,2525.199951171875,2529.199951171875,261344,HINDUNILVR
2024-01-12 07:45:00+00:00,2545.85009765625,2554.89990234375,2542.64990234375,2545.0,434024,HINDUNILVR
2024-01-12 08:45:00+00:00,2544.5,2549.949951171875,2542.0,2545.64990234375,415452,HINDUNILVR
2024-01-12 09:45:00+00:00,2539.449951171875,2548.300048828125,2536.14990234375,2544.5,239213,HINDUNILVR
2024-01-15 03:45:00+00:00,2548.449951171875,2550.64990234375,2531.050048828125,2547.85009765625,0,HINDUNILVR
2024-01-15 04:45:00+00:00,2552.0,2553.949951171875,2542.35009765625,2548.39990234375,160205,HINDUNILVR
2024-01-15 05:45:00+00:00,2551.89990234375,2552.75,2547.85009765625,2552.0,128886,HINDUNILVR
2024-01-15 06:45:00+00:00,2542.25,2553.89990234375,2540.800048828125,2551.949951171875,117713,HINDUNILVR
2024-01-15 07:45:00+00:00,2563.550048828125,2564.449951171875,2541.800048828125,2542.0,240060,HINDUNILVR
2024-01-15 08:45:00+00:00,2572.64990234375,2572.699951171875,2562.300048828125,2563.550048828125,424154,HINDUNILVR
2024-01-15 09:45:00+00:00,2575.0,2578.75,2572.050048828125,2572.60009765625,105366,HINDUNILVR
2024-01-16 03:45:00+00:00,2577.0,2578.199951171875,2562.550048828125,2565.35009765625,0,HINDUNILVR
2024-01-16 04:45:00+00:00,2582.199951171875,2584.60009765625,2571.25,2577.0,165571,HINDUNILVR
2024-01-16 05:45:00+00:00,2576.550048828125,2582.949951171875,2570.699951171875,2582.199951171875,258156,HINDUNILVR
2024-01-16 06:45:00+00:00,2576.5,2582.60009765625,2575.60009765625,2575.89990234375,123412,HINDUNILVR
2024-01-16 07:45:00+00:00,2579.550048828125,2580.949951171875,2575.0,2576.39990234375,186169,HINDUNILVR
2024-01-16 08:45:00+00:00,2572.050048828125,2581.0,2569.949951171875,2579.5,406915,HINDUNILVR
2024-01-16 09:45:00+00:00,2569.14990234375,2572.449951171875,2562.300048828125,2572.050048828125,208667,HINDUNILVR
2024-01-17 03:45:00+00:00,2546.64990234375,2571.25,2545.0,2557.0,0,HINDUNILVR
2024-01-17 04:45:00+00:00,2549.89990234375,2551.949951171875,2539.85009765625,2546.64990234375,1440350,HINDUNILVR
2024-01-17 05:45:00+00:00,2560.60009765625,2561.0,2549.39990234375,2550.0,130566,HINDUNILVR
2024-01-17 06:45:00+00:00,2552.949951171875,2560.699951171875,2548.0,2560.050048828125,279048,HINDUNILVR
2024-01-17 07:45:00+00:00,2559.75,2559.89990234375,2552.25,2552.949951171875,150408,HINDUNILVR
2024-01-17 08:45:00+00:00,2564.14990234375,2564.449951171875,2558.25,2559.5,473982,HINDUNILVR
2024-01-17 09:45:00+00:00,2560.0,2567.199951171875,2559.89990234375,2563.89990234375,223973,HINDUNILVR
2024-01-18 03:45:00+00:00,2550.199951171875,2569.89990234375,2537.800048828125,2569.89990234375,0,HINDUNILVR
2024-01-18 04:45:00+00:00,2552.75,2559.5,2546.60009765625,2550.5,116823,HINDUNILVR
2024-01-18 05:45:00+00:00,2553.64990234375,2557.300048828125,2551.25,2552.60009765625,146281,HINDUNILVR
2024-01-18 06:45:00+00:00,2550.14990234375,2556.300048828125,2549.39990234375,2553.75,223809,HINDUNILVR
2024-01-18 07:45:00+00:00,2545.300048828125,2550.199951171875,2540.0,2550.199951171875,88054,HINDUNILVR
2024-01-18 08:45:00+00:00,2548.550048828125,2554.5,2545.0,2545.0,310584,HINDUNILVR
2024-01-18 09:45:00+00:00,2546.199951171875,2552.25,2545.199951171875,2548.5,136708,HINDUNILVR
2024-01-19 03:45:00+00:00,2553.0,2564.949951171875,2547.800048828125,2556.050048828125,0,HINDUNILVR
2024-01-19 04:45:00+00:00,2542.449951171875,2553.14990234375,2540.64990234375,2553.0,118069,HINDUNILVR
2024-01-19 05:45:00+00:00,2547.199951171875,2552.0,2538.5,2541.60009765625,352177,HINDUNILVR
2024-01-19 06:45:00+00:00,2552.14990234375,2553.89990234375,2545.5,2546.75,88744,HINDUNILVR
2024-01-19 07:45:00+00:00,2559.699951171875,2559.699951171875,2550.10009765625,2551.949951171875,91632,HINDUNILVR
2024-01-19 08:45:00+00:00,2567.64990234375,2570.0,2553.5,2559.5,264267,HINDUNILVR
2024-01-19 09:45:00+00:00,2565.39990234375,2573.949951171875,2560.050048828125,2567.64990234375,0,HINDUNILVR
2024-01-23 03:45:00+00:00,2437.75,2480.25,2428.0,2454.25,0,HINDUNILVR
2024-01-23 04:45:00+00:00,2425.0,2437.949951171875,2418.199951171875,2437.949951171875,661712,HINDUNILVR
2024-01-23 05:45:00+00:00,2397.050048828125,2426.14990234375,2397.0,2425.0,613016,HINDUNILVR
2024-01-23 06:45:00+00:00,2374.25,2399.050048828125,2371.89990234375,2397.0,472532,HINDUNILVR
2024-01-23 07:45:00+00:00,2369.800048828125,2377.0,2365.60009765625,2374.60009765625,465653,HINDUNILVR
2024-01-23 08:45:00+00:00,2375.050048828125,2384.0,2368.25,2369.89990234375,934681,HINDUNILVR
2024-01-23 09:45:00+00:00,2373.800048828125,2375.14990234375,2371.050048828125,2375.050048828125,374707,HINDUNILVR
2024-01-24 03:45:00+00:00,2403.800048828125,2409.35009765625,2367.800048828125,2383.35009765625,357121,HINDUNILVR
2024-01-24 04:45:00+00:00,2423.050048828125,2428.699951171875,2404.75,2404.75,318174,HINDUNILVR
2024-01-24 05:45:00+00:00,2417.25,2423.75,2413.0,2423.199951171875,163956,HINDUNILVR
2024-01-24 06:45:00+00:00,2426.25,2433.449951171875,2418.0,2418.0,157988,HINDUNILVR
2024-01-24 07:45:00+00:00,2430.449951171875,2432.64990234375,2424.60009765625,2426.050048828125,137079,HINDUNILVR
2024-01-24 08:45:00+00:00,2442.550048828125,2442.60009765625,2429.0,2430.449951171875,281962,HINDUNILVR
2024-01-24 09:45:00+00:00,2441.64990234375,2445.89990234375,2438.0,2443.25,134579,HINDUNILVR
2024-01-25 03:45:00+00:00,2463.89990234375,2468.0,2440.14990234375,2444.449951171875,0,HINDUNILVR
2024-01-25 04:45:00+00:00,2462.300048828125,2465.0,2450.449951171875,2463.89990234375,310811,HINDUNILVR
2024-01-25 05:45:00+00:00,2457.0,2466.0,2450.050048828125,2462.199951171875,331250,HINDUNILVR
2024-01-25 06:45:00+00:00,2440.0,2458.25,2437.75,2458.25,197918,HINDUNILVR
2024-01-25 07:45:00+00:00,2434.199951171875,2440.449951171875,2430.550048828125,2440.0,201486,HINDUNILVR
2024-01-25 08:45:00+00:00,2427.550048828125,2435.35009765625,2420.199951171875,2434.199951171875,507174,HINDUNILVR
2024-01-25 09:45:00+00:00,2428.300048828125,2445.0,2423.64990234375,2427.60009765625,359321,HINDUNILVR
2024-01-29 03:45:00+00:00,2440.699951171875,2449.0,2410.300048828125,2410.300048828125,0,HINDUNILVR
2024-01-29 04:45:00+00:00,2437.199951171875,2444.699951171875,2435.300048828125,2439.800048828125,186635,HINDUNILVR
2024-01-29 05:45:00+00:00,2431.10009765625,2438.10009765625,2423.949951171875,2437.25,156294,HINDUNILVR
2024-01-29 06:45:00+00:00,2439.0,2439.949951171875,2428.14990234375,2431.5,140143,HINDUNILVR
2024-01-29 07:45:00+00:00,2441.39990234375,2442.550048828125,2439.0,2439.0,174888,HINDUNILVR
2024-01-29 08:45:00+00:00,2446.0,2448.050048828125,2435.550048828125,2441.39990234375,391510,HINDUNILVR
2024-01-29 09:45:00+00:00,2444.39990234375,2447.199951171875,2435.300048828125,2446.0,216002,HINDUNILVR
2024-01-30 03:45:00+00:00,2490.0,2492.0,2448.550048828125,2452.10009765625,0,HINDUNILVR
2024-01-30 04:45:00+00:00,2478.89990234375,2490.699951171875,2475.89990234375,2490.050048828125,139350,HINDUNILVR
2024-01-30 05:45:00+00:00,2490.75,2494.0,2477.5,2478.39990234375,198120,HINDUNILVR
2024-01-30 06:45:00+00:00,2490.199951171875,2494.199951171875,2487.800048828125,2490.449951171875,103529,HINDUNILVR
2024-01-30 07:45:00+00:00,2478.85009765625,2490.60009765625,2471.25,2490.25,354447,HINDUNILVR
2024-01-30 08:45:00+00:00,2459.949951171875,2481.199951171875,2458.550048828125,2477.800048828125,365007,HINDUNILVR
2024-01-30 09:45:00+00:00,2458.64990234375,2460.0,2452.25,2460.0,163400,HINDUNILVR
2024-01-31 03:45:00+00:00,2449.050048828125,2466.800048828125,2448.89990234375,2458.10009765625,0,HINDUNILVR
2024-01-31 04:45:00+00:00,2449.0,2450.89990234375,2441.75,2449.550048828125,159275,HINDUNILVR
2024-01-31 05:45:00+00:00,2460.949951171875,2462.89990234375,2446.64990234375,2449.0,112376,HINDUNILVR
2024-01-31 06:45:00+00:00,2458.0,2462.550048828125,2455.0,2461.949951171875,102989,HINDUNILVR
2024-01-31 07:45:00+00:00,2471.75,2473.0,2457.949951171875,2458.0,165904,HINDUNILVR
2024-01-31 08:45:00+00:00,2479.800048828125,2485.89990234375,2470.0,2472.449951171875,449376,HINDUNILVR
2024-01-31 09:45:00+00:00,2479.0,2483.949951171875,2472.199951171875,2479.449951171875,221063,HINDUNILVR
2024-02-01 03:45:00+00:00,2492.64990234375,2504.64990234375,2472.64990234375,2479.800048828125,0,HINDUNILVR
2024-02-01 04:45:00+00:00,2505.25,2511.550048828125,2490.25,2491.949951171875,207160,HINDUNILVR
2024-02-01 05:45:00+00:00,2490.550048828125,2506.75,2485.0,2505.199951171875,329008,HINDUNILVR
2024-02-01 06:45:00+00:00,2479.449951171875,2493.89990234375,2477.0,2490.550048828125,223419,HINDUNILVR
2024-02-01 07:45:00+00:00,2483.10009765625,2487.89990234375,2476.050048828125,2479.449951171875,179317,HINDUNILVR
2024-02-01 08:45:00+00:00,2472.449951171875,2485.199951171875,2469.10009765625,2483.14990234375,324108,HINDUNILVR
2024-02-01 09:45:00+00:00,2473.60009765625,2477.10009765625,2468.699951171875,2472.39990234375,0,HINDUNILVR
2024-02-02 03:45:00+00:00,2471.25,2486.699951171875,2467.35009765625,2477.0,235681,HINDUNILVR
2024-02-02 04:45:00+00:00,2473.550048828125,2476.85009765625,2460.75,2471.85009765625,192102,HINDUNILVR
2024-02-02 05:45:00+00:00,2477.35009765625,2485.300048828125,2472.699951171875,2473.550048828125,349658,HINDUNILVR
2024-02-02 06:45:00+00:00,2454.5,2481.949951171875,2452.89990234375,2477.35009765625,352336,HINDUNILVR
2024-02-02 07:45:00+00:00,2447.25,2458.0,2447.25,2454.199951171875,214901,HINDUNILVR
2024-02-02 08:45:00+00:00,2456.10009765625,2459.300048828125,2442.050048828125,2447.550048828125,340671,HINDUNILVR
2024-02-02 09:45:00+00:00,2452.35009765625,2457.800048828125,2446.550048828125,2456.10009765625,269548,HINDUNILVR
2024-02-05 03:45:00+00:00,2441.550048828125,2463.14990234375,2440.10009765625,2463.14990234375,0,HINDUNILVR
2024-02-05 04:45:00+00:00,2442.0,2443.0,2432.10009765625,2441.75,138917,HINDUNILVR
2024-02-05 05:45:00+00:00,2441.0,2442.10009765625,2437.0,2441.699951171875,173493,HINDUNILVR
2024-02-05 06:45:00+00:00,2444.050048828125,2445.550048828125,2440.199951171875,2440.699951171875,137228,HINDUNILVR
2024-02-05 07:45:00+00:00,2444.050048828125,2446.0,2439.0,2444.050048828125,163060,HINDUNILVR
2024-02-05 08:45:00+00:00,2421.10009765625,2445.5,2412.800048828125,2444.0,386643,HINDUNILVR
2024-02-05 09:45:00+00:00,2421.699951171875,2422.699951171875,2419.800048828125,2421.0,139193,HINDUNILVR
2024-02-06 03:45:00+00:00,2429.75,2441.199951171875,2421.85009765625,2424.89990234375,0,HINDUNILVR
2024-02-06 04:45:00+00:00,2425.64990234375,2432.14990234375,2422.5,2428.85009765625,295455,HINDUNILVR
2024-02-06 05:45:00+00:00,2426.60009765625,2428.949951171875,2425.0,2425.550048828125,110641,HINDUNILVR
2024-02-06 06:45:00+00:00,2425.10009765625,2427.0,2418.050048828125,2426.550048828125,125192,HINDUNILVR
2024-02-06 07:45:00+00:00,2425.199951171875,2427.949951171875,2424.0,2425.10009765625,195771,HINDUNILVR
2024-02-06 08:45:00+00:00,2426.64990234375,2427.64990234375,2424.0,2425.0,579515,HINDUNILVR
2024-02-06 09:45:00+00:00,2429.0,2430.0,2425.89990234375,2426.800048828125,122781,HINDUNILVR
2024-02-07 03:45:00+00:00,2419.60009765625,2437.89990234375,2415.25,2435.25,0,HINDUNILVR
2024-02-07 04:45:00+00:00,2422.699951171875,2424.949951171875,2413.949951171875,2419.60009765625,157319,HINDUNILVR
2024-02-07 05:45:00+00:00,2422.0,2424.89990234375,2420.0,2422.699951171875,122680,HINDUNILVR
2024-02-07 06:45:00+00:00,2428.5,2428.64990234375,2421.199951171875,2422.0,83284,HINDUNILVR
2024-02-07 07:45:00+00:00,2429.14990234375,2429.800048828125,2425.0,2428.449951171875,66863,HINDUNILVR
2024-02-07 08:45:00+00:00,2425.0,2430.0,2422.60009765625,2429.5,351967,HINDUNILVR
2024-02-07 09:45:00+00:00,2427.85009765625,2431.75,2424.449951171875,2425.0,137891,HINDUNILVR
2024-02-08 03:45:00+00:00,2416.949951171875,2438.85009765625,2412.0,2430.5,0,HINDUNILVR
2024-02-08 04:45:00+00:00,2404.449951171875,2417.14990234375,2400.199951171875,2415.5,355624,HINDUNILVR
2024-02-08 05:45:00+00:00,2405.25,2409.550048828125,2404.050048828125,2404.39990234375,182046,HINDUNILVR
2024-02-08 06:45:00+00:00,2407.25,2409.0,2399.0,2405.25,388500,HINDUNILVR
2024-02-08 07:45:00+00:00,2405.0,2409.10009765625,2404.0,2408.25,189005,HINDUNILVR
2024-02-08 08:45:00+00:00,2418.699951171875,2420.64990234375,2404.199951171875,2405.050048828125,304930,HINDUNILVR
2024-02-08 09:45:00+00:00,2417.050048828125,2420.0,2414.0,2419.449951171875,129607,HINDUNILVR
2024-02-09 03:45:00+00:00,2417.89990234375,2424.10009765625,2407.10009765625,2419.64990234375,0,HINDUNILVR
2024-02-09 04:45:00+00:00,2423.85009765625,2428.300048828125,2415.0,2417.60009765625,115810,HINDUNILVR
2024-02-09 05:45:00+00:00,2423.75,2427.0,2417.75,2423.449951171875,118887,HINDUNILVR
2024-02-09 06:45:00+00:00,2423.0,2427.25,2417.14990234375,2423.300048828125,128233,HINDUNILVR
2024-02-09 07:45:00+00:00,2422.25,2426.949951171875,2421.699951171875,2423.0,98051,HINDUNILVR
2024-02-09 08:45:00+00:00,2425.10009765625,2427.35009765625,2421.949951171875,2425.550048828125,227115,HINDUNILVR
2024-02-09 09:45:00+00:00,2424.14990234375,2426.60009765625,2420.75,2425.10009765625,69319,HINDUNILVR
2024-02-12 03:45:00+00:00,2410.550048828125,2424.10009765625,2410.0,2424.10009765625,0,HINDUNILVR
2024-02-12 04:45:00+00:00,2410.699951171875,2414.949951171875,2406.75,2411.300048828125,123218,HINDUNILVR
2024-02-12 05:45:00+00:00,2408.0,2413.85009765625,2403.0,2411.199951171875,228783,HINDUNILVR
2024-02-12 06:45:00+00:00,2390.0,2408.60009765625,2387.5,2408.0,205999,HINDUNILVR
2024-02-12 07:45:00+00:00,2388.39990234375,2390.85009765625,2382.0,2390.85009765625,316377,HINDUNILVR
2024-02-12 08:45:00+00:00,2387.60009765625,2389.800048828125,2382.050048828125,2388.050048828125,257543,HINDUNILVR
2024-02-12 09:45:00+00:00,2388.0,2388.699951171875,2384.39990234375,2388.0,97931,HINDUNILVR
2024-02-13 03:45:00+00:00,2389.199951171875,2396.699951171875,2380.300048828125,2391.550048828125,0,HINDUNILVR
2024-02-13 04:45:00+00:00,2398.0,2398.0,2387.64990234375,2389.10009765625,106666,HINDUNILVR
2024-02-13 05:45:00+00:00,2399.0,2400.800048828125,2395.449951171875,2398.0,118515,HINDUNILVR
2024-02-13 06:45:00+00:00,2393.199951171875,2399.39990234375,2392.0,2398.550048828125,132332,HINDUNILVR
2024-02-13 07:45:00+00:00,2392.39990234375,2395.35009765625,2390.60009765625,2393.25,221786,HINDUNILVR
2024-02-13 08:45:00+00:00,2396.25,2398.300048828125,2391.0,2392.35009765625,139780,HINDUNILVR
2024-02-13 09:45:00+00:00,2394.0,2397.800048828125,2388.14990234375,2396.0,113799,HINDUNILVR
2024-02-14 03:45:00+00:00,2381.0,2394.0,2376.050048828125,2385.64990234375,0,HINDUNILVR
2024-02-14 04:45:00+00:00,2376.75,2383.449951171875,2376.0,2381.800048828125,109851,HINDUNILVR
2024-02-14 05:45:00+00:00,2375.050048828125,2385.85009765625,2373.39990234375,2376.85009765625,261764,HINDUNILVR
2024-02-14 06:45:00+00:00,2376.449951171875,2377.64990234375,2373.0,2375.89990234375,306073,HINDUNILVR
2024-02-14 07:45:00+00:00,2371.949951171875,2379.85009765625,2370.0,2375.949951171875,201930,HINDUNILVR
2024-02-14 08:45:00+00:00,2387.0,2388.949951171875,2371.75,2371.949951171875,277546,HINDUNILVR
2024-02-14 09:45:00+00:00,2387.949951171875,2392.85009765625,2385.449951171875,2387.25,82590,HINDUNILVR
2024-02-15 03:45:00+00:00,2377.050048828125,2382.75,2371.5,2378.300048828125,0,HINDUNILVR
2024-02-15 04:45:00+00:00,2364.0,2378.89990234375,2361.800048828125,2377.050048828125,346099,HINDUNILVR
2024-02-15 05:45:00+00:00,2364.39990234375,2368.89990234375,2363.60009765625,2364.0,255885,HINDUNILVR
2024-02-15 06:45:00+00:00,2357.800048828125,2365.64990234375,2355.199951171875,2364.050048828125,303824,HINDUNILVR
2024-02-15 07:45:00+00:00,2359.0,2362.60009765625,2353.0,2356.699951171875,355018,HINDUNILVR
2024-02-15 08:45:00+00:00,2351.050048828125,2359.14990234375,2346.949951171875,2358.800048828125,746047,HINDUNILVR
2024-02-15 09:45:00+00:00,2357.0,2357.5,2350.199951171875,2350.699951171875,145821,HINDUNILVR
2024-02-16 03:45:00+00:00,2362.550048828125,2372.85009765625,2361.35009765625,2365.0,212838,HINDUNILVR
2024-02-16 04:45:00+00:00,2366.199951171875,2372.64990234375,2358.5,2363.550048828125,554002,HINDUNILVR
2024-02-16 05:45:00+00:00,2363.64990234375,2367.5,2357.699951171875,2366.199951171875,392109,HINDUNILVR
2024-02-16 06:45:00+00:00,2362.14990234375,2364.39990234375,2359.949951171875,2363.0,225317,HINDUNILVR
2024-02-16 07:45:00+00:00,2365.949951171875,2370.64990234375,2360.0,2362.050048828125,231879,HINDUNILVR
2024-02-16 08:45:00+00:00,2375.0,2376.449951171875,2360.5,2365.949951171875,561126,HINDUNILVR
2024-02-16 09:45:00+00:00,2375.25,2381.949951171875,2374.85009765625,2375.0,185867,HINDUNILVR
2024-02-19 03:45:00+00:00,2385.699951171875,2386.5,2373.800048828125,2383.75,0,HINDUNILVR
2024-02-19 04:45:00+00:00,2389.300048828125,2389.949951171875,2384.14990234375,2385.60009765625,77550,HINDUNILVR
2024-02-19 05:45:00+00:00,2390.39990234375,2392.949951171875,2385.10009765625,2389.300048828125,58756,HINDUNILVR
2024-02-19 06:45:00+00:00,2392.35009765625,2393.949951171875,2387.699951171875,2390.0,76065,HINDUNILVR
2024-02-19 07:45:00+00:00,2387.050048828125,2394.75,2387.0,2393.35009765625,54867,HINDUNILVR
2024-02-19 08:45:00+00:00,2387.89990234375,2391.449951171875,2382.39990234375,2387.25,110748,HINDUNILVR
2024-02-19 09:45:00+00:00,2387.14990234375,2390.0,2385.0,2387.89990234375,57708,HINDUNILVR
2024-02-20 03:45:00+00:00,2370.75,2383.949951171875,2368.199951171875,2381.699951171875,0,HINDUNILVR
2024-02-20 04:45:00+00:00,2376.14990234375,2377.0,2369.39990234375,2370.800048828125,88316,HINDUNILVR
2024-02-20 05:45:00+00:00,2387.0,2387.0,2375.35009765625,2376.199951171875,106879,HINDUNILVR
2024-02-20 06:45:00+00:00,2388.550048828125,2393.85009765625,2383.5,2386.949951171875,115093,HINDUNILVR
2024-02-20 07:45:00+00:00,2386.449951171875,2391.0,2380.35009765625,2388.5,119327,HINDUNILVR
2024-02-20 08:45:00+00:00,2404.949951171875,2408.449951171875,2385.0,2386.199951171875,242231,HINDUNILVR
2024-02-20 09:45:00+00:00,2404.10009765625,2408.0,2403.550048828125,2404.949951171875,135898,HINDUNILVR
2024-02-21 03:45:00+00:00,2405.0,2411.800048828125,2396.0,2398.050048828125,0,HINDUNILVR
2024-02-21 04:45:00+00:00,2410.050048828125,2411.0,2398.14990234375,2405.0,132514,HINDUNILVR
2024-02-21 05:45:00+00:00,2418.300048828125,2418.75,2409.949951171875,2410.0,141599,HINDUNILVR
2024-02-21 06:45:00+00:00,2417.0,2422.800048828125,2415.050048828125,2418.300048828125,152282,HINDUNILVR
2024-02-21 07:45:00+00:00,2410.199951171875,2420.0,2407.300048828125,2417.050048828125,167696,HINDUNILVR
2024-02-21 08:45:00+00:00,2410.64990234375,2413.64990234375,2395.10009765625,2410.14990234375,264331,HINDUNILVR
2024-02-21 09:45:00+00:00,2407.10009765625,2411.0,2400.0,2410.64990234375,148094,HINDUNILVR
2024-02-22 03:45:00+00:00,2380.050048828125,2414.0,2373.050048828125,2412.449951171875,0,HINDUNILVR
2024-02-22 04:45:00+00:00,2369.699951171875,2380.75,2365.800048828125,2380.0,360854,HINDUNILVR
2024-02-22 05:45:00+00:00,2369.5,2372.64990234375,2368.0,2369.5,271306,HINDUNILVR
2024-02-22 06:45:00+00:00,2371.449951171875,2375.0,2366.050048828125,2369.449951171875,159712,HINDUNILVR
2024-02-22 07:45:00+00:00,2383.449951171875,2384.5,2369.60009765625,2371.449951171875,207210,HINDUNILVR
2024-02-22 08:45:00+00:00,2385.449951171875,2401.75,2382.35009765625,2383.449951171875,570663,HINDUNILVR
2024-02-22 09:45:00+00:00,2390.0,2392.0,2384.199951171875,2385.449951171875,261509,HINDUNILVR
2024-02-23 03:45:00+00:00,2394.60009765625,2400.0,2384.60009765625,2393.0,221240,HINDUNILVR
2024-02-23 04:45:00+00:00,2390.949951171875,2398.0,2386.699951171875,2394.60009765625,124288,HINDUNILVR
2024-02-23 05:45:00+00:00,2392.300048828125,2395.949951171875,2388.85009765625,2390.39990234375,105222,HINDUNILVR
2024-02-23 06:45:00+00:00,2393.0,2398.800048828125,2391.75,2392.550048828125,189686,HINDUNILVR
2024-02-23 07:45:00+00:00,2396.25,2399.0,2392.0,2393.699951171875,100616,HINDUNILVR
2024-02-23 08:45:00+00:00,2392.10009765625,2399.0,2387.10009765625,2396.25,309344,HINDUNILVR
2024-02-23 09:45:00+00:00,2405.0,2405.5,2391.25,2392.10009765625,160115,HINDUNILVR
2024-02-26 03:45:00+00:00,2385.300048828125,2392.0,2382.0,2392.0,0,HINDUNILVR
2024-02-26 04:45:00+00:00,2387.800048828125,2392.75,2383.60009765625,2385.300048828125,123512,HINDUNILVR
2024-02-26 05:45:00+00:00,2383.449951171875,2390.0,2382.10009765625,2387.800048828125,98328,HINDUNILVR
2024-02-26 06:45:00+00:00,2380.5,2389.89990234375,2380.0,2383.050048828125,151462,HINDUNILVR
2024-02-26 07:45:00+00:00,2394.60009765625,2397.0,2380.10009765625,2380.5,109251,HINDUNILVR
2024-02-26 08:45:00+00:00,2405.5,2406.550048828125,2392.449951171875,2394.300048828125,165633,HINDUNILVR
2024-02-26 09:45:00+00:00,2404.25,2406.0,2401.949951171875,2405.550048828125,93883,HINDUNILVR
2024-02-27 03:45:00+00:00,2393.60009765625,2408.949951171875,2391.199951171875,2404.10009765625,0,HINDUNILVR
2024-02-27 04:45:00+00:00,2399.39990234375,2404.449951171875,2392.800048828125,2393.60009765625,133477,HINDUNILVR
2024-02-27 05:45:00+00:00,2395.050048828125,2403.699951171875,2392.300048828125,2398.5,122259,HINDUNILVR
2024-02-27 06:45:00+00:00,2398.85009765625,2402.35009765625,2389.14990234375,2395.300048828125,161769,HINDUNILVR
2024-02-27 07:45:00+00:00,2399.800048828125,2401.10009765625,2393.10009765625,2398.89990234375,146026,HINDUNILVR
2024-02-27 08:45:00+00:00,2406.550048828125,2408.0,2396.75,2399.800048828125,233919,HINDUNILVR
2024-02-27 09:45:00+00:00,2405.300048828125,2408.0,2402.050048828125,2406.5,112797,HINDUNILVR
2024-02-28 03:45:00+00:00,2412.5,2416.199951171875,2406.35009765625,2410.14990234375,0,HINDUNILVR
2024-02-28 04:45:00+00:00,2406.39990234375,2419.0,2404.800048828125,2412.5,91210,HINDUNILVR
2024-02-28 05:45:00+00:00,2410.949951171875,2412.89990234375,2401.0,2406.25,72544,HINDUNILVR
2024-02-28 06:45:00+00:00,2411.550048828125,2414.89990234375,2407.449951171875,2411.0,56142,HINDUNILVR
2024-02-28 07:45:00+00:00,2418.0,2419.949951171875,2410.199951171875,2411.10009765625,85187,HINDUNILVR
2024-02-28 08:45:00+00:00,2423.949951171875,2424.0,2412.85009765625,2418.0,142513,HINDUNILVR
2024-02-28 09:45:00+00:00,2421.550048828125,2425.0,2419.0,2423.949951171875,76258,HINDUNILVR
2024-02-29 03:45:00+00:00,2400.14990234375,2428.75,2400.10009765625,2427.14990234375,0,HINDUNILVR
2024-02-29 04:45:00+00:00,2416.949951171875,2417.800048828125,2397.25,2400.14990234375,297101,HINDUNILVR
2024-02-29 05:45:00+00:00,2415.199951171875,2421.199951171875,2409.10009765625,2416.949951171875,200207,HINDUNILVR
2024-02-29 06:45:00+00:00,2417.89990234375,2420.0,2405.10009765625,2415.199951171875,289815,HINDUNILVR
2024-02-29 07:45:00+00:00,2415.35009765625,2421.0,2410.0,2417.449951171875,283317,HINDUNILVR
2024-02-29 08:45:00+00:00,2413.60009765625,2419.60009765625,2408.0,2415.0,962897,HINDUNILVR
2024-02-29 09:45:00+00:00,2404.800048828125,2414.89990234375,2401.89990234375,2413.699951171875,569568,HINDUNILVR
2024-03-01 03:45:00+00:00,2436.35009765625,2437.800048828125,2404.0,2411.85009765625,0,HINDUNILVR
2024-03-01 04:45:00+00:00,2428.14990234375,2438.699951171875,2421.0,2436.39990234375,221242,HINDUNILVR
2024-03-01 05:45:00+00:00,2425.050048828125,2436.85009765625,2424.300048828125,2428.60009765625,264757,HINDUNILVR
2024-03-01 06:45:00+00:00,2425.699951171875,2432.85009765625,2423.10009765625,2425.10009765625,543426,HINDUNILVR
2024-03-01 07:45:00+00:00,2424.449951171875,2429.89990234375,2424.0,2425.699951171875,251604,HINDUNILVR
2024-03-01 08:45:00+00:00,2408.10009765625,2425.199951171875,2407.050048828125,2424.449951171875,480361,HINDUNILVR
2024-03-01 09:45:00+00:00,2409.699951171875,2411.300048828125,2404.0,2408.300048828125,173401,HINDUNILVR
2024-03-04 03:45:00+00:00,2416.449951171875,2419.949951171875,2404.39990234375,2416.25,187073,HINDUNILVR
2024-03-04 04:45:00+00:00,2425.5,2426.449951171875,2412.14990234375,2416.10009765625,139869,HINDUNILVR
2024-03-04 05:45:00+00:00,2422.050048828125,2427.89990234375,2420.64990234375,2425.0,203405,HINDUNILVR
2024-03-04 06:45:00+00:00,2420.550048828125,2424.699951171875,2419.85009765625,2422.050048828125,224667,HINDUNILVR
2024-03-04 07:45:00+00:00,2420.949951171875,2422.449951171875,2419.550048828125,2420.35009765625,162904,HINDUNILVR
2024-03-04 08:45:00+00:00,2423.550048828125,2423.699951171875,2420.0,2421.300048828125,434129,HINDUNILVR
2024-03-04 09:45:00+00:00,2421.0,2423.60009765625,2420.0,2423.550048828125,106242,HINDUNILVR
2024-03-05 03:45:00+00:00,2399.85009765625,2417.39990234375,2398.0,2417.39990234375,0,HINDUNILVR
2024-03-05 04:45:00+00:00,2397.050048828125,2401.550048828125,2391.10009765625,2399.89990234375,219503,HINDUNILVR
2024-03-05 05:45:00+00:00,2402.050048828125,2403.550048828125,2395.5,2397.25,217097,HINDUNILVR
2024-03-05 06:45:00+00:00,2401.25,2405.949951171875,2401.10009765625,2401.949951171875,160503,HINDUNILVR
2024-03-05 07:45:00+00:00,2401.85009765625,2402.800048828125,2399.85009765625,2401.300048828125,144990,HINDUNILVR
2024-03-05 08:45:00+00:00,2400.050048828125,2408.449951171875,2400.0,2401.85009765625,307372,HINDUNILVR
2024-03-05 09:45:00+00:00,2399.85009765625,2402.0,2394.85009765625,2400.050048828125,181707,HINDUNILVR
2024-03-06 03:45:00+00:00,2396.5,2405.949951171875,2381.0,2405.0,0,HINDUNILVR
2024-03-06 04:45:00+00:00,2381.199951171875,2396.64990234375,2381.199951171875,2396.5,120197,HINDUNILVR
2024-03-06 05:45:00+00:00,2381.0,2382.949951171875,2375.300048828125,2380.5,167298,HINDUNILVR
2024-03-06 06:45:00+00:00,2383.550048828125,2384.800048828125,2379.5,2381.199951171875,105096,HINDUNILVR
2024-03-06 07:45:00+00:00,2392.85009765625,2395.10009765625,2383.14990234375,2383.60009765625,240929,HINDUNILVR
2024-03-06 08:45:00+00:00,2399.550048828125,2402.35009765625,2392.550048828125,2392.85009765625,367609,HINDUNILVR
2024-03-06 09:45:00+00:00,2400.800048828125,2405.39990234375,2398.050048828125,2399.89990234375,165283,HINDUNILVR
2024-03-07 03:45:00+00:00,2406.0,2419.89990234375,2405.050048828125,2406.0,0,HINDUNILVR
2024-03-07 04:45:00+00:00,2417.85009765625,2421.89990234375,2403.64990234375,2403.64990234375,244771,HINDUNILVR
2024-03-07 05:45:00+00:00,2419.5,2422.0,2414.25,2418.60009765625,112816,HINDUNILVR
2024-03-07 06:45:00+00:00,2423.25,2426.0,2419.35009765625,2420.25,331583,HINDUNILVR
2024-03-07 07:45:00+00:00,2422.0,2424.800048828125,2417.0,2423.25,359588,HINDUNILVR
2024-03-07 08:45:00+00:00,2420.050048828125,2425.0,2418.0,2422.0,419409,HINDUNILVR
2024-03-07 09:45:00+00:00,2419.550048828125,2420.699951171875,2408.800048828125,2420.050048828125,0,HINDUNILVR
2024-03-11 03:45:00+00:00,2405.949951171875,2413.0,2401.75,2408.0,0,HINDUNILVR
2024-03-11 04:45:00+00:00,2405.5,2410.5,2404.35009765625,2405.050048828125,197191,HINDUNILVR
2024-03-11 05:45:00+00:00,2402.75,2406.85009765625,2402.75,2405.5,148324,HINDUNILVR
2024-03-11 06:45:00+00:00,2402.300048828125,2405.89990234375,2401.5,2402.75,217512,HINDUNILVR
2024-03-11 07:45:00+00:00,2396.5,2405.25,2396.5,2402.35009765625,198120,HINDUNILVR
2024-03-11 08:45:00+00:00,2385.199951171875,2400.050048828125,2385.0,2396.5,596074,HINDUNILVR
2024-03-11 09:45:00+00:00,2389.85009765625,2390.949951171875,2383.64990234375,2385.199951171875,324832,HINDUNILVR
2024-03-12 03:45:00+00:00,2366.75,2376.050048828125,2360.85009765625,2370.35009765625,0,HINDUNILVR
2024-03-12 04:45:00+00:00,2377.0,2377.75,2365.89990234375,2367.25,150481,HINDUNILVR
2024-03-12 05:45:00+00:00,2376.64990234375,2383.199951171875,2371.10009765625,2377.050048828125,133985,HINDUNILVR
2024-03-12 06:45:00+00:00,2376.14990234375,2383.89990234375,2373.050048828125,2376.5,100934,HINDUNILVR
2024-03-12 07:45:00+00:00,2372.0,2377.0,2371.0,2376.14990234375,97848,HINDUNILVR
2024-03-12 08:45:00+00:00,2377.39990234375,2378.699951171875,2366.0,2372.199951171875,184102,HINDUNILVR
2024-03-12 09:45:00+00:00,2379.60009765625,2380.75,2375.199951171875,2377.39990234375,99148,HINDUNILVR
2024-03-13 03:45:00+00:00,2359.75,2374.699951171875,2353.85009765625,2374.699951171875,0,HINDUNILVR
2024-03-13 04:45:00+00:00,2357.800048828125,2362.25,2356.800048828125,2359.35009765625,314980,HINDUNILVR
2024-03-13 05:45:00+00:00,2334.199951171875,2359.10009765625,2334.0,2358.050048828125,421192,HINDUNILVR
2024-03-13 06:45:00+00:00,2327.89990234375,2334.199951171875,2324.10009765625,2334.14990234375,172545,HINDUNILVR
2024-03-13 07:45:00+00:00,2306.10009765625,2328.75,2305.25,2327.949951171875,231387,HINDUNILVR
2024-03-13 08:45:00+00:00,2309.300048828125,2319.949951171875,2303.85009765625,2306.0,543181,HINDUNILVR
2024-03-13 09:45:00+00:00,2312.60009765625,2319.85009765625,2309.25,2309.300048828125,272093,HINDUNILVR
2024-03-14 03:45:00+00:00,2330.10009765625,2332.800048828125,2303.64990234375,2303.64990234375,0,HINDUNILVR
2024-03-14 04:45:00+00:00,2325.89990234375,2331.14990234375,2315.949951171875,2330.10009765625,209544,HINDUNILVR
2024-03-14 05:45:00+00:00,2334.449951171875,2337.949951171875,2325.0,2325.550048828125,295104,HINDUNILVR
2024-03-14 06:45:00+00:00,2335.39990234375,2339.550048828125,2331.39990234375,2334.5,175059,HINDUNILVR
2024-03-14 07:45:00+00:00,2339.60009765625,2340.64990234375,2334.050048828125,2335.39990234375,231146,HINDUNILVR
2024-03-14 08:45:00+00:00,2332.699951171875,2341.60009765625,2332.199951171875,2339.949951171875,681438,HINDUNILVR
2024-03-14 09:45:00+00:00,2336.0,2336.800048828125,2332.0,2333.35009765625,270385,HINDUNILVR
2024-03-15 03:45:00+00:00,2323.10009765625,2335.949951171875,2318.800048828125,2333.800048828125,0,HINDUNILVR
2024-03-15 04:45:00+00:00,2319.5,2325.0,2317.0,2322.949951171875,198923,HINDUNILVR
2024-03-15 05:45:00+00:00,2321.64990234375,2324.800048828125,2318.300048828125,2319.5,123991,HINDUNILVR
2024-03-15 06:45:00+00:00,2321.10009765625,2324.89990234375,2319.5,2322.0,214751,HINDUNILVR
2024-03-15 07:45:00+00:00,2319.89990234375,2322.5,2315.89990234375,2321.050048828125,197286,HINDUNILVR
2024-03-15 08:45:00+00:00,2329.10009765625,2331.050048828125,2318.5,2320.0,1126433,HINDUNILVR
2024-03-15 09:45:00+00:00,2327.699951171875,2332.75,2320.0,2329.14990234375,675843,HINDUNILVR
2024-03-18 03:45:00+00:00,2302.75,2323.60009765625,2301.300048828125,2323.60009765625,0,HINDUNILVR
2024-03-18 04:45:00+00:00,2304.449951171875,2310.0,2302.0,2302.949951171875,293008,HINDUNILVR
2024-03-18 05:45:00+00:00,2306.14990234375,2308.699951171875,2303.25,2304.39990234375,226025,HINDUNILVR
2024-03-18 06:45:00+00:00,2306.199951171875,2309.35009765625,2303.60009765625,2306.14990234375,269075,HINDUNILVR
2024-03-18 07:45:00+00:00,2303.14990234375,2307.199951171875,2302.75,2306.199951171875,326720,HINDUNILVR
2024-03-18 08:45:00+00:00,2299.10009765625,2307.25,2299.0,2302.75,540239,HINDUNILVR
2024-03-18 09:45:00+00:00,2299.949951171875,2299.949951171875,2297.0,2299.0,170970,HINDUNILVR
2024-03-19 03:45:00+00:00,2273.10009765625,2303.89990234375,2272.949951171875,2289.949951171875,0,HINDUNILVR
2024-03-19 04:45:00+00:00,2264.800048828125,2274.39990234375,2258.0,2273.050048828125,1049937,HINDUNILVR
2024-03-19 05:45:00+00:00,2268.0,2269.699951171875,2261.949951171875,2264.800048828125,269449,HINDUNILVR
2024-03-19 06:45:00+00:00,2270.0,2271.5,2262.0,2268.0,365318,HINDUNILVR
2024-03-19 07:45:00+00:00,2250.10009765625,2270.050048828125,2250.0,2270.0,690222,HINDUNILVR
2024-03-19 08:45:00+00:00,2266.64990234375,2269.14990234375,2248.550048828125,2250.10009765625,828757,HINDUNILVR
2024-03-19 09:45:00+00:00,2270.0,2272.800048828125,2265.14990234375,2266.35009765625,258552,HINDUNILVR
2024-03-20 03:45:00+00:00,2252.89990234375,2265.449951171875,2250.0,2250.0,0,HINDUNILVR
2024-03-20 04:45:00+00:00,2256.10009765625,2260.800048828125,2240.0,2252.89990234375,349080,HINDUNILVR
2024-03-20 05:45:00+00:00,2249.85009765625,2256.89990234375,2249.0,2256.89990234375,319829,HINDUNILVR
2024-03-20 06:45:00+00:00,2251.25,2255.449951171875,2245.949951171875,2249.85009765625,413348,HINDUNILVR
2024-03-20 07:45:00+00:00,2250.949951171875,2257.0,2247.0,2251.050048828125,391339,HINDUNILVR
2024-03-20 08:45:00+00:00,2240.949951171875,2252.85009765625,2240.199951171875,2251.35009765625,618057,HINDUNILVR
2024-03-20 09:45:00+00:00,2241.949951171875,2244.699951171875,2240.550048828125,2241.0,226298,HINDUNILVR
2024-03-21 03:45:00+00:00,2248.050048828125,2250.300048828125,2237.75,2242.35009765625,0,HINDUNILVR
2024-03-21 04:45:00+00:00,2248.64990234375,2254.89990234375,2243.89990234375,2248.050048828125,317680,HINDUNILVR
2024-03-21 05:45:00+00:00,2250.0,2252.0,2245.5,2249.300048828125,323509,HINDUNILVR
2024-03-21 06:45:00+00:00,2255.10009765625,2259.14990234375,2247.0,2249.85009765625,254070,HINDUNILVR
2024-03-21 07:45:00+00:00,2245.0,2257.0,2240.64990234375,2255.0,543730,HINDUNILVR
2024-03-21 08:45:00+00:00,2242.60009765625,2248.10009765625,2238.449951171875,2244.89990234375,1030231,HINDUNILVR
2024-03-21 09:45:00+00:00,2242.35009765625,2250.0,2241.35009765625,2241.550048828125,390572,HINDUNILVR
2024-03-22 03:45:00+00:00,2247.10009765625,2258.0,2232.10009765625,2247.64990234375,0,HINDUNILVR
2024-03-22 04:45:00+00:00,2248.10009765625,2258.0,2244.14990234375,2247.10009765625,398977,HINDUNILVR
2024-03-22 05:45:00+00:00,2260.64990234375,2265.14990234375,2248.0,2248.0,511954,HINDUNILVR
2024-03-22 06:45:00+00:00,2251.699951171875,2261.89990234375,2250.25,2260.800048828125,355917,HINDUNILVR
2024-03-22 07:45:00+00:00,2247.800048828125,2254.39990234375,2247.0,2251.699951171875,423523,HINDUNILVR
2024-03-22 08:45:00+00:00,2256.0,2265.0,2247.39990234375,2247.949951171875,789126,HINDUNILVR
2024-03-22 09:45:00+00:00,2256.550048828125,2264.0,2254.0,2255.949951171875,253469,HINDUNILVR
2024-03-26 03:45:00+00:00,2243.89990234375,2250.449951171875,2239.0,2239.949951171875,0,HINDUNILVR
2024-03-26 04:45:00+00:00,2241.89990234375,2247.199951171875,2234.14990234375,2243.89990234375,543898,HINDUNILVR
2024-03-26 05:45:00+00:00,2248.300048828125,2251.5,2241.050048828125,2241.699951171875,287020,HINDUNILVR
2024-03-26 06:45:00+00:00,2254.050048828125,2259.14990234375,2246.449951171875,2248.300048828125,244150,HINDUNILVR
2024-03-26 07:45:00+00:00,2249.949951171875,2255.0,2247.050048828125,2253.85009765625,201632,HINDUNILVR
2024-03-26 08:45:00+00:00,2238.39990234375,2250.0,2238.0,2250.0,603888,HINDUNILVR
2024-03-26 09:45:00+00:00,2240.0,2245.550048828125,2237.300048828125,2238.25,481370,HINDUNILVR
2024-03-27 03:45:00+00:00,2256.25,2263.0,2243.300048828125,2246.699951171875,0,HINDUNILVR
2024-03-27 04:45:00+00:00,2251.550048828125,2258.199951171875,2248.050048828125,2256.800048828125,214640,HINDUNILVR
2024-03-27 05:45:00+00:00,2247.699951171875,2254.5,2245.300048828125,2251.550048828125,273129,HINDUNILVR
2024-03-27 06:45:00+00:00,2241.0,2248.0,2240.0,2248.0,220619,HINDUNILVR
2024-03-27 07:45:00+00:00,2244.60009765625,2246.449951171875,2236.85009765625,2240.89990234375,310023,HINDUNILVR
2024-03-27 08:45:00+00:00,2239.89990234375,2248.550048828125,2236.0,2244.39990234375,501932,HINDUNILVR
2024-03-27 09:45:00+00:00,2239.699951171875,2244.60009765625,2238.5,2239.800048828125,316587,HINDUNILVR
2024-03-28 03:45:00+00:00,2248.89990234375,2255.10009765625,2240.449951171875,2245.89990234375,0,HINDUNILVR
2024-03-28 04:45:00+00:00,2255.64990234375,2258.5,2246.75,2249.449951171875,237453,HINDUNILVR
2024-03-28 05:45:00+00:00,2266.800048828125,2267.050048828125,2252.449951171875,2255.25,241666,HINDUNILVR
2024-03-28 06:45:00+00:00,2272.949951171875,2276.75,2265.050048828125,2266.800048828125,369524,HINDUNILVR
2024-03-28 07:45:00+00:00,2280.75,2281.949951171875,2272.10009765625,2272.89990234375,284691,HINDUNILVR
2024-03-28 08:45:00+00:00,2261.35009765625,2287.800048828125,2258.25,2281.5,1104920,HINDUNILVR
2024-03-28 09:45:00+00:00,2264.35009765625,2270.0,2258.0,2261.39990234375,0,HINDUNILVR
2024-04-01 03:45:00+00:00,2285.300048828125,2288.39990234375,2262.449951171875,2267.10009765625,0,HINDUNILVR
2024-04-01 04:45:00+00:00,2286.800048828125,2287.64990234375,2278.800048828125,2286.0,230502,HINDUNILVR
2024-04-01 05:45:00+00:00,2288.0,2294.949951171875,2283.60009765625,2286.800048828125,189505,HINDUNILVR
2024-04-01 06:45:00+00:00,2285.0,2290.0,2282.199951171875,2288.0,153285,HINDUNILVR
2024-04-01 07:45:00+00:00,2281.35009765625,2288.0,2281.14990234375,2285.050048828125,186922,HINDUNILVR
2024-04-01 08:45:00+00:00,2286.35009765625,2287.449951171875,2279.800048828125,2281.35009765625,222405,HINDUNILVR
2024-04-01 09:45:00+00:00,2288.949951171875,2288.949951171875,2285.800048828125,2286.199951171875,105204,HINDUNILVR
2024-04-02 03:45:00+00:00,2287.60009765625,2295.050048828125,2282.550048828125,2295.050048828125,0,HINDUNILVR
2024-04-02 04:45:00+00:00,2280.10009765625,2288.449951171875,2277.050048828125,2287.75,141520,HINDUNILVR
2024-04-02 05:45:00+00:00,2283.39990234375,2285.0,2278.35009765625,2281.5,73117,HINDUNILVR
2024-04-02 06:45:00+00:00,2289.300048828125,2292.449951171875,2282.050048828125,2282.75,140939,HINDUNILVR
2024-04-02 07:45:00+00:00,2283.0,2289.35009765625,2280.0,2289.300048828125,238534,HINDUNILVR
2024-04-02 08:45:00+00:00,2286.449951171875,2287.75,2281.0,2281.949951171875,246087,HINDUNILVR
2024-04-02 09:45:00+00:00,2287.050048828125,2287.449951171875,2285.0,2286.449951171875,170355,HINDUNILVR
2024-04-03 03:45:00+00:00,2267.39990234375,2281.199951171875,2261.10009765625,2281.199951171875,0,HINDUNILVR
2024-04-03 04:45:00+00:00,2270.60009765625,2272.0,2266.25,2267.449951171875,151212,HINDUNILVR
2024-04-03 05:45:00+00:00,2272.60009765625,2274.800048828125,2270.550048828125,2270.550048828125,94756,HINDUNILVR
2024-04-03 06:45:00+00:00,2275.25,2279.35009765625,2272.5,2272.60009765625,125491,HINDUNILVR
2024-04-03 07:45:00+00:00,2273.39990234375,2278.0,2271.0,2275.60009765625,79886,HINDUNILVR
2024-04-03 08:45:00+00:00,2265.0,2273.800048828125,2263.300048828125,2273.699951171875,266950,HINDUNILVR
2024-04-03 09:45:00+00:00,2266.0,2266.89990234375,2263.64990234375,2265.0,150957,HINDUNILVR
2024-04-04 03:45:00+00:00,2252.550048828125,2273.64990234375,2252.5,2266.800048828125,0,HINDUNILVR
2024-04-04 04:45:00+00:00,2264.0,2264.800048828125,2249.300048828125,2253.0,280116,HINDUNILVR
2024-04-04 05:45:00+00:00,2269.60009765625,2269.64990234375,2256.39990234375,2264.0,215242,HINDUNILVR
2024-04-04 06:45:00+00:00,2272.64990234375,2278.800048828125,2266.25,2269.64990234375,319663,HINDUNILVR
2024-04-04 07:45:00+00:00,2271.60009765625,2281.89990234375,2270.89990234375,2272.75,267014,HINDUNILVR
2024-04-04 08:45:00+00:00,2265.199951171875,2274.14990234375,2261.550048828125,2272.10009765625,229007,HINDUNILVR
2024-04-04 09:45:00+00:00,2264.949951171875,2267.89990234375,2263.89990234375,2265.14990234375,80832,HINDUNILVR
2024-04-05 03:45:00+00:00,2270.25,2275.35009765625,2258.449951171875,2266.949951171875,0,HINDUNILVR
2024-04-05 04:45:00+00:00,2272.85009765625,2273.800048828125,2266.14990234375,2270.35009765625,117415,HINDUNILVR
2024-04-05 05:45:00+00:00,2269.800048828125,2274.35009765625,2268.0,2273.050048828125,161028,HINDUNILVR
2024-04-05 06:45:00+00:00,2279.550048828125,2279.800048828125,2269.199951171875,2269.800048828125,196070,HINDUNILVR
2024-04-05 07:45:00+00:00,2268.800048828125,2280.5,2268.0,2279.449951171875,146199,HINDUNILVR
2024-04-05 08:45:00+00:00,2267.550048828125,2270.699951171875,2266.0,2268.699951171875,174642,HINDUNILVR
2024-04-05 09:45:00+00:00,2266.0,2268.75,2265.25,2267.5,142275,HINDUNILVR
2024-04-08 03:45:00+00:00,2282.60009765625,2288.949951171875,2268.39990234375,2272.14990234375,0,HINDUNILVR
2024-04-08 04:45:00+00:00,2272.449951171875,2283.10009765625,2272.0,2282.949951171875,108041,HINDUNILVR
2024-04-08 05:45:00+00:00,2277.699951171875,2279.949951171875,2271.0,2272.5,137667,HINDUNILVR
2024-04-08 06:45:00+00:00,2274.85009765625,2280.0,2272.10009765625,2277.699951171875,217432,HINDUNILVR
2024-04-08 07:45:00+00:00,2271.949951171875,2275.35009765625,2270.14990234375,2275.35009765625,90917,HINDUNILVR
2024-04-08 08:45:00+00:00,2269.39990234375,2271.89990234375,2267.199951171875,2271.89990234375,199416,HINDUNILVR
2024-04-08 09:45:00+00:00,2270.0,2270.0,2268.050048828125,2269.800048828125,99299,HINDUNILVR
2024-04-09 03:45:00+00:00,2272.550048828125,2274.60009765625,2263.10009765625,2270.60009765625,0,HINDUNILVR
2024-04-09 04:45:00+00:00,2266.85009765625,2273.199951171875,2266.10009765625,2272.5,115489,HINDUNILVR
2024-04-09 05:45:00+00:00,2259.5,2267.85009765625,2258.75,2266.5,189518,HINDUNILVR
2024-04-09 06:45:00+00:00,2266.449951171875,2268.39990234375,2255.75,2259.5,161700,HINDUNILVR
2024-04-09 07:45:00+00:00,2264.64990234375,2267.89990234375,2263.0,2266.449951171875,107109,HINDUNILVR
2024-04-09 08:45:00+00:00,2263.550048828125,2267.5,2261.35009765625,2264.0,171096,HINDUNILVR
2024-04-09 09:45:00+00:00,2267.85009765625,2267.85009765625,2262.699951171875,2263.64990234375,130174,HINDUNILVR
2024-04-10 03:45:00+00:00,2264.449951171875,2273.699951171875,2262.25,2271.449951171875,0,HINDUNILVR
2024-04-10 04:45:00+00:00,2260.25,2265.75,2259.5,2264.550048828125,212100,HINDUNILVR
2024-04-10 05:45:00+00:00,2263.300048828125,2265.35009765625,2259.449951171875,2260.5,226990,HINDUNILVR
2024-04-10 06:45:00+00:00,2261.25,2264.5,2259.699951171875,2263.39990234375,145258,HINDUNILVR
2024-04-10 07:45:00+00:00,2260.89990234375,2266.39990234375,2260.0,2261.199951171875,455834,HINDUNILVR
2024-04-10 08:45:00+00:00,2259.85009765625,2266.550048828125,2258.5,2262.050048828125,718108,HINDUNILVR
2024-04-10 09:45:00+00:00,2260.89990234375,2261.199951171875,2258.550048828125,2259.800048828125,201645,HINDUNILVR
2024-04-12 03:45:00+00:00,2242.0,2264.25,2241.0,2262.800048828125,0,HINDUNILVR
2024-04-12 04:45:00+00:00,2245.800048828125,2248.35009765625,2241.14990234375,2242.14990234375,359085,HINDUNILVR
2024-04-12 05:45:00+00:00,2247.449951171875,2250.0,2244.85009765625,2245.800048828125,251793,HINDUNILVR
2024-04-12 06:45:00+00:00,2240.10009765625,2247.699951171875,2238.60009765625,2247.449951171875,376139,HINDUNILVR
2024-04-12 07:45:00+00:00,2240.050048828125,2243.050048828125,2238.75,2240.050048828125,354945,HINDUNILVR
2024-04-12 08:45:00+00:00,2231.39990234375,2241.449951171875,2231.10009765625,2239.449951171875,1013451,HINDUNILVR
2024-04-12 09:45:00+00:00,2232.300048828125,2234.0,2228.60009765625,2231.39990234375,313688,HINDUNILVR
2024-04-15 03:45:00+00:00,2195.0,2223.85009765625,2191.5,2222.5,0,HINDUNILVR
2024-04-15 04:45:00+00:00,2193.449951171875,2198.0,2193.0,2195.0,970304,HINDUNILVR
2024-04-15 05:45:00+00:00,2194.0,2195.14990234375,2191.300048828125,2193.39990234375,627166,HINDUNILVR
2024-04-15 06:45:00+00:00,2193.0,2195.699951171875,2190.0,2194.0,423952,HINDUNILVR
2024-04-15 07:45:00+00:00,2195.10009765625,2197.199951171875,2191.60009765625,2193.0,607081,HINDUNILVR
2024-04-15 08:45:00+00:00,2194.85009765625,2196.5,2193.85009765625,2195.10009765625,844328,HINDUNILVR
2024-04-15 09:45:00+00:00,2194.60009765625,2196.60009765625,2191.75,2194.89990234375,421771,HINDUNILVR
2024-04-16 03:45:00+00:00,2190.14990234375,2195.0,2174.300048828125,2181.0,0,HINDUNILVR
2024-04-16 04:45:00+00:00,2200.449951171875,2200.75,2187.10009765625,2189.800048828125,420642,HINDUNILVR
2024-04-16 05:45:00+00:00,2217.14990234375,2218.050048828125,2199.949951171875,2200.35009765625,484809,HINDUNILVR
2024-04-16 06:45:00+00:00,2209.949951171875,2217.60009765625,2207.35009765625,2217.14990234375,254905,HINDUNILVR
2024-04-16 07:45:00+00:00,2214.10009765625,2215.449951171875,2204.39990234375,2210.0,226672,HINDUNILVR
2024-04-16 08:45:00+00:00,2217.85009765625,2219.300048828125,2210.39990234375,2214.0,325327,HINDUNILVR
2024-04-16 09:45:00+00:00,2220.800048828125,2231.25,2216.0,2217.89990234375,283780,HINDUNILVR
2024-04-18 03:45:00+00:00,2216.800048828125,2237.60009765625,2216.10009765625,2220.0,0,HINDUNILVR
2024-04-18 04:45:00+00:00,2227.300048828125,2228.75,2216.0,2216.800048828125,459801,HINDUNILVR
2024-04-18 05:45:00+00:00,2230.5,2232.0,2222.199951171875,2227.300048828125,357988,HINDUNILVR
2024-04-18 06:45:00+00:00,2230.75,2233.75,2229.0,2230.5,147223,HINDUNILVR
2024-04-18 07:45:00+00:00,2229.14990234375,2232.699951171875,2210.0,2230.85009765625,452270,HINDUNILVR
2024-04-18 08:45:00+00:00,2214.39990234375,2229.25,2211.050048828125,2227.39990234375,863369,HINDUNILVR
2024-04-18 09:45:00+00:00,2216.949951171875,2218.60009765625,2210.0,2214.39990234375,225560,HINDUNILVR
2024-04-19 03:45:00+00:00,2227.89990234375,2234.0,2196.0,2217.449951171875,0,HINDUNILVR
2024-04-19 04:45:00+00:00,2218.35009765625,2229.85009765625,2218.35009765625,2227.449951171875,209371,HINDUNILVR
2024-04-19 05:45:00+00:00,2228.050048828125,2229.449951171875,2216.64990234375,2219.10009765625,214125,HINDUNILVR
2024-04-19 06:45:00+00:00,2235.10009765625,2239.85009765625,2227.39990234375,2228.10009765625,215813,HINDUNILVR
2024-04-19 07:45:00+00:00,2236.60009765625,2243.75,2228.050048828125,2235.14990234375,258970,HINDUNILVR
2024-04-19 08:45:00+00:00,2234.25,2242.949951171875,2229.050048828125,2236.550048828125,592811,HINDUNILVR
2024-04-19 09:45:00+00:00,2231.60009765625,2235.550048828125,2225.89990234375,2234.14990234375,224555,HINDUNILVR
2024-04-22 03:45:00+00:00,2230.449951171875,2252.14990234375,2229.050048828125,2242.85009765625,0,HINDUNILVR
2024-04-22 04:45:00+00:00,2238.0,2239.449951171875,2230.0,2230.449951171875,385343,HINDUNILVR
2024-04-22 05:45:00+00:00,2242.5,2244.0,2237.449951171875,2237.5,302487,HINDUNILVR
2024-04-22 06:45:00+00:00,2243.0,2244.449951171875,2240.0,2242.550048828125,143712,HINDUNILVR
2024-04-22 07:45:00+00:00,2245.050048828125,2246.5,2240.199951171875,2241.949951171875,191829,HINDUNILVR
2024-04-22 08:45:00+00:00,2242.0,2246.050048828125,2240.199951171875,2245.0,223826,HINDUNILVR
2024-04-22 09:45:00+00:00,2241.5,2246.949951171875,2239.89990234375,2241.800048828125,202103,HINDUNILVR
2024-04-23 03:45:00+00:00,2259.85009765625,2262.5,2249.050048828125,2251.800048828125,0,HINDUNILVR
2024-04-23 04:45:00+00:00,2262.800048828125,2263.800048828125,2255.0,2259.14990234375,155431,HINDUNILVR
2024-04-23 05:45:00+00:00,2269.199951171875,2269.800048828125,2262.25,2262.800048828125,119678,HINDUNILVR
2024-04-23 06:45:00+00:00,2270.64990234375,2273.5,2266.5,2269.35009765625,136382,HINDUNILVR
2024-04-23 07:45:00+00:00,2269.449951171875,2270.60009765625,2266.0,2270.14990234375,190339,HINDUNILVR
2024-04-23 08:45:00+00:00,2264.5,2270.949951171875,2261.25,2269.449951171875,789178,HINDUNILVR
2024-04-23 09:45:00+00:00,2263.0,2264.949951171875,2258.300048828125,2264.699951171875,178435,HINDUNILVR
2024-04-24 03:45:00+00:00,2258.949951171875,2267.0,2250.10009765625,2267.0,0,HINDUNILVR
2024-04-24 04:45:00+00:00,2251.5,2260.0,2250.550048828125,2258.949951171875,110527,HINDUNILVR
2024-04-24 05:45:00+00:00,2253.449951171875,2255.10009765625,2245.64990234375,2251.10009765625,211617,HINDUNILVR
2024-04-24 06:45:00+00:00,2252.800048828125,2259.5,2249.89990234375,2253.449951171875,218189,HINDUNILVR
2024-04-24 07:45:00+00:00,2258.5,2258.89990234375,2251.0,2252.5,150647,HINDUNILVR
2024-04-24 08:45:00+00:00,2261.60009765625,2263.39990234375,2256.85009765625,2258.5,240235,HINDUNILVR
2024-04-24 09:45:00+00:00,2261.0,2263.0,2259.0,2261.60009765625,151158,HINDUNILVR
2024-04-25 03:45:00+00:00,2223.89990234375,2238.050048828125,2218.050048828125,2238.050048828125,0,HINDUNILVR
2024-04-25 04:45:00+00:00,2220.5,2228.5,2215.35009765625,2223.85009765625,461678,HINDUNILVR
2024-04-25 05:45:00+00:00,2227.0,2228.75,2218.39990234375,2220.14990234375,821502,HINDUNILVR
2024-04-25 06:45:00+00:00,2228.0,2231.60009765625,2220.199951171875,2227.10009765625,398360,HINDUNILVR
2024-04-25 07:45:00+00:00,2235.050048828125,2238.89990234375,2227.60009765625,2227.60009765625,692000,HINDUNILVR
2024-04-25 08:45:00+00:00,2230.699951171875,2237.14990234375,2229.25,2235.050048828125,1102684,HINDUNILVR
2024-04-25 09:45:00+00:00,2230.85009765625,2235.0,2228.75,2230.550048828125,439824,HINDUNILVR
2024-04-26 03:45:00+00:00,2244.699951171875,2250.0,2229.10009765625,2239.199951171875,0,HINDUNILVR
2024-04-26 04:45:00+00:00,2245.25,2255.0,2239.449951171875,2244.60009765625,521967,HINDUNILVR
2024-04-26 05:45:00+00:00,2239.550048828125,2245.89990234375,2238.050048828125,2245.050048828125,147320,HINDUNILVR
2024-04-26 06:45:00+00:00,2234.800048828125,2241.60009765625,2230.050048828125,2239.949951171875,286110,HINDUNILVR
2024-04-26 07:45:00+00:00,2229.800048828125,2235.60009765625,2222.5,2234.800048828125,277955,HINDUNILVR
2024-04-26 08:45:00+00:00,2221.64990234375,2230.800048828125,2218.89990234375,2230.10009765625,350666,HINDUNILVR
2024-04-26 09:45:00+00:00,2226.949951171875,2228.14990234375,2219.25,2221.75,254242,HINDUNILVR
2024-04-29 03:45:00+00:00,2222.0,2234.0,2221.050048828125,2232.89990234375,0,HINDUNILVR
2024-04-29 04:45:00+00:00,2227.550048828125,2230.0,2222.0,2222.050048828125,158972,HINDUNILVR
2024-04-29 05:45:00+00:00,2226.199951171875,2229.449951171875,2225.0,2227.550048828125,151945,HINDUNILVR
2024-04-29 06:45:00+00:00,2227.60009765625,2227.85009765625,2225.0,2226.199951171875,139356,HINDUNILVR
2024-04-29 07:45:00+00:00,2224.85009765625,2229.5,2224.39990234375,2227.60009765625,122428,HINDUNILVR
2024-04-29 08:45:00+00:00,2225.89990234375,2229.39990234375,2221.14990234375,2225.050048828125,319996,HINDUNILVR
2024-04-29 09:45:00+00:00,2226.89990234375,2227.949951171875,2224.949951171875,2225.89990234375,153685,HINDUNILVR
2024-04-30 03:45:00+00:00,2236.0,2237.0,2225.050048828125,2232.050048828125,0,HINDUNILVR
2024-04-30 04:45:00+00:00,2235.0,2236.800048828125,2231.64990234375,2235.550048828125,294303,HINDUNILVR
2024-04-30 05:45:00+00:00,2235.050048828125,2236.449951171875,2234.10009765625,2235.10009765625,144447,HINDUNILVR
2024-04-30 06:45:00+00:00,2237.39990234375,2239.85009765625,2234.5,2235.0,170016,HINDUNILVR
2024-04-30 07:45:00+00:00,2236.10009765625,2237.89990234375,2234.699951171875,2237.0,231806,HINDUNILVR
2024-04-30 08:45:00+00:00,2232.0,2236.10009765625,2227.85009765625,2236.10009765625,658978,HINDUNILVR
2024-04-30 09:45:00+00:00,2230.449951171875,2235.0,2229.0,2232.0,314842,HINDUNILVR
2024-05-02 03:45:00+00:00,2241.89990234375,2243.199951171875,2221.25,2224.75,0,HINDUNILVR
2024-05-02 04:45:00+00:00,2239.050048828125,2243.0,2236.050048828125,2241.89990234375,213241,HINDUNILVR
2024-05-02 05:45:00+00:00,2240.0,2240.60009765625,2232.60009765625,2239.050048828125,181118,HINDUNILVR
2024-05-02 06:45:00+00:00,2236.949951171875,2241.449951171875,2236.050048828125,2240.0,143152,HINDUNILVR
2024-05-02 07:45:00+00:00,2226.050048828125,2239.0,2226.0,2236.949951171875,254316,HINDUNILVR
2024-05-02 08:45:00+00:00,2224.050048828125,2232.25,2223.0,2226.050048828125,619763,HINDUNILVR
2024-05-02 09:45:00+00:00,2226.699951171875,2228.0,2221.0,2224.10009765625,250964,HINDUNILVR
2024-05-03 03:45:00+00:00,2216.0,2232.85009765625,2213.199951171875,2232.85009765625,0,HINDUNILVR
2024-05-03 04:45:00+00:00,2205.14990234375,2218.550048828125,2204.0,2216.050048828125,347709,HINDUNILVR
2024-05-03 05:45:00+00:00,2213.39990234375,2213.800048828125,2205.050048828125,2205.14990234375,326241,HINDUNILVR
2024-05-03 06:45:00+00:00,2209.85009765625,2218.89990234375,2208.300048828125,2213.39990234375,307890,HINDUNILVR
2024-05-03 07:45:00+00:00,2212.449951171875,2213.5,2207.85009765625,2209.25,240123,HINDUNILVR
2024-05-03 08:45:00+00:00,2217.64990234375,2219.5,2210.199951171875,2211.75,707297,HINDUNILVR
2024-05-03 09:45:00+00:00,2213.0,2219.0,2210.39990234375,2217.64990234375,354412,HINDUNILVR
2024-05-06 03:45:00+00:00,2216.25,2225.800048828125,2212.0,2225.300048828125,0,HINDUNILVR
2024-05-06 04:45:00+00:00,2229.5,2233.64990234375,2216.699951171875,2216.699951171875,185522,HINDUNILVR
2024-05-06 05:45:00+00:00,2237.10009765625,2239.5,2228.0,2229.550048828125,330769,HINDUNILVR
2024-05-06 06:45:00+00:00,2233.85009765625,2238.0,2233.5,2236.449951171875,83208,HINDUNILVR
2024-05-06 07:45:00+00:00,2249.5,2250.949951171875,2233.89990234375,2234.39990234375,239242,HINDUNILVR
2024-05-06 08:45:00+00:00,2255.25,2257.0,2242.949951171875,2249.300048828125,364786,HINDUNILVR
2024-05-06 09:45:00+00:00,2257.0,2261.0,2254.64990234375,2255.050048828125,225567,HINDUNILVR
2024-05-07 03:45:00+00:00,2355.0,2357.75,2260.60009765625,2262.39990234375,2407952,HINDUNILVR
2024-05-07 04:45:00+00:00,2362.449951171875,2373.0,2342.949951171875,2355.0,1171544,HINDUNILVR
2024-05-07 05:45:00+00:00,2360.25,2370.89990234375,2358.5,2361.39990234375,511698,HINDUNILVR
2024-05-07 06:45:00+00:00,2367.449951171875,2380.800048828125,2359.5,2360.0,1096849,HINDUNILVR
2024-05-07 07:45:00+00:00,2365.75,2372.89990234375,2354.10009765625,2367.449951171875,873639,HINDUNILVR
2024-05-07 08:45:00+00:00,2380.550048828125,2389.5,2362.800048828125,2365.85009765625,1611985,HINDUNILVR
2024-05-07 09:45:00+00:00,2375.0,2382.0,2368.699951171875,2380.0,602705,HINDUNILVR
2024-05-08 03:45:00+00:00,2347.89990234375,2371.800048828125,2341.0,2366.39990234375,0,HINDUNILVR
2024-05-08 04:45:00+00:00,2331.300048828125,2347.75,2327.39990234375,2347.64990234375,212392,HINDUNILVR
2024-05-08 05:45:00+00:00,2335.89990234375,2338.35009765625,2330.0,2331.300048828125,227631,HINDUNILVR
2024-05-08 06:45:00+00:00,2335.199951171875,2338.699951171875,2333.0,2335.050048828125,127296,HINDUNILVR
2024-05-08 07:45:00+00:00,2328.949951171875,2336.199951171875,2325.14990234375,2335.14990234375,157230,HINDUNILVR
2024-05-08 08:45:00+00:00,2344.800048828125,2345.89990234375,2326.199951171875,2328.949951171875,394431,HINDUNILVR
2024-05-08 09:45:00+00:00,2345.39990234375,2347.300048828125,2343.300048828125,2345.0,233317,HINDUNILVR
2024-05-09 03:45:00+00:00,2333.0,2347.699951171875,2322.25,2347.699951171875,0,HINDUNILVR
2024-05-09 04:45:00+00:00,2339.0,2361.550048828125,2332.5,2332.75,347704,HINDUNILVR
2024-05-09 05:45:00+00:00,2333.449951171875,2341.0,2331.949951171875,2339.39990234375,111210,HINDUNILVR
2024-05-09 06:45:00+00:00,2324.75,2338.5,2323.14990234375,2333.449951171875,112622,HINDUNILVR
2024-05-09 07:45:00+00:00,2327.800048828125,2327.800048828125,2321.199951171875,2324.60009765625,235186,HINDUNILVR
2024-05-09 08:45:00+00:00,2325.800048828125,2334.39990234375,2321.64990234375,2328.0,339266,HINDUNILVR
2024-05-09 09:45:00+00:00,2325.64990234375,2326.0,2319.89990234375,2325.699951171875,130393,HINDUNILVR
2024-05-10 03:45:00+00:00,2350.60009765625,2358.39990234375,2322.14990234375,2323.550048828125,0,HINDUNILVR
2024-05-10 04:45:00+00:00,2345.10009765625,2353.85009765625,2342.0,2350.550048828125,182345,HINDUNILVR
2024-05-10 05:45:00+00:00,2347.550048828125,2352.10009765625,2344.550048828125,2345.89990234375,61377,HINDUNILVR
2024-05-10 06:45:00+00:00,2351.949951171875,2355.5,2344.5,2347.699951171875,184058,HINDUNILVR
2024-05-10 07:45:00+00:00,2350.14990234375,2354.39990234375,2346.550048828125,2351.949951171875,95328,HINDUNILVR
2024-05-10 08:45:00+00:00,2363.14990234375,2364.89990234375,2347.050048828125,2350.0,599908,HINDUNILVR
2024-05-10 09:45:00+00:00,2362.550048828125,2371.0,2360.050048828125,2363.85009765625,657174,HINDUNILVR
2024-05-13 03:45:00+00:00,2359.699951171875,2378.949951171875,2347.89990234375,2374.050048828125,0,HINDUNILVR
2024-05-13 04:45:00+00:00,2361.14990234375,2367.85009765625,2356.800048828125,2359.5,228366,HINDUNILVR
2024-05-13 05:45:00+00:00,2358.800048828125,2364.449951171875,2355.199951171875,2361.14990234375,81021,HINDUNILVR
2024-05-13 06:45:00+00:00,2358.85009765625,2360.0,2353.199951171875,2358.800048828125,65527,HINDUNILVR
2024-05-13 07:45:00+00:00,2360.0,2360.0,2353.449951171875,2359.35009765625,87245,HINDUNILVR
2024-05-13 08:45:00+00:00,2360.75,2366.0,2356.60009765625,2360.0,229850,HINDUNILVR
2024-05-13 09:45:00+00:00,2359.64990234375,2362.0,2355.0,2361.199951171875,128270,HINDUNILVR
2024-05-14 03:45:00+00:00,2365.449951171875,2370.60009765625,2358.35009765625,2360.64990234375,0,HINDUNILVR
2024-05-14 04:45:00+00:00,2363.5,2367.0,2359.050048828125,2365.449951171875,75087,HINDUNILVR
2024-05-14 05:45:00+00:00,2360.800048828125,2364.35009765625,2356.25,2363.5,73800,HINDUNILVR
2024-05-14 06:45:00+00:00,2359.949951171875,2360.800048828125,2356.10009765625,2360.800048828125,51613,HINDUNILVR
2024-05-14 07:45:00+00:00,2355.89990234375,2362.0,2355.0,2359.949951171875,65354,HINDUNILVR
2024-05-14 08:45:00+00:00,2349.5,2357.5,2348.199951171875,2355.050048828125,189219,HINDUNILVR
2024-05-14 09:45:00+00:00,2351.800048828125,2352.5,2347.14990234375,2348.64990234375,71223,HINDUNILVR
2024-05-15 03:45:00+00:00,2335.550048828125,2354.64990234375,2332.89990234375,2349.0,0,HINDUNILVR
2024-05-15 04:45:00+00:00,2335.699951171875,2339.35009765625,2326.800048828125,2335.0,124412,HINDUNILVR
2024-05-15 05:45:00+00:00,2326.5,2337.25,2325.050048828125,2335.60009765625,101392,HINDUNILVR
2024-05-15 06:45:00+00:00,2326.0,2331.800048828125,2323.0,2326.25,88132,HINDUNILVR
2024-05-15 07:45:00+00:00,2329.550048828125,2333.800048828125,2324.64990234375,2325.949951171875,86934,HINDUNILVR
2024-05-15 08:45:00+00:00,2322.199951171875,2332.0,2322.0,2329.5,165703,HINDUNILVR
2024-05-15 09:45:00+00:00,2323.300048828125,2329.10009765625,2317.699951171875,2322.14990234375,0,HINDUNILVR
2024-05-16 03:45:00+00:00,2307.0,2332.14990234375,2305.550048828125,2330.5,338113,HINDUNILVR
2024-05-16 04:45:00+00:00,2309.64990234375,2313.0,2301.35009765625,2306.39990234375,211315,HINDUNILVR
2024-05-16 05:45:00+00:00,2325.10009765625,2326.39990234375,2302.75,2309.75,195439,HINDUNILVR
2024-05-16 06:45:00+00:00,2315.25,2327.0,2308.14990234375,2326.35009765625,171660,HINDUNILVR
2024-05-16 07:45:00+00:00,2317.949951171875,2323.449951171875,2309.0,2315.25,218157,HINDUNILVR
2024-05-16 08:45:00+00:00,2341.550048828125,2348.10009765625,2317.14990234375,2319.0,591814,HINDUNILVR
2024-05-16 09:45:00+00:00,2339.75,2344.0,2335.14990234375,2341.550048828125,153409,HINDUNILVR
2024-05-17 03:45:00+00:00,2325.5,2343.699951171875,2322.050048828125,2343.699951171875,0,HINDUNILVR
2024-05-17 04:45:00+00:00,2330.5,2334.699951171875,2325.199951171875,2325.5,151619,HINDUNILVR
2024-05-17 05:45:00+00:00,2330.0,2333.0,2326.10009765625,2331.300048828125,91680,HINDUNILVR
2024-05-17 06:45:00+00:00,2327.39990234375,2331.5,2324.0,2330.10009765625,130883,HINDUNILVR
2024-05-17 07:45:00+00:00,2329.800048828125,2330.050048828125,2323.550048828125,2327.0,154091,HINDUNILVR
2024-05-17 08:45:00+00:00,2321.5,2332.0,2315.199951171875,2329.050048828125,372683,HINDUNILVR
2024-05-17 09:45:00+00:00,2320.949951171875,2324.0,2318.0,2321.5,132766,HINDUNILVR
2024-05-21 03:45:00+00:00,2305.550048828125,2323.85009765625,2301.949951171875,2323.85009765625,337765,HINDUNILVR
2024-05-21 04:45:00+00:00,2309.89990234375,2310.85009765625,2302.64990234375,2305.5,121151,HINDUNILVR
2024-05-21 05:45:00+00:00,2310.10009765625,2315.0,2308.0,2310.0,236950,HINDUNILVR
2024-05-21 06:45:00+00:00,2312.449951171875,2314.5,2307.25,2310.10009765625,124850,HINDUNILVR
2024-05-21 07:45:00+00:00,2310.0,2313.75,2308.800048828125,2312.35009765625,263250,HINDUNILVR
2024-05-21 08:45:00+00:00,2310.64990234375,2313.89990234375,2309.0,2309.89990234375,314465,HINDUNILVR
2024-05-21 09:45:00+00:00,2311.0,2311.39990234375,2310.0,2310.60009765625,191094,HINDUNILVR
2024-05-22 03:45:00+00:00,2361.5,2362.35009765625,2315.449951171875,2315.449951171875,0,HINDUNILVR
2024-05-22 04:45:00+00:00,2366.5,2371.75,2354.35009765625,2361.0,329497,HINDUNILVR
2024-05-22 05:45:00+00:00,2365.699951171875,2374.0,2363.800048828125,2366.5,225853,HINDUNILVR
2024-05-22 06:45:00+00:00,2364.0,2368.800048828125,2357.10009765625,2365.800048828125,182669,HINDUNILVR
2024-05-22 07:45:00+00:00,2367.5,2372.0,2360.60009765625,2364.0,178992,HINDUNILVR
2024-05-22 08:45:00+00:00,2364.10009765625,2372.0,2364.0,2368.0,288489,HINDUNILVR
2024-05-22 09:45:00+00:00,2366.89990234375,2368.14990234375,2363.25,2364.050048828125,152810,HINDUNILVR
2024-05-23 03:45:00+00:00,2359.0,2376.89990234375,2355.25,2366.85009765625,0,HINDUNILVR
2024-05-23 04:45:00+00:00,2365.300048828125,2370.0,2357.75,2358.949951171875,140536,HINDUNILVR
2024-05-23 05:45:00+00:00,2370.14990234375,2374.14990234375,2364.25,2365.75,87441,HINDUNILVR
2024-05-23 06:45:00+00:00,2368.64990234375,2378.89990234375,2367.5,2370.25,130501,HINDUNILVR
2024-05-23 07:45:00+00:00,2378.449951171875,2378.699951171875,2361.5,2369.10009765625,368127,HINDUNILVR
2024-05-23 08:45:00+00:00,2382.60009765625,2386.800048828125,2375.5,2378.550048828125,513172,HINDUNILVR
2024-05-23 09:45:00+00:00,2380.0,2384.0,2376.64990234375,2383.39990234375,87625,HINDUNILVR
2024-05-24 03:45:00+00:00,2368.10009765625,2383.25,2365.0,2378.550048828125,183058,HINDUNILVR
2024-05-24 04:45:00+00:00,2378.85009765625,2379.39990234375,2365.550048828125,2368.0,85475,HINDUNILVR
2024-05-24 05:45:00+00:00,2371.199951171875,2379.39990234375,2370.0,2379.39990234375,116939,HINDUNILVR
2024-05-24 06:45:00+00:00,2375.050048828125,2379.0,2370.5,2371.199951171875,119238,HINDUNILVR
2024-05-24 07:45:00+00:00,2374.39990234375,2378.199951171875,2371.5,2375.050048828125,94070,HINDUNILVR
2024-05-24 08:45:00+00:00,2369.75,2377.0,2367.0,2374.199951171875,229276,HINDUNILVR
2024-05-24 09:45:00+00:00,2366.75,2370.0,2365.39990234375,2369.699951171875,145904,HINDUNILVR
2024-05-27 03:45:00+00:00,2373.5,2381.25,2362.5,2370.800048828125,0,HINDUNILVR
2024-05-27 04:45:00+00:00,2389.85009765625,2397.14990234375,2373.0,2373.89990234375,218349,HINDUNILVR
2024-05-27 05:45:00+00:00,2389.14990234375,2394.0,2384.60009765625,2390.0,117014,HINDUNILVR
2024-05-27 06:45:00+00:00,2394.75,2395.0,2388.85009765625,2389.300048828125,96716,HINDUNILVR
2024-05-27 07:45:00+00:00,2393.89990234375,2399.949951171875,2391.10009765625,2394.75,187110,HINDUNILVR
2024-05-27 08:45:00+00:00,2386.050048828125,2395.0,2378.699951171875,2393.60009765625,184470,HINDUNILVR
2024-05-27 09:45:00+00:00,2382.25,2387.550048828125,2382.25,2386.0,60093,HINDUNILVR
2024-05-28 03:45:00+00:00,2395.85009765625,2399.0,2379.14990234375,2393.300048828125,0,HINDUNILVR
2024-05-28 04:45:00+00:00,2406.85009765625,2407.75,2395.300048828125,2395.85009765625,304781,HINDUNILVR
2024-05-28 05:45:00+00:00,2404.300048828125,2409.0,2398.10009765625,2406.5,194747,HINDUNILVR
2024-05-28 06:45:00+00:00,2403.949951171875,2406.0,2395.39990234375,2405.0,183263,HINDUNILVR
2024-05-28 07:45:00+00:00,2401.60009765625,2405.5,2397.25,2403.949951171875,125171,HINDUNILVR
2024-05-28 08:45:00+00:00,2393.949951171875,2406.0,2392.5,2402.199951171875,284039,HINDUNILVR
2024-05-28 09:45:00+00:00,2397.0,2397.800048828125,2391.449951171875,2394.0,198479,HINDUNILVR
2024-05-29 03:45:00+00:00,2377.199951171875,2392.64990234375,2373.550048828125,2392.64990234375,0,HINDUNILVR
2024-05-29 04:45:00+00:00,2380.0,2384.60009765625,2375.0,2377.199951171875,143519,HINDUNILVR
2024-05-29 05:45:00+00:00,2374.800048828125,2381.949951171875,2374.0,2380.0,277946,HINDUNILVR
2024-05-29 06:45:00+00:00,2376.550048828125,2380.0,2371.0,2374.800048828125,212436,HINDUNILVR
2024-05-29 07:45:00+00:00,2377.25,2380.449951171875,2373.10009765625,2376.550048828125,140113,HINDUNILVR
2024-05-29 08:45:00+00:00,2372.199951171875,2377.85009765625,2369.89990234375,2377.25,309089,HINDUNILVR
2024-05-29 09:45:00+00:00,2373.39990234375,2377.0,2370.0,2372.199951171875,165140,HINDUNILVR
2024-05-30 03:45:00+00:00,2362.25,2372.449951171875,2358.449951171875,2367.699951171875,0,HINDUNILVR
2024-05-30 04:45:00+00:00,2357.949951171875,2363.449951171875,2353.10009765625,2362.050048828125,163816,HINDUNILVR
2024-05-30 05:45:00+00:00,2362.14990234375,2364.800048828125,2352.39990234375,2357.5,145915,HINDUNILVR
2024-05-30 06:45:00+00:00,2357.25,2364.0,2355.35009765625,2362.14990234375,98561,HINDUNILVR
2024-05-30 07:45:00+00:00,2341.89990234375,2359.14990234375,2337.64990234375,2357.10009765625,209553,HINDUNILVR
2024-05-30 08:45:00+00:00,2349.25,2359.89990234375,2334.89990234375,2341.89990234375,683727,HINDUNILVR
2024-05-30 09:45:00+00:00,2351.39990234375,2360.39990234375,2345.0,2349.550048828125,263549,HINDUNILVR
2024-05-31 03:45:00+00:00,2360.699951171875,2377.39990234375,2337.39990234375,2352.25,410785,HINDUNILVR
2024-05-31 04:45:00+00:00,2359.0,2372.64990234375,2348.75,2361.35009765625,218489,HINDUNILVR
2024-05-31 05:45:00+00:00,2358.800048828125,2364.75,2352.449951171875,2359.0,163607,HINDUNILVR
2024-05-31 06:45:00+00:00,2350.89990234375,2361.75,2349.300048828125,2358.39990234375,192664,HINDUNILVR
2024-05-31 07:45:00+00:00,2343.14990234375,2355.60009765625,2342.5,2350.449951171875,301915,HINDUNILVR
2024-05-31 08:45:00+00:00,2328.85009765625,2344.85009765625,2317.89990234375,2343.25,2384089,HINDUNILVR
2024-05-31 09:45:00+00:00,2329.050048828125,2337.10009765625,2321.0,2328.85009765625,0,HINDUNILVR
2024-06-03 03:45:00+00:00,2365.64990234375,2381.0,2356.5,2381.0,0,HINDUNILVR
2024-06-03 04:45:00+00:00,2363.10009765625,2370.949951171875,2357.75,2365.949951171875,117021,HINDUNILVR
2024-06-03 05:45:00+00:00,2358.64990234375,2364.14990234375,2357.89990234375,2363.0,153181,HINDUNILVR
2024-06-03 06:45:00+00:00,2355.64990234375,2358.64990234375,2344.300048828125,2358.64990234375,113267,HINDUNILVR
2024-06-03 07:45:00+00:00,2358.0,2360.300048828125,2350.0,2355.64990234375,121490,HINDUNILVR
2024-06-03 08:45:00+00:00,2358.64990234375,2361.25,2355.0,2358.0,181401,HINDUNILVR
2024-06-03 09:45:00+00:00,2351.5,2360.0,2351.5,2358.050048828125,100841,HINDUNILVR
2024-06-04 03:45:00+00:00,2407.14990234375,2426.89990234375,2344.0,2365.10009765625,0,HINDUNILVR
2024-06-04 04:45:00+00:00,2420.050048828125,2426.5,2390.64990234375,2407.050048828125,920599,HINDUNILVR
2024-06-04 05:45:00+00:00,2438.75,2477.949951171875,2420.199951171875,2420.75,1757842,HINDUNILVR
2024-06-04 06:45:00+00:00,2471.199951171875,2476.199951171875,2423.0,2437.300048828125,1137404,HINDUNILVR
2024-06-04 07:45:00+00:00,2497.050048828125,2499.89990234375,2469.949951171875,2471.10009765625,1014911,HINDUNILVR
2024-06-04 08:45:00+00:00,2497.199951171875,2510.0,2481.699951171875,2496.949951171875,1511152,HINDUNILVR
2024-06-04 09:45:00+00:00,2500.85009765625,2500.85009765625,2490.0,2498.0,326214,HINDUNILVR
2024-06-05 03:45:00+00:00,2668.949951171875,2693.949951171875,2551.60009765625,2551.60009765625,0,HINDUNILVR
2024-06-05 04:45:00+00:00,2693.35009765625,2723.10009765625,2660.199951171875,2669.25,2854297,HINDUNILVR
2024-06-05 05:45:00+00:00,2647.75,2696.14990234375,2642.699951171875,2694.699951171875,1674693,HINDUNILVR
2024-06-05 06:45:00+00:00,2630.60009765625,2652.35009765625,2622.10009765625,2648.300048828125,851439,HINDUNILVR
2024-06-05 07:45:00+00:00,2607.85009765625,2634.89990234375,2605.0,2631.050048828125,584007,HINDUNILVR
2024-06-05 08:45:00+00:00,2600.60009765625,2613.64990234375,2587.300048828125,2608.050048828125,710822,HINDUNILVR
2024-06-05 09:45:00+00:00,2603.0,2607.0,2594.39990234375,2600.60009765625,320688,HINDUNILVR
2024-06-06 03:45:00+00:00,2552.0,2579.25,2518.0,2579.25,0,HINDUNILVR
2024-06-06 04:45:00+00:00,2545.10009765625,2560.949951171875,2543.0,2552.0,516357,HINDUNILVR
2024-06-06 05:45:00+00:00,2539.300048828125,2551.949951171875,2527.85009765625,2545.10009765625,426090,HINDUNILVR
2024-06-06 06:45:00+00:00,2536.64990234375,2550.0,2531.10009765625,2539.39990234375,291248,HINDUNILVR
2024-06-06 07:45:00+00:00,2541.5,2552.14990234375,2536.25,2536.25,468346,HINDUNILVR
2024-06-06 08:45:00+00:00,2547.0,2549.0,2525.449951171875,2541.5,706342,HINDUNILVR
2024-06-06 09:45:00+00:00,2556.0,2556.89990234375,2546.800048828125,2547.14990234375,441403,HINDUNILVR
2024-06-07 03:45:00+00:00,2540.85009765625,2567.5,2527.60009765625,2555.64990234375,0,HINDUNILVR
2024-06-07 04:45:00+00:00,2554.949951171875,2555.0,2535.14990234375,2542.050048828125,440435,HINDUNILVR
2024-06-07 05:45:00+00:00,2589.89990234375,2592.89990234375,2552.64990234375,2555.10009765625,801827,HINDUNILVR
2024-06-07 06:45:00+00:00,2581.550048828125,2596.449951171875,2573.699951171875,2589.199951171875,393012,HINDUNILVR
2024-06-07 07:45:00+00:00,2567.300048828125,2583.800048828125,2563.60009765625,2581.449951171875,377207,HINDUNILVR
2024-06-07 08:45:00+00:00,2574.75,2588.39990234375,2561.800048828125,2567.300048828125,876928,HINDUNILVR
2024-06-07 09:45:00+00:00,2577.800048828125,2582.39990234375,2569.25,2574.449951171875,282423,HINDUNILVR
2024-06-10 03:45:00+00:00,2554.10009765625,2591.89990234375,2546.0,2584.75,0,HINDUNILVR
2024-06-10 04:45:00+00:00,2566.85009765625,2572.0,2549.199951171875,2554.0,164426,HINDUNILVR
2024-06-10 05:45:00+00:00,2560.39990234375,2570.949951171875,2558.5,2568.39990234375,163109,HINDUNILVR
2024-06-10 06:45:00+00:00,2570.35009765625,2571.60009765625,2558.14990234375,2560.39990234375,260611,HINDUNILVR
2024-06-10 07:45:00+00:00,2572.35009765625,2575.35009765625,2563.64990234375,2569.89990234375,264778,HINDUNILVR
2024-06-10 08:45:00+00:00,2564.75,2573.5,2563.449951171875,2572.39990234375,191822,HINDUNILVR
2024-06-10 09:45:00+00:00,2564.25,2565.449951171875,2561.050048828125,2565.449951171875,68133,HINDUNILVR
2024-06-11 03:45:00+00:00,2568.10009765625,2575.050048828125,2557.699951171875,2575.050048828125,0,HINDUNILVR
2024-06-11 04:45:00+00:00,2568.550048828125,2571.89990234375,2565.449951171875,2568.10009765625,142888,HINDUNILVR
2024-06-11 05:45:00+00:00,2566.699951171875,2568.64990234375,2561.10009765625,2567.949951171875,114969,HINDUNILVR
2024-06-11 06:45:00+00:00,2564.85009765625,2568.14990234375,2560.050048828125,2566.699951171875,115249,HINDUNILVR
2024-06-11 07:45:00+00:00,2569.550048828125,2574.10009765625,2563.64990234375,2563.89990234375,187331,HINDUNILVR
2024-06-11 08:45:00+00:00,2554.550048828125,2569.550048828125,2554.5,2569.550048828125,323308,HINDUNILVR
2024-06-11 09:45:00+00:00,2555.0,2555.550048828125,2552.35009765625,2554.550048828125,170372,HINDUNILVR
2024-06-12 03:45:00+00:00,2538.85009765625,2562.75,2532.800048828125,2562.75,0,HINDUNILVR
2024-06-12 04:45:00+00:00,2533.800048828125,2542.25,2531.0,2538.75,199364,HINDUNILVR
2024-06-12 05:45:00+00:00,2531.199951171875,2539.300048828125,2527.949951171875,2534.199951171875,217035,HINDUNILVR
2024-06-12 06:45:00+00:00,2525.89990234375,2531.25,2517.550048828125,2531.199951171875,293835,HINDUNILVR
2024-06-12 07:45:00+00:00,2530.449951171875,2534.64990234375,2525.0,2525.89990234375,360606,HINDUNILVR
2024-06-12 08:45:00+00:00,2530.199951171875,2534.300048828125,2524.5,2531.5,236241,HINDUNILVR
2024-06-12 09:45:00+00:00,2531.5,2534.0,2525.0,2530.60009765625,139740,HINDUNILVR
2024-06-13 03:45:00+00:00,2495.75,2501.550048828125,2452.0,2476.949951171875,0,HINDUNILVR
2024-06-13 04:45:00+00:00,2494.60009765625,2497.050048828125,2491.60009765625,2495.39990234375,158169,HINDUNILVR
2024-06-13 05:45:00+00:00,2500.550048828125,2505.449951171875,2494.050048828125,2495.449951171875,503760,HINDUNILVR
2024-06-13 06:45:00+00:00,2498.89990234375,2500.5,2492.35009765625,2500.5,256494,HINDUNILVR
2024-06-13 07:45:00+00:00,2487.39990234375,2499.949951171875,2485.35009765625,2498.949951171875,265134,HINDUNILVR
2024-06-13 08:45:00+00:00,2488.199951171875,2495.0,2484.449951171875,2487.800048828125,493157,HINDUNILVR
2024-06-13 09:45:00+00:00,2487.0,2490.0,2484.14990234375,2488.199951171875,230759,HINDUNILVR
2024-06-14 03:45:00+00:00,2491.0,2508.300048828125,2478.0,2478.0,0,HINDUNILVR
2024-06-14 04:45:00+00:00,2480.0,2491.199951171875,2476.14990234375,2491.199951171875,158535,HINDUNILVR
2024-06-14 05:45:00+00:00,2474.64990234375,2481.699951171875,2474.60009765625,2480.25,104368,HINDUNILVR
2024-06-14 06:45:00+00:00,2479.550048828125,2480.39990234375,2471.0,2474.64990234375,140216,HINDUNILVR
2024-06-14 07:45:00+00:00,2479.5,2482.5,2472.949951171875,2479.550048828125,204632,HINDUNILVR
2024-06-14 08:45:00+00:00,2481.5,2483.5,2477.0,2479.5,317566,HINDUNILVR
2024-06-14 09:45:00+00:00,2480.0,2481.949951171875,2476.35009765625,2481.449951171875,133069,HINDUNILVR
2024-06-18 03:45:00+00:00,2484.0,2497.300048828125,2482.0,2490.0,0,HINDUNILVR
2024-06-18 04:45:00+00:00,2491.89990234375,2493.25,2483.050048828125,2483.64990234375,108767,HINDUNILVR
2024-06-18 05:45:00+00:00,2486.75,2494.0,2486.0,2492.449951171875,153432,HINDUNILVR
2024-06-18 06:45:00+00:00,2477.199951171875,2490.25,2473.25,2486.39990234375,412621,HINDUNILVR
2024-06-18 07:45:00+00:00,2489.64990234375,2491.25,2476.0,2477.14990234375,327343,HINDUNILVR
2024-06-18 08:45:00+00:00,2488.050048828125,2492.25,2485.0,2489.5,328833,HINDUNILVR
2024-06-18 09:45:00+00:00,2486.25,2488.25,2480.10009765625,2487.949951171875,164733,HINDUNILVR
2024-06-19 03:45:00+00:00,2477.199951171875,2495.0,2476.0,2495.0,0,HINDUNILVR
2024-06-19 04:45:00+00:00,2478.60009765625,2482.60009765625,2471.050048828125,2477.5,155346,HINDUNILVR
2024-06-19 05:45:00+00:00,2475.050048828125,2482.0,2474.0,2477.949951171875,162583,HINDUNILVR
2024-06-19 06:45:00+00:00,2476.75,2477.0,2472.0,2475.25,76505,HINDUNILVR
2024-06-19 07:45:00+00:00,2464.89990234375,2478.800048828125,2462.64990234375,2476.89990234375,144414,HINDUNILVR
2024-06-19 08:45:00+00:00,2458.0,2472.75,2454.949951171875,2465.0,198476,HINDUNILVR
2024-06-19 09:45:00+00:00,2456.300048828125,2457.85009765625,2451.5,2457.60009765625,86375,HINDUNILVR
2024-06-20 03:45:00+00:00,2471.550048828125,2474.0,2447.0,2459.449951171875,0,HINDUNILVR
2024-06-20 04:45:00+00:00,2484.949951171875,2490.0,2469.85009765625,2471.550048828125,220723,HINDUNILVR
2024-06-20 05:45:00+00:00,2480.10009765625,2487.85009765625,2477.5,2484.449951171875,133557,HINDUNILVR
2024-06-20 06:45:00+00:00,2482.85009765625,2485.699951171875,2475.699951171875,2481.050048828125,132612,HINDUNILVR
2024-06-20 07:45:00+00:00,2483.64990234375,2490.0,2478.550048828125,2482.85009765625,331847,HINDUNILVR
2024-06-20 08:45:00+00:00,2484.0,2486.699951171875,2476.550048828125,2483.75,599644,HINDUNILVR
2024-06-20 09:45:00+00:00,2482.199951171875,2485.10009765625,2479.0,2484.89990234375,259321,HINDUNILVR
2024-06-21 03:45:00+00:00,2450.550048828125,2477.85009765625,2450.10009765625,2471.60009765625,0,HINDUNILVR
2024-06-21 04:45:00+00:00,2442.35009765625,2453.64990234375,2438.0,2451.050048828125,344275,HINDUNILVR
2024-06-21 05:45:00+00:00,2435.300048828125,2442.85009765625,2435.050048828125,2441.25,304959,HINDUNILVR
2024-06-21 06:45:00+00:00,2435.800048828125,2436.64990234375,2426.64990234375,2435.300048828125,435878,HINDUNILVR
2024-06-21 07:45:00+00:00,2445.5,2447.60009765625,2435.0,2435.800048828125,374572,HINDUNILVR
2024-06-21 08:45:00+00:00,2440.050048828125,2449.85009765625,2434.949951171875,2445.5,1210159,HINDUNILVR
2024-06-21 09:45:00+00:00,2443.5,2443.800048828125,2439.050048828125,2440.0,564945,HINDUNILVR
2024-06-24 03:45:00+00:00,2445.5,2458.300048828125,2434.85009765625,2434.85009765625,0,HINDUNILVR
2024-06-24 04:45:00+00:00,2447.35009765625,2451.0,2442.0,2446.39990234375,115855,HINDUNILVR
2024-06-24 05:45:00+00:00,2459.949951171875,2463.10009765625,2447.300048828125,2447.35009765625,160059,HINDUNILVR
2024-06-24 06:45:00+00:00,2450.199951171875,2467.85009765625,2445.0,2459.949951171875,217050,HINDUNILVR
2024-06-24 07:45:00+00:00,2435.64990234375,2450.449951171875,2433.0,2450.449951171875,185394,HINDUNILVR
2024-06-24 08:45:00+00:00,2443.14990234375,2444.0,2429.0,2435.5,572654,HINDUNILVR
2024-06-24 09:45:00+00:00,2438.550048828125,2453.39990234375,2438.550048828125,2442.85009765625,495966,HINDUNILVR
2024-06-25 03:45:00+00:00,2439.300048828125,2445.25,2436.0,2445.25,0,HINDUNILVR
2024-06-25 04:45:00+00:00,2437.199951171875,2440.0,2434.0,2439.300048828125,71951,HINDUNILVR
2024-06-25 05:45:00+00:00,2434.949951171875,2440.0,2432.0,2437.14990234375,79185,HINDUNILVR
2024-06-25 06:45:00+00:00,2433.85009765625,2440.800048828125,2427.949951171875,2434.949951171875,161416,HINDUNILVR
2024-06-25 07:45:00+00:00,2432.300048828125,2437.5,2428.0,2433.85009765625,106299,HINDUNILVR
2024-06-25 08:45:00+00:00,2431.75,2436.800048828125,2428.5,2432.050048828125,151616,HINDUNILVR
2024-06-25 09:45:00+00:00,2434.85009765625,2434.85009765625,2429.050048828125,2431.699951171875,84661,HINDUNILVR
2024-06-26 03:45:00+00:00,2446.050048828125,2447.60009765625,2432.550048828125,2438.35009765625,0,HINDUNILVR
2024-06-26 04:45:00+00:00,2455.0,2467.0,2444.60009765625,2445.949951171875,555899,HINDUNILVR
2024-06-26 05:45:00+00:00,2456.60009765625,2463.0,2454.0,2455.85009765625,184240,HINDUNILVR
2024-06-26 06:45:00+00:00,2446.60009765625,2459.050048828125,2446.60009765625,2455.699951171875,116382,HINDUNILVR
2024-06-26 07:45:00+00:00,2443.64990234375,2452.39990234375,2443.14990234375,2446.60009765625,163077,HINDUNILVR
2024-06-26 08:45:00+00:00,2446.0,2449.699951171875,2441.0,2443.800048828125,297429,HINDUNILVR
2024-06-26 09:45:00+00:00,2449.949951171875,2453.449951171875,2443.5,2445.39990234375,146166,HINDUNILVR
2024-06-27 03:45:00+00:00,2461.64990234375,2468.449951171875,2436.85009765625,2449.800048828125,0,HINDUNILVR
2024-06-27 04:45:00+00:00,2479.449951171875,2482.0,2457.699951171875,2461.64990234375,454832,HINDUNILVR
2024-06-27 05:45:00+00:00,2482.0,2483.199951171875,2461.300048828125,2479.5,621107,HINDUNILVR
2024-06-27 06:45:00+00:00,2473.25,2482.39990234375,2468.0,2481.85009765625,319470,HINDUNILVR
2024-06-27 07:45:00+00:00,2465.60009765625,2477.0,2465.60009765625,2473.25,280814,HINDUNILVR
2024-06-27 08:45:00+00:00,2466.449951171875,2466.449951171875,2451.60009765625,2465.5,979167,HINDUNILVR
2024-06-27 09:45:00+00:00,2462.14990234375,2468.0,2460.050048828125,2466.25,324495,HINDUNILVR
2024-06-28 03:45:00+00:00,2479.89990234375,2490.10009765625,2465.0,2465.0,0,HINDUNILVR
2024-06-28 04:45:00+00:00,2482.25,2485.5,2477.300048828125,2479.75,145236,HINDUNILVR
2024-06-28 05:45:00+00:00,2482.050048828125,2485.0,2482.0,2482.25,152944,HINDUNILVR
2024-06-28 06:45:00+00:00,2482.949951171875,2484.0,2475.0,2482.050048828125,248426,HINDUNILVR
2024-06-28 07:45:00+00:00,2481.35009765625,2484.949951171875,2480.0,2482.949951171875,259630,HINDUNILVR
2024-06-28 08:45:00+00:00,2475.949951171875,2482.949951171875,2472.60009765625,2481.550048828125,593260,HINDUNILVR
2024-06-28 09:45:00+00:00,2473.050048828125,2478.0,2462.89990234375,2475.949951171875,384092,HINDUNILVR
2024-07-01 03:45:00+00:00,2500.14990234375,2506.050048828125,2461.050048828125,2464.85009765625,0,HINDUNILVR
2024-07-01 04:45:00+00:00,2517.699951171875,2522.89990234375,2495.35009765625,2500.10009765625,672590,HINDUNILVR
2024-07-01 05:45:00+00:00,2515.60009765625,2518.449951171875,2505.10009765625,2515.5,253581,HINDUNILVR
2024-07-01 06:45:00+00:00,2505.0,2515.949951171875,2504.300048828125,2515.550048828125,161657,HINDUNILVR
2024-07-01 07:45:00+00:00,2508.35009765625,2513.949951171875,2503.60009765625,2505.0,244467,HINDUNILVR
2024-07-01 08:45:00+00:00,2506.64990234375,2514.949951171875,2502.5,2508.35009765625,388070,HINDUNILVR
2024-07-01 09:45:00+00:00,2501.75,2508.0,2498.89990234375,2506.64990234375,181905,HINDUNILVR
2024-07-02 03:45:00+00:00,2489.10009765625,2510.0,2487.75,2509.35009765625,0,HINDUNILVR
2024-07-02 04:45:00+00:00,2489.449951171875,2491.800048828125,2483.300048828125,2489.35009765625,244024,HINDUNILVR
2024-07-02 05:45:00+00:00,2489.199951171875,2490.0,2488.0,2489.449951171875,107458,HINDUNILVR
2024-07-02 06:45:00+00:00,2483.0,2490.0,2480.449951171875,2489.0,119122,HINDUNILVR
2024-07-02 07:45:00+00:00,2490.0,2490.0,2481.60009765625,2483.0,79609,HINDUNILVR
2024-07-02 08:45:00+00:00,2484.949951171875,2490.0,2483.64990234375,2489.949951171875,304468,HINDUNILVR
2024-07-02 09:45:00+00:00,2484.0,2489.949951171875,2482.300048828125,2484.85009765625,236895,HINDUNILVR
2024-07-03 03:45:00+00:00,2488.699951171875,2499.39990234375,2487.699951171875,2491.14990234375,0,HINDUNILVR
2024-07-03 04:45:00+00:00,2492.5,2494.5,2485.0,2488.800048828125,136022,HINDUNILVR
2024-07-03 05:45:00+00:00,2481.300048828125,2493.85009765625,2474.300048828125,2492.10009765625,257637,HINDUNILVR
2024-07-03 06:45:00+00:00,2493.14990234375,2495.0,2481.10009765625,2481.300048828125,191286,HINDUNILVR
2024-07-03 07:45:00+00:00,2496.64990234375,2498.0,2492.949951171875,2494.0,186702,HINDUNILVR
2024-07-03 08:45:00+00:00,2515.949951171875,2517.0,2492.800048828125,2496.699951171875,303796,HINDUNILVR
2024-07-03 09:45:00+00:00,2510.35009765625,2517.800048828125,2510.35009765625,2515.85009765625,0,HINDUNILVR
2024-07-04 03:45:00+00:00,2512.10009765625,2524.199951171875,2497.0,2515.050048828125,185377,HINDUNILVR
2024-07-04 04:45:00+00:00,2521.699951171875,2536.199951171875,2512.10009765625,2512.10009765625,360879,HINDUNILVR
2024-07-04 05:45:00+00:00,2508.949951171875,2523.10009765625,2506.949951171875,2521.60009765625,189857,HINDUNILVR
2024-07-04 06:45:00+00:00,2503.5,2509.39990234375,2498.300048828125,2509.0,337816,HINDUNILVR
2024-07-04 07:45:00+00:00,2497.449951171875,2504.449951171875,2493.0,2503.449951171875,219304,HINDUNILVR
2024-07-04 08:45:00+00:00,2496.0,2501.300048828125,2493.14990234375,2497.39990234375,546197,HINDUNILVR
2024-07-04 09:45:00+00:00,2495.800048828125,2498.89990234375,2494.64990234375,2495.949951171875,137102,HINDUNILVR
2024-07-05 03:45:00+00:00,2511.699951171875,2519.89990234375,2499.0,2499.0,0,HINDUNILVR
2024-07-05 04:45:00+00:00,2520.5,2521.0,2508.949951171875,2511.60009765625,132369,HINDUNILVR
2024-07-05 05:45:00+00:00,2528.5,2528.800048828125,2520.0,2520.10009765625,233035,HINDUNILVR
2024-07-05 06:45:00+00:00,2534.300048828125,2536.0,2527.0,2528.800048828125,237946,HINDUNILVR
2024-07-05 07:45:00+00:00,2530.300048828125,2536.10009765625,2529.64990234375,2534.89990234375,134711,HINDUNILVR
2024-07-05 08:45:00+00:00,2551.050048828125,2554.0,2529.449951171875,2530.75,481850,HINDUNILVR
2024-07-05 09:45:00+00:00,2547.0,2553.699951171875,2539.75,2551.449951171875,0,HINDUNILVR
2024-07-08 03:45:00+00:00,2568.699951171875,2588.75,2536.85009765625,2563.85009765625,0,HINDUNILVR
2024-07-08 04:45:00+00:00,2574.5,2589.85009765625,2561.64990234375,2568.64990234375,518418,HINDUNILVR
2024-07-08 05:45:00+00:00,2582.89990234375,2588.25,2567.85009765625,2574.10009765625,403002,HINDUNILVR
2024-07-08 06:45:00+00:00,2584.14990234375,2588.89990234375,2577.64990234375,2582.75,210498,HINDUNILVR
2024-07-08 07:45:00+00:00,2581.25,2595.0,2580.300048828125,2584.199951171875,430779,HINDUNILVR
2024-07-08 08:45:00+00:00,2587.449951171875,2592.300048828125,2575.10009765625,2581.25,463394,HINDUNILVR
2024-07-08 09:45:00+00:00,2581.0,2588.800048828125,2579.0,2587.10009765625,159247,HINDUNILVR
2024-07-09 03:45:00+00:00,2578.75,2597.550048828125,2568.050048828125,2587.89990234375,272854,HINDUNILVR
2024-07-09 04:45:00+00:00,2585.0,2594.39990234375,2573.60009765625,2579.800048828125,107012,HINDUNILVR
2024-07-09 05:45:00+00:00,2599.89990234375,2599.949951171875,2583.60009765625,2585.10009765625,165141,HINDUNILVR
2024-07-09 06:45:00+00:00,2610.5,2614.0,2598.0,2599.949951171875,307463,HINDUNILVR
2024-07-09 07:45:00+00:00,2596.199951171875,2613.64990234375,2596.14990234375,2611.5,304388,HINDUNILVR
2024-07-09 08:45:00+00:00,2590.14990234375,2600.300048828125,2588.60009765625,2596.699951171875,215712,HINDUNILVR
2024-07-09 09:45:00+00:00,2590.14990234375,2590.75,2587.050048828125,2590.75,0,HINDUNILVR
2024-07-10 03:45:00+00:00,2601.10009765625,2605.0,2590.0,2590.0,264527,HINDUNILVR
2024-07-10 04:45:00+00:00,2580.0,2607.10009765625,2573.300048828125,2600.75,231851,HINDUNILVR
2024-07-10 05:45:00+00:00,2580.5,2591.699951171875,2575.449951171875,2580.10009765625,208752,HINDUNILVR
2024-07-10 06:45:00+00:00,2606.5,2610.0,2573.050048828125,2580.699951171875,217973,HINDUNILVR
2024-07-10 07:45:00+00:00,2612.60009765625,2625.75,2606.449951171875,2606.449951171875,366881,HINDUNILVR
2024-07-10 08:45:00+00:00,2614.89990234375,2619.89990234375,2610.449951171875,2613.699951171875,245380,HINDUNILVR
2024-07-10 09:45:00+00:00,2605.0,2615.199951171875,2598.300048828125,2614.949951171875,228486,HINDUNILVR
2024-07-11 03:45:00+00:00,2600.10009765625,2613.85009765625,2590.199951171875,2612.5,197229,HINDUNILVR
2024-07-11 04:45:00+00:00,2606.0,2609.75,2595.10009765625,2601.199951171875,151863,HINDUNILVR
2024-07-11 05:45:00+00:00,2613.300048828125,2615.0,2604.60009765625,2606.14990234375,206350,HINDUNILVR
2024-07-11 06:45:00+00:00,2612.449951171875,2616.800048828125,2610.0,2612.949951171875,137693,HINDUNILVR
2024-07-11 07:45:00+00:00,2613.75,2616.75,2607.199951171875,2612.75,186407,HINDUNILVR
2024-07-11 08:45:00+00:00,2609.550048828125,2614.949951171875,2603.800048828125,2613.550048828125,399928,HINDUNILVR
2024-07-11 09:45:00+00:00,2608.85009765625,2612.0,2607.0,2609.89990234375,153082,HINDUNILVR
2024-07-12 03:45:00+00:00,2613.35009765625,2620.199951171875,2603.89990234375,2603.89990234375,0,HINDUNILVR
2024-07-12 04:45:00+00:00,2623.0,2632.0,2609.14990234375,2613.35009765625,292276,HINDUNILVR
2024-07-12 05:45:00+00:00,2625.300048828125,2629.35009765625,2615.89990234375,2622.64990234375,201374,HINDUNILVR
2024-07-12 06:45:00+00:00,2635.60009765625,2639.35009765625,2623.10009765625,2626.10009765625,219708,HINDUNILVR
2024-07-12 07:45:00+00:00,2636.89990234375,2639.0,2625.0,2635.800048828125,260110,HINDUNILVR
2024-07-12 08:45:00+00:00,2623.5,2639.5,2620.35009765625,2636.89990234375,535086,HINDUNILVR
2024-07-12 09:45:00+00:00,2622.25,2625.0,2616.14990234375,2623.39990234375,174676,HINDUNILVR
2024-07-15 03:45:00+00:00,2619.949951171875,2629.25,2616.699951171875,2622.800048828125,0,HINDUNILVR
2024-07-15 04:45:00+00:00,2621.5,2625.25,2617.0,2619.949951171875,104023,HINDUNILVR
2024-07-15 05:45:00+00:00,2620.300048828125,2624.800048828125,2617.85009765625,2621.14990234375,109308,HINDUNILVR
2024-07-15 06:45:00+00:00,2621.550048828125,2625.800048828125,2617.449951171875,2620.14990234375,120861,HINDUNILVR
2024-07-15 07:45:00+00:00,2617.300048828125,2623.10009765625,2615.0,2621.0,121181,HINDUNILVR
2024-07-15 08:45:00+00:00,2622.199951171875,2624.0,2615.800048828125,2617.5,198454,HINDUNILVR
2024-07-15 09:45:00+00:00,2620.300048828125,2621.0,2616.10009765625,2620.949951171875,0,HINDUNILVR
2024-07-16 03:45:00+00:00,2637.35009765625,2657.199951171875,2632.0,2637.39990234375,468023,HINDUNILVR
2024-07-16 04:45:00+00:00,2672.0,2672.0,2637.35009765625,2638.199951171875,328302,HINDUNILVR
2024-07-16 05:45:00+00:00,2685.449951171875,2694.5,2670.89990234375,2672.0,512351,HINDUNILVR
2024-07-16 06:45:00+00:00,2715.0,2716.0,2680.0,2685.39990234375,560714,HINDUNILVR
2024-07-16 07:45:00+00:00,2704.300048828125,2725.0,2696.0,2715.0,635262,HINDUNILVR
2024-07-16 08:45:00+00:00,2687.10009765625,2705.35009765625,2687.10009765625,2704.39990234375,603312,HINDUNILVR
2024-07-16 09:45:00+00:00,2684.199951171875,2690.0,2680.0,2687.449951171875,189799,HINDUNILVR
2024-07-18 03:45:00+00:00,2720.699951171875,2721.0,2655.10009765625,2697.5,0,HINDUNILVR
2024-07-18 04:45:00+00:00,2736.0,2743.75,2716.199951171875,2720.800048828125,1026908,HINDUNILVR
2024-07-18 05:45:00+00:00,2708.35009765625,2749.0,2707.199951171875,2736.550048828125,947577,HINDUNILVR
2024-07-18 06:45:00+00:00,2710.60009765625,2718.35009765625,2693.10009765625,2708.550048828125,514820,HINDUNILVR
2024-07-18 07:45:00+00:00,2735.0,2736.0,2711.75,2712.550048828125,637525,HINDUNILVR
2024-07-18 08:45:00+00:00,2737.60009765625,2751.14990234375,2731.0,2735.0,945893,HINDUNILVR
2024-07-18 09:45:00+00:00,2731.0,2740.5,2730.300048828125,2737.550048828125,171570,HINDUNILVR
2024-07-19 03:45:00+00:00,2734.949951171875,2741.449951171875,2720.39990234375,2725.449951171875,0,HINDUNILVR
2024-07-19 04:45:00+00:00,2728.35009765625,2739.39990234375,2717.60009765625,2736.35009765625,172682,HINDUNILVR
2024-07-19 05:45:00+00:00,2729.0,2731.25,2717.0,2728.0,151756,HINDUNILVR
2024-07-19 06:45:00+00:00,2729.550048828125,2733.0,2724.199951171875,2729.0,89758,HINDUNILVR
2024-07-19 07:45:00+00:00,2729.800048828125,2737.949951171875,2725.0,2729.550048828125,234038,HINDUNILVR
2024-07-19 08:45:00+00:00,2726.14990234375,2735.0,2719.800048828125,2729.60009765625,566303,HINDUNILVR
2024-07-19 09:45:00+00:00,2727.0,2731.89990234375,2717.64990234375,2726.550048828125,165376,HINDUNILVR
2024-07-22 03:45:00+00:00,2735.550048828125,2743.39990234375,2710.85009765625,2718.10009765625,0,HINDUNILVR
2024-07-22 04:45:00+00:00,2728.60009765625,2749.75,2727.199951171875,2735.5,358069,HINDUNILVR
2024-07-22 05:45:00+00:00,2721.199951171875,2736.64990234375,2719.449951171875,2728.5,194750,HINDUNILVR
2024-07-22 06:45:00+00:00,2724.949951171875,2734.0,2719.550048828125,2720.800048828125,142874,HINDUNILVR
2024-07-22 07:45:00+00:00,2731.64990234375,2736.39990234375,2724.89990234375,2726.050048828125,215670,HINDUNILVR
2024-07-22 08:45:00+00:00,2740.0,2741.0,2730.10009765625,2731.64990234375,316256,HINDUNILVR
2024-07-22 09:45:00+00:00,2735.300048828125,2740.10009765625,2732.050048828125,2740.10009765625,0,HINDUNILVR
2024-07-23 03:45:00+00:00,2737.25,2756.550048828125,2737.25,2743.0,305584,HINDUNILVR
2024-07-23 04:45:00+00:00,2759.0,2759.0,2732.0,2738.14990234375,182689,HINDUNILVR
2024-07-23 05:45:00+00:00,2785.0,2798.89990234375,2753.699951171875,2762.10009765625,740839,HINDUNILVR
2024-07-23 06:45:00+00:00,2789.0,2797.64990234375,2745.14990234375,2785.0,1347490,HINDUNILVR
2024-07-23 07:45:00+00:00,2800.0,2811.300048828125,2771.050048828125,2788.800048828125,535004,HINDUNILVR
2024-07-23 08:45:00+00:00,2759.949951171875,2800.14990234375,2759.75,2799.050048828125,535276,HINDUNILVR
2024-07-23 09:45:00+00:00,2766.35009765625,2770.0,2756.10009765625,2760.0,0,HINDUNILVR
2024-07-24 03:45:00+00:00,2722.64990234375,2757.449951171875,2675.5,2736.35009765625,1665025,HINDUNILVR
2024-07-24 04:45:00+00:00,2723.89990234375,2727.35009765625,2712.14990234375,2723.0,553937,HINDUNILVR
2024-07-24 05:45:00+00:00,2734.14990234375,2746.25,2720.199951171875,2723.550048828125,318755,HINDUNILVR
2024-07-24 06:45:00+00:00,2720.75,2734.800048828125,2720.0,2734.14990234375,181804,HINDUNILVR
2024-07-24 07:45:00+00:00,2710.699951171875,2722.5,2702.89990234375,2720.699951171875,324678,HINDUNILVR
2024-07-24 08:45:00+00:00,2715.0,2726.75,2710.5,2710.5,412040,HINDUNILVR
2024-07-24 09:45:00+00:00,2721.949951171875,2724.0,2714.5,2715.0,155509,HINDUNILVR
2024-07-25 03:45:00+00:00,2720.75,2724.699951171875,2705.0,2708.60009765625,0,HINDUNILVR
2024-07-25 04:45:00+00:00,2678.5,2720.75,2676.199951171875,2720.75,379463,HINDUNILVR
2024-07-25 05:45:00+00:00,2676.60009765625,2684.89990234375,2670.800048828125,2678.64990234375,280135,HINDUNILVR
2024-07-25 06:45:00+00:00,2698.199951171875,2699.75,2676.199951171875,2676.60009765625,204960,HINDUNILVR
2024-07-25 07:45:00+00:00,2712.050048828125,2715.050048828125,2687.75,2698.60009765625,310707,HINDUNILVR
2024-07-25 08:45:00+00:00,2706.800048828125,2715.050048828125,2700.050048828125,2711.89990234375,435620,HINDUNILVR
2024-07-25 09:45:00+00:00,2707.199951171875,2717.949951171875,2705.0,2706.800048828125,165963,HINDUNILVR
2024-07-26 03:45:00+00:00,2705.25,2719.25,2687.64990234375,2710.14990234375,0,HINDUNILVR
2024-07-26 04:45:00+00:00,2700.39990234375,2712.0,2688.0,2705.199951171875,215616,HINDUNILVR
2024-07-26 05:45:00+00:00,2710.0,2710.75,2692.5,2699.699951171875,202052,HINDUNILVR
2024-07-26 06:45:00+00:00,2725.699951171875,2727.0,2707.050048828125,2710.050048828125,189329,HINDUNILVR
2024-07-26 07:45:00+00:00,2713.5,2726.10009765625,2713.10009765625,2725.75,195655,HINDUNILVR
2024-07-26 08:45:00+00:00,2714.89990234375,2716.0,2697.449951171875,2714.10009765625,910369,HINDUNILVR
2024-07-26 09:45:00+00:00,2711.050048828125,2716.550048828125,2705.050048828125,2714.10009765625,0,HINDUNILVR
2024-07-29 03:45:00+00:00,2698.0,2710.300048828125,2693.0,2710.300048828125,0,HINDUNILVR
2024-07-29 04:45:00+00:00,2698.75,2702.39990234375,2694.10009765625,2697.949951171875,98236,HINDUNILVR
2024-07-29 05:45:00+00:00,2700.550048828125,2705.5,2697.0,2698.85009765625,129180,HINDUNILVR
2024-07-29 06:45:00+00:00,2712.0,2715.0,2700.0,2700.0,105318,HINDUNILVR
2024-07-29 07:45:00+00:00,2705.800048828125,2713.0,2699.25,2711.85009765625,121988,HINDUNILVR
2024-07-29 08:45:00+00:00,2712.10009765625,2713.0,2705.800048828125,2705.800048828125,216259,HINDUNILVR
2024-07-29 09:45:00+00:00,2711.60009765625,2718.5,2710.39990234375,2711.75,0,HINDUNILVR
2024-07-30 03:45:00+00:00,2730.0,2754.25,2718.449951171875,2720.25,397382,HINDUNILVR
2024-07-30 04:45:00+00:00,2730.64990234375,2737.550048828125,2724.0,2729.14990234375,150490,HINDUNILVR
2024-07-30 05:45:00+00:00,2724.0,2733.050048828125,2717.699951171875,2730.64990234375,197241,HINDUNILVR
2024-07-30 06:45:00+00:00,2719.25,2727.89990234375,2718.0,2724.0,121676,HINDUNILVR
2024-07-30 07:45:00+00:00,2709.75,2722.050048828125,2700.300048828125,2718.85009765625,259799,HINDUNILVR
2024-07-30 08:45:00+00:00,2691.89990234375,2710.0,2691.199951171875,2709.60009765625,301484,HINDUNILVR
2024-07-30 09:45:00+00:00,2691.39990234375,2693.0,2686.699951171875,2691.89990234375,132156,HINDUNILVR
2024-07-31 03:45:00+00:00,2682.75,2707.300048828125,2675.050048828125,2698.449951171875,0,HINDUNILVR
2024-07-31 04:45:00+00:00,2678.050048828125,2687.5,2676.0,2682.800048828125,188376,HINDUNILVR
2024-07-31 05:45:00+00:00,2690.0,2690.199951171875,2678.050048828125,2678.050048828125,197993,HINDUNILVR
2024-07-31 06:45:00+00:00,2691.449951171875,2691.85009765625,2685.550048828125,2689.050048828125,117325,HINDUNILVR
2024-07-31 07:45:00+00:00,2700.0,2701.0,2690.0,2691.0,243222,HINDUNILVR
2024-07-31 08:45:00+00:00,2706.35009765625,2708.199951171875,2700.050048828125,2700.050048828125,464801,HINDUNILVR
2024-07-31 09:45:00+00:00,2705.64990234375,2708.0,2702.449951171875,2706.39990234375,268805,HINDUNILVR
2024-08-01 03:45:00+00:00,2708.60009765625,2724.949951171875,2703.0,2715.64990234375,0,HINDUNILVR
2024-08-01 04:45:00+00:00,2699.25,2713.14990234375,2697.35009765625,2708.25,337077,HINDUNILVR
2024-08-01 05:45:00+00:00,2703.800048828125,2703.949951171875,2695.199951171875,2698.39990234375,79341,HINDUNILVR
2024-08-01 06:45:00+00:00,2706.0,2708.0,2700.0,2703.0,171616,HINDUNILVR
2024-08-01 07:45:00+00:00,2713.5,2714.550048828125,2695.89990234375,2706.0,288062,HINDUNILVR
2024-08-01 08:45:00+00:00,2718.300048828125,2723.449951171875,2704.10009765625,2713.0,644457,HINDUNILVR
2024-08-01 09:45:00+00:00,2717.699951171875,2720.60009765625,2710.0,2718.25,178636,HINDUNILVR
2024-08-02 03:45:00+00:00,2727.699951171875,2759.5,2718.300048828125,2724.89990234375,593609,HINDUNILVR
2024-08-02 04:45:00+00:00,2707.89990234375,2730.89990234375,2699.85009765625,2727.25,211875,HINDUNILVR
2024-08-02 05:45:00+00:00,2698.699951171875,2708.0,2691.85009765625,2707.949951171875,140923,HINDUNILVR
2024-08-02 06:45:00+00:00,2694.800048828125,2707.050048828125,2694.0,2697.550048828125,101989,HINDUNILVR
2024-08-02 07:45:00+00:00,2698.25,2699.0,2681.300048828125,2694.85009765625,182297,HINDUNILVR
2024-08-02 08:45:00+00:00,2695.449951171875,2699.0,2687.0,2699.0,338020,HINDUNILVR
2024-08-02 09:45:00+00:00,2695.949951171875,2699.25,2687.89990234375,2695.89990234375,170063,HINDUNILVR
2024-08-05 03:45:00+00:00,2733.25,2737.60009765625,2675.64990234375,2686.64990234375,0,HINDUNILVR
2024-08-05 04:45:00+00:00,2730.949951171875,2742.0,2726.64990234375,2733.25,410145,HINDUNILVR
2024-08-05 05:45:00+00:00,2721.5,2732.10009765625,2705.300048828125,2730.949951171875,443678,HINDUNILVR
2024-08-05 06:45:00+00:00,2720.949951171875,2727.0,2715.199951171875,2721.5,448702,HINDUNILVR
2024-08-05 07:45:00+00:00,2721.949951171875,2725.0,2698.39990234375,2721.60009765625,416350,HINDUNILVR
2024-08-05 08:45:00+00:00,2712.0,2724.75,2711.75,2722.35009765625,382263,HINDUNILVR
2024-08-05 09:45:00+00:00,2722.0,2724.89990234375,2711.949951171875,2711.949951171875,225464,HINDUNILVR
2024-08-06 03:45:00+00:00,2749.85009765625,2754.800048828125,2709.10009765625,2722.35009765625,493199,HINDUNILVR
2024-08-06 04:45:00+00:00,2757.64990234375,2762.0,2743.050048828125,2749.85009765625,364355,HINDUNILVR
2024-08-06 05:45:00+00:00,2765.949951171875,2771.75,2757.25,2757.949951171875,310029,HINDUNILVR
2024-08-06 06:45:00+00:00,2767.85009765625,2768.0,2751.85009765625,2765.699951171875,268087,HINDUNILVR
2024-08-06 07:45:00+00:00,2754.800048828125,2767.949951171875,2752.199951171875,2767.0,217149,HINDUNILVR
2024-08-06 08:45:00+00:00,2745.199951171875,2757.0,2745.199951171875,2754.89990234375,451551,HINDUNILVR
2024-08-06 09:45:00+00:00,2757.0,2757.0,2740.5,2745.199951171875,191233,HINDUNILVR
2024-08-07 03:45:00+00:00,2771.949951171875,2779.14990234375,2762.10009765625,2766.800048828125,323142,HINDUNILVR
2024-08-07 04:45:00+00:00,2766.89990234375,2778.0,2764.699951171875,2771.35009765625,173968,HINDUNILVR
2024-08-07 05:45:00+00:00,2765.0,2768.0,2757.300048828125,2767.550048828125,259217,HINDUNILVR
2024-08-07 06:45:00+00:00,2752.14990234375,2765.0,2745.64990234375,2765.0,259324,HINDUNILVR
2024-08-07 07:45:00+00:00,2747.39990234375,2754.0,2745.949951171875,2752.14990234375,146488,HINDUNILVR
2024-08-07 08:45:00+00:00,2748.300048828125,2758.050048828125,2744.050048828125,2747.300048828125,358430,HINDUNILVR
2024-08-07 09:45:00+00:00,2742.5,2748.39990234375,2735.64990234375,2748.300048828125,193218,HINDUNILVR
2024-08-08 03:45:00+00:00,2735.0,2758.5,2733.800048828125,2751.14990234375,190904,HINDUNILVR
2024-08-08 04:45:00+00:00,2748.300048828125,2754.5,2731.800048828125,2735.0,170496,HINDUNILVR
2024-08-08 05:45:00+00:00,2729.949951171875,2754.949951171875,2720.39990234375,2748.5,395065,HINDUNILVR
2024-08-08 06:45:00+00:00,2730.14990234375,2747.35009765625,2723.050048828125,2729.85009765625,103277,HINDUNILVR
2024-08-08 07:45:00+00:00,2743.300048828125,2743.300048828125,2725.050048828125,2730.35009765625,107924,HINDUNILVR
2024-08-08 08:45:00+00:00,2732.39990234375,2747.0,2730.25,2743.449951171875,311497,HINDUNILVR
2024-08-08 09:45:00+00:00,2733.199951171875,2740.0,2724.550048828125,2732.10009765625,184805,HINDUNILVR
2024-08-09 03:45:00+00:00,2732.800048828125,2754.0,2731.60009765625,2754.0,0,HINDUNILVR
2024-08-09 04:45:00+00:00,2731.10009765625,2736.449951171875,2727.0,2732.800048828125,116319,HINDUNILVR
2024-08-09 05:45:00+00:00,2722.199951171875,2734.449951171875,2718.800048828125,2731.14990234375,215209,HINDUNILVR
2024-08-09 06:45:00+00:00,2734.35009765625,2735.0,2721.949951171875,2721.949951171875,263887,HINDUNILVR
2024-08-09 07:45:00+00:00,2733.85009765625,2737.449951171875,2724.60009765625,2735.0,132527,HINDUNILVR
2024-08-09 08:45:00+00:00,2748.64990234375,2749.64990234375,2733.35009765625,2733.89990234375,164451,HINDUNILVR
2024-08-09 09:45:00+00:00,2744.0,2750.25,2743.0,2748.64990234375,251193,HINDUNILVR
2024-08-12 03:45:00+00:00,2725.699951171875,2744.550048828125,2723.449951171875,2738.0,0,HINDUNILVR
2024-08-12 04:45:00+00:00,2734.75,2735.449951171875,2723.199951171875,2725.0,78496,HINDUNILVR
2024-08-12 05:45:00+00:00,2750.550048828125,2752.0,2732.550048828125,2734.449951171875,179936,HINDUNILVR
2024-08-12 06:45:00+00:00,2750.449951171875,2752.0,2744.89990234375,2750.60009765625,172153,HINDUNILVR
2024-08-12 07:45:00+00:00,2758.60009765625,2759.5,2749.550048828125,2751.25,116590,HINDUNILVR
2024-08-12 08:45:00+00:00,2748.25,2763.35009765625,2743.050048828125,2758.550048828125,435619,HINDUNILVR
2024-08-12 09:45:00+00:00,2748.699951171875,2751.89990234375,2742.5,2748.050048828125,168733,HINDUNILVR
2024-08-13 03:45:00+00:00,2753.300048828125,2754.0,2730.10009765625,2742.14990234375,0,HINDUNILVR
2024-08-13 04:45:00+00:00,2746.199951171875,2757.60009765625,2742.10009765625,2752.5,162899,HINDUNILVR
2024-08-13 05:45:00+00:00,2752.75,2755.0,2743.25,2746.199951171875,93504,HINDUNILVR
2024-08-13 06:45:00+00:00,2745.25,2754.14990234375,2738.050048828125,2753.449951171875,198926,HINDUNILVR
2024-08-13 07:45:00+00:00,2736.0,2746.449951171875,2731.5,2745.300048828125,96428,HINDUNILVR
2024-08-13 08:45:00+00:00,2739.60009765625,2746.0,2735.199951171875,2736.39990234375,239925,HINDUNILVR
2024-08-13 09:45:00+00:00,2737.0,2744.199951171875,2734.800048828125,2740.0,138040,HINDUNILVR
2024-08-14 03:45:00+00:00,2715.050048828125,2738.5,2706.60009765625,2738.5,0,HINDUNILVR
2024-08-14 04:45:00+00:00,2732.5,2733.199951171875,2712.89990234375,2715.60009765625,50474,HINDUNILVR
2024-08-14 05:45:00+00:00,2730.199951171875,2739.050048828125,2725.39990234375,2732.5,166088,HINDUNILVR
2024-08-14 06:45:00+00:00,2730.0,2737.5,2729.800048828125,2730.14990234375,162047,HINDUNILVR
2024-08-14 07:45:00+00:00,2729.0,2731.800048828125,2725.14990234375,2730.89990234375,60744,HINDUNILVR
2024-08-14 08:45:00+00:00,2720.85009765625,2731.5,2716.050048828125,2728.75,239350,HINDUNILVR
2024-08-14 09:45:00+00:00,2721.14990234375,2726.0,2719.0,2720.800048828125,0,HINDUNILVR
2024-08-16 03:45:00+00:00,2721.39990234375,2740.0,2720.89990234375,2728.949951171875,355400,HINDUNILVR
2024-08-16 04:45:00+00:00,2715.949951171875,2725.5,2714.0,2722.550048828125,189287,HINDUNILVR
2024-08-16 05:45:00+00:00,2730.14990234375,2737.300048828125,2711.10009765625,2715.050048828125,196518,HINDUNILVR
2024-08-16 06:45:00+00:00,2731.0,2735.800048828125,2726.10009765625,2730.10009765625,148510,HINDUNILVR
2024-08-16 07:45:00+00:00,2737.85009765625,2738.449951171875,2730.0,2731.39990234375,222757,HINDUNILVR
2024-08-16 08:45:00+00:00,2748.35009765625,2753.550048828125,2735.64990234375,2737.85009765625,414118,HINDUNILVR
2024-08-16 09:45:00+00:00,2748.14990234375,2750.0,2746.0,2748.35009765625,200764,HINDUNILVR
2024-08-19 03:45:00+00:00,2750.85009765625,2759.75,2737.050048828125,2752.75,0,HINDUNILVR
2024-08-19 04:45:00+00:00,2752.35009765625,2752.550048828125,2743.14990234375,2750.050048828125,70868,HINDUNILVR
2024-08-19 05:45:00+00:00,2751.449951171875,2759.0,2748.85009765625,2752.35009765625,133320,HINDUNILVR
2024-08-19 06:45:00+00:00,2752.0,2754.949951171875,2749.39990234375,2751.35009765625,95587,HINDUNILVR
2024-08-19 07:45:00+00:00,2751.5,2754.14990234375,2747.050048828125,2752.0,118481,HINDUNILVR
2024-08-19 08:45:00+00:00,2745.0,2755.0,2744.60009765625,2751.300048828125,213197,HINDUNILVR
2024-08-19 09:45:00+00:00,2739.14990234375,2748.0,2739.0,2745.10009765625,349755,HINDUNILVR
2024-08-20 03:45:00+00:00,2752.0,2754.85009765625,2740.75,2741.5,259343,HINDUNILVR
2024-08-20 04:45:00+00:00,2743.89990234375,2753.25,2740.199951171875,2752.64990234375,302374,HINDUNILVR
2024-08-20 05:45:00+00:00,2739.699951171875,2744.949951171875,2735.050048828125,2743.89990234375,90508,HINDUNILVR
2024-08-20 06:45:00+00:00,2739.550048828125,2740.0,2736.60009765625,2739.699951171875,56506,HINDUNILVR
2024-08-20 07:45:00+00:00,2737.14990234375,2740.0,2736.10009765625,2739.949951171875,63398,HINDUNILVR
2024-08-20 08:45:00+00:00,2750.449951171875,2751.449951171875,2736.14990234375,2737.14990234375,197081,HINDUNILVR
2024-08-20 09:45:00+00:00,2751.050048828125,2756.25,2748.0,2749.5,0,HINDUNILVR
2024-08-21 03:45:00+00:00,2771.75,2779.949951171875,2742.949951171875,2742.949951171875,280134,HINDUNILVR
2024-08-21 04:45:00+00:00,2764.25,2776.0,2763.050048828125,2773.0,105135,HINDUNILVR
2024-08-21 05:45:00+00:00,2765.199951171875,2770.0,2760.0,2763.35009765625,145156,HINDUNILVR
2024-08-21 06:45:00+00:00,2771.050048828125,2773.75,2764.64990234375,2765.300048828125,153917,HINDUNILVR
2024-08-21 07:45:00+00:00,2780.0,2780.0,2766.14990234375,2771.050048828125,182106,HINDUNILVR
2024-08-21 08:45:00+00:00,2791.300048828125,2794.85009765625,2780.0,2780.0,352266,HINDUNILVR
2024-08-21 09:45:00+00:00,2793.0,2795.10009765625,2790.050048828125,2790.050048828125,198427,HINDUNILVR
2024-08-22 03:45:00+00:00,2785.0,2810.0,2782.10009765625,2799.300048828125,0,HINDUNILVR
2024-08-22 04:45:00+00:00,2787.5,2796.5,2782.5,2785.0,266269,HINDUNILVR
2024-08-22 05:45:00+00:00,2789.60009765625,2790.0,2783.0,2787.5,141208,HINDUNILVR
2024-08-22 06:45:00+00:00,2789.800048828125,2790.0,2785.0,2789.60009765625,109913,HINDUNILVR
2024-08-22 07:45:00+00:00,2790.85009765625,2796.0,2786.10009765625,2790.0,133462,HINDUNILVR
2024-08-22 08:45:00+00:00,2794.0,2798.85009765625,2786.60009765625,2790.5,443220,HINDUNILVR
2024-08-22 09:45:00+00:00,2794.0,2795.0,2790.10009765625,2793.5,158502,HINDUNILVR
2024-08-23 03:45:00+00:00,2784.449951171875,2805.199951171875,2771.60009765625,2801.39990234375,440542,HINDUNILVR
2024-08-23 04:45:00+00:00,2798.050048828125,2799.550048828125,2783.199951171875,2785.35009765625,319244,HINDUNILVR
2024-08-23 05:45:00+00:00,2807.0,2809.75,2793.85009765625,2798.050048828125,322019,HINDUNILVR
2024-08-23 06:45:00+00:00,2804.64990234375,2809.0,2801.35009765625,2807.10009765625,178894,HINDUNILVR
2024-08-23 07:45:00+00:00,2816.0,2817.85009765625,2802.0,2804.64990234375,226323,HINDUNILVR
2024-08-23 08:45:00+00:00,2817.449951171875,2820.699951171875,2810.0,2816.0,393908,HINDUNILVR
2024-08-23 09:45:00+00:00,2815.60009765625,2818.35009765625,2810.0,2817.0,0,HINDUNILVR
2024-08-26 03:45:00+00:00,2816.699951171875,2819.39990234375,2805.10009765625,2809.449951171875,0,HINDUNILVR
2024-08-26 04:45:00+00:00,2825.550048828125,2834.75,2816.14990234375,2817.449951171875,254244,HINDUNILVR
2024-08-26 05:45:00+00:00,2820.0,2827.5,2815.0,2825.5,160048,HINDUNILVR
2024-08-26 06:45:00+00:00,2825.89990234375,2827.0,2816.85009765625,2820.85009765625,124971,HINDUNILVR
2024-08-26 07:45:00+00:00,2826.25,2829.75,2822.89990234375,2826.39990234375,131616,HINDUNILVR
2024-08-26 08:45:00+00:00,2824.35009765625,2828.0,2817.10009765625,2827.199951171875,198903,HINDUNILVR
2024-08-26 09:45:00+00:00,2809.699951171875,2826.0,2807.0,2824.35009765625,147452,HINDUNILVR
2024-08-27 03:45:00+00:00,2814.14990234375,2823.550048828125,2806.949951171875,2806.949951171875,0,HINDUNILVR
2024-08-27 04:45:00+00:00,2798.800048828125,2815.0,2797.050048828125,2815.0,137958,HINDUNILVR
2024-08-27 05:45:00+00:00,2791.89990234375,2803.39990234375,2788.14990234375,2798.60009765625,112120,HINDUNILVR
2024-08-27 06:45:00+00:00,2776.0,2792.0,2775.85009765625,2791.89990234375,141168,HINDUNILVR
2024-08-27 07:45:00+00:00,2779.14990234375,2787.0,2772.39990234375,2775.949951171875,345487,HINDUNILVR
2024-08-27 08:45:00+00:00,2771.10009765625,2781.0,2768.550048828125,2779.10009765625,255875,HINDUNILVR
2024-08-27 09:45:00+00:00,2767.0,2770.89990234375,2760.0,2770.89990234375,223193,HINDUNILVR
2024-08-28 03:45:00+00:00,2756.300048828125,2768.0,2752.0,2757.0,324971,HINDUNILVR
2024-08-28 04:45:00+00:00,2747.050048828125,2763.0,2745.75,2757.0,464381,HINDUNILVR
2024-08-28 05:45:00+00:00,2758.35009765625,2760.550048828125,2745.89990234375,2747.10009765625,327628,HINDUNILVR
2024-08-28 06:45:00+00:00,2765.699951171875,2765.699951171875,2754.949951171875,2758.35009765625,92520,HINDUNILVR
2024-08-28 07:45:00+00:00,2778.550048828125,2781.0,2765.050048828125,2766.0,129291,HINDUNILVR
2024-08-28 08:45:00+00:00,2764.39990234375,2781.5,2760.050048828125,2778.89990234375,259046,HINDUNILVR
2024-08-28 09:45:00+00:00,2764.35009765625,2768.0,2760.800048828125,2764.39990234375,125694,HINDUNILVR
2024-08-29 03:45:00+00:00,2779.60009765625,2785.0,2755.550048828125,2755.550048828125,0,HINDUNILVR
2024-08-29 04:45:00+00:00,2784.85009765625,2786.35009765625,2777.39990234375,2780.0,214614,HINDUNILVR
2024-08-29 05:45:00+00:00,2789.10009765625,2792.0,2782.25,2784.89990234375,127648,HINDUNILVR
2024-08-29 06:45:00+00:00,2806.949951171875,2810.0,2789.0,2789.10009765625,265677,HINDUNILVR
2024-08-29 07:45:00+00:00,2780.0,2807.050048828125,2776.5,2807.0,305331,HINDUNILVR
2024-08-29 08:45:00+00:00,2781.10009765625,2800.0,2771.300048828125,2780.0,667561,HINDUNILVR
2024-08-29 09:45:00+00:00,2785.25,2788.60009765625,2777.800048828125,2780.300048828125,0,HINDUNILVR
2024-08-30 03:45:00+00:00,2791.75,2816.300048828125,2787.89990234375,2798.800048828125,382491,HINDUNILVR
2024-08-30 04:45:00+00:00,2788.550048828125,2792.89990234375,2780.199951171875,2792.0,126686,HINDUNILVR
2024-08-30 05:45:00+00:00,2787.300048828125,2789.89990234375,2783.050048828125,2788.550048828125,99860,HINDUNILVR
2024-08-30 06:45:00+00:00,2780.75,2790.5,2776.85009765625,2787.60009765625,79814,HINDUNILVR
2024-08-30 07:45:00+00:00,2781.89990234375,2788.449951171875,2778.10009765625,2780.75,118709,HINDUNILVR
2024-08-30 08:45:00+00:00,2772.89990234375,2787.949951171875,2762.64990234375,2781.89990234375,1870694,HINDUNILVR
2024-08-30 09:45:00+00:00,2778.0,2797.64990234375,2768.050048828125,2773.75,1351312,HINDUNILVR
2024-09-02 03:45:00+00:00,2805.0,2808.0,2779.5,2792.949951171875,0,HINDUNILVR
2024-09-02 04:45:00+00:00,2803.699951171875,2808.89990234375,2796.5,2805.0,205270,HINDUNILVR
2024-09-02 05:45:00+00:00,2796.949951171875,2805.0,2791.699951171875,2803.64990234375,149514,HINDUNILVR
2024-09-02 06:45:00+00:00,2791.39990234375,2801.0,2788.89990234375,2796.85009765625,159445,HINDUNILVR
2024-09-02 07:45:00+00:00,2793.949951171875,2796.949951171875,2788.35009765625,2791.39990234375,59325,HINDUNILVR
2024-09-02 08:45:00+00:00,2788.5,2795.5,2786.949951171875,2793.949951171875,144348,HINDUNILVR
2024-09-02 09:45:00+00:00,2789.050048828125,2790.800048828125,2786.39990234375,2788.5,71992,HINDUNILVR
2024-09-03 03:45:00+00:00,2799.64990234375,2814.60009765625,2780.10009765625,2780.699951171875,0,HINDUNILVR
2024-09-03 04:45:00+00:00,2824.199951171875,2827.949951171875,2798.699951171875,2799.60009765625,305185,HINDUNILVR
2024-09-03 05:45:00+00:00,2817.75,2826.949951171875,2811.14990234375,2824.199951171875,204334,HINDUNILVR
2024-09-03 06:45:00+00:00,2812.14990234375,2818.75,2811.14990234375,2817.800048828125,255842,HINDUNILVR
2024-09-03 07:45:00+00:00,2808.25,2814.14990234375,2804.5,2812.14990234375,254808,HINDUNILVR
2024-09-03 08:45:00+00:00,2792.949951171875,2810.0,2792.10009765625,2809.14990234375,416608,HINDUNILVR
2024-09-03 09:45:00+00:00,2794.300048828125,2794.949951171875,2789.60009765625,2793.050048828125,0,HINDUNILVR
2024-09-04 03:45:00+00:00,2810.699951171875,2815.39990234375,2773.199951171875,2782.14990234375,309240,HINDUNILVR
2024-09-04 04:45:00+00:00,2824.300048828125,2833.199951171875,2808.550048828125,2810.699951171875,176416,HINDUNILVR
2024-09-04 05:45:00+00:00,2826.0,2834.300048828125,2818.89990234375,2824.75,244600,HINDUNILVR
2024-09-04 06:45:00+00:00,2831.949951171875,2836.14990234375,2818.14990234375,2825.25,221232,HINDUNILVR
2024-09-04 07:45:00+00:00,2835.050048828125,2839.050048828125,2829.050048828125,2831.89990234375,180655,HINDUNILVR
2024-09-04 08:45:00+00:00,2842.699951171875,2843.85009765625,2835.050048828125,2835.75,334559,HINDUNILVR
2024-09-04 09:45:00+00:00,2842.0,2843.199951171875,2840.0,2842.85009765625,172182,HINDUNILVR
2024-09-05 03:45:00+00:00,2842.60009765625,2855.0,2824.550048828125,2840.949951171875,0,HINDUNILVR
2024-09-05 04:45:00+00:00,2833.0,2845.64990234375,2827.10009765625,2842.699951171875,157353,HINDUNILVR
2024-09-05 05:45:00+00:00,2845.0,2847.699951171875,2826.10009765625,2833.0,173858,HINDUNILVR
2024-09-05 06:45:00+00:00,2850.0,2851.89990234375,2845.0,2845.050048828125,197255,HINDUNILVR
2024-09-05 07:45:00+00:00,2833.300048828125,2850.5,2830.85009765625,2850.35009765625,155180,HINDUNILVR
2024-09-05 08:45:00+00:00,2840.449951171875,2843.35009765625,2823.64990234375,2833.300048828125,477073,HINDUNILVR
2024-09-05 09:45:00+00:00,2837.0,2843.5,2834.14990234375,2840.5,231911,HINDUNILVR
2024-09-06 03:45:00+00:00,2835.14990234375,2865.550048828125,2829.050048828125,2831.10009765625,252900,HINDUNILVR
2024-09-06 04:45:00+00:00,2852.10009765625,2860.0,2833.050048828125,2834.60009765625,328732,HINDUNILVR
2024-09-06 05:45:00+00:00,2857.39990234375,2861.75,2850.0,2851.699951171875,133357,HINDUNILVR
2024-09-06 06:45:00+00:00,2854.60009765625,2860.0,2850.0,2857.199951171875,140123,HINDUNILVR
2024-09-06 07:45:00+00:00,2837.25,2857.89990234375,2835.550048828125,2854.75,159611,HINDUNILVR
2024-09-06 08:45:00+00:00,2837.75,2844.5,2829.60009765625,2837.25,490270,HINDUNILVR
2024-09-06 09:45:00+00:00,2838.949951171875,2845.0,2835.5,2837.85009765625,0,HINDUNILVR
2024-09-09 03:45:00+00:00,2861.0,2875.550048828125,2846.0,2848.949951171875,0,HINDUNILVR
2024-09-09 04:45:00+00:00,2863.25,2872.60009765625,2860.5,2861.89990234375,134746,HINDUNILVR
2024-09-09 05:45:00+00:00,2897.0,2898.0,2860.0,2863.199951171875,380952,HINDUNILVR
2024-09-09 06:45:00+00:00,2922.10009765625,2926.199951171875,2895.60009765625,2898.0,657659,HINDUNILVR
2024-09-09 07:45:00+00:00,2929.949951171875,2938.199951171875,2919.0,2922.10009765625,641624,HINDUNILVR
2024-09-09 08:45:00+00:00,2920.5,2930.199951171875,2920.0,2929.949951171875,709896,HINDUNILVR
2024-09-09 09:45:00+00:00,2920.0,2922.64990234375,2920.0,2920.550048828125,389207,HINDUNILVR
2024-09-10 03:45:00+00:00,2898.050048828125,2930.199951171875,2898.050048828125,2930.199951171875,411308,HINDUNILVR
2024-09-10 04:45:00+00:00,2900.75,2905.0,2887.5,2899.5,178750,HINDUNILVR
2024-09-10 05:45:00+00:00,2909.14990234375,2913.60009765625,2895.0,2900.800048828125,239110,HINDUNILVR
2024-09-10 06:45:00+00:00,2915.0,2916.0,2908.949951171875,2909.14990234375,157278,HINDUNILVR
2024-09-10 07:45:00+00:00,2920.89990234375,2925.949951171875,2910.949951171875,2915.0,156531,HINDUNILVR
2024-09-10 08:45:00+00:00,2900.0,2922.60009765625,2893.699951171875,2919.449951171875,286513,HINDUNILVR
2024-09-10 09:45:00+00:00,2900.0,2904.300048828125,2896.449951171875,2899.949951171875,107052,HINDUNILVR
2024-09-11 03:45:00+00:00,2924.0,2924.0,2900.0,2908.39990234375,0,HINDUNILVR
2024-09-11 04:45:00+00:00,2945.5,2947.64990234375,2922.699951171875,2924.0,326849,HINDUNILVR
2024-09-11 05:45:00+00:00,2936.300048828125,2950.0,2930.949951171875,2946.0,458799,HINDUNILVR
2024-09-11 06:45:00+00:00,2920.0,2937.800048828125,2920.0,2936.699951171875,220487,HINDUNILVR
2024-09-11 07:45:00+00:00,2908.10009765625,2925.800048828125,2907.699951171875,2920.199951171875,147819,HINDUNILVR
2024-09-11 08:45:00+00:00,2903.300048828125,2912.60009765625,2898.35009765625,2908.10009765625,385411,HINDUNILVR
2024-09-11 09:45:00+00:00,2915.0,2919.39990234375,2902.0,2903.300048828125,201171,HINDUNILVR
2024-09-12 03:45:00+00:00,2919.85009765625,2921.449951171875,2894.550048828125,2905.699951171875,139667,HINDUNILVR
2024-09-12 04:45:00+00:00,2919.64990234375,2923.14990234375,2907.300048828125,2919.85009765625,208476,HINDUNILVR
2024-09-12 05:45:00+00:00,2919.0,2923.89990234375,2916.0,2919.64990234375,154506,HINDUNILVR
2024-09-12 06:45:00+00:00,2910.449951171875,2919.199951171875,2905.050048828125,2919.0,221023,HINDUNILVR
2024-09-12 07:45:00+00:00,2928.14990234375,2932.14990234375,2905.199951171875,2910.449951171875,301148,HINDUNILVR
2024-09-12 08:45:00+00:00,2954.64990234375,2962.85009765625,2927.050048828125,2927.949951171875,973455,HINDUNILVR
2024-09-12 09:45:00+00:00,2956.39990234375,2957.949951171875,2944.10009765625,2954.75,456178,HINDUNILVR
2024-09-13 03:45:00+00:00,2924.25,2955.0,2919.25,2955.0,0,HINDUNILVR
2024-09-13 04:45:00+00:00,2938.5,2938.60009765625,2921.449951171875,2923.89990234375,156854,HINDUNILVR
2024-09-13 05:45:00+00:00,2941.050048828125,2948.35009765625,2937.800048828125,2938.25,113849,HINDUNILVR
2024-09-13 06:45:00+00:00,2930.25,2945.0,2928.25,2941.10009765625,246211,HINDUNILVR
2024-09-13 07:45:00+00:00,2944.550048828125,2945.949951171875,2925.64990234375,2930.35009765625,412266,HINDUNILVR
2024-09-13 08:45:00+00:00,2929.050048828125,2944.5,2925.60009765625,2944.5,494829,HINDUNILVR
2024-09-13 09:45:00+00:00,2932.949951171875,2944.949951171875,2928.14990234375,2929.0,224731,HINDUNILVR
2024-09-16 03:45:00+00:00,2874.39990234375,2893.10009765625,2842.60009765625,2893.10009765625,0,HINDUNILVR
2024-09-16 04:45:00+00:00,2863.0,2876.800048828125,2859.10009765625,2876.0,231023,HINDUNILVR
2024-09-16 05:45:00+00:00,2849.85009765625,2865.0,2846.449951171875,2863.0,133188,HINDUNILVR
2024-09-16 06:45:00+00:00,2856.699951171875,2864.89990234375,2848.0,2849.85009765625,195140,HINDUNILVR
2024-09-16 07:45:00+00:00,2869.199951171875,2870.0,2856.550048828125,2856.699951171875,162763,HINDUNILVR
2024-09-16 08:45:00+00:00,2865.10009765625,2870.0,2864.85009765625,2869.0,225135,HINDUNILVR
2024-09-16 09:45:00+00:00,2867.449951171875,2870.0,2863.300048828125,2865.64990234375,80188,HINDUNILVR
2024-09-17 03:45:00+00:00,2870.25,2909.5,2865.0,2865.0,285648,HINDUNILVR
2024-09-17 04:45:00+00:00,2880.25,2881.75,2865.949951171875,2869.300048828125,145083,HINDUNILVR
2024-09-17 05:45:00+00:00,2877.64990234375,2884.89990234375,2871.0,2880.949951171875,87284,HINDUNILVR
2024-09-17 06:45:00+00:00,2875.0,2881.699951171875,2871.25,2877.64990234375,84161,HINDUNILVR
2024-09-17 07:45:00+00:00,2869.75,2878.0,2868.300048828125,2875.0,99628,HINDUNILVR
2024-09-17 08:45:00+00:00,2874.39990234375,2875.0,2867.0,2869.75,260010,HINDUNILVR
2024-09-17 09:45:00+00:00,2876.550048828125,2877.199951171875,2872.39990234375,2874.35009765625,136290,HINDUNILVR
2024-09-18 03:45:00+00:00,2878.199951171875,2893.5,2874.0,2874.949951171875,0,HINDUNILVR
2024-09-18 04:45:00+00:00,2885.5,2892.0,2876.050048828125,2878.25,57571,HINDUNILVR
2024-09-18 05:45:00+00:00,2878.14990234375,2887.300048828125,2878.0,2885.5,32484,HINDUNILVR
2024-09-18 06:45:00+00:00,2871.449951171875,2883.5,2870.10009765625,2879.050048828125,55694,HINDUNILVR
2024-09-18 07:45:00+00:00,2867.5,2874.550048828125,2861.699951171875,2871.449951171875,55192,HINDUNILVR
2024-09-18 08:45:00+00:00,2876.5,2881.300048828125,2863.699951171875,2867.5,120295,HINDUNILVR
2024-09-18 09:45:00+00:00,2875.85009765625,2878.25,2870.0,2876.5,0,HINDUNILVR
2024-09-19 03:45:00+00:00,2901.0,2901.0,2876.199951171875,2876.199951171875,244381,HINDUNILVR
2024-09-19 04:45:00+00:00,2928.39990234375,2931.10009765625,2900.64990234375,2900.699951171875,232221,HINDUNILVR
2024-09-19 05:45:00+00:00,2918.550048828125,2934.300048828125,2909.10009765625,2928.449951171875,253297,HINDUNILVR
2024-09-19 06:45:00+00:00,2906.449951171875,2920.35009765625,2899.39990234375,2918.800048828125,199065,HINDUNILVR
2024-09-19 07:45:00+00:00,2924.300048828125,2924.35009765625,2902.550048828125,2906.449951171875,157760,HINDUNILVR
2024-09-19 08:45:00+00:00,2918.35009765625,2928.699951171875,2902.25,2923.199951171875,420628,HINDUNILVR
2024-09-19 09:45:00+00:00,2911.75,2920.60009765625,2904.60009765625,2917.25,0,HINDUNILVR
2024-09-20 03:45:00+00:00,2914.89990234375,2928.75,2896.5,2928.75,258783,HINDUNILVR
2024-09-20 04:45:00+00:00,2940.0,2941.449951171875,2911.14990234375,2915.800048828125,326607,HINDUNILVR
2024-09-20 05:45:00+00:00,2944.449951171875,2948.25,2935.0,2940.199951171875,156735,HINDUNILVR
2024-09-20 06:45:00+00:00,2968.949951171875,2970.0,2939.75,2944.10009765625,247928,HINDUNILVR
2024-09-20 07:45:00+00:00,2959.60009765625,2974.699951171875,2920.199951171875,2969.0,519177,HINDUNILVR
2024-09-20 08:45:00+00:00,2964.550048828125,2988.75,2943.85009765625,2959.60009765625,1443517,HINDUNILVR
2024-09-20 09:45:00+00:00,2977.60009765625,2986.35009765625,2964.85009765625,2965.60009765625,0,HINDUNILVR
2024-09-23 03:45:00+00:00,2987.14990234375,2997.5,2973.89990234375,2975.0,0,HINDUNILVR
2024-09-23 04:45:00+00:00,2999.699951171875,3003.949951171875,2986.949951171875,2988.699951171875,164073,HINDUNILVR
2024-09-23 05:45:00+00:00,3008.449951171875,3016.60009765625,2990.10009765625,2999.699951171875,165900,HINDUNILVR
2024-09-23 06:45:00+00:00,3011.300048828125,3014.300048828125,2998.699951171875,3008.949951171875,93903,HINDUNILVR
2024-09-23 07:45:00+00:00,3025.0,3035.0,3010.0,3012.699951171875,218288,HINDUNILVR
2024-09-23 08:45:00+00:00,3025.35009765625,3030.10009765625,3022.5,3025.0,282967,HINDUNILVR
2024-09-23 09:45:00+00:00,3026.699951171875,3034.0,3022.75,3025.39990234375,204651,HINDUNILVR
2024-09-24 03:45:00+00:00,2984.14990234375,3019.0,2978.14990234375,3019.0,391025,HINDUNILVR
2024-09-24 04:45:00+00:00,2990.0,2998.300048828125,2978.550048828125,2984.800048828125,171193,HINDUNILVR
2024-09-24 05:45:00+00:00,2973.35009765625,2994.35009765625,2968.550048828125,2990.25,190159,HINDUNILVR
2024-09-24 06:45:00+00:00,2980.0,2980.14990234375,2967.0,2973.050048828125,292209,HINDUNILVR
2024-09-24 07:45:00+00:00,2965.60009765625,2984.5,2964.64990234375,2979.949951171875,208234,HINDUNILVR
2024-09-24 08:45:00+00:00,2949.10009765625,2970.0,2947.64990234375,2965.60009765625,458461,HINDUNILVR
2024-09-24 09:45:00+00:00,2955.0,2955.300048828125,2946.10009765625,2949.10009765625,217689,HINDUNILVR
2024-09-25 03:45:00+00:00,2927.699951171875,2953.25,2920.64990234375,2945.449951171875,196466,HINDUNILVR
2024-09-25 04:45:00+00:00,2917.699951171875,2928.60009765625,2905.14990234375,2927.699951171875,190495,HINDUNILVR
2024-09-25 05:45:00+00:00,2917.0,2921.050048828125,2912.10009765625,2918.449951171875,66699,HINDUNILVR
2024-09-25 06:45:00+00:00,2930.5,2935.0,2915.10009765625,2916.85009765625,118085,HINDUNILVR
2024-09-25 07:45:00+00:00,2928.39990234375,2932.300048828125,2922.39990234375,2930.5,83921,HINDUNILVR
2024-09-25 08:45:00+00:00,2950.800048828125,2951.949951171875,2920.85009765625,2928.300048828125,261726,HINDUNILVR
2024-09-25 09:45:00+00:00,2948.949951171875,2960.0,2948.050048828125,2950.85009765625,137890,HINDUNILVR
2024-09-26 03:45:00+00:00,2952.64990234375,2963.800048828125,2942.800048828125,2955.0,0,HINDUNILVR
2024-09-26 04:45:00+00:00,2954.800048828125,2962.0,2948.0,2952.60009765625,121543,HINDUNILVR
2024-09-26 05:45:00+00:00,2948.0,2954.89990234375,2943.0,2954.800048828125,93623,HINDUNILVR
2024-09-26 06:45:00+00:00,2949.25,2952.0,2944.85009765625,2948.0,365310,HINDUNILVR
2024-09-26 07:45:00+00:00,2950.0,2954.60009765625,2946.14990234375,2950.85009765625,145327,HINDUNILVR
2024-09-26 08:45:00+00:00,2985.25,2988.300048828125,2949.35009765625,2950.0,688035,HINDUNILVR
2024-09-26 09:45:00+00:00,2986.10009765625,2992.800048828125,2982.75,2985.300048828125,0,HINDUNILVR
2024-09-27 03:45:00+00:00,3018.0,3030.0,2953.85009765625,2970.35009765625,373071,HINDUNILVR
2024-09-27 04:45:00+00:00,3019.199951171875,3024.85009765625,3007.0,3018.75,236089,HINDUNILVR
2024-09-27 05:45:00+00:00,3008.35009765625,3027.699951171875,3004.10009765625,3019.14990234375,150337,HINDUNILVR
2024-09-27 06:45:00+00:00,3010.0,3011.10009765625,3000.699951171875,3009.050048828125,94784,HINDUNILVR
2024-09-27 07:45:00+00:00,2991.75,3010.0,2987.800048828125,3010.0,195621,HINDUNILVR
2024-09-27 08:45:00+00:00,2968.050048828125,2995.39990234375,2965.0,2992.10009765625,1081570,HINDUNILVR
2024-09-27 09:45:00+00:00,2966.89990234375,2971.64990234375,2956.85009765625,2968.39990234375,844839,HINDUNILVR
2024-09-30 03:45:00+00:00,2982.449951171875,2997.89990234375,2963.14990234375,2965.0,0,HINDUNILVR
2024-09-30 04:45:00+00:00,2972.75,2986.39990234375,2964.25,2982.300048828125,141656,HINDUNILVR
2024-09-30 05:45:00+00:00,2957.10009765625,2976.949951171875,2953.699951171875,2972.75,233120,HINDUNILVR
2024-09-30 06:45:00+00:00,2956.0,2958.75,2945.25,2955.60009765625,182401,HINDUNILVR
2024-09-30 07:45:00+00:00,2952.60009765625,2959.75,2950.60009765625,2955.0,133669,HINDUNILVR
2024-09-30 08:45:00+00:00,2957.39990234375,2964.0,2942.64990234375,2952.60009765625,450549,HINDUNILVR
2024-09-30 09:45:00+00:00,2958.300048828125,2970.0,2953.25,2957.64990234375,0,HINDUNILVR
2024-10-01 03:45:00+00:00,2936.60009765625,2962.699951171875,2929.949951171875,2962.699951171875,191721,HINDUNILVR
2024-10-01 04:45:00+00:00,2905.0,2936.60009765625,2904.050048828125,2936.60009765625,195082,HINDUNILVR
2024-10-01 05:45:00+00:00,2910.050048828125,2910.25,2891.39990234375,2905.0,163131,HINDUNILVR
2024-10-01 06:45:00+00:00,2918.75,2920.10009765625,2910.0,2910.25,141710,HINDUNILVR
2024-10-01 07:45:00+00:00,2931.10009765625,2933.60009765625,2919.300048828125,2919.300048828125,192754,HINDUNILVR
2024-10-01 08:45:00+00:00,2923.199951171875,2932.0,2915.75,2931.199951171875,192344,HINDUNILVR
2024-10-01 09:45:00+00:00,2923.75,2929.800048828125,2914.199951171875,2923.85009765625,107875,HINDUNILVR
2024-10-03 03:45:00+00:00,2902.199951171875,2922.75,2865.0,2902.39990234375,0,HINDUNILVR
2024-10-03 04:45:00+00:00,2900.0,2917.550048828125,2899.800048828125,2902.25,150007,HINDUNILVR
2024-10-03 05:45:00+00:00,2901.199951171875,2901.75,2888.25,2898.89990234375,115192,HINDUNILVR
2024-10-03 06:45:00+00:00,2898.14990234375,2905.10009765625,2890.300048828125,2900.5,104911,HINDUNILVR
2024-10-03 07:45:00+00:00,2896.0,2902.75,2890.0,2898.14990234375,112382,HINDUNILVR
2024-10-03 08:45:00+00:00,2893.75,2898.199951171875,2885.300048828125,2895.699951171875,308360,HINDUNILVR
2024-10-03 09:45:00+00:00,2904.35009765625,2904.89990234375,2893.25,2893.89990234375,116232,HINDUNILVR
2024-10-04 03:45:00+00:00,2896.050048828125,2903.75,2876.800048828125,2891.050048828125,0,HINDUNILVR
2024-10-04 04:45:00+00:00,2899.25,2906.85009765625,2886.300048828125,2895.10009765625,182688,HINDUNILVR
2024-10-04 05:45:00+00:00,2902.10009765625,2914.0,2880.0,2899.199951171875,459232,HINDUNILVR
2024-10-04 06:45:00+00:00,2852.0,2903.85009765625,2817.050048828125,2902.050048828125,680378,HINDUNILVR
2024-10-04 07:45:00+00:00,2849.800048828125,2854.0,2830.14990234375,2852.0,188963,HINDUNILVR
2024-10-04 08:45:00+00:00,2853.35009765625,2858.550048828125,2840.60009765625,2850.0,615588,HINDUNILVR
2024-10-04 09:45:00+00:00,2848.75,2855.199951171875,2833.10009765625,2851.64990234375,153445,HINDUNILVR
2024-10-07 03:45:00+00:00,2844.64990234375,2851.699951171875,2829.75,2849.699951171875,0,HINDUNILVR
2024-10-07 04:45:00+00:00,2852.449951171875,2863.0,2833.050048828125,2845.050048828125,226648,HINDUNILVR
2024-10-07 05:45:00+00:00,2845.199951171875,2854.550048828125,2832.39990234375,2852.199951171875,171074,HINDUNILVR
2024-10-07 06:45:00+00:00,2830.39990234375,2846.64990234375,2828.699951171875,2844.300048828125,137031,HINDUNILVR
2024-10-07 07:45:00+00:00,2832.39990234375,2854.949951171875,2828.60009765625,2830.39990234375,174486,HINDUNILVR
2024-10-07 08:45:00+00:00,2830.64990234375,2839.800048828125,2827.050048828125,2831.85009765625,239905,HINDUNILVR
2024-10-07 09:45:00+00:00,2833.39990234375,2844.10009765625,2826.14990234375,2830.64990234375,0,HINDUNILVR
2024-10-08 03:45:00+00:00,2873.0,2885.550048828125,2843.449951171875,2843.449951171875,262447,HINDUNILVR
2024-10-08 04:45:00+00:00,2855.050048828125,2873.050048828125,2851.89990234375,2873.050048828125,117075,HINDUNILVR
2024-10-08 05:45:00+00:00,2837.449951171875,2858.449951171875,2832.5,2855.25,143985,HINDUNILVR
2024-10-08 06:45:00+00:00,2835.0,2845.449951171875,2825.75,2837.89990234375,190045,HINDUNILVR
2024-10-08 07:45:00+00:00,2821.35009765625,2838.75,2814.550048828125,2835.0,215383,HINDUNILVR
2024-10-08 08:45:00+00:00,2815.050048828125,2828.85009765625,2798.800048828125,2821.050048828125,657085,HINDUNILVR
2024-10-08 09:45:00+00:00,2819.0,2819.0,2810.14990234375,2815.050048828125,175296,HINDUNILVR
2024-10-09 03:45:00+00:00,2791.35009765625,2820.0,2786.449951171875,2820.0,249644,HINDUNILVR
2024-10-09 04:45:00+00:00,2807.699951171875,2807.949951171875,2776.39990234375,2791.39990234375,326838,HINDUNILVR
2024-10-09 05:45:00+00:00,2794.5,2810.0,2794.14990234375,2808.0,299426,HINDUNILVR
2024-10-09 06:45:00+00:00,2803.60009765625,2806.35009765625,2793.199951171875,2794.5,118778,HINDUNILVR
2024-10-09 07:45:00+00:00,2787.25,2805.35009765625,2787.050048828125,2804.85009765625,151640,HINDUNILVR
2024-10-09 08:45:00+00:00,2768.39990234375,2786.89990234375,2760.699951171875,2786.89990234375,228310,HINDUNILVR
2024-10-09 09:45:00+00:00,2768.949951171875,2777.800048828125,2768.0,2768.0,100727,HINDUNILVR
2024-10-10 03:45:00+00:00,2783.199951171875,2787.39990234375,2753.5,2776.75,0,HINDUNILVR
2024-10-10 04:45:00+00:00,2745.449951171875,2785.699951171875,2743.550048828125,2783.14990234375,184858,HINDUNILVR
2024-10-10 05:45:00+00:00,2737.199951171875,2747.89990234375,2733.25,2745.0,376625,HINDUNILVR
2024-10-10 06:45:00+00:00,2750.550048828125,2751.699951171875,2736.050048828125,2737.10009765625,613113,HINDUNILVR
2024-10-10 07:45:00+00:00,2755.050048828125,2759.699951171875,2747.39990234375,2750.89990234375,210220,HINDUNILVR
2024-10-10 08:45:00+00:00,2754.10009765625,2758.699951171875,2747.0,2755.14990234375,380750,HINDUNILVR
2024-10-10 09:45:00+00:00,2754.699951171875,2756.75,2751.25,2754.10009765625,122842,HINDUNILVR
2024-10-11 03:45:00+00:00,2743.39990234375,2762.050048828125,2742.0,2762.050048828125,0,HINDUNILVR
2024-10-11 04:45:00+00:00,2758.199951171875,2759.89990234375,2738.35009765625,2743.199951171875,94720,HINDUNILVR
2024-10-11 05:45:00+00:00,2774.85009765625,2784.64990234375,2758.14990234375,2758.199951171875,101909,HINDUNILVR
2024-10-11 06:45:00+00:00,2773.0,2776.75,2769.050048828125,2774.85009765625,76633,HINDUNILVR
2024-10-11 07:45:00+00:00,2776.89990234375,2780.85009765625,2770.050048828125,2773.0,62862,HINDUNILVR
2024-10-11 08:45:00+00:00,2781.35009765625,2786.699951171875,2772.85009765625,2776.699951171875,182892,HINDUNILVR
2024-10-11 09:45:00+00:00,2783.199951171875,2790.0,2779.050048828125,2781.300048828125,73066,HINDUNILVR
2024-10-14 03:45:00+00:00,2781.25,2795.89990234375,2765.0,2781.60009765625,0,HINDUNILVR
2024-10-14 04:45:00+00:00,2787.85009765625,2792.5,2770.75,2781.25,72960,HINDUNILVR
2024-10-14 05:45:00+00:00,2798.64990234375,2803.699951171875,2786.449951171875,2788.199951171875,110194,HINDUNILVR
2024-10-14 06:45:00+00:00,2791.75,2798.699951171875,2789.0,2798.64990234375,66527,HINDUNILVR
2024-10-14 07:45:00+00:00,2792.449951171875,2799.5,2789.35009765625,2791.75,58012,HINDUNILVR
2024-10-14 08:45:00+00:00,2788.85009765625,2792.64990234375,2783.0,2792.10009765625,293125,HINDUNILVR
2024-10-14 09:45:00+00:00,2789.10009765625,2792.0,2783.199951171875,2788.949951171875,152087,HINDUNILVR
2024-10-15 03:45:00+00:00,2773.60009765625,2797.60009765625,2765.5,2797.60009765625,0,HINDUNILVR
2024-10-15 04:45:00+00:00,2782.300048828125,2784.050048828125,2765.449951171875,2772.800048828125,95705,HINDUNILVR
2024-10-15 05:45:00+00:00,2784.0,2792.60009765625,2779.0,2780.89990234375,73493,HINDUNILVR
2024-10-15 06:45:00+00:00,2790.800048828125,2793.35009765625,2783.199951171875,2784.64990234375,159768,HINDUNILVR
2024-10-15 07:45:00+00:00,2790.699951171875,2798.0,2782.0,2790.85009765625,123321,HINDUNILVR
2024-10-15 08:45:00+00:00,2778.449951171875,2792.949951171875,2777.800048828125,2790.75,340762,HINDUNILVR
2024-10-15 09:45:00+00:00,2787.0,2787.550048828125,2777.0,2778.35009765625,209853,HINDUNILVR
2024-10-16 03:45:00+00:00,2775.14990234375,2781.25,2756.199951171875,2778.5,0,HINDUNILVR
2024-10-16 04:45:00+00:00,2774.949951171875,2785.25,2770.39990234375,2774.800048828125,141315,HINDUNILVR
2024-10-16 05:45:00+00:00,2784.0,2787.14990234375,2765.64990234375,2775.0,187093,HINDUNILVR
2024-10-16 06:45:00+00:00,2786.300048828125,2787.0,2776.39990234375,2784.550048828125,119688,HINDUNILVR
2024-10-16 07:45:00+00:00,2781.0,2787.949951171875,2772.050048828125,2786.300048828125,139931,HINDUNILVR
2024-10-16 08:45:00+00:00,2778.75,2797.39990234375,2778.5,2781.0,277484,HINDUNILVR
2024-10-16 09:45:00+00:00,2781.25,2782.0,2776.5,2778.699951171875,129274,HINDUNILVR
2024-10-17 03:45:00+00:00,2763.300048828125,2780.949951171875,2760.300048828125,2769.14990234375,0,HINDUNILVR
2024-10-17 04:45:00+00:00,2759.949951171875,2781.25,2756.800048828125,2763.89990234375,156666,HINDUNILVR
2024-10-17 05:45:00+00:00,2757.25,2770.550048828125,2748.35009765625,2759.050048828125,122736,HINDUNILVR
2024-10-17 06:45:00+00:00,2737.050048828125,2757.449951171875,2724.60009765625,2757.449951171875,244126,HINDUNILVR
2024-10-17 07:45:00+00:00,2739.75,2748.25,2735.0,2738.75,129736,HINDUNILVR
2024-10-17 08:45:00+00:00,2739.10009765625,2744.89990234375,2736.050048828125,2740.39990234375,339886,HINDUNILVR
2024-10-17 09:45:00+00:00,2738.89990234375,2740.0,2733.050048828125,2739.14990234375,148042,HINDUNILVR
2024-10-18 03:45:00+00:00,2705.949951171875,2740.0,2699.300048828125,2740.0,0,HINDUNILVR
2024-10-18 04:45:00+00:00,2722.449951171875,2727.0,2693.550048828125,2705.14990234375,243696,HINDUNILVR
2024-10-18 05:45:00+00:00,2708.050048828125,2726.75,2703.0,2722.0,118527,HINDUNILVR
2024-10-18 06:45:00+00:00,2712.10009765625,2725.14990234375,2708.0,2708.10009765625,97028,HINDUNILVR
2024-10-18 07:45:00+00:00,2709.699951171875,2719.25,2709.10009765625,2712.10009765625,84305,HINDUNILVR
2024-10-18 08:45:00+00:00,2714.050048828125,2719.949951171875,2704.35009765625,2709.5,254242,HINDUNILVR
2024-10-18 09:45:00+00:00,2717.10009765625,2727.949951171875,2713.85009765625,2714.050048828125,105906,HINDUNILVR
2024-10-21 03:45:00+00:00,2698.10009765625,2733.449951171875,2681.449951171875,2709.449951171875,0,HINDUNILVR
2024-10-21 04:45:00+00:00,2707.35009765625,2708.89990234375,2692.949951171875,2698.60009765625,99074,HINDUNILVR
2024-10-21 05:45:00+00:00,2701.449951171875,2709.5,2695.800048828125,2707.0,76924,HINDUNILVR
2024-10-21 06:45:00+00:00,2687.699951171875,2709.449951171875,2684.0,2701.050048828125,97895,HINDUNILVR
2024-10-21 07:45:00+00:00,2704.39990234375,2709.699951171875,2686.10009765625,2686.300048828125,97725,HINDUNILVR
2024-10-21 08:45:00+00:00,2696.0,2708.0,2689.14990234375,2703.64990234375,154977,HINDUNILVR
2024-10-21 09:45:00+00:00,2693.550048828125,2696.949951171875,2685.39990234375,2695.14990234375,90560,HINDUNILVR
2024-10-22 03:45:00+00:00,2697.0,2710.0,2689.25,2689.35009765625,0,HINDUNILVR
2024-10-22 04:45:00+00:00,2701.64990234375,2708.25,2694.0,2697.0,160892,HINDUNILVR
2024-10-22 05:45:00+00:00,2700.449951171875,2704.949951171875,2691.0,2701.64990234375,108274,HINDUNILVR
2024-10-22 06:45:00+00:00,2698.0,2707.0,2690.199951171875,2700.800048828125,114138,HINDUNILVR
2024-10-22 07:45:00+00:00,2681.800048828125,2698.449951171875,2674.0,2698.449951171875,247830,HINDUNILVR
2024-10-22 08:45:00+00:00,2679.14990234375,2685.0,2674.949951171875,2682.14990234375,310652,HINDUNILVR
2024-10-22 09:45:00+00:00,2681.699951171875,2688.949951171875,2679.14990234375,2679.25,227377,HINDUNILVR
2024-10-23 03:45:00+00:00,2664.300048828125,2689.050048828125,2640.5,2640.5,0,HINDUNILVR
2024-10-23 04:45:00+00:00,2685.35009765625,2688.300048828125,2662.050048828125,2663.64990234375,85104,HINDUNILVR
2024-10-23 05:45:00+00:00,2667.75,2693.050048828125,2667.75,2683.39990234375,235593,HINDUNILVR
2024-10-23 06:45:00+00:00,2679.14990234375,2684.0,2662.0,2667.949951171875,131528,HINDUNILVR
2024-10-23 07:45:00+00:00,2665.64990234375,2682.39990234375,2663.949951171875,2679.5,108542,HINDUNILVR
2024-10-23 08:45:00+00:00,2661.39990234375,2671.5,2658.050048828125,2665.64990234375,310285,HINDUNILVR
2024-10-23 09:45:00+00:00,2659.300048828125,2665.5,2645.75,2661.199951171875,0,HINDUNILVR
2024-10-24 03:45:00+00:00,2513.050048828125,2637.699951171875,2503.39990234375,2637.699951171875,2322738,HINDUNILVR
2024-10-24 04:45:00+00:00,2486.699951171875,2512.949951171875,2474.89990234375,2512.89990234375,1861876,HINDUNILVR
2024-10-24 05:45:00+00:00,2466.0,2491.5,2453.199951171875,2487.199951171875,1403270,HINDUNILVR
2024-10-24 06:45:00+00:00,2489.0,2489.0,2465.199951171875,2466.0,1096141,HINDUNILVR
2024-10-24 07:45:00+00:00,2490.0,2500.0,2485.449951171875,2489.0,757512,HINDUNILVR
2024-10-24 08:45:00+00:00,2499.699951171875,2513.699951171875,2489.25,2490.0,1297371,HINDUNILVR
2024-10-24 09:45:00+00:00,2504.0,2506.39990234375,2498.75,2500.050048828125,476395,HINDUNILVR
2024-10-25 03:45:00+00:00,2519.800048828125,2525.25,2501.300048828125,2502.25,0,HINDUNILVR
2024-10-25 04:45:00+00:00,2524.0,2526.35009765625,2507.949951171875,2520.0,553615,HINDUNILVR
2024-10-25 05:45:00+00:00,2521.25,2526.14990234375,2507.949951171875,2524.0,253301,HINDUNILVR
2024-10-25 06:45:00+00:00,2530.75,2539.85009765625,2520.14990234375,2521.199951171875,291369,HINDUNILVR
2024-10-25 07:45:00+00:00,2527.949951171875,2534.60009765625,2525.60009765625,2530.35009765625,369447,HINDUNILVR
2024-10-25 08:45:00+00:00,2527.949951171875,2531.14990234375,2521.550048828125,2528.10009765625,490540,HINDUNILVR
2024-10-25 09:45:00+00:00,2530.300048828125,2534.0,2526.300048828125,2527.949951171875,147061,HINDUNILVR
2024-10-28 03:45:00+00:00,2569.5,2571.89990234375,2520.449951171875,2538.699951171875,0,HINDUNILVR
2024-10-28 04:45:00+00:00,2574.699951171875,2584.35009765625,2567.60009765625,2569.5,160765,HINDUNILVR
2024-10-28 05:45:00+00:00,2584.0,2585.0,2574.10009765625,2575.0,60582,HINDUNILVR
2024-10-28 06:45:00+00:00,2573.60009765625,2589.60009765625,2573.60009765625,2585.550048828125,108105,HINDUNILVR
2024-10-28 07:45:00+00:00,2578.199951171875,2581.85009765625,2572.89990234375,2573.949951171875,69816,HINDUNILVR
2024-10-28 08:45:00+00:00,2573.64990234375,2587.0,2573.199951171875,2577.25,131586,HINDUNILVR
2024-10-28 09:45:00+00:00,2575.800048828125,2579.050048828125,2572.14990234375,2574.89990234375,0,HINDUNILVR
2024-10-29 03:45:00+00:00,2559.39990234375,2585.64990234375,2550.0,2585.64990234375,282938,HINDUNILVR
2024-10-29 04:45:00+00:00,2551.60009765625,2559.39990234375,2544.949951171875,2559.39990234375,341421,HINDUNILVR
2024-10-29 05:45:00+00:00,2554.0,2558.949951171875,2550.64990234375,2552.5,118148,HINDUNILVR
2024-10-29 06:45:00+00:00,2539.85009765625,2554.199951171875,2538.10009765625,2554.0,256547,HINDUNILVR
2024-10-29 07:45:00+00:00,2542.5,2544.60009765625,2536.0,2539.85009765625,262799,HINDUNILVR
2024-10-29 08:45:00+00:00,2551.39990234375,2553.0,2537.89990234375,2542.14990234375,309503,HINDUNILVR
2024-10-29 09:45:00+00:00,2550.5,2553.0,2547.300048828125,2551.550048828125,124207,HINDUNILVR
2024-10-30 03:45:00+00:00,2553.699951171875,2560.10009765625,2533.5,2549.050048828125,0,HINDUNILVR
2024-10-30 04:45:00+00:00,2557.14990234375,2563.0,2551.5,2553.699951171875,143488,HINDUNILVR
2024-10-30 05:45:00+00:00,2561.699951171875,2562.0,2554.699951171875,2557.39990234375,76418,HINDUNILVR
2024-10-30 06:45:00+00:00,2558.0,2563.199951171875,2554.0,2562.25,129126,HINDUNILVR
2024-10-30 07:45:00+00:00,2555.10009765625,2560.10009765625,2550.0,2557.800048828125,99717,HINDUNILVR
2024-10-30 08:45:00+00:00,2553.64990234375,2559.300048828125,2551.10009765625,2555.14990234375,318328,HINDUNILVR
2024-10-30 09:45:00+00:00,2554.949951171875,2560.0,2552.25,2554.699951171875,225402,HINDUNILVR
2024-10-31 03:45:00+00:00,2551.199951171875,2563.5,2540.0,2555.0,0,HINDUNILVR
2024-10-31 04:45:00+00:00,2551.10009765625,2561.10009765625,2535.0,2550.0,104221,HINDUNILVR
2024-10-31 05:45:00+00:00,2541.89990234375,2551.699951171875,2537.300048828125,2551.699951171875,84491,HINDUNILVR
2024-10-31 06:45:00+00:00,2530.949951171875,2542.449951171875,2529.0,2541.949951171875,179868,HINDUNILVR
2024-10-31 07:45:00+00:00,2529.39990234375,2535.050048828125,2527.550048828125,2530.64990234375,179249,HINDUNILVR
2024-10-31 08:45:00+00:00,2530.0,2536.75,2524.300048828125,2529.39990234375,617397,HINDUNILVR
2024-10-31 09:45:00+00:00,2530.5,2534.800048828125,2525.60009765625,2530.949951171875,430223,HINDUNILVR
2024-11-04 03:45:00+00:00,2519.14990234375,2545.0,2515.0,2542.5,38822,HINDUNILVR
2024-11-04 04:45:00+00:00,2511.550048828125,2523.10009765625,2504.0,2517.5,162981,HINDUNILVR
2024-11-04 05:45:00+00:00,2530.89990234375,2534.199951171875,2509.60009765625,2511.60009765625,108493,HINDUNILVR
2024-11-04 06:45:00+00:00,2520.449951171875,2531.5,2510.14990234375,2530.949951171875,128682,HINDUNILVR
2024-11-04 07:45:00+00:00,2516.300048828125,2522.89990234375,2509.75,2520.35009765625,131378,HINDUNILVR
2024-11-04 08:45:00+00:00,2525.949951171875,2530.85009765625,2513.75,2516.300048828125,212673,HINDUNILVR
2024-11-04 09:45:00+00:00,2524.800048828125,2529.35009765625,2515.10009765625,2526.0,195409,HINDUNILVR
2024-11-05 03:45:00+00:00,2512.25,2529.85009765625,2507.0,2521.60009765625,0,HINDUNILVR
2024-11-05 04:45:00+00:00,2519.10009765625,2521.39990234375,2510.25,2511.5,46385,HINDUNILVR
2024-11-05 05:45:00+00:00,2518.5,2520.0,2509.89990234375,2519.89990234375,86419,HINDUNILVR
2024-11-05 06:45:00+00:00,2518.300048828125,2521.10009765625,2510.699951171875,2518.550048828125,82865,HINDUNILVR
2024-11-05 07:45:00+00:00,2519.0,2523.300048828125,2513.10009765625,2518.75,67455,HINDUNILVR
2024-11-05 08:45:00+00:00,2519.949951171875,2521.60009765625,2514.35009765625,2519.800048828125,151041,HINDUNILVR
2024-11-05 09:45:00+00:00,2522.0,2526.5,2519.949951171875,2520.0,112612,HINDUNILVR
2024-11-06 03:45:00+00:00,2509.75,2520.949951171875,2496.050048828125,2519.199951171875,0,HINDUNILVR
2024-11-06 04:45:00+00:00,2504.0,2509.5,2500.0,2509.0,89968,HINDUNILVR
2024-11-06 05:45:00+00:00,2508.050048828125,2510.0,2499.0,2503.85009765625,130101,HINDUNILVR
2024-11-06 06:45:00+00:00,2508.75,2509.85009765625,2499.0,2508.0,149192,HINDUNILVR
2024-11-06 07:45:00+00:00,2510.64990234375,2512.550048828125,2506.75,2508.949951171875,89371,HINDUNILVR
2024-11-06 08:45:00+00:00,2500.0,2516.949951171875,2495.550048828125,2511.199951171875,361154,HINDUNILVR
2024-11-06 09:45:00+00:00,2509.0,2509.75,2498.699951171875,2500.949951171875,159633,HINDUNILVR
2024-11-07 03:45:00+00:00,2476.199951171875,2503.89990234375,2475.0,2501.0,0,HINDUNILVR
2024-11-07 04:45:00+00:00,2474.64990234375,2479.199951171875,2473.14990234375,2476.199951171875,106371,HINDUNILVR
2024-11-07 05:45:00+00:00,2483.199951171875,2485.449951171875,2474.050048828125,2474.64990234375,99003,HINDUNILVR
2024-11-07 06:45:00+00:00,2474.39990234375,2485.0,2474.0,2483.75,207156,HINDUNILVR
2024-11-07 07:45:00+00:00,2472.39990234375,2477.5,2470.0,2474.35009765625,230514,HINDUNILVR
2024-11-07 08:45:00+00:00,2475.0,2476.0,2466.300048828125,2472.449951171875,337897,HINDUNILVR
2024-11-07 09:45:00+00:00,2480.75,2480.75,2474.199951171875,2475.25,138036,HINDUNILVR
2024-11-08 03:45:00+00:00,2480.0,2486.800048828125,2467.5,2486.800048828125,0,HINDUNILVR
2024-11-08 04:45:00+00:00,2500.39990234375,2502.0,2479.5,2480.050048828125,411388,HINDUNILVR
2024-11-08 05:45:00+00:00,2500.0,2503.85009765625,2493.85009765625,2500.39990234375,220488,HINDUNILVR
2024-11-08 06:45:00+00:00,2497.300048828125,2505.050048828125,2496.300048828125,2500.0,138839,HINDUNILVR
2024-11-08 07:45:00+00:00,2501.449951171875,2504.0,2490.550048828125,2497.35009765625,218753,HINDUNILVR
2024-11-08 08:45:00+00:00,2510.14990234375,2510.300048828125,2498.75,2501.35009765625,278372,HINDUNILVR
2024-11-08 09:45:00+00:00,2507.699951171875,2514.85009765625,2500.0,2510.35009765625,202188,HINDUNILVR
2024-11-11 03:45:00+00:00,2502.949951171875,2514.89990234375,2495.14990234375,2508.89990234375,0,HINDUNILVR
2024-11-11 04:45:00+00:00,2503.199951171875,2512.35009765625,2500.10009765625,2502.949951171875,79440,HINDUNILVR
2024-11-11 05:45:00+00:00,2500.14990234375,2507.199951171875,2500.0,2503.199951171875,108295,HINDUNILVR
2024-11-11 06:45:00+00:00,2500.699951171875,2503.35009765625,2496.050048828125,2500.199951171875,254650,HINDUNILVR
2024-11-11 07:45:00+00:00,2481.25,2500.699951171875,2480.0,2500.699951171875,251947,HINDUNILVR
2024-11-11 08:45:00+00:00,2492.050048828125,2499.0,2475.050048828125,2480.85009765625,227105,HINDUNILVR
2024-11-11 09:45:00+00:00,2489.0,2492.89990234375,2487.0,2492.050048828125,84873,HINDUNILVR
2024-11-12 03:45:00+00:00,2477.800048828125,2494.0,2475.0,2494.0,0,HINDUNILVR
2024-11-12 04:45:00+00:00,2480.5,2484.85009765625,2470.25,2477.800048828125,160235,HINDUNILVR
2024-11-12 05:45:00+00:00,2468.0,2483.25,2468.0,2480.39990234375,191975,HINDUNILVR
2024-11-12 06:45:00+00:00,2464.89990234375,2469.89990234375,2462.5,2468.0,115527,HINDUNILVR
2024-11-12 07:45:00+00:00,2460.0,2465.050048828125,2456.0,2464.85009765625,167239,HINDUNILVR
2024-11-12 08:45:00+00:00,2460.949951171875,2466.449951171875,2459.14990234375,2459.60009765625,510516,HINDUNILVR
2024-11-12 09:45:00+00:00,2462.85009765625,2462.89990234375,2459.949951171875,2461.0,379913,HINDUNILVR
2024-11-13 03:45:00+00:00,2465.75,2472.35009765625,2452.0,2459.800048828125,0,HINDUNILVR
2024-11-13 04:45:00+00:00,2464.14990234375,2470.85009765625,2460.14990234375,2466.0,200440,HINDUNILVR
2024-11-13 05:45:00+00:00,2461.550048828125,2468.0,2451.25,2464.449951171875,147619,HINDUNILVR
2024-11-13 06:45:00+00:00,2460.25,2465.0,2455.300048828125,2461.0,63816,HINDUNILVR
2024-11-13 07:45:00+00:00,2464.35009765625,2465.5,2455.5,2459.300048828125,189157,HINDUNILVR
2024-11-13 08:45:00+00:00,2464.89990234375,2469.25,2462.85009765625,2464.5,368876,HINDUNILVR
2024-11-13 09:45:00+00:00,2460.35009765625,2465.85009765625,2460.35009765625,2464.89990234375,150618,HINDUNILVR
2024-11-14 03:45:00+00:00,2434.25,2464.300048828125,2429.300048828125,2460.39990234375,0,HINDUNILVR
2024-11-14 04:45:00+00:00,2430.5,2437.0,2418.35009765625,2434.10009765625,386096,HINDUNILVR
2024-11-14 05:45:00+00:00,2409.75,2429.39990234375,2408.800048828125,2424.199951171875,231573,HINDUNILVR
2024-11-14 06:45:00+00:00,2389.699951171875,2413.800048828125,2383.699951171875,2409.800048828125,337443,HINDUNILVR
2024-11-14 07:45:00+00:00,2403.050048828125,2403.050048828125,2388.050048828125,2389.5,281781,HINDUNILVR
2024-11-14 08:45:00+00:00,2386.449951171875,2405.85009765625,2385.0,2403.10009765625,581257,HINDUNILVR
2024-11-14 09:45:00+00:00,2392.75,2395.0,2385.0,2386.449951171875,254232,HINDUNILVR
2024-11-18 03:45:00+00:00,2386.64990234375,2401.10009765625,2376.050048828125,2401.10009765625,0,HINDUNILVR
2024-11-18 04:45:00+00:00,2392.449951171875,2395.050048828125,2385.35009765625,2386.550048828125,106993,HINDUNILVR
2024-11-18 05:45:00+00:00,2397.050048828125,2405.0,2390.5,2392.10009765625,96606,HINDUNILVR
2024-11-18 06:45:00+00:00,2397.64990234375,2402.800048828125,2393.699951171875,2397.14990234375,106778,HINDUNILVR
2024-11-18 07:45:00+00:00,2408.25,2409.5,2396.0,2397.800048828125,135731,HINDUNILVR
2024-11-18 08:45:00+00:00,2424.050048828125,2425.0,2407.14990234375,2407.699951171875,429582,HINDUNILVR
2024-11-18 09:45:00+00:00,2424.199951171875,2425.0,2423.699951171875,2424.0,233300,HINDUNILVR
2024-11-19 03:45:00+00:00,2421.199951171875,2431.14990234375,2415.85009765625,2425.949951171875,0,HINDUNILVR
2024-11-19 04:45:00+00:00,2433.050048828125,2434.39990234375,2418.5,2420.89990234375,120756,HINDUNILVR
2024-11-19 05:45:00+00:00,2430.800048828125,2436.85009765625,2428.25,2433.050048828125,102843,HINDUNILVR
2024-11-19 06:45:00+00:00,2429.60009765625,2435.949951171875,2426.050048828125,2430.0,108875,HINDUNILVR
2024-11-19 07:45:00+00:00,2434.050048828125,2440.0,2428.60009765625,2429.60009765625,162762,HINDUNILVR
2024-11-19 08:45:00+00:00,2409.550048828125,2437.300048828125,2405.449951171875,2434.0,395591,HINDUNILVR
2024-11-19 09:45:00+00:00,2410.35009765625,2411.300048828125,2405.10009765625,2409.199951171875,102924,HINDUNILVR
2024-11-21 03:45:00+00:00,2405.800048828125,2410.35009765625,2390.64990234375,2404.64990234375,0,HINDUNILVR
2024-11-21 04:45:00+00:00,2407.550048828125,2411.75,2398.300048828125,2406.10009765625,165121,HINDUNILVR
2024-11-21 05:45:00+00:00,2392.35009765625,2408.800048828125,2385.0,2407.550048828125,175483,HINDUNILVR
2024-11-21 06:45:00+00:00,2380.14990234375,2398.800048828125,2378.10009765625,2392.10009765625,149847,HINDUNILVR
2024-11-21 07:45:00+00:00,2379.89990234375,2384.050048828125,2376.550048828125,2380.0,145674,HINDUNILVR
2024-11-21 08:45:00+00:00,2384.85009765625,2388.550048828125,2377.5,2379.89990234375,341559,HINDUNILVR
2024-11-21 09:45:00+00:00,2383.0,2385.14990234375,2380.14990234375,2384.64990234375,88828,HINDUNILVR
2024-11-22 03:45:00+00:00,2405.85009765625,2412.800048828125,2378.25,2389.949951171875,0,HINDUNILVR
2024-11-22 04:45:00+00:00,2400.050048828125,2411.0,2388.050048828125,2406.25,111434,HINDUNILVR
2024-11-22 05:45:00+00:00,2405.0,2410.35009765625,2391.89990234375,2400.050048828125,166682,HINDUNILVR
2024-11-22 06:45:00+00:00,2410.35009765625,2411.85009765625,2402.199951171875,2405.300048828125,131073,HINDUNILVR
2024-11-22 07:45:00+00:00,2429.89990234375,2437.64990234375,2409.39990234375,2409.89990234375,252397,HINDUNILVR
2024-11-22 08:45:00+00:00,2447.949951171875,2452.10009765625,2422.89990234375,2429.949951171875,675656,HINDUNILVR
2024-11-22 09:45:00+00:00,2445.25,2447.949951171875,2430.64990234375,2447.949951171875,183614,HINDUNILVR
2024-11-25 03:45:00+00:00,2489.60009765625,2489.800048828125,2462.39990234375,2476.5,0,HINDUNILVR
2024-11-25 04:45:00+00:00,2499.800048828125,2504.89990234375,2488.550048828125,2488.800048828125,235781,HINDUNILVR
2024-11-25 05:45:00+00:00,2498.14990234375,2502.75,2489.14990234375,2499.89990234375,250567,HINDUNILVR
2024-11-25 06:45:00+00:00,2480.0,2501.050048828125,2465.0,2498.0,417107,HINDUNILVR
2024-11-25 07:45:00+00:00,2495.550048828125,2498.75,2479.0,2480.050048828125,149335,HINDUNILVR
2024-11-25 08:45:00+00:00,2474.550048828125,2505.39990234375,2465.550048828125,2495.64990234375,1774617,HINDUNILVR
2024-11-25 09:45:00+00:00,2471.449951171875,2481.89990234375,2457.60009765625,2474.39990234375,1242032,HINDUNILVR
2024-11-26 03:45:00+00:00,2470.0,2494.60009765625,2463.0,2487.25,0,HINDUNILVR
2024-11-26 04:45:00+00:00,2475.25,2483.949951171875,2460.550048828125,2470.0,120723,HINDUNILVR
2024-11-26 05:45:00+00:00,2491.449951171875,2491.449951171875,2472.699951171875,2475.0,148787,HINDUNILVR
2024-11-26 06:45:00+00:00,2491.699951171875,2493.5,2476.699951171875,2491.5,173710,HINDUNILVR
2024-11-26 07:45:00+00:00,2490.0,2494.25,2486.0,2491.699951171875,116622,HINDUNILVR
2024-11-26 08:45:00+00:00,2479.199951171875,2492.0,2475.39990234375,2489.39990234375,159822,HINDUNILVR
2024-11-26 09:45:00+00:00,2484.10009765625,2484.10009765625,2477.39990234375,2479.199951171875,58051,HINDUNILVR
2024-11-27 03:45:00+00:00,2462.699951171875,2475.199951171875,2458.0,2475.199951171875,0,HINDUNILVR
2024-11-27 04:45:00+00:00,2471.0,2472.89990234375,2460.0,2462.60009765625,107545,HINDUNILVR
2024-11-27 05:45:00+00:00,2470.25,2477.0,2462.550048828125,2471.0,92610,HINDUNILVR
2024-11-27 06:45:00+00:00,2482.39990234375,2484.0,2470.0,2470.25,92678,HINDUNILVR
2024-11-27 07:45:00+00:00,2476.699951171875,2487.800048828125,2474.800048828125,2482.39990234375,135279,HINDUNILVR
2024-11-27 08:45:00+00:00,2490.0,2491.800048828125,2473.64990234375,2476.550048828125,266238,HINDUNILVR
2024-11-27 09:45:00+00:00,2486.85009765625,2492.949951171875,2486.199951171875,2490.0,111303,HINDUNILVR
2024-11-28 03:45:00+00:00,2509.85009765625,2539.14990234375,2494.050048828125,2494.050048828125,0,HINDUNILVR
2024-11-28 04:45:00+00:00,2490.14990234375,2510.949951171875,2475.10009765625,2509.300048828125,395404,HINDUNILVR
2024-11-28 05:45:00+00:00,2482.050048828125,2490.699951171875,2475.0,2490.14990234375,174065,HINDUNILVR
2024-11-28 06:45:00+00:00,2479.39990234375,2483.14990234375,2469.14990234375,2482.10009765625,382514,HINDUNILVR
2024-11-28 07:45:00+00:00,2463.25,2486.85009765625,2453.199951171875,2479.5,255286,HINDUNILVR
2024-11-28 08:45:00+00:00,2464.64990234375,2473.89990234375,2455.25,2464.25,653068,HINDUNILVR
2024-11-28 09:45:00+00:00,2462.199951171875,2472.0,2460.0,2465.60009765625,194783,HINDUNILVR
2024-11-29 03:45:00+00:00,2480.64990234375,2490.0,2460.050048828125,2460.050048828125,0,HINDUNILVR
2024-11-29 04:45:00+00:00,2498.25,2502.0,2478.449951171875,2481.550048828125,134446,HINDUNILVR
2024-11-29 05:45:00+00:00,2502.39990234375,2502.699951171875,2494.300048828125,2498.800048828125,110048,HINDUNILVR
2024-11-29 06:45:00+00:00,2505.0,2507.10009765625,2499.5,2502.75,305203,HINDUNILVR
2024-11-29 07:45:00+00:00,2489.10009765625,2505.14990234375,2485.35009765625,2505.050048828125,186097,HINDUNILVR
2024-11-29 08:45:00+00:00,2495.25,2501.75,2489.14990234375,2489.14990234375,608096,HINDUNILVR
2024-11-29 09:45:00+00:00,2492.0,2499.14990234375,2485.60009765625,2495.25,275061,HINDUNILVR
2024-12-02 03:45:00+00:00,2465.85009765625,2489.39990234375,2460.60009765625,2489.39990234375,0,HINDUNILVR
2024-12-02 04:45:00+00:00,2473.14990234375,2478.449951171875,2466.35009765625,2467.0,145220,HINDUNILVR
2024-12-02 05:45:00+00:00,2482.0,2484.60009765625,2473.14990234375,2474.39990234375,77686,HINDUNILVR
2024-12-02 06:45:00+00:00,2465.0,2484.449951171875,2462.39990234375,2482.0,141953,HINDUNILVR
2024-12-02 07:45:00+00:00,2479.449951171875,2481.300048828125,2463.0,2465.0,117145,HINDUNILVR
2024-12-02 08:45:00+00:00,2478.300048828125,2486.0,2475.75,2479.89990234375,202606,HINDUNILVR
2024-12-02 09:45:00+00:00,2479.0,2480.60009765625,2475.0,2478.300048828125,106102,HINDUNILVR
2024-12-03 03:45:00+00:00,2477.85009765625,2484.35009765625,2467.0,2483.300048828125,0,HINDUNILVR
2024-12-03 04:45:00+00:00,2480.10009765625,2482.89990234375,2473.300048828125,2477.800048828125,98834,HINDUNILVR
2024-12-03 05:45:00+00:00,2479.199951171875,2481.949951171875,2475.050048828125,2480.10009765625,120183,HINDUNILVR
2024-12-03 06:45:00+00:00,2475.0,2480.85009765625,2471.14990234375,2479.25,445041,HINDUNILVR
2024-12-03 07:45:00+00:00,2481.85009765625,2482.449951171875,2473.0,2474.550048828125,207764,HINDUNILVR
2024-12-03 08:45:00+00:00,2483.949951171875,2486.89990234375,2475.10009765625,2482.0,436174,HINDUNILVR
2024-12-03 09:45:00+00:00,2482.5,2484.550048828125,2478.0,2484.0,162588,HINDUNILVR
2024-12-04 03:45:00+00:00,2477.85009765625,2486.0,2475.0,2480.35009765625,0,HINDUNILVR
2024-12-04 04:45:00+00:00,2487.050048828125,2487.550048828125,2477.0,2477.85009765625,149753,HINDUNILVR
2024-12-04 05:45:00+00:00,2475.60009765625,2493.0,2470.199951171875,2487.5,247651,HINDUNILVR
2024-12-04 06:45:00+00:00,2476.0,2486.0,2473.0,2476.5,201554,HINDUNILVR
2024-12-04 07:45:00+00:00,2479.0,2484.0,2475.5,2476.199951171875,106382,HINDUNILVR
2024-12-04 08:45:00+00:00,2465.64990234375,2480.0,2457.300048828125,2479.050048828125,275547,HINDUNILVR
2024-12-04 09:45:00+00:00,2464.89990234375,2466.949951171875,2464.0,2465.25,94094,HINDUNILVR
2024-12-05 03:45:00+00:00,2463.35009765625,2477.699951171875,2460.35009765625,2464.10009765625,0,HINDUNILVR
2024-12-05 04:45:00+00:00,2463.300048828125,2469.0,2450.35009765625,2463.35009765625,111096,HINDUNILVR
2024-12-05 05:45:00+00:00,2487.75,2489.89990234375,2459.0,2463.300048828125,173393,HINDUNILVR
2024-12-05 06:45:00+00:00,2488.5,2496.75,2478.050048828125,2487.75,149524,HINDUNILVR
2024-12-05 07:45:00+00:00,2500.64990234375,2504.699951171875,2479.449951171875,2488.75,252232,HINDUNILVR
2024-12-05 08:45:00+00:00,2497.64990234375,2515.0,2468.800048828125,2499.800048828125,1009742,HINDUNILVR
2024-12-05 09:45:00+00:00,2494.60009765625,2501.25,2490.949951171875,2497.89990234375,197663,HINDUNILVR
2024-12-06 03:45:00+00:00,2482.10009765625,2495.800048828125,2481.64990234375,2486.14990234375,0,HINDUNILVR
2024-12-06 04:45:00+00:00,2480.050048828125,2485.39990234375,2475.0,2481.800048828125,230066,HINDUNILVR
2024-12-06 05:45:00+00:00,2481.050048828125,2484.050048828125,2476.0,2480.050048828125,180972,HINDUNILVR
2024-12-06 06:45:00+00:00,2480.550048828125,2482.949951171875,2479.0,2480.949951171875,87529,HINDUNILVR
2024-12-06 07:45:00+00:00,2482.300048828125,2482.89990234375,2479.050048828125,2480.60009765625,109755,HINDUNILVR
2024-12-06 08:45:00+00:00,2484.0,2486.050048828125,2475.25,2482.35009765625,361970,HINDUNILVR
2024-12-06 09:45:00+00:00,2485.0,2485.75,2481.25,2483.949951171875,136241,HINDUNILVR
2024-12-09 03:45:00+00:00,2393.0,2464.64990234375,2383.5,2464.64990234375,0,HINDUNILVR
2024-12-09 04:45:00+00:00,2392.050048828125,2395.5,2385.0,2393.60009765625,387465,HINDUNILVR
2024-12-09 05:45:00+00:00,2405.10009765625,2408.449951171875,2390.550048828125,2392.0,339505,HINDUNILVR
2024-12-09 06:45:00+00:00,2403.0,2406.75,2395.5,2405.14990234375,308413,HINDUNILVR
2024-12-09 07:45:00+00:00,2400.199951171875,2404.050048828125,2398.050048828125,2403.0,249475,HINDUNILVR
2024-12-09 08:45:00+00:00,2400.14990234375,2407.0,2399.449951171875,2400.0,407896,HINDUNILVR
2024-12-09 09:45:00+00:00,2402.0,2402.0,2397.60009765625,2400.0,467107,HINDUNILVR
2024-12-10 03:45:00+00:00,2391.75,2405.25,2390.60009765625,2404.89990234375,0,HINDUNILVR
2024-12-10 04:45:00+00:00,2398.39990234375,2400.35009765625,2389.75,2391.60009765625,301509,HINDUNILVR
2024-12-10 05:45:00+00:00,2402.199951171875,2412.64990234375,2396.699951171875,2398.449951171875,203458,HINDUNILVR
2024-12-10 06:45:00+00:00,2400.5,2404.64990234375,2396.0,2402.199951171875,381708,HINDUNILVR
2024-12-10 07:45:00+00:00,2397.25,2401.39990234375,2396.949951171875,2400.449951171875,194155,HINDUNILVR
2024-12-10 08:45:00+00:00,2395.949951171875,2399.89990234375,2392.699951171875,2397.199951171875,413324,HINDUNILVR
2024-12-10 09:45:00+00:00,2402.0,2404.25,2395.85009765625,2395.89990234375,206499,HINDUNILVR
2024-12-11 03:45:00+00:00,2398.050048828125,2406.60009765625,2386.0,2406.60009765625,0,HINDUNILVR
2024-12-11 04:45:00+00:00,2396.800048828125,2404.050048828125,2391.5,2398.050048828125,197223,HINDUNILVR
2024-12-11 05:45:00+00:00,2401.25,2404.0,2394.800048828125,2396.64990234375,299608,HINDUNILVR
2024-12-11 06:45:00+00:00,2400.050048828125,2401.89990234375,2398.0,2401.25,160489,HINDUNILVR
2024-12-11 07:45:00+00:00,2400.0,2401.050048828125,2395.60009765625,2400.050048828125,259119,HINDUNILVR
2024-12-11 08:45:00+00:00,2399.949951171875,2405.449951171875,2398.0,2400.050048828125,409192,HINDUNILVR
2024-12-11 09:45:00+00:00,2405.0,2407.699951171875,2399.85009765625,2399.949951171875,162738,HINDUNILVR
2024-12-12 03:45:00+00:00,2385.0,2398.60009765625,2384.050048828125,2397.89990234375,0,HINDUNILVR
2024-12-12 04:45:00+00:00,2364.14990234375,2386.60009765625,2360.0,2385.0,448226,HINDUNILVR
2024-12-12 05:45:00+00:00,2352.699951171875,2368.0,2350.0,2364.14990234375,433509,HINDUNILVR
2024-12-12 06:45:00+00:00,2349.050048828125,2352.699951171875,2346.050048828125,2352.699951171875,523517,HINDUNILVR
2024-12-12 07:45:00+00:00,2341.10009765625,2347.10009765625,2338.60009765625,2347.10009765625,400095,HINDUNILVR
2024-12-12 08:45:00+00:00,2342.949951171875,2346.0,2338.10009765625,2341.10009765625,703624,HINDUNILVR
2024-12-12 09:45:00+00:00,2344.949951171875,2347.449951171875,2342.949951171875,2342.949951171875,398937,HINDUNILVR
2024-12-13 03:45:00+00:00,2343.449951171875,2359.949951171875,2338.050048828125,2347.050048828125,0,HINDUNILVR
2024-12-13 04:45:00+00:00,2344.699951171875,2348.35009765625,2333.800048828125,2343.5,211179,HINDUNILVR
2024-12-13 05:45:00+00:00,2378.89990234375,2384.949951171875,2343.75,2344.699951171875,541611,HINDUNILVR
2024-12-13 06:45:00+00:00,2368.89990234375,2382.0,2363.75,2378.39990234375,224388,HINDUNILVR
2024-12-13 07:45:00+00:00,2386.5,2390.0,2361.39990234375,2369.60009765625,323433,HINDUNILVR
2024-12-13 08:45:00+00:00,2389.199951171875,2394.39990234375,2386.25,2386.5,501103,HINDUNILVR
2024-12-13 09:45:00+00:00,2390.5,2392.449951171875,2386.300048828125,2389.800048828125,124210,HINDUNILVR
2024-12-16 03:45:00+00:00,2376.89990234375,2392.85009765625,2373.0,2391.25,0,HINDUNILVR
2024-12-16 04:45:00+00:00,2370.14990234375,2374.699951171875,2366.199951171875,2373.85009765625,138058,HINDUNILVR
2024-12-16 05:45:00+00:00,2366.5,2375.949951171875,2366.0,2369.300048828125,181775,HINDUNILVR
2024-12-16 06:45:00+00:00,2371.300048828125,2376.550048828125,2365.10009765625,2365.949951171875,135761,HINDUNILVR
2024-12-16 07:45:00+00:00,2366.300048828125,2372.550048828125,2363.199951171875,2371.75,122638,HINDUNILVR
2024-12-16 08:45:00+00:00,2365.85009765625,2371.10009765625,2365.5,2366.35009765625,320547,HINDUNILVR
2024-12-16 09:45:00+00:00,2364.0,2368.39990234375,2363.0,2366.0,152818,HINDUNILVR
2024-12-17 03:45:00+00:00,2359.800048828125,2380.0,2358.199951171875,2358.25,0,HINDUNILVR
2024-12-17 04:45:00+00:00,2362.14990234375,2366.0,2353.550048828125,2359.699951171875,284239,HINDUNILVR
2024-12-17 05:45:00+00:00,2361.699951171875,2369.35009765625,2354.199951171875,2362.14990234375,250178,HINDUNILVR
2024-12-17 06:45:00+00:00,2373.0,2373.550048828125,2361.10009765625,2361.550048828125,322211,HINDUNILVR
2024-12-17 07:45:00+00:00,2368.0,2375.14990234375,2361.10009765625,2372.60009765625,258628,HINDUNILVR
2024-12-17 08:45:00+00:00,2363.10009765625,2370.35009765625,2359.550048828125,2367.949951171875,495408,HINDUNILVR
2024-12-17 09:45:00+00:00,2364.0,2364.5,2360.0,2363.050048828125,192115,HINDUNILVR
2024-12-18 03:45:00+00:00,2368.449951171875,2382.949951171875,2357.25,2359.449951171875,0,HINDUNILVR
2024-12-18 04:45:00+00:00,2365.89990234375,2373.5,2362.5,2368.949951171875,118414,HINDUNILVR
2024-12-18 05:45:00+00:00,2370.199951171875,2378.699951171875,2362.949951171875,2365.89990234375,142718,HINDUNILVR
2024-12-18 06:45:00+00:00,2364.050048828125,2371.85009765625,2362.10009765625,2371.0,165524,HINDUNILVR
2024-12-18 07:45:00+00:00,2360.85009765625,2366.0,2356.550048828125,2364.300048828125,93619,HINDUNILVR
2024-12-18 08:45:00+00:00,2357.550048828125,2363.25,2357.0,2360.85009765625,168458,HINDUNILVR
2024-12-18 09:45:00+00:00,2359.199951171875,2363.199951171875,2355.5,2357.199951171875,154847,HINDUNILVR
2024-12-19 03:45:00+00:00,2345.5,2379.89990234375,2338.85009765625,2377.449951171875,0,HINDUNILVR
2024-12-19 04:45:00+00:00,2345.85009765625,2352.800048828125,2340.0,2345.89990234375,247496,HINDUNILVR
2024-12-19 05:45:00+00:00,2339.300048828125,2346.949951171875,2336.0,2346.14990234375,184246,HINDUNILVR
2024-12-19 06:45:00+00:00,2357.25,2366.050048828125,2338.25,2339.60009765625,306970,HINDUNILVR
2024-12-19 07:45:00+00:00,2364.85009765625,2370.89990234375,2355.10009765625,2357.25,143321,HINDUNILVR
2024-12-19 08:45:00+00:00,2359.60009765625,2371.0,2358.449951171875,2364.85009765625,338024,HINDUNILVR
2024-12-19 09:45:00+00:00,2359.85009765625,2364.0,2356.300048828125,2359.64990234375,88307,HINDUNILVR
2024-12-20 03:45:00+00:00,2345.39990234375,2373.0,2339.35009765625,2348.25,0,HINDUNILVR
2024-12-20 04:45:00+00:00,2360.25,2364.449951171875,2345.050048828125,2346.0,88932,HINDUNILVR
2024-12-20 05:45:00+00:00,2360.60009765625,2363.800048828125,2353.449951171875,2360.0,110885,HINDUNILVR
2024-12-20 06:45:00+00:00,2347.25,2361.64990234375,2346.050048828125,2359.64990234375,272523,HINDUNILVR
2024-12-20 07:45:00+00:00,2355.949951171875,2357.39990234375,2344.800048828125,2347.199951171875,233206,HINDUNILVR
2024-12-20 08:45:00+00:00,2329.050048828125,2362.0,2325.0,2356.0,766002,HINDUNILVR
2024-12-20 09:45:00+00:00,2336.050048828125,2340.0,2327.0,2329.050048828125,420469,HINDUNILVR
2024-12-23 03:45:00+00:00,2339.199951171875,2351.64990234375,2333.199951171875,2343.35009765625,0,HINDUNILVR
2024-12-23 04:45:00+00:00,2341.35009765625,2345.449951171875,2329.800048828125,2339.60009765625,158069,HINDUNILVR
2024-12-23 05:45:00+00:00,2334.300048828125,2344.85009765625,2332.25,2342.60009765625,151079,HINDUNILVR
2024-12-23 06:45:00+00:00,2330.0,2337.0,2326.050048828125,2332.699951171875,140815,HINDUNILVR
2024-12-23 07:45:00+00:00,2319.89990234375,2330.89990234375,2315.25,2330.0,113485,HINDUNILVR
2024-12-23 08:45:00+00:00,2339.949951171875,2340.0,2318.64990234375,2319.89990234375,262045,HINDUNILVR
2024-12-23 09:45:00+00:00,2338.89990234375,2340.0,2337.0,2340.0,93445,HINDUNILVR
2024-12-24 03:45:00+00:00,2350.0,2350.300048828125,2331.25,2339.0,0,HINDUNILVR
2024-12-24 04:45:00+00:00,2349.449951171875,2354.800048828125,2344.0,2350.300048828125,106239,HINDUNILVR
2024-12-24 05:45:00+00:00,2348.300048828125,2356.0,2346.449951171875,2349.449951171875,88685,HINDUNILVR
2024-12-24 06:45:00+00:00,2346.75,2348.300048828125,2341.10009765625,2348.300048828125,55352,HINDUNILVR
2024-12-24 07:45:00+00:00,2339.800048828125,2349.050048828125,2336.60009765625,2345.85009765625,78620,HINDUNILVR
2024-12-24 08:45:00+00:00,2333.449951171875,2339.800048828125,2333.0,2339.800048828125,121564,HINDUNILVR
2024-12-24 09:45:00+00:00,2335.550048828125,2337.300048828125,2332.050048828125,2333.050048828125,58581,HINDUNILVR
2024-12-26 03:45:00+00:00,2330.10009765625,2341.449951171875,2328.60009765625,2333.949951171875,0,HINDUNILVR
2024-12-26 04:45:00+00:00,2337.10009765625,2337.199951171875,2325.300048828125,2330.10009765625,229766,HINDUNILVR
2024-12-26 05:45:00+00:00,2334.800048828125,2337.10009765625,2330.0,2337.10009765625,65831,HINDUNILVR
2024-12-26 06:45:00+00:00,2337.0,2338.550048828125,2333.5,2334.949951171875,110111,HINDUNILVR
2024-12-26 07:45:00+00:00,2335.14990234375,2339.550048828125,2326.35009765625,2337.0,128796,HINDUNILVR
2024-12-26 08:45:00+00:00,2333.949951171875,2337.64990234375,2333.550048828125,2335.0,208238,HINDUNILVR
2024-12-26 09:45:00+00:00,2331.35009765625,2333.949951171875,2326.25,2333.949951171875,155830,HINDUNILVR
2024-12-27 03:45:00+00:00,2335.199951171875,2340.64990234375,2328.300048828125,2336.5,0,HINDUNILVR
2024-12-27 04:45:00+00:00,2339.050048828125,2342.60009765625,2332.35009765625,2335.300048828125,47318,HINDUNILVR
2024-12-27 05:45:00+00:00,2341.25,2344.0,2338.0,2339.89990234375,58378,HINDUNILVR
2024-12-27 06:45:00+00:00,2339.89990234375,2342.14990234375,2337.89990234375,2341.300048828125,44350,HINDUNILVR
2024-12-27 07:45:00+00:00,2340.800048828125,2345.0,2338.0,2339.89990234375,62774,HINDUNILVR
2024-12-27 08:45:00+00:00,2339.949951171875,2343.199951171875,2332.14990234375,2340.0,181063,HINDUNILVR
2024-12-27 09:45:00+00:00,2341.25,2345.14990234375,2339.949951171875,2339.949951171875,66529,HINDUNILVR
2024-12-30 03:45:00+00:00,2334.14990234375,2345.199951171875,2325.550048828125,2341.5,0,HINDUNILVR
2024-12-30 04:45:00+00:00,2344.25,2345.550048828125,2333.39990234375,2334.14990234375,47990,HINDUNILVR
2024-12-30 05:45:00+00:00,2338.64990234375,2344.949951171875,2338.10009765625,2344.300048828125,39473,HINDUNILVR
2024-12-30 06:45:00+00:00,2341.0,2353.39990234375,2332.0,2338.64990234375,156817,HINDUNILVR
2024-12-30 07:45:00+00:00,2331.050048828125,2342.300048828125,2326.64990234375,2341.75,121818,HINDUNILVR
2024-12-30 08:45:00+00:00,2346.10009765625,2346.10009765625,2327.699951171875,2330.35009765625,275359,HINDUNILVR
2024-12-30 09:45:00+00:00,2338.0,2351.89990234375,2338.0,2345.0,196394,HINDUNILVR
2024-12-31 03:45:00+00:00,2340.64990234375,2351.89990234375,2338.800048828125,2341.0,0,HINDUNILVR
2024-12-31 04:45:00+00:00,2346.550048828125,2349.89990234375,2339.050048828125,2342.10009765625,88229,HINDUNILVR
2024-12-31 05:45:00+00:00,2348.449951171875,2351.949951171875,2343.0,2347.050048828125,56541,HINDUNILVR
2024-12-31 06:45:00+00:00,2347.85009765625,2352.25,2346.39990234375,2347.5,52132,HINDUNILVR
2024-12-31 07:45:00+00:00,2342.699951171875,2351.39990234375,2334.449951171875,2346.800048828125,486855,HINDUNILVR
2024-12-31 08:45:00+00:00,2327.75,2346.64990234375,2325.89990234375,2342.64990234375,771270,HINDUNILVR
2024-12-31 09:45:00+00:00,2326.85009765625,2327.75,2323.60009765625,2327.75,336576,HINDUNILVR
2025-01-01 03:45:00+00:00,2328.199951171875,2334.699951171875,2325.0,2330.39990234375,0,HINDUNILVR
2025-01-01 04:45:00+00:00,2334.60009765625,2336.449951171875,2326.0,2328.199951171875,44903,HINDUNILVR
2025-01-01 05:45:00+00:00,2329.10009765625,2337.14990234375,2326.10009765625,2334.0,56817,HINDUNILVR
2025-01-01 06:45:00+00:00,2328.300048828125,2336.0,2328.14990234375,2330.14990234375,45114,HINDUNILVR
2025-01-01 07:45:00+00:00,2324.60009765625,2332.35009765625,2323.0,2328.0,105712,HINDUNILVR
2025-01-01 08:45:00+00:00,2321.5,2325.199951171875,2320.25,2324.60009765625,171510,HINDUNILVR
2025-01-01 09:45:00+00:00,2322.10009765625,2324.89990234375,2321.10009765625,2321.699951171875,62192,HINDUNILVR
2025-01-02 03:45:00+00:00,2331.85009765625,2333.35009765625,2316.25,2328.0,0,HINDUNILVR
2025-01-02 04:45:00+00:00,2347.0,2350.800048828125,2330.050048828125,2330.85009765625,211010,HINDUNILVR
2025-01-02 05:45:00+00:00,2352.75,2356.14990234375,2344.949951171875,2347.050048828125,198580,HINDUNILVR
2025-01-02 06:45:00+00:00,2365.5,2368.60009765625,2351.050048828125,2352.60009765625,297963,HINDUNILVR
2025-01-02 07:45:00+00:00,2375.25,2375.89990234375,2360.550048828125,2365.050048828125,271936,HINDUNILVR
2025-01-02 08:45:00+00:00,2369.60009765625,2379.64990234375,2368.5,2375.25,339445,HINDUNILVR
2025-01-02 09:45:00+00:00,2370.0,2372.0,2368.5,2369.60009765625,159577,HINDUNILVR
2025-01-03 03:45:00+00:00,2369.10009765625,2385.0,2364.800048828125,2378.64990234375,0,HINDUNILVR
2025-01-03 04:45:00+00:00,2385.5,2385.550048828125,2367.199951171875,2368.5,132541,HINDUNILVR
2025-01-03 05:45:00+00:00,2385.550048828125,2395.0,2381.5,2385.550048828125,153991,HINDUNILVR
2025-01-03 06:45:00+00:00,2385.89990234375,2387.050048828125,2379.39990234375,2385.699951171875,102379,HINDUNILVR
2025-01-03 07:45:00+00:00,2401.60009765625,2405.0,2384.39990234375,2385.89990234375,182067,HINDUNILVR
2025-01-03 08:45:00+00:00,2407.64990234375,2414.60009765625,2400.5,2401.60009765625,362032,HINDUNILVR
2025-01-03 09:45:00+00:00,2403.0,2408.10009765625,2397.449951171875,2407.39990234375,156886,HINDUNILVR
2025-01-06 03:45:00+00:00,2383.75,2414.0,2369.14990234375,2412.89990234375,0,HINDUNILVR
2025-01-06 04:45:00+00:00,2370.800048828125,2390.0,2368.050048828125,2383.10009765625,97651,HINDUNILVR
2025-01-06 05:45:00+00:00,2381.0,2382.60009765625,2361.64990234375,2370.89990234375,121687,HINDUNILVR
2025-01-06 06:45:00+00:00,2381.050048828125,2387.699951171875,2377.5,2381.300048828125,72947,HINDUNILVR
2025-01-06 07:45:00+00:00,2369.0,2382.050048828125,2365.5,2381.949951171875,161485,HINDUNILVR
2025-01-06 08:45:00+00:00,2372.449951171875,2377.300048828125,2365.25,2368.550048828125,164648,HINDUNILVR
2025-01-06 09:45:00+00:00,2378.10009765625,2383.75,2370.800048828125,2372.449951171875,78925,HINDUNILVR
2025-01-07 03:45:00+00:00,2391.300048828125,2392.699951171875,2375.25,2386.199951171875,0,HINDUNILVR
2025-01-07 04:45:00+00:00,2388.60009765625,2394.60009765625,2382.35009765625,2393.64990234375,81494,HINDUNILVR
2025-01-07 05:45:00+00:00,2389.949951171875,2391.5,2383.449951171875,2388.14990234375,82101,HINDUNILVR
2025-01-07 06:45:00+00:00,2387.75,2402.10009765625,2387.0,2390.25,81017,HINDUNILVR
2025-01-07 07:45:00+00:00,2386.449951171875,2389.0,2384.60009765625,2388.75,96732,HINDUNILVR
2025-01-07 08:45:00+00:00,2390.10009765625,2395.85009765625,2378.800048828125,2386.14990234375,318569,HINDUNILVR
2025-01-07 09:45:00+00:00,2390.800048828125,2391.5,2388.050048828125,2391.050048828125,132146,HINDUNILVR
2025-01-08 03:45:00+00:00,2383.64990234375,2395.60009765625,2368.39990234375,2391.199951171875,0,HINDUNILVR
2025-01-08 04:45:00+00:00,2389.64990234375,2396.800048828125,2383.25,2384.300048828125,89854,HINDUNILVR
2025-01-08 05:45:00+00:00,2389.050048828125,2391.25,2384.5,2389.39990234375,89692,HINDUNILVR
2025-01-08 06:45:00+00:00,2398.85009765625,2400.0,2385.0,2389.64990234375,157888,HINDUNILVR
2025-01-08 07:45:00+00:00,2398.0,2407.449951171875,2394.050048828125,2398.550048828125,144039,HINDUNILVR
2025-01-08 08:45:00+00:00,2397.800048828125,2401.10009765625,2389.0,2397.949951171875,171997,HINDUNILVR
2025-01-08 09:45:00+00:00,2400.0,2408.949951171875,2395.0,2397.699951171875,173656,HINDUNILVR
2025-01-09 03:45:00+00:00,2450.050048828125,2450.39990234375,2389.550048828125,2405.0,0,HINDUNILVR
2025-01-09 04:45:00+00:00,2470.0,2472.300048828125,2446.64990234375,2450.0,489820,HINDUNILVR
2025-01-09 05:45:00+00:00,2449.0,2470.85009765625,2436.85009765625,2470.0,439531,HINDUNILVR
2025-01-09 06:45:00+00:00,2450.449951171875,2460.64990234375,2444.550048828125,2448.35009765625,335882,HINDUNILVR
2025-01-09 07:45:00+00:00,2434.85009765625,2454.75,2434.0,2450.60009765625,246440,HINDUNILVR
2025-01-09 08:45:00+00:00,2435.550048828125,2439.449951171875,2430.199951171875,2434.35009765625,411465,HINDUNILVR
2025-01-09 09:45:00+00:00,2435.39990234375,2440.0,2433.300048828125,2436.39990234375,109488,HINDUNILVR
2025-01-10 03:45:00+00:00,2428.0,2445.85009765625,2414.0,2423.050048828125,0,HINDUNILVR
2025-01-10 04:45:00+00:00,2449.949951171875,2456.0,2421.449951171875,2428.10009765625,167425,HINDUNILVR
2025-01-10 05:45:00+00:00,2437.64990234375,2452.050048828125,2432.75,2450.85009765625,244837,HINDUNILVR
2025-01-10 06:45:00+00:00,2449.85009765625,2450.0,2437.699951171875,2437.699951171875,224953,HINDUNILVR
2025-01-10 07:45:00+00:00,2449.199951171875,2456.0,2448.60009765625,2450.550048828125,217362,HINDUNILVR
2025-01-10 08:45:00+00:00,2439.35009765625,2453.10009765625,2437.85009765625,2449.050048828125,391925,HINDUNILVR
2025-01-10 09:45:00+00:00,2440.0,2444.89990234375,2435.89990234375,2439.25,154249,HINDUNILVR
2025-01-13 03:45:00+00:00,2450.550048828125,2454.0,2420.39990234375,2420.39990234375,0,HINDUNILVR
2025-01-13 04:45:00+00:00,2436.0,2453.5,2435.25,2451.39990234375,298213,HINDUNILVR
2025-01-13 05:45:00+00:00,2431.85009765625,2440.0,2427.89990234375,2435.699951171875,339750,HINDUNILVR
2025-01-13 06:45:00+00:00,2424.800048828125,2435.800048828125,2421.89990234375,2432.5,138552,HINDUNILVR
2025-01-13 07:45:00+00:00,2438.300048828125,2445.300048828125,2424.300048828125,2425.0,405670,HINDUNILVR
2025-01-13 08:45:00+00:00,2450.0,2460.5,2436.35009765625,2438.39990234375,993271,HINDUNILVR
2025-01-13 09:45:00+00:00,2446.0,2450.85009765625,2441.699951171875,2450.449951171875,173207,HINDUNILVR
2025-01-14 03:45:00+00:00,2420.199951171875,2463.949951171875,2415.10009765625,2455.0,0,HINDUNILVR
2025-01-14 04:45:00+00:00,2415.5,2426.949951171875,2404.5,2420.35009765625,322687,HINDUNILVR
2025-01-14 05:45:00+00:00,2397.64990234375,2419.89990234375,2393.449951171875,2415.35009765625,246153,HINDUNILVR
2025-01-14 06:45:00+00:00,2390.75,2398.85009765625,2383.0,2397.949951171875,213949,HINDUNILVR
2025-01-14 07:45:00+00:00,2372.050048828125,2391.85009765625,2370.64990234375,2391.85009765625,224534,HINDUNILVR
2025-01-14 08:45:00+00:00,2366.60009765625,2377.0,2364.39990234375,2372.85009765625,506070,HINDUNILVR
2025-01-14 09:45:00+00:00,2369.0,2369.550048828125,2364.25,2366.39990234375,186238,HINDUNILVR
2025-01-15 03:45:00+00:00,2354.300048828125,2384.89990234375,2351.35009765625,2370.699951171875,248256,HINDUNILVR
2025-01-15 04:45:00+00:00,2364.0,2372.14990234375,2350.14990234375,2355.14990234375,131618,HINDUNILVR
2025-01-15 05:45:00+00:00,2358.35009765625,2368.800048828125,2357.800048828125,2364.0,163238,HINDUNILVR
2025-01-15 06:45:00+00:00,2366.199951171875,2369.0,2352.0,2358.0,100152,HINDUNILVR
2025-01-15 07:45:00+00:00,2366.64990234375,2369.449951171875,2365.0,2365.85009765625,93179,HINDUNILVR
2025-01-15 08:45:00+00:00,2375.0,2377.0,2361.14990234375,2367.699951171875,332444,HINDUNILVR
2025-01-15 09:45:00+00:00,2376.300048828125,2376.39990234375,2369.14990234375,2375.0,146140,HINDUNILVR
2025-01-16 03:45:00+00:00,2342.85009765625,2375.050048828125,2341.10009765625,2375.050048828125,0,HINDUNILVR
2025-01-16 04:45:00+00:00,2341.5,2343.0,2326.10009765625,2342.199951171875,300647,HINDUNILVR
2025-01-16 05:45:00+00:00,2334.5,2346.0,2331.300048828125,2341.89990234375,197796,HINDUNILVR
2025-01-16 06:45:00+00:00,2343.60009765625,2345.0,2333.39990234375,2335.050048828125,228121,HINDUNILVR
2025-01-16 07:45:00+00:00,2343.85009765625,2346.800048828125,2340.0,2343.60009765625,339933,HINDUNILVR
2025-01-16 08:45:00+00:00,2343.699951171875,2348.300048828125,2342.5,2343.85009765625,613200,HINDUNILVR
2025-01-16 09:45:00+00:00,2348.5,2350.0,2343.60009765625,2343.800048828125,431785,HINDUNILVR
2025-01-17 03:45:00+00:00,2368.64990234375,2369.449951171875,2343.0,2350.0,0,HINDUNILVR
2025-01-17 04:45:00+00:00,2372.0,2375.199951171875,2366.5,2368.64990234375,102136,HINDUNILVR
2025-01-17 05:45:00+00:00,2376.39990234375,2377.0,2366.35009765625,2372.0,377188,HINDUNILVR
2025-01-17 06:45:00+00:00,2365.14990234375,2379.0,2363.699951171875,2376.39990234375,275611,HINDUNILVR
2025-01-17 07:45:00+00:00,2359.35009765625,2365.14990234375,2356.050048828125,2365.14990234375,89272,HINDUNILVR
2025-01-17 08:45:00+00:00,2353.0,2359.39990234375,2352.14990234375,2359.39990234375,136374,HINDUNILVR
2025-01-17 09:45:00+00:00,2354.0,2362.0,2351.949951171875,2352.949951171875,101712,HINDUNILVR
2025-01-20 03:45:00+00:00,2361.0,2367.449951171875,2356.0,2360.449951171875,0,HINDUNILVR
2025-01-20 04:45:00+00:00,2360.10009765625,2364.0,2350.0,2361.85009765625,212409,HINDUNILVR
2025-01-20 05:45:00+00:00,2361.10009765625,2363.85009765625,2355.0,2360.050048828125,489480,HINDUNILVR
2025-01-20 06:45:00+00:00,2344.0,2362.699951171875,2343.0,2361.10009765625,203522,HINDUNILVR
2025-01-20 07:45:00+00:00,2347.800048828125,2347.800048828125,2335.64990234375,2344.0,121457,HINDUNILVR
2025-01-20 08:45:00+00:00,2344.64990234375,2348.800048828125,2343.75,2347.550048828125,132857,HINDUNILVR
2025-01-20 09:45:00+00:00,2345.550048828125,2347.10009765625,2343.89990234375,2345.25,76672,HINDUNILVR
2025-01-21 03:45:00+00:00,2349.39990234375,2361.64990234375,2342.0,2352.5,0,HINDUNILVR
2025-01-21 04:45:00+00:00,2342.75,2349.14990234375,2332.449951171875,2349.0,103835,HINDUNILVR
2025-01-21 05:45:00+00:00,2360.14990234375,2376.85009765625,2340.800048828125,2342.75,376973,HINDUNILVR
2025-01-21 06:45:00+00:00,2365.0,2368.0,2344.10009765625,2359.25,370061,HINDUNILVR
2025-01-21 07:45:00+00:00,2358.449951171875,2367.199951171875,2345.60009765625,2365.0,240052,HINDUNILVR
2025-01-21 08:45:00+00:00,2340.0,2358.449951171875,2335.14990234375,2357.85009765625,495846,HINDUNILVR
2025-01-21 09:45:00+00:00,2340.5,2345.0,2338.199951171875,2339.64990234375,130972,HINDUNILVR
2025-01-22 03:45:00+00:00,2342.949951171875,2360.75,2338.0,2344.64990234375,0,HINDUNILVR
2025-01-22 04:45:00+00:00,2337.550048828125,2349.050048828125,2336.39990234375,2343.300048828125,113066,HINDUNILVR
2025-01-22 05:45:00+00:00,2344.35009765625,2346.10009765625,2332.550048828125,2337.699951171875,419496,HINDUNILVR
2025-01-22 06:45:00+00:00,2347.550048828125,2351.64990234375,2340.300048828125,2344.35009765625,693180,HINDUNILVR
2025-01-22 07:45:00+00:00,2344.800048828125,2349.949951171875,2335.25,2347.5,494784,HINDUNILVR
2025-01-22 08:45:00+00:00,2343.39990234375,2352.0,2338.75,2344.800048828125,489351,HINDUNILVR
2025-01-22 09:45:00+00:00,2342.949951171875,2345.300048828125,2339.0,2343.60009765625,229534,HINDUNILVR
2025-01-23 03:45:00+00:00,2309.89990234375,2312.449951171875,2254.39990234375,2282.60009765625,0,HINDUNILVR
2025-01-23 04:45:00+00:00,2314.60009765625,2322.0,2300.449951171875,2309.64990234375,346896,HINDUNILVR
2025-01-23 05:45:00+00:00,2321.5,2326.949951171875,2308.800048828125,2314.550048828125,244451,HINDUNILVR
2025-01-23 06:45:00+00:00,2340.800048828125,2340.949951171875,2320.449951171875,2321.300048828125,251488,HINDUNILVR
2025-01-23 07:45:00+00:00,2320.449951171875,2341.14990234375,2318.0,2340.050048828125,386817,HINDUNILVR
2025-01-23 08:45:00+00:00,2322.5,2323.300048828125,2315.25,2320.449951171875,792371,HINDUNILVR
2025-01-23 09:45:00+00:00,2326.0,2326.050048828125,2321.550048828125,2322.75,250455,HINDUNILVR
2025-01-24 03:45:00+00:00,2331.199951171875,2338.300048828125,2323.0,2332.85009765625,0,HINDUNILVR
2025-01-24 04:45:00+00:00,2361.25,2361.5,2328.14990234375,2332.300048828125,282027,HINDUNILVR
2025-01-24 05:45:00+00:00,2359.050048828125,2372.949951171875,2354.14990234375,2362.0,168171,HINDUNILVR
2025-01-24 06:45:00+00:00,2359.050048828125,2363.0,2352.0,2357.949951171875,182817,HINDUNILVR
2025-01-24 07:45:00+00:00,2365.39990234375,2372.64990234375,2356.75,2359.050048828125,267386,HINDUNILVR
2025-01-24 08:45:00+00:00,2365.85009765625,2371.449951171875,2363.800048828125,2365.10009765625,386548,HINDUNILVR
2025-01-24 09:45:00+00:00,2380.0,2380.800048828125,2364.64990234375,2366.10009765625,260932,HINDUNILVR
2025-01-27 03:45:00+00:00,2397.550048828125,2409.64990234375,2365.0,2365.0,0,HINDUNILVR
2025-01-27 04:45:00+00:00,2397.14990234375,2400.89990234375,2382.5,2397.85009765625,407170,HINDUNILVR
2025-01-27 05:45:00+00:00,2390.699951171875,2403.64990234375,2388.449951171875,2397.300048828125,148365,HINDUNILVR
2025-01-27 06:45:00+00:00,2393.39990234375,2395.0,2389.0,2390.60009765625,462054,HINDUNILVR
2025-01-27 07:45:00+00:00,2389.39990234375,2394.25,2382.550048828125,2393.300048828125,307078,HINDUNILVR
2025-01-27 08:45:00+00:00,2395.10009765625,2396.0,2388.550048828125,2389.39990234375,528324,HINDUNILVR
2025-01-27 09:45:00+00:00,2389.5,2396.0,2389.449951171875,2395.050048828125,158568,HINDUNILVR
2025-01-28 03:45:00+00:00,2393.25,2404.85009765625,2380.199951171875,2401.050048828125,0,HINDUNILVR
2025-01-28 04:45:00+00:00,2399.949951171875,2407.0,2389.550048828125,2393.64990234375,210233,HINDUNILVR
2025-01-28 05:45:00+00:00,2391.050048828125,2399.5,2386.85009765625,2399.449951171875,220042,HINDUNILVR
2025-01-28 06:45:00+00:00,2391.89990234375,2395.0,2387.25,2392.699951171875,379634,HINDUNILVR
2025-01-28 07:45:00+00:00,2391.64990234375,2394.300048828125,2389.35009765625,2391.89990234375,156049,HINDUNILVR
2025-01-28 08:45:00+00:00,2389.39990234375,2399.5,2383.0,2391.800048828125,504032,HINDUNILVR
2025-01-28 09:45:00+00:00,2383.050048828125,2390.449951171875,2382.550048828125,2389.35009765625,157338,HINDUNILVR
2025-01-29 03:45:00+00:00,2377.5,2391.800048828125,2364.050048828125,2387.949951171875,0,HINDUNILVR
2025-01-29 04:45:00+00:00,2382.449951171875,2388.89990234375,2375.050048828125,2377.449951171875,86935,HINDUNILVR
2025-01-29 05:45:00+00:00,2390.699951171875,2391.5,2375.25,2382.64990234375,57290,HINDUNILVR
2025-01-29 06:45:00+00:00,2385.949951171875,2396.0,2384.14990234375,2390.949951171875,84892,HINDUNILVR
2025-01-29 07:45:00+00:00,2386.60009765625,2392.5,2383.64990234375,2386.89990234375,76413,HINDUNILVR
2025-01-29 08:45:00+00:00,2386.949951171875,2386.949951171875,2376.550048828125,2386.64990234375,157474,HINDUNILVR
2025-01-29 09:45:00+00:00,2386.85009765625,2386.949951171875,2385.0,2386.949951171875,64271,HINDUNILVR
2025-01-30 03:45:00+00:00,2396.5,2400.10009765625,2385.449951171875,2386.5,0,HINDUNILVR
2025-01-30 04:45:00+00:00,2399.199951171875,2401.60009765625,2391.14990234375,2396.5,116697,HINDUNILVR
2025-01-30 05:45:00+00:00,2399.800048828125,2405.39990234375,2395.0,2400.0,185044,HINDUNILVR
2025-01-30 06:45:00+00:00,2400.300048828125,2404.050048828125,2399.800048828125,2400.0,117516,HINDUNILVR
2025-01-30 07:45:00+00:00,2400.5,2403.25,2399.75,2400.300048828125,155318,HINDUNILVR
2025-01-30 08:45:00+00:00,2405.0,2410.0,2399.800048828125,2400.64990234375,453191,HINDUNILVR
2025-01-30 09:45:00+00:00,2423.39990234375,2425.0,2404.39990234375,2405.0,213900,HINDUNILVR
2025-01-31 03:45:00+00:00,2429.39990234375,2439.89990234375,2408.550048828125,2413.89990234375,0,HINDUNILVR
2025-01-31 04:45:00+00:00,2435.39990234375,2438.0,2426.050048828125,2429.39990234375,175850,HINDUNILVR
2025-01-31 05:45:00+00:00,2449.0,2452.699951171875,2433.39990234375,2435.199951171875,226229,HINDUNILVR
2025-01-31 06:45:00+00:00,2449.0,2458.5,2443.39990234375,2448.14990234375,308595,HINDUNILVR
2025-01-31 07:45:00+00:00,2449.0,2458.35009765625,2447.050048828125,2449.0,214236,HINDUNILVR
2025-01-31 08:45:00+00:00,2468.050048828125,2470.300048828125,2445.800048828125,2449.550048828125,677222,HINDUNILVR
2025-01-31 09:45:00+00:00,2473.800048828125,2476.89990234375,2466.60009765625,2467.800048828125,272355,HINDUNILVR
2025-02-03 03:45:00+00:00,2485.050048828125,2519.0,2478.5,2497.800048828125,0,HINDUNILVR
2025-02-03 04:45:00+00:00,2453.39990234375,2485.75,2453.300048828125,2485.5,378722,HINDUNILVR
2025-02-03 05:45:00+00:00,2427.949951171875,2456.300048828125,2426.0,2454.39990234375,266948,HINDUNILVR
2025-02-03 06:45:00+00:00,2433.550048828125,2436.0,2416.5,2427.949951171875,384361,HINDUNILVR
2025-02-03 07:45:00+00:00,2432.949951171875,2437.0,2430.0,2433.5,354704,HINDUNILVR
2025-02-03 08:45:00+00:00,2440.199951171875,2449.550048828125,2430.0,2432.85009765625,416431,HINDUNILVR
2025-02-03 09:45:00+00:00,2441.949951171875,2445.300048828125,2436.0,2440.10009765625,190075,HINDUNILVR
2025-02-04 03:45:00+00:00,2414.300048828125,2445.699951171875,2403.0,2445.699951171875,0,HINDUNILVR
2025-02-04 04:45:00+00:00,2430.60009765625,2432.0,2408.0,2415.89990234375,283402,HINDUNILVR
2025-02-04 05:45:00+00:00,2421.050048828125,2440.949951171875,2421.050048828125,2430.5,324673,HINDUNILVR
2025-02-04 06:45:00+00:00,2433.949951171875,2435.0,2422.199951171875,2422.199951171875,155644,HINDUNILVR
2025-02-04 07:45:00+00:00,2434.050048828125,2443.699951171875,2428.0,2433.89990234375,208834,HINDUNILVR
2025-02-04 08:45:00+00:00,2437.10009765625,2443.5,2428.0,2433.60009765625,499122,HINDUNILVR
2025-02-04 09:45:00+00:00,2438.050048828125,2440.550048828125,2430.0,2436.199951171875,0,HINDUNILVR
2025-02-05 03:45:00+00:00,2411.89990234375,2432.449951171875,2410.050048828125,2429.14990234375,240502,HINDUNILVR
2025-02-05 04:45:00+00:00,2415.25,2423.949951171875,2411.449951171875,2411.89990234375,134366,HINDUNILVR
2025-02-05 05:45:00+00:00,2419.89990234375,2421.0,2412.449951171875,2415.300048828125,142550,HINDUNILVR
2025-02-05 06:45:00+00:00,2411.0,2420.64990234375,2411.0,2419.550048828125,118823,HINDUNILVR
2025-02-05 07:45:00+00:00,2406.199951171875,2412.10009765625,2406.10009765625,2411.050048828125,96622,HINDUNILVR
2025-02-05 08:45:00+00:00,2390.39990234375,2406.60009765625,2387.0,2406.60009765625,397049,HINDUNILVR
2025-02-05 09:45:00+00:00,2392.85009765625,2394.39990234375,2389.800048828125,2390.39990234375,226932,HINDUNILVR
2025-02-06 03:45:00+00:00,2391.0,2408.800048828125,2386.0,2397.60009765625,255309,HINDUNILVR
2025-02-06 04:45:00+00:00,2381.75,2391.75,2377.949951171875,2390.10009765625,141764,HINDUNILVR
2025-02-06 05:45:00+00:00,2371.300048828125,2383.800048828125,2370.050048828125,2381.60009765625,120176,HINDUNILVR
2025-02-06 06:45:00+00:00,2371.89990234375,2376.300048828125,2369.199951171875,2371.39990234375,71121,HINDUNILVR
2025-02-06 07:45:00+00:00,2373.35009765625,2375.0,2370.5,2371.800048828125,85585,HINDUNILVR
2025-02-06 08:45:00+00:00,2373.39990234375,2375.0,2360.449951171875,2373.25,326347,HINDUNILVR
2025-02-06 09:45:00+00:00,2375.5,2376.35009765625,2370.75,2373.39990234375,131747,HINDUNILVR
2025-02-07 03:45:00+00:00,2350.5,2379.5,2346.0,2379.5,0,HINDUNILVR
2025-02-07 04:45:00+00:00,2356.5,2356.89990234375,2336.10009765625,2350.5,100544,HINDUNILVR
2025-02-07 05:45:00+00:00,2364.10009765625,2371.699951171875,2355.300048828125,2356.5,116663,HINDUNILVR
2025-02-07 06:45:00+00:00,2360.25,2365.949951171875,2356.25,2364.0,120354,HINDUNILVR
2025-02-07 07:45:00+00:00,2365.0,2367.050048828125,2360.0,2361.25,83299,HINDUNILVR
2025-02-07 08:45:00+00:00,2364.35009765625,2366.449951171875,2356.10009765625,2364.300048828125,177530,HINDUNILVR
2025-02-07 09:45:00+00:00,2364.300048828125,2367.5,2362.10009765625,2365.050048828125,105103,HINDUNILVR
2025-02-10 03:45:00+00:00,2384.0,2398.0,2362.35009765625,2370.699951171875,0,HINDUNILVR
2025-02-10 04:45:00+00:00,2385.449951171875,2392.300048828125,2381.0,2383.60009765625,126724,HINDUNILVR
2025-02-10 05:45:00+00:00,2371.89990234375,2386.050048828125,2368.75,2386.050048828125,224064,HINDUNILVR
2025-02-10 06:45:00+00:00,2359.199951171875,2372.300048828125,2357.0,2371.0,88098,HINDUNILVR
2025-02-10 07:45:00+00:00,2358.10009765625,2372.25,2353.0,2359.300048828125,179441,HINDUNILVR
2025-02-10 08:45:00+00:00,2361.89990234375,2367.14990234375,2357.550048828125,2357.64990234375,370349,HINDUNILVR
2025-02-10 09:45:00+00:00,2361.449951171875,2364.5,2354.25,2361.89990234375,140798,HINDUNILVR
2025-02-11 03:45:00+00:00,2352.64990234375,2377.25,2350.0,2368.64990234375,0,HINDUNILVR
2025-02-11 04:45:00+00:00,2353.050048828125,2355.64990234375,2344.14990234375,2351.449951171875,112462,HINDUNILVR
2025-02-11 05:45:00+00:00,2342.35009765625,2355.25,2341.0,2353.10009765625,170139,HINDUNILVR
2025-02-11 06:45:00+00:00,2315.25,2347.699951171875,2315.0,2342.949951171875,90823,HINDUNILVR
2025-02-11 07:45:00+00:00,2303.050048828125,2322.64990234375,2296.60009765625,2315.14990234375,169563,HINDUNILVR
2025-02-11 08:45:00+00:00,2316.75,2317.75,2296.800048828125,2303.25,448525,HINDUNILVR
2025-02-11 09:45:00+00:00,2315.25,2324.0,2315.25,2316.800048828125,245101,HINDUNILVR
2025-02-12 03:45:00+00:00,2311.39990234375,2330.949951171875,2305.10009765625,2324.550048828125,0,HINDUNILVR
2025-02-12 04:45:00+00:00,2323.699951171875,2332.89990234375,2306.699951171875,2310.949951171875,203160,HINDUNILVR
2025-02-12 05:45:00+00:00,2330.35009765625,2334.949951171875,2318.39990234375,2323.0,153620,HINDUNILVR
2025-02-12 06:45:00+00:00,2336.800048828125,2338.89990234375,2327.5,2330.449951171875,128272,HINDUNILVR
2025-02-12 07:45:00+00:00,2334.199951171875,2339.89990234375,2330.39990234375,2336.800048828125,145055,HINDUNILVR
2025-02-12 08:45:00+00:00,2332.14990234375,2338.0,2327.5,2333.85009765625,280715,HINDUNILVR
2025-02-12 09:45:00+00:00,2332.5,2334.25,2328.0,2332.14990234375,125914,HINDUNILVR
2025-02-13 03:45:00+00:00,2334.25,2341.300048828125,2313.550048828125,2330.050048828125,0,HINDUNILVR
2025-02-13 04:45:00+00:00,2336.0,2339.89990234375,2331.0,2333.5,139795,HINDUNILVR
2025-02-13 05:45:00+00:00,2343.300048828125,2345.60009765625,2335.75,2336.949951171875,91250,HINDUNILVR
2025-02-13 06:45:00+00:00,2335.050048828125,2344.10009765625,2328.60009765625,2343.300048828125,155765,HINDUNILVR
2025-02-13 07:45:00+00:00,2327.25,2337.10009765625,2317.85009765625,2335.25,251933,HINDUNILVR
2025-02-13 08:45:00+00:00,2320.75,2328.5,2315.0,2327.5,330668,HINDUNILVR
2025-02-13 09:45:00+00:00,2321.5,2325.85009765625,2319.550048828125,2320.64990234375,179866,HINDUNILVR
2025-02-14 03:45:00+00:00,2356.699951171875,2360.0,2316.199951171875,2326.300048828125,0,HINDUNILVR
2025-02-14 04:45:00+00:00,2338.25,2366.0,2333.89990234375,2356.0,289369,HINDUNILVR
2025-02-14 05:45:00+00:00,2326.35009765625,2340.0,2317.10009765625,2340.0,144122,HINDUNILVR
2025-02-14 06:45:00+00:00,2318.949951171875,2331.949951171875,2316.0,2325.39990234375,112426,HINDUNILVR
2025-02-14 07:45:00+00:00,2318.050048828125,2323.949951171875,2314.199951171875,2319.050048828125,97025,HINDUNILVR
2025-02-14 08:45:00+00:00,2319.10009765625,2324.5,2315.85009765625,2317.75,241523,HINDUNILVR
2025-02-14 09:45:00+00:00,2314.699951171875,2320.25,2314.699951171875,2318.800048828125,80307,HINDUNILVR
2025-02-17 03:45:00+00:00,2312.699951171875,2328.85009765625,2305.0,2328.35009765625,0,HINDUNILVR
2025-02-17 04:45:00+00:00,2304.10009765625,2317.39990234375,2303.10009765625,2311.800048828125,170796,HINDUNILVR
2025-02-17 05:45:00+00:00,2304.050048828125,2313.35009765625,2303.10009765625,2304.050048828125,55029,HINDUNILVR
2025-02-17 06:45:00+00:00,2318.64990234375,2319.5,2300.0,2303.89990234375,118370,HINDUNILVR
2025-02-17 07:45:00+00:00,2322.25,2328.60009765625,2318.050048828125,2318.199951171875,181007,HINDUNILVR
2025-02-17 08:45:00+00:00,2329.199951171875,2331.449951171875,2322.25,2322.25,623485,HINDUNILVR
2025-02-17 09:45:00+00:00,2325.0,2331.85009765625,2325.0,2329.39990234375,57582,HINDUNILVR
2025-02-18 03:45:00+00:00,2320.0,2331.050048828125,2319.64990234375,2328.25,0,HINDUNILVR
2025-02-18 04:45:00+00:00,2311.25,2321.449951171875,2306.5,2320.0,154575,HINDUNILVR
2025-02-18 05:45:00+00:00,2319.5,2321.449951171875,2310.64990234375,2311.199951171875,55917,HINDUNILVR
2025-02-18 06:45:00+00:00,2298.050048828125,2319.0,2298.050048828125,2318.10009765625,161997,HINDUNILVR
2025-02-18 07:45:00+00:00,2289.050048828125,2300.89990234375,2288.050048828125,2298.35009765625,141865,HINDUNILVR
2025-02-18 08:45:00+00:00,2297.699951171875,2298.5,2289.10009765625,2289.14990234375,271467,HINDUNILVR
2025-02-18 09:45:00+00:00,2297.5,2299.949951171875,2295.0,2298.35009765625,119686,HINDUNILVR
2025-02-19 03:45:00+00:00,2277.050048828125,2298.89990234375,2270.10009765625,2298.89990234375,0,HINDUNILVR
2025-02-19 04:45:00+00:00,2270.85009765625,2280.89990234375,2264.10009765625,2276.949951171875,146128,HINDUNILVR
2025-02-19 05:45:00+00:00,2264.449951171875,2272.800048828125,2262.699951171875,2271.300048828125,109883,HINDUNILVR
2025-02-19 06:45:00+00:00,2250.699951171875,2268.199951171875,2248.550048828125,2264.449951171875,402607,HINDUNILVR
2025-02-19 07:45:00+00:00,2253.050048828125,2253.949951171875,2248.0,2250.300048828125,283195,HINDUNILVR
2025-02-19 08:45:00+00:00,2251.199951171875,2254.25,2249.0,2253.0,200879,HINDUNILVR
2025-02-19 09:45:00+00:00,2248.199951171875,2251.35009765625,2248.199951171875,2251.35009765625,145103,HINDUNILVR
2025-02-20 03:45:00+00:00,2242.300048828125,2252.89990234375,2226.5,2247.449951171875,0,HINDUNILVR
2025-02-20 04:45:00+00:00,2245.550048828125,2245.550048828125,2236.199951171875,2242.25,359592,HINDUNILVR
2025-02-20 05:45:00+00:00,2245.39990234375,2250.89990234375,2242.449951171875,2245.0,194337,HINDUNILVR
2025-02-20 06:45:00+00:00,2244.39990234375,2252.199951171875,2242.35009765625,2245.550048828125,213707,HINDUNILVR
2025-02-20 07:45:00+00:00,2242.550048828125,2249.449951171875,2239.0,2244.39990234375,313269,HINDUNILVR
2025-02-20 08:45:00+00:00,2249.949951171875,2249.949951171875,2239.75,2242.60009765625,422024,HINDUNILVR
2025-02-20 09:45:00+00:00,2248.050048828125,2251.699951171875,2246.949951171875,2249.89990234375,176320,HINDUNILVR
2025-02-21 03:45:00+00:00,2237.050048828125,2249.550048828125,2234.35009765625,2249.550048828125,0,HINDUNILVR
2025-02-21 04:45:00+00:00,2235.0,2239.199951171875,2226.5,2237.14990234375,262499,HINDUNILVR
2025-02-21 05:45:00+00:00,2244.35009765625,2245.0,2229.699951171875,2235.0,187004,HINDUNILVR
2025-02-21 06:45:00+00:00,2241.0,2245.64990234375,2234.14990234375,2245.300048828125,182634,HINDUNILVR
2025-02-21 07:45:00+00:00,2240.64990234375,2243.0,2234.14990234375,2241.199951171875,101413,HINDUNILVR
2025-02-21 08:45:00+00:00,2245.89990234375,2247.75,2237.449951171875,2240.64990234375,362641,HINDUNILVR
2025-02-21 09:45:00+00:00,2240.0,2248.5,2237.550048828125,2246.0,258629,HINDUNILVR
2025-02-24 03:45:00+00:00,2227.75,2239.75,2219.0,2235.699951171875,0,HINDUNILVR
2025-02-24 04:45:00+00:00,2237.14990234375,2238.449951171875,2226.699951171875,2227.75,202425,HINDUNILVR
2025-02-24 05:45:00+00:00,2241.89990234375,2251.0,2237.0,2237.25,174172,HINDUNILVR
2025-02-24 06:45:00+00:00,2234.60009765625,2245.64990234375,2234.14990234375,2241.89990234375,221940,HINDUNILVR
2025-02-24 07:45:00+00:00,2243.85009765625,2243.89990234375,2234.0,2234.60009765625,193337,HINDUNILVR
2025-02-24 08:45:00+00:00,2241.199951171875,2244.64990234375,2238.10009765625,2243.800048828125,293558,HINDUNILVR
2025-02-24 09:45:00+00:00,2244.0,2245.0,2241.14990234375,2241.25,109123,HINDUNILVR
2025-02-25 03:45:00+00:00,2245.25,2256.39990234375,2237.949951171875,2247.14990234375,359755,HINDUNILVR
2025-02-25 04:45:00+00:00,2248.89990234375,2249.5,2243.699951171875,2245.25,166220,HINDUNILVR
2025-02-25 05:45:00+00:00,2266.0,2269.0,2247.0,2248.75,224762,HINDUNILVR
2025-02-25 06:45:00+00:00,2264.75,2269.35009765625,2261.25,2267.0,201846,HINDUNILVR
2025-02-25 07:45:00+00:00,2262.199951171875,2266.85009765625,2255.300048828125,2264.800048828125,591370,HINDUNILVR
2025-02-25 08:45:00+00:00,2260.25,2263.199951171875,2259.0,2262.199951171875,298042,HINDUNILVR
2025-02-25 09:45:00+00:00,2254.0,2260.64990234375,2252.0,2260.25,145900,HINDUNILVR
2025-02-27 03:45:00+00:00,2242.89990234375,2265.89990234375,2241.050048828125,2262.35009765625,0,HINDUNILVR
2025-02-27 04:45:00+00:00,2255.300048828125,2256.0,2237.10009765625,2242.89990234375,188729,HINDUNILVR
2025-02-27 05:45:00+00:00,2247.89990234375,2259.699951171875,2246.14990234375,2255.60009765625,162006,HINDUNILVR
2025-02-27 06:45:00+00:00,2235.0,2248.199951171875,2234.0,2247.89990234375,76209,HINDUNILVR
2025-02-27 07:45:00+00:00,2249.60009765625,2249.75,2233.449951171875,2234.300048828125,193739,HINDUNILVR
2025-02-27 08:45:00+00:00,2240.550048828125,2253.199951171875,2239.5,2249.550048828125,450474,HINDUNILVR
2025-02-27 09:45:00+00:00,2243.75,2250.10009765625,2239.89990234375,2239.89990234375,168332,HINDUNILVR
2025-02-28 03:45:00+00:00,2205.25,2249.550048828125,2202.25,2235.550048828125,0,HINDUNILVR
2025-02-28 04:45:00+00:00,2207.050048828125,2213.550048828125,2202.39990234375,2205.199951171875,334903,HINDUNILVR
2025-02-28 05:45:00+00:00,2215.699951171875,2216.10009765625,2204.0,2207.0,254225,HINDUNILVR
2025-02-28 06:45:00+00:00,2205.85009765625,2216.60009765625,2203.0,2215.60009765625,190949,HINDUNILVR
2025-02-28 07:45:00+00:00,2197.0,2206.25,2194.5,2205.0,257062,HINDUNILVR
2025-02-28 08:45:00+00:00,2189.10009765625,2208.25,2187.949951171875,2196.949951171875,1353181,HINDUNILVR
2025-02-28 09:45:00+00:00,2196.0,2197.0,2187.0,2189.050048828125,850826,HINDUNILVR
2025-03-03 03:45:00+00:00,2169.0,2193.85009765625,2166.10009765625,2191.5,0,HINDUNILVR
2025-03-03 04:45:00+00:00,2166.64990234375,2170.89990234375,2158.5,2170.39990234375,181020,HINDUNILVR
2025-03-03 05:45:00+00:00,2174.449951171875,2175.0,2163.89990234375,2167.14990234375,202773,HINDUNILVR
2025-03-03 06:45:00+00:00,2173.64990234375,2175.300048828125,2164.89990234375,2174.449951171875,194006,HINDUNILVR
2025-03-03 07:45:00+00:00,2169.85009765625,2173.699951171875,2164.35009765625,2173.699951171875,176753,HINDUNILVR
2025-03-03 08:45:00+00:00,2175.550048828125,2175.550048828125,2165.0,2169.699951171875,249738,HINDUNILVR
2025-03-03 09:45:00+00:00,2181.800048828125,2181.89990234375,2175.550048828125,2176.35009765625,129545,HINDUNILVR
2025-03-04 03:45:00+00:00,2156.949951171875,2178.0,2155.0,2178.0,0,HINDUNILVR
2025-03-04 04:45:00+00:00,2155.89990234375,2158.0,2147.14990234375,2156.949951171875,237116,HINDUNILVR
2025-03-04 05:45:00+00:00,2141.60009765625,2158.89990234375,2141.5,2155.89990234375,207302,HINDUNILVR
2025-03-04 06:45:00+00:00,2149.14990234375,2149.949951171875,2136.0,2141.550048828125,149562,HINDUNILVR
2025-03-04 07:45:00+00:00,2153.89990234375,2156.25,2147.0,2149.10009765625,189381,HINDUNILVR
2025-03-04 08:45:00+00:00,2158.35009765625,2161.89990234375,2150.39990234375,2153.5,565383,HINDUNILVR
2025-03-04 09:45:00+00:00,2153.35009765625,2160.10009765625,2151.199951171875,2158.35009765625,221322,HINDUNILVR
2025-03-05 03:45:00+00:00,2165.25,2174.39990234375,2151.60009765625,2158.800048828125,0,HINDUNILVR
2025-03-05 04:45:00+00:00,2167.949951171875,2170.64990234375,2163.0,2164.949951171875,85219,HINDUNILVR
2025-03-05 05:45:00+00:00,2179.449951171875,2180.0,2163.0,2168.60009765625,129482,HINDUNILVR
2025-03-05 06:45:00+00:00,2190.0,2190.39990234375,2179.64990234375,2180.0,133448,HINDUNILVR
2025-03-05 07:45:00+00:00,2176.25,2191.449951171875,2175.699951171875,2190.0,167709,HINDUNILVR
2025-03-05 08:45:00+00:00,2170.14990234375,2177.699951171875,2167.60009765625,2176.35009765625,308229,HINDUNILVR
2025-03-05 09:45:00+00:00,2170.449951171875,2175.0,2168.39990234375,2170.25,141687,HINDUNILVR
2025-03-06 03:45:00+00:00,2173.10009765625,2190.35009765625,2164.0,2180.64990234375,0,HINDUNILVR
2025-03-06 04:45:00+00:00,2200.10009765625,2200.60009765625,2172.050048828125,2173.25,177483,HINDUNILVR
2025-03-06 05:45:00+00:00,2205.89990234375,2214.949951171875,2194.35009765625,2200.10009765625,353962,HINDUNILVR
2025-03-06 06:45:00+00:00,2221.75,2228.14990234375,2201.449951171875,2206.60009765625,258746,HINDUNILVR
2025-03-06 07:45:00+00:00,2220.89990234375,2229.39990234375,2218.699951171875,2221.75,220350,HINDUNILVR
2025-03-06 08:45:00+00:00,2219.60009765625,2223.300048828125,2211.89990234375,2219.89990234375,377398,HINDUNILVR
2025-03-06 09:45:00+00:00,2222.050048828125,2223.10009765625,2218.35009765625,2219.89990234375,104743,HINDUNILVR
2025-03-07 03:45:00+00:00,2215.89990234375,2221.85009765625,2203.5,2219.199951171875,0,HINDUNILVR
2025-03-07 04:45:00+00:00,2207.14990234375,2216.35009765625,2189.449951171875,2216.35009765625,911131,HINDUNILVR
2025-03-07 05:45:00+00:00,2201.5,2209.89990234375,2197.0,2207.14990234375,84256,HINDUNILVR
2025-03-07 06:45:00+00:00,2209.449951171875,2210.800048828125,2201.0,2201.0,126572,HINDUNILVR
2025-03-07 07:45:00+00:00,2211.050048828125,2213.5,2206.35009765625,2209.5,124663,HINDUNILVR
2025-03-07 08:45:00+00:00,2203.60009765625,2214.699951171875,2203.0,2211.5,202882,HINDUNILVR
2025-03-07 09:45:00+00:00,2208.39990234375,2208.39990234375,2201.699951171875,2203.60009765625,143100,HINDUNILVR
2025-03-10 03:45:00+00:00,2246.60009765625,2251.39990234375,2196.199951171875,2209.949951171875,0,HINDUNILVR
2025-03-10 04:45:00+00:00,2249.0,2250.10009765625,2240.0,2247.0,112658,HINDUNILVR
2025-03-10 05:45:00+00:00,2259.449951171875,2261.75,2247.39990234375,2249.0,153193,HINDUNILVR
2025-03-10 06:45:00+00:00,2259.300048828125,2261.14990234375,2252.10009765625,2259.449951171875,163790,HINDUNILVR
2025-03-10 07:45:00+00:00,2259.449951171875,2267.14990234375,2257.10009765625,2259.300048828125,181656,HINDUNILVR
2025-03-10 08:45:00+00:00,2247.300048828125,2260.050048828125,2244.0,2259.550048828125,297635,HINDUNILVR
2025-03-10 09:45:00+00:00,2246.5,2249.89990234375,2245.60009765625,2247.10009765625,115374,HINDUNILVR
2025-03-11 03:45:00+00:00,2260.300048828125,2261.64990234375,2232.0,2241.0,0,HINDUNILVR
2025-03-11 04:45:00+00:00,2249.550048828125,2260.300048828125,2244.199951171875,2260.300048828125,170225,HINDUNILVR
2025-03-11 05:45:00+00:00,2239.39990234375,2251.85009765625,2239.39990234375,2249.60009765625,184421,HINDUNILVR
2025-03-11 06:45:00+00:00,2240.64990234375,2247.25,2237.14990234375,2239.39990234375,109144,HINDUNILVR
2025-03-11 07:45:00+00:00,2230.35009765625,2240.300048828125,2225.5,2240.0,131175,HINDUNILVR
2025-03-11 08:45:00+00:00,2216.0,2231.35009765625,2214.0,2230.0,269441,HINDUNILVR
2025-03-11 09:45:00+00:00,2220.0,2225.050048828125,2211.800048828125,2216.0,158598,HINDUNILVR
2025-03-12 03:45:00+00:00,2219.89990234375,2221.550048828125,2202.89990234375,2216.75,0,HINDUNILVR
2025-03-12 04:45:00+00:00,2222.199951171875,2226.949951171875,2216.800048828125,2219.800048828125,133361,HINDUNILVR
2025-03-12 05:45:00+00:00,2227.800048828125,2229.85009765625,2220.199951171875,2222.300048828125,190562,HINDUNILVR
2025-03-12 06:45:00+00:00,2214.64990234375,2229.949951171875,2207.39990234375,2227.89990234375,262923,HINDUNILVR
2025-03-12 07:45:00+00:00,2196.14990234375,2219.050048828125,2194.0,2214.0,272609,HINDUNILVR
2025-03-12 08:45:00+00:00,2195.89990234375,2204.64990234375,2194.5,2196.050048828125,302227,HINDUNILVR
2025-03-12 09:45:00+00:00,2192.89990234375,2195.75,2185.050048828125,2195.699951171875,180037,HINDUNILVR
2025-03-13 03:45:00+00:00,2194.0,2209.949951171875,2178.550048828125,2188.0,0,HINDUNILVR
2025-03-13 04:45:00+00:00,2201.699951171875,2207.0,2189.050048828125,2192.949951171875,142398,HINDUNILVR
2025-03-13 05:45:00+00:00,2196.300048828125,2205.60009765625,2193.60009765625,2202.550048828125,244724,HINDUNILVR
2025-03-13 06:45:00+00:00,2185.0,2198.0,2180.0,2197.14990234375,399895,HINDUNILVR
2025-03-13 07:45:00+00:00,2172.35009765625,2185.050048828125,2169.14990234375,2185.050048828125,144346,HINDUNILVR
2025-03-13 08:45:00+00:00,2175.64990234375,2175.949951171875,2166.449951171875,2171.699951171875,380761,HINDUNILVR
2025-03-13 09:45:00+00:00,2174.800048828125,2180.10009765625,2174.0,2175.949951171875,200644,HINDUNILVR
2025-03-17 03:45:00+00:00,2168.449951171875,2195.199951171875,2165.050048828125,2165.800048828125,0,HINDUNILVR
2025-03-17 04:45:00+00:00,2164.050048828125,2169.25,2156.60009765625,2169.25,110465,HINDUNILVR
2025-03-17 05:45:00+00:00,2165.449951171875,2167.949951171875,2157.699951171875,2163.64990234375,93143,HINDUNILVR
2025-03-17 06:45:00+00:00,2169.75,2171.0,2161.25,2165.550048828125,258953,HINDUNILVR
2025-03-17 07:45:00+00:00,2172.0,2177.800048828125,2169.14990234375,2169.64990234375,168039,HINDUNILVR
2025-03-17 08:45:00+00:00,2171.10009765625,2173.60009765625,2168.14990234375,2171.300048828125,123459,HINDUNILVR
2025-03-17 09:45:00+00:00,2171.25,2172.5,2170.0,2171.10009765625,102464,HINDUNILVR
2025-03-18 03:45:00+00:00,2197.89990234375,2199.949951171875,2178.0,2183.949951171875,0,HINDUNILVR
2025-03-18 04:45:00+00:00,2203.949951171875,2209.64990234375,2192.0,2197.89990234375,271357,HINDUNILVR
2025-03-18 05:45:00+00:00,2212.39990234375,2215.0,2201.60009765625,2203.89990234375,163265,HINDUNILVR
2025-03-18 06:45:00+00:00,2205.5,2213.300048828125,2198.5,2212.25,191418,HINDUNILVR
2025-03-18 07:45:00+00:00,2195.0,2210.39990234375,2195.0,2205.300048828125,146363,HINDUNILVR
2025-03-18 08:45:00+00:00,2202.300048828125,2203.14990234375,2192.0,2195.300048828125,290576,HINDUNILVR
2025-03-18 09:45:00+00:00,2202.550048828125,2206.85009765625,2200.39990234375,2202.300048828125,141811,HINDUNILVR
2025-03-19 03:45:00+00:00,2197.800048828125,2211.050048828125,2196.14990234375,2210.35009765625,0,HINDUNILVR
2025-03-19 04:45:00+00:00,2195.10009765625,2205.699951171875,2193.449951171875,2197.75,211829,HINDUNILVR
2025-03-19 05:45:00+00:00,2197.75,2198.5,2194.25,2195.14990234375,150245,HINDUNILVR
2025-03-19 06:45:00+00:00,2200.0,2202.699951171875,2196.10009765625,2197.699951171875,167893,HINDUNILVR
2025-03-19 07:45:00+00:00,2204.25,2209.0,2197.050048828125,2198.5,167632,HINDUNILVR
2025-03-19 08:45:00+00:00,2199.199951171875,2206.050048828125,2196.10009765625,2204.14990234375,368237,HINDUNILVR
2025-03-19 09:45:00+00:00,2198.949951171875,2200.89990234375,2195.25,2199.5,125613,HINDUNILVR
2025-03-20 03:45:00+00:00,2206.14990234375,2211.25,2190.14990234375,2203.85009765625,0,HINDUNILVR
2025-03-20 04:45:00+00:00,2223.699951171875,2224.800048828125,2204.75,2205.60009765625,135060,HINDUNILVR
2025-03-20 05:45:00+00:00,2225.550048828125,2226.5,2218.0,2223.5,101169,HINDUNILVR
2025-03-20 06:45:00+00:00,2234.050048828125,2235.64990234375,2224.0,2225.699951171875,174153,HINDUNILVR
2025-03-20 07:45:00+00:00,2244.050048828125,2248.89990234375,2232.199951171875,2234.5,215026,HINDUNILVR
2025-03-20 08:45:00+00:00,2242.800048828125,2245.39990234375,2239.0,2244.699951171875,476857,HINDUNILVR
2025-03-20 09:45:00+00:00,2239.85009765625,2243.949951171875,2238.60009765625,2242.5,120120,HINDUNILVR
2025-03-21 03:45:00+00:00,2229.800048828125,2244.800048828125,2229.5,2242.39990234375,0,HINDUNILVR
2025-03-21 04:45:00+00:00,2240.300048828125,2243.14990234375,2225.800048828125,2229.75,140070,HINDUNILVR
2025-03-21 05:45:00+00:00,2248.75,2253.550048828125,2240.0,2240.0,219748,HINDUNILVR
2025-03-21 06:45:00+00:00,2245.050048828125,2251.39990234375,2242.550048828125,2248.75,258971,HINDUNILVR
2025-03-21 07:45:00+00:00,2241.0,2245.0,2235.0,2245.0,245285,HINDUNILVR
2025-03-21 08:45:00+00:00,2247.35009765625,2248.800048828125,2240.300048828125,2240.5,715550,HINDUNILVR
2025-03-21 09:45:00+00:00,2247.0,2250.10009765625,2242.75,2247.25,384198,HINDUNILVR
2025-03-24 03:45:00+00:00,2250.89990234375,2265.0,2242.800048828125,2245.300048828125,0,HINDUNILVR
2025-03-24 04:45:00+00:00,2242.5,2254.35009765625,2241.699951171875,2250.89990234375,112006,HINDUNILVR
2025-03-24 05:45:00+00:00,2245.050048828125,2251.89990234375,2241.25,2242.199951171875,229485,HINDUNILVR
2025-03-24 06:45:00+00:00,2246.25,2248.300048828125,2244.89990234375,2245.050048828125,141294,HINDUNILVR
2025-03-24 07:45:00+00:00,2251.0,2252.0,2244.699951171875,2246.25,190316,HINDUNILVR
2025-03-24 08:45:00+00:00,2250.0,2254.550048828125,2249.60009765625,2251.0,292064,HINDUNILVR
2025-03-24 09:45:00+00:00,2265.0,2266.0,2250.0,2250.0,308477,HINDUNILVR
2025-03-25 03:45:00+00:00,2271.64990234375,2291.89990234375,2243.35009765625,2255.89990234375,0,HINDUNILVR
2025-03-25 04:45:00+00:00,2267.0,2280.0,2260.0,2271.0,243908,HINDUNILVR
2025-03-25 05:45:00+00:00,2263.050048828125,2270.75,2261.64990234375,2267.050048828125,166760,HINDUNILVR
2025-03-25 06:45:00+00:00,2272.60009765625,2276.800048828125,2260.050048828125,2263.050048828125,210792,HINDUNILVR
2025-03-25 07:45:00+00:00,2279.199951171875,2285.0,2271.5,2272.39990234375,305919,HINDUNILVR
2025-03-25 08:45:00+00:00,2271.14990234375,2280.64990234375,2265.550048828125,2279.199951171875,621661,HINDUNILVR
2025-03-25 09:45:00+00:00,2264.0,2272.800048828125,2262.10009765625,2271.050048828125,185850,HINDUNILVR
2025-03-26 03:45:00+00:00,2268.0,2279.199951171875,2258.5,2267.550048828125,0,HINDUNILVR
2025-03-26 04:45:00+00:00,2265.5,2268.800048828125,2257.25,2267.199951171875,68538,HINDUNILVR
2025-03-26 05:45:00+00:00,2269.449951171875,2274.0,2263.0,2266.25,347091,HINDUNILVR
2025-03-26 06:45:00+00:00,2264.050048828125,2273.39990234375,2259.0,2269.199951171875,177180,HINDUNILVR
2025-03-26 07:45:00+00:00,2248.60009765625,2264.550048828125,2246.050048828125,2264.550048828125,167130,HINDUNILVR
2025-03-26 08:45:00+00:00,2246.89990234375,2251.699951171875,2237.85009765625,2248.550048828125,400642,HINDUNILVR
2025-03-26 09:45:00+00:00,2245.949951171875,2248.949951171875,2241.60009765625,2246.89990234375,115833,HINDUNILVR
2025-03-27 03:45:00+00:00,2241.0,2245.85009765625,2225.0,2240.14990234375,0,HINDUNILVR
2025-03-27 04:45:00+00:00,2237.0,2243.5,2232.0,2241.75,124880,HINDUNILVR
2025-03-27 05:45:00+00:00,2253.699951171875,2256.050048828125,2236.0,2237.0,185527,HINDUNILVR
2025-03-27 06:45:00+00:00,2249.199951171875,2260.699951171875,2245.800048828125,2253.800048828125,603277,HINDUNILVR
2025-03-27 07:45:00+00:00,2246.85009765625,2253.449951171875,2244.75,2249.10009765625,580043,HINDUNILVR
2025-03-27 08:45:00+00:00,2244.60009765625,2253.5,2238.050048828125,2247.449951171875,867918,HINDUNILVR
2025-03-27 09:45:00+00:00,2241.75,2247.39990234375,2236.050048828125,2244.449951171875,1123665,HINDUNILVR
2025-03-28 03:45:00+00:00,2285.199951171875,2290.0,2240.949951171875,2246.89990234375,0,HINDUNILVR
2025-03-28 04:45:00+00:00,2271.25,2296.0,2268.64990234375,2285.949951171875,389381,HINDUNILVR
2025-03-28 05:45:00+00:00,2269.550048828125,2279.0,2265.89990234375,2272.050048828125,262044,HINDUNILVR
2025-03-28 06:45:00+00:00,2262.800048828125,2269.949951171875,2255.75,2269.60009765625,142572,HINDUNILVR
2025-03-28 07:45:00+00:00,2261.300048828125,2264.75,2254.25,2263.10009765625,185875,HINDUNILVR
2025-03-28 08:45:00+00:00,2261.050048828125,2270.0,2258.0,2261.050048828125,560609,HINDUNILVR
2025-03-28 09:45:00+00:00,2257.0,2260.85009765625,2254.25,2260.85009765625,235271,HINDUNILVR
2025-04-01 03:45:00+00:00,2269.85009765625,2284.449951171875,2239.0,2259.0,0,HINDUNILVR
2025-04-01 04:45:00+00:00,2248.0,2272.25,2243.800048828125,2270.39990234375,619468,HINDUNILVR
2025-04-01 05:45:00+00:00,2226.0,2249.449951171875,2225.300048828125,2248.39990234375,217772,HINDUNILVR
2025-04-01 06:45:00+00:00,2221.64990234375,2234.949951171875,2221.0,2226.0,176309,HINDUNILVR
2025-04-01 07:45:00+00:00,2226.550048828125,2229.699951171875,2220.0,2221.5,351180,HINDUNILVR
2025-04-01 08:45:00+00:00,2233.800048828125,2235.949951171875,2224.0,2227.64990234375,575832,HINDUNILVR
2025-04-01 09:45:00+00:00,2233.85009765625,2241.25,2232.10009765625,2233.75,211098,HINDUNILVR
2025-04-02 03:45:00+00:00,2212.39990234375,2238.75,2190.25,2236.60009765625,0,HINDUNILVR
2025-04-02 04:45:00+00:00,2230.60009765625,2232.75,2210.14990234375,2212.39990234375,182262,HINDUNILVR
2025-04-02 05:45:00+00:00,2228.25,2232.800048828125,2222.64990234375,2230.60009765625,176252,HINDUNILVR
2025-04-02 06:45:00+00:00,2234.949951171875,2235.89990234375,2225.800048828125,2228.39990234375,148807,HINDUNILVR
2025-04-02 07:45:00+00:00,2237.050048828125,2242.0,2227.39990234375,2234.85009765625,101358,HINDUNILVR
2025-04-02 08:45:00+00:00,2238.75,2241.39990234375,2230.800048828125,2237.050048828125,287418,HINDUNILVR
2025-04-02 09:45:00+00:00,2237.89990234375,2241.699951171875,2235.0,2238.60009765625,119210,HINDUNILVR
2025-04-03 03:45:00+00:00,2242.14990234375,2247.0,2221.0,2225.0,0,HINDUNILVR
2025-04-03 04:45:00+00:00,2240.5,2252.39990234375,2239.800048828125,2242.5,98885,HINDUNILVR
2025-04-03 05:45:00+00:00,2245.25,2246.0,2229.5,2240.64990234375,232618,HINDUNILVR
2025-04-03 06:45:00+00:00,2243.0,2245.14990234375,2238.050048828125,2245.050048828125,216458,HINDUNILVR
2025-04-03 07:45:00+00:00,2237.300048828125,2244.449951171875,2230.0,2243.050048828125,167149,HINDUNILVR
2025-04-03 08:45:00+00:00,2244.14990234375,2249.14990234375,2233.75,2237.300048828125,319971,HINDUNILVR
2025-04-03 09:45:00+00:00,2241.10009765625,2244.39990234375,2241.0,2244.39990234375,133494,HINDUNILVR
2025-04-04 03:45:00+00:00,2254.0,2261.64990234375,2222.0,2232.75,0,HINDUNILVR
2025-04-04 04:45:00+00:00,2255.800048828125,2266.949951171875,2248.949951171875,2253.800048828125,156098,HINDUNILVR
2025-04-04 05:45:00+00:00,2246.5,2255.75,2240.35009765625,2255.75,152928,HINDUNILVR
2025-04-04 06:45:00+00:00,2230.949951171875,2248.60009765625,2228.14990234375,2246.5,146115,HINDUNILVR
2025-04-04 07:45:00+00:00,2241.199951171875,2245.0,2230.949951171875,2230.949951171875,140546,HINDUNILVR
2025-04-04 08:45:00+00:00,2244.699951171875,2246.14990234375,2240.800048828125,2240.800048828125,121466,HINDUNILVR
2025-04-04 09:45:00+00:00,2244.550048828125,2245.699951171875,2241.199951171875,2244.75,63464,HINDUNILVR
2025-04-07 03:45:00+00:00,2211.89990234375,2249.64990234375,2170.0,2177.14990234375,0,HINDUNILVR
2025-04-07 04:45:00+00:00,2220.449951171875,2223.550048828125,2200.60009765625,2211.199951171875,241692,HINDUNILVR
2025-04-07 05:45:00+00:00,2229.60009765625,2236.89990234375,2219.949951171875,2220.449951171875,486513,HINDUNILVR
2025-04-07 06:45:00+00:00,2234.64990234375,2238.0,2226.25,2229.75,525148,HINDUNILVR
2025-04-07 07:45:00+00:00,2260.199951171875,2261.60009765625,2230.89990234375,2234.64990234375,721005,HINDUNILVR
2025-04-07 08:45:00+00:00,2248.050048828125,2261.0,2246.050048828125,2260.14990234375,646626,HINDUNILVR
2025-04-07 09:45:00+00:00,2249.39990234375,2257.14990234375,2244.0,2247.449951171875,233475,HINDUNILVR
2025-04-08 03:45:00+00:00,2263.199951171875,2282.0,2260.64990234375,2261.5,0,HINDUNILVR
2025-04-08 04:45:00+00:00,2278.199951171875,2286.64990234375,2252.5,2262.699951171875,400264,HINDUNILVR
2025-04-08 05:45:00+00:00,2300.0,2300.0,2266.050048828125,2278.300048828125,368204,HINDUNILVR
2025-04-08 06:45:00+00:00,2302.449951171875,2305.0,2293.0,2301.0,293129,HINDUNILVR
2025-04-08 07:45:00+00:00,2300.0,2306.0,2291.0,2302.199951171875,407122,HINDUNILVR
2025-04-08 08:45:00+00:00,2287.199951171875,2304.300048828125,2286.10009765625,2299.85009765625,582702,HINDUNILVR
2025-04-08 09:45:00+00:00,2289.25,2294.0,2285.300048828125,2287.199951171875,283193,HINDUNILVR
2025-04-09 03:45:00+00:00,2305.75,2319.550048828125,2292.949951171875,2293.25,0,HINDUNILVR
2025-04-09 04:45:00+00:00,2338.949951171875,2344.25,2305.0,2306.14990234375,441676,HINDUNILVR
2025-04-09 05:45:00+00:00,2345.85009765625,2350.0,2338.10009765625,2340.050048828125,370467,HINDUNILVR
2025-04-09 06:45:00+00:00,2341.050048828125,2354.14990234375,2339.10009765625,2345.949951171875,654081,HINDUNILVR
2025-04-09 07:45:00+00:00,2346.89990234375,2352.0,2340.300048828125,2341.699951171875,238500,HINDUNILVR
2025-04-09 08:45:00+00:00,2351.10009765625,2353.75,2341.699951171875,2346.85009765625,690242,HINDUNILVR
2025-04-09 09:45:00+00:00,2348.10009765625,2351.050048828125,2345.050048828125,2351.050048828125,265689,HINDUNILVR
2025-04-11 03:45:00+00:00,2362.449951171875,2379.449951171875,2355.550048828125,2373.550048828125,0,HINDUNILVR
2025-04-11 04:45:00+00:00,2363.89990234375,2366.0,2344.35009765625,2362.35009765625,529966,HINDUNILVR
2025-04-11 05:45:00+00:00,2358.60009765625,2372.0,2356.800048828125,2363.10009765625,516331,HINDUNILVR
2025-04-11 06:45:00+00:00,2358.39990234375,2365.0,2355.0,2358.64990234375,454033,HINDUNILVR
2025-04-11 07:45:00+00:00,2355.5,2364.449951171875,2355.050048828125,2358.60009765625,444357,HINDUNILVR
2025-04-11 08:45:00+00:00,2366.85009765625,2369.60009765625,2355.14990234375,2355.14990234375,795016,HINDUNILVR
2025-04-11 09:45:00+00:00,2366.14990234375,2367.550048828125,2362.0,2366.85009765625,159986,HINDUNILVR
2025-04-15 03:45:00+00:00,2347.39990234375,2384.0,2345.300048828125,2377.800048828125,0,HINDUNILVR
2025-04-15 04:45:00+00:00,2352.89990234375,2359.10009765625,2347.0,2347.0,256136,HINDUNILVR
2025-04-15 05:45:00+00:00,2364.0,2364.0,2351.10009765625,2352.300048828125,186550,HINDUNILVR
2025-04-15 06:45:00+00:00,2367.0,2368.800048828125,2360.0,2364.0,428742,HINDUNILVR
2025-04-15 07:45:00+00:00,2363.0,2367.5,2358.89990234375,2367.10009765625,704601,HINDUNILVR
2025-04-15 08:45:00+00:00,2363.10009765625,2364.89990234375,2357.0,2363.0,604624,HINDUNILVR
2025-04-15 09:45:00+00:00,2361.5,2368.0,2359.699951171875,2363.10009765625,368101,HINDUNILVR
2025-04-16 03:45:00+00:00,2361.60009765625,2376.0,2355.10009765625,2355.10009765625,0,HINDUNILVR
2025-04-16 04:45:00+00:00,2366.89990234375,2367.10009765625,2359.0,2362.39990234375,137554,HINDUNILVR
2025-04-16 05:45:00+00:00,2365.199951171875,2368.800048828125,2360.0,2367.800048828125,132004,HINDUNILVR
2025-04-16 06:45:00+00:00,2363.5,2369.0,2362.10009765625,2365.0,120611,HINDUNILVR
2025-04-16 07:45:00+00:00,2367.89990234375,2371.0,2361.0,2363.199951171875,133504,HINDUNILVR
2025-04-16 08:45:00+00:00,2366.60009765625,2371.0,2363.800048828125,2367.60009765625,188353,HINDUNILVR
2025-04-16 09:45:00+00:00,2364.5,2370.0,2364.0,2366.60009765625,171887,HINDUNILVR
2025-04-17 03:45:00+00:00,2346.39990234375,2361.699951171875,2343.60009765625,2358.699951171875,0,HINDUNILVR
2025-04-17 04:45:00+00:00,2350.39990234375,2353.0,2345.0,2347.199951171875,82833,HINDUNILVR
2025-04-17 05:45:00+00:00,2372.10009765625,2374.89990234375,2348.0,2350.60009765625,356149,HINDUNILVR
2025-04-17 06:45:00+00:00,2375.0,2378.89990234375,2370.60009765625,2372.10009765625,329819,HINDUNILVR
2025-04-17 07:45:00+00:00,2367.10009765625,2377.10009765625,2367.10009765625,2375.0,338077,HINDUNILVR
2025-04-17 08:45:00+00:00,2375.60009765625,2378.89990234375,2364.10009765625,2366.800048828125,326261,HINDUNILVR
2025-04-17 09:45:00+00:00,2375.0,2375.60009765625,2370.0,2375.5,113027,HINDUNILVR
2025-04-21 03:45:00+00:00,2354.199951171875,2366.699951171875,2352.0,2366.10009765625,0,HINDUNILVR
2025-04-21 04:45:00+00:00,2354.89990234375,2355.0,2349.0,2353.300048828125,247720,HINDUNILVR
2025-04-21 05:45:00+00:00,2354.699951171875,2355.89990234375,2351.10009765625,2354.89990234375,187178,HINDUNILVR
2025-04-21 06:45:00+00:00,2354.699951171875,2355.199951171875,2353.10009765625,2354.699951171875,193026,HINDUNILVR
2025-04-21 07:45:00+00:00,2354.699951171875,2358.699951171875,2354.199951171875,2355.0,152370,HINDUNILVR
2025-04-21 08:45:00+00:00,2350.199951171875,2357.0,2349.60009765625,2355.0,213671,HINDUNILVR
2025-04-21 09:45:00+00:00,2352.0,2352.800048828125,2349.0,2349.199951171875,84013,HINDUNILVR
2025-04-22 03:45:00+00:00,2376.10009765625,2377.800048828125,2355.89990234375,2362.699951171875,0,HINDUNILVR
2025-04-22 04:45:00+00:00,2373.800048828125,2387.0,2373.5,2376.0,309518,HINDUNILVR
2025-04-22 05:45:00+00:00,2388.39990234375,2389.0,2370.89990234375,2373.800048828125,338119,HINDUNILVR
2025-04-22 06:45:00+00:00,2378.89990234375,2395.0,2377.5,2388.39990234375,356090,HINDUNILVR
2025-04-22 07:45:00+00:00,2392.10009765625,2398.0,2376.10009765625,2378.89990234375,333413,HINDUNILVR
2025-04-22 08:45:00+00:00,2395.800048828125,2402.39990234375,2386.60009765625,2391.699951171875,416553,HINDUNILVR
2025-04-22 09:45:00+00:00,2403.0,2406.0,2395.0,2395.60009765625,229757,HINDUNILVR
2025-04-23 03:45:00+00:00,2418.39990234375,2438.0,2394.300048828125,2407.800048828125,0,HINDUNILVR
2025-04-23 04:45:00+00:00,2415.89990234375,2421.0,2408.89990234375,2417.60009765625,233517,HINDUNILVR
2025-04-23 05:45:00+00:00,2415.0,2419.89990234375,2408.0,2416.0,172751,HINDUNILVR
2025-04-23 06:45:00+00:00,2415.39990234375,2418.699951171875,2410.0,2415.0,173803,HINDUNILVR
2025-04-23 07:45:00+00:00,2423.699951171875,2426.89990234375,2411.800048828125,2415.0,309150,HINDUNILVR
2025-04-23 08:45:00+00:00,2425.199951171875,2433.0,2421.300048828125,2423.10009765625,630018,HINDUNILVR
2025-04-23 09:45:00+00:00,2422.0,2425.300048828125,2419.89990234375,2425.199951171875,202095,HINDUNILVR
2025-04-24 03:45:00+00:00,2459.0,2464.5,2420.60009765625,2423.89990234375,542615,HINDUNILVR
2025-04-24 04:45:00+00:00,2332.0,2486.5,2331.89990234375,2459.0,2420397,HINDUNILVR
2025-04-24 05:45:00+00:00,2331.10009765625,2340.0,2317.10009765625,2332.800048828125,1751173,HINDUNILVR
2025-04-24 06:45:00+00:00,2333.0,2334.39990234375,2323.0,2331.0,556857,HINDUNILVR
2025-04-24 07:45:00+00:00,2328.10009765625,2334.0,2326.10009765625,2332.0,352493,HINDUNILVR
2025-04-24 08:45:00+00:00,2325.0,2330.5,2322.0,2328.10009765625,874214,HINDUNILVR
2025-04-24 09:45:00+00:00,2325.5,2328.300048828125,2324.0,2325.0,564423,HINDUNILVR
2025-04-25 03:45:00+00:00,2307.39990234375,2339.89990234375,2297.5,2329.0,0,HINDUNILVR
2025-04-25 04:45:00+00:00,2312.10009765625,2315.0,2296.0,2307.0,400562,HINDUNILVR
2025-04-25 05:45:00+00:00,2298.699951171875,2313.10009765625,2294.5,2312.60009765625,299591,HINDUNILVR
2025-04-25 06:45:00+00:00,2301.5,2305.0,2295.10009765625,2299.0,477134,HINDUNILVR
2025-04-25 07:45:00+00:00,2317.300048828125,2322.800048828125,2300.10009765625,2301.5,332870,HINDUNILVR
2025-04-25 08:45:00+00:00,2334.300048828125,2335.0,2316.699951171875,2316.699951171875,454084,HINDUNILVR
2025-04-25 09:45:00+00:00,2329.39990234375,2335.699951171875,2328.0,2333.89990234375,197203,HINDUNILVR
2025-04-28 03:45:00+00:00,2333.60009765625,2349.0,2322.0,2338.300048828125,0,HINDUNILVR
2025-04-28 04:45:00+00:00,2326.39990234375,2336.0,2324.39990234375,2333.199951171875,203442,HINDUNILVR
2025-04-28 05:45:00+00:00,2326.199951171875,2330.89990234375,2325.10009765625,2326.300048828125,188013,HINDUNILVR
2025-04-28 06:45:00+00:00,2324.89990234375,2332.0,2317.0,2326.300048828125,180480,HINDUNILVR
2025-04-28 07:45:00+00:00,2324.5,2325.800048828125,2322.0,2324.10009765625,121705,HINDUNILVR
2025-04-28 08:45:00+00:00,2317.699951171875,2324.89990234375,2317.699951171875,2324.10009765625,371271,HINDUNILVR
2025-04-28 09:45:00+00:00,2317.0,2320.300048828125,2315.699951171875,2317.60009765625,232661,HINDUNILVR
2025-04-29 03:45:00+00:00,2316.39990234375,2332.39990234375,2314.0,2323.800048828125,0,HINDUNILVR
2025-04-29 04:45:00+00:00,2321.0,2324.800048828125,2313.300048828125,2316.39990234375,85816,HINDUNILVR
2025-04-29 05:45:00+00:00,2324.300048828125,2328.89990234375,2318.699951171875,2320.89990234375,151637,HINDUNILVR
2025-04-29 06:45:00+00:00,2320.89990234375,2325.300048828125,2318.5,2324.5,188770,HINDUNILVR
2025-04-29 07:45:00+00:00,2327.0,2329.0,2321.0,2321.0,170030,HINDUNILVR
2025-04-29 08:45:00+00:00,2319.89990234375,2330.800048828125,2318.300048828125,2327.0,717638,HINDUNILVR
2025-04-29 09:45:00+00:00,2321.699951171875,2325.800048828125,2319.5,2320.10009765625,201013,HINDUNILVR
2025-04-30 03:45:00+00:00,2336.39990234375,2346.60009765625,2316.0,2316.0,0,HINDUNILVR
2025-04-30 04:45:00+00:00,2341.300048828125,2342.800048828125,2325.10009765625,2336.300048828125,335061,HINDUNILVR
2025-04-30 05:45:00+00:00,2346.10009765625,2349.89990234375,2340.5,2341.0,227651,HINDUNILVR
2025-04-30 06:45:00+00:00,2345.0,2352.5,2345.0,2346.89990234375,309262,HINDUNILVR
2025-04-30 07:45:00+00:00,2345.300048828125,2347.800048828125,2341.10009765625,2345.10009765625,139189,HINDUNILVR
2025-04-30 08:45:00+00:00,2342.39990234375,2348.300048828125,2337.800048828125,2345.300048828125,484989,HINDUNILVR
2025-04-30 09:45:00+00:00,2342.10009765625,2347.199951171875,2331.5,2342.89990234375,350818,HINDUNILVR
2025-05-02 03:45:00+00:00,2337.39990234375,2344.5,2328.60009765625,2339.699951171875,0,HINDUNILVR
2025-05-02 04:45:00+00:00,2333.300048828125,2339.300048828125,2327.300048828125,2337.39990234375,182673,HINDUNILVR
2025-05-02 05:45:00+00:00,2325.5,2337.0,2325.10009765625,2333.300048828125,361326,HINDUNILVR
2025-05-02 06:45:00+00:00,2315.0,2326.10009765625,2311.5,2325.199951171875,238197,HINDUNILVR
2025-05-02 07:45:00+00:00,2319.10009765625,2319.800048828125,2310.0,2315.0,272833,HINDUNILVR
2025-05-02 08:45:00+00:00,2324.699951171875,2326.39990234375,2317.10009765625,2319.10009765625,458548,HINDUNILVR
2025-05-02 09:45:00+00:00,2319.300048828125,2324.800048828125,2315.10009765625,2324.699951171875,221839,HINDUNILVR
2025-05-05 03:45:00+00:00,2343.0,2351.0,2319.10009765625,2323.5,0,HINDUNILVR
2025-05-05 04:45:00+00:00,2351.800048828125,2353.0,2338.39990234375,2343.0,240632,HINDUNILVR
2025-05-05 05:45:00+00:00,2344.0,2354.89990234375,2338.699951171875,2353.0,648268,HINDUNILVR
2025-05-05 06:45:00+00:00,2349.0,2352.0,2340.699951171875,2343.89990234375,282114,HINDUNILVR
2025-05-05 07:45:00+00:00,2347.199951171875,2353.0,2346.699951171875,2349.0,120673,HINDUNILVR
2025-05-05 08:45:00+00:00,2345.0,2352.300048828125,2343.800048828125,2348.199951171875,329934,HINDUNILVR
2025-05-05 09:45:00+00:00,2348.60009765625,2351.800048828125,2343.5,2344.5,177113,HINDUNILVR
2025-05-06 03:45:00+00:00,2367.699951171875,2370.0,2344.10009765625,2350.0,0,HINDUNILVR
2025-05-06 04:45:00+00:00,2373.60009765625,2377.89990234375,2364.800048828125,2366.5,195300,HINDUNILVR
2025-05-06 05:45:00+00:00,2374.89990234375,2378.0,2368.89990234375,2373.89990234375,133464,HINDUNILVR
2025-05-06 06:45:00+00:00,2371.60009765625,2377.39990234375,2368.0,2375.0,345044,HINDUNILVR
2025-05-06 07:45:00+00:00,2376.89990234375,2377.5,2371.10009765625,2372.800048828125,112141,HINDUNILVR
2025-05-06 08:45:00+00:00,2377.199951171875,2388.800048828125,2369.39990234375,2377.0,520813,HINDUNILVR
2025-05-06 09:45:00+00:00,2381.800048828125,2389.0,2373.10009765625,2378.0,310269,HINDUNILVR
2025-05-07 03:45:00+00:00,2366.0,2376.5,2355.5,2367.60009765625,0,HINDUNILVR
2025-05-07 04:45:00+00:00,2375.0,2378.0,2365.10009765625,2366.10009765625,114841,HINDUNILVR
2025-05-07 05:45:00+00:00,2379.300048828125,2379.89990234375,2370.89990234375,2375.0,155848,HINDUNILVR
2025-05-07 06:45:00+00:00,2383.0,2386.5,2377.10009765625,2379.10009765625,196771,HINDUNILVR
2025-05-07 07:45:00+00:00,2381.39990234375,2384.0,2375.0,2383.10009765625,169768,HINDUNILVR
2025-05-07 08:45:00+00:00,2370.10009765625,2382.60009765625,2368.300048828125,2380.89990234375,484475,HINDUNILVR
2025-05-07 09:45:00+00:00,2370.300048828125,2370.300048828125,2365.0,2370.10009765625,231054,HINDUNILVR
2025-05-08 03:45:00+00:00,2358.699951171875,2371.89990234375,2353.0,2364.5,0,HINDUNILVR
2025-05-08 04:45:00+00:00,2355.300048828125,2361.800048828125,2352.10009765625,2358.5,127660,HINDUNILVR
2025-05-08 05:45:00+00:00,2357.10009765625,2366.300048828125,2354.0,2355.0,240965,HINDUNILVR
2025-05-08 06:45:00+00:00,2346.89990234375,2361.199951171875,2345.60009765625,2357.10009765625,365246,HINDUNILVR
2025-05-08 07:45:00+00:00,2354.0,2355.800048828125,2344.800048828125,2347.199951171875,215518,HINDUNILVR
2025-05-08 08:45:00+00:00,2357.60009765625,2359.60009765625,2346.199951171875,2354.0,819946,HINDUNILVR
2025-05-08 09:45:00+00:00,2345.10009765625,2357.699951171875,2341.0,2357.39990234375,372033,HINDUNILVR
2025-05-09 03:45:00+00:00,2318.39990234375,2342.699951171875,2302.89990234375,2342.699951171875,0,HINDUNILVR
2025-05-09 04:45:00+00:00,2325.10009765625,2326.699951171875,2311.0,2316.60009765625,328305,HINDUNILVR
2025-05-09 05:45:00+00:00,2330.39990234375,2335.60009765625,2323.89990234375,2325.300048828125,192973,HINDUNILVR
2025-05-09 06:45:00+00:00,2326.300048828125,2335.0,2324.199951171875,2330.0,155529,HINDUNILVR
2025-05-09 07:45:00+00:00,2328.10009765625,2333.0,2324.0,2326.300048828125,187774,HINDUNILVR
2025-05-09 08:45:00+00:00,2332.199951171875,2334.300048828125,2323.10009765625,2327.800048828125,220622,HINDUNILVR
2025-05-09 09:45:00+00:00,2332.89990234375,2339.300048828125,2329.89990234375,2332.0,184992,HINDUNILVR
2025-05-12 03:45:00+00:00,2385.5,2386.89990234375,2351.89990234375,2354.199951171875,0,HINDUNILVR
2025-05-12 04:45:00+00:00,2378.89990234375,2387.0,2370.10009765625,2385.10009765625,111288,HINDUNILVR
2025-05-12 05:45:00+00:00,2378.199951171875,2383.0,2377.5,2379.199951171875,55694,HINDUNILVR
2025-05-12 06:45:00+00:00,2375.39990234375,2385.0,2374.39990234375,2378.5,82871,HINDUNILVR
2025-05-12 07:45:00+00:00,2379.60009765625,2382.10009765625,2375.199951171875,2375.199951171875,76867,HINDUNILVR
2025-05-12 08:45:00+00:00,2382.39990234375,2384.300048828125,2372.199951171875,2380.300048828125,262825,HINDUNILVR
2025-05-12 09:45:00+00:00,2382.0,2386.0,2379.60009765625,2382.5,130496,HINDUNILVR
2025-05-13 03:45:00+00:00,2369.10009765625,2398.0,2361.10009765625,2382.300048828125,0,HINDUNILVR
2025-05-13 04:45:00+00:00,2376.39990234375,2384.0,2360.0,2368.5,326320,HINDUNILVR
2025-05-13 05:45:00+00:00,2376.5,2384.89990234375,2374.89990234375,2376.39990234375,203717,HINDUNILVR
2025-05-13 06:45:00+00:00,2360.60009765625,2377.89990234375,2356.10009765625,2376.10009765625,275670,HINDUNILVR
2025-05-13 07:45:00+00:00,2358.199951171875,2362.199951171875,2352.800048828125,2362.199951171875,165792,HINDUNILVR
2025-05-13 08:45:00+00:00,2357.800048828125,2362.800048828125,2355.0,2358.0,529086,HINDUNILVR
2025-05-13 09:45:00+00:00,2360.0,2362.89990234375,2353.89990234375,2357.699951171875,0,HINDUNILVR
2025-05-14 03:45:00+00:00,2347.89990234375,2365.5,2345.5,2365.5,218092,HINDUNILVR
2025-05-14 04:45:00+00:00,2350.0,2352.0,2343.199951171875,2348.199951171875,151756,HINDUNILVR
2025-05-14 05:45:00+00:00,2352.60009765625,2355.39990234375,2347.800048828125,2350.199951171875,169381,HINDUNILVR
2025-05-14 06:45:00+00:00,2341.300048828125,2355.89990234375,2340.300048828125,2352.5,246602,HINDUNILVR
2025-05-14 07:45:00+00:00,2342.10009765625,2345.0,2338.5,2340.5,256700,HINDUNILVR
2025-05-14 08:45:00+00:00,2353.199951171875,2354.89990234375,2342.10009765625,2342.10009765625,380669,HINDUNILVR
2025-05-14 09:45:00+00:00,2351.5,2353.800048828125,2348.89990234375,2353.300048828125,144524,HINDUNILVR
2025-05-15 03:45:00+00:00,2346.10009765625,2355.0,2340.0,2355.0,0,HINDUNILVR
2025-05-15 04:45:00+00:00,2343.199951171875,2363.199951171875,2341.800048828125,2346.10009765625,313301,HINDUNILVR
2025-05-15 05:45:00+00:00,2345.300048828125,2349.5,2341.0,2343.10009765625,309745,HINDUNILVR
2025-05-15 06:45:00+00:00,2359.699951171875,2360.60009765625,2340.800048828125,2346.300048828125,231574,HINDUNILVR
2025-05-15 07:45:00+00:00,2366.300048828125,2368.0,2356.0,2359.89990234375,481817,HINDUNILVR
2025-05-15 08:45:00+00:00,2354.199951171875,2369.89990234375,2353.39990234375,2366.300048828125,1239022,HINDUNILVR
2025-05-15 09:45:00+00:00,2355.199951171875,2356.800048828125,2353.10009765625,2354.39990234375,372246,HINDUNILVR
2025-05-16 03:45:00+00:00,2352.800048828125,2359.89990234375,2349.0,2358.0,0,HINDUNILVR
2025-05-16 04:45:00+00:00,2362.10009765625,2367.0,2351.10009765625,2351.699951171875,133216,HINDUNILVR
2025-05-16 05:45:00+00:00,2375.0,2377.300048828125,2362.199951171875,2362.199951171875,125719,HINDUNILVR
2025-05-16 06:45:00+00:00,2379.300048828125,2379.60009765625,2374.39990234375,2375.0,88522,HINDUNILVR
2025-05-16 07:45:00+00:00,2378.800048828125,2386.39990234375,2376.300048828125,2379.5,124793,HINDUNILVR
2025-05-16 08:45:00+00:00,2381.5,2381.699951171875,2375.10009765625,2378.199951171875,174939,HINDUNILVR
2025-05-16 09:45:00+00:00,2380.0,2383.5,2377.0,2381.300048828125,102389,HINDUNILVR
2025-05-19 03:45:00+00:00,2395.89990234375,2404.0,2380.0,2380.0,0,HINDUNILVR
2025-05-19 04:45:00+00:00,2395.0,2397.5,2390.0,2395.800048828125,140732,HINDUNILVR
2025-05-19 05:45:00+00:00,2385.10009765625,2397.10009765625,2384.0,2394.10009765625,101199,HINDUNILVR
2025-05-19 06:45:00+00:00,2386.60009765625,2396.89990234375,2382.800048828125,2384.89990234375,98472,HINDUNILVR
2025-05-19 07:45:00+00:00,2381.0,2388.5,2380.0,2386.60009765625,89516,HINDUNILVR
2025-05-19 08:45:00+00:00,2382.60009765625,2387.39990234375,2380.0,2381.10009765625,195256,HINDUNILVR
2025-05-19 09:45:00+00:00,2381.0,2382.800048828125,2380.0,2382.39990234375,104793,HINDUNILVR
2025-05-20 03:45:00+00:00,2374.0,2390.699951171875,2370.10009765625,2390.699951171875,0,HINDUNILVR
2025-05-20 04:45:00+00:00,2372.0,2379.0,2370.5,2374.0,57215,HINDUNILVR
2025-05-20 05:45:00+00:00,2365.89990234375,2371.800048828125,2363.300048828125,2371.10009765625,38801,HINDUNILVR
2025-05-20 06:45:00+00:00,2357.39990234375,2373.60009765625,2355.300048828125,2366.199951171875,218172,HINDUNILVR
2025-05-20 07:45:00+00:00,2350.89990234375,2357.699951171875,2346.0,2357.699951171875,321116,HINDUNILVR
2025-05-20 08:45:00+00:00,2340.199951171875,2354.0,2339.199951171875,2351.0,644812,HINDUNILVR
2025-05-20 09:45:00+00:00,2341.10009765625,2348.5,2338.5,2340.199951171875,215997,HINDUNILVR
2025-05-21 03:45:00+00:00,2365.89990234375,2368.300048828125,2345.300048828125,2346.89990234375,0,HINDUNILVR
2025-05-21 04:45:00+00:00,2369.199951171875,2374.800048828125,2364.0,2366.5,550365,HINDUNILVR
2025-05-21 05:45:00+00:00,2361.39990234375,2370.0,2360.5,2369.10009765625,91071,HINDUNILVR
2025-05-21 06:45:00+00:00,2369.60009765625,2375.699951171875,2356.5,2362.0,275745,HINDUNILVR
2025-05-21 07:45:00+00:00,2365.0,2371.5,2361.199951171875,2369.60009765625,96705,HINDUNILVR
2025-05-21 08:45:00+00:00,2364.0,2367.5,2360.39990234375,2364.89990234375,210919,HINDUNILVR
2025-05-21 09:45:00+00:00,2363.89990234375,2366.5,2358.89990234375,2364.10009765625,125131,HINDUNILVR
2025-05-22 03:45:00+00:00,2331.10009765625,2363.10009765625,2318.0,2359.89990234375,0,HINDUNILVR
2025-05-22 04:45:00+00:00,2335.10009765625,2338.5,2330.300048828125,2331.39990234375,208558,HINDUNILVR
2025-05-22 05:45:00+00:00,2331.699951171875,2341.199951171875,2331.699951171875,2335.10009765625,338336,HINDUNILVR
2025-05-22 06:45:00+00:00,2325.199951171875,2334.89990234375,2320.699951171875,2331.300048828125,353631,HINDUNILVR
2025-05-22 07:45:00+00:00,2324.199951171875,2328.800048828125,2318.10009765625,2325.199951171875,136946,HINDUNILVR
2025-05-22 08:45:00+00:00,2330.300048828125,2332.89990234375,2313.10009765625,2324.10009765625,768103,HINDUNILVR
2025-05-22 09:45:00+00:00,2330.699951171875,2332.300048828125,2329.5,2330.300048828125,234976,HINDUNILVR
2025-05-23 03:45:00+00:00,2350.5,2351.5,2330.199951171875,2334.199951171875,0,HINDUNILVR
2025-05-23 04:45:00+00:00,2361.0,2362.800048828125,2345.300048828125,2351.0,134051,HINDUNILVR
2025-05-23 05:45:00+00:00,2352.199951171875,2364.5,2351.699951171875,2361.0,133363,HINDUNILVR
2025-05-23 06:45:00+00:00,2350.300048828125,2357.5,2350.10009765625,2352.89990234375,75659,HINDUNILVR
2025-05-23 07:45:00+00:00,2350.39990234375,2356.300048828125,2349.5,2350.39990234375,64197,HINDUNILVR
2025-05-23 08:45:00+00:00,2359.699951171875,2360.0,2348.300048828125,2350.60009765625,212664,HINDUNILVR
2025-05-23 09:45:00+00:00,2357.0,2360.0,2352.39990234375,2359.699951171875,83475,HINDUNILVR
2025-05-26 03:45:00+00:00,2381.0,2381.800048828125,2367.5,2367.5,0,HINDUNILVR
2025-05-26 04:45:00+00:00,2388.0,2388.0,2376.5,2381.0,126873,HINDUNILVR
2025-05-26 05:45:00+00:00,2386.300048828125,2393.0,2383.199951171875,2388.699951171875,118807,HINDUNILVR
2025-05-26 06:45:00+00:00,2387.60009765625,2390.89990234375,2381.89990234375,2386.0,92231,HINDUNILVR
2025-05-26 07:45:00+00:00,2387.0,2389.300048828125,2382.0,2387.39990234375,68261,HINDUNILVR
2025-05-26 08:45:00+00:00,2395.0,2395.0,2385.89990234375,2387.39990234375,157178,HINDUNILVR
2025-05-26 09:45:00+00:00,2392.0,2397.300048828125,2392.0,2395.0,102304,HINDUNILVR
2025-05-27 03:45:00+00:00,2381.5,2395.0,2370.39990234375,2395.0,0,HINDUNILVR
2025-05-27 04:45:00+00:00,2395.199951171875,2409.0,2380.10009765625,2381.60009765625,201408,HINDUNILVR
2025-05-27 05:45:00+00:00,2395.0,2407.0,2390.0,2395.199951171875,145390,HINDUNILVR
2025-05-27 06:45:00+00:00,2374.300048828125,2396.0,2369.800048828125,2395.300048828125,304482,HINDUNILVR
2025-05-27 07:45:00+00:00,2366.10009765625,2376.300048828125,2361.699951171875,2374.300048828125,262174,HINDUNILVR
2025-05-27 08:45:00+00:00,2381.10009765625,2382.5,2360.60009765625,2366.60009765625,502297,HINDUNILVR
2025-05-27 09:45:00+00:00,2383.0,2383.199951171875,2378.5,2381.0,228915,HINDUNILVR
2025-05-28 03:45:00+00:00,2372.800048828125,2386.199951171875,2367.0,2386.199951171875,0,HINDUNILVR
2025-05-28 04:45:00+00:00,2368.10009765625,2374.60009765625,2365.800048828125,2372.5,64257,HINDUNILVR
2025-05-28 05:45:00+00:00,2371.5,2374.89990234375,2364.199951171875,2368.5,59253,HINDUNILVR
2025-05-28 06:45:00+00:00,2370.0,2374.60009765625,2367.10009765625,2371.5,67407,HINDUNILVR
2025-05-28 07:45:00+00:00,2370.0,2371.10009765625,2365.199951171875,2370.10009765625,126566,HINDUNILVR
2025-05-28 08:45:00+00:00,2364.0,2372.0,2364.0,2370.0,256753,HINDUNILVR
2025-05-28 09:45:00+00:00,2365.0,2366.0,2352.0,2363.199951171875,191246,HINDUNILVR
2025-05-29 03:45:00+00:00,2373.699951171875,2376.0,2356.0,2368.800048828125,0,HINDUNILVR
2025-05-29 04:45:00+00:00,2359.5,2375.199951171875,2358.0,2373.5,239048,HINDUNILVR
2025-05-29 05:45:00+00:00,2371.39990234375,2374.199951171875,2359.39990234375,2359.5,240828,HINDUNILVR
2025-05-29 06:45:00+00:00,2362.199951171875,2370.89990234375,2355.89990234375,2370.89990234375,116005,HINDUNILVR
2025-05-29 07:45:00+00:00,2360.0,2368.300048828125,2359.699951171875,2361.699951171875,70339,HINDUNILVR
2025-05-29 08:45:00+00:00,2367.5,2370.39990234375,2359.5,2360.0,224671,HINDUNILVR
2025-05-29 09:45:00+00:00,2366.699951171875,2370.0,2361.89990234375,2367.39990234375,90670,HINDUNILVR
2025-05-30 03:45:00+00:00,2368.5,2374.0,2360.10009765625,2361.10009765625,0,HINDUNILVR
2025-05-30 04:45:00+00:00,2360.89990234375,2367.89990234375,2359.300048828125,2367.60009765625,132371,HINDUNILVR
2025-05-30 05:45:00+00:00,2351.800048828125,2363.5,2351.0,2361.300048828125,165257,HINDUNILVR
2025-05-30 06:45:00+00:00,2354.60009765625,2358.39990234375,2350.800048828125,2351.800048828125,169232,HINDUNILVR
2025-05-30 07:45:00+00:00,2353.60009765625,2358.89990234375,2351.89990234375,2354.5,96299,HINDUNILVR
2025-05-30 08:45:00+00:00,2344.39990234375,2359.800048828125,2343.699951171875,2353.39990234375,1420426,HINDUNILVR
2025-05-30 09:45:00+00:00,2348.300048828125,2352.199951171875,2344.199951171875,2344.5,1112164,HINDUNILVR
2025-06-02 03:45:00+00:00,2367.0,2383.199951171875,2345.39990234375,2350.800048828125,0,HINDUNILVR
2025-06-02 04:45:00+00:00,2371.0,2374.89990234375,2363.89990234375,2366.89990234375,174594,HINDUNILVR
2025-06-02 05:45:00+00:00,2367.5,2372.5,2358.0,2372.0,146953,HINDUNILVR
2025-06-02 06:45:00+00:00,2368.89990234375,2373.199951171875,2365.300048828125,2367.5,63399,HINDUNILVR
2025-06-02 07:45:00+00:00,2369.300048828125,2371.60009765625,2364.5,2369.0,53129,HINDUNILVR
2025-06-02 08:45:00+00:00,2370.0,2378.699951171875,2365.0,2369.199951171875,268730,HINDUNILVR
2025-06-02 09:45:00+00:00,2370.699951171875,2371.60009765625,2365.10009765625,2370.699951171875,142950,HINDUNILVR
2025-06-03 03:45:00+00:00,2353.10009765625,2375.199951171875,2347.10009765625,2375.0,0,HINDUNILVR
2025-06-03 04:45:00+00:00,2349.0,2363.60009765625,2343.300048828125,2352.89990234375,229986,HINDUNILVR
2025-06-03 05:45:00+00:00,2349.800048828125,2357.0,2346.0,2348.60009765625,170391,HINDUNILVR
2025-06-03 06:45:00+00:00,2350.800048828125,2357.300048828125,2342.699951171875,2349.89990234375,244872,HINDUNILVR
2025-06-03 07:45:00+00:00,2355.0,2355.0,2349.0,2350.199951171875,105133,HINDUNILVR
2025-06-03 08:45:00+00:00,2351.10009765625,2356.0,2346.5,2355.10009765625,447206,HINDUNILVR
2025-06-03 09:45:00+00:00,2356.699951171875,2356.89990234375,2351.10009765625,2351.10009765625,172268,HINDUNILVR
2025-06-04 03:45:00+00:00,2347.10009765625,2361.0,2344.5,2355.300048828125,101989,HINDUNILVR
2025-06-04 04:45:00+00:00,2352.300048828125,2354.89990234375,2342.10009765625,2346.39990234375,177858,HINDUNILVR
2025-06-04 05:45:00+00:00,2352.89990234375,2354.699951171875,2350.10009765625,2352.300048828125,91238,HINDUNILVR
2025-06-04 06:45:00+00:00,2352.5,2354.10009765625,2346.300048828125,2352.89990234375,1598844,HINDUNILVR
2025-06-04 07:45:00+00:00,2351.5,2356.699951171875,2347.300048828125,2352.5,702322,HINDUNILVR
2025-06-04 08:45:00+00:00,2364.199951171875,2364.800048828125,2351.0,2351.0,414386,HINDUNILVR
2025-06-04 09:45:00+00:00,2364.5,2366.60009765625,2364.10009765625,2364.199951171875,201153,HINDUNILVR
2025-06-05 03:45:00+00:00,2359.699951171875,2369.39990234375,2350.0,2364.39990234375,0,HINDUNILVR
2025-06-05 04:45:00+00:00,2366.5,2366.5,2358.199951171875,2360.0,55489,HINDUNILVR
2025-06-05 05:45:00+00:00,2375.800048828125,2379.5,2362.39990234375,2366.800048828125,125722,HINDUNILVR
2025-06-05 06:45:00+00:00,2373.0,2380.0,2368.10009765625,2376.89990234375,279609,HINDUNILVR
2025-06-05 07:45:00+00:00,2363.60009765625,2371.5,2362.39990234375,2370.300048828125,328084,HINDUNILVR
2025-06-05 08:45:00+00:00,2376.5,2377.89990234375,2356.89990234375,2363.199951171875,593327,HINDUNILVR
2025-06-05 09:45:00+00:00,2376.39990234375,2379.10009765625,2375.0,2375.10009765625,0,HINDUNILVR
2025-06-06 03:45:00+00:00,2387.199951171875,2389.89990234375,2375.300048828125,2375.300048828125,116297,HINDUNILVR
2025-06-06 04:45:00+00:00,2384.300048828125,2391.5,2379.39990234375,2387.5,84402,HINDUNILVR
2025-06-06 05:45:00+00:00,2380.800048828125,2390.60009765625,2380.0,2383.800048828125,142045,HINDUNILVR
2025-06-06 06:45:00+00:00,2373.199951171875,2380.89990234375,2370.199951171875,2380.89990234375,163800,HINDUNILVR
2025-06-06 07:45:00+00:00,2380.10009765625,2382.800048828125,2371.699951171875,2373.199951171875,91545,HINDUNILVR
2025-06-06 08:45:00+00:00,2388.199951171875,2396.39990234375,2379.300048828125,2380.10009765625,276579,HINDUNILVR
2025-06-06 09:45:00+00:00,2389.0,2391.199951171875,2385.0,2388.199951171875,122701,HINDUNILVR
2025-06-09 03:45:00+00:00,2385.0,2397.0,2378.300048828125,2390.0,0,HINDUNILVR
2025-06-09 04:45:00+00:00,2395.199951171875,2397.5,2385.0,2385.60009765625,120669,HINDUNILVR
2025-06-09 05:45:00+00:00,2394.300048828125,2396.89990234375,2390.199951171875,2395.10009765625,266131,HINDUNILVR
2025-06-09 06:45:00+00:00,2390.5,2397.0,2390.5,2394.300048828125,113917,HINDUNILVR
2025-06-09 07:45:00+00:00,2391.60009765625,2397.10009765625,2388.199951171875,2390.300048828125,180106,HINDUNILVR
2025-06-09 08:45:00+00:00,2391.60009765625,2395.0,2389.300048828125,2391.800048828125,275187,HINDUNILVR
2025-06-09 09:45:00+00:00,2394.89990234375,2398.800048828125,2390.10009765625,2391.60009765625,104064,HINDUNILVR
2025-06-10 03:45:00+00:00,2386.0,2397.39990234375,2378.5,2394.60009765625,168400,HINDUNILVR
2025-06-10 04:45:00+00:00,2389.300048828125,2389.300048828125,2382.5,2386.0,127360,HINDUNILVR
2025-06-10 05:45:00+00:00,2392.199951171875,2396.5,2389.0,2389.300048828125,433999,HINDUNILVR
2025-06-10 06:45:00+00:00,2392.0,2394.300048828125,2388.89990234375,2392.199951171875,73484,HINDUNILVR
2025-06-10 07:45:00+00:00,2396.60009765625,2400.0,2392.0,2392.0,341733,HINDUNILVR
2025-06-10 08:45:00+00:00,2394.60009765625,2396.800048828125,2388.89990234375,2396.300048828125,383392,HINDUNILVR
2025-06-10 09:45:00+00:00,2395.199951171875,2397.800048828125,2390.5,2394.5,250290,HINDUNILVR
2025-06-11 03:45:00+00:00,2387.800048828125,2402.0,2386.0,2392.89990234375,0,HINDUNILVR
2025-06-11 04:45:00+00:00,2390.0,2393.10009765625,2386.10009765625,2387.800048828125,204643,HINDUNILVR
2025-06-11 05:45:00+00:00,2388.800048828125,2391.699951171875,2386.10009765625,2390.0,409195,HINDUNILVR
2025-06-11 06:45:00+00:00,2389.199951171875,2391.10009765625,2385.5,2389.0,165400,HINDUNILVR
2025-06-11 07:45:00+00:00,2381.39990234375,2390.0,2381.199951171875,2388.89990234375,171129,HINDUNILVR
2025-06-11 08:45:00+00:00,2378.39990234375,2383.10009765625,2374.5,2381.5,623196,HINDUNILVR
2025-06-11 09:45:00+00:00,2372.199951171875,2378.699951171875,2371.300048828125,2378.300048828125,222285,HINDUNILVR
2025-06-12 03:45:00+00:00,2350.10009765625,2380.0,2349.39990234375,2377.60009765625,413241,HINDUNILVR
2025-06-12 04:45:00+00:00,2355.10009765625,2357.39990234375,2349.300048828125,2350.0,200381,HINDUNILVR
2025-06-12 05:45:00+00:00,2346.0,2357.5,2344.0,2353.699951171875,685516,HINDUNILVR
2025-06-12 06:45:00+00:00,2344.5,2347.0,2340.0,2346.10009765625,193131,HINDUNILVR
2025-06-12 07:45:00+00:00,2334.300048828125,2348.0,2332.199951171875,2344.5,608940,HINDUNILVR
2025-06-12 08:45:00+00:00,2334.89990234375,2338.0,2324.60009765625,2334.699951171875,854662,HINDUNILVR
2025-06-12 09:45:00+00:00,2337.10009765625,2338.300048828125,2332.699951171875,2335.0,383170,HINDUNILVR
2025-06-13 03:45:00+00:00,2310.5,2324.0,2302.0,2309.800048828125,0,HINDUNILVR
2025-06-13 04:45:00+00:00,2306.60009765625,2315.0,2305.0,2310.10009765625,193505,HINDUNILVR
2025-06-13 05:45:00+00:00,2311.300048828125,2312.39990234375,2305.0,2307.0,137020,HINDUNILVR
2025-06-13 06:45:00+00:00,2315.89990234375,2316.60009765625,2311.39990234375,2311.39990234375,129755,HINDUNILVR
2025-06-13 07:45:00+00:00,2318.10009765625,2319.699951171875,2315.0,2316.0,118586,HINDUNILVR
2025-06-13 08:45:00+00:00,2319.199951171875,2321.89990234375,2315.0,2318.89990234375,455908,HINDUNILVR
2025-06-13 09:45:00+00:00,2319.0,2324.39990234375,2317.39990234375,2319.10009765625,229083,HINDUNILVR
2025-06-16 03:45:00+00:00,2328.800048828125,2331.199951171875,2314.39990234375,2317.800048828125,0,HINDUNILVR
2025-06-16 04:45:00+00:00,2329.699951171875,2332.89990234375,2326.699951171875,2328.800048828125,156869,HINDUNILVR
2025-06-16 05:45:00+00:00,2329.199951171875,2336.60009765625,2326.0,2330.0,139068,HINDUNILVR
2025-06-16 06:45:00+00:00,2324.0,2330.0,2323.300048828125,2329.0,82109,HINDUNILVR
2025-06-16 07:45:00+00:00,2327.60009765625,2328.800048828125,2322.60009765625,2323.60009765625,94539,HINDUNILVR
2025-06-16 08:45:00+00:00,2329.39990234375,2332.39990234375,2323.0,2327.699951171875,356773,HINDUNILVR
2025-06-16 09:45:00+00:00,2326.10009765625,2332.60009765625,2325.10009765625,2329.5,160818,HINDUNILVR
2025-06-17 03:45:00+00:00,2320.199951171875,2326.699951171875,2313.10009765625,2326.699951171875,0,HINDUNILVR
2025-06-17 04:45:00+00:00,2323.800048828125,2326.5,2319.800048828125,2320.60009765625,129857,HINDUNILVR
2025-06-17 05:45:00+00:00,2328.300048828125,2328.89990234375,2323.10009765625,2324.39990234375,60790,HINDUNILVR
2025-06-17 06:45:00+00:00,2324.300048828125,2329.0,2319.60009765625,2328.199951171875,153617,HINDUNILVR
2025-06-17 07:45:00+00:00,2325.199951171875,2327.39990234375,2321.39990234375,2324.199951171875,89213,HINDUNILVR
2025-06-17 08:45:00+00:00,2328.10009765625,2332.300048828125,2324.0,2324.800048828125,311821,HINDUNILVR
2025-06-17 09:45:00+00:00,2328.60009765625,2328.89990234375,2323.60009765625,2328.300048828125,0,HINDUNILVR
2025-06-18 03:45:00+00:00,2326.39990234375,2331.39990234375,2318.89990234375,2325.199951171875,139366,HINDUNILVR
2025-06-18 04:45:00+00:00,2313.0,2328.300048828125,2310.0,2326.60009765625,139399,HINDUNILVR
2025-06-18 05:45:00+00:00,2298.199951171875,2313.0,2296.0,2312.39990234375,539008,HINDUNILVR
2025-06-18 06:45:00+00:00,2302.0,2304.39990234375,2294.89990234375,2298.300048828125,304663,HINDUNILVR
2025-06-18 07:45:00+00:00,2294.60009765625,2304.89990234375,2293.699951171875,2301.89990234375,220003,HINDUNILVR
2025-06-18 08:45:00+00:00,2297.60009765625,2298.39990234375,2285.5,2294.699951171875,522821,HINDUNILVR
2025-06-18 09:45:00+00:00,2296.60009765625,2299.5,2295.0,2297.39990234375,191209,HINDUNILVR
2025-06-19 03:45:00+00:00,2300.10009765625,2307.800048828125,2292.0,2299.0,145121,HINDUNILVR
2025-06-19 04:45:00+00:00,2299.5,2303.800048828125,2295.60009765625,2300.199951171875,111976,HINDUNILVR
2025-06-19 05:45:00+00:00,2299.60009765625,2301.699951171875,2295.0,2299.5,161871,HINDUNILVR
2025-06-19 06:45:00+00:00,2301.60009765625,2304.0,2298.699951171875,2299.60009765625,109850,HINDUNILVR
2025-06-19 07:45:00+00:00,2302.199951171875,2305.699951171875,2300.10009765625,2301.699951171875,100729,HINDUNILVR
2025-06-19 08:45:00+00:00,2293.699951171875,2302.300048828125,2291.0,2302.300048828125,408521,HINDUNILVR
2025-06-19 09:45:00+00:00,2294.199951171875,2297.699951171875,2290.39990234375,2293.699951171875,175996,HINDUNILVR
2025-06-20 03:45:00+00:00,2302.199951171875,2305.0,2292.39990234375,2295.800048828125,0,HINDUNILVR
2025-06-20 04:45:00+00:00,2304.0,2311.800048828125,2303.60009765625,2304.0,126570,HINDUNILVR
2025-06-20 05:45:00+00:00,2301.0,2309.39990234375,2300.0,2304.0,198452,HINDUNILVR
2025-06-20 06:45:00+00:00,2301.89990234375,2304.5,2299.199951171875,2301.10009765625,206339,HINDUNILVR
2025-06-20 07:45:00+00:00,2303.0,2305.0,2299.60009765625,2302.199951171875,240239,HINDUNILVR
2025-06-20 08:45:00+00:00,2308.800048828125,2311.199951171875,2294.300048828125,2302.89990234375,1099667,HINDUNILVR
2025-06-20 09:45:00+00:00,2302.10009765625,2310.89990234375,2302.10009765625,2308.800048828125,690711,HINDUNILVR
2025-06-23 03:45:00+00:00,2265.0,2286.0,2259.60009765625,2283.10009765625,0,HINDUNILVR
2025-06-23 04:45:00+00:00,2266.800048828125,2269.699951171875,2262.0,2265.89990234375,79253,HINDUNILVR
2025-06-23 05:45:00+00:00,2270.199951171875,2271.89990234375,2266.199951171875,2266.800048828125,153031,HINDUNILVR
2025-06-23 06:45:00+00:00,2274.89990234375,2276.39990234375,2270.0,2270.300048828125,94220,HINDUNILVR
2025-06-23 07:45:00+00:00,2277.89990234375,2279.60009765625,2274.89990234375,2274.89990234375,64631,HINDUNILVR
2025-06-23 08:45:00+00:00,2273.60009765625,2279.60009765625,2273.60009765625,2277.89990234375,113638,HINDUNILVR
2025-06-23 09:45:00+00:00,2276.0,2276.89990234375,2272.39990234375,2273.800048828125,91354,HINDUNILVR
2025-06-24 03:45:00+00:00,2290.39990234375,2300.800048828125,2282.10009765625,2287.10009765625,257931,HINDUNILVR
2025-06-24 04:45:00+00:00,2290.5,2292.60009765625,2285.0,2291.10009765625,176419,HINDUNILVR
2025-06-24 05:45:00+00:00,2289.699951171875,2292.0,2287.0,2289.89990234375,221498,HINDUNILVR
2025-06-24 06:45:00+00:00,2278.10009765625,2290.0,2275.89990234375,2289.0,276679,HINDUNILVR
2025-06-24 07:45:00+00:00,2269.800048828125,2279.89990234375,2267.5,2277.5,436672,HINDUNILVR
2025-06-24 08:45:00+00:00,2262.699951171875,2271.89990234375,2260.300048828125,2269.89990234375,724457,HINDUNILVR
2025-06-24 09:45:00+00:00,2267.5,2268.5,2261.0,2261.800048828125,346749,HINDUNILVR
2025-06-25 03:45:00+00:00,2286.800048828125,2290.5,2276.89990234375,2277.60009765625,222463,HINDUNILVR
2025-06-25 04:45:00+00:00,2281.699951171875,2288.199951171875,2279.199951171875,2286.699951171875,105774,HINDUNILVR
2025-06-25 05:45:00+00:00,2275.10009765625,2282.60009765625,2275.0,2281.800048828125,94225,HINDUNILVR
2025-06-25 06:45:00+00:00,2277.0,2277.89990234375,2271.39990234375,2275.199951171875,141994,HINDUNILVR
2025-06-25 07:45:00+00:00,2280.0,2281.60009765625,2276.89990234375,2277.300048828125,116943,HINDUNILVR
2025-06-25 08:45:00+00:00,2278.800048828125,2281.199951171875,2273.0,2279.89990234375,240865,HINDUNILVR
2025-06-25 09:45:00+00:00,2277.89990234375,2278.89990234375,2275.89990234375,2278.89990234375,124196,HINDUNILVR
2025-06-26 03:45:00+00:00,2285.60009765625,2291.0,2279.199951171875,2288.699951171875,209477,HINDUNILVR
2025-06-26 04:45:00+00:00,2285.39990234375,2288.699951171875,2276.199951171875,2285.0,146808,HINDUNILVR
2025-06-26 05:45:00+00:00,2276.199951171875,2285.39990234375,2275.0,2285.39990234375,160605,HINDUNILVR
2025-06-26 06:45:00+00:00,2278.60009765625,2278.699951171875,2271.699951171875,2276.199951171875,161055,HINDUNILVR
2025-06-26 07:45:00+00:00,2280.300048828125,2285.0,2276.199951171875,2278.699951171875,277228,HINDUNILVR
2025-06-26 08:45:00+00:00,2279.89990234375,2284.199951171875,2276.0,2280.5,650990,HINDUNILVR
2025-06-26 09:45:00+00:00,2280.800048828125,2284.300048828125,2278.0,2280.0,0,HINDUNILVR
2025-06-27 03:45:00+00:00,2293.60009765625,2294.0,2283.5,2283.5,131379,HINDUNILVR
2025-06-27 04:45:00+00:00,2292.0,2296.800048828125,2290.0,2294.0,74230,HINDUNILVR
2025-06-27 05:45:00+00:00,2294.89990234375,2301.89990234375,2290.5,2292.199951171875,128363,HINDUNILVR
2025-06-27 06:45:00+00:00,2295.0,2295.89990234375,2293.39990234375,2294.89990234375,90987,HINDUNILVR
2025-06-27 07:45:00+00:00,2298.39990234375,2299.699951171875,2293.89990234375,2295.0,66811,HINDUNILVR
2025-06-27 08:45:00+00:00,2306.800048828125,2309.60009765625,2298.39990234375,2299.0,310316,HINDUNILVR
2025-06-27 09:45:00+00:00,2306.89990234375,2308.89990234375,2304.89990234375,2306.5,0,HINDUNILVR
2025-06-30 03:45:00+00:00,2307.300048828125,2317.0,2306.199951171875,2313.89990234375,0,HINDUNILVR
2025-06-30 04:45:00+00:00,2308.10009765625,2309.5,2302.0,2307.300048828125,82822,HINDUNILVR
2025-06-30 05:45:00+00:00,2308.5,2311.0,2306.0,2308.10009765625,194811,HINDUNILVR
2025-06-30 06:45:00+00:00,2290.300048828125,2308.800048828125,2290.10009765625,2308.60009765625,249972,HINDUNILVR
2025-06-30 07:45:00+00:00,2292.300048828125,2292.300048828125,2288.0,2290.300048828125,133137,HINDUNILVR
2025-06-30 08:45:00+00:00,2293.89990234375,2296.89990234375,2290.300048828125,2292.300048828125,362575,HINDUNILVR
2025-06-30 09:45:00+00:00,2294.60009765625,2296.199951171875,2291.89990234375,2293.800048828125,0,HINDUNILVR
2025-07-01 03:45:00+00:00,2302.0,2302.0,2291.5,2298.0,111892,HINDUNILVR
2025-07-01 04:45:00+00:00,2293.699951171875,2302.5,2290.60009765625,2302.5,63948,HINDUNILVR
2025-07-01 05:45:00+00:00,2295.0,2297.60009765625,2290.89990234375,2293.699951171875,74660,HINDUNILVR
2025-07-01 06:45:00+00:00,2292.39990234375,2297.5,2290.0,2295.0,84528,HINDUNILVR
2025-07-01 07:45:00+00:00,2291.300048828125,2296.199951171875,2291.0,2291.89990234375,76785,HINDUNILVR
2025-07-01 08:45:00+00:00,2294.800048828125,2295.0,2286.60009765625,2291.300048828125,235637,HINDUNILVR
2025-07-01 09:45:00+00:00,2295.5,2299.89990234375,2293.10009765625,2294.800048828125,112414,HINDUNILVR
2025-07-02 03:45:00+00:00,2293.0,2297.60009765625,2288.39990234375,2296.5,0,HINDUNILVR
2025-07-02 04:45:00+00:00,2290.300048828125,2294.199951171875,2288.5,2293.199951171875,57138,HINDUNILVR
2025-07-02 05:45:00+00:00,2299.0,2302.800048828125,2287.89990234375,2289.5,165881,HINDUNILVR
2025-07-02 06:45:00+00:00,2301.300048828125,2308.199951171875,2298.0,2299.0,195796,HINDUNILVR
2025-07-02 07:45:00+00:00,2299.60009765625,2302.199951171875,2295.0,2301.300048828125,175674,HINDUNILVR
2025-07-02 08:45:00+00:00,2307.60009765625,2309.0,2299.300048828125,2299.5,282490,HINDUNILVR
2025-07-02 09:45:00+00:00,2307.10009765625,2308.199951171875,2304.0,2308.0,0,HINDUNILVR
2025-07-03 03:45:00+00:00,2309.300048828125,2317.39990234375,2304.0,2310.0,160651,HINDUNILVR
2025-07-03 04:45:00+00:00,2318.60009765625,2320.800048828125,2309.10009765625,2309.5,123647,HINDUNILVR
2025-07-03 05:45:00+00:00,2321.0,2321.800048828125,2315.0,2318.60009765625,144348,HINDUNILVR
2025-07-03 06:45:00+00:00,2320.60009765625,2324.89990234375,2319.199951171875,2320.10009765625,85014,HINDUNILVR
2025-07-03 07:45:00+00:00,2320.10009765625,2326.5,2319.0,2320.0,194370,HINDUNILVR
2025-07-03 08:45:00+00:00,2314.199951171875,2320.39990234375,2308.0,2320.0,249923,HINDUNILVR
2025-07-03 09:45:00+00:00,2314.800048828125,2314.89990234375,2310.199951171875,2314.10009765625,102154,HINDUNILVR
2025-07-04 03:45:00+00:00,2321.0,2334.0,2312.60009765625,2312.60009765625,0,HINDUNILVR
2025-07-04 04:45:00+00:00,2328.10009765625,2330.699951171875,2321.0,2321.10009765625,303874,HINDUNILVR
2025-07-04 05:45:00+00:00,2325.10009765625,2328.89990234375,2321.10009765625,2328.89990234375,114308,HINDUNILVR
2025-07-04 06:45:00+00:00,2327.89990234375,2329.0,2325.0,2325.0,59786,HINDUNILVR
2025-07-04 07:45:00+00:00,2331.800048828125,2333.0,2327.10009765625,2328.39990234375,100080,HINDUNILVR
2025-07-04 08:45:00+00:00,2339.0,2340.89990234375,2330.10009765625,2331.10009765625,301590,HINDUNILVR
2025-07-04 09:45:00+00:00,2341.0,2341.0,2338.0,2339.10009765625,186581,HINDUNILVR
2025-07-07 03:45:00+00:00,2384.89990234375,2390.0,2347.699951171875,2347.699951171875,0,HINDUNILVR
2025-07-07 04:45:00+00:00,2400.0,2400.0,2384.10009765625,2384.699951171875,378086,HINDUNILVR
2025-07-07 05:45:00+00:00,2409.199951171875,2415.699951171875,2397.5,2400.0,536159,HINDUNILVR
2025-07-07 06:45:00+00:00,2410.60009765625,2413.0,2407.0,2410.39990234375,241706,HINDUNILVR
2025-07-07 07:45:00+00:00,2403.39990234375,2412.800048828125,2403.39990234375,2410.89990234375,244028,HINDUNILVR
2025-07-07 08:45:00+00:00,2411.0,2412.699951171875,2403.0,2403.89990234375,354279,HINDUNILVR
2025-07-07 09:45:00+00:00,2410.39990234375,2411.800048828125,2404.10009765625,2411.0,196319,HINDUNILVR
2025-07-08 03:45:00+00:00,2403.0,2418.199951171875,2402.699951171875,2409.10009765625,0,HINDUNILVR
2025-07-08 04:45:00+00:00,2401.0,2405.89990234375,2398.60009765625,2403.0,106448,HINDUNILVR
2025-07-08 05:45:00+00:00,2406.199951171875,2408.0,2398.10009765625,2401.199951171875,96612,HINDUNILVR
2025-07-08 06:45:00+00:00,2397.60009765625,2416.0,2396.5,2406.199951171875,235771,HINDUNILVR
2025-07-08 07:45:00+00:00,2392.800048828125,2399.300048828125,2386.0,2397.5,180526,HINDUNILVR
2025-07-08 08:45:00+00:00,2395.10009765625,2396.0,2390.0,2392.699951171875,402731,HINDUNILVR
2025-07-08 09:45:00+00:00,2400.0,2400.0,2390.0,2395.10009765625,232225,HINDUNILVR
2025-07-09 03:45:00+00:00,2421.0,2439.5,2405.699951171875,2405.699951171875,437547,HINDUNILVR
2025-07-09 04:45:00+00:00,2417.60009765625,2424.89990234375,2412.0,2421.5,200790,HINDUNILVR
2025-07-09 05:45:00+00:00,2431.699951171875,2432.5,2417.39990234375,2417.60009765625,249623,HINDUNILVR
2025-07-09 06:45:00+00:00,2430.39990234375,2432.89990234375,2426.10009765625,2431.699951171875,180628,HINDUNILVR
2025-07-09 07:45:00+00:00,2422.199951171875,2433.199951171875,2420.60009765625,2430.60009765625,194719,HINDUNILVR
2025-07-09 08:45:00+00:00,2421.60009765625,2428.199951171875,2419.60009765625,2422.199951171875,336401,HINDUNILVR
2025-07-09 09:45:00+00:00,2422.0,2424.800048828125,2420.0,2421.60009765625,141764,HINDUNILVR
2025-07-10 03:45:00+00:00,2419.5,2432.60009765625,2416.0,2426.60009765625,0,HINDUNILVR
2025-07-10 04:45:00+00:00,2424.39990234375,2429.199951171875,2413.199951171875,2419.199951171875,201927,HINDUNILVR
2025-07-10 05:45:00+00:00,2414.800048828125,2426.800048828125,2412.10009765625,2424.39990234375,78258,HINDUNILVR
2025-07-10 06:45:00+00:00,2404.89990234375,2418.0,2398.800048828125,2414.89990234375,114155,HINDUNILVR
2025-07-10 07:45:00+00:00,2409.10009765625,2415.0,2404.199951171875,2404.60009765625,109118,HINDUNILVR
2025-07-10 08:45:00+00:00,2409.0,2414.39990234375,2402.10009765625,2409.0,240557,HINDUNILVR
2025-07-10 09:45:00+00:00,2408.39990234375,2410.300048828125,2406.0,2409.0,0,HINDUNILVR
2025-07-11 03:45:00+00:00,2516.0,2529.89990234375,2463.800048828125,2475.800048828125,3051562,HINDUNILVR
2025-07-11 04:45:00+00:00,2522.0,2528.5,2514.10009765625,2516.10009765625,719309,HINDUNILVR
2025-07-11 05:45:00+00:00,2522.10009765625,2524.0,2516.10009765625,2522.0,424761,HINDUNILVR
2025-07-11 06:45:00+00:00,2521.39990234375,2525.5,2519.0,2522.60009765625,668561,HINDUNILVR
2025-07-11 07:45:00+00:00,2525.89990234375,2530.0,2513.39990234375,2521.39990234375,1105732,HINDUNILVR
2025-07-11 08:45:00+00:00,2520.199951171875,2526.39990234375,2516.0,2525.0,872883,HINDUNILVR
2025-07-11 09:45:00+00:00,2519.60009765625,2522.60009765625,2517.300048828125,2520.199951171875,0,HINDUNILVR
2025-07-14 03:45:00+00:00,2506.699951171875,2532.5,2493.300048828125,2506.800048828125,0,HINDUNILVR
2025-07-14 04:45:00+00:00,2508.199951171875,2514.89990234375,2505.39990234375,2506.60009765625,366297,HINDUNILVR
2025-07-14 05:45:00+00:00,2517.199951171875,2518.89990234375,2505.0,2508.10009765625,308748,HINDUNILVR
2025-07-14 06:45:00+00:00,2516.60009765625,2517.60009765625,2508.0,2517.199951171875,89547,HINDUNILVR
2025-07-14 07:45:00+00:00,2518.0,2521.0,2516.60009765625,2517.0,218542,HINDUNILVR
2025-07-14 08:45:00+00:00,2516.60009765625,2522.0,2511.199951171875,2518.0,607543,HINDUNILVR
2025-07-14 09:45:00+00:00,2516.60009765625,2521.300048828125,2512.89990234375,2516.699951171875,333746,HINDUNILVR
2025-07-15 03:45:00+00:00,2519.0,2527.60009765625,2516.10009765625,2523.89990234375,0,HINDUNILVR
2025-07-15 04:45:00+00:00,2521.89990234375,2524.699951171875,2510.199951171875,2519.39990234375,168941,HINDUNILVR
2025-07-15 05:45:00+00:00,2515.60009765625,2524.0,2515.60009765625,2521.60009765625,95623,HINDUNILVR
2025-07-15 06:45:00+00:00,2522.0,2525.300048828125,2514.199951171875,2515.60009765625,267724,HINDUNILVR
2025-07-15 07:45:00+00:00,2520.10009765625,2523.0,2517.699951171875,2522.0,204597,HINDUNILVR
2025-07-15 08:45:00+00:00,2527.199951171875,2529.89990234375,2519.800048828125,2520.0,447854,HINDUNILVR
2025-07-15 09:45:00+00:00,2524.699951171875,2527.89990234375,2524.300048828125,2527.199951171875,258785,HINDUNILVR
2025-07-16 03:45:00+00:00,2520.5,2526.39990234375,2514.800048828125,2526.39990234375,198839,HINDUNILVR
2025-07-16 04:45:00+00:00,2522.800048828125,2526.0,2517.60009765625,2521.39990234375,81717,HINDUNILVR
2025-07-16 05:45:00+00:00,2524.800048828125,2528.0,2520.60009765625,2523.699951171875,84741,HINDUNILVR
2025-07-16 06:45:00+00:00,2528.10009765625,2532.699951171875,2523.0,2524.800048828125,212663,HINDUNILVR
2025-07-16 07:45:00+00:00,2530.5,2532.300048828125,2526.5,2528.10009765625,114510,HINDUNILVR
2025-07-16 08:45:00+00:00,2516.89990234375,2531.699951171875,2515.0,2530.5,473897,HINDUNILVR
2025-07-16 09:45:00+00:00,2510.0,2517.699951171875,2507.5,2516.89990234375,117908,HINDUNILVR
2025-07-17 03:45:00+00:00,2517.39990234375,2522.60009765625,2508.0,2514.5,193333,HINDUNILVR
2025-07-17 04:45:00+00:00,2517.39990234375,2520.39990234375,2515.10009765625,2517.60009765625,105539,HINDUNILVR
2025-07-17 05:45:00+00:00,2520.89990234375,2523.5,2516.199951171875,2518.199951171875,61302,HINDUNILVR
2025-07-17 06:45:00+00:00,2522.39990234375,2525.0,2519.60009765625,2521.10009765625,66102,HINDUNILVR
2025-07-17 07:45:00+00:00,2521.800048828125,2525.39990234375,2518.199951171875,2522.199951171875,118541,HINDUNILVR
2025-07-17 08:45:00+00:00,2507.5,2523.39990234375,2506.199951171875,2522.39990234375,158579,HINDUNILVR
2025-07-17 09:45:00+00:00,2509.800048828125,2513.800048828125,2507.0,2507.60009765625,0,HINDUNILVR
2025-07-18 03:45:00+00:00,2498.300048828125,2512.60009765625,2494.199951171875,2512.60009765625,217803,HINDUNILVR
2025-07-18 04:45:00+00:00,2489.199951171875,2497.89990234375,2486.300048828125,2497.89990234375,84027,HINDUNILVR
2025-07-18 05:45:00+00:00,2489.300048828125,2492.699951171875,2487.5,2490.0,58172,HINDUNILVR
2025-07-18 06:45:00+00:00,2488.60009765625,2492.5,2486.199951171875,2489.300048828125,85436,HINDUNILVR
2025-07-18 07:45:00+00:00,2485.199951171875,2489.39990234375,2481.800048828125,2487.60009765625,88368,HINDUNILVR
2025-07-18 08:45:00+00:00,2489.0,2491.5,2483.199951171875,2484.800048828125,147882,HINDUNILVR
2025-07-18 09:45:00+00:00,2489.60009765625,2491.89990234375,2486.89990234375,2489.5,0,HINDUNILVR
2025-07-21 03:45:00+00:00,2484.10009765625,2489.699951171875,2470.800048828125,2485.0,0,HINDUNILVR
2025-07-21 04:45:00+00:00,2482.39990234375,2493.39990234375,2481.5,2483.699951171875,84624,HINDUNILVR
2025-07-21 05:45:00+00:00,2466.699951171875,2482.699951171875,2455.60009765625,2482.0,187742,HINDUNILVR
2025-07-21 06:45:00+00:00,2471.699951171875,2474.5,2464.10009765625,2466.699951171875,261338,HINDUNILVR
2025-07-21 07:45:00+00:00,2462.10009765625,2471.60009765625,2456.300048828125,2471.10009765625,192917,HINDUNILVR
2025-07-21 08:45:00+00:00,2467.89990234375,2467.89990234375,2459.10009765625,2462.10009765625,226457,HINDUNILVR
2025-07-21 09:45:00+00:00,2464.0,2467.10009765625,2462.0,2465.89990234375,99673,HINDUNILVR
2025-07-22 03:45:00+00:00,2458.800048828125,2467.5,2452.60009765625,2467.5,0,HINDUNILVR
2025-07-22 04:45:00+00:00,2461.39990234375,2467.0,2456.199951171875,2459.800048828125,75800,HINDUNILVR
2025-07-22 05:45:00+00:00,2466.800048828125,2468.0,2456.5,2461.5,131273,HINDUNILVR
2025-07-22 06:45:00+00:00,2471.10009765625,2474.39990234375,2465.5,2466.89990234375,166028,HINDUNILVR
2025-07-22 07:45:00+00:00,2478.89990234375,2479.0,2470.10009765625,2471.800048828125,108205,HINDUNILVR
2025-07-22 08:45:00+00:00,2479.60009765625,2485.0,2475.60009765625,2478.699951171875,226126,HINDUNILVR
2025-07-22 09:45:00+00:00,2480.60009765625,2482.5,2477.5,2479.39990234375,91284,HINDUNILVR
2025-07-23 03:45:00+00:00,2472.199951171875,2482.0,2464.89990234375,2480.39990234375,97702,HINDUNILVR
2025-07-23 04:45:00+00:00,2460.0,2471.199951171875,2457.5,2471.10009765625,48894,HINDUNILVR
2025-07-23 05:45:00+00:00,2456.39990234375,2462.0,2452.800048828125,2460.0,129515,HINDUNILVR
2025-07-23 06:45:00+00:00,2451.5,2458.199951171875,2451.300048828125,2455.60009765625,64731,HINDUNILVR
2025-07-23 07:45:00+00:00,2453.39990234375,2455.10009765625,2448.699951171875,2452.199951171875,284745,HINDUNILVR
2025-07-23 08:45:00+00:00,2450.0,2453.89990234375,2442.10009765625,2453.39990234375,487037,HINDUNILVR
2025-07-23 09:45:00+00:00,2455.699951171875,2457.39990234375,2448.60009765625,2449.699951171875,208041,HINDUNILVR
2025-07-24 03:45:00+00:00,2448.800048828125,2464.5,2445.60009765625,2459.800048828125,0,HINDUNILVR
2025-07-24 04:45:00+00:00,2448.300048828125,2449.800048828125,2441.89990234375,2448.5,45310,HINDUNILVR
2025-07-24 05:45:00+00:00,2427.10009765625,2451.89990234375,2421.0,2448.0,105445,HINDUNILVR
2025-07-24 06:45:00+00:00,2432.300048828125,2433.89990234375,2423.10009765625,2426.89990234375,106637,HINDUNILVR
2025-07-24 07:45:00+00:00,2437.800048828125,2439.0,2428.199951171875,2432.199951171875,87854,HINDUNILVR
2025-07-24 08:45:00+00:00,2440.0,2442.39990234375,2432.699951171875,2437.5,152714,HINDUNILVR
2025-07-24 09:45:00+00:00,2437.800048828125,2440.800048828125,2432.39990234375,2439.699951171875,0,HINDUNILVR
2025-07-25 03:45:00+00:00,2417.199951171875,2428.60009765625,2413.10009765625,2428.60009765625,130056,HINDUNILVR
2025-07-25 04:45:00+00:00,2417.5,2421.89990234375,2413.0,2417.0,82152,HINDUNILVR
2025-07-25 05:45:00+00:00,2408.5,2419.60009765625,2405.39990234375,2417.5,95737,HINDUNILVR
2025-07-25 06:45:00+00:00,2415.300048828125,2418.60009765625,2406.199951171875,2408.199951171875,94142,HINDUNILVR
2025-07-25 07:45:00+00:00,2409.800048828125,2417.39990234375,2407.199951171875,2415.39990234375,127067,HINDUNILVR
2025-07-25 08:45:00+00:00,2416.89990234375,2416.89990234375,2407.800048828125,2409.800048828125,158111,HINDUNILVR
2025-07-25 09:45:00+00:00,2417.0,2420.39990234375,2412.10009765625,2416.39990234375,81991,HINDUNILVR
2025-07-28 03:45:00+00:00,2440.60009765625,2440.60009765625,2412.699951171875,2419.300048828125,0,HINDUNILVR
2025-07-28 04:45:00+00:00,2443.0,2448.0,2440.10009765625,2440.39990234375,99689,HINDUNILVR
2025-07-28 05:45:00+00:00,2432.699951171875,2445.39990234375,2430.0,2443.0,119240,HINDUNILVR
2025-07-28 06:45:00+00:00,2424.300048828125,2434.10009765625,2419.800048828125,2432.699951171875,143481,HINDUNILVR
2025-07-28 07:45:00+00:00,2430.5,2431.60009765625,2422.0,2424.800048828125,201403,HINDUNILVR
2025-07-28 08:45:00+00:00,2441.300048828125,2441.800048828125,2430.0,2430.39990234375,221896,HINDUNILVR
2025-07-28 09:45:00+00:00,2441.60009765625,2447.5,2439.0,2441.10009765625,0,HINDUNILVR
2025-07-29 03:45:00+00:00,2441.39990234375,2455.199951171875,2438.300048828125,2444.60009765625,110513,HINDUNILVR
2025-07-29 04:45:00+00:00,2433.199951171875,2445.0,2430.0,2442.5,58520,HINDUNILVR
2025-07-29 05:45:00+00:00,2438.0,2441.0,2430.89990234375,2432.89990234375,77390,HINDUNILVR
2025-07-29 06:45:00+00:00,2441.0,2441.0,2436.199951171875,2437.5,72063,HINDUNILVR
2025-07-29 07:45:00+00:00,2450.0,2450.0,2439.800048828125,2440.89990234375,86006,HINDUNILVR
2025-07-29 08:45:00+00:00,2453.39990234375,2457.5,2448.89990234375,2450.0,213897,HINDUNILVR
2025-07-29 09:45:00+00:00,2453.60009765625,2457.10009765625,2449.800048828125,2453.300048828125,0,HINDUNILVR
2025-07-30 03:45:00+00:00,2435.300048828125,2446.39990234375,2410.10009765625,2442.10009765625,228930,HINDUNILVR
2025-07-30 04:45:00+00:00,2422.0,2436.300048828125,2416.10009765625,2434.89990234375,156312,HINDUNILVR
2025-07-30 05:45:00+00:00,2413.699951171875,2429.60009765625,2398.5,2422.0,173744,HINDUNILVR
2025-07-30 06:45:00+00:00,2436.300048828125,2438.89990234375,2413.60009765625,2413.699951171875,205762,HINDUNILVR
2025-07-30 07:45:00+00:00,2440.39990234375,2440.89990234375,2427.39990234375,2436.39990234375,118265,HINDUNILVR
2025-07-30 08:45:00+00:00,2439.10009765625,2450.10009765625,2433.300048828125,2440.10009765625,234167,HINDUNILVR
2025-07-30 09:45:00+00:00,2437.39990234375,2440.800048828125,2429.10009765625,2439.199951171875,0,HINDUNILVR
2025-07-31 03:45:00+00:00,2525.10009765625,2527.5,2423.5,2423.5,1509492,HINDUNILVR
2025-07-31 04:45:00+00:00,2524.89990234375,2536.39990234375,2515.0,2525.300048828125,1109104,HINDUNILVR
2025-07-31 05:45:00+00:00,2513.10009765625,2526.699951171875,2492.39990234375,2525.39990234375,990357,HINDUNILVR
2025-07-31 06:45:00+00:00,2530.199951171875,2534.0,2511.10009765625,2513.60009765625,501347,HINDUNILVR
2025-07-31 07:45:00+00:00,2538.0,2548.5,2529.60009765625,2530.39990234375,595959,HINDUNILVR
2025-07-31 08:45:00+00:00,2519.5,2543.199951171875,2516.699951171875,2538.0,568783,HINDUNILVR
2025-07-31 09:45:00+00:00,2525.0,2528.0,2517.800048828125,2519.0,230214,HINDUNILVR
2025-08-01 03:45:00+00:00,2591.699951171875,2725.699951171875,2575.699951171875,2575.699951171875,1832706,HINDUNILVR
2025-08-01 04:45:00+00:00,2564.199951171875,2600.0,2563.199951171875,2591.60009765625,589592,HINDUNILVR
2025-08-01 05:45:00+00:00,2557.0,2565.0,2549.39990234375,2564.199951171875,565547,HINDUNILVR
2025-08-01 06:45:00+00:00,2544.800048828125,2563.699951171875,2537.10009765625,2556.800048828125,412213,HINDUNILVR
2025-08-01 07:45:00+00:00,2547.60009765625,2554.800048828125,2542.0,2544.800048828125,133125,HINDUNILVR
2025-08-01 08:45:00+00:00,2552.300048828125,2560.89990234375,2546.0,2547.60009765625,497927,HINDUNILVR
2025-08-01 09:45:00+00:00,2553.699951171875,2556.300048828125,2546.800048828125,2552.199951171875,0,HINDUNILVR
2025-08-04 03:45:00+00:00,2555.800048828125,2582.800048828125,2551.39990234375,2553.699951171875,0,HINDUNILVR
2025-08-04 04:45:00+00:00,2549.300048828125,2559.199951171875,2547.5,2556.5,147166,HINDUNILVR
2025-08-04 05:45:00+00:00,2557.5,2558.0,2540.60009765625,2549.300048828125,176091,HINDUNILVR
2025-08-04 06:45:00+00:00,2547.300048828125,2558.800048828125,2545.60009765625,2557.5,116661,HINDUNILVR
2025-08-04 07:45:00+00:00,2544.39990234375,2547.300048828125,2535.60009765625,2547.300048828125,140683,HINDUNILVR
2025-08-04 08:45:00+00:00,2546.199951171875,2547.60009765625,2538.800048828125,2544.89990234375,259406,HINDUNILVR
2025-08-04 09:45:00+00:00,2543.699951171875,2548.0,2538.300048828125,2546.300048828125,0,HINDUNILVR
2025-08-05 03:45:00+00:00,2522.800048828125,2552.0,2520.800048828125,2543.60009765625,174839,HINDUNILVR
2025-08-05 04:45:00+00:00,2521.800048828125,2532.0,2517.60009765625,2523.300048828125,104094,HINDUNILVR
2025-08-05 05:45:00+00:00,2532.300048828125,2539.5,2520.800048828125,2521.800048828125,69755,HINDUNILVR
2025-08-05 06:45:00+00:00,2528.10009765625,2532.300048828125,2521.800048828125,2531.89990234375,90435,HINDUNILVR
2025-08-05 07:45:00+00:00,2529.800048828125,2532.39990234375,2525.0,2528.800048828125,64751,HINDUNILVR
2025-08-05 08:45:00+00:00,2534.199951171875,2535.89990234375,2523.5,2529.60009765625,153375,HINDUNILVR
2025-08-05 09:45:00+00:00,2534.699951171875,2538.89990234375,2532.39990234375,2536.0,98942,HINDUNILVR
2025-08-06 03:45:00+00:00,2546.89990234375,2548.199951171875,2531.39990234375,2533.699951171875,0,HINDUNILVR
2025-08-06 04:45:00+00:00,2538.60009765625,2562.699951171875,2537.10009765625,2547.39990234375,161387,HINDUNILVR
2025-08-06 05:45:00+00:00,2533.39990234375,2547.5,2532.5,2538.10009765625,96561,HINDUNILVR
2025-08-06 06:45:00+00:00,2534.0,2539.39990234375,2531.0,2533.300048828125,99542,HINDUNILVR
2025-08-06 07:45:00+00:00,2532.89990234375,2544.300048828125,2532.199951171875,2533.5,158686,HINDUNILVR
2025-08-06 08:45:00+00:00,2535.300048828125,2538.39990234375,2527.199951171875,2532.89990234375,138661,HINDUNILVR
2025-08-06 09:45:00+00:00,2535.60009765625,2541.0,2532.5,2534.199951171875,0,HINDUNILVR
2025-08-07 03:45:00+00:00,2521.699951171875,2544.0,2518.5,2535.699951171875,102697,HINDUNILVR
2025-08-07 04:45:00+00:00,2519.0,2525.0,2510.10009765625,2522.39990234375,79369,HINDUNILVR
2025-08-07 05:45:00+00:00,2514.199951171875,2522.300048828125,2511.0,2519.699951171875,65027,HINDUNILVR
2025-08-07 06:45:00+00:00,2498.89990234375,2515.199951171875,2495.0,2514.300048828125,80342,HINDUNILVR
2025-08-07 07:45:00+00:00,2506.39990234375,2508.89990234375,2495.800048828125,2498.300048828125,120843,HINDUNILVR
2025-08-07 08:45:00+00:00,2517.699951171875,2520.800048828125,2505.10009765625,2506.39990234375,236860,HINDUNILVR
2025-08-07 09:45:00+00:00,2516.0,2519.89990234375,2514.199951171875,2517.5,161661,HINDUNILVR
2025-08-08 03:45:00+00:00,2502.89990234375,2529.89990234375,2500.10009765625,2522.89990234375,73645,HINDUNILVR
2025-08-08 04:45:00+00:00,2505.39990234375,2508.199951171875,2499.5,2502.89990234375,46857,HINDUNILVR
2025-08-08 05:45:00+00:00,2509.5,2510.60009765625,2500.0,2505.10009765625,130567,HINDUNILVR
2025-08-08 06:45:00+00:00,2506.39990234375,2513.89990234375,2502.199951171875,2509.5,73954,HINDUNILVR
2025-08-08 07:45:00+00:00,2499.89990234375,2509.10009765625,2497.0,2506.10009765625,47527,HINDUNILVR
2025-08-08 08:45:00+00:00,2500.0,2503.0,2486.89990234375,2499.89990234375,297664,HINDUNILVR
2025-08-08 09:45:00+00:00,2498.60009765625,2501.89990234375,2496.199951171875,2499.89990234375,0,HINDUNILVR
2025-08-11 03:45:00+00:00,2492.5,2497.0,2478.60009765625,2493.39990234375,0,HINDUNILVR
2025-08-11 04:45:00+00:00,2493.60009765625,2496.39990234375,2486.10009765625,2491.60009765625,205481,HINDUNILVR
2025-08-11 05:45:00+00:00,2509.199951171875,2517.5,2489.89990234375,2491.800048828125,151182,HINDUNILVR
2025-08-11 06:45:00+00:00,2501.39990234375,2510.0,2498.5,2509.0,111129,HINDUNILVR
2025-08-11 07:45:00+00:00,2509.0,2510.0,2500.800048828125,2501.300048828125,109579,HINDUNILVR
2025-08-11 08:45:00+00:00,2520.800048828125,2520.89990234375,2507.60009765625,2508.89990234375,181101,HINDUNILVR
2025-08-11 09:45:00+00:00,2510.0,2524.39990234375,2508.10009765625,2520.699951171875,136747,HINDUNILVR
2025-08-12 03:45:00+00:00,2532.0,2536.199951171875,2512.800048828125,2518.0,152933,HINDUNILVR
2025-08-12 04:45:00+00:00,2509.0,2534.5,2504.800048828125,2531.800048828125,101426,HINDUNILVR
2025-08-12 05:45:00+00:00,2494.199951171875,2513.300048828125,2492.39990234375,2508.300048828125,326946,HINDUNILVR
2025-08-12 06:45:00+00:00,2493.199951171875,2500.0,2487.60009765625,2494.199951171875,207489,HINDUNILVR
2025-08-12 07:45:00+00:00,2491.0,2499.0,2490.0,2493.0,126348,HINDUNILVR
2025-08-12 08:45:00+00:00,2485.60009765625,2491.89990234375,2480.10009765625,2491.89990234375,343387,HINDUNILVR
2025-08-12 09:45:00+00:00,2483.800048828125,2487.0,2481.0,2485.60009765625,0,HINDUNILVR
2025-08-13 03:45:00+00:00,2483.300048828125,2496.800048828125,2479.199951171875,2490.0,81897,HINDUNILVR
2025-08-13 04:45:00+00:00,2482.0,2486.89990234375,2476.10009765625,2482.89990234375,97146,HINDUNILVR
2025-08-13 05:45:00+00:00,2480.300048828125,2484.800048828125,2474.5,2482.0,162470,HINDUNILVR
2025-08-13 06:45:00+00:00,2483.89990234375,2492.0,2479.300048828125,2480.300048828125,116005,HINDUNILVR
2025-08-13 07:45:00+00:00,2494.300048828125,2496.300048828125,2483.699951171875,2483.89990234375,123413,HINDUNILVR
2025-08-13 08:45:00+00:00,2492.89990234375,2501.5,2490.0,2495.199951171875,251157,HINDUNILVR
2025-08-13 09:45:00+00:00,2495.10009765625,2497.60009765625,2491.5,2492.89990234375,0,HINDUNILVR
2025-08-14 03:45:00+00:00,2500.39990234375,2502.300048828125,2492.699951171875,2497.0,63560,HINDUNILVR
2025-08-14 04:45:00+00:00,2508.199951171875,2508.300048828125,2497.60009765625,2500.0,183867,HINDUNILVR
2025-08-14 05:45:00+00:00,2500.300048828125,2508.5,2500.0,2508.199951171875,71210,HINDUNILVR
2025-08-14 06:45:00+00:00,2500.0,2503.0,2499.5,2500.0,145509,HINDUNILVR
2025-08-14 07:45:00+00:00,2482.0,2500.800048828125,2478.199951171875,2499.89990234375,202023,HINDUNILVR
2025-08-14 08:45:00+00:00,2479.5,2487.199951171875,2473.199951171875,2482.699951171875,329005,HINDUNILVR
2025-08-14 09:45:00+00:00,2480.60009765625,2481.5,2475.10009765625,2479.39990234375,0,HINDUNILVR
2025-08-18 03:45:00+00:00,2562.39990234375,2583.89990234375,2543.39990234375,2543.39990234375,38374,HINDUNILVR
2025-08-18 04:45:00+00:00,2581.10009765625,2584.0,2561.300048828125,2562.39990234375,256369,HINDUNILVR
2025-08-18 05:45:00+00:00,2569.5,2586.0,2563.10009765625,2582.39990234375,429791,HINDUNILVR
2025-08-18 06:45:00+00:00,2595.300048828125,2596.5,2568.39990234375,2570.199951171875,219428,HINDUNILVR
2025-08-18 07:45:00+00:00,2579.60009765625,2595.300048828125,2578.0,2595.300048828125,380128,HINDUNILVR
2025-08-18 08:45:00+00:00,2571.60009765625,2582.10009765625,2566.89990234375,2580.0,419164,HINDUNILVR
2025-08-18 09:45:00+00:00,2565.0,2571.10009765625,2563.60009765625,2570.89990234375,239902,HINDUNILVR
2025-08-19 03:45:00+00:00,2565.0,2578.0,2558.39990234375,2569.199951171875,214825,HINDUNILVR
2025-08-19 04:45:00+00:00,2568.0,2568.5,2562.5,2565.800048828125,76109,HINDUNILVR
2025-08-19 05:45:00+00:00,2572.199951171875,2574.699951171875,2567.89990234375,2567.89990234375,135248,HINDUNILVR
2025-08-19 06:45:00+00:00,2584.5,2586.60009765625,2571.0,2572.300048828125,184239,HINDUNILVR
2025-08-19 07:45:00+00:00,2594.89990234375,2598.699951171875,2583.800048828125,2584.39990234375,167485,HINDUNILVR
2025-08-19 08:45:00+00:00,2601.699951171875,2603.199951171875,2592.89990234375,2594.800048828125,294833,HINDUNILVR
2025-08-19 09:45:00+00:00,2604.800048828125,2614.0,2601.10009765625,2601.699951171875,0,HINDUNILVR
2025-08-20 03:45:00+00:00,2633.60009765625,2644.89990234375,2588.800048828125,2595.0,432345,HINDUNILVR
2025-08-20 04:45:00+00:00,2650.0,2657.5,2633.60009765625,2633.800048828125,519833,HINDUNILVR
2025-08-20 05:45:00+00:00,2661.60009765625,2664.0,2649.10009765625,2650.0,208275,HINDUNILVR
2025-08-20 06:45:00+00:00,2671.10009765625,2676.89990234375,2659.0,2661.39990234375,297858,HINDUNILVR
2025-08-20 07:45:00+00:00,2672.0,2679.0,2664.10009765625,2670.89990234375,309166,HINDUNILVR
2025-08-20 08:45:00+00:00,2668.5,2674.300048828125,2666.300048828125,2672.0,622070,HINDUNILVR
2025-08-20 09:45:00+00:00,2671.60009765625,2677.89990234375,2662.0,2668.5,765983,HINDUNILVR
2025-08-21 03:45:00+00:00,2640.300048828125,2662.89990234375,2627.5,2660.0,518804,HINDUNILVR
2025-08-21 04:45:00+00:00,2643.39990234375,2647.199951171875,2638.10009765625,2640.39990234375,165128,HINDUNILVR
2025-08-21 05:45:00+00:00,2645.0,2647.0,2640.89990234375,2643.39990234375,213662,HINDUNILVR
2025-08-21 06:45:00+00:00,2659.60009765625,2660.0,2642.39990234375,2645.39990234375,428011,HINDUNILVR
2025-08-21 07:45:00+00:00,2650.699951171875,2662.5,2649.699951171875,2659.60009765625,220026,HINDUNILVR
2025-08-21 08:45:00+00:00,2648.0,2654.0,2642.89990234375,2650.0,387431,HINDUNILVR
2025-08-21 09:45:00+00:00,2648.0,2654.199951171875,2638.39990234375,2648.0,302348,HINDUNILVR
2025-08-22 03:45:00+00:00,2631.5,2657.300048828125,2628.5,2644.0,0,HINDUNILVR
2025-08-22 04:45:00+00:00,2629.800048828125,2633.199951171875,2625.0,2631.800048828125,99201,HINDUNILVR
2025-08-22 05:45:00+00:00,2628.60009765625,2637.89990234375,2627.60009765625,2629.800048828125,243433,HINDUNILVR
2025-08-22 06:45:00+00:00,2628.60009765625,2630.0,2619.199951171875,2628.60009765625,121966,HINDUNILVR
2025-08-22 07:45:00+00:00,2625.5,2631.300048828125,2625.5,2628.60009765625,135900,HINDUNILVR
2025-08-22 08:45:00+00:00,2630.699951171875,2632.0,2619.39990234375,2625.5,276554,HINDUNILVR
2025-08-22 09:45:00+00:00,2630.0,2631.89990234375,2625.199951171875,2630.0,164332,HINDUNILVR
2025-08-25 03:45:00+00:00,2621.0,2640.199951171875,2616.10009765625,2639.60009765625,0,HINDUNILVR
2025-08-25 04:45:00+00:00,2627.0,2630.0,2615.699951171875,2620.800048828125,78532,HINDUNILVR
2025-08-25 05:45:00+00:00,2632.0,2633.0,2623.0,2627.199951171875,59695,HINDUNILVR
2025-08-25 06:45:00+00:00,2635.800048828125,2638.699951171875,2630.800048828125,2632.0,82185,HINDUNILVR
2025-08-25 07:45:00+00:00,2634.39990234375,2638.0,2632.60009765625,2635.60009765625,96162,HINDUNILVR
2025-08-25 08:45:00+00:00,2630.0,2636.39990234375,2629.199951171875,2634.39990234375,163088,HINDUNILVR
2025-08-25 09:45:00+00:00,2628.0,2631.39990234375,2626.199951171875,2630.0,47037,HINDUNILVR
2025-08-26 03:45:00+00:00,2651.300048828125,2659.699951171875,2626.800048828125,2629.800048828125,407983,HINDUNILVR
2025-08-26 04:45:00+00:00,2663.0,2668.800048828125,2648.39990234375,2651.39990234375,367978,HINDUNILVR
2025-08-26 05:45:00+00:00,2690.199951171875,2691.800048828125,2662.800048828125,2663.199951171875,504076,HINDUNILVR
2025-08-26 06:45:00+00:00,2690.5,2699.39990234375,2686.0,2690.10009765625,674674,HINDUNILVR
2025-08-26 07:45:00+00:00,2696.0,2704.699951171875,2687.800048828125,2690.39990234375,636683,HINDUNILVR
2025-08-26 08:45:00+00:00,2691.89990234375,2700.60009765625,2685.199951171875,2695.5,1247274,HINDUNILVR
2025-08-26 09:45:00+00:00,2693.0,2694.800048828125,2688.199951171875,2691.89990234375,509858,HINDUNILVR
2025-08-28 03:45:00+00:00,2670.39990234375,2725.0,2665.0,2724.60009765625,0,HINDUNILVR
2025-08-28 04:45:00+00:00,2673.89990234375,2679.300048828125,2669.10009765625,2670.699951171875,288509,HINDUNILVR
2025-08-28 05:45:00+00:00,2678.199951171875,2683.0,2671.39990234375,2673.699951171875,173873,HINDUNILVR
2025-08-28 06:45:00+00:00,2670.0,2680.60009765625,2667.800048828125,2679.10009765625,187650,HINDUNILVR
2025-08-28 07:45:00+00:00,2660.60009765625,2670.10009765625,2652.89990234375,2670.10009765625,214076,HINDUNILVR
2025-08-28 08:45:00+00:00,2654.5,2663.0,2648.10009765625,2660.10009765625,833123,HINDUNILVR
2025-08-28 09:45:00+00:00,2654.39990234375,2655.0,2647.199951171875,2654.10009765625,219229,HINDUNILVR
2025-08-29 03:45:00+00:00,2644.39990234375,2723.0,2641.39990234375,2667.300048828125,0,HINDUNILVR
2025-08-29 04:45:00+00:00,2660.300048828125,2662.5,2643.300048828125,2644.10009765625,320496,HINDUNILVR
2025-08-29 05:45:00+00:00,2677.800048828125,2678.0,2658.0,2659.5,123135,HINDUNILVR
2025-08-29 06:45:00+00:00,2667.699951171875,2680.60009765625,2667.199951171875,2677.60009765625,196579,HINDUNILVR
2025-08-29 07:45:00+00:00,2659.199951171875,2670.0,2651.10009765625,2667.699951171875,224333,HINDUNILVR
2025-08-29 08:45:00+00:00,2656.300048828125,2667.0,2655.699951171875,2659.199951171875,356649,HINDUNILVR
2025-08-29 09:45:00+00:00,2656.10009765625,2661.39990234375,2655.5,2656.39990234375,227111,HINDUNILVR
2025-09-01 03:45:00+00:00,2640.0,2660.39990234375,2639.89990234375,2659.0,0,HINDUNILVR
2025-09-01 04:45:00+00:00,2665.0,2672.89990234375,2640.0,2640.199951171875,326096,HINDUNILVR
2025-09-01 05:45:00+00:00,2655.89990234375,2665.0,2652.0,2665.0,76143,HINDUNILVR
2025-09-01 06:45:00+00:00,2653.60009765625,2661.5,2649.800048828125,2655.89990234375,85173,HINDUNILVR
2025-09-01 07:45:00+00:00,2659.60009765625,2660.39990234375,2652.60009765625,2653.60009765625,66406,HINDUNILVR
2025-09-01 08:45:00+00:00,2651.199951171875,2659.699951171875,2647.199951171875,2659.5,319327,HINDUNILVR
2025-09-01 09:45:00+00:00,2649.5,2651.10009765625,2645.0,2651.10009765625,73919,HINDUNILVR
2025-09-02 03:45:00+00:00,2681.10009765625,2687.300048828125,2652.699951171875,2654.10009765625,0,HINDUNILVR
2025-09-02 04:45:00+00:00,2680.60009765625,2687.0,2678.10009765625,2681.0,127713,HINDUNILVR
2025-09-02 05:45:00+00:00,2683.39990234375,2689.699951171875,2676.199951171875,2680.699951171875,222317,HINDUNILVR
2025-09-02 06:45:00+00:00,2687.60009765625,2692.39990234375,2683.0,2684.0,282205,HINDUNILVR
2025-09-02 07:45:00+00:00,2678.89990234375,2691.0,2676.300048828125,2687.10009765625,142815,HINDUNILVR
2025-09-02 08:45:00+00:00,2677.89990234375,2686.699951171875,2672.5,2678.5,334764,HINDUNILVR
2025-09-02 09:45:00+00:00,2678.10009765625,2684.60009765625,2673.0,2677.89990234375,181840,HINDUNILVR
2025-09-03 03:45:00+00:00,2669.10009765625,2678.300048828125,2658.39990234375,2678.300048828125,0,HINDUNILVR
2025-09-03 04:45:00+00:00,2670.800048828125,2676.0,2667.39990234375,2669.699951171875,124219,HINDUNILVR
2025-09-03 05:45:00+00:00,2676.5,2678.800048828125,2664.800048828125,2671.0,107925,HINDUNILVR
2025-09-03 06:45:00+00:00,2674.10009765625,2676.800048828125,2669.0,2676.800048828125,92330,HINDUNILVR
2025-09-03 07:45:00+00:00,2667.300048828125,2676.5,2666.5,2674.5,86947,HINDUNILVR
2025-09-03 08:45:00+00:00,2662.5,2667.699951171875,2658.300048828125,2667.300048828125,196863,HINDUNILVR
2025-09-03 09:45:00+00:00,2660.5,2670.0,2659.699951171875,2662.5,186852,HINDUNILVR
2025-09-04 03:45:00+00:00,2701.5,2737.300048828125,2691.800048828125,2737.300048828125,1084543,HINDUNILVR
2025-09-04 04:45:00+00:00,2670.699951171875,2707.0,2665.0,2700.39990234375,257644,HINDUNILVR
2025-09-04 05:45:00+00:00,2677.199951171875,2685.0,2670.699951171875,2671.0,128990,HINDUNILVR
2025-09-04 06:45:00+00:00,2687.0,2689.300048828125,2671.5,2677.0,123995,HINDUNILVR
2025-09-04 07:45:00+00:00,2684.89990234375,2689.60009765625,2679.0,2686.699951171875,122721,HINDUNILVR
2025-09-04 08:45:00+00:00,2666.699951171875,2685.199951171875,2661.0,2685.0,565328,HINDUNILVR
2025-09-04 09:45:00+00:00,2666.60009765625,2669.89990234375,2656.199951171875,2666.699951171875,211208,HINDUNILVR
2025-09-05 03:45:00+00:00,2655.0,2672.199951171875,2645.800048828125,2670.5,0,HINDUNILVR
2025-09-05 04:45:00+00:00,2644.300048828125,2661.39990234375,2641.10009765625,2654.699951171875,141910,HINDUNILVR
2025-09-05 05:45:00+00:00,2633.5,2645.199951171875,2633.300048828125,2644.300048828125,87844,HINDUNILVR
2025-09-05 06:45:00+00:00,2639.699951171875,2639.699951171875,2624.89990234375,2633.60009765625,86626,HINDUNILVR
2025-09-05 07:45:00+00:00,2640.5,2646.0,2635.39990234375,2640.0,125933,HINDUNILVR
2025-09-05 08:45:00+00:00,2635.5,2645.0,2633.0,2640.10009765625,200585,HINDUNILVR
2025-09-05 09:45:00+00:00,2628.0,2636.5,2626.10009765625,2635.5,117621,HINDUNILVR
2025-09-08 03:45:00+00:00,2637.199951171875,2644.300048828125,2626.10009765625,2639.699951171875,0,HINDUNILVR
2025-09-08 04:45:00+00:00,2629.0,2637.199951171875,2626.10009765625,2635.60009765625,69667,HINDUNILVR
2025-09-08 05:45:00+00:00,2631.300048828125,2634.699951171875,2626.89990234375,2629.0,70972,HINDUNILVR
2025-09-08 06:45:00+00:00,2625.0,2636.300048828125,2623.699951171875,2631.39990234375,112588,HINDUNILVR
2025-09-08 07:45:00+00:00,2629.89990234375,2630.5,2623.39990234375,2625.0,83066,HINDUNILVR
2025-09-08 08:45:00+00:00,2623.10009765625,2635.0,2618.800048828125,2630.39990234375,213217,HINDUNILVR
2025-09-08 09:45:00+00:00,2629.0,2629.800048828125,2622.10009765625,2623.39990234375,116774,HINDUNILVR
2025-09-09 03:45:00+00:00,2627.5,2635.60009765625,2611.300048828125,2635.60009765625,142503,HINDUNILVR
2025-09-09 04:45:00+00:00,2632.0,2632.5,2619.300048828125,2627.300048828125,68981,HINDUNILVR
2025-09-09 05:45:00+00:00,2628.39990234375,2634.199951171875,2625.0,2632.5,77365,HINDUNILVR
2025-09-09 06:45:00+00:00,2626.699951171875,2629.89990234375,2621.800048828125,2628.60009765625,101608,HINDUNILVR
2025-09-09 07:45:00+00:00,2635.699951171875,2637.0,2625.60009765625,2626.699951171875,373421,HINDUNILVR
2025-09-09 08:45:00+00:00,2644.39990234375,2644.39990234375,2632.60009765625,2635.0,604830,HINDUNILVR
2025-09-09 09:45:00+00:00,2642.0,2646.10009765625,2638.5,2644.39990234375,242246,HINDUNILVR
2025-09-10 03:45:00+00:00,2633.10009765625,2652.0,2631.199951171875,2646.0,0,HINDUNILVR
2025-09-10 04:45:00+00:00,2624.0,2633.300048828125,2620.0,2633.10009765625,78496,HINDUNILVR
2025-09-10 05:45:00+00:00,2631.199951171875,2633.39990234375,2622.0,2623.89990234375,132045,HINDUNILVR
2025-09-10 06:45:00+00:00,2634.0,2637.39990234375,2629.800048828125,2631.199951171875,101801,HINDUNILVR
2025-09-10 07:45:00+00:00,2637.89990234375,2641.0,2631.300048828125,2633.89990234375,94286,HINDUNILVR
2025-09-10 08:45:00+00:00,2643.0,2644.300048828125,2633.10009765625,2638.0,281579,HINDUNILVR
2025-09-10 09:45:00+00:00,2643.5,2647.199951171875,2641.60009765625,2643.0,131695,HINDUNILVR
2025-09-11 03:45:00+00:00,2635.5,2657.60009765625,2633.0,2643.89990234375,0,HINDUNILVR
2025-09-11 04:45:00+00:00,2634.800048828125,2646.0,2633.10009765625,2635.60009765625,99749,HINDUNILVR
2025-09-11 05:45:00+00:00,2637.39990234375,2643.0,2630.89990234375,2634.800048828125,79933,HINDUNILVR
2025-09-11 06:45:00+00:00,2632.89990234375,2641.300048828125,2632.0,2638.10009765625,109551,HINDUNILVR
2025-09-11 07:45:00+00:00,2640.89990234375,2641.0,2631.199951171875,2632.89990234375,101979,HINDUNILVR
2025-09-11 08:45:00+00:00,2622.89990234375,2641.89990234375,2614.199951171875,2640.89990234375,511325,HINDUNILVR
2025-09-11 09:45:00+00:00,2626.800048828125,2628.10009765625,2619.0,2622.89990234375,174126,HINDUNILVR
2025-09-12 03:45:00+00:00,2597.60009765625,2625.0,2585.199951171875,2625.0,0,HINDUNILVR
2025-09-12 04:45:00+00:00,2586.0,2596.89990234375,2584.0,2596.89990234375,169247,HINDUNILVR
2025-09-12 05:45:00+00:00,2581.0,2588.0,2580.0,2585.39990234375,151989,HINDUNILVR
2025-09-12 06:45:00+00:00,2578.0,2584.0,2569.0,2581.0,330054,HINDUNILVR
2025-09-12 07:45:00+00:00,2583.89990234375,2585.5,2576.60009765625,2578.0,172087,HINDUNILVR
2025-09-12 08:45:00+00:00,2579.89990234375,2585.0,2575.89990234375,2583.800048828125,255381,HINDUNILVR
2025-09-12 09:45:00+00:00,2580.5,2583.800048828125,2578.89990234375,2578.89990234375,87364,HINDUNILVR
2025-09-15 03:45:00+00:00,2576.89990234375,2589.0,2568.39990234375,2585.0,0,HINDUNILVR
2025-09-15 04:45:00+00:00,2571.0,2579.39990234375,2570.0,2576.89990234375,32768,HINDUNILVR
2025-09-15 05:45:00+00:00,2582.89990234375,2583.0,2570.300048828125,2571.60009765625,60986,HINDUNILVR
2025-09-15 06:45:00+00:00,2580.5,2586.89990234375,2577.60009765625,2582.89990234375,144026,HINDUNILVR
2025-09-15 07:45:00+00:00,2584.0,2589.0,2578.199951171875,2581.699951171875,80873,HINDUNILVR
2025-09-15 08:45:00+00:00,2580.800048828125,2593.39990234375,2579.10009765625,2584.199951171875,240107,HINDUNILVR
2025-09-15 09:45:00+00:00,2582.89990234375,2582.89990234375,2578.0,2581.0,78497,HINDUNILVR
2025-09-16 03:45:00+00:00,2583.0,2590.0,2574.0,2583.5,97901,HINDUNILVR
2025-09-16 04:45:00+00:00,2582.5,2585.0,2581.5,2583.5,24953,HINDUNILVR
2025-09-16 05:45:00+00:00,2580.300048828125,2583.89990234375,2578.0,2582.5,15929,HINDUNILVR
2025-09-16 09:45:00+00:00,2580.89990234375,2589.60009765625,2580.0,2584.89990234375,0,HINDUNILVR
2025-09-17 03:45:00+00:00,2576.89990234375,2590.5,2571.39990234375,2585.39990234375,111298,HINDUNILVR
2025-09-17 04:45:00+00:00,2583.0,2584.5,2574.10009765625,2576.89990234375,80584,HINDUNILVR
2025-09-17 05:45:00+00:00,2576.5,2584.5,2575.10009765625,2583.0,68357,HINDUNILVR
2025-09-17 06:45:00+00:00,2576.10009765625,2582.0,2575.0,2575.5,136587,HINDUNILVR
2025-09-17 07:45:00+00:00,2573.0,2579.10009765625,2571.10009765625,2575.199951171875,201933,HINDUNILVR
2025-09-17 08:45:00+00:00,2568.199951171875,2574.10009765625,2567.0,2572.800048828125,276699,HINDUNILVR
2025-09-17 09:45:00+00:00,2574.89990234375,2574.89990234375,2568.10009765625,2568.199951171875,94698,HINDUNILVR
2025-09-18 03:45:00+00:00,2600.300048828125,2601.0,2570.89990234375,2570.89990234375,0,HINDUNILVR
2025-09-18 04:45:00+00:00,2599.0,2609.89990234375,2598.10009765625,2600.39990234375,135527,HINDUNILVR
2025-09-18 05:45:00+00:00,2589.10009765625,2598.699951171875,2589.0,2596.800048828125,170490,HINDUNILVR
2025-09-18 06:45:00+00:00,2586.5,2594.5,2581.60009765625,2590.0,177035,HINDUNILVR
2025-09-18 07:45:00+00:00,2580.0,2587.10009765625,2578.199951171875,2586.5,182960,HINDUNILVR
2025-09-18 08:45:00+00:00,2587.60009765625,2590.89990234375,2577.0,2580.0,455640,HINDUNILVR
2025-09-18 09:45:00+00:00,2584.10009765625,2589.699951171875,2580.0,2587.800048828125,210985,HINDUNILVR
2025-09-19 03:45:00+00:00,2577.5,2604.699951171875,2570.0,2595.0,0,HINDUNILVR
2025-09-19 04:45:00+00:00,2576.89990234375,2579.89990234375,2574.0,2577.10009765625,54906,HINDUNILVR
2025-09-19 05:45:00+00:00,2566.0,2579.0,2564.10009765625,2577.0,105380,HINDUNILVR
2025-09-19 06:45:00+00:00,2568.0,2570.5,2564.300048828125,2564.60009765625,130263,HINDUNILVR
2025-09-19 07:45:00+00:00,2567.39990234375,2569.199951171875,2564.10009765625,2568.199951171875,174039,HINDUNILVR
2025-09-19 08:45:00+00:00,2556.60009765625,2569.199951171875,2555.5,2567.39990234375,810776,HINDUNILVR
2025-09-19 09:45:00+00:00,2559.60009765625,2567.0,2555.699951171875,2556.300048828125,586323,HINDUNILVR
2025-09-22 03:45:00+00:00,2573.800048828125,2574.89990234375,2560.199951171875,2568.5,0,HINDUNILVR
2025-09-22 04:45:00+00:00,2574.0,2575.89990234375,2570.0,2573.199951171875,70091,HINDUNILVR
2025-09-22 05:45:00+00:00,2577.10009765625,2579.89990234375,2571.800048828125,2574.60009765625,98402,HINDUNILVR
2025-09-22 06:45:00+00:00,2583.0,2587.199951171875,2576.39990234375,2577.10009765625,174637,HINDUNILVR
2025-09-22 07:45:00+00:00,2573.800048828125,2584.39990234375,2567.60009765625,2584.39990234375,241401,HINDUNILVR
2025-09-22 08:45:00+00:00,2571.199951171875,2577.300048828125,2568.39990234375,2572.800048828125,304787,HINDUNILVR
2025-09-22 09:45:00+00:00,2572.199951171875,2573.89990234375,2568.5,2571.0,104245,HINDUNILVR
2025-09-23 03:45:00+00:00,2556.300048828125,2575.10009765625,2554.10009765625,2570.89990234375,0,HINDUNILVR
2025-09-23 04:45:00+00:00,2535.60009765625,2556.300048828125,2533.300048828125,2556.300048828125,134889,HINDUNILVR
2025-09-23 05:45:00+00:00,2543.699951171875,2544.0,2531.800048828125,2535.800048828125,137271,HINDUNILVR
2025-09-23 06:45:00+00:00,2535.5,2547.199951171875,2534.199951171875,2543.699951171875,204960,HINDUNILVR
2025-09-23 07:45:00+00:00,2526.0,2539.199951171875,2525.300048828125,2535.10009765625,248412,HINDUNILVR
2025-09-23 08:45:00+00:00,2521.89990234375,2527.699951171875,2520.300048828125,2526.0,428083,HINDUNILVR
2025-09-23 09:45:00+00:00,2522.199951171875,2524.89990234375,2518.199951171875,2522.0,169880,HINDUNILVR
2025-09-24 03:45:00+00:00,2530.60009765625,2535.5,2511.39990234375,2524.89990234375,0,HINDUNILVR
2025-09-24 04:45:00+00:00,2537.89990234375,2549.39990234375,2531.0,2531.0,267821,HINDUNILVR
2025-09-24 05:45:00+00:00,2566.0,2569.60009765625,2537.89990234375,2537.89990234375,312570,HINDUNILVR
2025-09-24 06:45:00+00:00,2572.39990234375,2575.89990234375,2565.39990234375,2566.0,264167,HINDUNILVR
2025-09-24 07:45:00+00:00,2566.89990234375,2575.89990234375,2566.0,2572.39990234375,225585,HINDUNILVR
2025-09-24 08:45:00+00:00,2548.39990234375,2567.10009765625,2545.10009765625,2566.60009765625,519529,HINDUNILVR
2025-09-24 09:45:00+00:00,2549.5,2556.89990234375,2548.800048828125,2548.800048828125,139069,HINDUNILVR
2025-09-25 03:45:00+00:00,2554.60009765625,2567.5,2546.300048828125,2546.300048828125,0,HINDUNILVR
2025-09-25 04:45:00+00:00,2552.300048828125,2559.800048828125,2549.0,2554.0,158907,HINDUNILVR
2025-09-25 05:45:00+00:00,2547.0,2554.39990234375,2545.199951171875,2552.39990234375,156575,HINDUNILVR
2025-09-25 06:45:00+00:00,2548.0,2554.5,2543.39990234375,2546.199951171875,177495,HINDUNILVR
2025-09-25 07:45:00+00:00,2548.10009765625,2553.0,2540.5,2548.199951171875,198221,HINDUNILVR
2025-09-25 08:45:00+00:00,2539.60009765625,2552.39990234375,2532.39990234375,2548.0,434863,HINDUNILVR
2025-09-25 09:45:00+00:00,2538.300048828125,2543.89990234375,2537.199951171875,2539.60009765625,263628,HINDUNILVR
2025-09-26 03:45:00+00:00,2514.5,2543.39990234375,2511.699951171875,2543.39990234375,0,HINDUNILVR
2025-09-26 04:45:00+00:00,2509.699951171875,2519.5,2509.0,2514.5,124001,HINDUNILVR
2025-09-26 05:45:00+00:00,2505.199951171875,2516.300048828125,2505.199951171875,2509.699951171875,147264,HINDUNILVR
2025-09-26 06:45:00+00:00,2508.699951171875,2512.5,2499.800048828125,2505.199951171875,180467,HINDUNILVR
2025-09-26 07:45:00+00:00,2508.89990234375,2514.89990234375,2504.5,2508.699951171875,83423,HINDUNILVR
2025-09-26 08:45:00+00:00,2510.39990234375,2512.199951171875,2504.60009765625,2508.89990234375,187900,HINDUNILVR
2025-09-26 09:45:00+00:00,2511.800048828125,2516.39990234375,2510.0,2510.0,70191,HINDUNILVR
2025-09-29 03:45:00+00:00,2494.60009765625,2498.800048828125,2443.89990234375,2498.800048828125,0,HINDUNILVR
2025-09-29 04:45:00+00:00,2506.60009765625,2506.800048828125,2484.0,2494.5,185532,HINDUNILVR
2025-09-29 05:45:00+00:00,2499.699951171875,2515.199951171875,2496.0,2506.5,145262,HINDUNILVR
2025-09-29 06:45:00+00:00,2510.89990234375,2517.39990234375,2498.60009765625,2500.0,207163,HINDUNILVR
2025-09-29 07:45:00+00:00,2512.89990234375,2515.39990234375,2502.10009765625,2510.699951171875,149078,HINDUNILVR
2025-09-29 08:45:00+00:00,2499.0,2516.0,2495.0,2513.0,640739,HINDUNILVR
2025-09-29 09:45:00+00:00,2497.89990234375,2513.0,2494.0,2497.699951171875,496647,HINDUNILVR
2025-09-30 03:45:00+00:00,2504.39990234375,2519.60009765625,2497.199951171875,2500.0,0,HINDUNILVR
2025-09-30 04:45:00+00:00,2513.800048828125,2514.89990234375,2500.0,2504.699951171875,138955,HINDUNILVR
2025-09-30 05:45:00+00:00,2523.39990234375,2524.60009765625,2512.39990234375,2512.699951171875,104351,HINDUNILVR
2025-09-30 06:45:00+00:00,2520.39990234375,2526.0,2517.5,2523.199951171875,131807,HINDUNILVR
2025-09-30 07:45:00+00:00,2514.199951171875,2522.300048828125,2509.199951171875,2520.0,159423,HINDUNILVR
2025-09-30 08:45:00+00:00,2517.10009765625,2517.800048828125,2504.300048828125,2513.60009765625,559839,HINDUNILVR
2025-09-30 09:45:00+00:00,2514.39990234375,2522.0,2511.0,2516.89990234375,309100,HINDUNILVR
2025-10-01 03:45:00+00:00,2515.0,2533.300048828125,2511.10009765625,2521.39990234375,0,HINDUNILVR
2025-10-01 04:45:00+00:00,2505.0,2516.10009765625,2498.300048828125,2515.0,86298,HINDUNILVR
2025-10-01 05:45:00+00:00,2521.89990234375,2523.0,2500.5,2505.5,145376,HINDUNILVR
2025-10-01 06:45:00+00:00,2525.10009765625,2525.5,2512.800048828125,2522.89990234375,313578,HINDUNILVR
2025-10-01 07:45:00+00:00,2529.699951171875,2532.699951171875,2521.699951171875,2524.0,158168,HINDUNILVR
2025-10-01 08:45:00+00:00,2533.300048828125,2539.39990234375,2526.39990234375,2528.89990234375,456796,HINDUNILVR
2025-10-01 09:45:00+00:00,2530.10009765625,2537.199951171875,2530.0,2533.300048828125,199936,HINDUNILVR
2025-10-03 03:45:00+00:00,2528.800048828125,2531.89990234375,2509.199951171875,2529.10009765625,0,HINDUNILVR
2025-10-03 04:45:00+00:00,2527.10009765625,2534.5,2523.699951171875,2528.699951171875,99892,HINDUNILVR
2025-10-03 05:45:00+00:00,2533.89990234375,2537.39990234375,2526.0,2527.199951171875,101860,HINDUNILVR
2025-10-03 06:45:00+00:00,2528.699951171875,2533.800048828125,2524.199951171875,2533.699951171875,112232,HINDUNILVR
2025-10-03 07:45:00+00:00,2536.39990234375,2537.199951171875,2525.300048828125,2528.60009765625,199145,HINDUNILVR
2025-10-03 08:45:00+00:00,2543.300048828125,2548.39990234375,2532.199951171875,2536.300048828125,360508,HINDUNILVR
2025-10-03 09:45:00+00:00,2544.89990234375,2547.199951171875,2538.300048828125,2543.300048828125,174904,HINDUNILVR
2025-10-06 03:45:00+00:00,2526.10009765625,2541.60009765625,2520.300048828125,2541.60009765625,0,HINDUNILVR
2025-10-06 04:45:00+00:00,2534.800048828125,2534.89990234375,2524.800048828125,2526.199951171875,76485,HINDUNILVR
2025-10-06 05:45:00+00:00,2535.0,2540.5,2533.0,2534.89990234375,184665,HINDUNILVR
2025-10-06 06:45:00+00:00,2536.0,2536.5,2533.0,2535.60009765625,34900,HINDUNILVR
2025-10-06 07:45:00+00:00,2542.300048828125,2549.300048828125,2535.300048828125,2536.800048828125,103619,HINDUNILVR
2025-10-06 08:45:00+00:00,2539.39990234375,2549.199951171875,2539.10009765625,2542.0,246406,HINDUNILVR
2025-10-06 09:45:00+00:00,2541.800048828125,2548.0,2537.39990234375,2539.800048828125,0,HINDUNILVR
2025-10-07 03:45:00+00:00,2546.0,2558.89990234375,2541.800048828125,2546.0,90224,HINDUNILVR
2025-10-07 04:45:00+00:00,2523.60009765625,2547.800048828125,2523.5,2546.10009765625,55769,HINDUNILVR
2025-10-07 05:45:00+00:00,2511.89990234375,2524.60009765625,2510.699951171875,2524.199951171875,139789,HINDUNILVR
2025-10-07 06:45:00+00:00,2533.10009765625,2535.199951171875,2511.60009765625,2511.89990234375,160459,HINDUNILVR
2025-10-07 07:45:00+00:00,2518.800048828125,2535.0,2515.10009765625,2533.0,211665,HINDUNILVR
2025-10-07 08:45:00+00:00,2513.89990234375,2521.10009765625,2508.5,2518.89990234375,444665,HINDUNILVR
2025-10-07 09:45:00+00:00,2530.0,2530.39990234375,2513.699951171875,2513.699951171875,189441,HINDUNILVR
2025-10-08 03:45:00+00:00,2495.199951171875,2516.800048828125,2493.89990234375,2516.0,0,HINDUNILVR
2025-10-08 04:45:00+00:00,2503.39990234375,2510.5,2486.199951171875,2494.800048828125,248908,HINDUNILVR
2025-10-08 05:45:00+00:00,2508.60009765625,2514.0,2501.0,2503.0,108310,HINDUNILVR
2025-10-08 06:45:00+00:00,2509.10009765625,2510.300048828125,2502.89990234375,2507.60009765625,129649,HINDUNILVR
2025-10-08 07:45:00+00:00,2511.60009765625,2517.5,2506.89990234375,2509.199951171875,184595,HINDUNILVR
2025-10-08 08:45:00+00:00,2498.5,2511.89990234375,2497.300048828125,2511.60009765625,228138,HINDUNILVR
2025-10-08 09:45:00+00:00,2497.0,2502.800048828125,2495.39990234375,2498.5,105611,HINDUNILVR
2025-10-09 03:45:00+00:00,2510.0,2511.5,2499.10009765625,2503.39990234375,0,HINDUNILVR
2025-10-09 04:45:00+00:00,2515.5,2517.10009765625,2510.0,2510.800048828125,66890,HINDUNILVR
2025-10-09 05:45:00+00:00,2513.199951171875,2520.0,2510.5,2515.5,83139,HINDUNILVR
2025-10-09 06:45:00+00:00,2514.10009765625,2520.89990234375,2513.10009765625,2514.10009765625,133409,HINDUNILVR
2025-10-09 07:45:00+00:00,2512.39990234375,2516.199951171875,2508.39990234375,2514.10009765625,180795,HINDUNILVR
2025-10-09 08:45:00+00:00,2517.0,2521.0,2507.0,2512.10009765625,557326,HINDUNILVR
2025-10-09 09:45:00+00:00,2522.39990234375,2523.0,2512.5,2517.699951171875,166434,HINDUNILVR
2025-10-10 03:45:00+00:00,2521.0,2527.89990234375,2511.5,2513.60009765625,0,HINDUNILVR
2025-10-10 04:45:00+00:00,2522.10009765625,2525.199951171875,2512.800048828125,2521.0,192044,HINDUNILVR
2025-10-10 05:45:00+00:00,2520.10009765625,2523.10009765625,2510.0,2522.199951171875,168867,HINDUNILVR
2025-10-10 06:45:00+00:00,2523.199951171875,2527.699951171875,2520.0,2520.0,173526,HINDUNILVR
2025-10-10 07:45:00+00:00,2525.199951171875,2526.800048828125,2522.0,2523.199951171875,102635,HINDUNILVR
2025-10-10 08:45:00+00:00,2526.0,2534.89990234375,2524.300048828125,2525.199951171875,229367,HINDUNILVR
2025-10-10 09:45:00+00:00,2528.89990234375,2531.0,2525.10009765625,2526.0,69958,HINDUNILVR
2025-10-13 03:45:00+00:00,2511.0,2530.0,2508.0,2524.699951171875,0,HINDUNILVR
2025-10-13 04:45:00+00:00,2498.199951171875,2511.60009765625,2496.10009765625,2511.0,97984,HINDUNILVR
2025-10-13 05:45:00+00:00,2502.5,2503.5,2494.10009765625,2498.199951171875,308514,HINDUNILVR
2025-10-13 06:45:00+00:00,2493.199951171875,2502.5,2486.800048828125,2502.5,152351,HINDUNILVR
2025-10-13 07:45:00+00:00,2492.0,2496.699951171875,2485.39990234375,2493.199951171875,115008,HINDUNILVR
2025-10-13 08:45:00+00:00,2492.10009765625,2495.5,2488.39990234375,2492.10009765625,226764,HINDUNILVR
2025-10-13 09:45:00+00:00,2496.0,2497.5,2492.300048828125,2492.300048828125,132067,HINDUNILVR
2025-10-14 03:45:00+00:00,2491.39990234375,2500.60009765625,2482.60009765625,2496.60009765625,0,HINDUNILVR
2025-10-14 04:45:00+00:00,2496.60009765625,2496.60009765625,2486.39990234375,2490.89990234375,69726,HINDUNILVR
2025-10-14 05:45:00+00:00,2503.0,2508.39990234375,2492.39990234375,2495.89990234375,218208,HINDUNILVR
2025-10-14 06:45:00+00:00,2500.5,2506.0,2495.60009765625,2503.199951171875,171126,HINDUNILVR
2025-10-14 07:45:00+00:00,2500.699951171875,2506.699951171875,2499.5,2500.5,157973,HINDUNILVR
2025-10-14 08:45:00+00:00,2501.89990234375,2509.0,2495.0,2500.800048828125,450406,HINDUNILVR
2025-10-14 09:45:00+00:00,2502.0,2503.39990234375,2498.699951171875,2502.300048828125,262744,HINDUNILVR
2025-10-15 03:45:00+00:00,2523.39990234375,2523.89990234375,2509.199951171875,2509.199951171875,0,HINDUNILVR
2025-10-15 04:45:00+00:00,2525.10009765625,2531.800048828125,2521.300048828125,2523.199951171875,99273,HINDUNILVR
2025-10-15 05:45:00+00:00,2514.89990234375,2528.699951171875,2514.699951171875,2525.0,81151,HINDUNILVR
2025-10-15 06:45:00+00:00,2514.199951171875,2520.0,2513.199951171875,2514.699951171875,80854,HINDUNILVR
2025-10-15 07:45:00+00:00,2523.89990234375,2525.699951171875,2514.0,2514.199951171875,88198,HINDUNILVR
2025-10-15 08:45:00+00:00,2519.0,2526.0,2516.300048828125,2524.10009765625,275856,HINDUNILVR
2025-10-15 09:45:00+00:00,2519.0,2524.0,2515.0,2519.10009765625,128429,HINDUNILVR
2025-10-16 03:45:00+00:00,2522.0,2529.800048828125,2517.89990234375,2517.89990234375,0,HINDUNILVR
2025-10-16 04:45:00+00:00,2514.699951171875,2525.0,2514.10009765625,2522.699951171875,88058,HINDUNILVR
2025-10-16 05:45:00+00:00,2525.39990234375,2525.5,2507.10009765625,2514.89990234375,284275,HINDUNILVR
2025-10-16 06:45:00+00:00,2544.60009765625,2545.0,2521.60009765625,2524.699951171875,182113,HINDUNILVR
2025-10-16 07:45:00+00:00,2552.699951171875,2556.699951171875,2538.0,2544.39990234375,244776,HINDUNILVR
2025-10-16 08:45:00+00:00,2562.300048828125,2567.89990234375,2551.89990234375,2552.60009765625,392644,HINDUNILVR
2025-10-16 09:45:00+00:00,2560.0,2564.800048828125,2560.0,2561.800048828125,154401,HINDUNILVR
2025-10-17 03:45:00+00:00,2595.0,2598.89990234375,2564.39990234375,2565.0,0,HINDUNILVR
2025-10-17 04:45:00+00:00,2600.5,2604.0,2590.5,2595.39990234375,306327,HINDUNILVR
2025-10-17 05:45:00+00:00,2605.0,2612.0,2598.10009765625,2600.5,307561,HINDUNILVR
2025-10-17 06:45:00+00:00,2607.699951171875,2615.0,2599.0,2606.0,394132,HINDUNILVR
2025-10-17 07:45:00+00:00,2602.800048828125,2614.89990234375,2598.0,2607.300048828125,266540,HINDUNILVR
2025-10-17 08:45:00+00:00,2602.199951171875,2606.0,2599.5,2602.800048828125,307961,HINDUNILVR
2025-10-17 09:45:00+00:00,2603.39990234375,2607.0,2600.0,2600.800048828125,134513,HINDUNILVR
2025-10-20 03:45:00+00:00,2600.0,2624.0,2593.800048828125,2610.0,0,HINDUNILVR
2025-10-20 04:45:00+00:00,2613.699951171875,2615.0,2597.39990234375,2600.800048828125,134333,HINDUNILVR
2025-10-20 05:45:00+00:00,2605.699951171875,2614.0,2599.60009765625,2614.0,64234,HINDUNILVR
2025-10-20 06:45:00+00:00,2609.300048828125,2612.300048828125,2601.300048828125,2605.800048828125,59587,HINDUNILVR
2025-10-20 07:45:00+00:00,2603.199951171875,2609.300048828125,2600.0,2609.300048828125,92174,HINDUNILVR
2025-10-20 08:45:00+00:00,2597.300048828125,2604.800048828125,2585.60009765625,2604.39990234375,336815,HINDUNILVR
2025-10-20 09:45:00+00:00,2594.39990234375,2603.0,2593.199951171875,2597.5,131090,HINDUNILVR
2025-10-21 07:45:00+00:00,2594.300048828125,2606.39990234375,2591.0,2594.0,41977,HINDUNILVR
2025-10-21 08:45:00+00:00,2591.699951171875,2598.300048828125,2586.0,2594.300048828125,38262,HINDUNILVR
2025-10-23 03:45:00+00:00,2616.5,2637.0,2600.39990234375,2600.60009765625,261081,HINDUNILVR
2025-10-23 04:45:00+00:00,2632.699951171875,2666.89990234375,2615.300048828125,2617.60009765625,796935,HINDUNILVR
2025-10-23 05:45:00+00:00,2630.0,2652.699951171875,2613.10009765625,2634.39990234375,593422,HINDUNILVR
2025-10-23 06:45:00+00:00,2614.800048828125,2657.800048828125,2597.800048828125,2630.0,560601,HINDUNILVR
2025-10-23 07:45:00+00:00,2601.60009765625,2619.300048828125,2596.10009765625,2613.300048828125,361407,HINDUNILVR
2025-10-23 08:45:00+00:00,2598.199951171875,2608.39990234375,2597.199951171875,2601.699951171875,496981,HINDUNILVR
2025-10-23 09:45:00+00:00,2602.5,2608.0,2598.10009765625,2598.10009765625,234075,HINDUNILVR
2025-10-24 03:45:00+00:00,2509.5,2561.0,2475.199951171875,2561.0,0,HINDUNILVR
2025-10-24 04:45:00+00:00,2515.10009765625,2524.5,2503.0,2510.0,624033,HINDUNILVR
2025-10-24 05:45:00+00:00,2511.39990234375,2516.10009765625,2506.39990234375,2514.699951171875,358199,HINDUNILVR
2025-10-24 06:45:00+00:00,2513.5,2514.0,2510.39990234375,2511.5,301525,HINDUNILVR
2025-10-24 07:45:00+00:00,2511.89990234375,2513.5,2505.10009765625,2513.5,193447,HINDUNILVR
2025-10-24 08:45:00+00:00,2516.39990234375,2519.0,2507.89990234375,2512.39990234375,348678,HINDUNILVR
2025-10-24 09:45:00+00:00,2516.39990234375,2518.0,2512.0,2516.10009765625,161607,HINDUNILVR
2025-10-27 03:45:00+00:00,2521.5,2525.0,2512.60009765625,2515.39990234375,0,HINDUNILVR
2025-10-27 04:45:00+00:00,2517.0,2522.0,2515.0,2521.5,561379,HINDUNILVR
2025-10-27 05:45:00+00:00,2517.10009765625,2519.199951171875,2508.699951171875,2516.699951171875,261345,HINDUNILVR
2025-10-27 06:45:00+00:00,2518.60009765625,2519.699951171875,2516.5,2517.0,221034,HINDUNILVR
2025-10-27 07:45:00+00:00,2507.10009765625,2518.5,2506.0,2518.10009765625,308396,HINDUNILVR
2025-10-27 08:45:00+00:00,2511.10009765625,2512.300048828125,2507.0,2507.0,429773,HINDUNILVR
2025-10-27 09:45:00+00:00,2516.10009765625,2518.89990234375,2510.89990234375,2511.0,162528,HINDUNILVR
2025-10-28 03:45:00+00:00,2507.5,2525.0,2505.300048828125,2524.800048828125,0,HINDUNILVR
2025-10-28 04:45:00+00:00,2500.0,2508.39990234375,2498.10009765625,2507.699951171875,147952,HINDUNILVR
2025-10-28 05:45:00+00:00,2486.89990234375,2501.0,2485.0,2500.199951171875,264182,HINDUNILVR
2025-10-28 06:45:00+00:00,2494.5,2500.0,2485.300048828125,2487.89990234375,295062,HINDUNILVR
2025-10-28 07:45:00+00:00,2492.699951171875,2498.89990234375,2488.300048828125,2494.0,214698,HINDUNILVR
2025-10-28 08:45:00+00:00,2497.10009765625,2500.0,2482.199951171875,2492.60009765625,811832,HINDUNILVR
2025-10-28 09:45:00+00:00,2497.10009765625,2505.0,2492.699951171875,2497.10009765625,293143,HINDUNILVR
2025-10-29 03:45:00+00:00,2491.39990234375,2508.89990234375,2490.800048828125,2508.39990234375,0,HINDUNILVR
2025-10-29 04:45:00+00:00,2490.0,2497.5,2486.60009765625,2491.800048828125,345907,HINDUNILVR
2025-10-29 05:45:00+00:00,2497.60009765625,2505.0,2489.10009765625,2490.0,381888,HINDUNILVR
2025-10-29 06:45:00+00:00,2496.5,2500.10009765625,2495.0,2497.60009765625,211293,HINDUNILVR
2025-10-29 07:45:00+00:00,2487.199951171875,2497.89990234375,2486.10009765625,2496.199951171875,266523,HINDUNILVR
2025-10-29 08:45:00+00:00,2487.39990234375,2490.199951171875,2484.199951171875,2487.300048828125,399846,HINDUNILVR
2025-10-29 09:45:00+00:00,2488.10009765625,2490.0,2486.800048828125,2487.39990234375,134460,HINDUNILVR
2025-10-30 03:45:00+00:00,2478.60009765625,2494.89990234375,2471.0,2494.89990234375,0,HINDUNILVR
2025-10-30 04:45:00+00:00,2473.60009765625,2483.800048828125,2471.10009765625,2478.10009765625,62166,HINDUNILVR
2025-10-30 05:45:00+00:00,2461.199951171875,2475.0,2459.0,2473.60009765625,186481,HINDUNILVR
2025-10-30 06:45:00+00:00,2473.5,2474.89990234375,2455.300048828125,2461.0,189749,HINDUNILVR
2025-10-30 07:45:00+00:00,2470.0,2474.60009765625,2468.699951171875,2472.60009765625,50877,HINDUNILVR
2025-10-30 08:45:00+00:00,2470.300048828125,2473.5,2466.5,2470.0,283007,HINDUNILVR
2025-10-30 09:45:00+00:00,2470.0,2472.0,2467.39990234375,2470.199951171875,189260,HINDUNILVR
2025-10-31 03:45:00+00:00,2473.89990234375,2478.800048828125,2460.0,2469.60009765625,0,HINDUNILVR
2025-10-31 04:45:00+00:00,2466.39990234375,2474.5,2463.5,2473.800048828125,88606,HINDUNILVR
2025-10-31 05:45:00+00:00,2466.699951171875,2470.0,2464.0,2466.300048828125,88228,HINDUNILVR
2025-10-31 06:45:00+00:00,2459.5,2468.199951171875,2459.0,2466.39990234375,106526,HINDUNILVR
2025-10-31 07:45:00+00:00,2464.39990234375,2467.39990234375,2453.5,2460.0,350247,HINDUNILVR
2025-10-31 08:45:00+00:00,2464.10009765625,2470.60009765625,2462.60009765625,2464.300048828125,384049,HINDUNILVR
2025-10-31 09:45:00+00:00,2465.5,2467.0,2460.800048828125,2464.10009765625,224738,HINDUNILVR
2025-11-03 03:45:00+00:00,2463.89990234375,2474.89990234375,2453.10009765625,2460.0,0,HINDUNILVR
2025-11-03 04:45:00+00:00,2454.5,2464.199951171875,2452.300048828125,2464.199951171875,303310,HINDUNILVR
2025-11-03 05:45:00+00:00,2441.5,2454.300048828125,2440.300048828125,2454.300048828125,86021,HINDUNILVR
2025-11-03 06:45:00+00:00,2452.89990234375,2458.800048828125,2440.5,2441.0,105174,HINDUNILVR
2025-11-03 07:45:00+00:00,2456.10009765625,2458.699951171875,2452.699951171875,2453.300048828125,84396,HINDUNILVR
2025-11-03 08:45:00+00:00,2459.60009765625,2466.89990234375,2456.199951171875,2456.199951171875,249993,HINDUNILVR
2025-11-03 09:45:00+00:00,2460.0,2461.0,2459.0,2459.800048828125,98157,HINDUNILVR
2025-11-04 03:45:00+00:00,2449.89990234375,2460.60009765625,2442.39990234375,2460.5,0,HINDUNILVR
2025-11-04 04:45:00+00:00,2448.10009765625,2451.300048828125,2446.0,2449.89990234375,87678,HINDUNILVR
2025-11-04 05:45:00+00:00,2453.89990234375,2454.89990234375,2444.60009765625,2448.199951171875,107533,HINDUNILVR
2025-11-04 06:45:00+00:00,2457.5,2463.0,2454.0,2454.0,103890,HINDUNILVR
2025-11-04 07:45:00+00:00,2447.39990234375,2459.800048828125,2447.10009765625,2457.5,98194,HINDUNILVR
2025-11-04 08:45:00+00:00,2447.0,2452.199951171875,2441.60009765625,2447.39990234375,524801,HINDUNILVR
2025-11-04 09:45:00+00:00,2443.89990234375,2448.0,2441.300048828125,2448.0,184861,HINDUNILVR
2025-11-06 03:45:00+00:00,2451.60009765625,2460.39990234375,2448.699951171875,2460.0,0,HINDUNILVR
2025-11-06 04:45:00+00:00,2455.0,2459.10009765625,2449.5,2451.800048828125,72373,HINDUNILVR
2025-11-06 05:45:00+00:00,2453.0,2457.199951171875,2452.0,2455.0,120181,HINDUNILVR
2025-11-06 06:45:00+00:00,2447.89990234375,2453.699951171875,2444.199951171875,2453.199951171875,116285,HINDUNILVR
2025-11-06 07:45:00+00:00,2438.5,2451.89990234375,2433.10009765625,2447.10009765625,197501,HINDUNILVR
2025-11-06 08:45:00+00:00,2441.699951171875,2442.39990234375,2433.0,2437.60009765625,428750,HINDUNILVR
2025-11-06 09:45:00+00:00,2439.0,2444.60009765625,2433.699951171875,2442.10009765625,282063,HINDUNILVR
2025-11-07 03:45:00+00:00,2419.0,2423.699951171875,2400.699951171875,2421.10009765625,0,HINDUNILVR
2025-11-07 04:45:00+00:00,2416.199951171875,2420.89990234375,2412.60009765625,2419.0,51913,HINDUNILVR
2025-11-07 05:45:00+00:00,2423.300048828125,2424.800048828125,2415.10009765625,2416.699951171875,74176,HINDUNILVR
2025-11-07 06:45:00+00:00,2412.0,2423.60009765625,2410.300048828125,2423.10009765625,183732,HINDUNILVR
2025-11-07 07:45:00+00:00,2411.60009765625,2417.0,2410.300048828125,2412.10009765625,74219,HINDUNILVR
2025-11-07 08:45:00+00:00,2415.0,2417.5,2410.60009765625,2411.800048828125,184013,HINDUNILVR
2025-11-07 09:45:00+00:00,2416.800048828125,2417.10009765625,2413.800048828125,2415.10009765625,105357,HINDUNILVR
2025-11-10 03:45:00+00:00,2422.60009765625,2426.199951171875,2406.10009765625,2406.10009765625,0,HINDUNILVR
2025-11-10 04:45:00+00:00,2420.10009765625,2429.300048828125,2417.10009765625,2422.60009765625,42353,HINDUNILVR
2025-11-10 05:45:00+00:00,2415.300048828125,2422.800048828125,2414.39990234375,2420.60009765625,56678,HINDUNILVR
2025-11-10 06:45:00+00:00,2414.39990234375,2418.39990234375,2412.800048828125,2415.5,56805,HINDUNILVR
2025-11-10 07:45:00+00:00,2409.300048828125,2417.800048828125,2405.89990234375,2414.10009765625,151369,HINDUNILVR
2025-11-10 08:45:00+00:00,2408.0,2412.800048828125,2405.800048828125,2410.199951171875,284745,HINDUNILVR
2025-11-10 09:45:00+00:00,2413.0,2413.10009765625,2408.300048828125,2408.300048828125,98133,HINDUNILVR
2025-11-11 03:45:00+00:00,2411.199951171875,2421.60009765625,2403.5,2418.60009765625,0,HINDUNILVR
2025-11-11 04:45:00+00:00,2412.199951171875,2414.800048828125,2405.0,2411.800048828125,105979,HINDUNILVR
2025-11-11 05:45:00+00:00,2417.0,2419.10009765625,2407.39990234375,2412.800048828125,75541,HINDUNILVR
2025-11-11 06:45:00+00:00,2411.199951171875,2419.39990234375,2410.89990234375,2417.10009765625,135823,HINDUNILVR
2025-11-11 07:45:00+00:00,2422.5,2429.89990234375,2411.0,2411.89990234375,311784,HINDUNILVR
2025-11-11 08:45:00+00:00,2429.10009765625,2430.0,2420.800048828125,2422.5,475025,HINDUNILVR
2025-11-11 09:45:00+00:00,2431.10009765625,2433.0,2425.39990234375,2429.199951171875,147950,HINDUNILVR
2025-11-12 03:45:00+00:00,2417.0,2431.800048828125,2416.300048828125,2430.60009765625,0,HINDUNILVR
2025-11-12 04:45:00+00:00,2427.5,2428.5,2416.699951171875,2417.5,267658,HINDUNILVR
2025-11-12 05:45:00+00:00,2422.300048828125,2430.0,2420.699951171875,2427.699951171875,309185,HINDUNILVR
2025-11-12 06:45:00+00:00,2423.0,2424.39990234375,2419.0,2422.89990234375,188460,HINDUNILVR
2025-11-12 07:45:00+00:00,2425.699951171875,2428.699951171875,2420.199951171875,2423.0,161399,HINDUNILVR
2025-11-12 08:45:00+00:00,2424.300048828125,2427.699951171875,2422.5,2425.699951171875,351064,HINDUNILVR
2025-11-12 09:45:00+00:00,2426.0,2426.39990234375,2421.300048828125,2425.199951171875,203518,HINDUNILVR
2025-11-13 03:45:00+00:00,2420.0,2429.10009765625,2419.10009765625,2425.60009765625,0,HINDUNILVR
2025-11-13 04:45:00+00:00,2425.800048828125,2427.0,2418.10009765625,2420.0,163461,HINDUNILVR
2025-11-13 05:45:00+00:00,2426.800048828125,2427.89990234375,2420.89990234375,2425.800048828125,98590,HINDUNILVR
2025-11-13 06:45:00+00:00,2416.60009765625,2426.89990234375,2416.0,2426.60009765625,259789,HINDUNILVR
2025-11-13 07:45:00+00:00,2411.699951171875,2419.199951171875,2410.0,2416.60009765625,200166,HINDUNILVR
2025-11-13 08:45:00+00:00,2405.89990234375,2415.39990234375,2405.0,2411.699951171875,304146,HINDUNILVR
2025-11-13 09:45:00+00:00,2409.0,2411.0,2405.89990234375,2405.89990234375,117111,HINDUNILVR
2025-11-14 03:45:00+00:00,2407.89990234375,2414.60009765625,2392.60009765625,2405.10009765625,0,HINDUNILVR
2025-11-14 04:45:00+00:00,2418.89990234375,2419.10009765625,2408.0,2408.0,56851,HINDUNILVR
2025-11-14 05:45:00+00:00,2418.60009765625,2419.89990234375,2411.10009765625,2418.0,87329,HINDUNILVR
2025-11-14 06:45:00+00:00,2416.10009765625,2420.0,2409.0,2419.199951171875,75101,HINDUNILVR
2025-11-14 07:45:00+00:00,2415.5,2418.800048828125,2411.300048828125,2416.10009765625,70810,HINDUNILVR
2025-11-14 08:45:00+00:00,2428.800048828125,2430.0,2413.0,2414.60009765625,358037,HINDUNILVR
2025-11-14 09:45:00+00:00,2427.699951171875,2430.0,2424.89990234375,2429.699951171875,237847,HINDUNILVR
2025-11-17 03:45:00+00:00,2427.0,2438.300048828125,2425.89990234375,2430.699951171875,0,HINDUNILVR
2025-11-17 04:45:00+00:00,2419.199951171875,2429.39990234375,2419.199951171875,2426.89990234375,98443,HINDUNILVR
2025-11-17 05:45:00+00:00,2420.89990234375,2423.5,2416.0,2420.0,120043,HINDUNILVR
2025-11-17 06:45:00+00:00,2421.39990234375,2422.800048828125,2418.0,2420.699951171875,116430,HINDUNILVR
2025-11-17 07:45:00+00:00,2423.0,2425.60009765625,2419.800048828125,2421.300048828125,156346,HINDUNILVR
2025-11-17 08:45:00+00:00,2425.5,2425.5,2419.0,2422.89990234375,204443,HINDUNILVR
2025-11-17 09:45:00+00:00,2425.0,2427.5,2424.0,2425.60009765625,112684,HINDUNILVR
2025-11-18 03:45:00+00:00,2408.800048828125,2422.800048828125,2408.5,2415.89990234375,0,HINDUNILVR
2025-11-18 04:45:00+00:00,2410.5,2412.5,2405.39990234375,2409.10009765625,71774,HINDUNILVR
2025-11-18 05:45:00+00:00,2412.5,2416.0,2408.60009765625,2411.199951171875,194379,HINDUNILVR
2025-11-18 06:45:00+00:00,2409.39990234375,2412.800048828125,2408.0,2412.699951171875,116197,HINDUNILVR
2025-11-18 07:45:00+00:00,2408.89990234375,2412.0,2406.699951171875,2409.10009765625,201493,HINDUNILVR
2025-11-18 08:45:00+00:00,2402.89990234375,2411.10009765625,2402.89990234375,2408.89990234375,320049,HINDUNILVR
2025-11-18 09:45:00+00:00,2404.10009765625,2405.800048828125,2402.0,2402.199951171875,215150,HINDUNILVR
2025-11-19 03:45:00+00:00,2432.0,2441.699951171875,2413.0,2413.0,0,HINDUNILVR
2025-11-19 04:45:00+00:00,2439.800048828125,2446.10009765625,2431.5,2431.5,206811,HINDUNILVR
2025-11-19 05:45:00+00:00,2444.0,2445.0,2438.10009765625,2439.0,120664,HINDUNILVR
2025-11-19 06:45:00+00:00,2445.10009765625,2446.89990234375,2440.0,2444.0,188318,HINDUNILVR
2025-11-19 07:45:00+00:00,2447.60009765625,2449.800048828125,2444.0,2446.0,221680,HINDUNILVR
2025-11-19 08:45:00+00:00,2441.60009765625,2450.39990234375,2440.89990234375,2447.60009765625,221136,HINDUNILVR
2025-11-19 09:45:00+00:00,2441.89990234375,2443.800048828125,2439.300048828125,2441.199951171875,115550,HINDUNILVR
2025-11-20 03:45:00+00:00,2449.89990234375,2457.199951171875,2445.10009765625,2445.10009765625,0,HINDUNILVR
2025-11-20 04:45:00+00:00,2453.699951171875,2459.0,2447.60009765625,2450.39990234375,200884,HINDUNILVR
2025-11-20 05:45:00+00:00,2443.10009765625,2455.800048828125,2443.0,2453.89990234375,137646,HINDUNILVR
2025-11-20 06:45:00+00:00,2436.89990234375,2447.0,2435.800048828125,2443.699951171875,114967,HINDUNILVR
2025-11-20 07:45:00+00:00,2439.0,2441.10009765625,2435.5,2436.89990234375,65685,HINDUNILVR
2025-11-20 08:45:00+00:00,2431.199951171875,2440.0,2425.0,2439.0,546568,HINDUNILVR
2025-11-20 09:45:00+00:00,2432.0,2432.89990234375,2427.60009765625,2431.199951171875,155256,HINDUNILVR
2025-11-21 03:45:00+00:00,2422.699951171875,2438.0,2419.89990234375,2436.199951171875,0,HINDUNILVR
2025-11-21 04:45:00+00:00,2425.39990234375,2429.199951171875,2419.60009765625,2422.699951171875,190242,HINDUNILVR
2025-11-21 05:45:00+00:00,2421.10009765625,2425.5,2418.0,2424.89990234375,327689,HINDUNILVR
2025-11-21 06:45:00+00:00,2426.89990234375,2428.0,2414.5,2421.300048828125,413559,HINDUNILVR
2025-11-21 07:45:00+00:00,2441.60009765625,2441.60009765625,2425.89990234375,2427.5,155766,HINDUNILVR
2025-11-21 08:45:00+00:00,2432.699951171875,2443.10009765625,2432.39990234375,2441.699951171875,270346,HINDUNILVR
2025-11-21 09:45:00+00:00,2433.699951171875,2440.0,2430.39990234375,2432.699951171875,227421,HINDUNILVR
2025-11-24 03:45:00+00:00,2438.10009765625,2444.39990234375,2433.60009765625,2441.300048828125,0,HINDUNILVR
2025-11-24 04:45:00+00:00,2434.300048828125,2439.300048828125,2431.0,2439.300048828125,128621,HINDUNILVR
2025-11-24 05:45:00+00:00,2434.0,2437.10009765625,2430.89990234375,2434.0,169081,HINDUNILVR
2025-11-24 06:45:00+00:00,2424.89990234375,2438.800048828125,2422.5,2434.10009765625,273843,HINDUNILVR
2025-11-24 07:45:00+00:00,2424.0,2426.699951171875,2423.10009765625,2424.60009765625,170101,HINDUNILVR
2025-11-24 08:45:00+00:00,2425.0,2430.0,2421.0,2423.89990234375,1848897,HINDUNILVR
2025-11-24 09:45:00+00:00,2421.0,2425.0,2420.0,2425.0,1288966,HINDUNILVR
2025-11-25 03:45:00+00:00,2414.39990234375,2420.699951171875,2406.39990234375,2418.0,0,HINDUNILVR
2025-11-25 04:45:00+00:00,2418.5,2423.89990234375,2414.10009765625,2414.300048828125,85999,HINDUNILVR
2025-11-25 05:45:00+00:00,2418.0,2421.300048828125,2415.300048828125,2418.60009765625,97643,HINDUNILVR
2025-11-25 06:45:00+00:00,2417.199951171875,2423.39990234375,2416.300048828125,2418.0,113656,HINDUNILVR
2025-11-25 07:45:00+00:00,2422.0,2424.0,2415.699951171875,2417.199951171875,97140,HINDUNILVR
2025-11-25 08:45:00+00:00,2414.60009765625,2423.89990234375,2411.800048828125,2422.0,496885,HINDUNILVR
2025-11-25 09:45:00+00:00,2411.0,2418.199951171875,2408.10009765625,2414.60009765625,181778,HINDUNILVR
2025-11-26 03:45:00+00:00,2422.300048828125,2424.199951171875,2409.800048828125,2412.5,0,HINDUNILVR
2025-11-26 04:45:00+00:00,2416.39990234375,2423.5,2414.0,2423.39990234375,85399,HINDUNILVR
2025-11-26 05:45:00+00:00,2423.0,2423.89990234375,2415.10009765625,2416.39990234375,128904,HINDUNILVR
2025-11-26 06:45:00+00:00,2423.39990234375,2424.39990234375,2419.699951171875,2423.5,166369,HINDUNILVR
2025-11-26 07:45:00+00:00,2425.300048828125,2427.199951171875,2421.0,2423.39990234375,254516,HINDUNILVR
2025-11-26 08:45:00+00:00,2426.10009765625,2427.699951171875,2421.89990234375,2425.0,304850,HINDUNILVR
2025-11-26 09:45:00+00:00,2427.0,2427.0,2424.199951171875,2426.300048828125,106906,HINDUNILVR
2025-11-27 03:45:00+00:00,2444.699951171875,2447.89990234375,2425.0,2426.5,0,HINDUNILVR
2025-11-27 04:45:00+00:00,2457.0,2458.300048828125,2444.199951171875,2445.199951171875,153266,HINDUNILVR
2025-11-27 05:45:00+00:00,2459.10009765625,2459.699951171875,2454.0,2457.10009765625,180678,HINDUNILVR
2025-11-27 06:45:00+00:00,2451.699951171875,2459.300048828125,2449.800048828125,2459.300048828125,355532,HINDUNILVR
2025-11-27 07:45:00+00:00,2442.199951171875,2453.10009765625,2438.39990234375,2451.699951171875,270176,HINDUNILVR
2025-11-27 08:45:00+00:00,2450.10009765625,2453.60009765625,2442.300048828125,2442.89990234375,488675,HINDUNILVR
2025-11-27 09:45:00+00:00,2451.699951171875,2455.89990234375,2448.0,2450.10009765625,216824,HINDUNILVR
2025-11-28 03:45:00+00:00,2463.300048828125,2470.0,2447.300048828125,2451.0,0,HINDUNILVR
2025-11-28 04:45:00+00:00,2461.800048828125,2465.0,2458.0,2464.0,75428,HINDUNILVR
2025-11-28 05:45:00+00:00,2463.60009765625,2465.0,2457.10009765625,2460.699951171875,103193,HINDUNILVR
2025-11-28 06:45:00+00:00,2462.0,2465.0,2460.5,2463.60009765625,69009,HINDUNILVR
2025-11-28 07:45:00+00:00,2463.10009765625,2465.0,2460.39990234375,2462.60009765625,75331,HINDUNILVR
2025-11-28 08:45:00+00:00,2466.800048828125,2467.5,2462.699951171875,2463.10009765625,217100,HINDUNILVR
2025-11-28 09:45:00+00:00,2465.0,2469.199951171875,2465.0,2466.800048828125,120072,HINDUNILVR
2025-12-01 03:45:00+00:00,2478.0,2488.0,2465.699951171875,2466.60009765625,0,HINDUNILVR
2025-12-01 04:45:00+00:00,2486.0,2486.0,2475.699951171875,2478.10009765625,187660,HINDUNILVR
2025-12-01 05:45:00+00:00,2484.199951171875,2487.5,2481.0,2485.89990234375,181085,HINDUNILVR
2025-12-01 06:45:00+00:00,2468.5,2487.0,2464.89990234375,2484.10009765625,273593,HINDUNILVR
2025-12-01 07:45:00+00:00,2474.60009765625,2475.800048828125,2465.39990234375,2468.5,296619,HINDUNILVR
2025-12-01 08:45:00+00:00,2461.89990234375,2476.300048828125,2458.800048828125,2474.60009765625,463054,HINDUNILVR
2025-12-01 09:45:00+00:00,2459.0,2465.0,2459.0,2462.0,175507,HINDUNILVR
2025-12-02 03:45:00+00:00,2472.0,2481.699951171875,2460.800048828125,2469.89990234375,0,HINDUNILVR
2025-12-02 04:45:00+00:00,2470.800048828125,2476.0,2467.199951171875,2471.300048828125,219141,HINDUNILVR
2025-12-02 05:45:00+00:00,2467.199951171875,2474.60009765625,2466.5,2470.89990234375,145782,HINDUNILVR
2025-12-02 06:45:00+00:00,2473.0,2473.89990234375,2466.699951171875,2467.199951171875,201804,HINDUNILVR
2025-12-02 07:45:00+00:00,2473.0,2475.89990234375,2471.39990234375,2473.0,362789,HINDUNILVR
2025-12-02 08:45:00+00:00,2482.699951171875,2483.800048828125,2471.39990234375,2473.5,587184,HINDUNILVR
2025-12-02 09:45:00+00:00,2475.0,2482.699951171875,2474.0,2482.300048828125,291715,HINDUNILVR
2025-12-03 03:45:00+00:00,2454.89990234375,2470.0,2403.800048828125,2470.0,0,HINDUNILVR
2025-12-03 04:45:00+00:00,2469.5,2475.89990234375,2455.0,2455.0,641112,HINDUNILVR
2025-12-03 05:45:00+00:00,2466.0,2484.89990234375,2463.300048828125,2468.39990234375,542005,HINDUNILVR
2025-12-03 06:45:00+00:00,2463.5,2467.0,2457.800048828125,2465.199951171875,451870,HINDUNILVR
2025-12-03 07:45:00+00:00,2466.0,2467.0,2457.5,2463.5,368552,HINDUNILVR
2025-12-03 08:45:00+00:00,2449.800048828125,2466.0,2448.0,2466.0,299527,HINDUNILVR
2025-12-03 09:45:00+00:00,2448.0,2449.800048828125,2436.199951171875,2449.60009765625,163016,HINDUNILVR
2025-12-04 03:45:00+00:00,2452.0,2456.39990234375,2423.300048828125,2440.0,0,HINDUNILVR
2025-12-04 04:45:00+00:00,2451.10009765625,2460.39990234375,2445.39990234375,2452.199951171875,129206,HINDUNILVR
2025-12-04 05:45:00+00:00,2459.699951171875,2460.5,2444.800048828125,2450.60009765625,112152,HINDUNILVR
2025-12-04 06:45:00+00:00,2460.10009765625,2475.0,2455.10009765625,2459.699951171875,307324,HINDUNILVR
2025-12-04 07:45:00+00:00,2466.10009765625,2473.39990234375,2454.300048828125,2460.5,501699,HINDUNILVR
2025-12-04 08:45:00+00:00,2462.5,2480.800048828125,2459.300048828125,2466.199951171875,854494,HINDUNILVR
2025-12-04 09:45:00+00:00,2464.10009765625,2469.0,2453.0,2462.199951171875,413317,HINDUNILVR
2025-12-05 03:45:00+00:00,2360.300048828125,2422.0,2288.89990234375,2422.0,0,HINDUNILVR
2025-12-05 04:45:00+00:00,2350.0,2380.0,2346.699951171875,2361.0,925753,HINDUNILVR
2025-12-05 05:45:00+00:00,2338.0,2352.10009765625,2326.0,2351.199951171875,601847,HINDUNILVR
2025-12-05 06:45:00+00:00,2330.199951171875,2339.60009765625,2329.800048828125,2338.0,437467,HINDUNILVR
2025-12-05 07:45:00+00:00,2332.699951171875,2337.0,2325.0,2330.300048828125,384034,HINDUNILVR
2025-12-05 08:45:00+00:00,2337.199951171875,2343.0,2330.10009765625,2332.300048828125,695367,HINDUNILVR
2025-12-05 09:45:00+00:00,2341.0,2341.5,2336.60009765625,2337.199951171875,296763,HINDUNILVR
2025-12-08 03:45:00+00:00,2333.89990234375,2350.800048828125,2327.0,2350.800048828125,0,HINDUNILVR
2025-12-08 04:45:00+00:00,2332.800048828125,2341.60009765625,2329.0,2333.89990234375,142231,HINDUNILVR
2025-12-08 05:45:00+00:00,2334.0,2337.800048828125,2329.10009765625,2332.800048828125,307199,HINDUNILVR
2025-12-08 06:45:00+00:00,2323.699951171875,2337.800048828125,2316.0,2334.10009765625,308013,HINDUNILVR
2025-12-08 07:45:00+00:00,2304.5,2325.39990234375,2302.10009765625,2323.60009765625,337573,HINDUNILVR
2025-12-08 08:45:00+00:00,2316.10009765625,2316.10009765625,2304.0,2304.5,427227,HINDUNILVR
2025-12-08 09:45:00+00:00,2317.800048828125,2318.5,2313.10009765625,2316.300048828125,196886,HINDUNILVR
2025-12-09 03:45:00+00:00,2303.89990234375,2329.300048828125,2298.300048828125,2322.60009765625,0,HINDUNILVR
2025-12-09 04:45:00+00:00,2316.0,2317.89990234375,2303.0,2303.5,143402,HINDUNILVR
2025-12-09 05:45:00+00:00,2321.199951171875,2323.699951171875,2312.199951171875,2314.699951171875,160542,HINDUNILVR
2025-12-09 06:45:00+00:00,2320.0,2323.300048828125,2316.39990234375,2320.199951171875,119324,HINDUNILVR
2025-12-09 07:45:00+00:00,2310.199951171875,2322.199951171875,2309.10009765625,2320.199951171875,155522,HINDUNILVR
2025-12-09 08:45:00+00:00,2303.0,2314.0,2303.0,2310.199951171875,448234,HINDUNILVR
2025-12-09 09:45:00+00:00,2306.89990234375,2310.89990234375,2303.10009765625,2303.199951171875,139407,HINDUNILVR
2025-12-10 03:45:00+00:00,2315.800048828125,2316.5,2305.199951171875,2306.5,0,HINDUNILVR
2025-12-10 04:45:00+00:00,2301.60009765625,2316.10009765625,2298.0,2316.10009765625,506994,HINDUNILVR
2025-12-10 05:45:00+00:00,2299.39990234375,2304.89990234375,2295.0,2301.60009765625,1233488,HINDUNILVR
2025-12-10 06:45:00+00:00,2299.5,2304.699951171875,2295.39990234375,2299.60009765625,358301,HINDUNILVR
2025-12-10 07:45:00+00:00,2300.199951171875,2304.800048828125,2296.89990234375,2299.5,335740,HINDUNILVR
2025-12-10 08:45:00+00:00,2302.0,2304.0,2299.0,2300.10009765625,243216,HINDUNILVR
2025-12-10 09:45:00+00:00,2302.5,2302.89990234375,2300.0,2302.10009765625,109301,HINDUNILVR
2025-12-11 03:45:00+00:00,2303.60009765625,2309.0,2293.5,2309.0,0,HINDUNILVR
2025-12-11 04:45:00+00:00,2303.800048828125,2310.0,2300.0,2305.0,112170,HINDUNILVR
2025-12-11 05:45:00+00:00,2307.199951171875,2309.0,2300.0,2304.0,82314,HINDUNILVR
2025-12-11 06:45:00+00:00,2306.39990234375,2309.0,2304.5,2306.800048828125,72047,HINDUNILVR
2025-12-11 07:45:00+00:00,2303.0,2308.39990234375,2302.5,2307.199951171875,132565,HINDUNILVR
2025-12-11 08:45:00+00:00,2304.60009765625,2306.10009765625,2299.39990234375,2303.0,375008,HINDUNILVR
2025-12-11 09:45:00+00:00,2305.60009765625,2313.0,2304.10009765625,2304.60009765625,140481,HINDUNILVR
2025-12-12 03:45:00+00:00,2265.60009765625,2307.0,2245.89990234375,2307.0,0,HINDUNILVR
2025-12-12 04:45:00+00:00,2260.60009765625,2269.800048828125,2246.300048828125,2265.60009765625,729562,HINDUNILVR
2025-12-12 05:45:00+00:00,2263.0,2266.800048828125,2255.0,2260.60009765625,570101,HINDUNILVR
2025-12-12 06:45:00+00:00,2262.89990234375,2266.60009765625,2260.699951171875,2262.5,252911,HINDUNILVR
2025-12-12 07:45:00+00:00,2260.0,2263.39990234375,2256.89990234375,2262.89990234375,246419,HINDUNILVR
2025-12-12 08:45:00+00:00,2260.0,2264.199951171875,2259.0,2259.60009765625,589730,HINDUNILVR
2025-12-12 09:45:00+00:00,2264.0,2264.0,2257.699951171875,2260.10009765625,359361,HINDUNILVR
2025-12-15 03:45:00+00:00,2277.800048828125,2281.0,2252.0,2262.0,0,HINDUNILVR
2025-12-15 04:45:00+00:00,2279.39990234375,2283.0,2275.0,2278.10009765625,106389,HINDUNILVR
2025-12-15 05:45:00+00:00,2279.5,2284.5,2273.39990234375,2278.699951171875,92337,HINDUNILVR
2025-12-15 06:45:00+00:00,2291.199951171875,2292.300048828125,2279.199951171875,2280.800048828125,167817,HINDUNILVR
2025-12-15 07:45:00+00:00,2292.5,2299.0,2287.300048828125,2291.199951171875,189783,HINDUNILVR
2025-12-15 08:45:00+00:00,2294.0,2295.39990234375,2286.0,2293.10009765625,258796,HINDUNILVR
2025-12-15 09:45:00+00:00,2293.5,2298.199951171875,2284.39990234375,2293.800048828125,195217,HINDUNILVR
2025-12-16 03:45:00+00:00,2292.0,2301.60009765625,2281.0,2290.0,0,HINDUNILVR
2025-12-16 04:45:00+00:00,2294.0,2302.39990234375,2288.0,2292.0,173942,HINDUNILVR
2025-12-16 05:45:00+00:00,2296.5,2298.39990234375,2293.0,2294.0,120773,HINDUNILVR
2025-12-16 06:45:00+00:00,2286.699951171875,2297.5,2286.199951171875,2297.0,210363,HINDUNILVR
2025-12-16 07:45:00+00:00,2286.5,2289.60009765625,2284.5,2286.199951171875,102606,HINDUNILVR
2025-12-16 08:45:00+00:00,2281.39990234375,2288.60009765625,2280.0,2286.5,269140,HINDUNILVR
2025-12-16 09:45:00+00:00,2279.89990234375,2282.10009765625,2276.199951171875,2281.5,113178,HINDUNILVR
2025-12-17 03:45:00+00:00,2281.39990234375,2286.0,2276.199951171875,2284.300048828125,0,HINDUNILVR
2025-12-17 04:45:00+00:00,2285.199951171875,2285.800048828125,2279.5,2281.39990234375,91731,HINDUNILVR
2025-12-17 05:45:00+00:00,2269.800048828125,2285.199951171875,2269.300048828125,2285.199951171875,112994,HINDUNILVR
2025-12-17 06:45:00+00:00,2272.10009765625,2275.39990234375,2268.89990234375,2269.800048828125,82141,HINDUNILVR
2025-12-17 07:45:00+00:00,2272.800048828125,2274.89990234375,2271.199951171875,2272.800048828125,50529,HINDUNILVR
2025-12-17 08:45:00+00:00,2275.699951171875,2277.0,2269.10009765625,2272.800048828125,248829,HINDUNILVR
2025-12-17 09:45:00+00:00,2275.60009765625,2278.89990234375,2275.0,2276.0,0,HINDUNILVR
2025-12-18 03:45:00+00:00,2263.10009765625,2269.300048828125,2257.5,2268.199951171875,128517,HINDUNILVR
2025-12-18 04:45:00+00:00,2265.800048828125,2272.5,2261.0,2263.10009765625,151928,HINDUNILVR
2025-12-18 05:45:00+00:00,2268.10009765625,2273.5,2264.699951171875,2265.800048828125,89901,HINDUNILVR
2025-12-18 06:45:00+00:00,2274.300048828125,2276.5,2266.0,2268.300048828125,163687,HINDUNILVR
2025-12-18 07:45:00+00:00,2259.199951171875,2274.89990234375,2259.199951171875,2274.0,82720,HINDUNILVR
2025-12-18 08:45:00+00:00,2265.5,2267.0,2255.300048828125,2259.300048828125,283403,HINDUNILVR
2025-12-18 09:45:00+00:00,2265.5,2270.0,2263.89990234375,2265.5,157069,HINDUNILVR
2025-12-19 03:45:00+00:00,2271.39990234375,2276.300048828125,2266.199951171875,2266.89990234375,0,HINDUNILVR
2025-12-19 04:45:00+00:00,2270.0,2274.10009765625,2267.60009765625,2271.39990234375,36843,HINDUNILVR
2025-12-19 05:45:00+00:00,2274.89990234375,2276.5,2268.39990234375,2270.0,84264,HINDUNILVR
2025-12-19 06:45:00+00:00,2280.0,2281.199951171875,2270.89990234375,2274.0,97884,HINDUNILVR
2025-12-19 07:45:00+00:00,2281.60009765625,2283.0,2278.300048828125,2280.199951171875,128998,HINDUNILVR
2025-12-19 08:45:00+00:00,2280.800048828125,2283.5,2272.10009765625,2281.60009765625,481595,HINDUNILVR
2025-12-19 09:45:00+00:00,2280.0,2284.0,2279.60009765625,2280.89990234375,326300,HINDUNILVR
2025-12-22 03:45:00+00:00,2285.89990234375,2292.699951171875,2281.800048828125,2281.800048828125,0,HINDUNILVR
2025-12-22 04:45:00+00:00,2286.39990234375,2289.199951171875,2283.199951171875,2285.89990234375,86399,HINDUNILVR
2025-12-22 05:45:00+00:00,2290.199951171875,2290.300048828125,2283.300048828125,2286.0,154628,HINDUNILVR
2025-12-22 06:45:00+00:00,2290.0,2294.300048828125,2289.300048828125,2290.300048828125,109314,HINDUNILVR
2025-12-22 07:45:00+00:00,2289.89990234375,2292.699951171875,2287.39990234375,2289.60009765625,89595,HINDUNILVR
2025-12-22 08:45:00+00:00,2289.5,2292.10009765625,2288.0,2289.89990234375,150944,HINDUNILVR
2025-12-22 09:45:00+00:00,2289.5,2289.800048828125,2285.199951171875,2289.39990234375,84362,HINDUNILVR
2025-12-23 03:45:00+00:00,2298.5,2298.5,2281.10009765625,2288.0,0,HINDUNILVR
2025-12-23 04:45:00+00:00,2300.5,2300.89990234375,2293.10009765625,2298.5,142535,HINDUNILVR
2025-12-23 05:45:00+00:00,2291.10009765625,2301.0,2291.10009765625,2300.5,108975,HINDUNILVR
2025-12-23 06:45:00+00:00,2289.10009765625,2293.300048828125,2288.10009765625,2292.0,68725,HINDUNILVR
2025-12-23 07:45:00+00:00,2293.300048828125,2293.300048828125,2288.0,2289.199951171875,88421,HINDUNILVR
2025-12-23 08:45:00+00:00,2303.89990234375,2309.800048828125,2293.300048828125,2293.300048828125,456457,HINDUNILVR
2025-12-23 09:45:00+00:00,2298.10009765625,2306.60009765625,2298.0,2303.199951171875,162374,HINDUNILVR
2025-12-24 03:45:00+00:00,2294.300048828125,2301.300048828125,2291.0,2301.300048828125,0,HINDUNILVR
2025-12-24 04:45:00+00:00,2292.5,2297.5,2290.0,2294.199951171875,52274,HINDUNILVR
2025-12-24 05:45:00+00:00,2292.10009765625,2294.60009765625,2287.800048828125,2292.300048828125,59794,HINDUNILVR
2025-12-24 06:45:00+00:00,2292.300048828125,2294.10009765625,2289.0,2292.0,66926,HINDUNILVR
2025-12-24 07:45:00+00:00,2285.0,2293.199951171875,2285.0,2292.800048828125,93931,HINDUNILVR
2025-12-24 08:45:00+00:00,2281.0,2286.699951171875,2280.699951171875,2285.199951171875,100939,HINDUNILVR
2025-12-24 09:45:00+00:00,2282.199951171875,2284.0,2278.5,2280.5,46414,HINDUNILVR
2025-12-26 03:45:00+00:00,2282.89990234375,2287.800048828125,2275.10009765625,2283.5,0,HINDUNILVR
2025-12-26 04:45:00+00:00,2279.699951171875,2283.5,2278.0,2282.5,74672,HINDUNILVR
2025-12-26 05:45:00+00:00,2285.10009765625,2285.10009765625,2277.800048828125,2279.60009765625,94578,HINDUNILVR
2025-12-26 06:45:00+00:00,2285.39990234375,2286.39990234375,2282.60009765625,2285.60009765625,73252,HINDUNILVR
2025-12-26 07:45:00+00:00,2287.5,2289.89990234375,2285.0,2286.10009765625,85595,HINDUNILVR
2025-12-26 08:45:00+00:00,2285.300048828125,2288.699951171875,2283.800048828125,2287.60009765625,94998,HINDUNILVR
2025-12-26 09:45:00+00:00,2285.39990234375,2288.0,2283.5,2286.199951171875,41214,HINDUNILVR
2025-12-29 03:45:00+00:00,2286.10009765625,2293.89990234375,2280.89990234375,2285.199951171875,0,HINDUNILVR
2025-12-29 04:45:00+00:00,2288.10009765625,2291.300048828125,2285.800048828125,2286.10009765625,178342,HINDUNILVR
2025-12-29 05:45:00+00:00,2291.0,2294.39990234375,2287.0,2287.5,144641,HINDUNILVR
2025-12-29 06:45:00+00:00,2286.199951171875,2292.10009765625,2283.39990234375,2291.0,139376,HINDUNILVR
2025-12-29 07:45:00+00:00,2287.199951171875,2291.89990234375,2285.10009765625,2286.10009765625,120644,HINDUNILVR
2025-12-29 08:45:00+00:00,2291.199951171875,2292.39990234375,2285.39990234375,2287.300048828125,244852,HINDUNILVR
2025-12-29 09:45:00+00:00,2293.300048828125,2298.0,2291.0,2291.5,103340,HINDUNILVR
2025-12-30 03:45:00+00:00,2291.39990234375,2294.89990234375,2283.0,2292.10009765625,0,HINDUNILVR
2025-12-30 04:45:00+00:00,2292.300048828125,2298.0,2291.39990234375,2291.39990234375,181345,HINDUNILVR
2025-12-30 05:45:00+00:00,2295.0,2295.89990234375,2288.5,2292.199951171875,296180,HINDUNILVR
2025-12-30 06:45:00+00:00,2285.89990234375,2295.300048828125,2285.89990234375,2295.0,89647,HINDUNILVR
2025-12-30 07:45:00+00:00,2285.89990234375,2289.60009765625,2284.10009765625,2285.0,112545,HINDUNILVR
2025-12-30 08:45:00+00:00,2291.0,2292.89990234375,2283.300048828125,2285.89990234375,583503,HINDUNILVR
2025-12-30 09:45:00+00:00,2290.199951171875,2293.89990234375,2289.89990234375,2291.800048828125,220601,HINDUNILVR
2025-12-31 03:45:00+00:00,2316.60009765625,2317.5,2292.0,2292.0,0,HINDUNILVR
2025-12-31 04:45:00+00:00,2311.5,2317.5,2310.39990234375,2316.60009765625,201864,HINDUNILVR
2025-12-31 05:45:00+00:00,2315.89990234375,2316.60009765625,2311.0,2311.5,102906,HINDUNILVR
2025-12-31 06:45:00+00:00,2318.5,2325.5,2315.0,2316.0,169226,HINDUNILVR
2025-12-31 07:45:00+00:00,2315.0,2320.89990234375,2315.0,2318.60009765625,88976,HINDUNILVR
2025-12-31 08:45:00+00:00,2316.699951171875,2318.60009765625,2311.300048828125,2315.300048828125,345036,HINDUNILVR
2025-12-31 09:45:00+00:00,2316.0,2317.699951171875,2315.0,2317.199951171875,159733,HINDUNILVR
2026-01-01 03:45:00+00:00,2308.0,2322.0,2303.10009765625,2322.0,0,HINDUNILVR
2026-01-01 04:45:00+00:00,2302.89990234375,2308.0,2301.800048828125,2307.800048828125,44508,HINDUNILVR
2026-01-01 05:45:00+00:00,2305.800048828125,2307.800048828125,2300.0,2302.39990234375,112154,HINDUNILVR
2026-01-01 06:45:00+00:00,2310.699951171875,2310.89990234375,2301.199951171875,2305.699951171875,68549,HINDUNILVR
2026-01-01 07:45:00+00:00,2315.89990234375,2315.89990234375,2307.60009765625,2310.699951171875,117989,HINDUNILVR
2026-01-01 08:45:00+00:00,2323.39990234375,2325.800048828125,2310.199951171875,2315.800048828125,196854,HINDUNILVR
2026-01-01 09:45:00+00:00,2325.10009765625,2325.5,2318.89990234375,2323.199951171875,124770,HINDUNILVR
2026-01-02 03:45:00+00:00,2335.199951171875,2336.89990234375,2322.0,2328.699951171875,0,HINDUNILVR
2026-01-02 04:45:00+00:00,2336.5,2337.800048828125,2330.800048828125,2335.699951171875,92357,HINDUNILVR
2026-01-02 05:45:00+00:00,2345.10009765625,2348.5,2335.199951171875,2336.60009765625,125474,HINDUNILVR
2026-01-02 06:45:00+00:00,2357.199951171875,2357.5,2344.199951171875,2345.300048828125,126112,HINDUNILVR
2026-01-02 07:45:00+00:00,2348.199951171875,2357.5,2346.0,2356.800048828125,160372,HINDUNILVR
2026-01-02 08:45:00+00:00,2348.199951171875,2349.89990234375,2340.0,2348.39990234375,204827,HINDUNILVR
2026-01-02 09:45:00+00:00,2348.0,2350.0,2345.0,2348.0,81189,HINDUNILVR
2026-01-05 03:45:00+00:00,2378.300048828125,2383.89990234375,2336.39990234375,2342.0,0,HINDUNILVR
2026-01-05 04:45:00+00:00,2391.60009765625,2392.800048828125,2372.39990234375,2378.0,167139,HINDUNILVR
2026-01-05 05:45:00+00:00,2379.800048828125,2394.0,2376.0,2391.10009765625,195087,HINDUNILVR
2026-01-05 06:45:00+00:00,2383.0,2389.0,2374.199951171875,2380.0,141703,HINDUNILVR
2026-01-05 07:45:00+00:00,2373.800048828125,2384.699951171875,2372.699951171875,2383.0,185814,HINDUNILVR
2026-01-05 08:45:00+00:00,2383.699951171875,2385.60009765625,2373.39990234375,2373.800048828125,280528,HINDUNILVR
2026-01-05 09:45:00+00:00,2384.10009765625,2385.5,2382.89990234375,2383.699951171875,141282,HINDUNILVR
2026-01-06 03:45:00+00:00,2387.60009765625,2398.199951171875,2368.199951171875,2390.39990234375,0,HINDUNILVR
2026-01-06 04:45:00+00:00,2382.60009765625,2388.89990234375,2375.0,2387.60009765625,95526,HINDUNILVR
2026-01-06 05:45:00+00:00,2393.0,2394.89990234375,2376.0,2382.60009765625,120308,HINDUNILVR
2026-01-06 06:45:00+00:00,2412.300048828125,2421.800048828125,2392.199951171875,2392.800048828125,201924,HINDUNILVR
2026-01-06 07:45:00+00:00,2414.800048828125,2419.39990234375,2409.0,2412.300048828125,174446,HINDUNILVR
2026-01-06 08:45:00+00:00,2424.800048828125,2428.0,2415.0,2415.300048828125,530085,HINDUNILVR
2026-01-06 09:45:00+00:00,2424.89990234375,2427.89990234375,2422.0,2424.89990234375,175449,HINDUNILVR
2026-01-07 03:45:00+00:00,2411.10009765625,2421.89990234375,2403.89990234375,2415.60009765625,0,HINDUNILVR
2026-01-07 04:45:00+00:00,2405.10009765625,2413.300048828125,2398.0,2411.5,87896,HINDUNILVR
2026-01-07 05:45:00+00:00,2395.699951171875,2406.0,2392.10009765625,2405.10009765625,73370,HINDUNILVR
2026-01-07 06:45:00+00:00,2404.800048828125,2406.89990234375,2394.199951171875,2395.699951171875,80462,HINDUNILVR
2026-01-07 07:45:00+00:00,2402.5,2405.199951171875,2399.300048828125,2403.89990234375,116220,HINDUNILVR
2026-01-07 08:45:00+00:00,2403.5,2407.39990234375,2401.5,2402.60009765625,181822,HINDUNILVR
2026-01-07 09:45:00+00:00,2399.39990234375,2403.699951171875,2382.0,2403.0,220708,HINDUNILVR
2026-01-08 03:45:00+00:00,2404.5,2418.0,2369.300048828125,2369.300048828125,0,HINDUNILVR
2026-01-08 04:45:00+00:00,2410.60009765625,2412.5,2400.0,2404.39990234375,114253,HINDUNILVR
2026-01-08 05:45:00+00:00,2398.0,2414.89990234375,2394.800048828125,2410.800048828125,114266,HINDUNILVR
2026-01-08 06:45:00+00:00,2396.10009765625,2401.0,2389.800048828125,2397.5,54707,HINDUNILVR
2026-01-08 07:45:00+00:00,2396.800048828125,2400.60009765625,2390.0,2394.199951171875,191676,HINDUNILVR
2026-01-08 08:45:00+00:00,2386.5,2397.699951171875,2385.300048828125,2396.800048828125,275670,HINDUNILVR
2026-01-08 09:45:00+00:00,2386.699951171875,2389.800048828125,2383.699951171875,2386.199951171875,223929,HINDUNILVR
2026-01-09 03:45:00+00:00,2374.89990234375,2386.0,2369.89990234375,2369.89990234375,0,HINDUNILVR
2026-01-09 04:45:00+00:00,2372.5,2380.0,2370.0,2375.0,222155,HINDUNILVR
2026-01-09 05:45:00+00:00,2371.39990234375,2380.0,2366.89990234375,2371.89990234375,185699,HINDUNILVR
2026-01-09 06:45:00+00:00,2370.699951171875,2380.0,2367.5,2373.199951171875,125867,HINDUNILVR
2026-01-09 07:45:00+00:00,2364.10009765625,2375.0,2362.60009765625,2371.699951171875,138512,HINDUNILVR
2026-01-09 08:45:00+00:00,2372.60009765625,2373.39990234375,2362.300048828125,2365.0,224681,HINDUNILVR
2026-01-09 09:45:00+00:00,2378.0,2378.39990234375,2371.39990234375,2372.60009765625,124174,HINDUNILVR
2026-01-12 03:45:00+00:00,2381.0,2392.199951171875,2363.10009765625,2363.10009765625,0,HINDUNILVR
2026-01-12 04:45:00+00:00,2381.89990234375,2383.800048828125,2373.5,2381.800048828125,82660,HINDUNILVR
2026-01-12 05:45:00+00:00,2386.699951171875,2387.39990234375,2377.89990234375,2381.89990234375,153945,HINDUNILVR
2026-01-12 06:45:00+00:00,2390.89990234375,2396.39990234375,2384.199951171875,2386.60009765625,211881,HINDUNILVR
2026-01-12 07:45:00+00:00,2402.60009765625,2403.60009765625,2386.60009765625,2389.89990234375,118287,HINDUNILVR
2026-01-12 08:45:00+00:00,2407.89990234375,2413.5,2400.10009765625,2402.39990234375,178533,HINDUNILVR
2026-01-12 09:45:00+00:00,2406.199951171875,2408.89990234375,2402.699951171875,2407.89990234375,88186,HINDUNILVR
2026-01-13 03:45:00+00:00,2404.89990234375,2422.0,2399.699951171875,2408.10009765625,0,HINDUNILVR
2026-01-13 04:45:00+00:00,2394.89990234375,2412.699951171875,2394.0,2405.0,138677,HINDUNILVR
2026-01-13 05:45:00+00:00,2383.199951171875,2399.199951171875,2383.199951171875,2395.699951171875,112287,HINDUNILVR
2026-01-13 06:45:00+00:00,2369.800048828125,2384.89990234375,2368.199951171875,2383.5,204986,HINDUNILVR
2026-01-13 07:45:00+00:00,2372.800048828125,2373.699951171875,2365.199951171875,2369.89990234375,201227,HINDUNILVR
2026-01-13 08:45:00+00:00,2389.800048828125,2392.5,2370.199951171875,2372.300048828125,508562,HINDUNILVR
2026-01-13 09:45:00+00:00,2389.5,2396.199951171875,2383.800048828125,2389.60009765625,237745,HINDUNILVR
2026-01-14 03:45:00+00:00,2369.89990234375,2390.300048828125,2369.0,2390.300048828125,0,HINDUNILVR
2026-01-14 04:45:00+00:00,2351.39990234375,2370.0,2350.0,2369.800048828125,86304,HINDUNILVR
2026-01-14 05:45:00+00:00,2360.39990234375,2361.89990234375,2350.199951171875,2350.5,123320,HINDUNILVR
2026-01-14 06:45:00+00:00,2351.10009765625,2363.5,2350.0,2360.39990234375,206098,HINDUNILVR
2026-01-14 07:45:00+00:00,2346.60009765625,2351.10009765625,2341.699951171875,2351.0,106881,HINDUNILVR
2026-01-14 08:45:00+00:00,2353.800048828125,2355.800048828125,2341.199951171875,2346.89990234375,286153,HINDUNILVR
2026-01-14 09:45:00+00:00,2350.0,2357.60009765625,2350.0,2353.800048828125,138709,HINDUNILVR
2026-01-16 03:45:00+00:00,2363.699951171875,2364.699951171875,2352.199951171875,2364.699951171875,0,HINDUNILVR
2026-01-16 04:45:00+00:00,2365.0,2372.89990234375,2359.199951171875,2363.699951171875,208075,HINDUNILVR
2026-01-16 05:45:00+00:00,2367.800048828125,2370.0,2361.800048828125,2365.0,106340,HINDUNILVR
2026-01-16 06:45:00+00:00,2362.0,2368.60009765625,2351.0,2367.89990234375,286106,HINDUNILVR
2026-01-16 07:45:00+00:00,2357.199951171875,2363.89990234375,2353.0,2362.300048828125,135661,HINDUNILVR
2026-01-16 08:45:00+00:00,2361.0,2361.60009765625,2349.60009765625,2356.300048828125,293121,HINDUNILVR
2026-01-16 09:45:00+00:00,2361.800048828125,2362.699951171875,2355.699951171875,2361.10009765625,169334,HINDUNILVR
2026-01-19 03:45:00+00:00,2382.89990234375,2401.199951171875,2359.800048828125,2359.800048828125,0,HINDUNILVR
2026-01-19 04:45:00+00:00,2392.300048828125,2396.0,2380.10009765625,2383.300048828125,160641,HINDUNILVR
2026-01-19 05:45:00+00:00,2397.5,2397.60009765625,2360.39990234375,2360.39990234375,242387,HINDUNILVR
2026-01-19 06:45:00+00:00,2405.300048828125,2407.199951171875,2395.10009765625,2397.5,185514,HINDUNILVR
2026-01-19 07:45:00+00:00,2411.0,2425.0,2404.199951171875,2405.300048828125,231491,HINDUNILVR
2026-01-19 08:45:00+00:00,2412.89990234375,2422.39990234375,2410.800048828125,2410.800048828125,300233,HINDUNILVR
2026-01-19 09:45:00+00:00,2413.199951171875,2413.800048828125,2408.800048828125,2412.89990234375,118001,HINDUNILVR
2026-01-20 03:45:00+00:00,2434.199951171875,2434.89990234375,2407.10009765625,2421.89990234375,0,HINDUNILVR
2026-01-20 04:45:00+00:00,2426.10009765625,2439.0,2424.300048828125,2434.10009765625,181702,HINDUNILVR
2026-01-20 05:45:00+00:00,2426.800048828125,2433.0,2424.199951171875,2426.39990234375,133104,HINDUNILVR
2026-01-20 06:45:00+00:00,2421.39990234375,2428.300048828125,2420.699951171875,2425.800048828125,130858,HINDUNILVR
2026-01-20 07:45:00+00:00,2413.39990234375,2422.0,2411.199951171875,2421.39990234375,140138,HINDUNILVR
2026-01-20 08:45:00+00:00,2377.199951171875,2414.0,2376.60009765625,2412.800048828125,382988,HINDUNILVR
2026-01-20 09:45:00+00:00,2379.10009765625,2384.800048828125,2368.699951171875,2377.10009765625,172589,HINDUNILVR
2026-01-21 03:45:00+00:00,2383.0,2399.5,2379.10009765625,2380.0,0,HINDUNILVR
2026-01-21 04:45:00+00:00,2389.0,2392.5,2373.89990234375,2382.699951171875,218499,HINDUNILVR
2026-01-21 05:45:00+00:00,2383.5,2393.89990234375,2383.199951171875,2388.60009765625,120986,HINDUNILVR
2026-01-21 06:45:00+00:00,2385.699951171875,2396.89990234375,2381.39990234375,2384.5,89441,HINDUNILVR
2026-01-21 07:45:00+00:00,2364.89990234375,2385.699951171875,2362.60009765625,2385.10009765625,90307,HINDUNILVR
2026-01-21 08:45:00+00:00,2368.89990234375,2374.60009765625,2364.0,2364.800048828125,163069,HINDUNILVR
2026-01-21 09:45:00+00:00,2365.89990234375,2369.60009765625,2360.199951171875,2369.0,127656,HINDUNILVR
2026-01-22 03:45:00+00:00,2381.39990234375,2397.5,2370.199951171875,2370.199951171875,0,HINDUNILVR
2026-01-22 04:45:00+00:00,2379.0,2384.800048828125,2369.0,2381.199951171875,326599,HINDUNILVR
2026-01-22 05:45:00+00:00,2379.5,2386.0,2373.699951171875,2379.89990234375,321502,HINDUNILVR
2026-01-22 06:45:00+00:00,2366.699951171875,2381.199951171875,2366.0,2379.5,152962,HINDUNILVR
2026-01-22 07:45:00+00:00,2369.60009765625,2377.60009765625,2366.800048828125,2367.699951171875,154280,HINDUNILVR
2026-01-22 08:45:00+00:00,2388.39990234375,2394.0,2366.199951171875,2369.5,385673,HINDUNILVR
2026-01-22 09:45:00+00:00,2396.699951171875,2401.800048828125,2388.5,2388.5,236094,HINDUNILVR
2026-01-23 03:45:00+00:00,2407.800048828125,2414.39990234375,2376.800048828125,2399.39990234375,0,HINDUNILVR
2026-01-23 04:45:00+00:00,2424.699951171875,2427.0,2393.800048828125,2407.800048828125,203363,HINDUNILVR
2026-01-23 05:45:00+00:00,2424.0,2433.89990234375,2420.199951171875,2424.89990234375,222275,HINDUNILVR
2026-01-23 06:45:00+00:00,2425.0,2432.0,2421.800048828125,2423.60009765625,257262,HINDUNILVR
2026-01-23 07:45:00+00:00,2418.89990234375,2426.10009765625,2415.800048828125,2425.39990234375,109629,HINDUNILVR
2026-01-23 08:45:00+00:00,2409.199951171875,2422.39990234375,2408.60009765625,2418.89990234375,290174,HINDUNILVR
2026-01-23 09:45:00+00:00,2409.5,2410.89990234375,2404.60009765625,2409.300048828125,104995,HINDUNILVR
2026-01-27 03:45:00+00:00,2409.0,2419.199951171875,2395.89990234375,2412.10009765625,0,HINDUNILVR
2026-01-27 04:45:00+00:00,2407.5,2419.699951171875,2399.5,2408.199951171875,190541,HINDUNILVR
2026-01-27 05:45:00+00:00,2405.89990234375,2410.800048828125,2394.89990234375,2407.5,468180,HINDUNILVR
2026-01-27 06:45:00+00:00,2388.39990234375,2410.0,2380.699951171875,2405.89990234375,220774,HINDUNILVR
2026-01-27 07:45:00+00:00,2390.800048828125,2408.0,2385.699951171875,2388.39990234375,206379,HINDUNILVR
2026-01-27 08:45:00+00:00,2403.89990234375,2405.0,2386.0,2390.800048828125,494638,HINDUNILVR
2026-01-27 09:45:00+00:00,2403.0,2407.5,2396.800048828125,2403.89990234375,249207,HINDUNILVR
2026-01-28 03:45:00+00:00,2362.60009765625,2420.199951171875,2361.0,2404.0,363984,HINDUNILVR
2026-01-28 04:45:00+00:00,2370.10009765625,2371.0,2340.60009765625,2363.0,289525,HINDUNILVR
2026-01-28 05:45:00+00:00,2361.89990234375,2372.10009765625,2357.39990234375,2371.0,121159,HINDUNILVR
2026-01-28 06:45:00+00:00,2363.39990234375,2366.699951171875,2356.5,2361.89990234375,180255,HINDUNILVR
2026-01-28 07:45:00+00:00,2348.89990234375,2366.5,2343.0,2363.39990234375,156391,HINDUNILVR
2026-01-28 08:45:00+00:00,2379.199951171875,2379.300048828125,2348.699951171875,2348.89990234375,445633,HINDUNILVR
2026-01-28 09:45:00+00:00,2386.0,2386.89990234375,2378.60009765625,2378.60009765625,240354,HINDUNILVR
2026-01-29 03:45:00+00:00,2326.39990234375,2370.5,2324.10009765625,2370.5,285276,HINDUNILVR
2026-01-29 04:45:00+00:00,2323.10009765625,2327.5,2312.300048828125,2326.0,165677,HINDUNILVR
2026-01-29 05:45:00+00:00,2330.0,2330.0,2319.0,2321.800048828125,102389,HINDUNILVR
2026-01-29 06:45:00+00:00,2338.699951171875,2339.800048828125,2324.300048828125,2330.0,92274,HINDUNILVR
2026-01-29 07:45:00+00:00,2352.0,2358.199951171875,2336.699951171875,2338.699951171875,350040,HINDUNILVR
2026-01-29 08:45:00+00:00,2356.0,2358.5,2348.10009765625,2351.60009765625,317528,HINDUNILVR
2026-01-29 09:45:00+00:00,2352.60009765625,2356.10009765625,2345.10009765625,2356.0,165296,HINDUNILVR
2026-01-30 03:45:00+00:00,2372.10009765625,2382.60009765625,2341.699951171875,2341.699951171875,0,HINDUNILVR
2026-01-30 04:45:00+00:00,2361.300048828125,2373.39990234375,2360.300048828125,2372.0,122284,HINDUNILVR
2026-01-30 05:45:00+00:00,2358.300048828125,2368.0,2349.0,2361.199951171875,107523,HINDUNILVR
2026-01-30 06:45:00+00:00,2362.699951171875,2372.0,2357.0,2358.89990234375,149948,HINDUNILVR
2026-01-30 07:45:00+00:00,2359.300048828125,2363.10009765625,2350.300048828125,2361.39990234375,96722,HINDUNILVR
2026-01-30 08:45:00+00:00,2370.60009765625,2382.39990234375,2351.0,2361.0,978881,HINDUNILVR
2026-01-30 09:45:00+00:00,2373.0,2381.89990234375,2365.0,2370.5,360064,HINDUNILVR
2026-02-02 09:45:00+00:00,2357.300048828125,2357.300048828125,2357.300048828125,2357.300048828125,0,HINDUNILVR
2026-02-03 03:45:00+00:00,2349.5,2397.199951171875,2343.5,2397.199951171875,370137,HINDUNILVR
2026-02-03 04:45:00+00:00,2363.0,2364.800048828125,2350.199951171875,2350.199951171875,237573,HINDUNILVR
2026-02-03 05:45:00+00:00,2382.39990234375,2383.39990234375,2357.89990234375,2362.89990234375,169788,HINDUNILVR
2026-02-03 06:45:00+00:00,2380.39990234375,2385.0,2377.10009765625,2382.39990234375,79038,HINDUNILVR
2026-02-03 07:45:00+00:00,2385.800048828125,2387.89990234375,2378.800048828125,2381.0,121077,HINDUNILVR
2026-02-03 08:45:00+00:00,2365.0,2386.199951171875,2365.0,2385.800048828125,375323,HINDUNILVR
2026-02-03 09:45:00+00:00,2368.60009765625,2374.89990234375,2363.10009765625,2365.89990234375,200213,HINDUNILVR
2026-02-04 03:45:00+00:00,2378.60009765625,2393.0,2363.39990234375,2365.60009765625,0,HINDUNILVR
2026-02-04 04:45:00+00:00,2369.300048828125,2383.800048828125,2368.800048828125,2378.699951171875,109275,HINDUNILVR
2026-02-04 05:45:00+00:00,2363.800048828125,2372.39990234375,2357.199951171875,2369.300048828125,100302,HINDUNILVR
2026-02-04 06:45:00+00:00,2368.10009765625,2368.89990234375,2360.199951171875,2363.800048828125,69189,HINDUNILVR
2026-02-04 07:45:00+00:00,2373.0,2373.0,2361.89990234375,2367.10009765625,124301,HINDUNILVR
2026-02-04 08:45:00+00:00,2371.699951171875,2377.5,2370.10009765625,2373.0,237473,HINDUNILVR
2026-02-04 09:45:00+00:00,2371.0,2373.10009765625,2365.800048828125,2371.89990234375,207671,HINDUNILVR
2026-02-05 03:45:00+00:00,2408.800048828125,2423.0,2365.10009765625,2368.0,0,HINDUNILVR
2026-02-05 04:45:00+00:00,2389.199951171875,2409.0,2381.199951171875,2408.300048828125,207314,HINDUNILVR
2026-02-05 05:45:00+00:00,2373.10009765625,2390.5,2372.0,2388.300048828125,271810,HINDUNILVR
2026-02-05 06:45:00+00:00,2367.699951171875,2377.699951171875,2367.10009765625,2373.10009765625,172944,HINDUNILVR
2026-02-05 07:45:00+00:00,2353.39990234375,2372.39990234375,2352.39990234375,2367.89990234375,254849,HINDUNILVR
2026-02-05 08:45:00+00:00,2354.10009765625,2360.60009765625,2351.699951171875,2353.89990234375,378743,HINDUNILVR
2026-02-05 09:45:00+00:00,2355.0,2356.0,2353.39990234375,2354.10009765625,174523,HINDUNILVR
2026-02-06 03:45:00+00:00,2338.0,2368.0,2338.0,2355.39990234375,0,HINDUNILVR
2026-02-06 04:45:00+00:00,2362.39990234375,2363.0,2338.5,2339.0,116039,HINDUNILVR
2026-02-06 05:45:00+00:00,2377.300048828125,2385.89990234375,2360.89990234375,2362.89990234375,205894,HINDUNILVR
2026-02-06 06:45:00+00:00,2381.699951171875,2383.300048828125,2377.300048828125,2377.300048828125,59002,HINDUNILVR
2026-02-06 07:45:00+00:00,2402.0,2405.199951171875,2379.89990234375,2381.300048828125,143735,HINDUNILVR
2026-02-06 08:45:00+00:00,2427.5,2429.0,2401.300048828125,2401.300048828125,543483,HINDUNILVR
2026-02-06 09:45:00+00:00,2419.699951171875,2428.0,2416.5,2427.699951171875,201011,HINDUNILVR
2026-02-09 03:45:00+00:00,2404.0,2424.199951171875,2403.10009765625,2424.199951171875,0,HINDUNILVR
2026-02-09 04:45:00+00:00,2415.0,2420.0,2402.800048828125,2404.0,99688,HINDUNILVR
2026-02-09 05:45:00+00:00,2424.0,2424.199951171875,2412.0,2415.699951171875,146823,HINDUNILVR
2026-02-09 06:45:00+00:00,2430.800048828125,2432.10009765625,2418.800048828125,2423.89990234375,104909,HINDUNILVR
2026-02-09 07:45:00+00:00,2431.60009765625,2433.10009765625,2425.0,2431.60009765625,97200,HINDUNILVR
2026-02-09 08:45:00+00:00,2435.699951171875,2438.800048828125,2431.0,2431.699951171875,218160,HINDUNILVR
2026-02-09 09:45:00+00:00,2435.0,2436.5,2428.89990234375,2435.800048828125,141225,HINDUNILVR
2026-02-10 03:45:00+00:00,2449.0,2451.300048828125,2431.199951171875,2435.0,0,HINDUNILVR
2026-02-10 04:45:00+00:00,2437.0,2450.5,2436.89990234375,2449.89990234375,67208,HINDUNILVR
2026-02-10 05:45:00+00:00,2438.0,2440.0,2431.699951171875,2436.39990234375,47243,HINDUNILVR
2026-02-10 06:45:00+00:00,2442.0,2443.0,2432.5,2437.89990234375,34872,HINDUNILVR
2026-02-10 07:45:00+00:00,2446.0,2447.0,2434.10009765625,2442.0,89671,HINDUNILVR
2026-02-10 08:45:00+00:00,2455.300048828125,2458.10009765625,2443.300048828125,2447.0,266402,HINDUNILVR
2026-02-10 09:45:00+00:00,2448.5,2455.199951171875,2447.0,2455.199951171875,115654,HINDUNILVR
2026-02-11 03:45:00+00:00,2448.5,2466.300048828125,2447.10009765625,2454.199951171875,0,HINDUNILVR
2026-02-11 04:45:00+00:00,2466.39990234375,2470.300048828125,2447.39990234375,2448.5,153730,HINDUNILVR
2026-02-11 05:45:00+00:00,2463.0,2467.89990234375,2461.10009765625,2466.10009765625,159089,HINDUNILVR
2026-02-11 06:45:00+00:00,2460.10009765625,2466.60009765625,2453.0,2463.300048828125,193261,HINDUNILVR
2026-02-11 07:45:00+00:00,2465.0,2465.5,2460.10009765625,2460.60009765625,91101,HINDUNILVR
2026-02-11 08:45:00+00:00,2462.199951171875,2465.0,2461.60009765625,2465.0,220136,HINDUNILVR
2026-02-11 09:45:00+00:00,2462.89990234375,2463.5,2456.800048828125,2462.0,135721,HINDUNILVR
2026-02-12 03:45:00+00:00,2465.5,2479.0,2456.800048828125,2472.10009765625,0,HINDUNILVR
2026-02-12 04:45:00+00:00,2376.699951171875,2472.199951171875,2369.89990234375,2466.89990234375,1740125,HINDUNILVR
2026-02-12 05:45:00+00:00,2414.5,2426.300048828125,2350.10009765625,2376.699951171875,1093176,HINDUNILVR
2026-02-12 06:45:00+00:00,2418.60009765625,2432.0,2407.5,2414.5,426222,HINDUNILVR
2026-02-12 07:45:00+00:00,2415.300048828125,2428.0,2407.199951171875,2418.60009765625,442656,HINDUNILVR
2026-02-12 08:45:00+00:00,2410.5,2419.699951171875,2400.89990234375,2415.5,500681,HINDUNILVR
2026-02-12 09:45:00+00:00,2407.0,2412.800048828125,2404.10009765625,2410.5,254996,HINDUNILVR
2026-02-13 03:45:00+00:00,2353.60009765625,2377.0,2348.199951171875,2377.0,0,HINDUNILVR
2026-02-13 04:45:00+00:00,2358.199951171875,2371.60009765625,2350.199951171875,2352.60009765625,314664,HINDUNILVR
2026-02-13 05:45:00+00:00,2352.5,2363.699951171875,2351.10009765625,2358.0,197773,HINDUNILVR
2026-02-13 06:45:00+00:00,2324.300048828125,2354.5,2319.0,2352.0,669542,HINDUNILVR
2026-02-13 07:45:00+00:00,2323.5,2330.5,2319.699951171875,2324.800048828125,365523,HINDUNILVR
2026-02-13 08:45:00+00:00,2300.800048828125,2323.89990234375,2300.39990234375,2323.5,591127,HINDUNILVR
2026-02-13 09:45:00+00:00,2301.199951171875,2312.0,2300.300048828125,2300.60009765625,270605,HINDUNILVR
2026-02-16 03:45:00+00:00,2296.0,2307.60009765625,2289.10009765625,2299.60009765625,0,HINDUNILVR
2026-02-16 04:45:00+00:00,2310.0,2314.5,2296.300048828125,2296.300048828125,313356,HINDUNILVR
2026-02-16 05:45:00+00:00,2316.0,2319.5,2308.0,2309.300048828125,449904,HINDUNILVR
2026-02-16 06:45:00+00:00,2314.199951171875,2321.800048828125,2308.199951171875,2316.89990234375,388038,HINDUNILVR
2026-02-16 07:45:00+00:00,2312.0,2327.0,2310.60009765625,2314.10009765625,365356,HINDUNILVR
2026-02-16 08:45:00+00:00,2317.39990234375,2322.39990234375,2310.0,2311.5,195316,HINDUNILVR
2026-02-16 09:45:00+00:00,2316.0,2320.89990234375,2315.199951171875,2317.199951171875,57687,HINDUNILVR
2026-02-17 03:45:00+00:00,2312.199951171875,2325.60009765625,2305.699951171875,2310.199951171875,0,HINDUNILVR
2026-02-17 04:45:00+00:00,2313.0,2319.89990234375,2307.0,2312.60009765625,89987,HINDUNILVR
2026-02-17 05:45:00+00:00,2308.5,2314.199951171875,2307.89990234375,2313.199951171875,92750,HINDUNILVR
2026-02-17 06:45:00+00:00,2307.10009765625,2312.39990234375,2305.300048828125,2308.5,91719,HINDUNILVR
2026-02-17 07:45:00+00:00,2304.10009765625,2311.0,2304.0,2307.89990234375,73496,HINDUNILVR
2026-02-17 08:45:00+00:00,2312.89990234375,2316.10009765625,2303.5,2304.0,526289,HINDUNILVR
2026-02-17 09:45:00+00:00,2310.0,2314.0,2310.0,2313.10009765625,219861,HINDUNILVR
2026-02-18 03:45:00+00:00,2308.800048828125,2318.800048828125,2308.39990234375,2315.800048828125,0,HINDUNILVR
2026-02-18 04:45:00+00:00,2315.10009765625,2316.699951171875,2306.199951171875,2308.60009765625,59991,HINDUNILVR
2026-02-18 05:45:00+00:00,2312.199951171875,2316.39990234375,2312.0,2315.5,179246,HINDUNILVR
2026-02-18 06:45:00+00:00,2321.0,2324.800048828125,2312.199951171875,2312.199951171875,150377,HINDUNILVR
2026-02-18 07:45:00+00:00,2325.10009765625,2325.800048828125,2320.0,2321.699951171875,83902,HINDUNILVR
2026-02-18 08:45:00+00:00,2323.0,2328.89990234375,2321.199951171875,2325.39990234375,177937,HINDUNILVR
2026-02-18 09:45:00+00:00,2323.5,2327.699951171875,2321.89990234375,2321.89990234375,75518,HINDUNILVR
2026-02-19 03:45:00+00:00,2332.10009765625,2335.800048828125,2324.0,2335.800048828125,0,HINDUNILVR
2026-02-19 04:45:00+00:00,2319.0,2337.39990234375,2319.0,2332.0,94635,HINDUNILVR
2026-02-19 05:45:00+00:00,2306.39990234375,2320.0,2304.10009765625,2319.39990234375,69413,HINDUNILVR
2026-02-19 06:45:00+00:00,2303.89990234375,2307.5,2296.39990234375,2304.199951171875,118078,HINDUNILVR
2026-02-19 07:45:00+00:00,2283.0,2303.89990234375,2279.0,2303.89990234375,138962,HINDUNILVR
2026-02-19 08:45:00+00:00,2280.0,2288.800048828125,2275.800048828125,2283.0,265638,HINDUNILVR
2026-02-19 09:45:00+00:00,2281.0,2281.5,2278.300048828125,2280.0,126934,HINDUNILVR
2026-02-20 03:45:00+00:00,2304.0,2306.89990234375,2283.39990234375,2286.199951171875,0,HINDUNILVR
2026-02-20 04:45:00+00:00,2312.0,2317.0,2304.0,2304.39990234375,185600,HINDUNILVR
2026-02-20 05:45:00+00:00,2329.0,2329.0,2312.5,2312.60009765625,158583,HINDUNILVR
2026-02-20 06:45:00+00:00,2325.300048828125,2331.199951171875,2324.699951171875,2329.0,289347,HINDUNILVR
2026-02-20 07:45:00+00:00,2309.89990234375,2327.300048828125,2307.199951171875,2325.0,256779,HINDUNILVR
2026-02-20 08:45:00+00:00,2313.60009765625,2322.699951171875,2307.60009765625,2309.89990234375,424067,HINDUNILVR
2026-02-20 09:45:00+00:00,2314.5,2320.800048828125,2311.10009765625,2313.60009765625,243784,HINDUNILVR
2026-02-23 03:45:00+00:00,2334.39990234375,2342.800048828125,2321.10009765625,2324.5,0,HINDUNILVR
2026-02-23 04:45:00+00:00,2342.39990234375,2345.89990234375,2332.10009765625,2334.699951171875,235321,HINDUNILVR
2026-02-23 05:45:00+00:00,2335.60009765625,2343.300048828125,2328.0,2342.5,373544,HINDUNILVR
2026-02-23 06:45:00+00:00,2340.800048828125,2349.60009765625,2332.5,2336.0,179636,HINDUNILVR
2026-02-23 07:45:00+00:00,2338.5,2345.0,2336.0,2340.39990234375,75086,HINDUNILVR
2026-02-23 08:45:00+00:00,2345.699951171875,2348.0,2334.800048828125,2338.5,171328,HINDUNILVR
2026-02-23 09:45:00+00:00,2345.39990234375,2350.0,2342.39990234375,2346.0,114758,HINDUNILVR
2026-02-24 03:45:00+00:00,2342.89990234375,2349.89990234375,2335.0,2344.800048828125,0,HINDUNILVR
2026-02-24 04:45:00+00:00,2352.0,2353.5,2341.0,2343.0,129777,HINDUNILVR
2026-02-24 05:45:00+00:00,2360.10009765625,2360.199951171875,2350.300048828125,2352.300048828125,116243,HINDUNILVR
2026-02-24 06:45:00+00:00,2367.800048828125,2369.5,2356.89990234375,2360.0,278139,HINDUNILVR
2026-02-24 07:45:00+00:00,2363.0,2371.39990234375,2361.0,2367.5,208337,HINDUNILVR
2026-02-24 08:45:00+00:00,2357.39990234375,2365.5,2354.10009765625,2363.10009765625,479015,HINDUNILVR
2026-02-24 09:45:00+00:00,2358.60009765625,2365.800048828125,2357.10009765625,2357.300048828125,209078,HINDUNILVR
2026-02-25 03:45:00+00:00,2367.10009765625,2378.89990234375,2363.800048828125,2367.5,0,HINDUNILVR
2026-02-25 04:45:00+00:00,2360.0,2371.699951171875,2357.0,2367.89990234375,66933,HINDUNILVR
2026-02-25 05:45:00+00:00,2352.89990234375,2365.0,2349.0,2360.199951171875,122674,HINDUNILVR
2026-02-25 06:45:00+00:00,2359.5,2362.39990234375,2350.39990234375,2352.89990234375,153867,HINDUNILVR
2026-02-25 07:45:00+00:00,2371.5,2375.0,2357.10009765625,2359.300048828125,238418,HINDUNILVR
2026-02-25 08:45:00+00:00,2373.199951171875,2379.0,2369.300048828125,2370.39990234375,370759,HINDUNILVR
2026-02-25 09:45:00+00:00,2375.0,2378.5,2372.10009765625,2373.5,124204,HINDUNILVR
2026-02-26 03:45:00+00:00,2364.39990234375,2378.199951171875,2355.89990234375,2378.0,0,HINDUNILVR
2026-02-26 04:45:00+00:00,2371.89990234375,2372.800048828125,2360.0,2364.300048828125,83134,HINDUNILVR
2026-02-26 05:45:00+00:00,2369.300048828125,2378.300048828125,2365.0,2372.300048828125,264677,HINDUNILVR
2026-02-26 06:45:00+00:00,2372.60009765625,2373.89990234375,2364.10009765625,2369.300048828125,257736,HINDUNILVR
2026-02-26 07:45:00+00:00,2372.699951171875,2375.5,2369.5,2372.5,238846,HINDUNILVR
2026-02-26 08:45:00+00:00,2383.699951171875,2385.300048828125,2370.0,2372.699951171875,434139,HINDUNILVR
2026-02-26 09:45:00+00:00,2383.300048828125,2384.300048828125,2380.0,2383.60009765625,107564,HINDUNILVR
2026-02-27 03:45:00+00:00,2343.300048828125,2378.699951171875,2339.199951171875,2369.39990234375,0,HINDUNILVR
2026-02-27 04:45:00+00:00,2351.5,2352.699951171875,2340.0,2343.300048828125,141766,HINDUNILVR
2026-02-27 05:45:00+00:00,2347.10009765625,2352.699951171875,2345.699951171875,2351.300048828125,223554,HINDUNILVR
2026-02-27 06:45:00+00:00,2360.89990234375,2361.199951171875,2343.300048828125,2347.10009765625,272324,HINDUNILVR
2026-02-27 07:45:00+00:00,2356.39990234375,2360.800048828125,2355.0,2360.60009765625,108419,HINDUNILVR
2026-02-27 08:45:00+00:00,2339.5,2358.300048828125,2331.10009765625,2356.39990234375,1177213,HINDUNILVR
2026-02-27 09:45:00+00:00,2338.10009765625,2344.39990234375,2334.300048828125,2339.60009765625,925865,HINDUNILVR
2026-03-02 03:45:00+00:00,2315.300048828125,2345.300048828125,2310.10009765625,2336.199951171875,0,HINDUNILVR
2026-03-02 04:45:00+00:00,2304.0,2321.300048828125,2300.39990234375,2315.300048828125,344778,HINDUNILVR
2026-03-02 05:45:00+00:00,2312.39990234375,2315.60009765625,2302.300048828125,2304.0,357827,HINDUNILVR
2026-03-02 06:45:00+00:00,2299.699951171875,2313.5,2298.89990234375,2311.800048828125,167771,HINDUNILVR
2026-03-02 07:45:00+00:00,2313.60009765625,2314.0,2290.699951171875,2301.10009765625,289450,HINDUNILVR
2026-03-02 08:45:00+00:00,2324.60009765625,2329.89990234375,2309.5,2315.699951171875,455376,HINDUNILVR
2026-03-02 09:45:00+00:00,2320.60009765625,2324.5,2317.0,2324.5,246955,HINDUNILVR
2026-03-04 03:45:00+00:00,2298.39990234375,2311.0,2285.199951171875,2292.89990234375,0,HINDUNILVR
2026-03-04 04:45:00+00:00,2300.39990234375,2310.0,2297.199951171875,2299.800048828125,464499,HINDUNILVR
2026-03-04 05:45:00+00:00,2302.60009765625,2305.699951171875,2297.5,2300.5,224115,HINDUNILVR
2026-03-04 06:45:00+00:00,2281.800048828125,2302.89990234375,2278.89990234375,2302.699951171875,186357,HINDUNILVR
2026-03-04 07:45:00+00:00,2283.800048828125,2284.699951171875,2271.300048828125,2281.800048828125,197408,HINDUNILVR
2026-03-04 08:45:00+00:00,2260.0,2287.300048828125,2258.89990234375,2284.0,601225,HINDUNILVR
2026-03-04 09:45:00+00:00,2261.300048828125,2262.0,2252.60009765625,2260.0,390661,HINDUNILVR
2026-03-05 03:45:00+00:00,2232.199951171875,2277.800048828125,2230.60009765625,2277.800048828125,0,HINDUNILVR
2026-03-05 04:45:00+00:00,2235.39990234375,2243.199951171875,2230.39990234375,2232.300048828125,328404,HINDUNILVR
2026-03-05 05:45:00+00:00,2249.199951171875,2249.199951171875,2230.0,2236.10009765625,244742,HINDUNILVR
2026-03-05 06:45:00+00:00,2238.300048828125,2250.699951171875,2237.60009765625,2249.10009765625,109856,HINDUNILVR
2026-03-05 07:45:00+00:00,2235.10009765625,2248.60009765625,2234.89990234375,2238.300048828125,114810,HINDUNILVR
2026-03-05 08:45:00+00:00,2252.5,2261.5,2232.0,2235.0,445618,HINDUNILVR
2026-03-05 09:45:00+00:00,2255.0,2258.5,2249.10009765625,2253.5,201165,HINDUNILVR
2026-03-06 03:45:00+00:00,2234.699951171875,2247.0,2233.0,2245.199951171875,0,HINDUNILVR
2026-03-06 04:45:00+00:00,2228.300048828125,2238.300048828125,2223.89990234375,2235.0,204495,HINDUNILVR
2026-03-06 05:45:00+00:00,2225.39990234375,2231.39990234375,2225.0,2228.5,187211,HINDUNILVR
2026-03-06 06:45:00+00:00,2230.10009765625,2234.0,2222.800048828125,2225.39990234375,167273,HINDUNILVR
2026-03-06 07:45:00+00:00,2224.199951171875,2233.300048828125,2224.0,2230.199951171875,218960,HINDUNILVR
2026-03-06 08:45:00+00:00,2225.199951171875,2230.39990234375,2220.5,2224.199951171875,371540,HINDUNILVR
2026-03-06 09:45:00+00:00,2225.0,2228.89990234375,2223.199951171875,2225.60009765625,235085,HINDUNILVR
2026-03-09 03:45:00+00:00,2175.800048828125,2200.0,2170.89990234375,2187.5,0,HINDUNILVR
2026-03-09 04:45:00+00:00,2192.300048828125,2194.10009765625,2175.199951171875,2175.800048828125,231603,HINDUNILVR
2026-03-09 05:45:00+00:00,2193.300048828125,2195.800048828125,2190.199951171875,2193.10009765625,139010,HINDUNILVR
2026-03-09 06:45:00+00:00,2184.60009765625,2193.39990234375,2183.60009765625,2193.300048828125,224516,HINDUNILVR
2026-03-09 07:45:00+00:00,2181.0,2195.89990234375,2180.800048828125,2184.800048828125,209826,HINDUNILVR
2026-03-09 08:45:00+00:00,2195.5,2197.0,2176.60009765625,2180.800048828125,275124,HINDUNILVR
2026-03-09 09:45:00+00:00,2194.60009765625,2199.199951171875,2188.10009765625,2195.5,171733,HINDUNILVR
2026-03-10 03:45:00+00:00,2204.5,2219.0,2196.60009765625,2212.800048828125,0,HINDUNILVR
2026-03-10 04:45:00+00:00,2200.89990234375,2208.89990234375,2195.699951171875,2204.5,68453,HINDUNILVR
2026-03-10 05:45:00+00:00,2186.0,2202.0,2186.0,2200.89990234375,115929,HINDUNILVR
2026-03-10 06:45:00+00:00,2188.5,2189.5,2175.0,2186.0,114412,HINDUNILVR
2026-03-10 07:45:00+00:00,2195.800048828125,2196.800048828125,2185.0,2189.10009765625,126541,HINDUNILVR
2026-03-10 08:45:00+00:00,2191.60009765625,2197.199951171875,2179.800048828125,2195.699951171875,357861,HINDUNILVR
2026-03-10 09:45:00+00:00,2192.0,2197.39990234375,2189.39990234375,2191.699951171875,172770,HINDUNILVR
2026-03-11 03:45:00+00:00,2173.5,2194.39990234375,2164.10009765625,2194.39990234375,0,HINDUNILVR
2026-03-11 04:45:00+00:00,2178.0,2182.10009765625,2169.39990234375,2172.699951171875,211658,HINDUNILVR
2026-03-11 05:45:00+00:00,2170.0,2179.0,2169.0,2178.39990234375,113119,HINDUNILVR
2026-03-11 06:45:00+00:00,2159.39990234375,2173.10009765625,2157.800048828125,2170.0,173299,HINDUNILVR
2026-03-11 07:45:00+00:00,2160.0,2162.5,2156.199951171875,2159.0,166615,HINDUNILVR
2026-03-11 08:45:00+00:00,2161.699951171875,2170.0,2159.5,2159.5,235600,HINDUNILVR
2026-03-11 09:45:00+00:00,2159.89990234375,2163.60009765625,2156.199951171875,2161.60009765625,152140,HINDUNILVR
2026-03-12 03:45:00+00:00,2134.60009765625,2161.89990234375,2124.5,2161.89990234375,0,HINDUNILVR
2026-03-12 04:45:00+00:00,2132.800048828125,2139.39990234375,2132.0,2134.199951171875,116403,HINDUNILVR
2026-03-12 05:45:00+00:00,2126.89990234375,2133.300048828125,2122.5,2132.60009765625,155131,HINDUNILVR
2026-03-12 06:45:00+00:00,2115.0,2128.0,2109.39990234375,2127.39990234375,250028,HINDUNILVR
2026-03-12 07:45:00+00:00,2120.699951171875,2129.5,2113.800048828125,2114.699951171875,189595,HINDUNILVR
2026-03-12 08:45:00+00:00,2140.0,2140.5,2118.5,2120.699951171875,634152,HINDUNILVR
2026-03-12 09:45:00+00:00,2136.89990234375,2140.199951171875,2127.300048828125,2140.10009765625,191047,HINDUNILVR
2026-03-13 03:45:00+00:00,2157.39990234375,2171.10009765625,2120.5,2135.0,0,HINDUNILVR
2026-03-13 04:45:00+00:00,2173.0,2182.5,2155.699951171875,2156.89990234375,331054,HINDUNILVR
2026-03-13 05:45:00+00:00,2176.0,2191.89990234375,2172.0,2173.89990234375,402559,HINDUNILVR
2026-03-13 06:45:00+00:00,2163.39990234375,2179.800048828125,2161.199951171875,2175.5,196631,HINDUNILVR
2026-03-13 07:45:00+00:00,2157.0,2165.39990234375,2149.10009765625,2162.60009765625,240957,HINDUNILVR
2026-03-13 08:45:00+00:00,2161.60009765625,2165.5,2153.5,2156.60009765625,563146,HINDUNILVR
2026-03-13 09:45:00+00:00,2163.800048828125,2164.5,2157.5,2161.89990234375,194301,HINDUNILVR
2026-03-16 03:45:00+00:00,2173.10009765625,2185.39990234375,2161.39990234375,2165.0,0,HINDUNILVR
2026-03-16 04:45:00+00:00,2167.39990234375,2173.5,2158.800048828125,2173.39990234375,145368,HINDUNILVR
2026-03-16 05:45:00+00:00,2166.699951171875,2176.0,2164.699951171875,2167.39990234375,252093,HINDUNILVR
2026-03-16 06:45:00+00:00,2160.800048828125,2169.199951171875,2160.199951171875,2166.199951171875,107659,HINDUNILVR
2026-03-16 07:45:00+00:00,2157.60009765625,2165.800048828125,2154.0,2160.800048828125,72213,HINDUNILVR
2026-03-16 08:45:00+00:00,2177.39990234375,2184.10009765625,2155.300048828125,2157.699951171875,989862,HINDUNILVR
2026-03-16 09:45:00+00:00,2165.300048828125,2178.800048828125,2164.800048828125,2178.800048828125,137648,HINDUNILVR
2026-03-17 03:45:00+00:00,2177.5,2184.800048828125,2159.300048828125,2165.39990234375,0,HINDUNILVR
2026-03-17 04:45:00+00:00,2159.0,2176.89990234375,2156.5,2176.89990234375,238867,HINDUNILVR
2026-03-17 05:45:00+00:00,2151.199951171875,2159.300048828125,2146.5,2158.199951171875,316785,HINDUNILVR
2026-03-17 06:45:00+00:00,2157.199951171875,2158.89990234375,2147.89990234375,2151.60009765625,165474,HINDUNILVR
2026-03-17 07:45:00+00:00,2161.0,2165.0,2154.699951171875,2158.0,236704,HINDUNILVR
2026-03-17 08:45:00+00:00,2158.5,2163.800048828125,2153.0,2160.5,435836,HINDUNILVR
2026-03-17 09:45:00+00:00,2158.199951171875,2168.39990234375,2155.10009765625,2157.60009765625,175304,HINDUNILVR
2026-03-18 03:45:00+00:00,2155.300048828125,2173.89990234375,2152.699951171875,2167.699951171875,0,HINDUNILVR
2026-03-18 04:45:00+00:00,2150.699951171875,2164.699951171875,2150.10009765625,2156.0,302213,HINDUNILVR
2026-03-18 05:45:00+00:00,2146.10009765625,2154.800048828125,2146.10009765625,2150.699951171875,323579,HINDUNILVR
2026-03-18 06:45:00+00:00,2145.0,2150.0,2143.39990234375,2146.300048828125,223198,HINDUNILVR
2026-03-18 07:45:00+00:00,2141.10009765625,2148.39990234375,2140.300048828125,2145.0,356714,HINDUNILVR
2026-03-18 08:45:00+00:00,2136.199951171875,2143.199951171875,2134.39990234375,2141.10009765625,689358,HINDUNILVR
2026-03-18 09:45:00+00:00,2135.300048828125,2136.39990234375,2130.39990234375,2136.300048828125,430623,HINDUNILVR
2026-03-19 03:45:00+00:00,2101.0,2130.60009765625,2099.10009765625,2115.0,0,HINDUNILVR
2026-03-19 04:45:00+00:00,2102.10009765625,2108.0,2097.300048828125,2099.0,172807,HINDUNILVR
2026-03-19 05:45:00+00:00,2103.5,2105.39990234375,2097.199951171875,2102.300048828125,190189,HINDUNILVR
2026-03-19 06:45:00+00:00,2091.89990234375,2105.10009765625,2090.699951171875,2103.39990234375,151481,HINDUNILVR
2026-03-19 07:45:00+00:00,2080.5,2092.0,2078.0,2091.89990234375,159906,HINDUNILVR
2026-03-19 08:45:00+00:00,2074.800048828125,2082.39990234375,2070.39990234375,2080.60009765625,631294,HINDUNILVR
2026-03-19 09:45:00+00:00,2077.300048828125,2087.5,2074.300048828125,2074.800048828125,383235,HINDUNILVR
2026-03-20 03:45:00+00:00,2080.10009765625,2098.5,2078.5,2096.89990234375,0,HINDUNILVR
2026-03-20 04:45:00+00:00,2091.699951171875,2092.89990234375,2074.800048828125,2080.699951171875,131397,HINDUNILVR
2026-03-20 05:45:00+00:00,2097.300048828125,2099.199951171875,2090.5,2091.60009765625,207571,HINDUNILVR
2026-03-20 06:45:00+00:00,2087.199951171875,2097.60009765625,2084.0,2097.300048828125,198686,HINDUNILVR
2026-03-20 07:45:00+00:00,2079.0,2090.10009765625,2078.800048828125,2087.199951171875,164194,HINDUNILVR
2026-03-20 08:45:00+00:00,2078.89990234375,2084.5,2069.699951171875,2079.0,954693,HINDUNILVR
2026-03-20 09:45:00+00:00,2095.0,2095.0,2078.800048828125,2078.800048828125,583472,HINDUNILVR
2026-03-23 03:45:00+00:00,2037.0,2068.699951171875,2036.300048828125,2068.699951171875,0,HINDUNILVR
2026-03-23 04:45:00+00:00,2042.5999755859375,2047.5,2036.5,2036.5,244598,HINDUNILVR
2026-03-23 05:45:00+00:00,2042.5,2047.800048828125,2033.300048828125,2042.5999755859375,187540,HINDUNILVR
2026-03-23 06:45:00+00:00,2060.89990234375,2061.0,2040.0999755859375,2042.9000244140625,275592,HINDUNILVR
2026-03-23 07:45:00+00:00,2081.60009765625,2096.89990234375,2060.10009765625,2060.39990234375,448494,HINDUNILVR
2026-03-23 08:45:00+00:00,2052.39990234375,2086.5,2049.10009765625,2080.300048828125,885932,HINDUNILVR
2026-03-23 09:45:00+00:00,2052.199951171875,2052.800048828125,2046.5999755859375,2052.699951171875,231170,HINDUNILVR
2026-03-24 03:45:00+00:00,2074.0,2095.39990234375,2070.39990234375,2072.199951171875,0,HINDUNILVR
2026-03-24 04:45:00+00:00,2081.5,2083.800048828125,2067.0,2073.800048828125,306276,HINDUNILVR
2026-03-24 05:45:00+00:00,2089.5,2095.5,2079.199951171875,2081.5,111225,HINDUNILVR
2026-03-24 06:45:00+00:00,2104.89990234375,2107.39990234375,2086.0,2089.5,282235,HINDUNILVR
2026-03-24 07:45:00+00:00,2099.800048828125,2115.0,2097.800048828125,2104.89990234375,190373,HINDUNILVR
2026-03-24 08:45:00+00:00,2084.5,2103.39990234375,2082.39990234375,2100.39990234375,327039,HINDUNILVR
2026-03-24 09:45:00+00:00,2085.0,2091.0,2082.199951171875,2084.699951171875,201207,HINDUNILVR
2026-03-25 03:45:00+00:00,2134.60009765625,2135.300048828125,2087.89990234375,2095.39990234375,0,HINDUNILVR
2026-03-25 04:45:00+00:00,2141.39990234375,2142.800048828125,2130.0,2135.199951171875,251106,HINDUNILVR
2026-03-25 05:45:00+00:00,2151.0,2152.39990234375,2134.199951171875,2141.300048828125,223206,HINDUNILVR
2026-03-25 06:45:00+00:00,2144.0,2154.699951171875,2143.10009765625,2151.199951171875,168884,HINDUNILVR
2026-03-25 07:45:00+00:00,2141.39990234375,2151.800048828125,2141.10009765625,2143.10009765625,318648,HINDUNILVR
2026-03-25 08:45:00+00:00,2134.0,2146.0,2133.199951171875,2141.0,503579,HINDUNILVR
2026-03-25 09:45:00+00:00,2138.89990234375,2139.89990234375,2130.5,2133.89990234375,198721,HINDUNILVR
2026-03-27 03:45:00+00:00,2098.800048828125,2127.0,2097.39990234375,2127.0,0,HINDUNILVR
2026-03-27 04:45:00+00:00,2096.39990234375,2105.699951171875,2093.800048828125,2098.800048828125,487726,HINDUNILVR
2026-03-27 05:45:00+00:00,2097.60009765625,2103.10009765625,2091.0,2096.39990234375,240969,HINDUNILVR
2026-03-27 06:45:00+00:00,2091.0,2102.0,2088.699951171875,2097.60009765625,305699,HINDUNILVR
2026-03-27 07:45:00+00:00,2078.89990234375,2093.699951171875,2077.60009765625,2090.89990234375,311796,HINDUNILVR
2026-03-27 08:45:00+00:00,2071.300048828125,2084.300048828125,2069.5,2079.5,665165,HINDUNILVR
2026-03-27 09:45:00+00:00,2074.39990234375,2078.300048828125,2071.10009765625,2071.300048828125,390617,HINDUNILVR
2026-03-30 03:45:00+00:00,2067.199951171875,2082.39990234375,2046.800048828125,2062.699951171875,0,HINDUNILVR
2026-03-30 04:45:00+00:00,2059.0,2069.800048828125,2058.60009765625,2067.199951171875,135290,HINDUNILVR
2026-03-30 05:45:00+00:00,2060.199951171875,2065.89990234375,2053.0,2058.39990234375,172828,HINDUNILVR
2026-03-30 06:45:00+00:00,2047.199951171875,2061.699951171875,2046.300048828125,2061.0,128011,HINDUNILVR
2026-03-30 07:45:00+00:00,2050.699951171875,2058.0,2047.0,2047.0,172391,HINDUNILVR
2026-03-30 08:45:00+00:00,2057.89990234375,2057.89990234375,2049.10009765625,2050.10009765625,994839,HINDUNILVR
2026-03-30 09:45:00+00:00,2055.199951171875,2060.199951171875,2051.10009765625,2058.300048828125,483480,HINDUNILVR
2026-04-01 03:45:00+00:00,2084.0,2106.10009765625,2078.0,2106.10009765625,0,HINDUNILVR
2026-04-01 04:45:00+00:00,2069.300048828125,2089.300048828125,2064.199951171875,2083.699951171875,451700,HINDUNILVR
2026-04-01 05:45:00+00:00,2071.199951171875,2071.60009765625,2059.5,2069.300048828125,150765,HINDUNILVR
2026-04-01 06:45:00+00:00,2074.60009765625,2075.699951171875,2063.39990234375,2070.199951171875,216627,HINDUNILVR
2026-04-01 07:45:00+00:00,2064.60009765625,2074.60009765625,2053.10009765625,2074.39990234375,232270,HINDUNILVR
2026-04-01 08:45:00+00:00,2064.0,2065.199951171875,2052.0,2064.39990234375,349274,HINDUNILVR
2026-04-01 09:45:00+00:00,2065.0,2065.800048828125,2063.0,2064.0,214724,HINDUNILVR
2026-04-02 03:45:00+00:00,2034.199951171875,2048.0,2030.0999755859375,2048.0,0,HINDUNILVR
2026-04-02 04:45:00+00:00,2031.0,2044.9000244140625,2030.0,2034.4000244140625,150195,HINDUNILVR
2026-04-02 05:45:00+00:00,2024.5,2033.4000244140625,2024.0999755859375,2030.4000244140625,170389,HINDUNILVR
2026-04-02 06:45:00+00:00,2043.0,2046.699951171875,2022.5,2024.4000244140625,201256,HINDUNILVR
2026-04-02 07:45:00+00:00,2055.199951171875,2057.300048828125,2041.0999755859375,2042.9000244140625,173037,HINDUNILVR
2026-04-02 08:45:00+00:00,2068.300048828125,2068.89990234375,2052.39990234375,2055.5,311994,HINDUNILVR
2026-04-02 09:45:00+00:00,2065.10009765625,2069.699951171875,2061.199951171875,2068.39990234375,189885,HINDUNILVR
2026-04-06 03:45:00+00:00,2060.10009765625,2074.800048828125,2051.39990234375,2065.39990234375,0,HINDUNILVR
2026-04-06 04:45:00+00:00,2047.9000244140625,2063.60009765625,2045.699951171875,2061.0,181293,HINDUNILVR
2026-04-06 05:45:00+00:00,2045.5,2053.39990234375,2045.0,2047.5,80914,HINDUNILVR
2026-04-06 06:45:00+00:00,2056.800048828125,2057.699951171875,2042.300048828125,2045.800048828125,138092,HINDUNILVR
2026-04-06 07:45:00+00:00,2071.0,2071.10009765625,2056.60009765625,2057.699951171875,156777,HINDUNILVR
2026-04-06 08:45:00+00:00,2084.300048828125,2089.0,2063.60009765625,2071.10009765625,512572,HINDUNILVR
2026-04-06 09:45:00+00:00,2083.5,2092.60009765625,2080.10009765625,2084.60009765625,343481,HINDUNILVR
2026-04-07 03:45:00+00:00,2064.800048828125,2076.39990234375,2051.199951171875,2065.0,0,HINDUNILVR
2026-04-07 04:45:00+00:00,2059.300048828125,2074.699951171875,2056.10009765625,2064.199951171875,175667,HINDUNILVR
2026-04-07 05:45:00+00:00,2065.699951171875,2067.5,2058.199951171875,2060.5,258132,HINDUNILVR
2026-04-07 06:45:00+00:00,2063.0,2074.800048828125,2059.0,2065.800048828125,393135,HINDUNILVR
2026-04-07 07:45:00+00:00,2070.699951171875,2079.699951171875,2060.0,2063.5,467544,HINDUNILVR
2026-04-07 08:45:00+00:00,2107.0,2110.89990234375,2069.699951171875,2071.5,900347,HINDUNILVR
2026-04-07 09:45:00+00:00,2117.0,2119.5,2105.800048828125,2106.39990234375,293737,HINDUNILVR
2026-04-08 03:45:00+00:00,2162.699951171875,2190.5,2152.39990234375,2152.39990234375,0,HINDUNILVR
2026-04-08 04:45:00+00:00,2170.800048828125,2176.60009765625,2159.10009765625,2163.0,238873,HINDUNILVR
2026-04-08 05:45:00+00:00,2150.0,2178.300048828125,2148.5,2170.800048828125,442390,HINDUNILVR
2026-04-08 06:45:00+00:00,2155.0,2158.39990234375,2140.5,2149.0,605273,HINDUNILVR
2026-04-08 07:45:00+00:00,2157.10009765625,2177.199951171875,2153.10009765625,2155.0,644346,HINDUNILVR
2026-04-08 08:45:00+00:00,2144.5,2160.300048828125,2143.39990234375,2158.5,906394,HINDUNILVR
2026-04-08 09:45:00+00:00,2145.0,2147.5,2142.39990234375,2144.0,291979,HINDUNILVR
2026-04-09 03:45:00+00:00,2136.60009765625,2162.89990234375,2130.39990234375,2145.39990234375,0,HINDUNILVR
2026-04-09 04:45:00+00:00,2139.89990234375,2143.0,2135.300048828125,2136.89990234375,167810,HINDUNILVR
2026-04-09 05:45:00+00:00,2137.10009765625,2148.699951171875,2135.5,2139.89990234375,644123,HINDUNILVR
2026-04-09 06:45:00+00:00,2123.300048828125,2138.5,2122.699951171875,2137.199951171875,375724,HINDUNILVR
2026-04-09 07:45:00+00:00,2121.10009765625,2124.300048828125,2115.300048828125,2123.300048828125,345011,HINDUNILVR
2026-04-09 08:45:00+00:00,2133.89990234375,2136.0,2119.300048828125,2121.39990234375,530823,HINDUNILVR
2026-04-09 09:45:00+00:00,2133.300048828125,2134.5,2130.39990234375,2133.800048828125,204419,HINDUNILVR
2026-04-10 03:45:00+00:00,2167.5,2169.39990234375,2121.89990234375,2137.0,0,HINDUNILVR
2026-04-10 04:45:00+00:00,2149.0,2170.0,2149.0,2167.800048828125,357188,HINDUNILVR
2026-04-10 05:45:00+00:00,2153.5,2157.699951171875,2143.5,2149.199951171875,415537,HINDUNILVR
2026-04-10 06:45:00+00:00,2144.60009765625,2158.0,2144.5,2153.5,206290,HINDUNILVR
2026-04-10 07:45:00+00:00,2157.89990234375,2162.699951171875,2143.89990234375,2144.60009765625,212352,HINDUNILVR
2026-04-10 08:45:00+00:00,2150.800048828125,2158.89990234375,2143.60009765625,2158.89990234375,276243,HINDUNILVR
2026-04-10 09:45:00+00:00,2155.300048828125,2167.0,2149.300048828125,2151.0,242414,HINDUNILVR
2026-04-13 03:45:00+00:00,2119.699951171875,2136.300048828125,2114.0,2131.89990234375,0,HINDUNILVR
2026-04-13 04:45:00+00:00,2136.300048828125,2140.699951171875,2118.10009765625,2119.300048828125,235003,HINDUNILVR
2026-04-13 05:45:00+00:00,2132.60009765625,2137.89990234375,2128.60009765625,2135.89990234375,284013,HINDUNILVR
2026-04-13 06:45:00+00:00,2122.0,2133.0,2120.5,2132.5,184295,HINDUNILVR
2026-04-13 07:45:00+00:00,2127.5,2127.89990234375,2118.0,2121.89990234375,260440,HINDUNILVR
2026-04-13 08:45:00+00:00,2129.10009765625,2135.300048828125,2124.800048828125,2127.5,376510,HINDUNILVR
2026-04-13 09:45:00+00:00,2127.199951171875,2129.89990234375,2120.10009765625,2128.60009765625,152022,HINDUNILVR
2026-04-15 03:45:00+00:00,2162.10009765625,2167.39990234375,2146.0,2148.699951171875,0,HINDUNILVR
2026-04-15 04:45:00+00:00,2156.5,2167.199951171875,2153.5,2162.199951171875,168429,HINDUNILVR
2026-04-15 05:45:00+00:00,2160.0,2167.800048828125,2154.39990234375,2156.0,235604,HINDUNILVR
2026-04-15 06:45:00+00:00,2162.0,2165.5,2157.699951171875,2160.0,168004,HINDUNILVR
2026-04-15 07:45:00+00:00,2161.0,2162.699951171875,2156.60009765625,2162.0,129619,HINDUNILVR
2026-04-15 08:45:00+00:00,2158.0,2161.60009765625,2155.199951171875,2160.89990234375,372503,HINDUNILVR
2026-04-15 09:45:00+00:00,2152.0,2160.0,2151.0,2158.0,168682,HINDUNILVR
2026-04-16 03:45:00+00:00,2147.89990234375,2163.0,2144.0,2157.39990234375,0,HINDUNILVR
2026-04-16 04:45:00+00:00,2150.0,2155.0,2144.89990234375,2147.89990234375,488075,HINDUNILVR
2026-04-16 05:45:00+00:00,2140.0,2154.800048828125,2138.699951171875,2150.10009765625,320295,HINDUNILVR
2026-04-16 06:45:00+00:00,2131.5,2140.0,2131.5,2140.0,187698,HINDUNILVR
2026-04-16 07:45:00+00:00,2134.5,2139.300048828125,2129.10009765625,2131.0,232814,HINDUNILVR
2026-04-16 08:45:00+00:00,2140.699951171875,2141.0,2130.300048828125,2134.5,270441,HINDUNILVR
2026-04-16 09:45:00+00:00,2140.0,2141.5,2137.5,2140.60009765625,128572,HINDUNILVR
2026-04-17 03:45:00+00:00,2204.199951171875,2204.199951171875,2133.199951171875,2143.0,0,HINDUNILVR
2026-04-17 04:45:00+00:00,2226.10009765625,2240.0,2204.60009765625,2204.60009765625,1680263,HINDUNILVR
2026-04-17 05:45:00+00:00,2240.0,2243.89990234375,2223.60009765625,2226.89990234375,895028,HINDUNILVR
2026-04-17 06:45:00+00:00,2243.0,2243.60009765625,2231.10009765625,2240.199951171875,368792,HINDUNILVR
2026-04-17 07:45:00+00:00,2237.10009765625,2244.699951171875,2235.10009765625,2243.5,368785,HINDUNILVR
2026-04-17 08:45:00+00:00,2241.199951171875,2243.0,2232.0,2237.699951171875,688217,HINDUNILVR
2026-04-17 09:45:00+00:00,2240.199951171875,2243.89990234375,2240.0,2241.89990234375,318501,HINDUNILVR
2026-04-20 03:45:00+00:00,2243.89990234375,2252.89990234375,2223.60009765625,2240.300048828125,0,HINDUNILVR
2026-04-20 08:45:00+00:00,2234.800048828125,2240.800048828125,2234.5,2240.800048828125,1004554,HINDUNILVR
2026-04-20 09:45:00+00:00,2227.199951171875,2234.0,2223.300048828125,2234.0,220381,HINDUNILVR
2026-04-21 03:45:00+00:00,2259.0,2259.0,2229.300048828125,2235.0,0,HINDUNILVR
2026-04-21 04:45:00+00:00,2261.0,2274.0,2258.0,2258.5,294168,HINDUNILVR
2026-04-21 05:45:00+00:00,2247.0,2262.0,2231.5,2261.0,232061,HINDUNILVR
2026-04-21 06:45:00+00:00,2239.89990234375,2249.39990234375,2238.699951171875,2247.0,252928,HINDUNILVR
2026-04-21 07:45:00+00:00,2258.800048828125,2259.300048828125,2239.39990234375,2239.89990234375,211058,HINDUNILVR
2026-04-21 08:45:00+00:00,2307.60009765625,2308.699951171875,2258.300048828125,2258.300048828125,928631,HINDUNILVR
2026-04-21 09:45:00+00:00,2324.0,2335.0,2307.0,2307.699951171875,1105989,HINDUNILVR
2026-04-22 03:45:00+00:00,2347.0,2354.89990234375,2311.699951171875,2317.300048828125,0,HINDUNILVR
2026-04-22 04:45:00+00:00,2371.699951171875,2379.89990234375,2346.0,2347.0,807662,HINDUNILVR
2026-04-22 05:45:00+00:00,2405.699951171875,2406.0,2364.800048828125,2371.699951171875,920344,HINDUNILVR
2026-04-22 06:45:00+00:00,2384.699951171875,2408.0,2380.0,2404.89990234375,1223623,HINDUNILVR
2026-04-22 07:45:00+00:00,2365.60009765625,2385.0,2360.5,2385.0,614067,HINDUNILVR
2026-04-22 08:45:00+00:00,2373.10009765625,2375.0,2358.300048828125,2365.699951171875,745960,HINDUNILVR
2026-04-22 09:45:00+00:00,2365.0,2375.0,2365.0,2373.10009765625,226040,HINDUNILVR
2026-04-23 03:45:00+00:00,2392.0,2399.699951171875,2340.800048828125,2348.89990234375,0,HINDUNILVR
2026-04-23 04:45:00+00:00,2364.0,2393.10009765625,2353.699951171875,2391.39990234375,347510,HINDUNILVR
2026-04-23 05:45:00+00:00,2368.0,2368.89990234375,2354.0,2364.5,149630,HINDUNILVR
2026-04-23 06:45:00+00:00,2374.10009765625,2377.300048828125,2367.699951171875,2367.800048828125,190389,HINDUNILVR
2026-04-23 07:45:00+00:00,2377.5,2381.5,2373.10009765625,2374.0,261952,HINDUNILVR
2026-04-23 08:45:00+00:00,2368.699951171875,2379.39990234375,2366.699951171875,2377.5,501386,HINDUNILVR
2026-04-23 09:45:00+00:00,2360.300048828125,2369.300048828125,2351.199951171875,2369.199951171875,150541,HINDUNILVR
2026-04-24 03:45:00+00:00,2343.39990234375,2382.5,2343.10009765625,2379.89990234375,0,HINDUNILVR
2026-04-24 04:45:00+00:00,2327.10009765625,2346.10009765625,2325.199951171875,2343.89990234375,130814,HINDUNILVR
2026-04-24 05:45:00+00:00,2304.39990234375,2327.10009765625,2300.199951171875,2327.10009765625,354419,HINDUNILVR
2026-04-24 06:45:00+00:00,2303.5,2319.39990234375,2299.10009765625,2304.39990234375,193133,HINDUNILVR
2026-04-24 07:45:00+00:00,2310.39990234375,2314.0,2303.0,2303.800048828125,135227,HINDUNILVR
2026-04-24 08:45:00+00:00,2330.0,2330.0,2308.5,2310.39990234375,320517,HINDUNILVR
2026-04-24 09:45:00+00:00,2325.0,2335.10009765625,2323.0,2330.300048828125,336742,HINDUNILVR
2026-04-27 03:45:00+00:00,2346.699951171875,2361.89990234375,2328.699951171875,2334.199951171875,0,HINDUNILVR
2026-04-27 04:45:00+00:00,2345.39990234375,2355.300048828125,2340.39990234375,2347.39990234375,148456,HINDUNILVR
2026-04-27 05:45:00+00:00,2332.800048828125,2347.0,2326.300048828125,2344.800048828125,110252,HINDUNILVR
2026-04-27 06:45:00+00:00,2340.0,2346.0,2331.300048828125,2332.800048828125,117362,HINDUNILVR
2026-04-27 07:45:00+00:00,2335.89990234375,2343.0,2331.60009765625,2339.89990234375,193905,HINDUNILVR
2026-04-27 08:45:00+00:00,2328.800048828125,2336.60009765625,2327.300048828125,2335.699951171875,215371,HINDUNILVR
2026-04-27 09:45:00+00:00,2326.5,2329.800048828125,2325.300048828125,2328.300048828125,78701,HINDUNILVR
2026-04-28 03:45:00+00:00,2310.60009765625,2334.199951171875,2295.699951171875,2321.10009765625,0,HINDUNILVR
2026-04-28 04:45:00+00:00,2320.0,2320.0,2307.5,2310.89990234375,130144,HINDUNILVR
2026-04-28 05:45:00+00:00,2315.699951171875,2323.800048828125,2309.39990234375,2320.0,234911,HINDUNILVR
2026-04-28 06:45:00+00:00,2291.800048828125,2316.5,2291.39990234375,2315.699951171875,271783,HINDUNILVR
2026-04-28 07:45:00+00:00,2298.0,2302.0,2291.89990234375,2291.89990234375,220474,HINDUNILVR
2026-04-28 08:45:00+00:00,2291.60009765625,2304.300048828125,2290.39990234375,2297.60009765625,281774,HINDUNILVR
2026-04-28 09:45:00+00:00,2290.0,2293.10009765625,2281.5,2291.10009765625,234765,HINDUNILVR
2026-04-29 03:45:00+00:00,2305.699951171875,2313.199951171875,2291.5,2303.0,0,HINDUNILVR
2026-04-29 04:45:00+00:00,2306.89990234375,2311.39990234375,2302.89990234375,2305.89990234375,113995,HINDUNILVR
2026-04-29 05:45:00+00:00,2334.199951171875,2335.89990234375,2306.60009765625,2306.89990234375,460725,HINDUNILVR
2026-04-29 06:45:00+00:00,2347.89990234375,2349.60009765625,2333.0,2335.60009765625,232872,HINDUNILVR
2026-04-29 07:45:00+00:00,2328.0,2349.39990234375,2325.199951171875,2348.199951171875,194696,HINDUNILVR
2026-04-29 08:45:00+00:00,2313.800048828125,2329.0,2310.0,2327.699951171875,361741,HINDUNILVR
2026-04-29 09:45:00+00:00,2314.39990234375,2320.5,2312.199951171875,2313.699951171875,223139,HINDUNILVR
2026-04-30 03:45:00+00:00,2300.800048828125,2314.0,2281.699951171875,2313.0,0,HINDUNILVR
2026-04-30 04:45:00+00:00,2230.800048828125,2367.89990234375,2225.0,2302.800048828125,2430758,HINDUNILVR
2026-04-30 05:45:00+00:00,2247.800048828125,2252.89990234375,2211.800048828125,2230.10009765625,514614,HINDUNILVR
2026-04-30 06:45:00+00:00,2249.39990234375,2257.699951171875,2239.5,2248.199951171875,183702,HINDUNILVR
2026-04-30 07:45:00+00:00,2260.0,2264.89990234375,2241.39990234375,2249.39990234375,352183,HINDUNILVR
2026-04-30 08:45:00+00:00,2247.0,2262.300048828125,2246.10009765625,2260.0,472280,HINDUNILVR
2026-04-30 09:45:00+00:00,2254.0,2255.0,2244.10009765625,2247.0,241637,HINDUNILVR
2026-05-04 03:45:00+00:00,2346.89990234375,2359.800048828125,2293.300048828125,2307.0,0,HINDUNILVR
2026-05-04 04:45:00+00:00,2348.60009765625,2365.300048828125,2339.10009765625,2346.89990234375,323417,HINDUNILVR
2026-05-04 05:45:00+00:00,2338.800048828125,2353.199951171875,2335.10009765625,2347.89990234375,205066,HINDUNILVR
2026-05-04 06:45:00+00:00,2326.60009765625,2343.300048828125,2324.300048828125,2338.800048828125,284347,HINDUNILVR
2026-05-04 07:45:00+00:00,2314.199951171875,2329.60009765625,2301.39990234375,2326.0,199962,HINDUNILVR
2026-05-04 08:45:00+00:00,2311.60009765625,2318.699951171875,2298.0,2314.199951171875,369582,HINDUNILVR
2026-05-04 09:45:00+00:00,2309.0,2314.5,2305.39990234375,2311.60009765625,235146,HINDUNILVR
2026-05-05 03:45:00+00:00,2295.89990234375,2324.60009765625,2292.699951171875,2301.699951171875,0,HINDUNILVR
2026-05-05 04:45:00+00:00,2297.5,2300.10009765625,2288.10009765625,2296.0,93364,HINDUNILVR
2026-05-05 05:45:00+00:00,2310.0,2310.0,2296.10009765625,2297.5,142316,HINDUNILVR
2026-05-05 06:45:00+00:00,2307.60009765625,2310.0,2296.5,2310.0,131021,HINDUNILVR
2026-05-05 07:45:00+00:00,2317.699951171875,2322.89990234375,2305.89990234375,2307.89990234375,150833,HINDUNILVR
2026-05-05 08:45:00+00:00,2325.300048828125,2326.60009765625,2311.10009765625,2318.0,577257,HINDUNILVR
2026-05-05 09:45:00+00:00,2327.39990234375,2335.39990234375,2322.300048828125,2325.39990234375,471692,HINDUNILVR
2026-05-06 03:45:00+00:00,2300.60009765625,2339.300048828125,2290.10009765625,2338.5,0,HINDUNILVR
2026-05-06 04:45:00+00:00,2298.0,2301.89990234375,2289.300048828125,2301.199951171875,122397,HINDUNILVR
2026-05-06 05:45:00+00:00,2299.0,2304.5,2297.300048828125,2298.0,93121,HINDUNILVR
2026-05-06 06:45:00+00:00,2298.39990234375,2299.60009765625,2291.60009765625,2299.0,107033,HINDUNILVR
2026-05-06 07:45:00+00:00,2301.199951171875,2306.800048828125,2297.60009765625,2298.39990234375,110577,HINDUNILVR
2026-05-06 08:45:00+00:00,2317.800048828125,2320.800048828125,2300.5,2300.5,297086,HINDUNILVR
2026-05-06 09:45:00+00:00,2317.10009765625,2318.5,2312.60009765625,2317.800048828125,171117,HINDUNILVR
2026-05-07 03:45:00+00:00,2290.300048828125,2323.5,2287.300048828125,2318.5,0,HINDUNILVR
2026-05-07 04:45:00+00:00,2285.60009765625,2296.5,2282.39990234375,2289.89990234375,113517,HINDUNILVR
2026-05-07 05:45:00+00:00,2280.699951171875,2317.10009765625,2278.89990234375,2285.800048828125,137784,HINDUNILVR
2026-05-07 06:45:00+00:00,2282.5,2302.10009765625,2279.89990234375,2279.89990234375,251772,HINDUNILVR
2026-05-07 07:45:00+00:00,2277.0,2284.10009765625,2273.5,2282.39990234375,272420,HINDUNILVR
2026-05-07 08:45:00+00:00,2268.89990234375,2280.60009765625,2268.199951171875,2277.0,544966,HINDUNILVR
2026-05-07 09:45:00+00:00,2273.0,2277.199951171875,2269.10009765625,2269.10009765625,273202,HINDUNILVR
2026-05-08 03:45:00+00:00,2271.10009765625,2279.5,2258.10009765625,2279.5,0,HINDUNILVR
2026-05-08 04:45:00+00:00,2280.5,2285.5,2269.60009765625,2271.199951171875,97180,HINDUNILVR
2026-05-08 05:45:00+00:00,2293.0,2297.300048828125,2279.800048828125,2280.10009765625,151958,HINDUNILVR
2026-05-08 06:45:00+00:00,2285.0,2293.199951171875,2284.60009765625,2293.0,108386,HINDUNILVR
2026-05-08 07:45:00+00:00,2292.39990234375,2293.199951171875,2283.300048828125,2285.10009765625,136247,HINDUNILVR
2026-05-08 08:45:00+00:00,2287.300048828125,2295.39990234375,2285.5,2292.300048828125,254703,HINDUNILVR
2026-05-08 09:45:00+00:00,2287.699951171875,2290.800048828125,2285.0,2287.39990234375,151009,HINDUNILVR
2026-05-11 03:45:00+00:00,2272.39990234375,2277.10009765625,2262.699951171875,2274.699951171875,0,HINDUNILVR
2026-05-11 04:45:00+00:00,2280.10009765625,2284.300048828125,2272.0,2272.39990234375,86319,HINDUNILVR
2026-05-11 05:45:00+00:00,2280.0,2284.5,2275.10009765625,2280.10009765625,47566,HINDUNILVR
2026-05-11 06:45:00+00:00,2282.60009765625,2285.39990234375,2277.199951171875,2280.0,77044,HINDUNILVR
2026-05-11 07:45:00+00:00,2309.199951171875,2317.10009765625,2281.39990234375,2286.0,630311,HINDUNILVR
2026-05-11 08:45:00+00:00,2303.800048828125,2312.199951171875,2302.10009765625,2309.199951171875,528934,HINDUNILVR
2026-05-11 09:45:00+00:00,2305.60009765625,2313.800048828125,2303.199951171875,2303.699951171875,390909,HINDUNILVR
2026-05-12 03:45:00+00:00,2293.800048828125,2305.10009765625,2288.0,2296.10009765625,0,HINDUNILVR
2026-05-12 04:45:00+00:00,2290.699951171875,2298.10009765625,2286.39990234375,2294.39990234375,100188,HINDUNILVR
2026-05-12 05:45:00+00:00,2290.0,2293.5,2283.699951171875,2289.89990234375,83963,HINDUNILVR
2026-05-12 06:45:00+00:00,2286.10009765625,2299.89990234375,2283.10009765625,2290.300048828125,96378,HINDUNILVR
2026-05-12 07:45:00+00:00,2281.0,2292.800048828125,2281.0,2286.60009765625,133690,HINDUNILVR
2026-05-12 08:45:00+00:00,2259.300048828125,2282.5,2256.39990234375,2281.199951171875,283745,HINDUNILVR
2026-05-12 09:45:00+00:00,2262.0,2267.800048828125,2259.0,2259.5,135036,HINDUNILVR
2026-05-13 03:45:00+00:00,2271.0,2278.60009765625,2255.300048828125,2269.199951171875,0,HINDUNILVR
2026-05-13 04:45:00+00:00,2257.10009765625,2272.0,2250.300048828125,2270.89990234375,125199,HINDUNILVR
2026-05-13 05:45:00+00:00,2284.60009765625,2295.300048828125,2255.0,2257.60009765625,339562,HINDUNILVR
2026-05-13 06:45:00+00:00,2277.5,2285.0,2264.800048828125,2284.60009765625,325080,HINDUNILVR
2026-05-13 07:45:00+00:00,2279.300048828125,2281.800048828125,2273.300048828125,2278.0,102102,HINDUNILVR
2026-05-13 08:45:00+00:00,2266.699951171875,2279.5,2265.60009765625,2279.39990234375,208379,HINDUNILVR
2026-05-13 09:45:00+00:00,2273.0,2274.39990234375,2264.10009765625,2266.800048828125,113481,HINDUNILVR
2026-05-14 03:45:00+00:00,2258.60009765625,2283.0,2253.60009765625,2278.0,0,HINDUNILVR
2026-05-14 04:45:00+00:00,2262.39990234375,2266.0,2251.199951171875,2258.0,102120,HINDUNILVR
2026-05-14 05:45:00+00:00,2265.199951171875,2276.199951171875,2261.60009765625,2262.199951171875,106133,HINDUNILVR
2026-05-14 06:45:00+00:00,2253.89990234375,2268.39990234375,2253.199951171875,2265.60009765625,387105,HINDUNILVR
2026-05-14 07:45:00+00:00,2250.60009765625,2260.0,2248.60009765625,2253.800048828125,171415,HINDUNILVR
2026-05-14 08:45:00+00:00,2246.60009765625,2256.89990234375,2245.699951171875,2250.60009765625,322893,HINDUNILVR
2026-05-14 09:45:00+00:00,2252.89990234375,2254.699951171875,2246.300048828125,2246.60009765625,182842,HINDUNILVR
2026-05-15 03:45:00+00:00,2271.699951171875,2280.0,2246.39990234375,2250.60009765625,0,HINDUNILVR
2026-05-15 04:45:00+00:00,2277.5,2290.39990234375,2272.0,2272.199951171875,286360,HINDUNILVR
2026-05-15 05:45:00+00:00,2277.199951171875,2279.199951171875,2270.89990234375,2277.5,61484,HINDUNILVR
2026-05-15 06:45:00+00:00,2289.300048828125,2298.5,2273.60009765625,2277.199951171875,130698,HINDUNILVR
2026-05-15 07:45:00+00:00,2282.39990234375,2290.60009765625,2281.0,2289.39990234375,83914,HINDUNILVR
2026-05-15 08:45:00+00:00,2273.0,2283.0,2267.0,2282.800048828125,190268,HINDUNILVR
2026-05-15 09:45:00+00:00,2272.199951171875,2275.10009765625,2268.0,2273.199951171875,123112,HINDUNILVR
2026-05-18 03:45:00+00:00,2225.10009765625,2257.199951171875,2225.0,2256.39990234375,0,HINDUNILVR
2026-05-18 04:45:00+00:00,2231.699951171875,2239.39990234375,2225.0,2225.300048828125,182877,HINDUNILVR
2026-05-18 05:45:00+00:00,2238.89990234375,2240.0,2231.0,2231.699951171875,124971,HINDUNILVR
2026-05-18 06:45:00+00:00,2247.39990234375,2249.699951171875,2238.89990234375,2238.89990234375,76690,HINDUNILVR
2026-05-18 07:45:00+00:00,2249.5,2251.39990234375,2245.10009765625,2247.10009765625,68475,HINDUNILVR
2026-05-18 08:45:00+00:00,2251.5,2254.89990234375,2243.199951171875,2249.300048828125,286157,HINDUNILVR
2026-05-18 09:45:00+00:00,2262.0,2264.0,2251.199951171875,2251.199951171875,170533,HINDUNILVR
2026-05-19 03:45:00+00:00,2270.800048828125,2273.199951171875,2250.699951171875,2252.300048828125,0,HINDUNILVR
2026-05-19 04:45:00+00:00,2269.199951171875,2282.0,2268.300048828125,2270.699951171875,114198,HINDUNILVR
2026-05-19 05:45:00+00:00,2255.300048828125,2269.800048828125,2255.0,2269.300048828125,98431,HINDUNILVR
2026-05-19 06:45:00+00:00,2253.89990234375,2259.0,2250.5,2255.300048828125,71372,HINDUNILVR
2026-05-19 07:45:00+00:00,2248.199951171875,2257.0,2246.60009765625,2253.800048828125,101620,HINDUNILVR
2026-05-19 08:45:00+00:00,2233.39990234375,2248.60009765625,2231.5,2248.60009765625,436440,HINDUNILVR
2026-05-19 09:45:00+00:00,2230.199951171875,2234.5,2230.199951171875,2233.800048828125,179065,HINDUNILVR
2026-05-20 03:45:00+00:00,2210.0,2224.300048828125,2201.0,2224.300048828125,0,HINDUNILVR
2026-05-20 04:45:00+00:00,2210.10009765625,2217.10009765625,2206.10009765625,2209.300048828125,187127,HINDUNILVR
2026-05-20 05:45:00+00:00,2213.199951171875,2223.0,2207.199951171875,2210.10009765625,138468,HINDUNILVR
2026-05-20 06:45:00+00:00,2217.39990234375,2219.300048828125,2211.60009765625,2213.199951171875,65452,HINDUNILVR
2026-05-20 07:45:00+00:00,2219.300048828125,2220.0,2211.10009765625,2217.0,107496,HINDUNILVR
2026-05-20 08:45:00+00:00,2209.800048828125,2219.300048828125,2205.89990234375,2219.300048828125,194308,HINDUNILVR
2026-05-20 09:45:00+00:00,2209.300048828125,2213.0,2208.0,2209.60009765625,104829,HINDUNILVR
2026-05-21 03:45:00+00:00,2208.39990234375,2224.89990234375,2206.10009765625,2222.0,0,HINDUNILVR
2026-05-21 04:45:00+00:00,2191.60009765625,2209.5,2191.39990234375,2208.300048828125,232266,HINDUNILVR
2026-05-21 05:45:00+00:00,2188.800048828125,2193.0,2183.300048828125,2190.5,286712,HINDUNILVR
2026-05-21 06:45:00+00:00,2187.39990234375,2189.89990234375,2182.300048828125,2188.199951171875,202528,HINDUNILVR
2026-05-21 07:45:00+00:00,2182.60009765625,2189.0,2180.10009765625,2187.39990234375,181953,HINDUNILVR
2026-05-21 08:45:00+00:00,2178.0,2186.5,2177.0,2182.5,341426,HINDUNILVR
2026-05-21 09:45:00+00:00,2178.39990234375,2179.0,2176.199951171875,2178.60009765625,101740,HINDUNILVR
2026-05-22 03:45:00+00:00,2185.89990234375,2187.800048828125,2175.800048828125,2181.199951171875,0,HINDUNILVR
2026-05-22 04:45:00+00:00,2194.39990234375,2196.300048828125,2185.89990234375,2185.89990234375,147551,HINDUNILVR
2026-05-22 05:45:00+00:00,2216.199951171875,2218.0,2193.300048828125,2194.300048828125,165719,HINDUNILVR
2026-05-22 06:45:00+00:00,2221.89990234375,2224.10009765625,2216.0,2217.199951171875,157538,HINDUNILVR
2026-05-22 07:45:00+00:00,2210.0,2222.199951171875,2208.10009765625,2222.10009765625,152028,HINDUNILVR
2026-05-22 08:45:00+00:00,2206.199951171875,2215.0,2202.199951171875,2210.300048828125,327788,HINDUNILVR
2026-05-22 09:45:00+00:00,2203.60009765625,2206.39990234375,2200.0,2206.300048828125,289797,HINDUNILVR
2026-05-25 03:45:00+00:00,2221.300048828125,2238.0,2216.0,2218.39990234375,0,HINDUNILVR
2026-05-25 04:45:00+00:00,2225.300048828125,2229.5,2220.300048828125,2220.89990234375,64938,HINDUNILVR
2026-05-25 05:45:00+00:00,2211.5,2226.5,2211.0,2225.800048828125,65207,HINDUNILVR
2026-05-25 06:45:00+00:00,2216.39990234375,2216.699951171875,2208.199951171875,2211.5,66875,HINDUNILVR
2026-05-25 07:45:00+00:00,2202.60009765625,2216.699951171875,2201.89990234375,2215.89990234375,57169,HINDUNILVR
2026-05-25 08:45:00+00:00,2194.800048828125,2207.699951171875,2193.89990234375,2202.60009765625,227322,HINDUNILVR
2026-05-25 09:45:00+00:00,2196.5,2198.300048828125,2194.0,2194.89990234375,123819,HINDUNILVR
2026-05-26 03:45:00+00:00,2205.699951171875,2208.89990234375,2194.0,2199.5,0,HINDUNILVR
2026-05-26 04:45:00+00:00,2211.89990234375,2218.199951171875,2197.0,2205.699951171875,766899,HINDUNILVR
2026-05-26 05:45:00+00:00,2210.0,2211.5,2205.0,2210.800048828125,123717,HINDUNILVR
2026-05-26 06:45:00+00:00,2208.800048828125,2213.800048828125,2207.39990234375,2209.800048828125,177771,HINDUNILVR
2026-05-26 07:45:00+00:00,2207.800048828125,2211.89990234375,2202.0,2208.89990234375,250417,HINDUNILVR
2026-05-26 08:45:00+00:00,2209.60009765625,2212.199951171875,2201.10009765625,2206.800048828125,468384,HINDUNILVR
2026-05-26 09:45:00+00:00,2210.0,2216.60009765625,2204.0,2210.199951171875,392492,HINDUNILVR
2026-05-27 03:45:00+00:00,2205.10009765625,2213.800048828125,2200.300048828125,2207.0,0,HINDUNILVR
2026-05-27 04:45:00+00:00,2197.800048828125,2205.800048828125,2196.89990234375,2204.10009765625,78123,HINDUNILVR
2026-05-27 05:45:00+00:00,2194.39990234375,2199.5,2192.300048828125,2197.89990234375,66313,HINDUNILVR
2026-05-27 06:45:00+00:00,2192.60009765625,2194.60009765625,2190.10009765625,2194.39990234375,48867,HINDUNILVR
2026-05-27 07:45:00+00:00,2197.39990234375,2201.5,2187.0,2192.0,74034,HINDUNILVR
2026-05-27 08:45:00+00:00,2196.199951171875,2200.800048828125,2194.800048828125,2197.0,156872,HINDUNILVR
2026-05-27 09:45:00+00:00,2201.0,2201.0,2196.60009765625,2196.60009765625,64226,HINDUNILVR
