Price,Close,High,Low,Open,Volume,symbol
Ticker,ONGC.NS,ONGC.NS,ONGC.NS,ONGC.NS,ONGC.NS,
Datetime,,,,,,
2023-06-14 03:45:00+00:00,156.10000610351562,156.75,155.85000610351562,156.5500030517578,0,ONGC
2023-06-14 04:45:00+00:00,156.35000610351562,156.75,156.0500030517578,156.14999389648438,662896,ONGC
2023-06-14 05:45:00+00:00,156.6999969482422,156.85000610351562,156.35000610351562,156.35000610351562,1057180,ONGC
2023-06-14 06:45:00+00:00,157.1999969482422,157.3000030517578,156.39999389648438,156.6999969482422,1142591,ONGC
2023-06-14 07:45:00+00:00,157.35000610351562,157.60000610351562,156.8000030517578,157.1999969482422,1060757,ONGC
2023-06-14 08:45:00+00:00,157.64999389648438,158.35000610351562,157.3000030517578,157.39999389648438,2792785,ONGC
2023-06-14 09:45:00+00:00,157.5,158.0500030517578,157.3000030517578,157.64999389648438,1228840,ONGC
2023-06-15 03:45:00+00:00,157.0,157.3000030517578,156.25,157.3000030517578,2071087,ONGC
2023-06-15 04:45:00+00:00,157.10000610351562,157.39999389648438,156.75,157.0,979510,ONGC
2023-06-15 05:45:00+00:00,157.35000610351562,157.39999389648438,156.9499969482422,157.10000610351562,868084,ONGC
2023-06-15 06:45:00+00:00,157.3000030517578,157.75,157.1999969482422,157.39999389648438,612554,ONGC
2023-06-15 07:45:00+00:00,157.1999969482422,157.89999389648438,157.14999389648438,157.25,757341,ONGC
2023-06-15 08:45:00+00:00,157.60000610351562,157.60000610351562,157.0,157.25,1367268,ONGC
2023-06-15 09:45:00+00:00,157.75,157.89999389648438,157.60000610351562,157.60000610351562,770780,ONGC
2023-06-16 03:45:00+00:00,157.8000030517578,158.64999389648438,157.39999389648438,158.1999969482422,0,ONGC
2023-06-16 04:45:00+00:00,157.8000030517578,158.1999969482422,157.60000610351562,157.8000030517578,707580,ONGC
2023-06-16 05:45:00+00:00,157.39999389648438,157.75,157.0,157.75,667481,ONGC
2023-06-16 06:45:00+00:00,157.4499969482422,157.4499969482422,157.10000610351562,157.35000610351562,427827,ONGC
2023-06-16 07:45:00+00:00,157.5500030517578,157.64999389648438,157.10000610351562,157.4499969482422,614216,ONGC
2023-06-16 08:45:00+00:00,156.6999969482422,158.3000030517578,156.4499969482422,157.60000610351562,4612051,ONGC
2023-06-16 09:45:00+00:00,157.10000610351562,157.10000610351562,156.64999389648438,156.64999389648438,3182354,ONGC
2023-06-19 03:45:00+00:00,157.75,157.89999389648438,156.64999389648438,157.89999389648438,0,ONGC
2023-06-19 04:45:00+00:00,157.64999389648438,157.9499969482422,157.25,157.8000030517578,625242,ONGC
2023-06-19 05:45:00+00:00,157.85000610351562,157.85000610351562,157.5,157.5500030517578,371342,ONGC
2023-06-19 06:45:00+00:00,157.64999389648438,157.85000610351562,157.5,157.8000030517578,309743,ONGC
2023-06-19 07:45:00+00:00,158.3000030517578,158.39999389648438,157.5,157.64999389648438,1020296,ONGC
2023-06-19 08:45:00+00:00,157.89999389648438,158.39999389648438,157.85000610351562,158.35000610351562,796414,ONGC
2023-06-19 09:45:00+00:00,157.8000030517578,157.9499969482422,157.5,157.85000610351562,422545,ONGC
2023-06-20 03:45:00+00:00,157.39999389648438,157.8000030517578,156.89999389648438,157.60000610351562,0,ONGC
2023-06-20 04:45:00+00:00,157.4499969482422,157.60000610351562,156.9499969482422,157.4499969482422,607960,ONGC
2023-06-20 05:45:00+00:00,157.1999969482422,157.5500030517578,157.10000610351562,157.4499969482422,496972,ONGC
2023-06-20 06:45:00+00:00,156.8000030517578,157.25,156.75,157.1999969482422,592000,ONGC
2023-06-20 07:45:00+00:00,157.1999969482422,157.25,156.5500030517578,156.85000610351562,2120276,ONGC
2023-06-20 08:45:00+00:00,157.1999969482422,157.4499969482422,157.0,157.1999969482422,1113356,ONGC
2023-06-20 09:45:00+00:00,157.3000030517578,157.39999389648438,157.14999389648438,157.1999969482422,540221,ONGC
2023-06-21 03:45:00+00:00,157.85000610351562,157.85000610351562,156.64999389648438,157.0,0,ONGC
2023-06-21 04:45:00+00:00,158.60000610351562,158.85000610351562,157.5500030517578,157.85000610351562,1172773,ONGC
2023-06-21 05:45:00+00:00,158.5500030517578,158.75,158.35000610351562,158.60000610351562,852875,ONGC
2023-06-21 06:45:00+00:00,158.4499969482422,158.60000610351562,158.3000030517578,158.5,425505,ONGC
2023-06-21 07:45:00+00:00,158.8000030517578,158.8000030517578,158.39999389648438,158.4499969482422,573091,ONGC
2023-06-21 08:45:00+00:00,160.25,160.5,158.75,158.75,3341693,ONGC
2023-06-21 09:45:00+00:00,160.5,160.5,160.0,160.1999969482422,997705,ONGC
2023-06-22 03:45:00+00:00,160.0,160.9499969482422,159.39999389648438,160.5500030517578,0,ONGC
2023-06-22 04:45:00+00:00,160.0,160.5,159.9499969482422,160.0500030517578,770644,ONGC
2023-06-22 05:45:00+00:00,159.3000030517578,160.1999969482422,159.1999969482422,160.10000610351562,1394884,ONGC
2023-06-22 06:45:00+00:00,158.10000610351562,159.3000030517578,157.5,159.25,2166717,ONGC
2023-06-22 07:45:00+00:00,159.39999389648438,159.85000610351562,158.0,158.0500030517578,1522305,ONGC
2023-06-22 08:45:00+00:00,159.10000610351562,159.4499969482422,158.85000610351562,159.4499969482422,1999152,ONGC
2023-06-22 09:45:00+00:00,159.1999969482422,159.35000610351562,158.5500030517578,159.0,1130673,ONGC
2023-06-23 03:45:00+00:00,157.0,157.9499969482422,155.5,157.4499969482422,0,ONGC
2023-06-23 04:45:00+00:00,157.5500030517578,157.60000610351562,156.6999969482422,157.0,755515,ONGC
2023-06-23 05:45:00+00:00,157.5500030517578,158.0,157.35000610351562,157.5,396060,ONGC
2023-06-23 06:45:00+00:00,157.60000610351562,158.0,157.4499969482422,157.64999389648438,470724,ONGC
2023-06-23 07:45:00+00:00,157.5500030517578,157.8000030517578,157.4499969482422,157.60000610351562,817041,ONGC
2023-06-23 08:45:00+00:00,157.0500030517578,157.5500030517578,156.5500030517578,157.5,1591202,ONGC
2023-06-23 09:45:00+00:00,156.3000030517578,157.1999969482422,156.3000030517578,157.0,858317,ONGC
2023-06-26 03:45:00+00:00,157.0,158.0,156.0,156.9499969482422,0,ONGC
2023-06-26 04:45:00+00:00,157.1999969482422,157.5500030517578,156.89999389648438,157.0500030517578,259562,ONGC
2023-06-26 05:45:00+00:00,157.25,157.35000610351562,157.0500030517578,157.1999969482422,209333,ONGC
2023-06-26 06:45:00+00:00,157.35000610351562,157.39999389648438,156.6999969482422,157.25,319822,ONGC
2023-06-26 07:45:00+00:00,157.5,158.1999969482422,157.14999389648438,157.39999389648438,640214,ONGC
2023-06-26 08:45:00+00:00,157.10000610351562,157.5500030517578,156.6999969482422,157.5,1038070,ONGC
2023-06-26 09:45:00+00:00,157.5,157.64999389648438,156.35000610351562,157.1999969482422,695039,ONGC
2023-06-27 03:45:00+00:00,158.0500030517578,158.6999969482422,157.85000610351562,158.6999969482422,3675267,ONGC
2023-06-27 04:45:00+00:00,158.1999969482422,158.39999389648438,157.89999389648438,158.10000610351562,925141,ONGC
2023-06-27 05:45:00+00:00,157.6999969482422,158.3000030517578,157.60000610351562,158.25,982962,ONGC
2023-06-27 06:45:00+00:00,158.14999389648438,158.39999389648438,157.60000610351562,157.6999969482422,1057062,ONGC
2023-06-27 07:45:00+00:00,158.25,158.5,158.0,158.10000610351562,953241,ONGC
2023-06-27 08:45:00+00:00,158.0,158.39999389648438,157.64999389648438,158.3000030517578,1314871,ONGC
2023-06-27 09:45:00+00:00,157.85000610351562,158.0,157.5,158.0,0,ONGC
2023-06-30 03:45:00+00:00,159.35000610351562,160.3000030517578,159.0,160.3000030517578,0,ONGC
2023-06-30 04:45:00+00:00,159.5500030517578,159.75,159.1999969482422,159.39999389648438,621079,ONGC
2023-06-30 05:45:00+00:00,160.1999969482422,160.39999389648438,159.5500030517578,159.5500030517578,975044,ONGC
2023-06-30 06:45:00+00:00,160.25,160.39999389648438,160.0,160.25,559280,ONGC
2023-06-30 07:45:00+00:00,160.14999389648438,160.39999389648438,160.0500030517578,160.35000610351562,504696,ONGC
2023-06-30 08:45:00+00:00,160.25,160.5500030517578,159.75,160.10000610351562,1553091,ONGC
2023-06-30 09:45:00+00:00,160.14999389648438,160.5,160.10000610351562,160.1999969482422,752412,ONGC
2023-07-03 03:45:00+00:00,160.4499969482422,161.1999969482422,160.10000610351562,160.39999389648438,0,ONGC
2023-07-03 04:45:00+00:00,162.0,162.5,160.3000030517578,160.39999389648438,1945167,ONGC
2023-07-03 05:45:00+00:00,161.6999969482422,162.35000610351562,161.64999389648438,162.0500030517578,1082210,ONGC
2023-07-03 06:45:00+00:00,162.0500030517578,162.6999969482422,161.4499969482422,161.64999389648438,1227849,ONGC
2023-07-03 07:45:00+00:00,162.5,162.89999389648438,161.89999389648438,162.0500030517578,1318045,ONGC
2023-07-03 08:45:00+00:00,163.0,163.25,162.4499969482422,162.5,2124166,ONGC
2023-07-03 09:45:00+00:00,162.9499969482422,163.0500030517578,162.5,163.0,905672,ONGC
2023-07-04 03:45:00+00:00,160.6999969482422,162.35000610351562,160.0,162.35000610351562,0,ONGC
2023-07-04 04:45:00+00:00,160.9499969482422,161.10000610351562,160.5500030517578,160.6999969482422,953971,ONGC
2023-07-04 05:45:00+00:00,161.3000030517578,161.6999969482422,160.85000610351562,161.0,466895,ONGC
2023-07-04 06:45:00+00:00,160.8000030517578,161.39999389648438,160.60000610351562,161.35000610351562,433587,ONGC
2023-07-04 07:45:00+00:00,161.14999389648438,161.3000030517578,160.6999969482422,160.8000030517578,407787,ONGC
2023-07-04 08:45:00+00:00,161.35000610351562,161.35000610351562,160.8000030517578,161.0500030517578,711896,ONGC
2023-07-04 09:45:00+00:00,161.35000610351562,161.35000610351562,161.14999389648438,161.25,381406,ONGC
2023-07-05 03:45:00+00:00,163.6999969482422,164.14999389648438,161.39999389648438,161.39999389648438,0,ONGC
2023-07-05 04:45:00+00:00,163.6999969482422,164.3000030517578,163.5500030517578,163.6999969482422,1075737,ONGC
2023-07-05 05:45:00+00:00,164.14999389648438,164.35000610351562,163.60000610351562,163.60000610351562,761293,ONGC
2023-07-05 06:45:00+00:00,163.6999969482422,164.35000610351562,163.60000610351562,164.14999389648438,965761,ONGC
2023-07-05 07:45:00+00:00,163.3000030517578,163.6999969482422,163.0500030517578,163.60000610351562,775028,ONGC
2023-07-05 08:45:00+00:00,163.0,163.3000030517578,162.60000610351562,163.3000030517578,1635901,ONGC
2023-07-05 09:45:00+00:00,162.8000030517578,163.0,162.60000610351562,163.0,0,ONGC
2023-07-06 03:45:00+00:00,163.60000610351562,163.89999389648438,162.64999389648438,162.8000030517578,1606657,ONGC
2023-07-06 04:45:00+00:00,164.14999389648438,164.60000610351562,163.39999389648438,163.60000610351562,1194655,ONGC
2023-07-06 05:45:00+00:00,164.3000030517578,164.4499969482422,164.0,164.25,814944,ONGC
2023-07-06 06:45:00+00:00,164.8000030517578,165.0,164.3000030517578,164.3000030517578,1420847,ONGC
2023-07-06 07:45:00+00:00,164.75,165.10000610351562,164.5,164.8000030517578,1452139,ONGC
2023-07-06 08:45:00+00:00,165.5,165.5,164.6999969482422,164.8000030517578,2157140,ONGC
2023-07-06 09:45:00+00:00,165.5500030517578,165.6999969482422,165.35000610351562,165.5,1197079,ONGC
2023-07-07 03:45:00+00:00,164.6999969482422,165.9499969482422,164.5,165.35000610351562,0,ONGC
2023-07-07 04:45:00+00:00,164.1999969482422,164.8000030517578,164.0,164.6999969482422,900955,ONGC
2023-07-07 05:45:00+00:00,163.3000030517578,164.1999969482422,163.25,164.10000610351562,1080269,ONGC
2023-07-07 06:45:00+00:00,163.0500030517578,163.4499969482422,162.8000030517578,163.39999389648438,918230,ONGC
2023-07-07 07:45:00+00:00,164.10000610351562,164.25,163.0500030517578,163.0500030517578,1305535,ONGC
2023-07-07 08:45:00+00:00,163.39999389648438,164.25,163.3000030517578,164.10000610351562,1480280,ONGC
2023-07-07 09:45:00+00:00,163.75,163.9499969482422,163.25,163.39999389648438,538879,ONGC
2023-07-10 03:45:00+00:00,165.1999969482422,165.35000610351562,163.60000610351562,163.8000030517578,0,ONGC
2023-07-10 04:45:00+00:00,163.8000030517578,165.1999969482422,163.6999969482422,165.1999969482422,354045,ONGC
2023-07-10 05:45:00+00:00,163.0,163.9499969482422,162.85000610351562,163.6999969482422,915963,ONGC
2023-07-10 06:45:00+00:00,163.0500030517578,163.39999389648438,162.85000610351562,162.9499969482422,648716,ONGC
2023-07-10 07:45:00+00:00,163.10000610351562,163.4499969482422,162.85000610351562,163.0500030517578,814268,ONGC
2023-07-10 08:45:00+00:00,162.6999969482422,163.1999969482422,162.5500030517578,163.14999389648438,1154644,ONGC
2023-07-10 09:45:00+00:00,162.75,162.89999389648438,162.5500030517578,162.6999969482422,629009,ONGC
2023-07-11 03:45:00+00:00,164.3000030517578,164.39999389648438,162.89999389648438,163.60000610351562,637145,ONGC
2023-07-11 04:45:00+00:00,164.1999969482422,165.10000610351562,164.14999389648438,164.35000610351562,848887,ONGC
2023-07-11 05:45:00+00:00,163.9499969482422,164.25,163.75,164.1999969482422,740148,ONGC
2023-07-11 06:45:00+00:00,164.14999389648438,164.5,163.6999969482422,163.89999389648438,1083254,ONGC
2023-07-11 07:45:00+00:00,163.8000030517578,164.14999389648438,163.5,164.10000610351562,691967,ONGC
2023-07-11 08:45:00+00:00,164.5,164.75,163.5,163.6999969482422,1515413,ONGC
2023-07-11 09:45:00+00:00,164.4499969482422,164.89999389648438,164.39999389648438,164.5,823289,ONGC
2023-07-12 03:45:00+00:00,168.10000610351562,168.9499969482422,165.3000030517578,165.60000610351562,6265219,ONGC
2023-07-12 04:45:00+00:00,167.64999389648438,168.3000030517578,167.5500030517578,168.10000610351562,1628462,ONGC
2023-07-12 05:45:00+00:00,167.6999969482422,168.25,167.60000610351562,167.64999389648438,1010120,ONGC
2023-07-12 06:45:00+00:00,167.3000030517578,167.8000030517578,167.10000610351562,167.6999969482422,1522503,ONGC
2023-07-12 07:45:00+00:00,167.5,167.8000030517578,167.14999389648438,167.3000030517578,1212698,ONGC
2023-07-12 08:45:00+00:00,167.8000030517578,167.89999389648438,167.39999389648438,167.5,2287503,ONGC
2023-07-12 09:45:00+00:00,167.60000610351562,168.0,167.39999389648438,167.85000610351562,1682812,ONGC
2023-07-13 03:45:00+00:00,168.8000030517578,169.3000030517578,167.8000030517578,168.64999389648438,2286724,ONGC
2023-07-13 04:45:00+00:00,168.64999389648438,168.9499969482422,168.39999389648438,168.8000030517578,1370051,ONGC
2023-07-13 05:45:00+00:00,168.25,168.75,168.0,168.60000610351562,1206210,ONGC
2023-07-13 06:45:00+00:00,168.75,168.85000610351562,168.1999969482422,168.25,1181306,ONGC
2023-07-13 07:45:00+00:00,167.9499969482422,168.89999389648438,167.64999389648438,168.75,2777175,ONGC
2023-07-13 08:45:00+00:00,167.89999389648438,168.10000610351562,167.25,167.89999389648438,1617913,ONGC
2023-07-13 09:45:00+00:00,168.0500030517578,168.1999969482422,167.60000610351562,167.89999389648438,909549,ONGC
2023-07-14 03:45:00+00:00,168.75,169.0,168.1999969482422,169.0,1344775,ONGC
2023-07-14 04:45:00+00:00,168.9499969482422,169.25,168.6999969482422,168.6999969482422,1118766,ONGC
2023-07-14 05:45:00+00:00,169.14999389648438,169.75,168.9499969482422,168.9499969482422,1102000,ONGC
2023-07-14 06:45:00+00:00,168.9499969482422,169.1999969482422,168.39999389648438,169.14999389648438,2741081,ONGC
2023-07-14 07:45:00+00:00,169.0,169.3000030517578,168.6999969482422,168.9499969482422,894872,ONGC
2023-07-14 08:45:00+00:00,169.35000610351562,169.35000610351562,168.6999969482422,169.0,1321973,ONGC
2023-07-14 09:45:00+00:00,169.25,169.64999389648438,168.85000610351562,169.35000610351562,923709,ONGC
2023-07-17 03:45:00+00:00,167.3000030517578,168.35000610351562,166.5500030517578,167.60000610351562,0,ONGC
2023-07-17 04:45:00+00:00,167.5500030517578,167.75,167.25,167.35000610351562,321115,ONGC
2023-07-17 05:45:00+00:00,167.3000030517578,167.60000610351562,167.14999389648438,167.5500030517578,360391,ONGC
2023-07-17 06:45:00+00:00,167.10000610351562,167.35000610351562,167.0,167.3000030517578,378588,ONGC
2023-07-17 07:45:00+00:00,166.6999969482422,167.1999969482422,166.5500030517578,167.1999969482422,617998,ONGC
2023-07-17 08:45:00+00:00,166.39999389648438,166.8000030517578,166.39999389648438,166.6999969482422,810767,ONGC
2023-07-17 09:45:00+00:00,166.5,166.60000610351562,166.14999389648438,166.39999389648438,606498,ONGC
2023-07-18 03:45:00+00:00,167.39999389648438,167.60000610351562,166.1999969482422,166.5,0,ONGC
2023-07-18 04:45:00+00:00,168.0500030517578,168.10000610351562,167.35000610351562,167.39999389648438,702654,ONGC
2023-07-18 05:45:00+00:00,167.25,168.0500030517578,167.14999389648438,168.0,483865,ONGC
2023-07-18 06:45:00+00:00,167.35000610351562,167.6999969482422,167.1999969482422,167.25,510190,ONGC
2023-07-18 07:45:00+00:00,166.75,167.4499969482422,166.64999389648438,167.39999389648438,413569,ONGC
2023-07-18 08:45:00+00:00,166.8000030517578,166.9499969482422,166.35000610351562,166.6999969482422,751507,ONGC
2023-07-18 09:45:00+00:00,167.0,167.0500030517578,166.8000030517578,166.85000610351562,380533,ONGC
2023-07-19 03:45:00+00:00,167.5,167.8000030517578,166.5,167.5,827589,ONGC
2023-07-19 04:45:00+00:00,166.9499969482422,167.9499969482422,166.9499969482422,167.5,598639,ONGC
2023-07-19 05:45:00+00:00,166.1999969482422,167.0500030517578,166.10000610351562,167.0500030517578,928118,ONGC
2023-07-19 06:45:00+00:00,166.5,166.75,166.10000610351562,166.1999969482422,802307,ONGC
2023-07-19 07:45:00+00:00,166.64999389648438,167.0500030517578,166.39999389648438,166.5500030517578,985052,ONGC
2023-07-19 08:45:00+00:00,166.6999969482422,166.9499969482422,166.3000030517578,166.60000610351562,1160969,ONGC
2023-07-19 09:45:00+00:00,166.85000610351562,167.0,166.4499969482422,166.64999389648438,664015,ONGC
2023-07-20 03:45:00+00:00,166.5500030517578,167.3000030517578,166.0500030517578,167.0500030517578,0,ONGC
2023-07-20 04:45:00+00:00,166.5,166.89999389648438,166.5,166.5500030517578,345045,ONGC
2023-07-20 05:45:00+00:00,167.0,167.3000030517578,166.39999389648438,166.5,472283,ONGC
2023-07-20 06:45:00+00:00,167.35000610351562,167.85000610351562,166.85000610351562,167.0500030517578,558313,ONGC
2023-07-20 07:45:00+00:00,167.6999969482422,167.8000030517578,167.0,167.3000030517578,515646,ONGC
2023-07-20 08:45:00+00:00,167.5,168.0500030517578,167.0500030517578,167.8000030517578,1140257,ONGC
2023-07-20 09:45:00+00:00,166.9499969482422,167.5,166.8000030517578,167.5,1335692,ONGC
2023-07-21 03:45:00+00:00,168.89999389648438,169.25,166.64999389648438,166.85000610351562,1577112,ONGC
2023-07-21 04:45:00+00:00,168.64999389648438,169.0500030517578,168.4499969482422,168.89999389648438,514536,ONGC
2023-07-21 05:45:00+00:00,168.85000610351562,168.9499969482422,168.5,168.6999969482422,338622,ONGC
2023-07-21 06:45:00+00:00,169.39999389648438,169.60000610351562,168.75,168.85000610351562,839726,ONGC
2023-07-21 07:45:00+00:00,169.0,169.60000610351562,168.75,169.39999389648438,485216,ONGC
2023-07-21 08:45:00+00:00,170.5,171.0,168.8000030517578,169.0,3253062,ONGC
2023-07-21 09:45:00+00:00,170.4499969482422,170.60000610351562,170.35000610351562,170.4499969482422,831537,ONGC
2023-07-24 03:45:00+00:00,171.8000030517578,172.0,170.60000610351562,171.4499969482422,0,ONGC
2023-07-24 04:45:00+00:00,172.10000610351562,172.25,171.60000610351562,171.75,1350279,ONGC
2023-07-24 05:45:00+00:00,171.14999389648438,172.1999969482422,170.9499969482422,172.14999389648438,1274827,ONGC
2023-07-24 06:45:00+00:00,171.60000610351562,171.64999389648438,171.14999389648438,171.14999389648438,595392,ONGC
2023-07-24 07:45:00+00:00,171.64999389648438,171.6999969482422,171.25,171.60000610351562,520646,ONGC
2023-07-24 08:45:00+00:00,171.10000610351562,171.89999389648438,170.85000610351562,171.6999969482422,1365040,ONGC
2023-07-24 09:45:00+00:00,171.0,171.1999969482422,170.5,171.1999969482422,1197399,ONGC
2023-07-25 03:45:00+00:00,172.4499969482422,172.5,171.3000030517578,171.6999969482422,0,ONGC
2023-07-25 04:45:00+00:00,172.3000030517578,172.6999969482422,172.0500030517578,172.5,1347918,ONGC
2023-07-25 05:45:00+00:00,172.39999389648438,172.60000610351562,171.75,172.3000030517578,1357652,ONGC
2023-07-25 06:45:00+00:00,172.8000030517578,172.8000030517578,172.25,172.3000030517578,1197665,ONGC
2023-07-25 07:45:00+00:00,172.6999969482422,172.89999389648438,172.3000030517578,172.8000030517578,1288216,ONGC
2023-07-25 08:45:00+00:00,172.9499969482422,173.35000610351562,172.60000610351562,172.6999969482422,2126303,ONGC
2023-07-25 09:45:00+00:00,172.75,173.1999969482422,172.5,173.0,1111789,ONGC
2023-07-26 03:45:00+00:00,172.60000610351562,174.14999389648438,172.0,174.14999389648438,0,ONGC
2023-07-26 04:45:00+00:00,173.14999389648438,173.3000030517578,172.5,172.60000610351562,1209864,ONGC
2023-07-26 05:45:00+00:00,172.5,173.25,172.4499969482422,173.10000610351562,911567,ONGC
2023-07-26 06:45:00+00:00,172.60000610351562,172.75,172.25,172.4499969482422,1009455,ONGC
2023-07-26 07:45:00+00:00,172.8000030517578,172.9499969482422,172.35000610351562,172.60000610351562,1165614,ONGC
2023-07-26 08:45:00+00:00,173.10000610351562,173.14999389648438,172.60000610351562,172.6999969482422,1401711,ONGC
2023-07-26 09:45:00+00:00,172.89999389648438,173.10000610351562,172.8000030517578,173.10000610351562,646741,ONGC
2023-07-27 03:45:00+00:00,172.25,173.4499969482422,172.10000610351562,173.4499969482422,1229951,ONGC
2023-07-27 04:45:00+00:00,172.0,172.39999389648438,171.8000030517578,172.1999969482422,775917,ONGC
2023-07-27 05:45:00+00:00,171.8000030517578,172.0,171.8000030517578,172.0,492284,ONGC
2023-07-27 06:45:00+00:00,171.35000610351562,172.0500030517578,171.25,171.8000030517578,873850,ONGC
2023-07-27 07:45:00+00:00,171.8000030517578,172.0,171.1999969482422,171.3000030517578,1051036,ONGC
2023-07-27 08:45:00+00:00,171.0500030517578,171.8000030517578,170.6999969482422,171.75,2299959,ONGC
2023-07-27 09:45:00+00:00,171.0,171.14999389648438,170.85000610351562,171.0,959656,ONGC
2023-07-28 03:45:00+00:00,173.1999969482422,173.1999969482422,169.10000610351562,170.64999389648438,0,ONGC
2023-07-28 04:45:00+00:00,174.35000610351562,174.9499969482422,173.0,173.14999389648438,1540191,ONGC
2023-07-28 05:45:00+00:00,173.8000030517578,174.39999389648438,173.6999969482422,174.39999389648438,1011747,ONGC
2023-07-28 06:45:00+00:00,172.8000030517578,173.89999389648438,172.5500030517578,173.75,1100622,ONGC
2023-07-28 07:45:00+00:00,171.75,172.85000610351562,171.60000610351562,172.8000030517578,1034113,ONGC
2023-07-28 08:45:00+00:00,171.75,172.25,170.6999969482422,171.8000030517578,2104431,ONGC
2023-07-28 09:45:00+00:00,171.8000030517578,171.89999389648438,171.25,171.75,0,ONGC
2023-07-31 03:45:00+00:00,172.8000030517578,173.1999969482422,171.75,172.3000030517578,0,ONGC
2023-07-31 04:45:00+00:00,173.25,173.39999389648438,172.5,172.9499969482422,534494,ONGC
2023-07-31 05:45:00+00:00,175.3000030517578,175.3000030517578,173.10000610351562,173.25,1327999,ONGC
2023-07-31 06:45:00+00:00,175.60000610351562,176.0500030517578,174.8000030517578,175.3000030517578,1520302,ONGC
2023-07-31 07:45:00+00:00,175.9499969482422,176.10000610351562,175.14999389648438,175.60000610351562,1007095,ONGC
2023-07-31 08:45:00+00:00,177.3000030517578,177.39999389648438,175.64999389648438,175.85000610351562,2628314,ONGC
2023-07-31 09:45:00+00:00,177.0500030517578,177.5,176.3000030517578,177.35000610351562,0,ONGC
2023-08-01 03:45:00+00:00,176.60000610351562,176.8000030517578,174.39999389648438,175.0,2126369,ONGC
2023-08-01 04:45:00+00:00,176.5,176.6999969482422,175.25,176.5500030517578,755778,ONGC
2023-08-01 05:45:00+00:00,175.9499969482422,177.0,175.85000610351562,176.5,523055,ONGC
2023-08-01 06:45:00+00:00,176.0500030517578,176.25,175.75,176.0,357436,ONGC
2023-08-01 07:45:00+00:00,176.3000030517578,176.35000610351562,175.9499969482422,176.0,391799,ONGC
2023-08-01 08:45:00+00:00,176.5500030517578,176.75,176.25,176.25,779321,ONGC
2023-08-01 09:45:00+00:00,176.8000030517578,177.0,176.5,176.5,650616,ONGC
2023-08-02 03:45:00+00:00,177.14999389648438,178.60000610351562,176.1999969482422,177.1999969482422,0,ONGC
2023-08-02 04:45:00+00:00,175.1999969482422,177.14999389648438,174.85000610351562,177.14999389648438,1572428,ONGC
2023-08-02 05:45:00+00:00,174.85000610351562,175.35000610351562,174.35000610351562,175.14999389648438,740612,ONGC
2023-08-02 06:45:00+00:00,174.8000030517578,175.1999969482422,174.5,174.85000610351562,587207,ONGC
2023-08-02 07:45:00+00:00,174.39999389648438,174.85000610351562,174.35000610351562,174.8000030517578,791487,ONGC
2023-08-02 08:45:00+00:00,176.0,176.14999389648438,174.14999389648438,174.4499969482422,2130942,ONGC
2023-08-02 09:45:00+00:00,176.0,176.25,175.5500030517578,176.0,748202,ONGC
2023-08-03 03:45:00+00:00,173.8000030517578,175.64999389648438,173.5,174.9499969482422,1224498,ONGC
2023-08-03 04:45:00+00:00,174.5,174.5500030517578,173.5,173.8000030517578,682407,ONGC
2023-08-03 05:45:00+00:00,173.0500030517578,174.6999969482422,173.0,174.5,677242,ONGC
2023-08-03 06:45:00+00:00,172.5500030517578,173.3000030517578,172.1999969482422,173.0500030517578,670957,ONGC
2023-08-03 07:45:00+00:00,172.1999969482422,172.85000610351562,171.75,172.5500030517578,929616,ONGC
2023-08-03 08:45:00+00:00,172.3000030517578,172.39999389648438,171.5500030517578,172.1999969482422,1490952,ONGC
2023-08-03 09:45:00+00:00,171.8000030517578,172.25,171.6999969482422,172.25,468459,ONGC
2023-08-04 03:45:00+00:00,172.8000030517578,174.14999389648438,172.1999969482422,173.39999389648438,0,ONGC
2023-08-04 04:45:00+00:00,172.1999969482422,173.10000610351562,172.14999389648438,172.8000030517578,418302,ONGC
2023-08-04 05:45:00+00:00,172.85000610351562,173.0,172.14999389648438,172.1999969482422,405194,ONGC
2023-08-04 06:45:00+00:00,173.35000610351562,173.60000610351562,172.85000610351562,172.89999389648438,627329,ONGC
2023-08-04 07:45:00+00:00,173.5,173.85000610351562,173.10000610351562,173.5,620131,ONGC
2023-08-04 08:45:00+00:00,173.3000030517578,173.75,172.85000610351562,173.5500030517578,956400,ONGC
2023-08-04 09:45:00+00:00,173.3000030517578,173.60000610351562,173.0500030517578,173.35000610351562,806703,ONGC
2023-08-07 03:45:00+00:00,172.4499969482422,174.4499969482422,172.1999969482422,174.3000030517578,0,ONGC
2023-08-07 04:45:00+00:00,172.60000610351562,172.85000610351562,172.14999389648438,172.4499969482422,260142,ONGC
2023-08-07 05:45:00+00:00,172.5500030517578,172.75,172.3000030517578,172.60000610351562,150531,ONGC
2023-08-07 06:45:00+00:00,173.4499969482422,173.4499969482422,172.5,172.5,246349,ONGC
2023-08-07 07:45:00+00:00,173.39999389648438,173.60000610351562,173.1999969482422,173.39999389648438,230756,ONGC
2023-08-07 08:45:00+00:00,172.75,173.39999389648438,172.6999969482422,173.35000610351562,378234,ONGC
2023-08-07 09:45:00+00:00,173.35000610351562,173.39999389648438,172.60000610351562,172.75,338772,ONGC
2023-08-08 03:45:00+00:00,173.39999389648438,173.8000030517578,172.75,172.89999389648438,0,ONGC
2023-08-08 04:45:00+00:00,173.10000610351562,173.4499969482422,173.0,173.39999389648438,294426,ONGC
2023-08-08 05:45:00+00:00,173.14999389648438,173.1999969482422,172.64999389648438,173.0,401613,ONGC
2023-08-08 06:45:00+00:00,173.10000610351562,173.1999969482422,172.6999969482422,173.10000610351562,250196,ONGC
2023-08-08 07:45:00+00:00,172.85000610351562,173.1999969482422,172.75,173.0500030517578,252370,ONGC
2023-08-08 08:45:00+00:00,173.35000610351562,173.5,172.6999969482422,172.85000610351562,1153387,ONGC
2023-08-08 09:45:00+00:00,173.0500030517578,173.64999389648438,172.8000030517578,173.3000030517578,789172,ONGC
2023-08-09 03:45:00+00:00,173.75,174.89999389648438,173.35000610351562,173.4499969482422,981074,ONGC
2023-08-09 04:45:00+00:00,174.0500030517578,174.14999389648438,173.35000610351562,173.75,619616,ONGC
2023-08-09 05:45:00+00:00,173.8000030517578,174.0500030517578,173.60000610351562,174.0500030517578,224661,ONGC
2023-08-09 06:45:00+00:00,174.39999389648438,174.5500030517578,173.5500030517578,173.75,577445,ONGC
2023-08-09 07:45:00+00:00,175.3000030517578,175.3000030517578,174.25,174.39999389648438,463756,ONGC
2023-08-09 08:45:00+00:00,176.89999389648438,177.0500030517578,175.0500030517578,175.1999969482422,1306663,ONGC
2023-08-09 09:45:00+00:00,177.0,177.25,176.6999969482422,176.9499969482422,644796,ONGC
2023-08-10 03:45:00+00:00,177.85000610351562,179.75,177.64999389648438,178.1999969482422,4404337,ONGC
2023-08-10 04:45:00+00:00,177.9499969482422,178.1999969482422,176.89999389648438,177.89999389648438,1305539,ONGC
2023-08-10 05:45:00+00:00,178.35000610351562,178.5,177.64999389648438,177.89999389648438,661893,ONGC
2023-08-10 06:45:00+00:00,178.64999389648438,178.85000610351562,178.0500030517578,178.35000610351562,771100,ONGC
2023-08-10 07:45:00+00:00,178.60000610351562,178.8000030517578,177.8000030517578,178.64999389648438,873555,ONGC
2023-08-10 08:45:00+00:00,178.60000610351562,178.85000610351562,178.25,178.60000610351562,1380119,ONGC
2023-08-10 09:45:00+00:00,178.8000030517578,179.0,178.3000030517578,178.6999969482422,1033465,ONGC
2023-08-11 03:45:00+00:00,177.5500030517578,179.60000610351562,177.14999389648438,178.89999389648438,0,ONGC
2023-08-11 04:45:00+00:00,177.3000030517578,177.6999969482422,176.9499969482422,177.5,436387,ONGC
2023-08-11 05:45:00+00:00,177.0,177.4499969482422,176.75,177.3000030517578,434439,ONGC
2023-08-11 06:45:00+00:00,177.8000030517578,177.8000030517578,176.6999969482422,177.0,393886,ONGC
2023-08-11 07:45:00+00:00,177.64999389648438,177.8000030517578,177.3000030517578,177.75,329553,ONGC
2023-08-11 08:45:00+00:00,177.10000610351562,178.1999969482422,176.85000610351562,177.64999389648438,778902,ONGC
2023-08-11 09:45:00+00:00,177.1999969482422,177.6999969482422,176.89999389648438,177.14999389648438,566100,ONGC
2023-08-14 03:45:00+00:00,178.5,180.25,177.35000610351562,179.8000030517578,227767,ONGC
2023-08-14 04:45:00+00:00,179.25,179.6999969482422,177.64999389648438,178.5,2307050,ONGC
2023-08-14 05:45:00+00:00,178.89999389648438,179.5,178.60000610351562,179.14999389648438,1473993,ONGC
2023-08-14 06:45:00+00:00,178.85000610351562,179.25,178.3000030517578,179.0,1062734,ONGC
2023-08-14 07:45:00+00:00,178.6999969482422,179.0,178.5,178.75,885057,ONGC
2023-08-14 08:45:00+00:00,178.10000610351562,178.85000610351562,177.85000610351562,178.75,1631784,ONGC
2023-08-14 09:45:00+00:00,178.0,178.5500030517578,177.4499969482422,178.10000610351562,1172014,ONGC
2023-08-16 03:45:00+00:00,177.25,178.14999389648438,176.0500030517578,176.39999389648438,0,ONGC
2023-08-16 04:45:00+00:00,178.14999389648438,178.3000030517578,177.14999389648438,177.25,797890,ONGC
2023-08-16 05:45:00+00:00,178.0,178.25,177.39999389648438,178.14999389648438,1289035,ONGC
2023-08-16 06:45:00+00:00,178.0500030517578,178.1999969482422,177.8000030517578,178.0,603244,ONGC
2023-08-16 07:45:00+00:00,178.64999389648438,178.64999389648438,178.0,178.10000610351562,697261,ONGC
2023-08-16 08:45:00+00:00,179.0500030517578,179.14999389648438,178.39999389648438,178.6999969482422,1599941,ONGC
2023-08-16 09:45:00+00:00,178.8000030517578,179.39999389648438,178.75,179.10000610351562,933855,ONGC
2023-08-17 03:45:00+00:00,177.89999389648438,179.0500030517578,177.75,178.5500030517578,757732,ONGC
2023-08-17 04:45:00+00:00,178.0,178.3000030517578,177.8000030517578,177.89999389648438,469851,ONGC
2023-08-17 05:45:00+00:00,177.64999389648438,178.0,177.14999389648438,177.89999389648438,595238,ONGC
2023-08-17 06:45:00+00:00,177.8000030517578,178.1999969482422,177.5500030517578,177.64999389648438,478636,ONGC
2023-08-17 07:45:00+00:00,178.1999969482422,178.25,177.8000030517578,177.8000030517578,378408,ONGC
2023-08-17 08:45:00+00:00,177.6999969482422,178.5,177.4499969482422,178.1999969482422,1713541,ONGC
2023-08-17 09:45:00+00:00,177.75,178.14999389648438,177.1999969482422,177.6999969482422,805516,ONGC
2023-08-18 03:45:00+00:00,175.64999389648438,177.60000610351562,175.5,177.5500030517578,0,ONGC
2023-08-18 04:45:00+00:00,175.60000610351562,176.3000030517578,174.89999389648438,175.64999389648438,633741,ONGC
2023-08-18 05:45:00+00:00,175.89999389648438,176.1999969482422,175.5500030517578,175.60000610351562,597227,ONGC
2023-08-18 06:45:00+00:00,175.5,175.9499969482422,175.3000030517578,175.8000030517578,405450,ONGC
2023-08-18 07:45:00+00:00,176.0,176.3000030517578,174.85000610351562,175.5,875991,ONGC
2023-08-18 08:45:00+00:00,175.6999969482422,176.5,175.4499969482422,175.9499969482422,1902003,ONGC
2023-08-18 09:45:00+00:00,174.5,175.75,174.14999389648438,175.6999969482422,1452823,ONGC
2023-08-21 03:45:00+00:00,175.39999389648438,175.9499969482422,174.35000610351562,175.25,0,ONGC
2023-08-21 04:45:00+00:00,175.89999389648438,175.9499969482422,175.25,175.35000610351562,451780,ONGC
2023-08-21 05:45:00+00:00,175.5500030517578,175.9499969482422,175.39999389648438,175.85000610351562,224513,ONGC
2023-08-21 06:45:00+00:00,176.0,176.0,175.39999389648438,175.5,398461,ONGC
2023-08-21 07:45:00+00:00,175.6999969482422,176.1999969482422,175.60000610351562,176.0,329981,ONGC
2023-08-21 08:45:00+00:00,176.25,176.3000030517578,175.5500030517578,175.6999969482422,768542,ONGC
2023-08-21 09:45:00+00:00,175.89999389648438,176.3000030517578,175.64999389648438,176.25,454346,ONGC
2023-08-22 03:45:00+00:00,177.5500030517578,177.64999389648438,176.0500030517578,176.0500030517578,754645,ONGC
2023-08-22 04:45:00+00:00,176.5500030517578,177.89999389648438,176.39999389648438,177.60000610351562,1181620,ONGC
2023-08-22 05:45:00+00:00,177.0,177.0,176.35000610351562,176.5500030517578,554437,ONGC
2023-08-22 06:45:00+00:00,176.8000030517578,177.25,176.6999969482422,177.0,648138,ONGC
2023-08-22 07:45:00+00:00,176.4499969482422,176.85000610351562,176.1999969482422,176.8000030517578,518907,ONGC
2023-08-22 08:45:00+00:00,176.10000610351562,176.5500030517578,175.8000030517578,176.4499969482422,1105735,ONGC
2023-08-22 09:45:00+00:00,175.9499969482422,176.3000030517578,175.64999389648438,176.14999389648438,582239,ONGC
2023-08-23 03:45:00+00:00,175.5,177.10000610351562,175.0,176.9499969482422,1528569,ONGC
2023-08-23 04:45:00+00:00,175.89999389648438,176.0,175.10000610351562,175.4499969482422,652761,ONGC
2023-08-23 05:45:00+00:00,175.85000610351562,176.14999389648438,175.1999969482422,175.89999389648438,693191,ONGC
2023-08-23 06:45:00+00:00,175.5500030517578,175.89999389648438,175.25,175.85000610351562,958625,ONGC
2023-08-23 07:45:00+00:00,175.89999389648438,176.0,175.5,175.5500030517578,572551,ONGC
2023-08-23 08:45:00+00:00,175.5,176.0,175.5,175.89999389648438,841857,ONGC
2023-08-23 09:45:00+00:00,175.25,175.64999389648438,175.0,175.5,1128887,ONGC
2023-08-24 03:45:00+00:00,176.5,176.5,175.14999389648438,175.5,876572,ONGC
2023-08-24 04:45:00+00:00,175.1999969482422,176.6999969482422,175.10000610351562,176.5,703775,ONGC
2023-08-24 05:45:00+00:00,174.0500030517578,175.1999969482422,173.8000030517578,175.1999969482422,1471034,ONGC
2023-08-24 06:45:00+00:00,173.0500030517578,174.14999389648438,173.0,174.14999389648438,1459463,ONGC
2023-08-24 07:45:00+00:00,173.39999389648438,173.60000610351562,173.0,173.10000610351562,1226271,ONGC
2023-08-24 08:45:00+00:00,173.14999389648438,173.6999969482422,173.10000610351562,173.4499969482422,1546743,ONGC
2023-08-24 09:45:00+00:00,173.1999969482422,173.1999969482422,172.85000610351562,173.14999389648438,691757,ONGC
2023-08-25 03:45:00+00:00,173.25,174.8000030517578,173.14999389648438,173.85000610351562,1045198,ONGC
2023-08-25 04:45:00+00:00,174.39999389648438,174.5500030517578,173.14999389648438,173.25,796598,ONGC
2023-08-25 05:45:00+00:00,174.4499969482422,174.75,174.25,174.39999389648438,481239,ONGC
2023-08-25 06:45:00+00:00,174.8000030517578,174.9499969482422,174.35000610351562,174.39999389648438,403769,ONGC
2023-08-25 07:45:00+00:00,174.5,175.0,174.4499969482422,174.85000610351562,652467,ONGC
2023-08-25 08:45:00+00:00,174.6999969482422,175.25,174.39999389648438,174.5,837006,ONGC
2023-08-25 09:45:00+00:00,174.39999389648438,174.85000610351562,174.14999389648438,174.6999969482422,540128,ONGC
2023-08-28 03:45:00+00:00,175.10000610351562,175.60000610351562,174.64999389648438,174.8000030517578,0,ONGC
2023-08-28 04:45:00+00:00,175.5500030517578,175.6999969482422,175.14999389648438,175.14999389648438,463481,ONGC
2023-08-28 05:45:00+00:00,175.5500030517578,175.8000030517578,175.5,175.60000610351562,421420,ONGC
2023-08-28 06:45:00+00:00,175.10000610351562,175.60000610351562,175.0,175.5500030517578,1017565,ONGC
2023-08-28 07:45:00+00:00,175.39999389648438,175.5,174.8000030517578,175.10000610351562,890766,ONGC
2023-08-28 08:45:00+00:00,175.25,175.5,175.0500030517578,175.35000610351562,442541,ONGC
2023-08-28 09:45:00+00:00,175.10000610351562,175.35000610351562,174.85000610351562,175.1999969482422,321112,ONGC
2023-08-29 03:45:00+00:00,175.60000610351562,176.0,175.0500030517578,175.3000030517578,0,ONGC
2023-08-29 04:45:00+00:00,175.64999389648438,175.75,175.5,175.60000610351562,263185,ONGC
2023-08-29 05:45:00+00:00,175.25,175.6999969482422,175.10000610351562,175.64999389648438,1268271,ONGC
2023-08-29 06:45:00+00:00,175.64999389648438,175.75,175.14999389648438,175.25,343497,ONGC
2023-08-29 07:45:00+00:00,175.60000610351562,175.75,175.4499969482422,175.60000610351562,207786,ONGC
2023-08-29 08:45:00+00:00,175.6999969482422,175.85000610351562,175.4499969482422,175.60000610351562,1252743,ONGC
2023-08-29 09:45:00+00:00,175.6999969482422,175.9499969482422,175.60000610351562,175.6999969482422,0,ONGC
2023-08-30 03:45:00+00:00,176.3000030517578,176.3000030517578,175.5,176.1999969482422,878681,ONGC
2023-08-30 04:45:00+00:00,176.14999389648438,176.3000030517578,175.85000610351562,176.25,500294,ONGC
2023-08-30 05:45:00+00:00,176.0500030517578,176.1999969482422,176.0,176.1999969482422,261310,ONGC
2023-08-30 06:45:00+00:00,176.25,176.5500030517578,175.85000610351562,176.0,1343120,ONGC
2023-08-30 07:45:00+00:00,176.64999389648438,176.89999389648438,176.14999389648438,176.1999969482422,719782,ONGC
2023-08-30 08:45:00+00:00,175.4499969482422,176.6999969482422,175.0500030517578,176.6999969482422,1707901,ONGC
2023-08-30 09:45:00+00:00,175.6999969482422,176.3000030517578,175.4499969482422,175.4499969482422,526358,ONGC
2023-08-31 03:45:00+00:00,175.14999389648438,176.0,175.0500030517578,175.75,0,ONGC
2023-08-31 04:45:00+00:00,174.89999389648438,175.25,174.5,175.1999969482422,1707591,ONGC
2023-08-31 05:45:00+00:00,174.5500030517578,175.0500030517578,174.35000610351562,174.89999389648438,2287189,ONGC
2023-08-31 06:45:00+00:00,174.39999389648438,174.89999389648438,174.3000030517578,174.60000610351562,2215457,ONGC
2023-08-31 07:45:00+00:00,174.64999389648438,174.75,174.35000610351562,174.4499969482422,1181057,ONGC
2023-08-31 08:45:00+00:00,174.4499969482422,174.75,174.35000610351562,174.60000610351562,4183926,ONGC
2023-08-31 09:45:00+00:00,174.14999389648438,174.5500030517578,173.0500030517578,174.5,3317458,ONGC
2023-09-01 03:45:00+00:00,179.14999389648438,179.6999969482422,174.64999389648438,174.64999389648438,0,ONGC
2023-09-01 04:45:00+00:00,183.4499969482422,184.64999389648438,179.14999389648438,179.1999969482422,6494694,ONGC
2023-09-01 05:45:00+00:00,182.14999389648438,183.89999389648438,181.85000610351562,183.5500030517578,2612867,ONGC
2023-09-01 06:45:00+00:00,180.64999389648438,182.3000030517578,180.60000610351562,182.14999389648438,1807714,ONGC
2023-09-01 07:45:00+00:00,181.1999969482422,181.89999389648438,180.5500030517578,180.60000610351562,1196039,ONGC
2023-09-01 08:45:00+00:00,181.64999389648438,182.25,180.64999389648438,181.1999969482422,3448614,ONGC
2023-09-01 09:45:00+00:00,181.75,181.85000610351562,181.10000610351562,181.64999389648438,1350252,ONGC
2023-09-04 03:45:00+00:00,182.60000610351562,183.75,181.85000610351562,182.75,0,ONGC
2023-09-04 04:45:00+00:00,183.85000610351562,184.4499969482422,182.5,182.60000610351562,1441850,ONGC
2023-09-04 05:45:00+00:00,183.1999969482422,183.85000610351562,181.85000610351562,183.85000610351562,2118398,ONGC
2023-09-04 06:45:00+00:00,183.8000030517578,183.85000610351562,182.89999389648438,183.1999969482422,1254725,ONGC
2023-09-04 07:45:00+00:00,183.0,183.89999389648438,182.89999389648438,183.8000030517578,935408,ONGC
2023-09-04 08:45:00+00:00,182.9499969482422,183.25,182.8000030517578,183.0500030517578,1406218,ONGC
2023-09-04 09:45:00+00:00,182.9499969482422,184.0,182.14999389648438,183.0,918503,ONGC
2023-09-05 03:45:00+00:00,184.60000610351562,185.10000610351562,183.14999389648438,183.1999969482422,0,ONGC
2023-09-05 04:45:00+00:00,185.4499969482422,186.0,184.35000610351562,184.60000610351562,2637990,ONGC
2023-09-05 05:45:00+00:00,185.4499969482422,185.64999389648438,185.0,185.4499969482422,1232524,ONGC
2023-09-05 06:45:00+00:00,184.0,185.60000610351562,183.8000030517578,185.60000610351562,2244869,ONGC
2023-09-05 07:45:00+00:00,183.25,184.0,182.8000030517578,184.0,1510348,ONGC
2023-09-05 08:45:00+00:00,183.25,183.9499969482422,182.85000610351562,183.25,2357133,ONGC
2023-09-05 09:45:00+00:00,182.60000610351562,183.1999969482422,182.39999389648438,183.1999969482422,1013459,ONGC
2023-09-06 03:45:00+00:00,185.10000610351562,186.6999969482422,184.35000610351562,184.35000610351562,0,ONGC
2023-09-06 04:45:00+00:00,184.0,185.14999389648438,183.75,185.0,1354330,ONGC
2023-09-06 05:45:00+00:00,183.1999969482422,184.14999389648438,182.85000610351562,184.0500030517578,1718662,ONGC
2023-09-06 06:45:00+00:00,183.1999969482422,183.5,182.60000610351562,183.1999969482422,868315,ONGC
2023-09-06 07:45:00+00:00,182.39999389648438,183.1999969482422,182.35000610351562,183.1999969482422,578752,ONGC
2023-09-06 08:45:00+00:00,183.14999389648438,183.3000030517578,182.35000610351562,182.35000610351562,1777680,ONGC
2023-09-06 09:45:00+00:00,182.85000610351562,183.14999389648438,182.64999389648438,183.14999389648438,1177213,ONGC
2023-09-07 03:45:00+00:00,183.14999389648438,184.39999389648438,182.6999969482422,184.39999389648438,0,ONGC
2023-09-07 04:45:00+00:00,182.89999389648438,183.9499969482422,182.6999969482422,183.10000610351562,1086128,ONGC
2023-09-07 05:45:00+00:00,182.14999389648438,182.89999389648438,181.75,182.89999389648438,1173627,ONGC
2023-09-07 06:45:00+00:00,181.5500030517578,182.1999969482422,181.35000610351562,182.10000610351562,913433,ONGC
2023-09-07 07:45:00+00:00,181.75,182.0500030517578,181.4499969482422,181.64999389648438,842046,ONGC
2023-09-07 08:45:00+00:00,181.85000610351562,182.0,181.3000030517578,181.6999969482422,3355251,ONGC
2023-09-07 09:45:00+00:00,181.10000610351562,182.35000610351562,181.0500030517578,181.75,1496262,ONGC
2023-09-08 03:45:00+00:00,183.60000610351562,183.89999389648438,182.39999389648438,182.60000610351562,0,ONGC
2023-09-08 04:45:00+00:00,182.89999389648438,183.75,182.6999969482422,183.5500030517578,828694,ONGC
2023-09-08 05:45:00+00:00,183.3000030517578,183.39999389648438,182.6999969482422,182.85000610351562,767411,ONGC
2023-09-08 06:45:00+00:00,183.14999389648438,183.4499969482422,182.64999389648438,183.25,605712,ONGC
2023-09-08 07:45:00+00:00,184.75,184.9499969482422,183.14999389648438,183.25,1365985,ONGC
2023-09-08 08:45:00+00:00,184.4499969482422,184.89999389648438,184.14999389648438,184.6999969482422,2732802,ONGC
2023-09-08 09:45:00+00:00,184.25,184.64999389648438,184.25,184.39999389648438,700950,ONGC
2023-09-11 03:45:00+00:00,184.35000610351562,185.8000030517578,184.1999969482422,185.8000030517578,0,ONGC
2023-09-11 04:45:00+00:00,184.5,185.10000610351562,184.0,184.3000030517578,1240092,ONGC
2023-09-11 05:45:00+00:00,183.39999389648438,184.64999389648438,183.0500030517578,184.5,1081916,ONGC
2023-09-11 06:45:00+00:00,182.8000030517578,183.4499969482422,182.3000030517578,183.4499969482422,1623624,ONGC
2023-09-11 07:45:00+00:00,182.85000610351562,183.10000610351562,182.75,182.8000030517578,669051,ONGC
2023-09-11 08:45:00+00:00,183.39999389648438,183.4499969482422,182.64999389648438,182.85000610351562,2719548,ONGC
2023-09-11 09:45:00+00:00,183.5500030517578,184.0,183.1999969482422,183.35000610351562,2036846,ONGC
2023-09-12 03:45:00+00:00,183.10000610351562,184.85000610351562,181.85000610351562,184.85000610351562,0,ONGC
2023-09-12 04:45:00+00:00,183.4499969482422,183.9499969482422,182.5,182.9499969482422,1272689,ONGC
2023-09-12 05:45:00+00:00,181.85000610351562,183.85000610351562,181.5500030517578,183.4499969482422,2449425,ONGC
2023-09-12 06:45:00+00:00,182.35000610351562,182.4499969482422,181.3000030517578,181.85000610351562,1702696,ONGC
2023-09-12 07:45:00+00:00,182.14999389648438,182.39999389648438,181.4499969482422,182.35000610351562,1647965,ONGC
2023-09-12 08:45:00+00:00,180.35000610351562,182.25,180.1999969482422,182.14999389648438,3175566,ONGC
2023-09-12 09:45:00+00:00,181.0,181.35000610351562,180.1999969482422,180.39999389648438,2073406,ONGC
2023-09-13 03:45:00+00:00,181.85000610351562,183.0500030517578,180.9499969482422,181.89999389648438,0,ONGC
2023-09-13 04:45:00+00:00,182.9499969482422,183.0500030517578,181.5,181.85000610351562,1504929,ONGC
2023-09-13 05:45:00+00:00,182.9499969482422,183.60000610351562,182.6999969482422,182.9499969482422,1460716,ONGC
2023-09-13 06:45:00+00:00,183.35000610351562,183.5500030517578,182.8000030517578,183.0,1097932,ONGC
2023-09-13 07:45:00+00:00,183.39999389648438,183.4499969482422,182.8000030517578,183.35000610351562,914666,ONGC
2023-09-13 08:45:00+00:00,183.85000610351562,184.6999969482422,183.39999389648438,183.39999389648438,2510375,ONGC
2023-09-13 09:45:00+00:00,184.10000610351562,184.39999389648438,183.60000610351562,183.85000610351562,1033385,ONGC
2023-09-14 03:45:00+00:00,185.39999389648438,186.39999389648438,184.4499969482422,184.64999389648438,0,ONGC
2023-09-14 04:45:00+00:00,188.35000610351562,188.89999389648438,185.0500030517578,185.5,4368462,ONGC
2023-09-14 05:45:00+00:00,188.0,188.4499969482422,187.3000030517578,188.35000610351562,2242931,ONGC
2023-09-14 06:45:00+00:00,188.10000610351562,188.39999389648438,187.0,188.0,1727639,ONGC
2023-09-14 07:45:00+00:00,187.64999389648438,188.3000030517578,187.1999969482422,188.10000610351562,1496862,ONGC
2023-09-14 08:45:00+00:00,187.85000610351562,188.39999389648438,187.5,187.64999389648438,3034278,ONGC
2023-09-14 09:45:00+00:00,187.85000610351562,188.0500030517578,187.5,187.8000030517578,1787544,ONGC
2023-09-15 03:45:00+00:00,187.89999389648438,189.9499969482422,187.60000610351562,189.35000610351562,0,ONGC
2023-09-15 04:45:00+00:00,187.3000030517578,187.89999389648438,187.14999389648438,187.89999389648438,1089217,ONGC
2023-09-15 05:45:00+00:00,187.64999389648438,187.8000030517578,187.14999389648438,187.35000610351562,987203,ONGC
2023-09-15 06:45:00+00:00,187.10000610351562,187.8000030517578,186.8000030517578,187.8000030517578,1081699,ONGC
2023-09-15 07:45:00+00:00,186.39999389648438,187.10000610351562,186.10000610351562,187.10000610351562,1889125,ONGC
2023-09-15 08:45:00+00:00,186.60000610351562,186.8000030517578,185.64999389648438,186.4499969482422,5777892,ONGC
2023-09-15 09:45:00+00:00,186.60000610351562,187.14999389648438,186.25,186.60000610351562,4887183,ONGC
2023-09-18 03:45:00+00:00,186.64999389648438,187.5,185.10000610351562,185.6999969482422,0,ONGC
2023-09-18 04:45:00+00:00,186.85000610351562,187.35000610351562,186.60000610351562,186.6999969482422,497528,ONGC
2023-09-18 05:45:00+00:00,186.64999389648438,186.89999389648438,186.5,186.85000610351562,419223,ONGC
2023-09-18 06:45:00+00:00,186.64999389648438,187.14999389648438,186.25,186.64999389648438,447346,ONGC
2023-09-18 07:45:00+00:00,186.85000610351562,187.0,186.5500030517578,186.64999389648438,338240,ONGC
2023-09-18 08:45:00+00:00,186.6999969482422,186.89999389648438,186.5500030517578,186.89999389648438,827281,ONGC
2023-09-18 09:45:00+00:00,186.5,186.85000610351562,186.5,186.6999969482422,547707,ONGC
2023-09-20 03:45:00+00:00,188.0,189.4499969482422,186.1999969482422,186.1999969482422,311420,ONGC
2023-09-20 04:45:00+00:00,187.6999969482422,188.3000030517578,187.60000610351562,187.9499969482422,1019164,ONGC
2023-09-20 05:45:00+00:00,187.75,187.75,187.60000610351562,187.64999389648438,946330,ONGC
2023-09-20 06:45:00+00:00,187.5,187.75,187.25,187.75,1150615,ONGC
2023-09-20 07:45:00+00:00,187.25,187.5500030517578,187.0,187.39999389648438,1184742,ONGC
2023-09-20 08:45:00+00:00,188.25,188.5,187.1999969482422,187.25,2095941,ONGC
2023-09-20 09:45:00+00:00,188.1999969482422,188.3000030517578,188.0,188.1999969482422,956402,ONGC
2023-09-21 03:45:00+00:00,186.5500030517578,188.4499969482422,186.5,188.4499969482422,0,ONGC
2023-09-21 04:45:00+00:00,186.9499969482422,187.0,186.14999389648438,186.5500030517578,894315,ONGC
2023-09-21 05:45:00+00:00,186.39999389648438,187.10000610351562,186.10000610351562,187.0,525802,ONGC
2023-09-21 06:45:00+00:00,186.6999969482422,186.85000610351562,186.0500030517578,186.5,895866,ONGC
2023-09-21 07:45:00+00:00,186.4499969482422,186.9499969482422,186.1999969482422,186.6999969482422,941879,ONGC
2023-09-21 08:45:00+00:00,186.64999389648438,186.6999969482422,186.0500030517578,186.4499969482422,1608008,ONGC
2023-09-21 09:45:00+00:00,186.75,186.85000610351562,186.5,186.6999969482422,751223,ONGC
2023-09-22 03:45:00+00:00,185.5,187.14999389648438,185.10000610351562,186.60000610351562,0,ONGC
2023-09-22 04:45:00+00:00,186.1999969482422,186.25,185.1999969482422,185.4499969482422,680346,ONGC
2023-09-22 05:45:00+00:00,186.6999969482422,186.89999389648438,185.9499969482422,186.10000610351562,982319,ONGC
2023-09-22 06:45:00+00:00,186.35000610351562,186.89999389648438,186.3000030517578,186.6999969482422,545426,ONGC
2023-09-22 07:45:00+00:00,186.0500030517578,186.35000610351562,185.64999389648438,186.35000610351562,528714,ONGC
2023-09-22 08:45:00+00:00,185.3000030517578,186.3000030517578,185.25,186.0500030517578,792987,ONGC
2023-09-22 09:45:00+00:00,185.14999389648438,185.3000030517578,185.0500030517578,185.25,2713220,ONGC
2023-09-25 03:45:00+00:00,185.6999969482422,186.60000610351562,185.6999969482422,185.85000610351562,0,ONGC
2023-09-25 04:45:00+00:00,185.64999389648438,186.0500030517578,185.5500030517578,185.8000030517578,518116,ONGC
2023-09-25 05:45:00+00:00,185.8000030517578,185.9499969482422,185.5,185.6999969482422,466411,ONGC
2023-09-25 06:45:00+00:00,186.0500030517578,186.3000030517578,185.75,185.8000030517578,528219,ONGC
2023-09-25 07:45:00+00:00,185.85000610351562,186.1999969482422,185.60000610351562,186.10000610351562,673435,ONGC
2023-09-25 08:45:00+00:00,185.5,185.9499969482422,185.25,185.6999969482422,1222961,ONGC
2023-09-25 09:45:00+00:00,185.60000610351562,185.75,185.3000030517578,185.5,525575,ONGC
2023-09-26 03:45:00+00:00,185.35000610351562,186.14999389648438,185.3000030517578,185.89999389648438,0,ONGC
2023-09-26 04:45:00+00:00,185.6999969482422,185.8000030517578,185.3000030517578,185.39999389648438,774258,ONGC
2023-09-26 05:45:00+00:00,185.35000610351562,185.75,185.35000610351562,185.64999389648438,322757,ONGC
2023-09-26 06:45:00+00:00,186.10000610351562,186.64999389648438,185.35000610351562,185.35000610351562,2304172,ONGC
2023-09-26 07:45:00+00:00,187.5,187.5,186.10000610351562,186.10000610351562,1358622,ONGC
2023-09-26 08:45:00+00:00,187.6999969482422,188.14999389648438,187.3000030517578,187.5,4411722,ONGC
2023-09-26 09:45:00+00:00,187.75,188.0500030517578,187.5,187.6999969482422,2040195,ONGC
2023-09-27 03:45:00+00:00,186.4499969482422,188.9499969482422,186.3000030517578,188.9499969482422,0,ONGC
2023-09-27 04:45:00+00:00,187.0500030517578,187.1999969482422,186.3000030517578,186.39999389648438,607111,ONGC
2023-09-27 05:45:00+00:00,187.4499969482422,187.60000610351562,186.85000610351562,187.0500030517578,474494,ONGC
2023-09-27 06:45:00+00:00,187.39999389648438,187.8000030517578,187.0,187.4499969482422,467222,ONGC
2023-09-27 07:45:00+00:00,187.39999389648438,187.60000610351562,187.25,187.39999389648438,359350,ONGC
2023-09-27 08:45:00+00:00,187.25,187.5500030517578,187.0,187.4499969482422,1202984,ONGC
2023-09-27 09:45:00+00:00,187.1999969482422,187.5500030517578,187.14999389648438,187.25,611761,ONGC
2023-09-28 03:45:00+00:00,188.60000610351562,189.1999969482422,187.25,188.6999969482422,0,ONGC
2023-09-28 04:45:00+00:00,188.39999389648438,188.64999389648438,187.8000030517578,188.60000610351562,1191878,ONGC
2023-09-28 05:45:00+00:00,187.9499969482422,188.5,187.8000030517578,188.39999389648438,806963,ONGC
2023-09-28 06:45:00+00:00,188.0,188.39999389648438,187.8000030517578,187.9499969482422,641599,ONGC
2023-09-28 07:45:00+00:00,188.0,188.0,187.60000610351562,187.9499969482422,798617,ONGC
2023-09-28 08:45:00+00:00,186.5500030517578,188.14999389648438,186.5500030517578,188.0,4705582,ONGC
2023-09-28 09:45:00+00:00,187.4499969482422,189.5,186.5,186.60000610351562,3744486,ONGC
2023-09-29 03:45:00+00:00,189.25,191.14999389648438,188.35000610351562,188.4499969482422,0,ONGC
2023-09-29 04:45:00+00:00,188.6999969482422,189.60000610351562,188.5500030517578,189.3000030517578,403738,ONGC
2023-09-29 05:45:00+00:00,189.64999389648438,189.9499969482422,188.64999389648438,188.8000030517578,476524,ONGC
2023-09-29 06:45:00+00:00,190.60000610351562,190.8000030517578,189.5500030517578,189.64999389648438,961766,ONGC
2023-09-29 07:45:00+00:00,190.89999389648438,191.0,190.10000610351562,190.5500030517578,1078590,ONGC
2023-09-29 08:45:00+00:00,191.75,192.25,190.89999389648438,190.89999389648438,3446779,ONGC
2023-09-29 09:45:00+00:00,191.85000610351562,192.1999969482422,191.39999389648438,191.75,0,ONGC
2023-10-03 03:45:00+00:00,185.0,188.64999389648438,184.0,188.64999389648438,0,ONGC
2023-10-03 04:45:00+00:00,184.8000030517578,185.5500030517578,184.14999389648438,185.0500030517578,2784926,ONGC
2023-10-03 05:45:00+00:00,184.60000610351562,184.85000610351562,183.64999389648438,184.6999969482422,2966376,ONGC
2023-10-03 06:45:00+00:00,184.60000610351562,184.6999969482422,183.9499969482422,184.60000610351562,2831504,ONGC
2023-10-03 07:45:00+00:00,184.89999389648438,185.1999969482422,184.60000610351562,184.60000610351562,2755295,ONGC
2023-10-03 08:45:00+00:00,184.6999969482422,184.9499969482422,184.5,184.89999389648438,2746751,ONGC
2023-10-03 09:45:00+00:00,184.64999389648438,184.75,184.39999389648438,184.6999969482422,1691969,ONGC
2023-10-04 03:45:00+00:00,183.6999969482422,184.60000610351562,182.5500030517578,184.60000610351562,0,ONGC
2023-10-04 04:45:00+00:00,183.60000610351562,184.10000610351562,183.35000610351562,183.6999969482422,660719,ONGC
2023-10-04 05:45:00+00:00,183.0,183.89999389648438,182.10000610351562,183.60000610351562,1198268,ONGC
2023-10-04 06:45:00+00:00,182.8000030517578,183.5,182.3000030517578,183.0,1137276,ONGC
2023-10-04 07:45:00+00:00,183.10000610351562,183.14999389648438,182.5500030517578,182.8000030517578,891792,ONGC
2023-10-04 08:45:00+00:00,182.8000030517578,183.25,182.5,183.14999389648438,1363885,ONGC
2023-10-04 09:45:00+00:00,183.10000610351562,183.10000610351562,182.64999389648438,182.6999969482422,1051195,ONGC
2023-10-05 03:45:00+00:00,182.64999389648438,184.0,181.39999389648438,181.39999389648438,0,ONGC
2023-10-05 04:45:00+00:00,183.5,183.75,182.64999389648438,182.64999389648438,1661351,ONGC
2023-10-05 05:45:00+00:00,183.25,183.60000610351562,182.6999969482422,183.60000610351562,1352919,ONGC
2023-10-05 06:45:00+00:00,182.1999969482422,183.25,182.10000610351562,183.25,832954,ONGC
2023-10-05 07:45:00+00:00,182.6999969482422,183.0,182.10000610351562,182.14999389648438,681271,ONGC
2023-10-05 08:45:00+00:00,182.1999969482422,182.85000610351562,181.5500030517578,182.60000610351562,2458982,ONGC
2023-10-05 09:45:00+00:00,182.1999969482422,182.64999389648438,181.6999969482422,182.14999389648438,1634571,ONGC
2023-10-06 03:45:00+00:00,181.85000610351562,183.39999389648438,181.0500030517578,183.39999389648438,0,ONGC
2023-10-06 04:45:00+00:00,181.1999969482422,181.9499969482422,180.64999389648438,181.8000030517578,1296963,ONGC
2023-10-06 05:45:00+00:00,180.89999389648438,181.25,180.60000610351562,181.1999969482422,665253,ONGC
2023-10-06 06:45:00+00:00,181.35000610351562,181.35000610351562,180.6999969482422,180.9499969482422,610545,ONGC
2023-10-06 07:45:00+00:00,181.5,181.89999389648438,181.25,181.35000610351562,676599,ONGC
2023-10-06 08:45:00+00:00,181.5,181.60000610351562,181.25,181.4499969482422,915403,ONGC
2023-10-06 09:45:00+00:00,181.5,181.5,181.3000030517578,181.5,531494,ONGC
2023-10-09 03:45:00+00:00,182.5500030517578,184.64999389648438,181.64999389648438,182.85000610351562,0,ONGC
2023-10-09 04:45:00+00:00,183.0500030517578,183.89999389648438,182.39999389648438,182.60000610351562,2772646,ONGC
2023-10-09 05:45:00+00:00,182.89999389648438,183.4499969482422,182.60000610351562,183.0500030517578,1348060,ONGC
2023-10-09 06:45:00+00:00,183.0,183.39999389648438,182.5500030517578,182.8000030517578,1905632,ONGC
2023-10-09 07:45:00+00:00,182.5500030517578,183.0500030517578,182.3000030517578,182.9499969482422,1118634,ONGC
2023-10-09 08:45:00+00:00,181.60000610351562,182.5500030517578,181.60000610351562,182.5500030517578,1837814,ONGC
2023-10-09 09:45:00+00:00,182.1999969482422,182.35000610351562,181.3000030517578,181.5500030517578,1321681,ONGC
2023-10-10 03:45:00+00:00,184.0,184.5,182.5,182.5,0,ONGC
2023-10-10 04:45:00+00:00,183.64999389648438,184.0500030517578,183.39999389648438,184.0,1635253,ONGC
2023-10-10 05:45:00+00:00,183.60000610351562,183.75,183.35000610351562,183.60000610351562,966239,ONGC
2023-10-10 06:45:00+00:00,183.75,184.0,183.39999389648438,183.60000610351562,1156917,ONGC
2023-10-10 07:45:00+00:00,183.8000030517578,184.39999389648438,183.35000610351562,183.8000030517578,1566258,ONGC
2023-10-10 08:45:00+00:00,183.35000610351562,184.35000610351562,183.35000610351562,183.75,2875227,ONGC
2023-10-10 09:45:00+00:00,183.35000610351562,183.60000610351562,183.1999969482422,183.35000610351562,800387,ONGC
2023-10-11 03:45:00+00:00,184.0,184.6999969482422,183.5,184.35000610351562,0,ONGC
2023-10-11 04:45:00+00:00,184.0,184.5,183.8000030517578,183.9499969482422,714328,ONGC
2023-10-11 05:45:00+00:00,183.85000610351562,184.35000610351562,183.8000030517578,183.9499969482422,569153,ONGC
2023-10-11 06:45:00+00:00,183.5,183.89999389648438,183.0,183.85000610351562,1932001,ONGC
2023-10-11 07:45:00+00:00,184.0,184.1999969482422,183.25,183.5,731681,ONGC
2023-10-11 08:45:00+00:00,183.39999389648438,184.14999389648438,183.25,183.9499969482422,1560706,ONGC
2023-10-11 09:45:00+00:00,183.14999389648438,183.4499969482422,182.75,183.4499969482422,1277824,ONGC
2023-10-12 03:45:00+00:00,183.6999969482422,184.0500030517578,183.10000610351562,183.3000030517578,2001663,ONGC
2023-10-12 04:45:00+00:00,183.9499969482422,184.0,183.39999389648438,183.75,994644,ONGC
2023-10-12 05:45:00+00:00,184.10000610351562,184.39999389648438,183.85000610351562,183.9499969482422,854091,ONGC
2023-10-12 06:45:00+00:00,184.0,184.14999389648438,183.75,184.0500030517578,814753,ONGC
2023-10-12 07:45:00+00:00,184.4499969482422,184.75,183.89999389648438,184.0,922786,ONGC
2023-10-12 08:45:00+00:00,184.64999389648438,184.75,183.6999969482422,184.5,2147673,ONGC
2023-10-12 09:45:00+00:00,184.75,184.8000030517578,184.3000030517578,184.60000610351562,940989,ONGC
2023-10-13 03:45:00+00:00,185.4499969482422,186.1999969482422,184.60000610351562,184.60000610351562,0,ONGC
2023-10-13 04:45:00+00:00,185.35000610351562,185.5,184.64999389648438,185.5,882423,ONGC
2023-10-13 05:45:00+00:00,185.14999389648438,185.5,184.89999389648438,185.35000610351562,630589,ONGC
2023-10-13 06:45:00+00:00,185.64999389648438,185.75,184.8000030517578,185.25,655038,ONGC
2023-10-13 07:45:00+00:00,184.5,185.6999969482422,184.3000030517578,185.64999389648438,944849,ONGC
2023-10-13 08:45:00+00:00,184.9499969482422,185.0,184.10000610351562,184.39999389648438,1161009,ONGC
2023-10-13 09:45:00+00:00,184.89999389648438,185.39999389648438,184.64999389648438,184.9499969482422,593660,ONGC
2023-10-16 03:45:00+00:00,187.1999969482422,187.60000610351562,186.60000610351562,187.3000030517578,0,ONGC
2023-10-16 04:45:00+00:00,187.5500030517578,187.60000610351562,187.0500030517578,187.1999969482422,2083732,ONGC
2023-10-16 05:45:00+00:00,187.39999389648438,188.1999969482422,187.35000610351562,187.5500030517578,1950938,ONGC
2023-10-16 06:45:00+00:00,187.0,187.5,186.75,187.39999389648438,1003687,ONGC
2023-10-16 07:45:00+00:00,187.0500030517578,187.10000610351562,186.89999389648438,186.9499969482422,868654,ONGC
2023-10-16 08:45:00+00:00,186.5,187.0500030517578,186.5,187.0500030517578,1324540,ONGC
2023-10-16 09:45:00+00:00,186.5500030517578,186.6999969482422,186.25,186.5500030517578,1181715,ONGC
2023-10-17 03:45:00+00:00,186.3000030517578,186.8000030517578,185.60000610351562,186.8000030517578,0,ONGC
2023-10-17 04:45:00+00:00,186.25,186.5,186.1999969482422,186.25,314796,ONGC
2023-10-17 05:45:00+00:00,186.64999389648438,186.64999389648438,185.89999389648438,186.1999969482422,958583,ONGC
2023-10-17 06:45:00+00:00,186.39999389648438,186.6999969482422,186.35000610351562,186.64999389648438,528349,ONGC
2023-10-17 07:45:00+00:00,186.0500030517578,186.60000610351562,186.0500030517578,186.4499969482422,347998,ONGC
2023-10-17 08:45:00+00:00,186.25,186.8000030517578,186.10000610351562,186.14999389648438,670536,ONGC
2023-10-17 09:45:00+00:00,186.0,186.25,185.9499969482422,186.1999969482422,482926,ONGC
2023-10-18 03:45:00+00:00,187.5500030517578,187.64999389648438,186.85000610351562,187.60000610351562,0,ONGC
2023-10-18 04:45:00+00:00,187.0500030517578,187.8000030517578,186.85000610351562,187.60000610351562,1835634,ONGC
2023-10-18 05:45:00+00:00,186.8000030517578,187.1999969482422,186.60000610351562,187.0,661437,ONGC
2023-10-18 06:45:00+00:00,186.75,187.0,186.39999389648438,186.85000610351562,604348,ONGC
2023-10-18 07:45:00+00:00,186.35000610351562,186.85000610351562,186.1999969482422,186.8000030517578,582596,ONGC
2023-10-18 08:45:00+00:00,187.0500030517578,187.25,186.0500030517578,186.35000610351562,2475364,ONGC
2023-10-18 09:45:00+00:00,186.9499969482422,187.1999969482422,186.75,187.10000610351562,2218996,ONGC
2023-10-19 03:45:00+00:00,185.5,186.60000610351562,185.5,185.89999389648438,0,ONGC
2023-10-19 04:45:00+00:00,185.9499969482422,186.0500030517578,185.10000610351562,185.60000610351562,1755742,ONGC
2023-10-19 05:45:00+00:00,186.14999389648438,186.25,185.8000030517578,185.9499969482422,846118,ONGC
2023-10-19 06:45:00+00:00,186.25,186.35000610351562,186.0,186.1999969482422,567339,ONGC
2023-10-19 07:45:00+00:00,186.25,186.35000610351562,185.85000610351562,186.25,620892,ONGC
2023-10-19 08:45:00+00:00,186.3000030517578,186.4499969482422,186.0,186.3000030517578,1734418,ONGC
2023-10-19 09:45:00+00:00,185.89999389648438,186.4499969482422,185.89999389648438,186.39999389648438,1012691,ONGC
2023-10-20 03:45:00+00:00,186.75,186.85000610351562,186.0,186.3000030517578,0,ONGC
2023-10-20 04:45:00+00:00,186.5500030517578,186.89999389648438,186.4499969482422,186.75,953514,ONGC
2023-10-20 05:45:00+00:00,186.64999389648438,186.75,186.3000030517578,186.5500030517578,796324,ONGC
2023-10-20 06:45:00+00:00,186.1999969482422,186.60000610351562,186.0500030517578,186.60000610351562,781939,ONGC
2023-10-20 07:45:00+00:00,186.10000610351562,186.35000610351562,185.75,186.25,788097,ONGC
2023-10-20 08:45:00+00:00,186.1999969482422,186.3000030517578,185.85000610351562,186.0500030517578,1712120,ONGC
2023-10-20 09:45:00+00:00,186.0500030517578,186.4499969482422,186.0,186.14999389648438,1101962,ONGC
2023-10-23 03:45:00+00:00,185.5,185.89999389648438,185.14999389648438,185.8000030517578,0,ONGC
2023-10-23 04:45:00+00:00,185.10000610351562,185.5,185.0500030517578,185.4499969482422,524802,ONGC
2023-10-23 05:45:00+00:00,185.5,185.6999969482422,184.89999389648438,185.25,596499,ONGC
2023-10-23 06:45:00+00:00,185.64999389648438,185.8000030517578,185.4499969482422,185.4499969482422,784815,ONGC
2023-10-23 07:45:00+00:00,185.5,185.75,185.35000610351562,185.64999389648438,433249,ONGC
2023-10-23 08:45:00+00:00,185.0500030517578,185.5500030517578,184.75,185.5500030517578,1103144,ONGC
2023-10-23 09:45:00+00:00,184.85000610351562,185.0500030517578,184.39999389648438,185.0500030517578,0,ONGC
2023-10-25 03:45:00+00:00,185.14999389648438,185.8000030517578,184.8000030517578,184.85000610351562,1744010,ONGC
2023-10-25 04:45:00+00:00,184.9499969482422,185.1999969482422,184.75,185.0500030517578,516272,ONGC
2023-10-25 05:45:00+00:00,184.89999389648438,185.10000610351562,184.6999969482422,184.9499969482422,352128,ONGC
2023-10-25 06:45:00+00:00,183.25,184.89999389648438,183.25,184.89999389648438,1249990,ONGC
2023-10-25 07:45:00+00:00,184.39999389648438,184.6999969482422,183.25,183.25,971007,ONGC
2023-10-25 08:45:00+00:00,184.75,184.8000030517578,184.10000610351562,184.35000610351562,1041078,ONGC
2023-10-25 09:45:00+00:00,183.5,184.85000610351562,183.4499969482422,184.75,933008,ONGC
2023-10-26 03:45:00+00:00,182.39999389648438,184.14999389648438,181.89999389648438,183.35000610351562,0,ONGC
2023-10-26 04:45:00+00:00,182.4499969482422,182.5,181.89999389648438,182.3000030517578,683453,ONGC
2023-10-26 05:45:00+00:00,182.39999389648438,182.8000030517578,182.25,182.39999389648438,620690,ONGC
2023-10-26 06:45:00+00:00,182.4499969482422,182.60000610351562,182.10000610351562,182.39999389648438,766867,ONGC
2023-10-26 07:45:00+00:00,180.75,182.5,180.3000030517578,182.4499969482422,1719061,ONGC
2023-10-26 08:45:00+00:00,181.4499969482422,181.4499969482422,180.10000610351562,180.75,1811352,ONGC
2023-10-26 09:45:00+00:00,180.0,181.85000610351562,179.9499969482422,181.39999389648438,1310765,ONGC
2023-10-27 03:45:00+00:00,182.14999389648438,182.8000030517578,180.4499969482422,181.14999389648438,0,ONGC
2023-10-27 04:45:00+00:00,182.5,182.64999389648438,182.0,182.14999389648438,608691,ONGC
2023-10-27 05:45:00+00:00,183.10000610351562,183.1999969482422,182.39999389648438,182.39999389648438,694604,ONGC
2023-10-27 06:45:00+00:00,183.60000610351562,183.6999969482422,183.0,183.10000610351562,930581,ONGC
2023-10-27 07:45:00+00:00,183.75,183.8000030517578,183.25,183.60000610351562,376286,ONGC
2023-10-27 08:45:00+00:00,184.75,184.75,183.6999969482422,183.75,1512980,ONGC
2023-10-27 09:45:00+00:00,185.0,185.8000030517578,184.5,184.6999969482422,864771,ONGC
2023-10-30 03:45:00+00:00,185.0,186.39999389648438,184.75,185.4499969482422,0,ONGC
2023-10-30 04:45:00+00:00,185.64999389648438,185.8000030517578,184.9499969482422,184.9499969482422,522055,ONGC
2023-10-30 05:45:00+00:00,185.9499969482422,186.14999389648438,185.39999389648438,185.60000610351562,573498,ONGC
2023-10-30 06:45:00+00:00,185.85000610351562,186.25,185.8000030517578,185.9499969482422,409356,ONGC
2023-10-30 07:45:00+00:00,187.4499969482422,187.5500030517578,185.85000610351562,185.85000610351562,828744,ONGC
2023-10-30 08:45:00+00:00,189.0,189.1999969482422,187.35000610351562,187.5,2386515,ONGC
2023-10-30 09:45:00+00:00,188.8000030517578,189.0,188.39999389648438,189.0,993803,ONGC
2023-10-31 03:45:00+00:00,186.5,189.5,186.1999969482422,189.5,0,ONGC
2023-10-31 04:45:00+00:00,185.14999389648438,186.6999969482422,184.6999969482422,186.5,955962,ONGC
2023-10-31 05:45:00+00:00,185.10000610351562,186.0500030517578,185.0,185.14999389648438,741912,ONGC
2023-10-31 06:45:00+00:00,185.1999969482422,185.39999389648438,184.85000610351562,185.14999389648438,554207,ONGC
2023-10-31 07:45:00+00:00,185.14999389648438,185.5,184.1999969482422,185.1999969482422,940653,ONGC
2023-10-31 08:45:00+00:00,186.25,186.25,185.0,185.1999969482422,2417322,ONGC
2023-10-31 09:45:00+00:00,186.0,186.39999389648438,186.0,186.3000030517578,903094,ONGC
2023-11-01 03:45:00+00:00,187.14999389648438,188.6999969482422,185.10000610351562,186.10000610351562,0,ONGC
2023-11-01 04:45:00+00:00,186.89999389648438,187.4499969482422,186.35000610351562,187.14999389648438,1296425,ONGC
2023-11-01 05:45:00+00:00,186.9499969482422,187.14999389648438,186.5500030517578,186.89999389648438,682878,ONGC
2023-11-01 06:45:00+00:00,186.64999389648438,187.25,186.5500030517578,187.0,842317,ONGC
2023-11-01 07:45:00+00:00,186.89999389648438,187.10000610351562,186.5,186.60000610351562,829814,ONGC
2023-11-01 08:45:00+00:00,186.60000610351562,187.10000610351562,186.5500030517578,186.89999389648438,1326111,ONGC
2023-11-01 09:45:00+00:00,186.10000610351562,186.9499969482422,186.10000610351562,186.64999389648438,949778,ONGC
2023-11-02 03:45:00+00:00,186.8000030517578,187.5,186.39999389648438,187.1999969482422,1472851,ONGC
2023-11-02 04:45:00+00:00,186.60000610351562,186.85000610351562,186.3000030517578,186.8000030517578,767185,ONGC
2023-11-02 05:45:00+00:00,186.9499969482422,187.10000610351562,186.4499969482422,186.5500030517578,841281,ONGC
2023-11-02 06:45:00+00:00,186.5,187.0,186.25,186.9499969482422,4348241,ONGC
2023-11-02 07:45:00+00:00,186.0,186.64999389648438,185.8000030517578,186.5,1819032,ONGC
2023-11-02 08:45:00+00:00,186.35000610351562,186.4499969482422,185.75,186.0,1523247,ONGC
2023-11-02 09:45:00+00:00,186.35000610351562,186.39999389648438,186.0,186.39999389648438,698411,ONGC
2023-11-03 03:45:00+00:00,188.0,188.14999389648438,185.85000610351562,186.25,0,ONGC
2023-11-03 04:45:00+00:00,188.6999969482422,188.89999389648438,187.8000030517578,188.0,741326,ONGC
2023-11-03 05:45:00+00:00,188.5500030517578,189.0,188.39999389648438,188.6999969482422,828780,ONGC
2023-11-03 06:45:00+00:00,189.14999389648438,189.1999969482422,188.5,188.5,911391,ONGC
2023-11-03 07:45:00+00:00,189.89999389648438,190.14999389648438,189.0,189.14999389648438,1119632,ONGC
2023-11-03 08:45:00+00:00,190.10000610351562,190.5500030517578,189.85000610351562,189.89999389648438,1876655,ONGC
2023-11-03 09:45:00+00:00,189.3000030517578,190.14999389648438,189.3000030517578,190.10000610351562,819889,ONGC
2023-11-06 03:45:00+00:00,190.8000030517578,190.8000030517578,189.60000610351562,190.5,0,ONGC
2023-11-06 04:45:00+00:00,191.25,191.60000610351562,190.35000610351562,190.8000030517578,1345464,ONGC
2023-11-06 05:45:00+00:00,191.5,192.0,191.1999969482422,191.35000610351562,1201930,ONGC
2023-11-06 06:45:00+00:00,191.6999969482422,191.85000610351562,191.35000610351562,191.5,764464,ONGC
2023-11-06 07:45:00+00:00,193.10000610351562,193.14999389648438,191.5,191.6999969482422,1300104,ONGC
2023-11-06 08:45:00+00:00,193.60000610351562,194.1999969482422,192.89999389648438,193.0,2668880,ONGC
2023-11-06 09:45:00+00:00,193.1999969482422,193.5500030517578,193.0,193.5500030517578,654289,ONGC
2023-11-07 03:45:00+00:00,195.9499969482422,196.25,192.5,193.0,0,ONGC
2023-11-07 04:45:00+00:00,196.75,198.0,195.89999389648438,195.89999389648438,3465392,ONGC
2023-11-07 05:45:00+00:00,197.0500030517578,197.10000610351562,195.25,196.75,1625579,ONGC
2023-11-07 06:45:00+00:00,195.9499969482422,197.35000610351562,195.8000030517578,197.0500030517578,1359246,ONGC
2023-11-07 07:45:00+00:00,194.8000030517578,196.14999389648438,194.6999969482422,195.85000610351562,903343,ONGC
2023-11-07 08:45:00+00:00,193.0,194.9499969482422,192.89999389648438,194.75,2000994,ONGC
2023-11-07 09:45:00+00:00,193.1999969482422,193.39999389648438,192.85000610351562,192.9499969482422,812342,ONGC
2023-11-08 03:45:00+00:00,194.5500030517578,195.0,192.35000610351562,193.6999969482422,0,ONGC
2023-11-08 04:45:00+00:00,194.8000030517578,195.35000610351562,194.0,194.60000610351562,1107779,ONGC
2023-11-08 05:45:00+00:00,195.25,195.64999389648438,194.75,194.89999389648438,2466426,ONGC
2023-11-08 06:45:00+00:00,195.39999389648438,195.39999389648438,194.89999389648438,195.25,528207,ONGC
2023-11-08 07:45:00+00:00,195.89999389648438,196.5,195.25,195.39999389648438,1553463,ONGC
2023-11-08 08:45:00+00:00,195.35000610351562,196.0,195.0500030517578,195.8000030517578,1082551,ONGC
2023-11-08 09:45:00+00:00,195.35000610351562,195.4499969482422,195.0,195.3000030517578,940148,ONGC
2023-11-09 03:45:00+00:00,194.5500030517578,196.4499969482422,194.0,196.1999969482422,0,ONGC
2023-11-09 04:45:00+00:00,193.89999389648438,194.64999389648438,193.60000610351562,194.5500030517578,595197,ONGC
2023-11-09 05:45:00+00:00,194.0500030517578,194.60000610351562,193.89999389648438,193.89999389648438,490667,ONGC
2023-11-09 06:45:00+00:00,194.25,194.5500030517578,194.0,194.0500030517578,411030,ONGC
2023-11-09 07:45:00+00:00,193.64999389648438,194.4499969482422,193.39999389648438,194.3000030517578,687011,ONGC
2023-11-09 08:45:00+00:00,192.8000030517578,193.85000610351562,192.75,193.60000610351562,1174229,ONGC
2023-11-09 09:45:00+00:00,193.0,193.25,192.25,192.8000030517578,847994,ONGC
2023-11-10 03:45:00+00:00,194.35000610351562,194.75,192.8000030517578,192.89999389648438,0,ONGC
2023-11-10 04:45:00+00:00,194.89999389648438,195.64999389648438,194.25,194.5,1026315,ONGC
2023-11-10 05:45:00+00:00,194.5500030517578,195.10000610351562,194.3000030517578,195.0,604114,ONGC
2023-11-10 06:45:00+00:00,195.0500030517578,195.1999969482422,194.4499969482422,194.5500030517578,396566,ONGC
2023-11-10 07:45:00+00:00,195.5,195.9499969482422,194.89999389648438,195.10000610351562,685290,ONGC
2023-11-10 08:45:00+00:00,195.9499969482422,195.9499969482422,194.75,195.60000610351562,1076327,ONGC
2023-11-10 09:45:00+00:00,195.60000610351562,196.5,195.5,195.89999389648438,794070,ONGC
2023-11-13 03:45:00+00:00,195.35000610351562,196.5500030517578,194.1999969482422,196.0,198100,ONGC
2023-11-13 04:45:00+00:00,196.6999969482422,197.3000030517578,195.1999969482422,195.39999389648438,2039054,ONGC
2023-11-13 05:45:00+00:00,195.89999389648438,196.6999969482422,195.75,196.6999969482422,1272131,ONGC
2023-11-13 06:45:00+00:00,195.89999389648438,196.0,195.5,195.89999389648438,606518,ONGC
2023-11-13 07:45:00+00:00,194.9499969482422,195.89999389648438,194.8000030517578,195.89999389648438,1532669,ONGC
2023-11-13 08:45:00+00:00,195.89999389648438,195.9499969482422,194.9499969482422,194.9499969482422,1793629,ONGC
2023-11-13 09:45:00+00:00,195.8000030517578,195.9499969482422,195.3000030517578,195.89999389648438,746280,ONGC
2023-11-15 03:45:00+00:00,201.39999389648438,203.0,197.8000030517578,198.6999969482422,0,ONGC
2023-11-15 04:45:00+00:00,201.0,202.35000610351562,200.9499969482422,201.39999389648438,2883466,ONGC
2023-11-15 05:45:00+00:00,201.0,201.8000030517578,200.89999389648438,201.0,1886401,ONGC
2023-11-15 06:45:00+00:00,200.0,201.39999389648438,199.6999969482422,200.89999389648438,2865082,ONGC
2023-11-15 07:45:00+00:00,199.9499969482422,200.10000610351562,199.60000610351562,200.0,1042176,ONGC
2023-11-15 08:45:00+00:00,199.4499969482422,200.0,199.1999969482422,199.9499969482422,2166303,ONGC
2023-11-15 09:45:00+00:00,199.5,199.64999389648438,199.1999969482422,199.39999389648438,1267073,ONGC
2023-11-16 03:45:00+00:00,201.64999389648438,203.35000610351562,201.0,201.10000610351562,0,ONGC
2023-11-16 04:45:00+00:00,201.64999389648438,201.9499969482422,201.10000610351562,201.75,1712027,ONGC
2023-11-16 05:45:00+00:00,201.9499969482422,201.9499969482422,201.0500030517578,201.64999389648438,2293596,ONGC
2023-11-16 06:45:00+00:00,201.89999389648438,202.10000610351562,201.39999389648438,201.89999389648438,1257071,ONGC
2023-11-16 07:45:00+00:00,202.0,202.1999969482422,201.8000030517578,201.9499969482422,1434232,ONGC
2023-11-16 08:45:00+00:00,201.64999389648438,202.4499969482422,201.64999389648438,202.0,2875783,ONGC
2023-11-16 09:45:00+00:00,201.6999969482422,201.89999389648438,201.4499969482422,201.6999969482422,1007498,ONGC
2023-11-17 03:45:00+00:00,198.14999389648438,201.14999389648438,198.14999389648438,200.35000610351562,0,ONGC
2023-11-17 04:45:00+00:00,197.5500030517578,198.60000610351562,197.14999389648438,198.0,2291639,ONGC
2023-11-17 05:45:00+00:00,197.10000610351562,197.6999969482422,196.8000030517578,197.5,1642120,ONGC
2023-11-17 06:45:00+00:00,195.9499969482422,197.1999969482422,195.60000610351562,197.0,2218556,ONGC
2023-11-17 07:45:00+00:00,196.14999389648438,196.35000610351562,195.6999969482422,195.89999389648438,1211889,ONGC
2023-11-17 08:45:00+00:00,196.25,196.60000610351562,196.0500030517578,196.14999389648438,1636243,ONGC
2023-11-17 09:45:00+00:00,196.35000610351562,196.9499969482422,196.10000610351562,196.3000030517578,1495312,ONGC
2023-11-20 03:45:00+00:00,197.6999969482422,198.5,197.0,198.1999969482422,0,ONGC
2023-11-20 04:45:00+00:00,197.60000610351562,198.0,197.0,197.6999969482422,695037,ONGC
2023-11-20 05:45:00+00:00,197.5500030517578,197.8000030517578,197.4499969482422,197.5500030517578,409834,ONGC
2023-11-20 06:45:00+00:00,198.10000610351562,198.3000030517578,197.5,197.5500030517578,615318,ONGC
2023-11-20 07:45:00+00:00,197.64999389648438,198.1999969482422,197.35000610351562,198.0500030517578,686905,ONGC
2023-11-20 08:45:00+00:00,197.89999389648438,197.9499969482422,197.5,197.5500030517578,1014121,ONGC
2023-11-20 09:45:00+00:00,197.89999389648438,198.0,197.75,197.89999389648438,745014,ONGC
2023-11-21 03:45:00+00:00,192.0500030517578,193.9499969482422,192.0,193.25,0,ONGC
2023-11-21 04:45:00+00:00,191.4499969482422,192.5,191.10000610351562,192.14999389648438,1387240,ONGC
2023-11-21 05:45:00+00:00,191.9499969482422,192.25,191.35000610351562,191.39999389648438,1074639,ONGC
2023-11-21 06:45:00+00:00,191.3000030517578,192.39999389648438,191.25,191.9499969482422,1637798,ONGC
2023-11-21 07:45:00+00:00,191.4499969482422,191.64999389648438,191.25,191.35000610351562,726259,ONGC
2023-11-21 08:45:00+00:00,191.25,191.60000610351562,191.10000610351562,191.4499969482422,1970190,ONGC
2023-11-21 09:45:00+00:00,191.3000030517578,191.4499969482422,191.0,191.25,1347280,ONGC
2023-11-22 03:45:00+00:00,191.4499969482422,191.85000610351562,189.85000610351562,191.60000610351562,0,ONGC
2023-11-22 04:45:00+00:00,190.4499969482422,191.8000030517578,190.39999389648438,191.39999389648438,1086226,ONGC
2023-11-22 05:45:00+00:00,190.25,190.8000030517578,190.0,190.4499969482422,562074,ONGC
2023-11-22 06:45:00+00:00,190.0500030517578,190.4499969482422,189.8000030517578,190.1999969482422,1002402,ONGC
2023-11-22 07:45:00+00:00,190.1999969482422,190.5500030517578,190.0,190.0,690414,ONGC
2023-11-22 08:45:00+00:00,191.0500030517578,191.5,190.10000610351562,190.14999389648438,1224098,ONGC
2023-11-22 09:45:00+00:00,191.1999969482422,191.25,190.64999389648438,191.10000610351562,841278,ONGC
2023-11-23 03:45:00+00:00,190.0500030517578,191.64999389648438,189.60000610351562,191.1999969482422,0,ONGC
2023-11-23 04:45:00+00:00,190.14999389648438,190.4499969482422,190.0,190.0500030517578,504412,ONGC
2023-11-23 05:45:00+00:00,190.10000610351562,190.3000030517578,190.0,190.14999389648438,634043,ONGC
2023-11-23 06:45:00+00:00,190.0,190.1999969482422,189.9499969482422,190.0,743957,ONGC
2023-11-23 07:45:00+00:00,190.5,190.60000610351562,190.0,190.0,929029,ONGC
2023-11-23 08:45:00+00:00,190.89999389648438,191.5,190.0,190.5500030517578,2084876,ONGC
2023-11-23 09:45:00+00:00,190.8000030517578,191.25,190.60000610351562,190.89999389648438,632463,ONGC
2023-11-24 03:45:00+00:00,189.85000610351562,191.75,189.85000610351562,190.9499969482422,0,ONGC
2023-11-24 04:45:00+00:00,190.0,190.39999389648438,189.8000030517578,189.85000610351562,604906,ONGC
2023-11-24 05:45:00+00:00,190.4499969482422,190.6999969482422,189.85000610351562,189.9499969482422,431125,ONGC
2023-11-24 06:45:00+00:00,188.89999389648438,190.60000610351562,188.85000610351562,190.5,976899,ONGC
2023-11-24 07:45:00+00:00,189.0,189.10000610351562,188.8000030517578,188.9499969482422,536936,ONGC
2023-11-24 08:45:00+00:00,188.85000610351562,189.10000610351562,188.75,189.0,1172965,ONGC
2023-11-24 09:45:00+00:00,188.5,188.89999389648438,188.35000610351562,188.85000610351562,619951,ONGC
2023-11-28 03:45:00+00:00,189.0500030517578,189.60000610351562,188.4499969482422,188.89999389648438,0,ONGC
2023-11-28 04:45:00+00:00,190.75,191.5500030517578,189.0,189.0500030517578,1474216,ONGC
2023-11-28 05:45:00+00:00,190.75,191.4499969482422,190.5500030517578,190.64999389648438,903375,ONGC
2023-11-28 06:45:00+00:00,191.14999389648438,191.3000030517578,190.1999969482422,190.6999969482422,875514,ONGC
2023-11-28 07:45:00+00:00,192.1999969482422,192.3000030517578,191.10000610351562,191.3000030517578,1133318,ONGC
2023-11-28 08:45:00+00:00,194.0,194.0,192.0500030517578,192.1999969482422,2308764,ONGC
2023-11-28 09:45:00+00:00,193.9499969482422,194.4499969482422,193.89999389648438,193.9499969482422,1349256,ONGC
2023-11-29 03:45:00+00:00,193.8000030517578,195.5,193.35000610351562,195.5,0,ONGC
2023-11-29 04:45:00+00:00,192.8000030517578,194.14999389648438,192.5500030517578,193.75,802054,ONGC
2023-11-29 05:45:00+00:00,192.39999389648438,193.60000610351562,192.35000610351562,192.8000030517578,922073,ONGC
2023-11-29 06:45:00+00:00,192.14999389648438,192.5,192.10000610351562,192.39999389648438,1180456,ONGC
2023-11-29 07:45:00+00:00,192.10000610351562,192.1999969482422,191.6999969482422,192.10000610351562,1401065,ONGC
2023-11-29 08:45:00+00:00,192.0,192.25,191.8000030517578,192.10000610351562,2378907,ONGC
2023-11-29 09:45:00+00:00,192.0,192.10000610351562,191.89999389648438,192.0,701387,ONGC
2023-11-30 03:45:00+00:00,193.4499969482422,193.6999969482422,192.1999969482422,192.5,0,ONGC
2023-11-30 04:45:00+00:00,193.85000610351562,194.39999389648438,193.39999389648438,193.39999389648438,1285756,ONGC
2023-11-30 05:45:00+00:00,194.85000610351562,194.89999389648438,193.85000610351562,193.89999389648438,1215325,ONGC
2023-11-30 06:45:00+00:00,195.14999389648438,195.25,194.35000610351562,194.8000030517578,1200309,ONGC
2023-11-30 07:45:00+00:00,194.85000610351562,195.14999389648438,194.5500030517578,195.14999389648438,1209107,ONGC
2023-11-30 08:45:00+00:00,194.9499969482422,195.60000610351562,194.8000030517578,194.89999389648438,5334954,ONGC
2023-11-30 09:45:00+00:00,194.5500030517578,195.0,194.39999389648438,194.9499969482422,2690896,ONGC
2023-12-01 03:45:00+00:00,196.60000610351562,198.1999969482422,195.0,195.89999389648438,0,ONGC
2023-12-01 04:45:00+00:00,195.64999389648438,196.60000610351562,195.5,196.5500030517578,902344,ONGC
2023-12-01 05:45:00+00:00,195.0,195.75,194.89999389648438,195.60000610351562,762740,ONGC
2023-12-01 06:45:00+00:00,195.5,195.75,194.85000610351562,195.0,895061,ONGC
2023-12-01 07:45:00+00:00,194.8000030517578,195.6999969482422,194.75,195.5500030517578,1502545,ONGC
2023-12-01 08:45:00+00:00,194.4499969482422,195.1999969482422,194.39999389648438,194.85000610351562,1820845,ONGC
2023-12-01 09:45:00+00:00,194.5,194.64999389648438,194.3000030517578,194.5500030517578,834792,ONGC
2023-12-04 03:45:00+00:00,199.64999389648438,199.8000030517578,196.3000030517578,196.5,0,ONGC
2023-12-04 04:45:00+00:00,202.35000610351562,203.1999969482422,199.35000610351562,199.5500030517578,6543906,ONGC
2023-12-04 05:45:00+00:00,202.5,203.0,201.85000610351562,202.1999969482422,2108141,ONGC
2023-12-04 06:45:00+00:00,204.0500030517578,205.85000610351562,202.14999389648438,202.5,5968291,ONGC
2023-12-04 07:45:00+00:00,203.25,204.4499969482422,202.75,204.0,2886730,ONGC
2023-12-04 08:45:00+00:00,201.85000610351562,203.25,201.64999389648438,203.25,3420643,ONGC
2023-12-04 09:45:00+00:00,202.0,202.4499969482422,201.8000030517578,201.9499969482422,1501537,ONGC
2023-12-05 03:45:00+00:00,203.14999389648438,203.89999389648438,201.3000030517578,202.10000610351562,0,ONGC
2023-12-05 04:45:00+00:00,202.14999389648438,203.64999389648438,201.85000610351562,203.25,1501028,ONGC
2023-12-05 05:45:00+00:00,199.9499969482422,202.14999389648438,199.6999969482422,202.14999389648438,2276009,ONGC
2023-12-05 06:45:00+00:00,199.85000610351562,200.89999389648438,199.1999969482422,199.89999389648438,1809213,ONGC
2023-12-05 07:45:00+00:00,201.0,201.14999389648438,199.14999389648438,199.8000030517578,1795642,ONGC
2023-12-05 08:45:00+00:00,202.1999969482422,202.3000030517578,200.6999969482422,200.8000030517578,2437742,ONGC
2023-12-05 09:45:00+00:00,201.85000610351562,202.39999389648438,201.60000610351562,202.1999969482422,1108330,ONGC
2023-12-06 03:45:00+00:00,200.89999389648438,203.5500030517578,200.75,203.0500030517578,0,ONGC
2023-12-06 04:45:00+00:00,200.5500030517578,201.3000030517578,200.0500030517578,201.0,1480397,ONGC
2023-12-06 05:45:00+00:00,201.0500030517578,201.1999969482422,199.8000030517578,200.4499969482422,1688080,ONGC
2023-12-06 06:45:00+00:00,199.89999389648438,201.14999389648438,199.8000030517578,201.0,1184570,ONGC
2023-12-06 07:45:00+00:00,200.25,200.4499969482422,199.14999389648438,199.89999389648438,1218238,ONGC
2023-12-06 08:45:00+00:00,201.89999389648438,201.9499969482422,200.10000610351562,200.1999969482422,2634086,ONGC
2023-12-06 09:45:00+00:00,202.35000610351562,202.5,201.75,201.85000610351562,1319704,ONGC
2023-12-07 03:45:00+00:00,197.5,200.85000610351562,196.64999389648438,200.85000610351562,0,ONGC
2023-12-07 04:45:00+00:00,197.5500030517578,197.9499969482422,196.9499969482422,197.5,1933719,ONGC
2023-12-07 05:45:00+00:00,198.10000610351562,198.5,197.4499969482422,197.5,1208467,ONGC
2023-12-07 06:45:00+00:00,197.6999969482422,198.35000610351562,197.4499969482422,198.10000610351562,1408165,ONGC
2023-12-07 07:45:00+00:00,198.60000610351562,198.89999389648438,197.6999969482422,197.6999969482422,1734886,ONGC
2023-12-07 08:45:00+00:00,199.0,199.25,197.89999389648438,198.5500030517578,3193035,ONGC
2023-12-07 09:45:00+00:00,199.0500030517578,199.35000610351562,198.85000610351562,199.0,1474730,ONGC
2023-12-08 03:45:00+00:00,199.35000610351562,200.3000030517578,199.0,199.85000610351562,0,ONGC
2023-12-08 04:45:00+00:00,198.1999969482422,200.1999969482422,197.8000030517578,199.35000610351562,1427155,ONGC
2023-12-08 05:45:00+00:00,197.85000610351562,198.3000030517578,197.25,198.25,1264774,ONGC
2023-12-08 06:45:00+00:00,195.3000030517578,198.14999389648438,194.75,197.89999389648438,2135008,ONGC
2023-12-08 07:45:00+00:00,195.0500030517578,195.60000610351562,194.14999389648438,195.3000030517578,1507513,ONGC
2023-12-08 08:45:00+00:00,195.89999389648438,196.10000610351562,194.8000030517578,195.0500030517578,1614736,ONGC
2023-12-08 09:45:00+00:00,196.3000030517578,196.35000610351562,195.75,195.9499969482422,695068,ONGC
2023-12-11 03:45:00+00:00,199.85000610351562,200.0500030517578,197.0,197.0,0,ONGC
2023-12-11 04:45:00+00:00,199.4499969482422,199.9499969482422,198.85000610351562,199.6999969482422,1022208,ONGC
2023-12-11 05:45:00+00:00,199.6999969482422,199.75,198.75,199.4499969482422,663730,ONGC
2023-12-11 06:45:00+00:00,199.64999389648438,199.9499969482422,199.14999389648438,199.64999389648438,940239,ONGC
2023-12-11 07:45:00+00:00,200.0500030517578,200.6999969482422,199.5,199.60000610351562,1394324,ONGC
2023-12-11 08:45:00+00:00,199.3000030517578,200.1999969482422,199.14999389648438,200.0500030517578,1197594,ONGC
2023-12-11 09:45:00+00:00,194.35000610351562,199.39999389648438,194.35000610351562,199.3000030517578,2052563,ONGC
2023-12-12 03:45:00+00:00,197.35000610351562,197.8000030517578,194.9499969482422,196.64999389648438,0,ONGC
2023-12-12 04:45:00+00:00,196.1999969482422,197.39999389648438,195.9499969482422,197.39999389648438,1262862,ONGC
2023-12-12 05:45:00+00:00,195.9499969482422,196.39999389648438,195.89999389648438,196.1999969482422,1501800,ONGC
2023-12-12 06:45:00+00:00,195.9499969482422,196.3000030517578,195.75,196.0,874020,ONGC
2023-12-12 07:45:00+00:00,195.5,196.25,195.4499969482422,195.85000610351562,846928,ONGC
2023-12-12 08:45:00+00:00,195.35000610351562,195.6999969482422,194.75,195.5,1895620,ONGC
2023-12-12 09:45:00+00:00,195.9499969482422,196.10000610351562,195.14999389648438,195.25,1125621,ONGC
2023-12-13 03:45:00+00:00,193.64999389648438,195.14999389648438,192.10000610351562,194.4499969482422,2390062,ONGC
2023-12-13 04:45:00+00:00,194.0,194.14999389648438,192.64999389648438,193.6999969482422,1146314,ONGC
2023-12-13 05:45:00+00:00,193.64999389648438,194.0500030517578,193.25,194.0,538367,ONGC
2023-12-13 06:45:00+00:00,193.25,193.64999389648438,192.75,193.5500030517578,1308211,ONGC
2023-12-13 07:45:00+00:00,193.0,193.8000030517578,192.85000610351562,193.25,1368167,ONGC
2023-12-13 08:45:00+00:00,193.10000610351562,193.25,192.39999389648438,192.9499969482422,2574897,ONGC
2023-12-13 09:45:00+00:00,193.1999969482422,193.64999389648438,192.6999969482422,193.14999389648438,1562318,ONGC
2023-12-14 03:45:00+00:00,193.89999389648438,195.25,193.39999389648438,195.25,0,ONGC
2023-12-14 04:45:00+00:00,194.60000610351562,194.64999389648438,193.64999389648438,193.85000610351562,1302995,ONGC
2023-12-14 05:45:00+00:00,194.89999389648438,195.3000030517578,194.5,194.60000610351562,2159431,ONGC
2023-12-14 06:45:00+00:00,195.64999389648438,196.25,194.6999969482422,194.9499969482422,2384286,ONGC
2023-12-14 07:45:00+00:00,195.39999389648438,196.0,195.1999969482422,195.6999969482422,1827473,ONGC
2023-12-14 08:45:00+00:00,195.89999389648438,196.1999969482422,195.10000610351562,195.39999389648438,2068854,ONGC
2023-12-14 09:45:00+00:00,196.0,196.0,195.8000030517578,195.89999389648438,1272343,ONGC
2023-12-15 03:45:00+00:00,199.5,200.0,197.25,197.3000030517578,0,ONGC
2023-12-15 04:45:00+00:00,198.0500030517578,200.3000030517578,198.0,199.4499969482422,2631190,ONGC
2023-12-15 05:45:00+00:00,198.60000610351562,199.85000610351562,198.0500030517578,198.10000610351562,1033307,ONGC
2023-12-15 06:45:00+00:00,199.39999389648438,199.75,198.3000030517578,198.6999969482422,1043787,ONGC
2023-12-15 07:45:00+00:00,199.60000610351562,199.8000030517578,199.14999389648438,199.35000610351562,892991,ONGC
2023-12-15 08:45:00+00:00,201.0,201.89999389648438,199.5,199.5500030517578,8499179,ONGC
2023-12-15 09:45:00+00:00,200.8000030517578,201.39999389648438,200.8000030517578,201.0,2455245,ONGC
2023-12-18 03:45:00+00:00,200.10000610351562,201.64999389648438,199.75,200.8000030517578,0,ONGC
2023-12-18 04:45:00+00:00,199.25,200.14999389648438,199.1999969482422,200.10000610351562,1325974,ONGC
2023-12-18 05:45:00+00:00,199.6999969482422,199.6999969482422,199.25,199.25,839022,ONGC
2023-12-18 06:45:00+00:00,197.60000610351562,200.0,197.39999389648438,199.6999969482422,1580468,ONGC
2023-12-18 07:45:00+00:00,198.60000610351562,198.60000610351562,197.64999389648438,197.64999389648438,674865,ONGC
2023-12-18 08:45:00+00:00,199.25,199.35000610351562,198.5,198.60000610351562,970667,ONGC
2023-12-18 09:45:00+00:00,199.89999389648438,199.89999389648438,198.85000610351562,199.10000610351562,582160,ONGC
2023-12-19 03:45:00+00:00,199.8000030517578,203.39999389648438,199.39999389648438,201.8000030517578,0,ONGC
2023-12-19 04:45:00+00:00,200.8000030517578,201.39999389648438,199.75,199.75,2016988,ONGC
2023-12-19 05:45:00+00:00,201.0500030517578,201.25,200.0500030517578,200.85000610351562,2044244,ONGC
2023-12-19 06:45:00+00:00,200.10000610351562,201.14999389648438,200.10000610351562,201.0500030517578,931980,ONGC
2023-12-19 07:45:00+00:00,200.1999969482422,200.39999389648438,199.6999969482422,200.14999389648438,1155695,ONGC
2023-12-19 08:45:00+00:00,200.5500030517578,200.89999389648438,199.3000030517578,200.1999969482422,2273924,ONGC
2023-12-19 09:45:00+00:00,200.35000610351562,200.5500030517578,200.14999389648438,200.5500030517578,1245491,ONGC
2023-12-20 03:45:00+00:00,202.0,202.60000610351562,201.0500030517578,201.6999969482422,0,ONGC
2023-12-20 04:45:00+00:00,210.10000610351562,210.85000610351562,202.0,202.0500030517578,17407548,ONGC
2023-12-20 05:45:00+00:00,208.9499969482422,212.0,208.4499969482422,210.14999389648438,16566569,ONGC
2023-12-20 06:45:00+00:00,207.64999389648438,209.39999389648438,207.64999389648438,208.9499969482422,5277512,ONGC
2023-12-20 07:45:00+00:00,204.8000030517578,207.6999969482422,203.5500030517578,207.64999389648438,9476557,ONGC
2023-12-20 08:45:00+00:00,203.14999389648438,206.0,203.0,204.85000610351562,4746985,ONGC
2023-12-20 09:45:00+00:00,204.39999389648438,204.39999389648438,202.8000030517578,203.10000610351562,2198233,ONGC
2023-12-21 03:45:00+00:00,205.14999389648438,206.6999969482422,203.4499969482422,203.5,0,ONGC
2023-12-21 04:45:00+00:00,203.75,205.10000610351562,203.14999389648438,205.10000610351562,2515794,ONGC
2023-12-21 05:45:00+00:00,202.64999389648438,203.89999389648438,201.25,203.85000610351562,4015225,ONGC
2023-12-21 06:45:00+00:00,203.5,204.39999389648438,202.10000610351562,202.64999389648438,2300922,ONGC
2023-12-21 07:45:00+00:00,202.64999389648438,204.10000610351562,202.0,203.5,1718988,ONGC
2023-12-21 08:45:00+00:00,202.75,203.39999389648438,202.1999969482422,202.5,3047140,ONGC
2023-12-21 09:45:00+00:00,203.1999969482422,203.1999969482422,202.4499969482422,202.60000610351562,1362917,ONGC
2023-12-22 03:45:00+00:00,203.6999969482422,204.39999389648438,202.5,204.0500030517578,3079234,ONGC
2023-12-22 04:45:00+00:00,203.5500030517578,203.6999969482422,202.89999389648438,203.64999389648438,776968,ONGC
2023-12-22 05:45:00+00:00,203.3000030517578,203.5500030517578,202.85000610351562,203.4499969482422,494386,ONGC
2023-12-22 06:45:00+00:00,203.60000610351562,204.3000030517578,201.85000610351562,203.3000030517578,1914754,ONGC
2023-12-22 07:45:00+00:00,203.35000610351562,204.0,202.39999389648438,203.5500030517578,797380,ONGC
2023-12-22 08:45:00+00:00,204.0,204.25,203.3000030517578,203.39999389648438,1943793,ONGC
2023-12-22 09:45:00+00:00,203.85000610351562,204.1999969482422,203.4499969482422,204.10000610351562,901001,ONGC
2023-12-26 03:45:00+00:00,205.85000610351562,206.10000610351562,203.64999389648438,204.5,0,ONGC
2023-12-26 04:45:00+00:00,207.6999969482422,207.85000610351562,205.64999389648438,205.6999969482422,3644294,ONGC
2023-12-26 05:45:00+00:00,207.14999389648438,208.1999969482422,206.75,207.8000030517578,2181908,ONGC
2023-12-26 06:45:00+00:00,206.89999389648438,207.39999389648438,206.0500030517578,207.14999389648438,1244294,ONGC
2023-12-26 07:45:00+00:00,207.5,208.4499969482422,206.8000030517578,206.85000610351562,2274658,ONGC
2023-12-26 08:45:00+00:00,207.1999969482422,207.6999969482422,206.60000610351562,207.5500030517578,3031138,ONGC
2023-12-26 09:45:00+00:00,208.0,208.3000030517578,207.1999969482422,207.1999969482422,2102282,ONGC
2023-12-27 03:45:00+00:00,208.39999389648438,209.6999969482422,207.89999389648438,209.60000610351562,0,ONGC
2023-12-27 04:45:00+00:00,208.39999389648438,208.75,207.39999389648438,208.4499969482422,2062526,ONGC
2023-12-27 05:45:00+00:00,208.0,208.60000610351562,207.64999389648438,208.35000610351562,1331401,ONGC
2023-12-27 06:45:00+00:00,206.5,208.0,206.5,208.0,1628803,ONGC
2023-12-27 07:45:00+00:00,205.14999389648438,206.60000610351562,205.10000610351562,206.60000610351562,3476931,ONGC
2023-12-27 08:45:00+00:00,205.75,205.89999389648438,204.5500030517578,205.14999389648438,4469306,ONGC
2023-12-27 09:45:00+00:00,205.5500030517578,205.85000610351562,205.10000610351562,205.75,1246803,ONGC
2023-12-28 03:45:00+00:00,205.4499969482422,206.60000610351562,205.35000610351562,206.4499969482422,0,ONGC
2023-12-28 04:45:00+00:00,206.1999969482422,206.8000030517578,205.39999389648438,205.5,1673264,ONGC
2023-12-28 05:45:00+00:00,206.4499969482422,208.35000610351562,205.89999389648438,206.1999969482422,6229094,ONGC
2023-12-28 06:45:00+00:00,207.1999969482422,207.39999389648438,206.4499969482422,206.5,1279203,ONGC
2023-12-28 07:45:00+00:00,208.0,208.10000610351562,207.0500030517578,207.1999969482422,1861540,ONGC
2023-12-28 08:45:00+00:00,208.5,208.89999389648438,207.4499969482422,208.0,5788676,ONGC
2023-12-28 09:45:00+00:00,207.85000610351562,208.4499969482422,207.39999389648438,208.4499969482422,3007175,ONGC
2023-12-29 03:45:00+00:00,205.35000610351562,207.9499969482422,205.35000610351562,207.4499969482422,0,ONGC
2023-12-29 04:45:00+00:00,205.35000610351562,205.8000030517578,204.6999969482422,205.4499969482422,1774371,ONGC
2023-12-29 05:45:00+00:00,205.10000610351562,205.6999969482422,204.3000030517578,205.39999389648438,1425587,ONGC
2023-12-29 06:45:00+00:00,205.9499969482422,206.0,204.75,205.0500030517578,1439074,ONGC
2023-12-29 07:45:00+00:00,204.89999389648438,206.0500030517578,204.75,205.9499969482422,1518898,ONGC
2023-12-29 08:45:00+00:00,204.85000610351562,205.4499969482422,204.5,204.85000610351562,2199024,ONGC
2023-12-29 09:45:00+00:00,205.0500030517578,205.64999389648438,204.64999389648438,204.89999389648438,1264576,ONGC
2024-01-01 03:45:00+00:00,206.39999389648438,206.89999389648438,205.39999389648438,206.3000030517578,0,ONGC
2024-01-01 04:45:00+00:00,206.5,206.8000030517578,206.0,206.39999389648438,416838,ONGC
2024-01-01 05:45:00+00:00,206.3000030517578,207.0500030517578,205.6999969482422,206.5,806423,ONGC
2024-01-01 06:45:00+00:00,206.0,206.35000610351562,205.60000610351562,206.3000030517578,387393,ONGC
2024-01-01 07:45:00+00:00,206.3000030517578,206.35000610351562,205.75,206.0,369372,ONGC
2024-01-01 08:45:00+00:00,205.25,206.6999969482422,205.1999969482422,206.3000030517578,920159,ONGC
2024-01-01 09:45:00+00:00,204.9499969482422,205.3000030517578,204.8000030517578,205.25,584047,ONGC
2024-01-02 03:45:00+00:00,205.85000610351562,207.64999389648438,204.14999389648438,204.75,0,ONGC
2024-01-02 04:45:00+00:00,205.85000610351562,207.35000610351562,204.0,205.9499969482422,1935187,ONGC
2024-01-02 05:45:00+00:00,209.3000030517578,210.64999389648438,205.75,205.8000030517578,5462536,ONGC
2024-01-02 06:45:00+00:00,209.10000610351562,210.5,208.64999389648438,209.3000030517578,2553594,ONGC
2024-01-02 07:45:00+00:00,209.64999389648438,210.0,209.0,209.10000610351562,2092322,ONGC
2024-01-02 08:45:00+00:00,207.10000610351562,209.75,205.64999389648438,209.64999389648438,4567373,ONGC
2024-01-02 09:45:00+00:00,207.5,207.9499969482422,206.8000030517578,207.1999969482422,1902164,ONGC
2024-01-03 03:45:00+00:00,208.35000610351562,209.5,206.85000610351562,207.10000610351562,0,ONGC
2024-01-03 04:45:00+00:00,208.1999969482422,208.4499969482422,207.10000610351562,208.35000610351562,1180954,ONGC
2024-01-03 05:45:00+00:00,208.25,208.4499969482422,207.85000610351562,208.1999969482422,1005177,ONGC
2024-01-03 06:45:00+00:00,209.1999969482422,209.4499969482422,207.89999389648438,208.1999969482422,1773688,ONGC
2024-01-03 07:45:00+00:00,209.10000610351562,210.4499969482422,209.0,209.10000610351562,2277265,ONGC
2024-01-03 08:45:00+00:00,208.25,209.1999969482422,207.60000610351562,209.14999389648438,1783673,ONGC
2024-01-03 09:45:00+00:00,208.10000610351562,208.3000030517578,207.85000610351562,208.1999969482422,541526,ONGC
2024-01-04 03:45:00+00:00,212.6999969482422,212.85000610351562,209.35000610351562,210.6999969482422,0,ONGC
2024-01-04 04:45:00+00:00,213.0500030517578,213.5,211.64999389648438,212.6999969482422,4809559,ONGC
2024-01-04 05:45:00+00:00,213.6999969482422,214.1999969482422,212.75,213.10000610351562,4064590,ONGC
2024-01-04 06:45:00+00:00,214.39999389648438,214.5500030517578,213.5,213.6999969482422,3294192,ONGC
2024-01-04 07:45:00+00:00,214.60000610351562,215.39999389648438,214.14999389648438,214.39999389648438,5397691,ONGC
2024-01-04 08:45:00+00:00,214.85000610351562,215.25,214.1999969482422,214.60000610351562,5141623,ONGC
2024-01-04 09:45:00+00:00,214.39999389648438,215.0,214.35000610351562,214.85000610351562,2422628,ONGC
2024-01-05 03:45:00+00:00,215.0,215.3000030517578,213.0500030517578,215.25,0,ONGC
2024-01-05 04:45:00+00:00,214.75,216.4499969482422,213.60000610351562,215.0500030517578,3532628,ONGC
2024-01-05 05:45:00+00:00,217.0,217.3000030517578,214.60000610351562,214.75,4542716,ONGC
2024-01-05 06:45:00+00:00,217.35000610351562,217.5,216.5500030517578,217.0,2588917,ONGC
2024-01-05 07:45:00+00:00,215.39999389648438,217.35000610351562,215.3000030517578,217.35000610351562,2606777,ONGC
2024-01-05 08:45:00+00:00,216.5,216.9499969482422,214.64999389648438,215.39999389648438,2789592,ONGC
2024-01-05 09:45:00+00:00,215.5,216.60000610351562,215.5,216.5,1142727,ONGC
2024-01-08 03:45:00+00:00,219.75,220.3000030517578,217.64999389648438,217.64999389648438,0,ONGC
2024-01-08 04:45:00+00:00,219.25,220.8000030517578,218.35000610351562,219.8000030517578,4008022,ONGC
2024-01-08 05:45:00+00:00,218.6999969482422,219.39999389648438,217.8000030517578,219.35000610351562,2122140,ONGC
2024-01-08 06:45:00+00:00,218.6999969482422,218.85000610351562,218.10000610351562,218.6999969482422,1318485,ONGC
2024-01-08 07:45:00+00:00,218.0,219.0,217.89999389648438,218.60000610351562,1233130,ONGC
2024-01-08 08:45:00+00:00,217.75,218.5500030517578,217.10000610351562,218.0,2405521,ONGC
2024-01-08 09:45:00+00:00,217.75,218.10000610351562,217.5,217.8000030517578,830045,ONGC
2024-01-09 03:45:00+00:00,217.4499969482422,220.0500030517578,217.14999389648438,219.6999969482422,0,ONGC
2024-01-09 04:45:00+00:00,216.9499969482422,218.3000030517578,216.64999389648438,217.4499969482422,1558644,ONGC
2024-01-09 05:45:00+00:00,217.25,217.8000030517578,216.89999389648438,216.9499969482422,1194992,ONGC
2024-01-09 06:45:00+00:00,217.39999389648438,217.75,217.10000610351562,217.35000610351562,1091896,ONGC
2024-01-09 07:45:00+00:00,217.3000030517578,217.64999389648438,217.14999389648438,217.4499969482422,893858,ONGC
2024-01-09 08:45:00+00:00,216.75,217.35000610351562,216.39999389648438,217.25,2116715,ONGC
2024-01-09 09:45:00+00:00,216.75,216.8000030517578,216.0,216.75,1059091,ONGC
2024-01-10 03:45:00+00:00,211.85000610351562,214.85000610351562,209.8000030517578,214.85000610351562,0,ONGC
2024-01-10 04:45:00+00:00,212.0500030517578,212.39999389648438,211.0,211.8000030517578,1813720,ONGC
2024-01-10 05:45:00+00:00,210.89999389648438,212.0500030517578,210.5,212.0,1476525,ONGC
2024-01-10 06:45:00+00:00,210.60000610351562,210.89999389648438,209.85000610351562,210.8000030517578,1622992,ONGC
2024-01-10 07:45:00+00:00,210.10000610351562,210.6999969482422,209.85000610351562,210.60000610351562,1316560,ONGC
2024-01-10 08:45:00+00:00,212.0,212.14999389648438,209.9499969482422,210.10000610351562,2883599,ONGC
2024-01-10 09:45:00+00:00,212.8000030517578,212.9499969482422,211.60000610351562,211.9499969482422,1453278,ONGC
2024-01-11 03:45:00+00:00,212.3000030517578,213.8000030517578,211.60000610351562,213.8000030517578,0,ONGC
2024-01-11 04:45:00+00:00,212.0,212.5,211.89999389648438,212.3000030517578,1453592,ONGC
2024-01-11 05:45:00+00:00,211.5500030517578,212.10000610351562,211.14999389648438,212.0500030517578,1642103,ONGC
2024-01-11 06:45:00+00:00,211.1999969482422,211.60000610351562,211.10000610351562,211.5,1220477,ONGC
2024-01-11 07:45:00+00:00,211.3000030517578,212.1999969482422,210.85000610351562,211.1999969482422,2013684,ONGC
2024-01-11 08:45:00+00:00,211.8000030517578,212.3000030517578,211.14999389648438,211.35000610351562,2207653,ONGC
2024-01-11 09:45:00+00:00,212.0,212.0,211.39999389648438,211.85000610351562,1144216,ONGC
2024-01-12 03:45:00+00:00,214.4499969482422,215.35000610351562,212.5,213.6999969482422,0,ONGC
2024-01-12 04:45:00+00:00,219.60000610351562,219.60000610351562,214.4499969482422,214.5,4669194,ONGC
2024-01-12 05:45:00+00:00,220.8000030517578,221.1999969482422,219.0,219.60000610351562,6318479,ONGC
2024-01-12 06:45:00+00:00,221.3000030517578,222.0,219.60000610351562,220.85000610351562,5120118,ONGC
2024-01-12 07:45:00+00:00,220.85000610351562,221.6999969482422,220.8000030517578,221.1999969482422,3299714,ONGC
2024-01-12 08:45:00+00:00,221.89999389648438,223.8000030517578,220.85000610351562,220.85000610351562,8004137,ONGC
2024-01-12 09:45:00+00:00,224.1999969482422,224.64999389648438,221.89999389648438,221.9499969482422,7175059,ONGC
2024-01-15 03:45:00+00:00,226.14999389648438,227.64999389648438,224.8000030517578,227.1999969482422,0,ONGC
2024-01-15 04:45:00+00:00,229.14999389648438,231.64999389648438,225.9499969482422,226.25,11372290,ONGC
2024-01-15 05:45:00+00:00,233.6999969482422,234.0,228.64999389648438,229.0500030517578,14207990,ONGC
2024-01-15 06:45:00+00:00,234.3000030517578,234.64999389648438,231.6999969482422,233.6999969482422,6143876,ONGC
2024-01-15 07:45:00+00:00,234.8000030517578,235.4499969482422,233.4499969482422,234.39999389648438,7515109,ONGC
2024-01-15 08:45:00+00:00,233.5500030517578,234.85000610351562,232.75,234.8000030517578,7903361,ONGC
2024-01-15 09:45:00+00:00,233.6999969482422,233.89999389648438,232.89999389648438,233.60000610351562,2451429,ONGC
2024-01-16 03:45:00+00:00,237.85000610351562,238.89999389648438,232.85000610351562,235.0,0,ONGC
2024-01-16 04:45:00+00:00,237.25,238.0,235.85000610351562,237.85000610351562,3673345,ONGC
2024-01-16 05:45:00+00:00,236.5,238.39999389648438,236.1999969482422,237.25,3623366,ONGC
2024-01-16 06:45:00+00:00,232.10000610351562,236.60000610351562,231.3000030517578,236.39999389648438,4151076,ONGC
2024-01-16 07:45:00+00:00,235.85000610351562,236.5500030517578,231.10000610351562,232.0,5422062,ONGC
2024-01-16 08:45:00+00:00,235.1999969482422,236.3000030517578,234.60000610351562,235.9499969482422,3900998,ONGC
2024-01-16 09:45:00+00:00,235.10000610351562,235.39999389648438,234.0,235.25,1590469,ONGC
2024-01-17 03:45:00+00:00,235.10000610351562,237.14999389648438,231.14999389648438,232.1999969482422,0,ONGC
2024-01-17 04:45:00+00:00,235.39999389648438,236.0,234.10000610351562,235.10000610351562,2555924,ONGC
2024-01-17 05:45:00+00:00,232.60000610351562,235.39999389648438,232.25,235.3000030517578,2809992,ONGC
2024-01-17 06:45:00+00:00,233.14999389648438,234.0,232.10000610351562,232.60000610351562,2539355,ONGC
2024-01-17 07:45:00+00:00,233.25,233.89999389648438,232.5,233.1999969482422,2330975,ONGC
2024-01-17 08:45:00+00:00,232.25,233.4499969482422,231.35000610351562,233.25,3306895,ONGC
2024-01-17 09:45:00+00:00,232.8000030517578,233.5,231.14999389648438,232.25,2445862,ONGC
2024-01-18 03:45:00+00:00,228.0500030517578,234.3000030517578,224.75,231.6999969482422,0,ONGC
2024-01-18 04:45:00+00:00,231.3000030517578,231.6999969482422,227.14999389648438,228.10000610351562,2714798,ONGC
2024-01-18 05:45:00+00:00,230.75,231.75,229.85000610351562,231.39999389648438,1540425,ONGC
2024-01-18 06:45:00+00:00,231.6999969482422,232.60000610351562,230.75,230.8000030517578,2188159,ONGC
2024-01-18 07:45:00+00:00,232.75,233.0,231.25,231.6999969482422,1489907,ONGC
2024-01-18 08:45:00+00:00,233.1999969482422,234.39999389648438,232.0500030517578,232.75,3602935,ONGC
2024-01-18 09:45:00+00:00,234.0,234.0,233.0,233.3000030517578,1187451,ONGC
2024-01-19 03:45:00+00:00,239.0,239.60000610351562,235.0,235.75,0,ONGC
2024-01-19 04:45:00+00:00,238.35000610351562,240.4499969482422,238.0500030517578,239.0,3564640,ONGC
2024-01-19 05:45:00+00:00,238.5,239.6999969482422,238.1999969482422,238.39999389648438,1847546,ONGC
2024-01-19 06:45:00+00:00,239.89999389648438,240.35000610351562,238.10000610351562,238.5,2726845,ONGC
2024-01-19 07:45:00+00:00,241.35000610351562,241.9499969482422,239.5500030517578,239.89999389648438,4761467,ONGC
2024-01-19 08:45:00+00:00,242.39999389648438,242.5,241.10000610351562,241.35000610351562,6202840,ONGC
2024-01-19 09:45:00+00:00,242.0500030517578,242.5,241.5,242.39999389648438,0,ONGC
2024-01-23 03:45:00+00:00,239.6999969482422,245.0,237.9499969482422,244.89999389648438,0,ONGC
2024-01-23 04:45:00+00:00,236.9499969482422,239.8000030517578,235.39999389648438,239.64999389648438,2324133,ONGC
2024-01-23 05:45:00+00:00,234.10000610351562,237.85000610351562,233.60000610351562,237.0,2470581,ONGC
2024-01-23 06:45:00+00:00,232.89999389648438,235.0500030517578,232.4499969482422,234.0,2604041,ONGC
2024-01-23 07:45:00+00:00,232.4499969482422,233.89999389648438,232.25,232.89999389648438,2333867,ONGC
2024-01-23 08:45:00+00:00,230.10000610351562,232.5,228.14999389648438,232.39999389648438,4345048,ONGC
2024-01-23 09:45:00+00:00,230.8000030517578,230.8000030517578,229.5500030517578,230.0500030517578,1454095,ONGC
2024-01-24 03:45:00+00:00,231.39999389648438,232.8000030517578,229.25,231.3000030517578,3930539,ONGC
2024-01-24 04:45:00+00:00,230.35000610351562,232.10000610351562,229.10000610351562,231.39999389648438,1784102,ONGC
2024-01-24 05:45:00+00:00,229.39999389648438,230.6999969482422,228.14999389648438,230.4499969482422,1534011,ONGC
2024-01-24 06:45:00+00:00,233.10000610351562,234.0,229.3000030517578,229.35000610351562,2644093,ONGC
2024-01-24 07:45:00+00:00,233.0,234.5,232.39999389648438,233.10000610351562,1600851,ONGC
2024-01-24 08:45:00+00:00,234.0,235.0,232.6999969482422,232.9499969482422,2274966,ONGC
2024-01-24 09:45:00+00:00,234.89999389648438,234.89999389648438,233.9499969482422,233.9499969482422,687619,ONGC
2024-01-25 03:45:00+00:00,235.25,236.10000610351562,234.0500030517578,235.60000610351562,0,ONGC
2024-01-25 04:45:00+00:00,233.5,235.6999969482422,232.85000610351562,235.3000030517578,1772180,ONGC
2024-01-25 05:45:00+00:00,234.89999389648438,237.5,233.39999389648438,233.5,2125018,ONGC
2024-01-25 06:45:00+00:00,235.9499969482422,236.10000610351562,234.0,234.8000030517578,1892681,ONGC
2024-01-25 07:45:00+00:00,234.64999389648438,236.8000030517578,233.9499969482422,235.89999389648438,3123277,ONGC
2024-01-25 08:45:00+00:00,233.85000610351562,235.5500030517578,233.3000030517578,234.60000610351562,4028473,ONGC
2024-01-25 09:45:00+00:00,234.0500030517578,236.25,232.8000030517578,233.89999389648438,3101237,ONGC
2024-01-29 03:45:00+00:00,244.75,244.75,239.25,240.4499969482422,0,ONGC
2024-01-29 04:45:00+00:00,250.64999389648438,252.35000610351562,244.25,244.89999389648438,12933209,ONGC
2024-01-29 05:45:00+00:00,252.1999969482422,253.14999389648438,249.9499969482422,250.75,10177065,ONGC
2024-01-29 06:45:00+00:00,252.85000610351562,253.0500030517578,251.5,252.1999969482422,4467298,ONGC
2024-01-29 07:45:00+00:00,253.3000030517578,254.10000610351562,251.8000030517578,252.9499969482422,4793380,ONGC
2024-01-29 08:45:00+00:00,251.89999389648438,254.0,251.25,253.25,7303041,ONGC
2024-01-29 09:45:00+00:00,254.64999389648438,254.9499969482422,251.8000030517578,251.89999389648438,3015594,ONGC
2024-01-30 03:45:00+00:00,257.6499938964844,259.3999938964844,253.8000030517578,255.60000610351562,0,ONGC
2024-01-30 04:45:00+00:00,261.79998779296875,263.0,257.20001220703125,257.70001220703125,8829332,ONGC
2024-01-30 05:45:00+00:00,259.0,263.29998779296875,258.8500061035156,261.8500061035156,6874677,ONGC
2024-01-30 06:45:00+00:00,257.8500061035156,259.95001220703125,257.70001220703125,258.8999938964844,4272732,ONGC
2024-01-30 07:45:00+00:00,254.89999389648438,258.0,253.8000030517578,257.8500061035156,6157477,ONGC
2024-01-30 08:45:00+00:00,249.5500030517578,254.9499969482422,248.6999969482422,254.9499969482422,9610584,ONGC
2024-01-30 09:45:00+00:00,249.39999389648438,249.89999389648438,248.64999389648438,249.5500030517578,2125764,ONGC
2024-01-31 03:45:00+00:00,251.89999389648438,254.3000030517578,249.5,250.5,0,ONGC
2024-01-31 04:45:00+00:00,247.64999389648438,252.89999389648438,247.0500030517578,251.89999389648438,5075033,ONGC
2024-01-31 05:45:00+00:00,249.35000610351562,251.35000610351562,246.3000030517578,247.64999389648438,4869878,ONGC
2024-01-31 06:45:00+00:00,248.60000610351562,253.39999389648438,247.64999389648438,249.35000610351562,5212820,ONGC
2024-01-31 07:45:00+00:00,249.39999389648438,250.10000610351562,248.0500030517578,248.64999389648438,2011054,ONGC
2024-01-31 08:45:00+00:00,251.9499969482422,252.39999389648438,249.0,249.35000610351562,5116397,ONGC
2024-01-31 09:45:00+00:00,253.14999389648438,253.6999969482422,251.60000610351562,252.0,3030357,ONGC
2024-02-01 03:45:00+00:00,249.8000030517578,254.4499969482422,249.5,254.4499969482422,0,ONGC
2024-02-01 04:45:00+00:00,248.35000610351562,251.60000610351562,248.10000610351562,249.85000610351562,6647531,ONGC
2024-02-01 05:45:00+00:00,249.14999389648438,249.60000610351562,245.8000030517578,248.35000610351562,6917044,ONGC
2024-02-01 06:45:00+00:00,248.5500030517578,250.0,247.0,249.0500030517578,2418167,ONGC
2024-02-01 07:45:00+00:00,247.6999969482422,248.85000610351562,246.35000610351562,248.5500030517578,2406877,ONGC
2024-02-01 08:45:00+00:00,247.14999389648438,249.75,247.14999389648438,247.6999969482422,3380176,ONGC
2024-02-01 09:45:00+00:00,247.89999389648438,248.25,247.10000610351562,247.10000610351562,1637242,ONGC
2024-02-02 03:45:00+00:00,252.8000030517578,253.9499969482422,249.6999969482422,250.3000030517578,6053359,ONGC
2024-02-02 04:45:00+00:00,255.1999969482422,255.3000030517578,252.60000610351562,252.89999389648438,4769556,ONGC
2024-02-02 05:45:00+00:00,255.89999389648438,256.70001220703125,254.60000610351562,255.1999969482422,4334384,ONGC
2024-02-02 06:45:00+00:00,256.1000061035156,257.20001220703125,254.3000030517578,255.89999389648438,4933661,ONGC
2024-02-02 07:45:00+00:00,257.8999938964844,258.25,254.6999969482422,256.0,3713299,ONGC
2024-02-02 08:45:00+00:00,257.29998779296875,259.95001220703125,256.29998779296875,257.8500061035156,5370948,ONGC
2024-02-02 09:45:00+00:00,257.25,257.75,256.8999938964844,257.3500061035156,1295872,ONGC
2024-02-05 03:45:00+00:00,262.3500061035156,262.45001220703125,255.10000610351562,259.3500061035156,0,ONGC
2024-02-05 04:45:00+00:00,265.1499938964844,265.29998779296875,260.8999938964844,262.29998779296875,7932843,ONGC
2024-02-05 05:45:00+00:00,265.3999938964844,266.6000061035156,264.5,265.1499938964844,4119111,ONGC
2024-02-05 06:45:00+00:00,265.70001220703125,267.79998779296875,264.6000061035156,265.3999938964844,3890673,ONGC
2024-02-05 07:45:00+00:00,265.95001220703125,266.8999938964844,264.70001220703125,265.75,1809171,ONGC
2024-02-05 08:45:00+00:00,263.75,266.45001220703125,260.29998779296875,266.0,5331589,ONGC
2024-02-05 09:45:00+00:00,263.45001220703125,264.25,261.5,263.79998779296875,2351933,ONGC
2024-02-06 03:45:00+00:00,264.29998779296875,265.5,260.20001220703125,263.29998779296875,0,ONGC
2024-02-06 04:45:00+00:00,267.6000061035156,268.20001220703125,263.8500061035156,264.29998779296875,5535135,ONGC
2024-02-06 05:45:00+00:00,272.1499938964844,273.3999938964844,267.1000061035156,267.6499938964844,7149282,ONGC
2024-02-06 06:45:00+00:00,271.20001220703125,272.45001220703125,269.1499938964844,272.1499938964844,5546590,ONGC
2024-02-06 07:45:00+00:00,270.1499938964844,272.75,269.6499938964844,271.20001220703125,4994179,ONGC
2024-02-06 08:45:00+00:00,272.45001220703125,273.25,269.6000061035156,270.1499938964844,6397171,ONGC
2024-02-06 09:45:00+00:00,272.29998779296875,272.8999938964844,272.0,272.45001220703125,1739347,ONGC
2024-02-07 03:45:00+00:00,272.75,274.6499938964844,271.3500061035156,274.20001220703125,0,ONGC
2024-02-07 04:45:00+00:00,270.54998779296875,273.20001220703125,269.70001220703125,272.70001220703125,3236336,ONGC
2024-02-07 05:45:00+00:00,269.45001220703125,270.6499938964844,267.6000061035156,270.54998779296875,3749890,ONGC
2024-02-07 06:45:00+00:00,270.29998779296875,270.6000061035156,269.25,269.29998779296875,1877756,ONGC
2024-02-07 07:45:00+00:00,270.5,271.5,269.75,270.25,2575897,ONGC
2024-02-07 08:45:00+00:00,271.3999938964844,271.5,270.0,270.54998779296875,3061634,ONGC
2024-02-07 09:45:00+00:00,271.8999938964844,273.20001220703125,271.3999938964844,271.3999938964844,1953731,ONGC
2024-02-08 03:45:00+00:00,271.79998779296875,274.1499938964844,270.3500061035156,273.6499938964844,0,ONGC
2024-02-08 04:45:00+00:00,270.04998779296875,272.3500061035156,269.1000061035156,271.8500061035156,3919260,ONGC
2024-02-08 05:45:00+00:00,273.25,273.3999938964844,269.8500061035156,270.04998779296875,3520234,ONGC
2024-02-08 06:45:00+00:00,272.1000061035156,273.29998779296875,271.5,273.20001220703125,2079240,ONGC
2024-02-08 07:45:00+00:00,273.6499938964844,275.6499938964844,271.0,272.20001220703125,4660521,ONGC
2024-02-08 08:45:00+00:00,272.95001220703125,274.0,270.8999938964844,273.54998779296875,5232906,ONGC
2024-02-08 09:45:00+00:00,273.5,273.70001220703125,272.6499938964844,273.0,1452467,ONGC
2024-02-09 03:45:00+00:00,266.1499938964844,275.6000061035156,261.79998779296875,274.95001220703125,0,ONGC
2024-02-09 04:45:00+00:00,261.45001220703125,266.29998779296875,259.6499938964844,266.1499938964844,4087574,ONGC
2024-02-09 05:45:00+00:00,265.5,265.6000061035156,259.1499938964844,261.3500061035156,4534631,ONGC
2024-02-09 06:45:00+00:00,266.79998779296875,267.8999938964844,264.79998779296875,265.5,3582213,ONGC
2024-02-09 07:45:00+00:00,267.70001220703125,267.8999938964844,265.1499938964844,266.79998779296875,2106819,ONGC
2024-02-09 08:45:00+00:00,267.8999938964844,268.29998779296875,266.3999938964844,267.75,3019044,ONGC
2024-02-09 09:45:00+00:00,267.54998779296875,268.3500061035156,266.45001220703125,267.8999938964844,1613605,ONGC
2024-02-12 03:45:00+00:00,259.0,266.6000061035156,259.0,262.8500061035156,0,ONGC
2024-02-12 04:45:00+00:00,260.20001220703125,260.6000061035156,257.20001220703125,259.1499938964844,5684512,ONGC
2024-02-12 05:45:00+00:00,259.3999938964844,260.70001220703125,257.25,260.04998779296875,2686702,ONGC
2024-02-12 06:45:00+00:00,260.75,261.3999938964844,258.95001220703125,259.29998779296875,3431395,ONGC
2024-02-12 07:45:00+00:00,261.70001220703125,261.8500061035156,259.79998779296875,260.79998779296875,3233996,ONGC
2024-02-12 08:45:00+00:00,257.70001220703125,262.1499938964844,257.20001220703125,261.70001220703125,4748511,ONGC
2024-02-12 09:45:00+00:00,257.6499938964844,258.3500061035156,256.95001220703125,257.5,1330011,ONGC
2024-02-13 03:45:00+00:00,259.6000061035156,259.8500061035156,254.85000610351562,257.95001220703125,0,ONGC
2024-02-13 04:45:00+00:00,261.1000061035156,262.3999938964844,257.8999938964844,259.6000061035156,3365814,ONGC
2024-02-13 05:45:00+00:00,258.1499938964844,261.25,258.1000061035156,261.1499938964844,2760495,ONGC
2024-02-13 06:45:00+00:00,259.04998779296875,260.29998779296875,257.8999938964844,258.1499938964844,1732571,ONGC
2024-02-13 07:45:00+00:00,259.0,259.95001220703125,258.6000061035156,259.04998779296875,1406982,ONGC
2024-02-13 08:45:00+00:00,259.70001220703125,260.1499938964844,258.8500061035156,259.04998779296875,4609515,ONGC
2024-02-13 09:45:00+00:00,259.79998779296875,260.0,259.29998779296875,259.70001220703125,893858,ONGC
2024-02-14 03:45:00+00:00,260.6499938964844,261.8999938964844,256.3500061035156,257.5,0,ONGC
2024-02-14 04:45:00+00:00,260.70001220703125,260.95001220703125,259.3500061035156,260.75,3553315,ONGC
2024-02-14 05:45:00+00:00,262.5,263.6499938964844,260.54998779296875,260.54998779296875,7065495,ONGC
2024-02-14 06:45:00+00:00,265.5,266.45001220703125,262.3500061035156,262.6000061035156,11568285,ONGC
2024-02-14 07:45:00+00:00,267.25,267.45001220703125,264.79998779296875,265.3999938964844,2725524,ONGC
2024-02-14 08:45:00+00:00,268.70001220703125,269.29998779296875,267.0,267.25,6161597,ONGC
2024-02-14 09:45:00+00:00,269.1000061035156,269.6499938964844,268.5,268.70001220703125,1645452,ONGC
2024-02-15 03:45:00+00:00,276.8500061035156,277.3999938964844,269.0,270.5,0,ONGC
2024-02-15 04:45:00+00:00,279.25,279.3500061035156,276.45001220703125,277.0,7370553,ONGC
2024-02-15 05:45:00+00:00,276.54998779296875,279.8500061035156,276.25,279.25,4041087,ONGC
2024-02-15 06:45:00+00:00,278.1499938964844,278.3999938964844,275.25,276.5,3820518,ONGC
2024-02-15 07:45:00+00:00,277.75,279.1000061035156,277.75,278.1499938964844,3289040,ONGC
2024-02-15 08:45:00+00:00,277.45001220703125,278.3500061035156,276.5,277.75,3835610,ONGC
2024-02-15 09:45:00+00:00,276.5,277.54998779296875,276.20001220703125,277.45001220703125,1613847,ONGC
2024-02-16 03:45:00+00:00,273.20001220703125,275.0,270.3999938964844,273.79998779296875,0,ONGC
2024-02-16 04:45:00+00:00,273.95001220703125,274.75,272.79998779296875,273.20001220703125,2992419,ONGC
2024-02-16 05:45:00+00:00,274.3500061035156,274.5,272.04998779296875,273.95001220703125,2281613,ONGC
2024-02-16 06:45:00+00:00,276.6499938964844,278.0,273.70001220703125,274.45001220703125,6321319,ONGC
2024-02-16 07:45:00+00:00,275.0,276.75,274.29998779296875,276.6499938964844,2148527,ONGC
2024-02-16 08:45:00+00:00,274.3999938964844,275.6000061035156,274.04998779296875,275.0,2532747,ONGC
2024-02-16 09:45:00+00:00,274.70001220703125,275.1499938964844,273.8999938964844,274.45001220703125,2625227,ONGC
2024-02-19 03:45:00+00:00,276.1499938964844,277.79998779296875,272.6499938964844,273.6000061035156,0,ONGC
2024-02-19 04:45:00+00:00,275.70001220703125,277.70001220703125,275.1000061035156,276.1000061035156,2128937,ONGC
2024-02-19 05:45:00+00:00,276.04998779296875,276.29998779296875,275.0,275.54998779296875,1360302,ONGC
2024-02-19 06:45:00+00:00,276.54998779296875,277.70001220703125,276.0,276.1000061035156,1887040,ONGC
2024-02-19 07:45:00+00:00,276.75,279.04998779296875,275.79998779296875,276.6000061035156,2533951,ONGC
2024-02-19 08:45:00+00:00,274.3999938964844,277.6499938964844,274.1499938964844,276.70001220703125,2170273,ONGC
2024-02-19 09:45:00+00:00,274.20001220703125,274.8999938964844,273.8500061035156,274.5,744084,ONGC
2024-02-20 03:45:00+00:00,277.3999938964844,281.04998779296875,274.1499938964844,274.5,0,ONGC
2024-02-20 04:45:00+00:00,275.3999938964844,277.8500061035156,275.1000061035156,277.45001220703125,1900154,ONGC
2024-02-20 05:45:00+00:00,276.25,276.75,275.5,275.54998779296875,1484715,ONGC
2024-02-20 06:45:00+00:00,275.8999938964844,276.25,275.25,276.1000061035156,1327538,ONGC
2024-02-20 07:45:00+00:00,276.3500061035156,278.25,275.45001220703125,275.95001220703125,2275092,ONGC
2024-02-20 08:45:00+00:00,276.79998779296875,277.1499938964844,275.75,276.3500061035156,2201975,ONGC
2024-02-20 09:45:00+00:00,276.95001220703125,277.25,276.3999938964844,276.6499938964844,1464490,ONGC
2024-02-21 03:45:00+00:00,278.1000061035156,279.5,276.0,276.3999938964844,0,ONGC
2024-02-21 04:45:00+00:00,278.25,279.29998779296875,277.04998779296875,278.04998779296875,1766729,ONGC
2024-02-21 05:45:00+00:00,278.75,278.8999938964844,277.1000061035156,278.25,852284,ONGC
2024-02-21 06:45:00+00:00,277.95001220703125,279.0,277.1000061035156,278.79998779296875,1123886,ONGC
2024-02-21 07:45:00+00:00,277.5,281.1000061035156,277.3500061035156,277.95001220703125,3142751,ONGC
2024-02-21 08:45:00+00:00,274.1499938964844,278.95001220703125,271.6000061035156,277.70001220703125,4420581,ONGC
2024-02-21 09:45:00+00:00,273.25,274.20001220703125,272.04998779296875,274.1499938964844,1078185,ONGC
2024-02-22 03:45:00+00:00,271.3999938964844,274.6499938964844,268.5,273.25,0,ONGC
2024-02-22 04:45:00+00:00,269.8999938964844,271.3999938964844,268.6499938964844,271.29998779296875,1888872,ONGC
2024-02-22 05:45:00+00:00,270.3999938964844,271.54998779296875,268.70001220703125,269.79998779296875,1593676,ONGC
2024-02-22 06:45:00+00:00,271.29998779296875,271.70001220703125,269.79998779296875,270.3500061035156,1000237,ONGC
2024-02-22 07:45:00+00:00,272.1000061035156,272.8500061035156,270.79998779296875,271.29998779296875,1932729,ONGC
2024-02-22 08:45:00+00:00,274.04998779296875,274.6000061035156,272.0,272.0,4330013,ONGC
2024-02-22 09:45:00+00:00,274.75,275.95001220703125,274.0,274.1499938964844,1492293,ONGC
2024-02-23 03:45:00+00:00,274.8500061035156,276.0,272.8999938964844,275.45001220703125,1916096,ONGC
2024-02-23 04:45:00+00:00,272.6499938964844,275.20001220703125,271.75,274.8500061035156,1599933,ONGC
2024-02-23 05:45:00+00:00,272.3500061035156,273.75,272.1499938964844,272.6499938964844,807375,ONGC
2024-02-23 06:45:00+00:00,272.79998779296875,273.45001220703125,272.20001220703125,272.45001220703125,846080,ONGC
2024-02-23 07:45:00+00:00,272.04998779296875,273.0,271.20001220703125,272.75,976619,ONGC
2024-02-23 08:45:00+00:00,272.6000061035156,274.0,272.1000061035156,272.1000061035156,2216635,ONGC
2024-02-23 09:45:00+00:00,272.20001220703125,272.5,271.1499938964844,272.5,1094401,ONGC
2024-02-26 03:45:00+00:00,269.6499938964844,271.54998779296875,268.5,271.3999938964844,0,ONGC
2024-02-26 04:45:00+00:00,270.5,270.75,269.0,269.75,1049976,ONGC
2024-02-26 05:45:00+00:00,268.6000061035156,270.54998779296875,267.8999938964844,270.5,1460955,ONGC
2024-02-26 06:45:00+00:00,269.54998779296875,269.8999938964844,268.20001220703125,268.6000061035156,626006,ONGC
2024-02-26 07:45:00+00:00,269.75,270.3500061035156,269.0,269.5,586653,ONGC
2024-02-26 08:45:00+00:00,270.1000061035156,271.6499938964844,269.5,269.75,1750549,ONGC
2024-02-26 09:45:00+00:00,269.75,270.1499938964844,269.20001220703125,270.1499938964844,788105,ONGC
2024-02-27 03:45:00+00:00,267.3500061035156,268.79998779296875,266.25,268.6499938964844,0,ONGC
2024-02-27 04:45:00+00:00,268.0,268.79998779296875,267.1499938964844,267.29998779296875,2958109,ONGC
2024-02-27 05:45:00+00:00,267.5,268.45001220703125,266.1499938964844,268.0,2155810,ONGC
2024-02-27 06:45:00+00:00,267.79998779296875,268.3500061035156,267.20001220703125,267.5,1552985,ONGC
2024-02-27 07:45:00+00:00,266.25,268.20001220703125,265.0,267.95001220703125,1532562,ONGC
2024-02-27 08:45:00+00:00,269.79998779296875,270.20001220703125,266.25,266.25,4603284,ONGC
2024-02-27 09:45:00+00:00,269.3500061035156,269.8500061035156,268.6499938964844,269.79998779296875,1333240,ONGC
2024-02-28 03:45:00+00:00,269.75,270.1499938964844,268.29998779296875,270.1499938964844,0,ONGC
2024-02-28 04:45:00+00:00,267.0,270.1000061035156,266.1000061035156,269.75,1316685,ONGC
2024-02-28 05:45:00+00:00,265.70001220703125,267.3999938964844,265.25,267.1000061035156,866051,ONGC
2024-02-28 06:45:00+00:00,264.8500061035156,266.70001220703125,264.70001220703125,265.70001220703125,1153966,ONGC
2024-02-28 07:45:00+00:00,266.0,266.6499938964844,264.79998779296875,264.79998779296875,1141173,ONGC
2024-02-28 08:45:00+00:00,265.45001220703125,266.45001220703125,265.3999938964844,265.8999938964844,2286519,ONGC
2024-02-28 09:45:00+00:00,265.25,265.6499938964844,264.8999938964844,265.5,674357,ONGC
2024-02-29 03:45:00+00:00,263.29998779296875,266.1499938964844,263.20001220703125,264.8999938964844,0,ONGC
2024-02-29 04:45:00+00:00,264.04998779296875,264.1000061035156,261.5,263.45001220703125,2118582,ONGC
2024-02-29 05:45:00+00:00,263.75,264.79998779296875,263.1000061035156,263.95001220703125,1357004,ONGC
2024-02-29 06:45:00+00:00,263.8999938964844,264.6499938964844,263.29998779296875,263.70001220703125,1840912,ONGC
2024-02-29 07:45:00+00:00,264.0,264.45001220703125,263.29998779296875,263.95001220703125,2028405,ONGC
2024-02-29 08:45:00+00:00,265.25,265.25,262.6000061035156,264.0,4666393,ONGC
2024-02-29 09:45:00+00:00,265.1499938964844,266.29998779296875,264.8500061035156,265.29998779296875,2837911,ONGC
2024-03-01 03:45:00+00:00,272.0,272.95001220703125,267.5,267.8999938964844,0,ONGC
2024-03-01 04:45:00+00:00,269.95001220703125,272.1499938964844,269.54998779296875,272.0,1554262,ONGC
2024-03-01 05:45:00+00:00,269.70001220703125,270.8500061035156,269.45001220703125,269.95001220703125,1310199,ONGC
2024-03-01 06:45:00+00:00,269.8999938964844,270.20001220703125,269.3500061035156,269.70001220703125,1230910,ONGC
2024-03-01 07:45:00+00:00,269.8999938964844,270.04998779296875,269.5,269.8999938964844,808438,ONGC
2024-03-01 08:45:00+00:00,270.6000061035156,270.8500061035156,269.70001220703125,269.8999938964844,2268369,ONGC
2024-03-01 09:45:00+00:00,271.0,271.45001220703125,270.5,270.54998779296875,1400179,ONGC
2024-03-04 03:45:00+00:00,275.6000061035156,277.8999938964844,273.04998779296875,273.04998779296875,4209077,ONGC
2024-03-04 04:45:00+00:00,277.1000061035156,277.79998779296875,275.5,275.6000061035156,2454442,ONGC
2024-03-04 05:45:00+00:00,277.5,277.95001220703125,276.6000061035156,277.1499938964844,3549006,ONGC
2024-03-04 06:45:00+00:00,276.8999938964844,277.75,276.3500061035156,277.3500061035156,2792439,ONGC
2024-03-04 07:45:00+00:00,278.45001220703125,279.3999938964844,276.79998779296875,276.8999938964844,2958591,ONGC
2024-03-04 08:45:00+00:00,279.04998779296875,280.54998779296875,278.45001220703125,278.5,4415532,ONGC
2024-03-04 09:45:00+00:00,279.0,279.45001220703125,278.6499938964844,279.1000061035156,1031142,ONGC
2024-03-05 03:45:00+00:00,279.25,280.95001220703125,276.79998779296875,279.04998779296875,0,ONGC
2024-03-05 04:45:00+00:00,280.1499938964844,282.29998779296875,277.6499938964844,279.1499938964844,2451585,ONGC
2024-03-05 05:45:00+00:00,279.54998779296875,280.20001220703125,278.3500061035156,280.20001220703125,1324203,ONGC
2024-03-05 06:45:00+00:00,282.6000061035156,282.6000061035156,279.1499938964844,279.5,2050152,ONGC
2024-03-05 07:45:00+00:00,282.6499938964844,283.3999938964844,281.75,282.6000061035156,3013570,ONGC
2024-03-05 08:45:00+00:00,283.6499938964844,284.79998779296875,282.5,282.6000061035156,4166964,ONGC
2024-03-05 09:45:00+00:00,283.3999938964844,284.0,283.1000061035156,283.79998779296875,1265642,ONGC
2024-03-06 03:45:00+00:00,275.0,283.79998779296875,273.6000061035156,283.79998779296875,0,ONGC
2024-03-06 04:45:00+00:00,276.8500061035156,278.54998779296875,274.45001220703125,275.0,2440919,ONGC
2024-03-06 05:45:00+00:00,276.0,277.0,274.5,276.70001220703125,1713786,ONGC
2024-03-06 06:45:00+00:00,277.3500061035156,277.5,275.54998779296875,276.0,1017698,ONGC
2024-03-06 07:45:00+00:00,278.5,279.04998779296875,276.70001220703125,277.3500061035156,1168589,ONGC
2024-03-06 08:45:00+00:00,280.1499938964844,280.70001220703125,278.5,278.54998779296875,2628007,ONGC
2024-03-06 09:45:00+00:00,280.5,280.79998779296875,280.0,280.1499938964844,1057972,ONGC
2024-03-07 03:45:00+00:00,282.8500061035156,284.1499938964844,280.20001220703125,280.20001220703125,0,ONGC
2024-03-07 04:45:00+00:00,280.75,282.79998779296875,279.70001220703125,282.79998779296875,1680884,ONGC
2024-03-07 05:45:00+00:00,279.04998779296875,281.0,278.5,280.75,987977,ONGC
2024-03-07 06:45:00+00:00,279.20001220703125,279.70001220703125,277.79998779296875,279.0,1112204,ONGC
2024-03-07 07:45:00+00:00,279.45001220703125,280.3999938964844,278.79998779296875,279.29998779296875,1076380,ONGC
2024-03-07 08:45:00+00:00,278.1000061035156,279.6499938964844,277.95001220703125,279.3500061035156,2116309,ONGC
2024-03-07 09:45:00+00:00,278.1000061035156,279.3999938964844,277.25,278.1000061035156,1304307,ONGC
2024-03-11 03:45:00+00:00,278.6000061035156,280.5,277.20001220703125,278.75,0,ONGC
2024-03-11 04:45:00+00:00,275.8999938964844,278.95001220703125,275.75,278.25,1044414,ONGC
2024-03-11 05:45:00+00:00,274.5,276.8500061035156,274.1499938964844,275.8999938964844,929626,ONGC
2024-03-11 06:45:00+00:00,275.8999938964844,276.95001220703125,274.5,274.5,1858693,ONGC
2024-03-11 07:45:00+00:00,274.5,276.29998779296875,274.5,275.8500061035156,1007387,ONGC
2024-03-11 08:45:00+00:00,273.70001220703125,275.8500061035156,273.29998779296875,274.5,2058533,ONGC
2024-03-11 09:45:00+00:00,273.8999938964844,274.1499938964844,273.29998779296875,273.70001220703125,1325931,ONGC
2024-03-12 03:45:00+00:00,273.04998779296875,275.5,270.79998779296875,273.8999938964844,0,ONGC
2024-03-12 04:45:00+00:00,271.75,274.5,271.0,273.04998779296875,1461846,ONGC
2024-03-12 05:45:00+00:00,271.8500061035156,272.5,269.45001220703125,271.75,1478193,ONGC
2024-03-12 06:45:00+00:00,270.8999938964844,273.25,270.8500061035156,271.79998779296875,1616715,ONGC
2024-03-12 07:45:00+00:00,273.0,273.29998779296875,270.6000061035156,270.95001220703125,1836064,ONGC
2024-03-12 08:45:00+00:00,270.25,273.45001220703125,270.0,273.0,2527104,ONGC
2024-03-12 09:45:00+00:00,270.3999938964844,270.70001220703125,269.04998779296875,270.29998779296875,1869182,ONGC
2024-03-13 03:45:00+00:00,264.95001220703125,271.0,262.1499938964844,271.0,0,ONGC
2024-03-13 04:45:00+00:00,262.1000061035156,265.0,261.0,265.0,3066013,ONGC
2024-03-13 05:45:00+00:00,257.8500061035156,262.8999938964844,257.70001220703125,262.04998779296875,2461058,ONGC
2024-03-13 06:45:00+00:00,260.25,262.29998779296875,256.5,257.8500061035156,2741559,ONGC
2024-03-13 07:45:00+00:00,256.54998779296875,260.75,256.54998779296875,260.25,2661196,ONGC
2024-03-13 08:45:00+00:00,254.60000610351562,257.25,252.8000030517578,256.54998779296875,3836079,ONGC
2024-03-13 09:45:00+00:00,256.1000061035156,256.70001220703125,253.89999389648438,254.60000610351562,1927589,ONGC
2024-03-14 03:45:00+00:00,254.6999969482422,258.6000061035156,251.8000030517578,252.8000030517578,0,ONGC
2024-03-14 04:45:00+00:00,258.45001220703125,260.3500061035156,254.5500030517578,254.6999969482422,2591602,ONGC
2024-03-14 05:45:00+00:00,258.8999938964844,261.0,257.25,258.3500061035156,2664270,ONGC
2024-03-14 06:45:00+00:00,258.1499938964844,259.45001220703125,255.89999389648438,258.79998779296875,2073684,ONGC
2024-03-14 07:45:00+00:00,259.3999938964844,259.54998779296875,257.6499938964844,258.20001220703125,1705386,ONGC
2024-03-14 08:45:00+00:00,263.6000061035156,264.0,259.20001220703125,259.25,3686335,ONGC
2024-03-14 09:45:00+00:00,264.0,264.3500061035156,263.04998779296875,263.5,1221727,ONGC
2024-03-15 03:45:00+00:00,257.1499938964844,266.3999938964844,255.85000610351562,263.0,0,ONGC
2024-03-15 04:45:00+00:00,254.60000610351562,257.70001220703125,253.0,257.1499938964844,4009252,ONGC
2024-03-15 05:45:00+00:00,250.60000610351562,254.89999389648438,250.39999389648438,254.5,3594841,ONGC
2024-03-15 06:45:00+00:00,252.25,253.25,248.89999389648438,250.60000610351562,5711086,ONGC
2024-03-15 07:45:00+00:00,256.20001220703125,257.54998779296875,250.8000030517578,252.35000610351562,4809386,ONGC
2024-03-15 08:45:00+00:00,258.1000061035156,259.5,255.89999389648438,256.20001220703125,8136011,ONGC
2024-03-15 09:45:00+00:00,259.70001220703125,260.29998779296875,257.95001220703125,258.1000061035156,4426184,ONGC
2024-03-18 03:45:00+00:00,261.04998779296875,262.5,257.54998779296875,259.0,0,ONGC
2024-03-18 04:45:00+00:00,259.8500061035156,263.04998779296875,259.8500061035156,261.0,1501877,ONGC
2024-03-18 05:45:00+00:00,261.6499938964844,263.0,259.6499938964844,259.8500061035156,1141805,ONGC
2024-03-18 06:45:00+00:00,261.70001220703125,262.29998779296875,260.1000061035156,261.6499938964844,988017,ONGC
2024-03-18 07:45:00+00:00,262.04998779296875,262.8500061035156,260.70001220703125,261.6499938964844,970679,ONGC
2024-03-18 08:45:00+00:00,261.54998779296875,263.0,261.0,262.04998779296875,1457253,ONGC
2024-03-18 09:45:00+00:00,262.1000061035156,262.45001220703125,261.29998779296875,261.6000061035156,706580,ONGC
2024-03-19 03:45:00+00:00,258.75,263.95001220703125,257.75,262.70001220703125,0,ONGC
2024-03-19 04:45:00+00:00,258.5,259.6000061035156,257.25,258.8500061035156,893034,ONGC
2024-03-19 05:45:00+00:00,258.3999938964844,258.75,256.6499938964844,258.45001220703125,795146,ONGC
2024-03-19 06:45:00+00:00,260.25,260.95001220703125,258.3500061035156,258.3999938964844,1327905,ONGC
2024-03-19 07:45:00+00:00,260.29998779296875,260.8999938964844,258.8500061035156,260.20001220703125,671985,ONGC
2024-03-19 08:45:00+00:00,258.79998779296875,260.95001220703125,258.75,260.29998779296875,1048355,ONGC
2024-03-19 09:45:00+00:00,259.3500061035156,259.54998779296875,258.95001220703125,258.95001220703125,631031,ONGC
2024-03-20 03:45:00+00:00,258.45001220703125,261.0,257.25,259.54998779296875,0,ONGC
2024-03-20 04:45:00+00:00,259.54998779296875,260.20001220703125,257.29998779296875,258.3500061035156,1388570,ONGC
2024-03-20 05:45:00+00:00,261.8999938964844,263.0,259.1000061035156,259.54998779296875,1670062,ONGC
2024-03-20 06:45:00+00:00,261.95001220703125,262.70001220703125,260.8999938964844,262.0,1064052,ONGC
2024-03-20 07:45:00+00:00,262.6000061035156,263.8999938964844,261.8500061035156,261.95001220703125,1444214,ONGC
2024-03-20 08:45:00+00:00,264.0,264.54998779296875,262.29998779296875,262.6000061035156,2101943,ONGC
2024-03-20 09:45:00+00:00,263.70001220703125,264.20001220703125,263.25,264.0,679780,ONGC
2024-03-21 03:45:00+00:00,266.1499938964844,266.8999938964844,263.8999938964844,264.95001220703125,0,ONGC
2024-03-21 04:45:00+00:00,265.25,266.5,264.6499938964844,266.20001220703125,929850,ONGC
2024-03-21 05:45:00+00:00,262.8999938964844,265.70001220703125,262.5,265.3500061035156,1658292,ONGC
2024-03-21 06:45:00+00:00,262.95001220703125,264.25,262.6499938964844,262.95001220703125,1386621,ONGC
2024-03-21 07:45:00+00:00,263.25,264.3999938964844,262.6000061035156,262.95001220703125,1297061,ONGC
2024-03-21 08:45:00+00:00,263.3500061035156,263.79998779296875,262.3999938964844,263.25,3605204,ONGC
2024-03-21 09:45:00+00:00,262.6499938964844,263.45001220703125,262.6000061035156,263.3999938964844,1292951,ONGC
2024-03-22 03:45:00+00:00,261.8999938964844,262.8999938964844,258.6499938964844,262.8999938964844,0,ONGC
2024-03-22 04:45:00+00:00,262.20001220703125,262.45001220703125,261.0,261.8999938964844,1129249,ONGC
2024-03-22 05:45:00+00:00,262.04998779296875,263.04998779296875,261.1499938964844,262.1499938964844,1860349,ONGC
2024-03-22 06:45:00+00:00,262.3500061035156,262.5,261.1000061035156,262.04998779296875,1405862,ONGC
2024-03-22 07:45:00+00:00,263.6499938964844,264.25,261.6499938964844,262.3500061035156,2097092,ONGC
2024-03-22 08:45:00+00:00,263.1499938964844,265.25,262.79998779296875,263.70001220703125,2874973,ONGC
2024-03-22 09:45:00+00:00,263.20001220703125,263.5,262.79998779296875,263.1000061035156,837703,ONGC
2024-03-26 03:45:00+00:00,266.0,266.1499938964844,259.3500061035156,262.25,0,ONGC
2024-03-26 04:45:00+00:00,266.1000061035156,266.3500061035156,265.0,266.0,1287258,ONGC
2024-03-26 05:45:00+00:00,267.25,267.8999938964844,265.3500061035156,266.04998779296875,1455259,ONGC
2024-03-26 06:45:00+00:00,267.3500061035156,267.8999938964844,266.3999938964844,267.1499938964844,1200385,ONGC
2024-03-26 07:45:00+00:00,267.0,267.8500061035156,266.70001220703125,267.29998779296875,1090099,ONGC
2024-03-26 08:45:00+00:00,265.5,267.3500061035156,265.3500061035156,267.1000061035156,1809422,ONGC
2024-03-26 09:45:00+00:00,265.5,265.6000061035156,265.0,265.54998779296875,869296,ONGC
2024-03-27 03:45:00+00:00,267.6499938964844,268.20001220703125,264.6000061035156,264.79998779296875,0,ONGC
2024-03-27 04:45:00+00:00,266.25,267.95001220703125,266.04998779296875,267.6499938964844,1215593,ONGC
2024-03-27 05:45:00+00:00,266.0,266.6499938964844,265.70001220703125,266.25,769895,ONGC
2024-03-27 06:45:00+00:00,264.25,265.95001220703125,264.04998779296875,265.8999938964844,1240952,ONGC
2024-03-27 07:45:00+00:00,264.6000061035156,264.79998779296875,264.1499938964844,264.25,479510,ONGC
2024-03-27 08:45:00+00:00,261.54998779296875,265.3999938964844,260.04998779296875,264.6499938964844,10081906,ONGC
2024-03-27 09:45:00+00:00,265.29998779296875,265.70001220703125,260.0,261.54998779296875,12761723,ONGC
2024-03-28 03:45:00+00:00,264.29998779296875,264.8999938964844,262.0,262.45001220703125,0,ONGC
2024-03-28 04:45:00+00:00,265.20001220703125,265.75,263.29998779296875,264.29998779296875,1384045,ONGC
2024-03-28 05:45:00+00:00,264.8999938964844,266.0,264.6000061035156,265.20001220703125,807178,ONGC
2024-03-28 06:45:00+00:00,267.1499938964844,267.6499938964844,264.75,264.8500061035156,2271710,ONGC
2024-03-28 07:45:00+00:00,270.1499938964844,270.3500061035156,267.20001220703125,267.25,3544931,ONGC
2024-03-28 08:45:00+00:00,267.25,270.95001220703125,267.1000061035156,270.20001220703125,5911592,ONGC
2024-03-28 09:45:00+00:00,268.04998779296875,268.79998779296875,267.04998779296875,267.29998779296875,1837402,ONGC
2024-04-01 03:45:00+00:00,270.79998779296875,271.29998779296875,268.04998779296875,268.6000061035156,0,ONGC
2024-04-01 04:45:00+00:00,270.25,271.5,269.3500061035156,270.79998779296875,1022316,ONGC
2024-04-01 05:45:00+00:00,270.20001220703125,270.6499938964844,269.6499938964844,270.29998779296875,478181,ONGC
2024-04-01 06:45:00+00:00,269.95001220703125,270.75,269.0,270.20001220703125,663916,ONGC
2024-04-01 07:45:00+00:00,269.79998779296875,270.5,269.54998779296875,270.0,578768,ONGC
2024-04-01 08:45:00+00:00,270.0,270.1000061035156,269.3999938964844,269.79998779296875,937678,ONGC
2024-04-01 09:45:00+00:00,269.95001220703125,270.20001220703125,269.6499938964844,269.95001220703125,631764,ONGC
2024-04-02 03:45:00+00:00,270.8500061035156,274.04998779296875,270.1000061035156,270.1000061035156,0,ONGC
2024-04-02 04:45:00+00:00,270.29998779296875,271.20001220703125,269.45001220703125,270.8500061035156,1625631,ONGC
2024-04-02 05:45:00+00:00,271.95001220703125,272.0,269.95001220703125,270.3999938964844,1596172,ONGC
2024-04-02 06:45:00+00:00,272.04998779296875,272.29998779296875,270.8999938964844,271.8500061035156,2020542,ONGC
2024-04-02 07:45:00+00:00,272.70001220703125,272.8500061035156,271.79998779296875,272.04998779296875,1350408,ONGC
2024-04-02 08:45:00+00:00,272.5,272.95001220703125,272.1000061035156,272.75,2098922,ONGC
2024-04-02 09:45:00+00:00,272.5,272.8500061035156,272.0,272.54998779296875,1507214,ONGC
2024-04-03 03:45:00+00:00,277.8999938964844,279.0,275.29998779296875,275.3500061035156,0,ONGC
2024-04-03 04:45:00+00:00,275.8999938964844,278.0,275.1000061035156,278.0,2420159,ONGC
2024-04-03 05:45:00+00:00,275.8500061035156,275.95001220703125,274.29998779296875,275.8500061035156,1695695,ONGC
2024-04-03 06:45:00+00:00,276.29998779296875,276.6000061035156,275.20001220703125,275.8999938964844,1700042,ONGC
2024-04-03 07:45:00+00:00,276.20001220703125,276.45001220703125,275.3999938964844,276.25,1772429,ONGC
2024-04-03 08:45:00+00:00,275.6000061035156,276.3500061035156,273.8500061035156,276.20001220703125,3682925,ONGC
2024-04-03 09:45:00+00:00,275.6499938964844,276.0,275.1000061035156,275.6000061035156,1505290,ONGC
2024-04-04 03:45:00+00:00,272.5,277.75,272.5,276.1000061035156,0,ONGC
2024-04-04 04:45:00+00:00,270.3500061035156,273.6499938964844,269.54998779296875,272.5,2659255,ONGC
2024-04-04 05:45:00+00:00,266.95001220703125,270.75,266.6499938964844,270.29998779296875,2479154,ONGC
2024-04-04 06:45:00+00:00,267.8999938964844,268.0,265.3500061035156,266.75,4699014,ONGC
2024-04-04 07:45:00+00:00,268.95001220703125,269.29998779296875,267.45001220703125,268.0,2587938,ONGC
2024-04-04 08:45:00+00:00,268.6499938964844,270.6000061035156,268.29998779296875,268.95001220703125,4715174,ONGC
2024-04-04 09:45:00+00:00,269.6000061035156,269.70001220703125,268.6000061035156,268.6499938964844,1191271,ONGC
2024-04-05 03:45:00+00:00,268.8500061035156,269.20001220703125,266.6000061035156,268.0,0,ONGC
2024-04-05 04:45:00+00:00,270.1000061035156,271.8999938964844,268.79998779296875,268.8500061035156,2913321,ONGC
2024-04-05 05:45:00+00:00,269.20001220703125,270.5,269.1000061035156,270.0,1397026,ONGC
2024-04-05 06:45:00+00:00,268.45001220703125,269.75,268.45001220703125,269.1499938964844,1269742,ONGC
2024-04-05 07:45:00+00:00,267.70001220703125,269.3999938964844,267.70001220703125,268.29998779296875,1669475,ONGC
2024-04-05 08:45:00+00:00,267.8500061035156,268.1000061035156,267.1000061035156,267.70001220703125,1866795,ONGC
2024-04-05 09:45:00+00:00,268.1000061035156,268.29998779296875,267.79998779296875,267.8500061035156,1039667,ONGC
2024-04-08 03:45:00+00:00,268.95001220703125,270.45001220703125,267.45001220703125,268.8500061035156,0,ONGC
2024-04-08 04:45:00+00:00,268.29998779296875,269.95001220703125,267.8500061035156,268.95001220703125,1375913,ONGC
2024-04-08 05:45:00+00:00,267.0,268.6499938964844,266.6000061035156,268.25,1815133,ONGC
2024-04-08 06:45:00+00:00,269.70001220703125,270.1499938964844,266.95001220703125,267.0,3332572,ONGC
2024-04-08 07:45:00+00:00,269.79998779296875,270.0,268.45001220703125,269.79998779296875,1184403,ONGC
2024-04-08 08:45:00+00:00,270.20001220703125,272.0,269.6000061035156,269.8500061035156,2691105,ONGC
2024-04-08 09:45:00+00:00,270.04998779296875,270.6000061035156,269.95001220703125,270.20001220703125,678623,ONGC
2024-04-09 03:45:00+00:00,271.75,272.6499938964844,268.45001220703125,269.8999938964844,0,ONGC
2024-04-09 04:45:00+00:00,270.6000061035156,271.8500061035156,270.5,271.75,1207928,ONGC
2024-04-09 05:45:00+00:00,270.1000061035156,270.79998779296875,269.95001220703125,270.45001220703125,1519526,ONGC
2024-04-09 06:45:00+00:00,269.3500061035156,270.45001220703125,269.25,270.04998779296875,2172538,ONGC
2024-04-09 07:45:00+00:00,268.0,269.8500061035156,268.0,269.25,1779435,ONGC
2024-04-09 08:45:00+00:00,268.8500061035156,269.45001220703125,268.0,268.04998779296875,2551359,ONGC
2024-04-09 09:45:00+00:00,268.95001220703125,269.3999938964844,268.75,268.8500061035156,911934,ONGC
2024-04-10 03:45:00+00:00,272.0,272.45001220703125,269.75,269.75,0,ONGC
2024-04-10 04:45:00+00:00,272.20001220703125,273.0,271.29998779296875,271.8999938964844,1516284,ONGC
2024-04-10 05:45:00+00:00,271.8999938964844,272.29998779296875,270.8999938964844,272.25,1031915,ONGC
2024-04-10 06:45:00+00:00,272.6499938964844,272.8999938964844,271.54998779296875,272.0,913848,ONGC
2024-04-10 07:45:00+00:00,271.8999938964844,273.0,271.6000061035156,272.6499938964844,909651,ONGC
2024-04-10 08:45:00+00:00,272.0,273.0,271.6499938964844,272.0,2468473,ONGC
2024-04-10 09:45:00+00:00,272.20001220703125,272.8500061035156,271.5,271.95001220703125,2329135,ONGC
2024-04-12 03:45:00+00:00,271.3500061035156,272.45001220703125,270.04998779296875,271.1499938964844,0,ONGC
2024-04-12 04:45:00+00:00,270.20001220703125,271.3500061035156,269.79998779296875,271.3500061035156,2012097,ONGC
2024-04-12 05:45:00+00:00,270.0,270.6499938964844,269.75,270.1000061035156,1689161,ONGC
2024-04-12 06:45:00+00:00,268.5,270.1499938964844,268.1499938964844,270.1499938964844,2945818,ONGC
2024-04-12 07:45:00+00:00,266.45001220703125,268.79998779296875,266.3500061035156,268.5,2303090,ONGC
2024-04-12 08:45:00+00:00,265.70001220703125,267.3500061035156,265.54998779296875,266.45001220703125,6309334,ONGC
2024-04-12 09:45:00+00:00,265.6000061035156,265.8500061035156,265.0,265.70001220703125,3117734,ONGC
2024-04-15 03:45:00+00:00,275.5,275.6000061035156,267.79998779296875,269.25,0,ONGC
2024-04-15 04:45:00+00:00,277.04998779296875,278.0,274.8500061035156,275.45001220703125,11097967,ONGC
2024-04-15 05:45:00+00:00,279.1000061035156,279.8500061035156,276.8500061035156,276.8500061035156,9358484,ONGC
2024-04-15 06:45:00+00:00,280.20001220703125,280.5,278.8500061035156,279.1499938964844,7289813,ONGC
2024-04-15 07:45:00+00:00,281.54998779296875,282.95001220703125,280.0,280.1000061035156,12575054,ONGC
2024-04-15 08:45:00+00:00,279.79998779296875,282.29998779296875,278.25,281.54998779296875,12220056,ONGC
2024-04-15 09:45:00+00:00,281.0,281.25,279.70001220703125,279.8500061035156,3848494,ONGC
2024-04-16 03:45:00+00:00,289.1000061035156,290.45001220703125,275.79998779296875,275.79998779296875,0,ONGC
2024-04-16 04:45:00+00:00,292.1000061035156,292.45001220703125,288.0,289.04998779296875,14448641,ONGC
2024-04-16 05:45:00+00:00,287.1000061035156,292.54998779296875,286.8500061035156,292.1000061035156,10899287,ONGC
2024-04-16 06:45:00+00:00,284.75,287.29998779296875,284.29998779296875,287.1000061035156,8693759,ONGC
2024-04-16 07:45:00+00:00,284.3500061035156,285.29998779296875,283.8999938964844,284.70001220703125,3421135,ONGC
2024-04-16 08:45:00+00:00,283.29998779296875,284.3999938964844,282.25,284.29998779296875,4891552,ONGC
2024-04-16 09:45:00+00:00,284.20001220703125,284.3500061035156,282.6499938964844,283.3999938964844,2240601,ONGC
2024-04-18 03:45:00+00:00,283.25,287.45001220703125,280.5,286.1000061035156,0,ONGC
2024-04-18 04:45:00+00:00,282.75,284.95001220703125,282.0,283.1000061035156,3865418,ONGC
2024-04-18 05:45:00+00:00,282.0,282.95001220703125,281.75,282.75,1637829,ONGC
2024-04-18 06:45:00+00:00,282.1000061035156,283.0,281.54998779296875,282.0,2248001,ONGC
2024-04-18 07:45:00+00:00,278.04998779296875,282.3999938964844,277.70001220703125,282.04998779296875,6188674,ONGC
2024-04-18 08:45:00+00:00,273.6499938964844,278.45001220703125,273.3500061035156,278.1499938964844,7947180,ONGC
2024-04-18 09:45:00+00:00,275.0,275.5,273.45001220703125,273.6499938964844,2311160,ONGC
2024-04-19 03:45:00+00:00,277.1499938964844,280.70001220703125,275.45001220703125,276.75,0,ONGC
2024-04-19 04:45:00+00:00,275.25,278.3500061035156,275.04998779296875,277.20001220703125,3750188,ONGC
2024-04-19 05:45:00+00:00,277.0,277.0,274.1000061035156,275.25,3282907,ONGC
2024-04-19 06:45:00+00:00,275.8999938964844,277.3999938964844,275.6000061035156,277.0,1713542,ONGC
2024-04-19 07:45:00+00:00,276.70001220703125,277.25,275.25,275.79998779296875,2121218,ONGC
2024-04-19 08:45:00+00:00,275.5,276.75,275.3500061035156,276.70001220703125,2880541,ONGC
2024-04-19 09:45:00+00:00,274.95001220703125,275.54998779296875,274.5,275.45001220703125,1609659,ONGC
2024-04-22 03:45:00+00:00,275.54998779296875,277.0,274.3999938964844,277.0,0,ONGC
2024-04-22 04:45:00+00:00,275.3999938964844,276.1499938964844,274.29998779296875,275.6499938964844,1869438,ONGC
2024-04-22 05:45:00+00:00,274.8500061035156,275.79998779296875,274.75,275.3999938964844,1030401,ONGC
2024-04-22 06:45:00+00:00,274.6499938964844,275.3500061035156,274.3999938964844,274.79998779296875,824842,ONGC
2024-04-22 07:45:00+00:00,274.3999938964844,275.0,274.20001220703125,274.6499938964844,652764,ONGC
2024-04-22 08:45:00+00:00,276.8500061035156,276.8999938964844,273.8999938964844,274.3500061035156,2280016,ONGC
2024-04-22 09:45:00+00:00,277.29998779296875,277.95001220703125,276.45001220703125,276.70001220703125,1932295,ONGC
2024-04-23 03:45:00+00:00,277.54998779296875,278.70001220703125,276.1499938964844,277.79998779296875,0,ONGC
2024-04-23 04:45:00+00:00,276.1000061035156,277.54998779296875,275.54998779296875,277.5,869353,ONGC
2024-04-23 05:45:00+00:00,276.3999938964844,276.5,275.70001220703125,276.20001220703125,505153,ONGC
2024-04-23 06:45:00+00:00,276.45001220703125,278.04998779296875,276.1499938964844,276.3999938964844,1515414,ONGC
2024-04-23 07:45:00+00:00,277.20001220703125,277.75,276.3999938964844,276.45001220703125,748277,ONGC
2024-04-23 08:45:00+00:00,276.8999938964844,277.6000061035156,276.6499938964844,277.29998779296875,1286967,ONGC
2024-04-23 09:45:00+00:00,276.75,276.95001220703125,276.5,276.8999938964844,778794,ONGC
2024-04-24 03:45:00+00:00,277.0,277.75,276.3500061035156,277.45001220703125,0,ONGC
2024-04-24 04:45:00+00:00,277.5,277.5,276.5,277.0,597097,ONGC
2024-04-24 05:45:00+00:00,278.04998779296875,279.3500061035156,277.45001220703125,277.45001220703125,1556854,ONGC
2024-04-24 06:45:00+00:00,278.70001220703125,279.1499938964844,277.79998779296875,278.1000061035156,1052808,ONGC
2024-04-24 07:45:00+00:00,280.1000061035156,280.3999938964844,278.5,278.6000061035156,1825017,ONGC
2024-04-24 08:45:00+00:00,279.5,280.20001220703125,278.95001220703125,280.1000061035156,2096171,ONGC
2024-04-24 09:45:00+00:00,278.6499938964844,279.6000061035156,278.25,279.45001220703125,873199,ONGC
2024-04-25 03:45:00+00:00,280.70001220703125,281.0,278.04998779296875,279.1499938964844,3998111,ONGC
2024-04-25 04:45:00+00:00,280.25,280.79998779296875,278.70001220703125,280.70001220703125,2023830,ONGC
2024-04-25 05:45:00+00:00,280.0,280.45001220703125,279.6499938964844,280.20001220703125,774398,ONGC
2024-04-25 06:45:00+00:00,280.3999938964844,280.79998779296875,279.6499938964844,280.0,1141055,ONGC
2024-04-25 07:45:00+00:00,281.1000061035156,281.5,280.3500061035156,280.3999938964844,2158363,ONGC
2024-04-25 08:45:00+00:00,281.79998779296875,281.95001220703125,280.95001220703125,281.1000061035156,4854254,ONGC
2024-04-25 09:45:00+00:00,282.29998779296875,282.6000061035156,281.75,281.79998779296875,2081324,ONGC
2024-04-26 03:45:00+00:00,283.6499938964844,284.3999938964844,282.45001220703125,283.04998779296875,0,ONGC
2024-04-26 04:45:00+00:00,284.6000061035156,286.1499938964844,282.29998779296875,283.54998779296875,2579642,ONGC
2024-04-26 05:45:00+00:00,285.0,285.3999938964844,284.25,284.79998779296875,931582,ONGC
2024-04-26 06:45:00+00:00,284.25,285.0,283.3500061035156,285.0,1258244,ONGC
2024-04-26 07:45:00+00:00,284.20001220703125,284.6000061035156,283.0,284.25,1002380,ONGC
2024-04-26 08:45:00+00:00,282.70001220703125,284.70001220703125,282.5,284.20001220703125,1749688,ONGC
2024-04-26 09:45:00+00:00,282.95001220703125,283.29998779296875,282.5,282.6499938964844,1057363,ONGC
2024-04-29 03:45:00+00:00,284.8500061035156,285.25,282.25,284.0,0,ONGC
2024-04-29 04:45:00+00:00,283.04998779296875,285.1499938964844,282.8500061035156,284.8500061035156,1143965,ONGC
2024-04-29 05:45:00+00:00,282.75,283.54998779296875,282.54998779296875,283.1000061035156,806971,ONGC
2024-04-29 06:45:00+00:00,282.54998779296875,283.0,282.1499938964844,282.75,708695,ONGC
2024-04-29 07:45:00+00:00,282.8999938964844,283.5,282.29998779296875,282.5,878885,ONGC
2024-04-29 08:45:00+00:00,283.3500061035156,283.70001220703125,282.6000061035156,282.8999938964844,1507647,ONGC
2024-04-29 09:45:00+00:00,283.5,283.6000061035156,282.95001220703125,283.3500061035156,613659,ONGC
2024-04-30 03:45:00+00:00,284.95001220703125,286.3500061035156,283.0,284.20001220703125,0,ONGC
2024-04-30 04:45:00+00:00,284.54998779296875,285.29998779296875,283.6499938964844,284.8999938964844,989058,ONGC
2024-04-30 05:45:00+00:00,285.3999938964844,285.70001220703125,284.1000061035156,284.45001220703125,752855,ONGC
2024-04-30 06:45:00+00:00,284.5,286.0,284.29998779296875,285.29998779296875,874207,ONGC
2024-04-30 07:45:00+00:00,284.45001220703125,285.29998779296875,284.29998779296875,284.45001220703125,737089,ONGC
2024-04-30 08:45:00+00:00,283.3500061035156,284.95001220703125,281.8999938964844,284.45001220703125,3103137,ONGC
2024-04-30 09:45:00+00:00,282.8500061035156,283.5,282.25,283.3999938964844,1092874,ONGC
2024-05-02 03:45:00+00:00,283.25,284.3999938964844,279.1000061035156,281.45001220703125,0,ONGC
2024-05-02 04:45:00+00:00,282.1000061035156,283.3999938964844,281.0,283.29998779296875,2848644,ONGC
2024-05-02 05:45:00+00:00,282.79998779296875,283.20001220703125,281.6499938964844,282.04998779296875,1094578,ONGC
2024-05-02 06:45:00+00:00,282.75,283.25,282.25,282.70001220703125,1172833,ONGC
2024-05-02 07:45:00+00:00,281.75,283.1499938964844,281.54998779296875,282.6499938964844,1154185,ONGC
2024-05-02 08:45:00+00:00,282.6000061035156,283.8500061035156,280.8500061035156,281.75,3935086,ONGC
2024-05-02 09:45:00+00:00,282.5,282.95001220703125,282.20001220703125,282.5,1148492,ONGC
2024-05-03 03:45:00+00:00,290.3999938964844,292.8999938964844,284.25,284.29998779296875,0,ONGC
2024-05-03 04:45:00+00:00,290.20001220703125,291.1000061035156,288.6499938964844,290.29998779296875,3672631,ONGC
2024-05-03 05:45:00+00:00,285.04998779296875,291.45001220703125,285.04998779296875,290.1000061035156,4514577,ONGC
2024-05-03 06:45:00+00:00,285.95001220703125,287.79998779296875,285.0,285.0,2870204,ONGC
2024-05-03 07:45:00+00:00,285.8500061035156,286.70001220703125,284.1000061035156,285.95001220703125,1658889,ONGC
2024-05-03 08:45:00+00:00,286.1499938964844,286.70001220703125,285.3999938964844,285.75,2174466,ONGC
2024-05-03 09:45:00+00:00,286.1000061035156,286.5,285.3999938964844,286.1499938964844,1217884,ONGC
2024-05-06 03:45:00+00:00,277.0,288.1499938964844,275.54998779296875,288.1499938964844,0,ONGC
2024-05-06 04:45:00+00:00,282.1000061035156,282.79998779296875,275.25,277.0,2791986,ONGC
2024-05-06 05:45:00+00:00,282.25,283.25,280.95001220703125,282.1499938964844,876172,ONGC
2024-05-06 06:45:00+00:00,280.1000061035156,282.29998779296875,279.79998779296875,282.29998779296875,811756,ONGC
2024-05-06 07:45:00+00:00,282.1000061035156,282.45001220703125,278.8500061035156,280.04998779296875,1900107,ONGC
2024-05-06 08:45:00+00:00,281.70001220703125,284.3500061035156,281.70001220703125,282.1000061035156,3371392,ONGC
2024-05-06 09:45:00+00:00,282.04998779296875,282.3500061035156,281.3999938964844,281.70001220703125,852881,ONGC
2024-05-07 03:45:00+00:00,281.70001220703125,285.0,281.20001220703125,283.8999938964844,0,ONGC
2024-05-07 04:45:00+00:00,277.54998779296875,281.70001220703125,277.45001220703125,281.5,1446458,ONGC
2024-05-07 05:45:00+00:00,276.1000061035156,277.6000061035156,275.54998779296875,277.45001220703125,2000494,ONGC
2024-05-07 06:45:00+00:00,274.6499938964844,276.8500061035156,274.54998779296875,276.04998779296875,1698156,ONGC
2024-05-07 07:45:00+00:00,275.79998779296875,276.6000061035156,274.5,274.54998779296875,2312004,ONGC
2024-05-07 08:45:00+00:00,273.3999938964844,275.79998779296875,273.20001220703125,275.79998779296875,2158889,ONGC
2024-05-07 09:45:00+00:00,273.5,274.0,272.6000061035156,273.3999938964844,1265639,ONGC
2024-05-08 03:45:00+00:00,276.79998779296875,277.95001220703125,272.79998779296875,273.3999938964844,0,ONGC
2024-05-08 04:45:00+00:00,276.3999938964844,277.6000061035156,274.6000061035156,276.8999938964844,1417890,ONGC
2024-05-08 05:45:00+00:00,278.70001220703125,278.75,275.79998779296875,276.3999938964844,885788,ONGC
2024-05-08 06:45:00+00:00,279.20001220703125,279.45001220703125,277.75,278.6000061035156,1744856,ONGC
2024-05-08 07:45:00+00:00,277.0,280.25,277.0,279.20001220703125,1757987,ONGC
2024-05-08 08:45:00+00:00,276.3999938964844,277.45001220703125,275.8999938964844,277.0,1407071,ONGC
2024-05-08 09:45:00+00:00,276.8500061035156,277.8500061035156,276.04998779296875,276.3999938964844,1073092,ONGC
2024-05-09 03:45:00+00:00,273.6499938964844,278.04998779296875,273.5,277.3500061035156,0,ONGC
2024-05-09 04:45:00+00:00,271.04998779296875,274.0,270.5,273.6499938964844,1661765,ONGC
2024-05-09 05:45:00+00:00,271.3500061035156,272.45001220703125,270.45001220703125,271.20001220703125,881836,ONGC
2024-05-09 06:45:00+00:00,269.75,272.1499938964844,269.3999938964844,271.3500061035156,1386152,ONGC
2024-05-09 07:45:00+00:00,268.54998779296875,269.8500061035156,266.6499938964844,269.75,2398305,ONGC
2024-05-09 08:45:00+00:00,265.1499938964844,268.6499938964844,265.1000061035156,268.54998779296875,4027235,ONGC
2024-05-09 09:45:00+00:00,266.20001220703125,266.25,263.25,265.1499938964844,2275607,ONGC
2024-05-10 03:45:00+00:00,269.54998779296875,269.6499938964844,264.5,267.29998779296875,0,ONGC
2024-05-10 04:45:00+00:00,268.8500061035156,270.04998779296875,267.75,269.5,1294353,ONGC
2024-05-10 05:45:00+00:00,268.8500061035156,270.0,268.5,268.79998779296875,792772,ONGC
2024-05-10 06:45:00+00:00,268.29998779296875,269.70001220703125,268.1499938964844,268.8500061035156,980030,ONGC
2024-05-10 07:45:00+00:00,269.6000061035156,270.20001220703125,268.04998779296875,268.25,1122837,ONGC
2024-05-10 08:45:00+00:00,269.8999938964844,271.20001220703125,269.04998779296875,269.75,1658431,ONGC
2024-05-10 09:45:00+00:00,269.95001220703125,270.3500061035156,269.70001220703125,269.79998779296875,587875,ONGC
2024-05-13 03:45:00+00:00,264.75,271.6000061035156,263.0,271.6000061035156,0,ONGC
2024-05-13 04:45:00+00:00,265.1499938964844,265.5,262.04998779296875,264.75,1423659,ONGC
2024-05-13 05:45:00+00:00,267.1000061035156,267.54998779296875,265.25,265.25,727433,ONGC
2024-05-13 06:45:00+00:00,267.1000061035156,267.70001220703125,266.20001220703125,267.25,745966,ONGC
2024-05-13 07:45:00+00:00,268.0,268.0,265.3500061035156,267.0,747699,ONGC
2024-05-13 08:45:00+00:00,266.20001220703125,268.1499938964844,266.20001220703125,268.0,1103553,ONGC
2024-05-13 09:45:00+00:00,266.8999938964844,267.95001220703125,266.1499938964844,266.3500061035156,460622,ONGC
2024-05-14 03:45:00+00:00,267.3999938964844,271.25,266.79998779296875,268.1000061035156,0,ONGC
2024-05-14 04:45:00+00:00,268.6000061035156,268.8999938964844,266.5,267.3999938964844,601599,ONGC
2024-05-14 05:45:00+00:00,267.3999938964844,268.79998779296875,267.04998779296875,268.6000061035156,637043,ONGC
2024-05-14 06:45:00+00:00,268.75,269.95001220703125,267.04998779296875,267.45001220703125,1123128,ONGC
2024-05-14 07:45:00+00:00,269.54998779296875,269.8500061035156,268.29998779296875,268.95001220703125,824779,ONGC
2024-05-14 08:45:00+00:00,273.1000061035156,273.29998779296875,268.79998779296875,269.5,2174866,ONGC
2024-05-14 09:45:00+00:00,274.45001220703125,274.6499938964844,271.95001220703125,272.8999938964844,1559304,ONGC
2024-05-15 03:45:00+00:00,273.8500061035156,276.0,272.79998779296875,274.95001220703125,0,ONGC
2024-05-15 04:45:00+00:00,274.3999938964844,274.8500061035156,272.54998779296875,273.79998779296875,690050,ONGC
2024-05-15 05:45:00+00:00,274.45001220703125,274.79998779296875,273.5,274.3999938964844,366858,ONGC
2024-05-15 06:45:00+00:00,273.8500061035156,274.70001220703125,273.6499938964844,274.45001220703125,345837,ONGC
2024-05-15 07:45:00+00:00,274.3500061035156,274.5,273.3999938964844,273.8999938964844,385970,ONGC
2024-05-15 08:45:00+00:00,273.3500061035156,275.0,273.25,274.3500061035156,949712,ONGC
2024-05-15 09:45:00+00:00,273.45001220703125,273.45001220703125,272.8999938964844,273.3500061035156,746541,ONGC
2024-05-16 03:45:00+00:00,276.20001220703125,279.29998779296875,275.29998779296875,276.0,3830513,ONGC
2024-05-16 04:45:00+00:00,274.79998779296875,276.75,274.29998779296875,276.25,2325502,ONGC
2024-05-16 05:45:00+00:00,276.1499938964844,276.1499938964844,274.0,274.8500061035156,2296246,ONGC
2024-05-16 06:45:00+00:00,274.75,276.20001220703125,274.5,276.20001220703125,1265529,ONGC
2024-05-16 07:45:00+00:00,274.3500061035156,275.54998779296875,273.8999938964844,274.75,3318993,ONGC
2024-05-16 08:45:00+00:00,277.45001220703125,278.25,274.29998779296875,274.29998779296875,9338098,ONGC
2024-05-16 09:45:00+00:00,276.5,278.29998779296875,276.25,277.5,1376661,ONGC
2024-05-17 03:45:00+00:00,278.8500061035156,283.3500061035156,277.3500061035156,278.1000061035156,0,ONGC
2024-05-17 04:45:00+00:00,278.3999938964844,278.95001220703125,277.20001220703125,278.75,1269746,ONGC
2024-05-17 05:45:00+00:00,277.0,278.6000061035156,277.0,278.20001220703125,965785,ONGC
2024-05-17 06:45:00+00:00,277.29998779296875,277.6000061035156,276.6000061035156,277.1000061035156,842422,ONGC
2024-05-17 07:45:00+00:00,278.8999938964844,279.20001220703125,277.25,277.3500061035156,1194205,ONGC
2024-05-17 08:45:00+00:00,277.5,278.8999938964844,277.0,278.8500061035156,1760002,ONGC
2024-05-17 09:45:00+00:00,277.79998779296875,277.8500061035156,277.1499938964844,277.3999938964844,992975,ONGC
2024-05-21 03:45:00+00:00,280.3999938964844,284.0,278.3500061035156,282.0,5663074,ONGC
2024-05-21 04:45:00+00:00,280.3500061035156,281.70001220703125,279.5,280.3500061035156,1558729,ONGC
2024-05-21 05:45:00+00:00,279.20001220703125,280.75,278.6000061035156,280.3999938964844,1592885,ONGC
2024-05-21 06:45:00+00:00,279.95001220703125,280.5,279.04998779296875,279.20001220703125,1606408,ONGC
2024-05-21 07:45:00+00:00,279.45001220703125,280.5,279.45001220703125,279.8999938964844,1200211,ONGC
2024-05-21 08:45:00+00:00,279.8999938964844,280.54998779296875,279.0,279.45001220703125,2521308,ONGC
2024-05-21 09:45:00+00:00,280.1000061035156,280.45001220703125,279.75,279.8999938964844,1400642,ONGC
2024-05-22 03:45:00+00:00,280.8500061035156,283.6499938964844,277.45001220703125,283.6499938964844,0,ONGC
2024-05-22 04:45:00+00:00,279.3999938964844,282.1000061035156,279.20001220703125,280.8999938964844,2278738,ONGC
2024-05-22 05:45:00+00:00,279.25,280.0,278.79998779296875,279.3999938964844,1170288,ONGC
2024-05-22 06:45:00+00:00,278.1499938964844,279.8999938964844,277.95001220703125,279.25,1410012,ONGC
2024-05-22 07:45:00+00:00,277.3999938964844,278.3999938964844,276.8999938964844,278.25,1987486,ONGC
2024-05-22 08:45:00+00:00,278.1499938964844,278.3500061035156,277.1000061035156,277.3999938964844,2516430,ONGC
2024-05-22 09:45:00+00:00,278.6000061035156,278.8999938964844,277.5,278.1499938964844,1461609,ONGC
2024-05-23 03:45:00+00:00,281.1499938964844,282.04998779296875,279.1000061035156,279.5,0,ONGC
2024-05-23 04:45:00+00:00,280.95001220703125,282.75,280.5,281.20001220703125,2324784,ONGC
2024-05-23 05:45:00+00:00,280.8500061035156,281.1000061035156,280.20001220703125,280.8999938964844,1330596,ONGC
2024-05-23 06:45:00+00:00,281.1499938964844,281.95001220703125,280.45001220703125,280.79998779296875,1884139,ONGC
2024-05-23 07:45:00+00:00,281.95001220703125,282.1000061035156,280.79998779296875,281.1000061035156,2730182,ONGC
2024-05-23 08:45:00+00:00,283.75,284.45001220703125,281.45001220703125,281.8999938964844,4642347,ONGC
2024-05-23 09:45:00+00:00,283.1000061035156,283.8999938964844,282.79998779296875,283.6000061035156,974351,ONGC
2024-05-24 03:45:00+00:00,282.6499938964844,284.79998779296875,281.8999938964844,284.79998779296875,2554952,ONGC
2024-05-24 04:45:00+00:00,283.70001220703125,285.3500061035156,282.6000061035156,282.8999938964844,2209745,ONGC
2024-05-24 05:45:00+00:00,284.1499938964844,284.45001220703125,283.3999938964844,283.6499938964844,848447,ONGC
2024-05-24 06:45:00+00:00,284.3500061035156,285.95001220703125,283.5,284.20001220703125,1688097,ONGC
2024-05-24 07:45:00+00:00,284.45001220703125,285.25,284.29998779296875,284.3999938964844,1171424,ONGC
2024-05-24 08:45:00+00:00,283.54998779296875,285.20001220703125,282.75,284.6000061035156,1845659,ONGC
2024-05-24 09:45:00+00:00,282.70001220703125,283.5,282.3999938964844,283.5,718814,ONGC
2024-05-27 03:45:00+00:00,277.1499938964844,283.95001220703125,276.0,283.95001220703125,0,ONGC
2024-05-27 04:45:00+00:00,276.8999938964844,277.3500061035156,275.8500061035156,277.1499938964844,1873118,ONGC
2024-05-27 05:45:00+00:00,277.5,277.8500061035156,276.79998779296875,276.8999938964844,1416032,ONGC
2024-05-27 06:45:00+00:00,278.0,278.20001220703125,277.3500061035156,277.5,1076161,ONGC
2024-05-27 07:45:00+00:00,278.3500061035156,278.54998779296875,277.8999938964844,278.0,1000323,ONGC
2024-05-27 08:45:00+00:00,277.75,278.75,277.0,278.20001220703125,2324944,ONGC
2024-05-27 09:45:00+00:00,278.20001220703125,278.25,277.29998779296875,277.6499938964844,744311,ONGC
2024-05-28 03:45:00+00:00,276.6000061035156,278.95001220703125,276.25,278.95001220703125,0,ONGC
2024-05-28 04:45:00+00:00,276.70001220703125,277.6000061035156,276.3500061035156,276.6000061035156,562424,ONGC
2024-05-28 05:45:00+00:00,274.6000061035156,276.8999938964844,274.6000061035156,276.75,932632,ONGC
2024-05-28 06:45:00+00:00,275.1000061035156,275.3500061035156,273.1000061035156,274.6499938964844,1169833,ONGC
2024-05-28 07:45:00+00:00,274.8500061035156,275.70001220703125,274.5,275.1000061035156,670863,ONGC
2024-05-28 08:45:00+00:00,274.20001220703125,275.20001220703125,274.1499938964844,274.8500061035156,1060004,ONGC
2024-05-28 09:45:00+00:00,274.20001220703125,274.29998779296875,273.75,274.20001220703125,704467,ONGC
2024-05-29 03:45:00+00:00,271.0,273.79998779296875,270.29998779296875,273.6499938964844,0,ONGC
2024-05-29 04:45:00+00:00,270.8500061035156,271.75,270.6000061035156,271.0,826975,ONGC
2024-05-29 05:45:00+00:00,271.3500061035156,271.8500061035156,270.54998779296875,270.8500061035156,662062,ONGC
2024-05-29 06:45:00+00:00,272.0,272.20001220703125,271.0,271.3500061035156,759101,ONGC
2024-05-29 07:45:00+00:00,272.1000061035156,272.6499938964844,271.5,272.04998779296875,875507,ONGC
2024-05-29 08:45:00+00:00,271.3999938964844,272.1499938964844,271.0,272.0,1272925,ONGC
2024-05-29 09:45:00+00:00,273.25,273.25,271.29998779296875,271.3999938964844,1137998,ONGC
2024-05-30 03:45:00+00:00,271.20001220703125,275.1000061035156,271.1000061035156,272.95001220703125,0,ONGC
2024-05-30 04:45:00+00:00,271.3999938964844,272.95001220703125,271.0,271.20001220703125,1060103,ONGC
2024-05-30 05:45:00+00:00,270.29998779296875,271.54998779296875,270.1000061035156,271.3500061035156,959425,ONGC
2024-05-30 06:45:00+00:00,269.29998779296875,270.3999938964844,268.5,270.29998779296875,1995571,ONGC
2024-05-30 07:45:00+00:00,268.20001220703125,269.70001220703125,268.1000061035156,269.45001220703125,1190932,ONGC
2024-05-30 08:45:00+00:00,266.45001220703125,268.45001220703125,265.04998779296875,268.29998779296875,5046463,ONGC
2024-05-30 09:45:00+00:00,267.3500061035156,267.3500061035156,266.1000061035156,266.54998779296875,1844352,ONGC
2024-05-31 03:45:00+00:00,264.1499938964844,268.3999938964844,264.0,267.54998779296875,2931851,ONGC
2024-05-31 04:45:00+00:00,264.5,265.3500061035156,263.04998779296875,264.04998779296875,1900620,ONGC
2024-05-31 05:45:00+00:00,265.0,265.25,264.3999938964844,264.70001220703125,742987,ONGC
2024-05-31 06:45:00+00:00,265.75,265.8500061035156,264.6000061035156,265.0,1689479,ONGC
2024-05-31 07:45:00+00:00,268.0,268.45001220703125,265.6000061035156,265.75,2111689,ONGC
2024-05-31 08:45:00+00:00,264.3999938964844,268.1499938964844,263.25,267.8999938964844,8176257,ONGC
2024-05-31 09:45:00+00:00,265.54998779296875,265.70001220703125,263.8999938964844,264.5,6611947,ONGC
2024-06-03 03:45:00+00:00,279.6000061035156,279.75,273.45001220703125,276.3999938964844,0,ONGC
2024-06-03 04:45:00+00:00,278.8500061035156,281.5,277.6499938964844,279.75,5259602,ONGC
2024-06-03 05:45:00+00:00,278.5,279.3500061035156,278.1499938964844,278.8500061035156,1964332,ONGC
2024-06-03 06:45:00+00:00,284.1000061035156,284.70001220703125,278.1000061035156,278.6000061035156,4589724,ONGC
2024-06-03 07:45:00+00:00,283.45001220703125,284.6000061035156,282.29998779296875,284.20001220703125,3677839,ONGC
2024-06-03 08:45:00+00:00,284.29998779296875,286.54998779296875,283.6499938964844,283.79998779296875,6192537,ONGC
2024-06-03 09:45:00+00:00,283.8999938964844,284.3999938964844,283.6499938964844,284.25,1422743,ONGC
2024-06-04 03:45:00+00:00,268.75,284.29998779296875,262.20001220703125,284.29998779296875,0,ONGC
2024-06-04 04:45:00+00:00,255.6999969482422,268.95001220703125,255.6999969482422,268.70001220703125,7554180,ONGC
2024-06-04 05:45:00+00:00,228.4499969482422,255.6999969482422,228.25,255.6999969482422,11412046,ONGC
2024-06-04 06:45:00+00:00,241.25,242.3000030517578,224.5500030517578,228.4499969482422,11657931,ONGC
2024-06-04 07:45:00+00:00,239.75,251.1999969482422,238.85000610351562,241.1999969482422,13315812,ONGC
2024-06-04 08:45:00+00:00,238.64999389648438,240.89999389648438,233.0,239.60000610351562,12288430,ONGC
2024-06-04 09:45:00+00:00,238.0,238.75,235.0,238.75,3975943,ONGC
2024-06-05 03:45:00+00:00,233.64999389648438,246.5,231.5500030517578,244.6999969482422,0,ONGC
2024-06-05 04:45:00+00:00,240.0,240.6999969482422,230.5500030517578,233.6999969482422,4979069,ONGC
2024-06-05 05:45:00+00:00,242.3000030517578,245.60000610351562,238.9499969482422,239.9499969482422,8100751,ONGC
2024-06-05 06:45:00+00:00,246.0500030517578,246.10000610351562,241.6999969482422,242.1999969482422,3528979,ONGC
2024-06-05 07:45:00+00:00,246.8000030517578,249.75,245.6999969482422,246.0500030517578,4169025,ONGC
2024-06-05 08:45:00+00:00,247.60000610351562,248.5500030517578,246.0,246.8000030517578,4328190,ONGC
2024-06-05 09:45:00+00:00,248.0,248.0,246.35000610351562,247.64999389648438,1732267,ONGC
2024-06-06 03:45:00+00:00,256.8999938964844,259.0,250.39999389648438,252.10000610351562,0,ONGC
2024-06-06 04:45:00+00:00,259.20001220703125,259.5,256.3999938964844,256.95001220703125,4628624,ONGC
2024-06-06 05:45:00+00:00,253.5500030517578,259.20001220703125,253.35000610351562,259.1499938964844,4373628,ONGC
2024-06-06 06:45:00+00:00,252.0500030517578,254.10000610351562,251.0,253.4499969482422,2836792,ONGC
2024-06-06 07:45:00+00:00,251.8000030517578,253.75,251.3000030517578,252.0,3336671,ONGC
2024-06-06 08:45:00+00:00,252.14999389648438,252.3000030517578,249.3000030517578,251.75,5888506,ONGC
2024-06-06 09:45:00+00:00,253.64999389648438,253.6999969482422,252.1999969482422,252.1999969482422,2649163,ONGC
2024-06-07 03:45:00+00:00,256.6000061035156,257.5,252.25,252.85000610351562,0,ONGC
2024-06-07 04:45:00+00:00,255.39999389648438,258.20001220703125,254.6999969482422,256.54998779296875,3348689,ONGC
2024-06-07 05:45:00+00:00,255.60000610351562,256.1499938964844,254.75,255.4499969482422,1834925,ONGC
2024-06-07 06:45:00+00:00,256.1499938964844,257.0,255.0,255.6999969482422,2191150,ONGC
2024-06-07 07:45:00+00:00,257.8500061035156,257.95001220703125,255.8000030517578,256.1499938964844,2507765,ONGC
2024-06-07 08:45:00+00:00,260.3999938964844,260.79998779296875,257.6499938964844,257.70001220703125,5125418,ONGC
2024-06-07 09:45:00+00:00,260.6000061035156,260.70001220703125,260.29998779296875,260.3999938964844,1918605,ONGC
2024-06-10 03:45:00+00:00,261.3999938964844,263.5,259.5,262.70001220703125,0,ONGC
2024-06-10 04:45:00+00:00,260.6000061035156,262.45001220703125,260.25,261.5,1582366,ONGC
2024-06-10 05:45:00+00:00,260.1499938964844,260.8500061035156,260.1000061035156,260.70001220703125,1015739,ONGC
2024-06-10 06:45:00+00:00,260.70001220703125,261.20001220703125,260.1499938964844,260.1499938964844,1183144,ONGC
2024-06-10 07:45:00+00:00,260.8999938964844,261.0,260.5,260.75,1225071,ONGC
2024-06-10 08:45:00+00:00,259.29998779296875,260.8999938964844,258.04998779296875,260.8500061035156,3375570,ONGC
2024-06-10 09:45:00+00:00,259.0,259.5,258.45001220703125,259.20001220703125,1243083,ONGC
2024-06-11 03:45:00+00:00,269.70001220703125,271.1499938964844,265.54998779296875,267.20001220703125,3558060,ONGC
2024-06-11 04:45:00+00:00,268.8999938964844,270.1000061035156,267.6499938964844,269.75,4099256,ONGC
2024-06-11 05:45:00+00:00,269.04998779296875,269.29998779296875,268.04998779296875,268.8999938964844,1837200,ONGC
2024-06-11 06:45:00+00:00,272.25,272.29998779296875,268.79998779296875,269.04998779296875,6098990,ONGC
2024-06-11 07:45:00+00:00,274.1499938964844,275.0,271.6000061035156,272.25,8357149,ONGC
2024-06-11 08:45:00+00:00,273.5,274.20001220703125,272.20001220703125,274.1499938964844,6490139,ONGC
2024-06-11 09:45:00+00:00,273.8999938964844,274.20001220703125,273.1000061035156,273.6000061035156,2690478,ONGC
2024-06-12 03:45:00+00:00,276.6499938964844,279.0,274.75,276.25,0,ONGC
2024-06-12 04:45:00+00:00,277.0,277.70001220703125,275.8500061035156,276.6499938964844,2962670,ONGC
2024-06-12 05:45:00+00:00,276.6000061035156,277.3500061035156,276.25,277.0,2283074,ONGC
2024-06-12 06:45:00+00:00,277.20001220703125,278.1499938964844,276.5,276.6000061035156,1557481,ONGC
2024-06-12 07:45:00+00:00,276.6000061035156,277.6499938964844,276.45001220703125,277.20001220703125,1744191,ONGC
2024-06-12 08:45:00+00:00,275.29998779296875,277.1499938964844,275.20001220703125,276.6000061035156,2450519,ONGC
2024-06-12 09:45:00+00:00,275.5,275.79998779296875,275.04998779296875,275.29998779296875,1239340,ONGC
2024-06-13 03:45:00+00:00,274.3500061035156,277.20001220703125,272.54998779296875,276.75,0,ONGC
2024-06-13 04:45:00+00:00,274.1000061035156,275.20001220703125,273.95001220703125,274.29998779296875,1851536,ONGC
2024-06-13 05:45:00+00:00,274.6499938964844,274.79998779296875,273.1000061035156,274.20001220703125,1028498,ONGC
2024-06-13 06:45:00+00:00,274.79998779296875,275.0,274.3999938964844,274.70001220703125,807116,ONGC
2024-06-13 07:45:00+00:00,274.5,274.8500061035156,274.1000061035156,274.75,954331,ONGC
2024-06-13 08:45:00+00:00,276.75,277.0,274.1000061035156,274.5,4313882,ONGC
2024-06-13 09:45:00+00:00,276.8999938964844,277.45001220703125,276.25,276.75,2299566,ONGC
2024-06-14 03:45:00+00:00,276.70001220703125,278.1499938964844,275.1000061035156,277.20001220703125,0,ONGC
2024-06-14 04:45:00+00:00,276.0,277.0,276.0,276.70001220703125,1182096,ONGC
2024-06-14 05:45:00+00:00,275.8999938964844,276.5,275.75,276.04998779296875,837242,ONGC
2024-06-14 06:45:00+00:00,276.0,276.1499938964844,275.5,276.0,878493,ONGC
2024-06-14 07:45:00+00:00,275.6499938964844,276.1499938964844,275.5,276.1000061035156,1314190,ONGC
2024-06-14 08:45:00+00:00,275.6000061035156,275.8500061035156,274.6000061035156,275.6499938964844,2220337,ONGC
2024-06-14 09:45:00+00:00,275.5,275.79998779296875,274.79998779296875,275.6499938964844,1090752,ONGC
2024-06-18 03:45:00+00:00,275.3999938964844,278.8500061035156,275.1000061035156,278.3500061035156,0,ONGC
2024-06-18 04:45:00+00:00,275.70001220703125,276.1499938964844,274.0,275.3999938964844,2740189,ONGC
2024-06-18 05:45:00+00:00,275.25,275.79998779296875,274.70001220703125,275.70001220703125,1416965,ONGC
2024-06-18 06:45:00+00:00,275.20001220703125,275.75,275.04998779296875,275.25,843681,ONGC
2024-06-18 07:45:00+00:00,274.45001220703125,275.29998779296875,274.3500061035156,275.25,1299733,ONGC
2024-06-18 08:45:00+00:00,275.70001220703125,276.0,274.25,274.6000061035156,4219618,ONGC
2024-06-18 09:45:00+00:00,275.8500061035156,276.0,275.6000061035156,275.79998779296875,1412450,ONGC
2024-06-19 03:45:00+00:00,274.79998779296875,276.6000061035156,273.1499938964844,276.29998779296875,0,ONGC
2024-06-19 04:45:00+00:00,273.75,274.8999938964844,272.95001220703125,274.79998779296875,1400454,ONGC
2024-06-19 05:45:00+00:00,273.8999938964844,274.1499938964844,272.8500061035156,273.70001220703125,1030862,ONGC
2024-06-19 06:45:00+00:00,272.70001220703125,274.0,272.54998779296875,274.0,1184796,ONGC
2024-06-19 07:45:00+00:00,271.6499938964844,272.70001220703125,271.5,272.70001220703125,2537285,ONGC
2024-06-19 08:45:00+00:00,271.29998779296875,272.70001220703125,271.1000061035156,271.54998779296875,2714711,ONGC
2024-06-19 09:45:00+00:00,271.6000061035156,271.8999938964844,271.25,271.3999938964844,771968,ONGC
2024-06-20 03:45:00+00:00,272.1499938964844,273.3999938964844,269.1499938964844,271.70001220703125,0,ONGC
2024-06-20 04:45:00+00:00,273.25,274.0,272.1000061035156,272.1499938964844,1230019,ONGC
2024-06-20 05:45:00+00:00,272.70001220703125,273.70001220703125,271.70001220703125,273.29998779296875,1728912,ONGC
2024-06-20 06:45:00+00:00,272.70001220703125,273.3999938964844,271.95001220703125,272.75,1060751,ONGC
2024-06-20 07:45:00+00:00,271.1499938964844,273.5,270.5,272.79998779296875,2204743,ONGC
2024-06-20 08:45:00+00:00,271.8500061035156,272.5,270.8999938964844,271.1000061035156,2111780,ONGC
2024-06-20 09:45:00+00:00,272.1000061035156,272.20001220703125,271.70001220703125,271.95001220703125,936840,ONGC
2024-06-21 03:45:00+00:00,273.8999938964844,274.70001220703125,270.1000061035156,271.3999938964844,0,ONGC
2024-06-21 04:45:00+00:00,272.95001220703125,274.3999938964844,272.20001220703125,273.95001220703125,1407747,ONGC
2024-06-21 05:45:00+00:00,272.6499938964844,272.95001220703125,271.8999938964844,272.95001220703125,890080,ONGC
2024-06-21 06:45:00+00:00,270.79998779296875,272.6000061035156,269.8500061035156,272.6000061035156,1376581,ONGC
2024-06-21 07:45:00+00:00,271.8500061035156,272.54998779296875,270.54998779296875,270.8500061035156,1499939,ONGC
2024-06-21 08:45:00+00:00,269.25,271.8999938964844,269.25,271.8999938964844,4364920,ONGC
2024-06-21 09:45:00+00:00,269.8500061035156,270.1499938964844,269.0,269.29998779296875,3378044,ONGC
2024-06-24 03:45:00+00:00,268.70001220703125,269.0,266.6000061035156,269.0,0,ONGC
2024-06-24 04:45:00+00:00,270.3500061035156,270.79998779296875,268.6000061035156,268.70001220703125,1218545,ONGC
2024-06-24 05:45:00+00:00,270.3999938964844,271.25,269.79998779296875,270.29998779296875,985588,ONGC
2024-06-24 06:45:00+00:00,270.04998779296875,270.45001220703125,269.3999938964844,270.3999938964844,570749,ONGC
2024-06-24 07:45:00+00:00,269.79998779296875,270.1499938964844,269.5,270.0,539957,ONGC
2024-06-24 08:45:00+00:00,270.0,270.1000061035156,268.79998779296875,269.79998779296875,1058452,ONGC
2024-06-24 09:45:00+00:00,270.04998779296875,270.1499938964844,269.75,270.1000061035156,444638,ONGC
2024-06-25 03:45:00+00:00,268.6000061035156,270.5,268.6000061035156,270.0,0,ONGC
2024-06-25 04:45:00+00:00,266.8500061035156,268.79998779296875,266.3999938964844,268.79998779296875,3689444,ONGC
2024-06-25 05:45:00+00:00,265.75,266.8999938964844,265.3500061035156,266.8999938964844,3241900,ONGC
2024-06-25 06:45:00+00:00,266.3500061035156,266.3500061035156,265.54998779296875,265.75,1110623,ONGC
2024-06-25 07:45:00+00:00,267.0,267.20001220703125,265.8999938964844,266.29998779296875,1264329,ONGC
2024-06-25 08:45:00+00:00,267.0,267.1000061035156,266.04998779296875,267.0,1958470,ONGC
2024-06-25 09:45:00+00:00,267.04998779296875,267.29998779296875,266.8999938964844,267.0,899647,ONGC
2024-06-26 03:45:00+00:00,265.04998779296875,266.8500061035156,264.1000061035156,266.8500061035156,0,ONGC
2024-06-26 04:45:00+00:00,264.8500061035156,266.3999938964844,264.5,265.0,1571422,ONGC
2024-06-26 05:45:00+00:00,268.0,269.04998779296875,264.79998779296875,264.8500061035156,1464864,ONGC
2024-06-26 06:45:00+00:00,267.5,268.29998779296875,266.8999938964844,268.04998779296875,1524221,ONGC
2024-06-26 07:45:00+00:00,267.45001220703125,268.0,267.20001220703125,267.54998779296875,936925,ONGC
2024-06-26 08:45:00+00:00,267.8500061035156,268.0,266.6499938964844,267.45001220703125,1706162,ONGC
2024-06-26 09:45:00+00:00,267.75,268.1000061035156,267.75,267.8500061035156,983152,ONGC
2024-06-27 03:45:00+00:00,266.95001220703125,267.54998779296875,265.70001220703125,266.45001220703125,0,ONGC
2024-06-27 04:45:00+00:00,266.45001220703125,268.0,266.0,267.04998779296875,1620173,ONGC
2024-06-27 05:45:00+00:00,266.75,266.75,265.79998779296875,266.3999938964844,1101340,ONGC
2024-06-27 06:45:00+00:00,266.1000061035156,266.95001220703125,265.6499938964844,266.75,2117096,ONGC
2024-06-27 07:45:00+00:00,264.0,266.25,263.6000061035156,266.1499938964844,2392680,ONGC
2024-06-27 08:45:00+00:00,267.8500061035156,268.0,263.6000061035156,263.95001220703125,9202322,ONGC
2024-06-27 09:45:00+00:00,267.8999938964844,268.1000061035156,267.0,267.75,4384617,ONGC
2024-06-28 03:45:00+00:00,271.8500061035156,273.54998779296875,268.75,268.75,0,ONGC
2024-06-28 04:45:00+00:00,275.25,275.3999938964844,271.6000061035156,271.8999938964844,3447771,ONGC
2024-06-28 05:45:00+00:00,273.8999938964844,275.45001220703125,273.54998779296875,275.3500061035156,2620223,ONGC
2024-06-28 06:45:00+00:00,274.70001220703125,274.79998779296875,272.79998779296875,273.95001220703125,1853829,ONGC
2024-06-28 07:45:00+00:00,274.54998779296875,274.79998779296875,273.79998779296875,274.70001220703125,1420634,ONGC
2024-06-28 08:45:00+00:00,273.95001220703125,275.1000061035156,273.79998779296875,274.6000061035156,3345215,ONGC
2024-06-28 09:45:00+00:00,274.45001220703125,275.20001220703125,273.45001220703125,273.79998779296875,2483321,ONGC
2024-07-01 03:45:00+00:00,273.20001220703125,275.5,272.1499938964844,275.0,0,ONGC
2024-07-01 04:45:00+00:00,274.1000061035156,274.45001220703125,273.20001220703125,273.20001220703125,1468059,ONGC
2024-07-01 05:45:00+00:00,272.54998779296875,274.29998779296875,272.5,274.0,1304111,ONGC
2024-07-01 06:45:00+00:00,272.54998779296875,273.6499938964844,271.6000061035156,272.54998779296875,1875600,ONGC
2024-07-01 07:45:00+00:00,272.3999938964844,272.79998779296875,272.1000061035156,272.6499938964844,1135897,ONGC
2024-07-01 08:45:00+00:00,272.95001220703125,273.25,272.04998779296875,272.3999938964844,2062704,ONGC
2024-07-01 09:45:00+00:00,273.04998779296875,273.3500061035156,272.70001220703125,272.8999938964844,971095,ONGC
2024-07-02 03:45:00+00:00,277.5,279.75,274.0,274.0,0,ONGC
2024-07-02 04:45:00+00:00,276.1499938964844,277.6000061035156,275.29998779296875,277.54998779296875,2682901,ONGC
2024-07-02 05:45:00+00:00,273.75,276.1499938964844,273.6499938964844,276.1000061035156,1941825,ONGC
2024-07-02 06:45:00+00:00,272.70001220703125,274.45001220703125,271.54998779296875,273.8500061035156,2524204,ONGC
2024-07-02 07:45:00+00:00,273.8999938964844,274.3500061035156,272.54998779296875,272.79998779296875,1604250,ONGC
2024-07-02 08:45:00+00:00,274.04998779296875,275.54998779296875,273.79998779296875,273.8999938964844,2981812,ONGC
2024-07-02 09:45:00+00:00,275.6499938964844,275.8999938964844,273.79998779296875,274.1000061035156,1997749,ONGC
2024-07-03 03:45:00+00:00,274.70001220703125,276.70001220703125,274.25,276.70001220703125,0,ONGC
2024-07-03 04:45:00+00:00,275.5,276.79998779296875,274.6000061035156,274.8500061035156,1383775,ONGC
2024-07-03 05:45:00+00:00,275.8999938964844,276.25,275.1000061035156,275.5,751799,ONGC
2024-07-03 06:45:00+00:00,275.8500061035156,276.29998779296875,275.6499938964844,276.0,751304,ONGC
2024-07-03 07:45:00+00:00,275.25,276.29998779296875,275.0,275.8500061035156,1126976,ONGC
2024-07-03 08:45:00+00:00,274.75,275.20001220703125,274.0,275.20001220703125,2094017,ONGC
2024-07-03 09:45:00+00:00,274.70001220703125,275.3999938964844,274.54998779296875,274.75,0,ONGC
2024-07-04 03:45:00+00:00,274.6499938964844,276.29998779296875,274.29998779296875,275.95001220703125,2262493,ONGC
2024-07-04 04:45:00+00:00,274.1000061035156,274.75,273.1000061035156,274.6499938964844,1187362,ONGC
2024-07-04 05:45:00+00:00,275.20001220703125,275.20001220703125,274.1499938964844,274.1499938964844,743324,ONGC
2024-07-04 06:45:00+00:00,275.1499938964844,275.8500061035156,275.04998779296875,275.20001220703125,993586,ONGC
2024-07-04 07:45:00+00:00,276.1000061035156,277.1000061035156,275.1000061035156,275.1000061035156,1988838,ONGC
2024-07-04 08:45:00+00:00,275.20001220703125,276.5,274.3999938964844,276.29998779296875,1782114,ONGC
2024-07-04 09:45:00+00:00,277.75,278.8500061035156,275.1000061035156,275.20001220703125,4484171,ONGC
2024-07-05 03:45:00+00:00,282.79998779296875,282.79998779296875,277.3500061035156,277.54998779296875,0,ONGC
2024-07-05 04:45:00+00:00,283.6000061035156,284.5,281.6499938964844,282.70001220703125,6752948,ONGC
2024-07-05 05:45:00+00:00,287.79998779296875,288.0,283.54998779296875,283.54998779296875,8260118,ONGC
2024-07-05 06:45:00+00:00,287.20001220703125,289.20001220703125,287.04998779296875,287.8999938964844,5758272,ONGC
2024-07-05 07:45:00+00:00,287.75,288.25,286.0,287.1499938964844,4195444,ONGC
2024-07-05 08:45:00+00:00,288.0,288.0,286.5,287.75,4787471,ONGC
2024-07-05 09:45:00+00:00,288.54998779296875,289.20001220703125,287.70001220703125,287.95001220703125,3245341,ONGC
2024-07-08 03:45:00+00:00,288.6499938964844,292.95001220703125,287.3999938964844,290.79998779296875,0,ONGC
2024-07-08 04:45:00+00:00,289.0,290.3999938964844,287.54998779296875,288.6499938964844,2912919,ONGC
2024-07-08 05:45:00+00:00,293.8500061035156,296.29998779296875,289.1000061035156,289.1000061035156,9216127,ONGC
2024-07-08 06:45:00+00:00,295.20001220703125,296.5,292.6000061035156,293.8500061035156,5148181,ONGC
2024-07-08 07:45:00+00:00,298.0,298.0,293.1000061035156,295.29998779296875,4154145,ONGC
2024-07-08 08:45:00+00:00,298.6000061035156,303.0,297.3999938964844,298.1499938964844,19567260,ONGC
2024-07-08 09:45:00+00:00,300.1499938964844,300.5,298.1000061035156,298.6000061035156,2945956,ONGC
2024-07-09 03:45:00+00:00,296.3999938964844,301.8500061035156,295.54998779296875,300.79998779296875,7440264,ONGC
2024-07-09 04:45:00+00:00,296.3500061035156,297.3999938964844,293.3500061035156,296.45001220703125,3225756,ONGC
2024-07-09 05:45:00+00:00,295.70001220703125,296.6499938964844,295.70001220703125,296.1499938964844,1108057,ONGC
2024-07-09 06:45:00+00:00,297.95001220703125,298.29998779296875,295.6499938964844,295.75,1708648,ONGC
2024-07-09 07:45:00+00:00,297.04998779296875,298.6000061035156,296.0,297.79998779296875,1431837,ONGC
2024-07-09 08:45:00+00:00,296.8999938964844,297.25,295.70001220703125,297.1499938964844,1797892,ONGC
2024-07-09 09:45:00+00:00,297.3500061035156,298.3500061035156,296.6000061035156,297.0,1970449,ONGC
2024-07-10 03:45:00+00:00,293.75,299.70001220703125,293.20001220703125,299.6000061035156,0,ONGC
2024-07-10 04:45:00+00:00,293.1499938964844,294.8500061035156,288.95001220703125,293.79998779296875,4583779,ONGC
2024-07-10 05:45:00+00:00,295.0,295.54998779296875,292.79998779296875,293.20001220703125,1494390,ONGC
2024-07-10 06:45:00+00:00,294.29998779296875,295.1000061035156,293.1000061035156,294.95001220703125,1083982,ONGC
2024-07-10 07:45:00+00:00,293.75,295.79998779296875,293.0,294.3500061035156,1613961,ONGC
2024-07-10 08:45:00+00:00,298.6000061035156,298.75,293.70001220703125,293.75,3002592,ONGC
2024-07-10 09:45:00+00:00,298.0,299.1000061035156,297.3500061035156,298.54998779296875,1777251,ONGC
2024-07-11 03:45:00+00:00,295.79998779296875,299.54998779296875,295.70001220703125,299.54998779296875,2784589,ONGC
2024-07-11 04:45:00+00:00,304.5,304.6000061035156,295.1499938964844,295.8500061035156,5997695,ONGC
2024-07-11 05:45:00+00:00,303.8999938964844,305.6499938964844,302.70001220703125,304.3999938964844,7346048,ONGC
2024-07-11 06:45:00+00:00,304.45001220703125,304.8999938964844,303.20001220703125,303.95001220703125,2926435,ONGC
2024-07-11 07:45:00+00:00,305.95001220703125,306.6000061035156,304.1499938964844,304.3999938964844,6924600,ONGC
2024-07-11 08:45:00+00:00,305.1499938964844,307.20001220703125,303.6000061035156,305.95001220703125,7513147,ONGC
2024-07-11 09:45:00+00:00,305.70001220703125,305.75,303.8500061035156,305.04998779296875,2512445,ONGC
2024-07-12 03:45:00+00:00,308.04998779296875,309.20001220703125,304.79998779296875,306.1499938964844,0,ONGC
2024-07-12 04:45:00+00:00,309.8999938964844,311.70001220703125,307.5,308.04998779296875,6898385,ONGC
2024-07-12 05:45:00+00:00,307.54998779296875,310.0,306.6000061035156,309.8999938964844,3136956,ONGC
2024-07-12 06:45:00+00:00,306.6499938964844,307.8500061035156,304.20001220703125,307.54998779296875,4435044,ONGC
2024-07-12 07:45:00+00:00,307.95001220703125,308.45001220703125,306.54998779296875,306.75,2605345,ONGC
2024-07-12 08:45:00+00:00,307.3999938964844,308.29998779296875,306.54998779296875,308.0,3517292,ONGC
2024-07-12 09:45:00+00:00,307.1000061035156,307.6000061035156,306.3500061035156,307.3999938964844,0,ONGC
2024-07-15 03:45:00+00:00,313.5,314.0,309.1000061035156,310.8999938964844,12170993,ONGC
2024-07-15 04:45:00+00:00,313.79998779296875,314.54998779296875,312.04998779296875,313.54998779296875,5289487,ONGC
2024-07-15 05:45:00+00:00,315.3999938964844,316.5,313.1000061035156,313.70001220703125,6733323,ONGC
2024-07-15 06:45:00+00:00,316.8999938964844,317.45001220703125,314.79998779296875,315.3999938964844,4398206,ONGC
2024-07-15 07:45:00+00:00,321.79998779296875,321.8500061035156,316.6000061035156,316.70001220703125,10565344,ONGC
2024-07-15 08:45:00+00:00,321.8500061035156,323.6000061035156,318.8500061035156,321.79998779296875,9381292,ONGC
2024-07-15 09:45:00+00:00,322.8500061035156,323.5,321.6499938964844,321.70001220703125,2881827,ONGC
2024-07-16 03:45:00+00:00,324.8500061035156,327.6000061035156,322.8500061035156,323.75,0,ONGC
2024-07-16 04:45:00+00:00,325.45001220703125,326.29998779296875,319.75,324.79998779296875,7632494,ONGC
2024-07-16 05:45:00+00:00,324.54998779296875,326.3999938964844,324.0,325.45001220703125,4099917,ONGC
2024-07-16 06:45:00+00:00,323.95001220703125,324.95001220703125,323.3500061035156,324.6000061035156,3532382,ONGC
2024-07-16 07:45:00+00:00,322.8999938964844,324.8999938964844,322.25,323.95001220703125,3370045,ONGC
2024-07-16 08:45:00+00:00,322.95001220703125,323.8500061035156,322.5,322.8999938964844,3616394,ONGC
2024-07-16 09:45:00+00:00,322.6499938964844,322.95001220703125,321.3500061035156,322.8999938964844,0,ONGC
2024-07-18 03:45:00+00:00,330.04998779296875,331.6000061035156,321.6499938964844,324.1499938964844,17209491,ONGC
2024-07-18 04:45:00+00:00,326.29998779296875,330.20001220703125,326.04998779296875,330.0,6278182,ONGC
2024-07-18 05:45:00+00:00,327.8999938964844,328.1499938964844,325.25,326.25,3939129,ONGC
2024-07-18 06:45:00+00:00,328.1499938964844,328.45001220703125,326.1499938964844,327.79998779296875,3354097,ONGC
2024-07-18 07:45:00+00:00,330.3500061035156,330.54998779296875,327.8999938964844,328.20001220703125,4964265,ONGC
2024-07-18 08:45:00+00:00,331.25,331.3500061035156,328.54998779296875,330.3999938964844,8658231,ONGC
2024-07-18 09:45:00+00:00,332.1000061035156,333.25,331.25,331.3500061035156,3774075,ONGC
2024-07-19 03:45:00+00:00,323.1000061035156,332.6000061035156,322.70001220703125,332.6000061035156,8052516,ONGC
2024-07-19 04:45:00+00:00,322.75,325.79998779296875,319.79998779296875,323.0,5053698,ONGC
2024-07-19 05:45:00+00:00,324.95001220703125,325.0,321.54998779296875,322.75,2583320,ONGC
2024-07-19 06:45:00+00:00,323.3500061035156,325.1000061035156,322.1000061035156,324.95001220703125,2550180,ONGC
2024-07-19 07:45:00+00:00,322.5,324.5,321.54998779296875,323.3500061035156,2034287,ONGC
2024-07-19 08:45:00+00:00,319.8500061035156,322.6000061035156,318.04998779296875,322.5,4601320,ONGC
2024-07-19 09:45:00+00:00,320.29998779296875,320.29998779296875,319.1000061035156,319.8500061035156,1701812,ONGC
2024-07-22 03:45:00+00:00,322.1000061035156,322.5,315.5,318.29998779296875,0,ONGC
2024-07-22 04:45:00+00:00,322.1499938964844,323.29998779296875,321.29998779296875,322.5,2483341,ONGC
2024-07-22 05:45:00+00:00,321.29998779296875,322.75,320.8999938964844,321.95001220703125,2217567,ONGC
2024-07-22 06:45:00+00:00,320.0,322.95001220703125,319.70001220703125,321.29998779296875,2980700,ONGC
2024-07-22 07:45:00+00:00,320.1499938964844,321.5,319.6000061035156,320.0,2623233,ONGC
2024-07-22 08:45:00+00:00,320.45001220703125,321.1499938964844,319.3500061035156,320.1499938964844,3044503,ONGC
2024-07-22 09:45:00+00:00,321.29998779296875,322.04998779296875,320.1499938964844,320.45001220703125,1702483,ONGC
2024-07-23 03:45:00+00:00,315.3500061035156,321.3999938964844,314.8500061035156,319.8500061035156,6038582,ONGC
2024-07-23 04:45:00+00:00,313.75,315.5,311.95001220703125,315.3500061035156,6092115,ONGC
2024-07-23 05:45:00+00:00,312.79998779296875,314.5,311.0,313.54998779296875,3644869,ONGC
2024-07-23 06:45:00+00:00,307.54998779296875,313.3999938964844,297.5,312.75,11314216,ONGC
2024-07-23 07:45:00+00:00,311.95001220703125,313.20001220703125,307.29998779296875,307.5,3172220,ONGC
2024-07-23 08:45:00+00:00,313.6499938964844,315.95001220703125,310.25,311.95001220703125,5923514,ONGC
2024-07-23 09:45:00+00:00,314.8999938964844,315.0,313.0,313.6499938964844,1682877,ONGC
2024-07-24 03:45:00+00:00,320.29998779296875,320.95001220703125,312.29998779296875,313.3500061035156,0,ONGC
2024-07-24 04:45:00+00:00,322.8999938964844,325.75,320.20001220703125,320.3500061035156,7128776,ONGC
2024-07-24 05:45:00+00:00,322.29998779296875,324.79998779296875,319.0,322.95001220703125,4424537,ONGC
2024-07-24 06:45:00+00:00,321.6000061035156,322.70001220703125,320.5,322.3500061035156,2214559,ONGC
2024-07-24 07:45:00+00:00,319.79998779296875,322.0,319.3999938964844,321.6499938964844,2094355,ONGC
2024-07-24 08:45:00+00:00,318.3999938964844,321.5,318.25,319.79998779296875,4247916,ONGC
2024-07-24 09:45:00+00:00,321.3999938964844,321.79998779296875,318.1000061035156,318.3999938964844,1799629,ONGC
2024-07-25 03:45:00+00:00,324.8500061035156,325.20001220703125,316.5,318.45001220703125,0,ONGC
2024-07-25 04:45:00+00:00,332.0,332.70001220703125,324.3500061035156,324.79998779296875,8848699,ONGC
2024-07-25 05:45:00+00:00,331.1499938964844,333.8999938964844,330.8500061035156,332.0,6377977,ONGC
2024-07-25 06:45:00+00:00,329.25,331.95001220703125,328.79998779296875,331.1499938964844,5173039,ONGC
2024-07-25 07:45:00+00:00,330.8999938964844,330.95001220703125,328.3999938964844,329.25,3223941,ONGC
2024-07-25 08:45:00+00:00,336.29998779296875,337.45001220703125,330.3999938964844,330.8500061035156,8823999,ONGC
2024-07-25 09:45:00+00:00,334.70001220703125,337.3999938964844,334.6000061035156,336.20001220703125,2987063,ONGC
2024-07-26 03:45:00+00:00,333.20001220703125,338.3999938964844,331.1499938964844,336.04998779296875,6367574,ONGC
2024-07-26 04:45:00+00:00,333.20001220703125,334.0,332.04998779296875,333.1499938964844,2338652,ONGC
2024-07-26 05:45:00+00:00,331.75,333.79998779296875,331.29998779296875,333.20001220703125,1691499,ONGC
2024-07-26 06:45:00+00:00,330.70001220703125,333.0,330.1499938964844,331.70001220703125,2936404,ONGC
2024-07-26 07:45:00+00:00,331.75,333.5,330.3999938964844,330.6000061035156,4379962,ONGC
2024-07-26 08:45:00+00:00,332.54998779296875,333.0,330.20001220703125,331.79998779296875,5233942,ONGC
2024-07-26 09:45:00+00:00,331.5,332.45001220703125,330.70001220703125,332.45001220703125,2747681,ONGC
2024-07-29 03:45:00+00:00,335.04998779296875,336.70001220703125,330.75,333.25,0,ONGC
2024-07-29 04:45:00+00:00,334.79998779296875,336.04998779296875,333.1499938964844,335.0,3438087,ONGC
2024-07-29 05:45:00+00:00,335.25,339.5,334.79998779296875,335.0,5968085,ONGC
2024-07-29 06:45:00+00:00,331.8999938964844,335.6000061035156,331.75,335.20001220703125,4726668,ONGC
2024-07-29 07:45:00+00:00,332.3999938964844,335.6499938964844,331.54998779296875,331.8999938964844,2143459,ONGC
2024-07-29 08:45:00+00:00,333.95001220703125,334.5,331.20001220703125,332.45001220703125,3787117,ONGC
2024-07-29 09:45:00+00:00,332.8999938964844,334.04998779296875,332.04998779296875,334.0,2049181,ONGC
2024-07-30 03:45:00+00:00,336.70001220703125,338.25,331.1499938964844,331.54998779296875,0,ONGC
2024-07-30 04:45:00+00:00,336.6499938964844,337.5,335.20001220703125,336.5,2105062,ONGC
2024-07-30 05:45:00+00:00,334.8999938964844,337.3500061035156,334.25,336.79998779296875,2627937,ONGC
2024-07-30 06:45:00+00:00,334.75,338.0,334.25,334.8500061035156,2647628,ONGC
2024-07-30 07:45:00+00:00,333.20001220703125,335.04998779296875,332.1499938964844,334.70001220703125,2027866,ONGC
2024-07-30 08:45:00+00:00,331.70001220703125,334.25,331.29998779296875,333.3500061035156,3842723,ONGC
2024-07-30 09:45:00+00:00,332.0,332.5,331.54998779296875,331.6499938964844,1286042,ONGC
2024-07-31 03:45:00+00:00,334.25,337.25,329.95001220703125,333.3999938964844,4890959,ONGC
2024-07-31 04:45:00+00:00,336.04998779296875,336.8500061035156,333.29998779296875,334.1000061035156,2825393,ONGC
2024-07-31 05:45:00+00:00,336.1000061035156,337.3500061035156,335.95001220703125,336.0,2935046,ONGC
2024-07-31 06:45:00+00:00,334.0,336.20001220703125,333.25,336.04998779296875,2122046,ONGC
2024-07-31 07:45:00+00:00,334.0,336.8999938964844,333.5,334.0,3625944,ONGC
2024-07-31 08:45:00+00:00,333.6000061035156,334.29998779296875,333.0,334.0,3513401,ONGC
2024-07-31 09:45:00+00:00,334.20001220703125,335.29998779296875,333.6000061035156,333.70001220703125,1477352,ONGC
2024-08-01 03:45:00+00:00,342.6000061035156,342.79998779296875,337.79998779296875,338.0,0,ONGC
2024-08-01 04:45:00+00:00,342.70001220703125,344.70001220703125,341.6499938964844,342.6000061035156,8428709,ONGC
2024-08-01 05:45:00+00:00,338.95001220703125,343.1000061035156,338.0,342.54998779296875,6306791,ONGC
2024-08-01 06:45:00+00:00,338.75,340.3999938964844,338.3500061035156,338.79998779296875,2724704,ONGC
2024-08-01 07:45:00+00:00,339.1000061035156,339.8999938964844,338.54998779296875,338.75,1574326,ONGC
2024-08-01 08:45:00+00:00,342.20001220703125,342.45001220703125,337.5,339.04998779296875,6007884,ONGC
2024-08-01 09:45:00+00:00,340.95001220703125,343.1499938964844,340.6000061035156,342.1499938964844,2494529,ONGC
2024-08-02 03:45:00+00:00,334.5,335.8500061035156,330.0,335.79998779296875,8647157,ONGC
2024-08-02 04:45:00+00:00,335.70001220703125,336.79998779296875,334.04998779296875,334.45001220703125,2846916,ONGC
2024-08-02 05:45:00+00:00,334.8999938964844,336.75,333.75,335.70001220703125,2033359,ONGC
2024-08-02 06:45:00+00:00,335.0,335.75,333.5,334.8999938964844,1468050,ONGC
2024-08-02 07:45:00+00:00,333.45001220703125,336.0,333.25,335.1499938964844,1749717,ONGC
2024-08-02 08:45:00+00:00,330.3999938964844,333.8500061035156,328.75,333.45001220703125,4561847,ONGC
2024-08-02 09:45:00+00:00,330.3500061035156,330.79998779296875,329.8500061035156,330.3999938964844,1622937,ONGC
2024-08-05 03:45:00+00:00,318.3500061035156,323.25,315.0,320.75,0,ONGC
2024-08-05 04:45:00+00:00,310.1000061035156,318.8500061035156,309.8500061035156,318.3500061035156,5993266,ONGC
2024-08-05 05:45:00+00:00,312.6000061035156,314.20001220703125,307.54998779296875,310.1499938964844,5668841,ONGC
2024-08-05 06:45:00+00:00,311.1000061035156,312.75,306.5,312.75,5468267,ONGC
2024-08-05 07:45:00+00:00,313.1000061035156,316.6499938964844,310.0,311.04998779296875,3700410,ONGC
2024-08-05 08:45:00+00:00,310.20001220703125,313.79998779296875,309.70001220703125,313.20001220703125,4282232,ONGC
2024-08-05 09:45:00+00:00,310.45001220703125,311.29998779296875,309.1000061035156,310.1499938964844,2772657,ONGC
2024-08-06 03:45:00+00:00,315.25,321.75,313.3500061035156,315.8999938964844,0,ONGC
2024-08-06 04:45:00+00:00,314.6000061035156,315.75,311.70001220703125,315.25,3226306,ONGC
2024-08-06 05:45:00+00:00,314.5,315.1499938964844,312.8500061035156,314.54998779296875,1470381,ONGC
2024-08-06 06:45:00+00:00,311.54998779296875,314.8500061035156,311.20001220703125,314.6499938964844,2324650,ONGC
2024-08-06 07:45:00+00:00,308.5,312.20001220703125,308.3999938964844,311.54998779296875,3282028,ONGC
2024-08-06 08:45:00+00:00,305.8999938964844,310.0,305.45001220703125,308.6000061035156,4607179,ONGC
2024-08-06 09:45:00+00:00,307.20001220703125,307.3999938964844,305.1499938964844,306.04998779296875,2377671,ONGC
2024-08-07 03:45:00+00:00,327.1499938964844,327.8500061035156,312.8999938964844,312.8999938964844,25464544,ONGC
2024-08-07 04:45:00+00:00,327.8500061035156,329.3999938964844,327.0,327.29998779296875,11866927,ONGC
2024-08-07 05:45:00+00:00,328.5,329.0,326.0,327.79998779296875,6719458,ONGC
2024-08-07 06:45:00+00:00,329.0,330.95001220703125,327.70001220703125,328.54998779296875,6673285,ONGC
2024-08-07 07:45:00+00:00,328.54998779296875,329.8999938964844,328.1499938964844,329.0,4091462,ONGC
2024-08-07 08:45:00+00:00,328.29998779296875,329.0,327.5,328.6000061035156,5829464,ONGC
2024-08-07 09:45:00+00:00,328.8999938964844,330.5,328.25,328.29998779296875,5456545,ONGC
2024-08-08 03:45:00+00:00,324.79998779296875,327.3999938964844,322.95001220703125,326.54998779296875,6797470,ONGC
2024-08-08 04:45:00+00:00,323.45001220703125,325.75,322.75,324.95001220703125,2702395,ONGC
2024-08-08 05:45:00+00:00,325.75,325.75,323.1499938964844,323.25,2092181,ONGC
2024-08-08 06:45:00+00:00,325.20001220703125,328.3500061035156,324.70001220703125,325.79998779296875,4168425,ONGC
2024-08-08 07:45:00+00:00,325.45001220703125,325.95001220703125,324.1499938964844,325.20001220703125,2314129,ONGC
2024-08-08 08:45:00+00:00,322.3500061035156,325.6000061035156,322.1499938964844,325.20001220703125,3806506,ONGC
2024-08-08 09:45:00+00:00,323.79998779296875,323.79998779296875,321.79998779296875,322.29998779296875,1592368,ONGC
2024-08-09 03:45:00+00:00,329.3999938964844,335.6499938964844,328.8500061035156,331.6499938964844,11007588,ONGC
2024-08-09 04:45:00+00:00,329.3500061035156,331.25,328.20001220703125,329.6499938964844,3795555,ONGC
2024-08-09 05:45:00+00:00,329.79998779296875,330.70001220703125,329.1000061035156,329.25,2217661,ONGC
2024-08-09 06:45:00+00:00,329.54998779296875,331.6000061035156,329.04998779296875,329.79998779296875,2207836,ONGC
2024-08-09 07:45:00+00:00,331.5,332.29998779296875,329.54998779296875,329.54998779296875,2619538,ONGC
2024-08-09 08:45:00+00:00,333.45001220703125,334.5,331.5,331.54998779296875,5930868,ONGC
2024-08-09 09:45:00+00:00,331.20001220703125,333.5,330.79998779296875,333.5,2026638,ONGC
2024-08-12 03:45:00+00:00,331.5,335.6000061035156,330.3999938964844,330.79998779296875,0,ONGC
2024-08-12 04:45:00+00:00,333.1000061035156,333.70001220703125,331.20001220703125,331.25,1477846,ONGC
2024-08-12 05:45:00+00:00,330.8999938964844,334.3999938964844,330.8999938964844,333.1000061035156,1868519,ONGC
2024-08-12 06:45:00+00:00,330.3500061035156,331.79998779296875,330.20001220703125,330.8999938964844,1556586,ONGC
2024-08-12 07:45:00+00:00,331.1499938964844,332.79998779296875,330.04998779296875,330.45001220703125,1762749,ONGC
2024-08-12 08:45:00+00:00,341.1000061035156,344.5,330.3999938964844,331.25,17910464,ONGC
2024-08-12 09:45:00+00:00,341.0,341.8500061035156,340.29998779296875,341.1000061035156,3071246,ONGC
2024-08-13 03:45:00+00:00,341.45001220703125,343.95001220703125,340.3500061035156,343.95001220703125,8470217,ONGC
2024-08-13 04:45:00+00:00,341.04998779296875,343.25,340.0,341.3999938964844,4670956,ONGC
2024-08-13 05:45:00+00:00,338.6000061035156,341.20001220703125,338.6000061035156,341.0,1713457,ONGC
2024-08-13 06:45:00+00:00,337.75,338.8999938964844,336.3999938964844,338.54998779296875,3299373,ONGC
2024-08-13 07:45:00+00:00,334.95001220703125,338.20001220703125,333.79998779296875,337.75,2218869,ONGC
2024-08-13 08:45:00+00:00,334.95001220703125,338.45001220703125,332.95001220703125,334.8999938964844,6354007,ONGC
2024-08-13 09:45:00+00:00,334.0,335.95001220703125,333.8500061035156,334.8999938964844,2212790,ONGC
2024-08-14 03:45:00+00:00,336.04998779296875,336.5,329.8500061035156,334.1000061035156,4868150,ONGC
2024-08-14 04:45:00+00:00,331.1000061035156,336.3999938964844,330.8500061035156,336.20001220703125,2791845,ONGC
2024-08-14 05:45:00+00:00,333.5,334.20001220703125,330.5,331.1000061035156,2611993,ONGC
2024-08-14 06:45:00+00:00,332.6000061035156,333.8500061035156,332.25,333.5,1495878,ONGC
2024-08-14 07:45:00+00:00,331.95001220703125,332.79998779296875,331.54998779296875,332.6499938964844,1007728,ONGC
2024-08-14 08:45:00+00:00,327.3999938964844,332.45001220703125,327.1499938964844,331.8999938964844,2960078,ONGC
2024-08-14 09:45:00+00:00,329.79998779296875,330.0,326.95001220703125,327.45001220703125,2075781,ONGC
2024-08-16 03:45:00+00:00,330.5,335.75,330.3999938964844,332.6000061035156,0,ONGC
2024-08-16 04:45:00+00:00,329.20001220703125,331.54998779296875,328.8999938964844,330.6000061035156,1722385,ONGC
2024-08-16 05:45:00+00:00,330.8999938964844,331.25,328.6499938964844,329.1499938964844,2880837,ONGC
2024-08-16 06:45:00+00:00,330.0,331.6000061035156,329.8999938964844,331.0,2061967,ONGC
2024-08-16 07:45:00+00:00,332.5,333.29998779296875,329.6499938964844,330.0,1465996,ONGC
2024-08-16 08:45:00+00:00,329.5,332.6000061035156,329.0,332.5,3123417,ONGC
2024-08-16 09:45:00+00:00,329.8500061035156,330.3999938964844,329.20001220703125,329.45001220703125,1594440,ONGC
2024-08-19 03:45:00+00:00,336.79998779296875,338.6000061035156,334.8500061035156,335.54998779296875,0,ONGC
2024-08-19 04:45:00+00:00,334.6499938964844,337.20001220703125,333.8999938964844,336.79998779296875,2437807,ONGC
2024-08-19 05:45:00+00:00,335.1499938964844,335.5,334.25,334.6499938964844,1959901,ONGC
2024-08-19 06:45:00+00:00,335.70001220703125,336.29998779296875,334.8500061035156,335.1000061035156,1838657,ONGC
2024-08-19 07:45:00+00:00,335.3500061035156,335.75,334.04998779296875,335.70001220703125,1463816,ONGC
2024-08-19 08:45:00+00:00,335.45001220703125,336.3500061035156,334.25,335.3500061035156,3190720,ONGC
2024-08-19 09:45:00+00:00,334.75,335.79998779296875,334.70001220703125,335.45001220703125,1480084,ONGC
2024-08-20 03:45:00+00:00,329.8999938964844,334.1499938964844,328.54998779296875,334.1499938964844,5959673,ONGC
2024-08-20 04:45:00+00:00,330.20001220703125,331.3500061035156,329.3999938964844,329.8999938964844,1408440,ONGC
2024-08-20 05:45:00+00:00,330.1000061035156,330.5,329.6000061035156,330.20001220703125,870556,ONGC
2024-08-20 06:45:00+00:00,329.95001220703125,330.6000061035156,329.45001220703125,330.1000061035156,1806246,ONGC
2024-08-20 07:45:00+00:00,328.79998779296875,330.0,328.20001220703125,329.95001220703125,1363997,ONGC
2024-08-20 08:45:00+00:00,330.1499938964844,330.45001220703125,328.3500061035156,328.79998779296875,2311160,ONGC
2024-08-20 09:45:00+00:00,330.6000061035156,330.6000061035156,329.79998779296875,330.1000061035156,1248000,ONGC
2024-08-21 03:45:00+00:00,329.70001220703125,331.45001220703125,329.54998779296875,330.5,0,ONGC
2024-08-21 04:45:00+00:00,328.3999938964844,329.95001220703125,328.0,329.6499938964844,1342602,ONGC
2024-08-21 05:45:00+00:00,327.20001220703125,328.95001220703125,327.0,328.3999938964844,1346308,ONGC
2024-08-21 06:45:00+00:00,327.8500061035156,328.1499938964844,326.79998779296875,327.1000061035156,1777920,ONGC
2024-08-21 07:45:00+00:00,327.8500061035156,328.25,327.3500061035156,327.95001220703125,918493,ONGC
2024-08-21 08:45:00+00:00,327.25,328.75,326.54998779296875,327.8500061035156,2129998,ONGC
2024-08-21 09:45:00+00:00,328.25,328.95001220703125,327.20001220703125,327.20001220703125,1370978,ONGC
2024-08-22 03:45:00+00:00,327.70001220703125,330.5,327.5,329.3999938964844,0,ONGC
2024-08-22 04:45:00+00:00,326.25,327.75,325.54998779296875,327.75,1731117,ONGC
2024-08-22 05:45:00+00:00,326.75,327.0,326.1499938964844,326.29998779296875,857501,ONGC
2024-08-22 06:45:00+00:00,325.70001220703125,326.8999938964844,325.6000061035156,326.75,1449283,ONGC
2024-08-22 07:45:00+00:00,324.70001220703125,326.0,323.6499938964844,325.75,2033128,ONGC
2024-08-22 08:45:00+00:00,324.29998779296875,324.95001220703125,323.6499938964844,324.70001220703125,2729850,ONGC
2024-08-22 09:45:00+00:00,324.5,324.75,324.1000061035156,324.29998779296875,1843270,ONGC
2024-08-23 03:45:00+00:00,321.70001220703125,323.6000061035156,321.3500061035156,322.45001220703125,2470667,ONGC
2024-08-23 04:45:00+00:00,321.3999938964844,323.29998779296875,321.29998779296875,321.70001220703125,1250516,ONGC
2024-08-23 05:45:00+00:00,321.1000061035156,321.70001220703125,320.0,321.3999938964844,1495198,ONGC
2024-08-23 06:45:00+00:00,320.3999938964844,321.54998779296875,319.79998779296875,321.1499938964844,1677440,ONGC
2024-08-23 07:45:00+00:00,320.1000061035156,320.6499938964844,319.95001220703125,320.29998779296875,1322476,ONGC
2024-08-23 08:45:00+00:00,319.75,320.45001220703125,319.29998779296875,320.1000061035156,1921163,ONGC
2024-08-23 09:45:00+00:00,318.6000061035156,319.75,318.0,319.75,3083227,ONGC
2024-08-26 03:45:00+00:00,326.3999938964844,326.95001220703125,323.0,324.0,0,ONGC
2024-08-26 04:45:00+00:00,325.79998779296875,326.8500061035156,325.1499938964844,326.45001220703125,1966843,ONGC
2024-08-26 05:45:00+00:00,327.25,327.45001220703125,325.6000061035156,325.6000061035156,3051599,ONGC
2024-08-26 06:45:00+00:00,328.29998779296875,328.45001220703125,326.70001220703125,327.25,2592980,ONGC
2024-08-26 07:45:00+00:00,328.0,328.8999938964844,327.70001220703125,328.20001220703125,1701299,ONGC
2024-08-26 08:45:00+00:00,327.79998779296875,329.1000061035156,327.29998779296875,328.1499938964844,2679966,ONGC
2024-08-26 09:45:00+00:00,328.3500061035156,328.95001220703125,327.54998779296875,327.75,1675555,ONGC
2024-08-27 03:45:00+00:00,326.6000061035156,330.6000061035156,326.0,329.79998779296875,5016429,ONGC
2024-08-27 04:45:00+00:00,329.04998779296875,329.20001220703125,326.6000061035156,326.70001220703125,1621200,ONGC
2024-08-27 05:45:00+00:00,330.75,331.8999938964844,328.3999938964844,329.1000061035156,4482697,ONGC
2024-08-27 06:45:00+00:00,331.0,331.6000061035156,329.70001220703125,330.75,3402255,ONGC
2024-08-27 07:45:00+00:00,330.1000061035156,332.5,330.1000061035156,331.0,2787011,ONGC
2024-08-27 08:45:00+00:00,329.0,330.3999938964844,328.3999938964844,330.1000061035156,1902386,ONGC
2024-08-27 09:45:00+00:00,328.29998779296875,329.20001220703125,328.1000061035156,328.8999938964844,951762,ONGC
2024-08-28 03:45:00+00:00,326.3999938964844,327.8500061035156,324.70001220703125,327.75,3579164,ONGC
2024-08-28 04:45:00+00:00,326.70001220703125,326.8999938964844,325.3500061035156,326.3999938964844,1279291,ONGC
2024-08-28 05:45:00+00:00,327.1499938964844,328.75,326.6499938964844,326.79998779296875,2023890,ONGC
2024-08-28 06:45:00+00:00,327.5,328.3500061035156,326.70001220703125,327.1499938964844,1223103,ONGC
2024-08-28 07:45:00+00:00,327.8500061035156,328.0,326.29998779296875,327.3999938964844,826763,ONGC
2024-08-28 08:45:00+00:00,327.70001220703125,330.29998779296875,327.3500061035156,327.8500061035156,2695733,ONGC
2024-08-28 09:45:00+00:00,326.95001220703125,327.95001220703125,326.54998779296875,327.6499938964844,814650,ONGC
2024-08-29 03:45:00+00:00,326.6499938964844,327.6000061035156,325.3500061035156,326.45001220703125,1411091,ONGC
2024-08-29 04:45:00+00:00,326.3999938964844,326.6499938964844,325.25,326.6499938964844,1408643,ONGC
2024-08-29 05:45:00+00:00,327.3500061035156,327.5,326.04998779296875,326.3999938964844,698725,ONGC
2024-08-29 06:45:00+00:00,327.75,328.45001220703125,327.04998779296875,327.3500061035156,2144343,ONGC
2024-08-29 07:45:00+00:00,327.3500061035156,328.6499938964844,326.20001220703125,327.79998779296875,1811687,ONGC
2024-08-29 08:45:00+00:00,329.29998779296875,329.95001220703125,325.3500061035156,327.3500061035156,3832232,ONGC
2024-08-29 09:45:00+00:00,329.1000061035156,330.1499938964844,328.95001220703125,329.25,2486910,ONGC
2024-08-30 03:45:00+00:00,331.70001220703125,334.1499938964844,330.3999938964844,331.1499938964844,4436817,ONGC
2024-08-30 04:45:00+00:00,330.20001220703125,332.79998779296875,330.20001220703125,331.70001220703125,1508855,ONGC
2024-08-30 05:45:00+00:00,330.0,330.54998779296875,329.54998779296875,330.3500061035156,1134976,ONGC
2024-08-30 06:45:00+00:00,332.3999938964844,333.8999938964844,329.70001220703125,330.04998779296875,2173919,ONGC
2024-08-30 07:45:00+00:00,331.75,332.5,331.04998779296875,332.3999938964844,1048639,ONGC
2024-08-30 08:45:00+00:00,331.25,332.29998779296875,330.0,331.70001220703125,5494424,ONGC
2024-08-30 09:45:00+00:00,330.29998779296875,331.3500061035156,330.0,331.29998779296875,3867475,ONGC
2024-09-02 03:45:00+00:00,328.5,331.1000061035156,328.04998779296875,329.79998779296875,0,ONGC
2024-09-02 04:45:00+00:00,330.6000061035156,331.8999938964844,327.8999938964844,328.6000061035156,1526766,ONGC
2024-09-02 05:45:00+00:00,328.3999938964844,330.8500061035156,328.20001220703125,330.6000061035156,1028912,ONGC
2024-09-02 06:45:00+00:00,327.3999938964844,328.6000061035156,326.70001220703125,328.29998779296875,999050,ONGC
2024-09-02 07:45:00+00:00,327.1499938964844,328.25,326.79998779296875,327.45001220703125,768198,ONGC
2024-09-02 08:45:00+00:00,326.1499938964844,327.29998779296875,326.0,327.20001220703125,1444266,ONGC
2024-09-02 09:45:00+00:00,326.79998779296875,326.79998779296875,325.79998779296875,326.25,805236,ONGC
2024-09-03 03:45:00+00:00,325.79998779296875,328.0,325.6499938964844,327.25,0,ONGC
2024-09-03 04:45:00+00:00,325.1000061035156,325.79998779296875,323.6000061035156,325.70001220703125,2266286,ONGC
2024-09-03 05:45:00+00:00,325.3500061035156,325.79998779296875,324.8500061035156,325.1000061035156,856094,ONGC
2024-09-03 06:45:00+00:00,325.6000061035156,325.70001220703125,325.20001220703125,325.45001220703125,1055351,ONGC
2024-09-03 07:45:00+00:00,324.6000061035156,325.6499938964844,324.1499938964844,325.6000061035156,1244689,ONGC
2024-09-03 08:45:00+00:00,321.95001220703125,324.75,321.6499938964844,324.6499938964844,2439477,ONGC
2024-09-03 09:45:00+00:00,322.20001220703125,322.5,321.8500061035156,322.0,0,ONGC
2024-09-04 03:45:00+00:00,314.75,316.20001220703125,309.29998779296875,313.70001220703125,10984185,ONGC
2024-09-04 04:45:00+00:00,312.29998779296875,314.75,311.5,314.75,4490071,ONGC
2024-09-04 05:45:00+00:00,312.3999938964844,313.75,312.04998779296875,312.45001220703125,2052514,ONGC
2024-09-04 06:45:00+00:00,313.29998779296875,313.3500061035156,312.1000061035156,312.5,1606586,ONGC
2024-09-04 07:45:00+00:00,312.8999938964844,313.8999938964844,312.5,313.3500061035156,2014398,ONGC
2024-09-04 08:45:00+00:00,314.25,314.75,312.3999938964844,312.8500061035156,2713002,ONGC
2024-09-04 09:45:00+00:00,314.8999938964844,315.0,314.0,314.29998779296875,1532592,ONGC
2024-09-05 03:45:00+00:00,315.20001220703125,316.8500061035156,313.8999938964844,316.8500061035156,0,ONGC
2024-09-05 04:45:00+00:00,315.04998779296875,315.5,313.70001220703125,315.20001220703125,1699527,ONGC
2024-09-05 05:45:00+00:00,314.04998779296875,315.1499938964844,313.75,315.0,1145731,ONGC
2024-09-05 06:45:00+00:00,314.1499938964844,314.6499938964844,313.04998779296875,314.04998779296875,1299990,ONGC
2024-09-05 07:45:00+00:00,314.04998779296875,314.8999938964844,313.8999938964844,314.04998779296875,943224,ONGC
2024-09-05 08:45:00+00:00,310.95001220703125,314.1000061035156,310.25,314.0,4784625,ONGC
2024-09-05 09:45:00+00:00,311.6000061035156,311.70001220703125,310.75,310.95001220703125,2175543,ONGC
2024-09-06 03:45:00+00:00,306.0,312.75,305.0,312.5,5565744,ONGC
2024-09-06 04:45:00+00:00,306.0,307.8500061035156,303.79998779296875,305.8500061035156,5097973,ONGC
2024-09-06 05:45:00+00:00,309.95001220703125,310.1499938964844,306.0,306.04998779296875,4119399,ONGC
2024-09-06 06:45:00+00:00,308.5,312.70001220703125,308.3500061035156,310.04998779296875,5443476,ONGC
2024-09-06 07:45:00+00:00,308.70001220703125,309.8500061035156,308.3999938964844,308.54998779296875,1496667,ONGC
2024-09-06 08:45:00+00:00,308.8500061035156,309.04998779296875,307.5,308.70001220703125,4448332,ONGC
2024-09-06 09:45:00+00:00,308.25,309.3999938964844,308.04998779296875,308.79998779296875,1771236,ONGC
2024-09-09 03:45:00+00:00,298.5,307.0,297.0,307.0,0,ONGC
2024-09-09 04:45:00+00:00,297.8999938964844,298.75,296.20001220703125,298.3999938964844,3419608,ONGC
2024-09-09 05:45:00+00:00,296.6000061035156,298.0,295.6000061035156,297.8999938964844,5807406,ONGC
2024-09-09 06:45:00+00:00,294.79998779296875,297.20001220703125,294.70001220703125,296.6000061035156,4045837,ONGC
2024-09-09 07:45:00+00:00,295.1499938964844,296.20001220703125,294.79998779296875,294.8999938964844,1992505,ONGC
2024-09-09 08:45:00+00:00,299.3999938964844,299.45001220703125,295.0,295.0,4702881,ONGC
2024-09-09 09:45:00+00:00,299.79998779296875,300.1499938964844,299.1499938964844,299.3500061035156,2047812,ONGC
2024-09-10 03:45:00+00:00,296.6499938964844,301.45001220703125,296.1499938964844,300.29998779296875,0,ONGC
2024-09-10 04:45:00+00:00,297.79998779296875,298.8999938964844,296.45001220703125,296.6499938964844,1647344,ONGC
2024-09-10 05:45:00+00:00,297.79998779296875,298.45001220703125,297.5,297.79998779296875,1244766,ONGC
2024-09-10 06:45:00+00:00,298.1499938964844,298.3500061035156,297.5,297.79998779296875,1115399,ONGC
2024-09-10 07:45:00+00:00,296.54998779296875,298.25,296.20001220703125,298.1499938964844,1949345,ONGC
2024-09-10 08:45:00+00:00,295.79998779296875,296.8500061035156,295.1000061035156,296.5,4114614,ONGC
2024-09-10 09:45:00+00:00,295.79998779296875,295.8500061035156,295.0,295.79998779296875,1369684,ONGC
2024-09-11 03:45:00+00:00,288.25,291.54998779296875,287.54998779296875,291.1000061035156,12552207,ONGC
2024-09-11 04:45:00+00:00,288.20001220703125,291.1000061035156,287.3999938964844,288.20001220703125,7967739,ONGC
2024-09-11 05:45:00+00:00,286.25,288.20001220703125,285.8500061035156,288.1499938964844,4315208,ONGC
2024-09-11 06:45:00+00:00,286.8500061035156,287.8999938964844,286.1000061035156,286.29998779296875,2922783,ONGC
2024-09-11 07:45:00+00:00,283.70001220703125,287.70001220703125,283.6499938964844,286.8999938964844,6732961,ONGC
2024-09-11 08:45:00+00:00,285.04998779296875,285.6499938964844,283.25,283.70001220703125,7026120,ONGC
2024-09-11 09:45:00+00:00,286.8999938964844,286.8999938964844,284.8999938964844,285.04998779296875,3304210,ONGC
2024-09-12 03:45:00+00:00,286.79998779296875,290.6000061035156,286.6499938964844,288.8999938964844,4092211,ONGC
2024-09-12 04:45:00+00:00,288.5,289.54998779296875,286.6499938964844,286.75,1946211,ONGC
2024-09-12 05:45:00+00:00,288.70001220703125,290.3500061035156,287.3500061035156,288.5,1637543,ONGC
2024-09-12 06:45:00+00:00,289.3999938964844,290.04998779296875,288.5,288.75,1786647,ONGC
2024-09-12 07:45:00+00:00,291.1000061035156,291.8500061035156,288.6499938964844,289.3999938964844,2362362,ONGC
2024-09-12 08:45:00+00:00,294.3500061035156,294.70001220703125,291.04998779296875,291.1000061035156,7795209,ONGC
2024-09-12 09:45:00+00:00,293.0,294.5,292.5,294.3500061035156,2335639,ONGC
2024-09-13 03:45:00+00:00,295.20001220703125,297.20001220703125,292.79998779296875,294.8500061035156,5023621,ONGC
2024-09-13 04:45:00+00:00,295.45001220703125,295.6000061035156,294.04998779296875,295.29998779296875,1670918,ONGC
2024-09-13 05:45:00+00:00,292.8500061035156,295.45001220703125,292.5,295.45001220703125,1538598,ONGC
2024-09-13 06:45:00+00:00,292.20001220703125,293.3500061035156,292.20001220703125,292.6499938964844,807627,ONGC
2024-09-13 07:45:00+00:00,291.8999938964844,292.45001220703125,291.1499938964844,292.25,1433434,ONGC
2024-09-13 08:45:00+00:00,291.20001220703125,292.25,291.04998779296875,291.8500061035156,2152038,ONGC
2024-09-13 09:45:00+00:00,291.45001220703125,292.0,291.20001220703125,291.20001220703125,0,ONGC
2024-09-16 03:45:00+00:00,294.0,295.3999938964844,292.3500061035156,293.6499938964844,0,ONGC
2024-09-16 04:45:00+00:00,293.1000061035156,294.3999938964844,292.6000061035156,294.1499938964844,1266559,ONGC
2024-09-16 05:45:00+00:00,291.6499938964844,293.25,291.3500061035156,293.04998779296875,1544774,ONGC
2024-09-16 06:45:00+00:00,292.20001220703125,293.29998779296875,291.6499938964844,291.6499938964844,1482545,ONGC
2024-09-16 07:45:00+00:00,292.3500061035156,293.25,291.95001220703125,292.20001220703125,1044483,ONGC
2024-09-16 08:45:00+00:00,292.6499938964844,292.6499938964844,291.5,292.20001220703125,1628337,ONGC
2024-09-16 09:45:00+00:00,292.75,292.8500061035156,292.3500061035156,292.5,1003502,ONGC
2024-09-17 03:45:00+00:00,293.5,295.75,292.8500061035156,295.25,0,ONGC
2024-09-17 04:45:00+00:00,292.95001220703125,294.1499938964844,292.20001220703125,293.6000061035156,1692627,ONGC
2024-09-17 05:45:00+00:00,293.1000061035156,294.1000061035156,292.5,292.95001220703125,1326163,ONGC
2024-09-17 06:45:00+00:00,293.1000061035156,293.3500061035156,292.79998779296875,293.1000061035156,1051085,ONGC
2024-09-17 07:45:00+00:00,294.5,294.95001220703125,292.79998779296875,293.1000061035156,1611503,ONGC
2024-09-17 08:45:00+00:00,294.6499938964844,295.45001220703125,294.29998779296875,294.3500061035156,2487676,ONGC
2024-09-17 09:45:00+00:00,294.75,295.0,294.1000061035156,294.6000061035156,1252240,ONGC
2024-09-18 03:45:00+00:00,292.79998779296875,297.70001220703125,292.29998779296875,297.5,0,ONGC
2024-09-18 04:45:00+00:00,291.79998779296875,293.1000061035156,291.5,292.79998779296875,1292018,ONGC
2024-09-18 05:45:00+00:00,292.04998779296875,292.5,291.75,291.79998779296875,676123,ONGC
2024-09-18 06:45:00+00:00,289.04998779296875,292.25,288.75,292.04998779296875,1939321,ONGC
2024-09-18 07:45:00+00:00,289.25,290.75,287.8999938964844,289.0,1705815,ONGC
2024-09-18 08:45:00+00:00,290.3999938964844,291.04998779296875,288.79998779296875,289.3500061035156,2180108,ONGC
2024-09-18 09:45:00+00:00,289.5,290.6000061035156,289.3500061035156,290.45001220703125,896283,ONGC
2024-09-19 03:45:00+00:00,286.0,289.1499938964844,286.0,287.3500061035156,0,ONGC
2024-09-19 04:45:00+00:00,286.1000061035156,287.3999938964844,284.70001220703125,286.04998779296875,2746346,ONGC
2024-09-19 05:45:00+00:00,284.0,286.1000061035156,282.6499938964844,286.1000061035156,2431969,ONGC
2024-09-19 06:45:00+00:00,284.6000061035156,285.79998779296875,283.5,284.0,1854926,ONGC
2024-09-19 07:45:00+00:00,284.3999938964844,285.8999938964844,283.5,284.6000061035156,1478050,ONGC
2024-09-19 08:45:00+00:00,285.1000061035156,285.6000061035156,283.95001220703125,284.29998779296875,3214891,ONGC
2024-09-19 09:45:00+00:00,286.54998779296875,286.8999938964844,285.0,285.1000061035156,1246827,ONGC
2024-09-20 03:45:00+00:00,285.8500061035156,288.95001220703125,285.75,287.45001220703125,2280458,ONGC
2024-09-20 04:45:00+00:00,287.1000061035156,287.54998779296875,285.6000061035156,285.8500061035156,1179664,ONGC
2024-09-20 05:45:00+00:00,286.3500061035156,287.75,286.04998779296875,287.1000061035156,1050887,ONGC
2024-09-20 06:45:00+00:00,286.3999938964844,286.79998779296875,285.3999938964844,286.3500061035156,1214075,ONGC
2024-09-20 07:45:00+00:00,288.0,288.0,286.04998779296875,286.3999938964844,2173281,ONGC
2024-09-20 08:45:00+00:00,286.04998779296875,288.8500061035156,285.79998779296875,287.79998779296875,5109437,ONGC
2024-09-20 09:45:00+00:00,285.75,287.3999938964844,285.3500061035156,286.04998779296875,3564653,ONGC
2024-09-23 03:45:00+00:00,292.0,292.0,287.6000061035156,288.75,0,ONGC
2024-09-23 04:45:00+00:00,293.95001220703125,294.1499938964844,291.8500061035156,291.95001220703125,2556116,ONGC
2024-09-23 05:45:00+00:00,294.8999938964844,295.29998779296875,293.8500061035156,293.95001220703125,2007716,ONGC
2024-09-23 06:45:00+00:00,295.0,295.1499938964844,293.95001220703125,294.8999938964844,1515328,ONGC
2024-09-23 07:45:00+00:00,295.75,295.8500061035156,294.8500061035156,295.0,2123752,ONGC
2024-09-23 08:45:00+00:00,295.54998779296875,296.3500061035156,295.04998779296875,295.75,2093633,ONGC
2024-09-23 09:45:00+00:00,295.0,295.70001220703125,294.45001220703125,295.6499938964844,1403150,ONGC
2024-09-24 03:45:00+00:00,297.1499938964844,298.6000061035156,294.75,296.6000061035156,4741954,ONGC
2024-09-24 04:45:00+00:00,297.20001220703125,297.8999938964844,296.1000061035156,297.20001220703125,1653733,ONGC
2024-09-24 05:45:00+00:00,297.5,297.6499938964844,296.20001220703125,297.20001220703125,1065376,ONGC
2024-09-24 06:45:00+00:00,298.3500061035156,298.45001220703125,297.45001220703125,297.5,1241502,ONGC
2024-09-24 07:45:00+00:00,300.8999938964844,302.0,298.3500061035156,298.3500061035156,4202368,ONGC
2024-09-24 08:45:00+00:00,299.45001220703125,301.6000061035156,299.04998779296875,300.8999938964844,2864731,ONGC
2024-09-24 09:45:00+00:00,299.5,299.8500061035156,299.1499938964844,299.5,1211689,ONGC
2024-09-25 03:45:00+00:00,297.25,300.75,297.1499938964844,299.45001220703125,2632185,ONGC
2024-09-25 04:45:00+00:00,299.79998779296875,301.20001220703125,296.75,297.20001220703125,2106826,ONGC
2024-09-25 05:45:00+00:00,297.29998779296875,299.8999938964844,297.04998779296875,299.79998779296875,1134091,ONGC
2024-09-25 06:45:00+00:00,297.1000061035156,298.0,296.79998779296875,297.45001220703125,621278,ONGC
2024-09-25 07:45:00+00:00,297.1000061035156,297.75,297.0,297.04998779296875,577351,ONGC
2024-09-25 08:45:00+00:00,299.1000061035156,299.20001220703125,297.0,297.20001220703125,2197517,ONGC
2024-09-25 09:45:00+00:00,298.54998779296875,299.1000061035156,298.20001220703125,299.04998779296875,1336899,ONGC
2024-09-26 03:45:00+00:00,293.79998779296875,298.3500061035156,292.1499938964844,297.8999938964844,0,ONGC
2024-09-26 04:45:00+00:00,294.8500061035156,295.20001220703125,293.6000061035156,293.70001220703125,2957930,ONGC
2024-09-26 05:45:00+00:00,292.0,294.8500061035156,291.6000061035156,294.79998779296875,3524492,ONGC
2024-09-26 06:45:00+00:00,294.25,294.25,291.5,292.0,2959423,ONGC
2024-09-26 07:45:00+00:00,293.8500061035156,295.20001220703125,293.79998779296875,294.1000061035156,3989007,ONGC
2024-09-26 08:45:00+00:00,294.95001220703125,297.1000061035156,293.8999938964844,294.0,5929446,ONGC
2024-09-26 09:45:00+00:00,294.95001220703125,295.5,294.6000061035156,295.0,4479412,ONGC
2024-09-27 03:45:00+00:00,296.0,296.1499938964844,290.0,290.29998779296875,9014179,ONGC
2024-09-27 04:45:00+00:00,294.1000061035156,297.3999938964844,293.70001220703125,296.1000061035156,2810295,ONGC
2024-09-27 05:45:00+00:00,294.3500061035156,294.95001220703125,293.79998779296875,294.1499938964844,1778066,ONGC
2024-09-27 06:45:00+00:00,293.8999938964844,295.70001220703125,292.1000061035156,294.45001220703125,4601756,ONGC
2024-09-27 07:45:00+00:00,294.8500061035156,295.79998779296875,293.25,293.8500061035156,2180088,ONGC
2024-09-27 08:45:00+00:00,297.54998779296875,297.6499938964844,294.6000061035156,294.75,9324817,ONGC
2024-09-27 09:45:00+00:00,295.70001220703125,298.45001220703125,294.75,297.45001220703125,5987363,ONGC
2024-09-30 03:45:00+00:00,295.3999938964844,299.8999938964844,293.79998779296875,297.20001220703125,0,ONGC
2024-09-30 04:45:00+00:00,296.25,296.5,294.95001220703125,295.3500061035156,1216442,ONGC
2024-09-30 05:45:00+00:00,300.0,300.5,295.75,296.3500061035156,2245298,ONGC
2024-09-30 06:45:00+00:00,299.79998779296875,301.70001220703125,299.1000061035156,299.8999938964844,2338509,ONGC
2024-09-30 07:45:00+00:00,299.29998779296875,300.3500061035156,297.3500061035156,299.70001220703125,1657814,ONGC
2024-09-30 08:45:00+00:00,298.29998779296875,299.54998779296875,298.0,299.1499938964844,2059232,ONGC
2024-09-30 09:45:00+00:00,297.6000061035156,299.0,296.04998779296875,298.1499938964844,0,ONGC
2024-10-01 03:45:00+00:00,296.04998779296875,299.1000061035156,295.8999938964844,296.8500061035156,2003243,ONGC
2024-10-01 04:45:00+00:00,295.1499938964844,296.29998779296875,294.6499938964844,296.04998779296875,1083042,ONGC
2024-10-01 05:45:00+00:00,295.1499938964844,296.04998779296875,294.70001220703125,295.1499938964844,1116103,ONGC
2024-10-01 06:45:00+00:00,295.0,295.54998779296875,293.5,295.1499938964844,1308213,ONGC
2024-10-01 07:45:00+00:00,294.0,295.1499938964844,293.54998779296875,295.0,1415797,ONGC
2024-10-01 08:45:00+00:00,292.20001220703125,294.0,290.8500061035156,294.0,2999749,ONGC
2024-10-01 09:45:00+00:00,292.3999938964844,292.45001220703125,291.79998779296875,292.20001220703125,991018,ONGC
2024-10-03 03:45:00+00:00,295.1000061035156,297.8999938964844,294.5,294.5,10584022,ONGC
2024-10-03 04:45:00+00:00,295.1499938964844,295.5,294.29998779296875,295.1499938964844,2192152,ONGC
2024-10-03 05:45:00+00:00,292.6499938964844,295.29998779296875,292.20001220703125,295.29998779296875,2824339,ONGC
2024-10-03 06:45:00+00:00,292.45001220703125,293.3999938964844,291.6499938964844,292.6499938964844,2878059,ONGC
2024-10-03 07:45:00+00:00,292.54998779296875,292.8999938964844,290.6000061035156,292.3999938964844,2770715,ONGC
2024-10-03 08:45:00+00:00,292.70001220703125,293.0,291.0,292.6000061035156,4327454,ONGC
2024-10-03 09:45:00+00:00,293.0,293.0,291.6000061035156,292.6000061035156,2518819,ONGC
2024-10-04 03:45:00+00:00,297.0,297.3500061035156,294.0,296.70001220703125,0,ONGC
2024-10-04 04:45:00+00:00,298.5,299.6499938964844,296.04998779296875,296.95001220703125,3884032,ONGC
2024-10-04 05:45:00+00:00,297.3500061035156,298.95001220703125,297.0,298.54998779296875,1691350,ONGC
2024-10-04 06:45:00+00:00,296.3500061035156,297.3999938964844,295.6000061035156,297.3500061035156,2067740,ONGC
2024-10-04 07:45:00+00:00,294.8500061035156,296.3999938964844,294.1000061035156,296.25,2208267,ONGC
2024-10-04 08:45:00+00:00,295.5,295.8999938964844,293.20001220703125,294.8500061035156,3418796,ONGC
2024-10-04 09:45:00+00:00,295.45001220703125,295.6499938964844,294.75,295.45001220703125,1958535,ONGC
2024-10-07 03:45:00+00:00,291.0,296.25,290.1000061035156,296.25,0,ONGC
2024-10-07 04:45:00+00:00,284.3500061035156,291.0,281.75,291.0,5245517,ONGC
2024-10-07 05:45:00+00:00,286.5,287.20001220703125,284.29998779296875,284.54998779296875,2090173,ONGC
2024-10-07 06:45:00+00:00,286.95001220703125,287.1000061035156,285.6000061035156,286.5,2059610,ONGC
2024-10-07 07:45:00+00:00,287.20001220703125,288.6000061035156,286.29998779296875,286.95001220703125,1881330,ONGC
2024-10-07 08:45:00+00:00,289.45001220703125,290.0,286.8500061035156,287.1000061035156,4789382,ONGC
2024-10-07 09:45:00+00:00,289.6499938964844,289.79998779296875,289.25,289.45001220703125,1107775,ONGC
2024-10-08 03:45:00+00:00,289.5,291.6499938964844,285.6000061035156,288.79998779296875,2918833,ONGC
2024-10-08 04:45:00+00:00,291.95001220703125,292.04998779296875,289.45001220703125,289.54998779296875,1285446,ONGC
2024-10-08 05:45:00+00:00,291.6000061035156,292.8999938964844,291.1499938964844,291.8500061035156,1330183,ONGC
2024-10-08 06:45:00+00:00,292.95001220703125,293.29998779296875,291.29998779296875,291.6000061035156,1148730,ONGC
2024-10-08 07:45:00+00:00,293.0,293.5,292.1000061035156,293.04998779296875,846818,ONGC
2024-10-08 08:45:00+00:00,293.5,293.6499938964844,291.8999938964844,292.95001220703125,1906214,ONGC
2024-10-08 09:45:00+00:00,293.5,293.8999938964844,293.25,293.45001220703125,1132554,ONGC
2024-10-09 03:45:00+00:00,289.6499938964844,291.1000061035156,287.04998779296875,291.1000061035156,3793038,ONGC
2024-10-09 04:45:00+00:00,291.3500061035156,291.79998779296875,289.6000061035156,289.6499938964844,1707485,ONGC
2024-10-09 05:45:00+00:00,289.54998779296875,291.79998779296875,288.8500061035156,291.29998779296875,2052214,ONGC
2024-10-09 06:45:00+00:00,289.70001220703125,290.1499938964844,288.8500061035156,289.6000061035156,1267072,ONGC
2024-10-09 07:45:00+00:00,290.3500061035156,291.04998779296875,289.1499938964844,289.70001220703125,1320604,ONGC
2024-10-09 08:45:00+00:00,288.25,290.3500061035156,288.04998779296875,290.25,1773059,ONGC
2024-10-09 09:45:00+00:00,288.5,289.04998779296875,288.04998779296875,288.20001220703125,1232116,ONGC
2024-10-10 03:45:00+00:00,291.5,291.8500061035156,288.5,288.5,0,ONGC
2024-10-10 04:45:00+00:00,290.45001220703125,292.1499938964844,290.3999938964844,291.5,843049,ONGC
2024-10-10 05:45:00+00:00,289.20001220703125,290.95001220703125,289.1499938964844,290.3999938964844,730525,ONGC
2024-10-10 06:45:00+00:00,289.54998779296875,290.1499938964844,289.1000061035156,289.20001220703125,483573,ONGC
2024-10-10 07:45:00+00:00,288.8500061035156,290.0,288.25,289.54998779296875,670831,ONGC
2024-10-10 08:45:00+00:00,288.8999938964844,289.0,287.54998779296875,288.8500061035156,2228663,ONGC
2024-10-10 09:45:00+00:00,289.1000061035156,289.5,288.5,288.70001220703125,621172,ONGC
2024-10-11 03:45:00+00:00,292.29998779296875,293.3500061035156,289.5,291.29998779296875,0,ONGC
2024-10-11 04:45:00+00:00,292.8500061035156,292.95001220703125,291.3500061035156,292.3999938964844,1005000,ONGC
2024-10-11 05:45:00+00:00,291.3500061035156,292.8500061035156,290.6000061035156,292.8500061035156,848894,ONGC
2024-10-11 06:45:00+00:00,292.0,292.25,291.25,291.3500061035156,774864,ONGC
2024-10-11 07:45:00+00:00,291.5,292.3999938964844,291.45001220703125,292.0,570050,ONGC
2024-10-11 08:45:00+00:00,292.6000061035156,292.6499938964844,291.25,291.5,933628,ONGC
2024-10-11 09:45:00+00:00,292.70001220703125,292.8999938964844,292.5,292.6000061035156,644040,ONGC
2024-10-14 03:45:00+00:00,292.1499938964844,292.6000061035156,291.29998779296875,292.54998779296875,0,ONGC
2024-10-14 04:45:00+00:00,290.29998779296875,292.6000061035156,290.0,292.1499938964844,728036,ONGC
2024-10-14 05:45:00+00:00,290.0,290.8999938964844,289.79998779296875,290.3500061035156,478484,ONGC
2024-10-14 06:45:00+00:00,285.70001220703125,290.0,285.5,290.0,2003755,ONGC
2024-10-14 07:45:00+00:00,287.0,287.5,285.20001220703125,285.6499938964844,2735773,ONGC
2024-10-14 08:45:00+00:00,286.6000061035156,287.0,286.1000061035156,286.95001220703125,3615547,ONGC
2024-10-14 09:45:00+00:00,286.54998779296875,286.70001220703125,286.25,286.54998779296875,2120312,ONGC
2024-10-15 03:45:00+00:00,282.8500061035156,284.3500061035156,281.3999938964844,283.6000061035156,0,ONGC
2024-10-15 04:45:00+00:00,282.1000061035156,283.70001220703125,281.79998779296875,282.8500061035156,1825333,ONGC
2024-10-15 05:45:00+00:00,282.8999938964844,283.1000061035156,282.0,282.1000061035156,1794331,ONGC
2024-10-15 06:45:00+00:00,282.6499938964844,283.0,282.3500061035156,282.8999938964844,1105613,ONGC
2024-10-15 07:45:00+00:00,282.3500061035156,282.75,282.1499938964844,282.6499938964844,1205971,ONGC
2024-10-15 08:45:00+00:00,283.8999938964844,284.0,282.0,282.3999938964844,2777921,ONGC
2024-10-15 09:45:00+00:00,283.54998779296875,284.0,282.8500061035156,283.8999938964844,1589895,ONGC
2024-10-16 03:45:00+00:00,284.54998779296875,285.0,282.6499938964844,282.95001220703125,0,ONGC
2024-10-16 04:45:00+00:00,281.6499938964844,284.8999938964844,281.3999938964844,284.54998779296875,2211502,ONGC
2024-10-16 05:45:00+00:00,281.45001220703125,282.0,281.0,281.70001220703125,885827,ONGC
2024-10-16 06:45:00+00:00,284.1000061035156,284.54998779296875,280.70001220703125,281.3500061035156,1548246,ONGC
2024-10-16 07:45:00+00:00,285.54998779296875,285.6000061035156,283.1000061035156,284.3500061035156,1787226,ONGC
2024-10-16 08:45:00+00:00,285.5,287.25,285.1000061035156,285.70001220703125,6157550,ONGC
2024-10-16 09:45:00+00:00,285.0,286.0,284.3999938964844,285.3999938964844,4107241,ONGC
2024-10-17 03:45:00+00:00,286.1000061035156,286.5,284.0,284.6499938964844,0,ONGC
2024-10-17 04:45:00+00:00,286.79998779296875,287.6000061035156,285.54998779296875,286.04998779296875,1279202,ONGC
2024-10-17 05:45:00+00:00,284.70001220703125,287.04998779296875,284.70001220703125,286.8500061035156,1092576,ONGC
2024-10-17 06:45:00+00:00,281.95001220703125,284.8999938964844,281.8999938964844,284.75,1879870,ONGC
2024-10-17 07:45:00+00:00,281.6499938964844,282.95001220703125,281.54998779296875,281.95001220703125,2249767,ONGC
2024-10-17 08:45:00+00:00,281.6499938964844,283.04998779296875,281.1000061035156,281.75,3338897,ONGC
2024-10-17 09:45:00+00:00,281.95001220703125,282.0,280.95001220703125,281.79998779296875,1824534,ONGC
2024-10-18 03:45:00+00:00,280.75,283.3999938964844,279.6499938964844,282.6000061035156,0,ONGC
2024-10-18 04:45:00+00:00,280.0,280.8999938964844,279.20001220703125,280.70001220703125,2782544,ONGC
2024-10-18 05:45:00+00:00,281.95001220703125,283.20001220703125,279.3500061035156,279.8999938964844,2036035,ONGC
2024-10-18 06:45:00+00:00,283.45001220703125,283.95001220703125,281.95001220703125,281.95001220703125,1230200,ONGC
2024-10-18 07:45:00+00:00,282.8999938964844,284.3999938964844,282.79998779296875,283.3999938964844,1244461,ONGC
2024-10-18 08:45:00+00:00,283.0,284.5,282.5,282.8999938964844,2012679,ONGC
2024-10-18 09:45:00+00:00,282.79998779296875,283.20001220703125,282.6000061035156,283.04998779296875,1155538,ONGC
2024-10-21 03:45:00+00:00,278.29998779296875,283.3500061035156,277.3500061035156,283.3500061035156,0,ONGC
2024-10-21 04:45:00+00:00,278.25,278.5,277.5,278.29998779296875,1028397,ONGC
2024-10-21 05:45:00+00:00,276.6000061035156,278.5,276.45001220703125,278.1499938964844,1278365,ONGC
2024-10-21 06:45:00+00:00,276.95001220703125,277.3999938964844,276.3999938964844,276.54998779296875,740443,ONGC
2024-10-21 07:45:00+00:00,275.25,277.3999938964844,274.54998779296875,277.0,2196286,ONGC
2024-10-21 08:45:00+00:00,276.3500061035156,277.0,275.25,275.29998779296875,1790012,ONGC
2024-10-21 09:45:00+00:00,276.54998779296875,277.1499938964844,276.20001220703125,276.45001220703125,893291,ONGC
2024-10-22 03:45:00+00:00,275.45001220703125,278.1000061035156,275.45001220703125,276.6000061035156,0,ONGC
2024-10-22 04:45:00+00:00,274.8999938964844,275.70001220703125,272.3500061035156,275.5,1496304,ONGC
2024-10-22 05:45:00+00:00,274.8500061035156,275.75,274.1000061035156,275.0,926989,ONGC
2024-10-22 06:45:00+00:00,273.45001220703125,275.29998779296875,272.8999938964844,274.79998779296875,1477677,ONGC
2024-10-22 07:45:00+00:00,272.8999938964844,273.5,271.5,273.5,1345246,ONGC
2024-10-22 08:45:00+00:00,270.1499938964844,272.8999938964844,270.1499938964844,272.8500061035156,1861491,ONGC
2024-10-22 09:45:00+00:00,272.0,272.0,270.04998779296875,270.1000061035156,1164286,ONGC
2024-10-23 03:45:00+00:00,268.8999938964844,270.79998779296875,265.04998779296875,270.04998779296875,0,ONGC
2024-10-23 04:45:00+00:00,270.0,271.20001220703125,267.5,268.8999938964844,3083139,ONGC
2024-10-23 05:45:00+00:00,271.75,273.75,269.95001220703125,270.0,2752506,ONGC
2024-10-23 06:45:00+00:00,272.1499938964844,274.3500061035156,271.3500061035156,271.70001220703125,1238720,ONGC
2024-10-23 07:45:00+00:00,270.79998779296875,272.75,270.75,272.04998779296875,1854303,ONGC
2024-10-23 08:45:00+00:00,270.54998779296875,271.75,270.0,270.8999938964844,2718870,ONGC
2024-10-23 09:45:00+00:00,270.1000061035156,271.0,270.1000061035156,270.45001220703125,719655,ONGC
2024-10-24 03:45:00+00:00,271.0,272.45001220703125,269.1000061035156,271.8999938964844,0,ONGC
2024-10-24 04:45:00+00:00,270.5,272.0,270.1499938964844,270.95001220703125,823685,ONGC
2024-10-24 05:45:00+00:00,269.5,270.75,269.25,270.5,775420,ONGC
2024-10-24 06:45:00+00:00,269.95001220703125,270.5,268.5,269.45001220703125,800663,ONGC
2024-10-24 07:45:00+00:00,269.95001220703125,270.3500061035156,269.3500061035156,269.95001220703125,672164,ONGC
2024-10-24 08:45:00+00:00,268.95001220703125,270.0,268.5,270.0,1906888,ONGC
2024-10-24 09:45:00+00:00,269.6000061035156,269.6000061035156,268.3999938964844,268.8500061035156,911133,ONGC
2024-10-25 03:45:00+00:00,264.29998779296875,270.25,264.29998779296875,269.1000061035156,0,ONGC
2024-10-25 04:45:00+00:00,264.8500061035156,266.1000061035156,261.79998779296875,264.29998779296875,2041476,ONGC
2024-10-25 05:45:00+00:00,263.95001220703125,265.29998779296875,263.25,264.75,1659215,ONGC
2024-10-25 06:45:00+00:00,264.29998779296875,264.79998779296875,263.29998779296875,263.95001220703125,822767,ONGC
2024-10-25 07:45:00+00:00,263.75,265.25,263.6000061035156,264.3999938964844,2220117,ONGC
2024-10-25 08:45:00+00:00,263.1000061035156,264.1000061035156,261.95001220703125,263.79998779296875,2314080,ONGC
2024-10-25 09:45:00+00:00,264.04998779296875,265.3999938964844,263.20001220703125,263.20001220703125,1703936,ONGC
2024-10-28 03:45:00+00:00,257.8999938964844,261.45001220703125,255.3000030517578,260.20001220703125,0,ONGC
2024-10-28 04:45:00+00:00,262.6499938964844,262.79998779296875,257.79998779296875,257.8999938964844,2291572,ONGC
2024-10-28 05:45:00+00:00,263.95001220703125,264.1000061035156,262.54998779296875,262.54998779296875,1242640,ONGC
2024-10-28 06:45:00+00:00,263.6499938964844,264.1499938964844,263.0,264.1499938964844,1174664,ONGC
2024-10-28 07:45:00+00:00,263.70001220703125,264.1000061035156,263.1000061035156,263.70001220703125,1154416,ONGC
2024-10-28 08:45:00+00:00,263.6499938964844,265.04998779296875,262.45001220703125,263.70001220703125,2226580,ONGC
2024-10-28 09:45:00+00:00,263.3500061035156,263.95001220703125,262.5,263.6499938964844,0,ONGC
2024-10-29 03:45:00+00:00,261.3500061035156,264.3500061035156,260.5,263.6000061035156,2228791,ONGC
2024-10-29 04:45:00+00:00,260.45001220703125,261.70001220703125,259.3999938964844,261.3500061035156,1223931,ONGC
2024-10-29 05:45:00+00:00,263.95001220703125,263.95001220703125,260.3999938964844,260.45001220703125,1309641,ONGC
2024-10-29 06:45:00+00:00,263.20001220703125,264.0,262.8500061035156,263.95001220703125,1037649,ONGC
2024-10-29 07:45:00+00:00,263.70001220703125,263.75,262.20001220703125,263.1499938964844,913158,ONGC
2024-10-29 08:45:00+00:00,265.0,265.5,263.6000061035156,263.75,1683111,ONGC
2024-10-29 09:45:00+00:00,265.0,265.1499938964844,264.5,265.04998779296875,724898,ONGC
2024-10-30 03:45:00+00:00,264.79998779296875,265.29998779296875,262.8999938964844,265.29998779296875,0,ONGC
2024-10-30 04:45:00+00:00,264.45001220703125,266.1499938964844,264.1499938964844,264.75,1602726,ONGC
2024-10-30 05:45:00+00:00,263.70001220703125,264.79998779296875,263.20001220703125,264.45001220703125,1317210,ONGC
2024-10-30 06:45:00+00:00,263.70001220703125,264.5,263.20001220703125,263.70001220703125,1126643,ONGC
2024-10-30 07:45:00+00:00,261.95001220703125,263.70001220703125,261.95001220703125,263.70001220703125,1827197,ONGC
2024-10-30 08:45:00+00:00,261.45001220703125,262.75,261.04998779296875,261.79998779296875,2427219,ONGC
2024-10-30 09:45:00+00:00,262.6000061035156,262.6499938964844,261.1000061035156,261.45001220703125,997291,ONGC
2024-10-31 03:45:00+00:00,265.04998779296875,265.29998779296875,261.20001220703125,262.6499938964844,0,ONGC
2024-10-31 04:45:00+00:00,267.5,268.0,264.3999938964844,265.0,3141363,ONGC
2024-10-31 05:45:00+00:00,267.20001220703125,268.29998779296875,266.8500061035156,267.29998779296875,2091345,ONGC
2024-10-31 06:45:00+00:00,265.3999938964844,267.25,265.3500061035156,267.20001220703125,1970997,ONGC
2024-10-31 07:45:00+00:00,265.45001220703125,267.3999938964844,265.0,265.29998779296875,2163140,ONGC
2024-10-31 08:45:00+00:00,265.79998779296875,266.25,264.6000061035156,265.5,2940772,ONGC
2024-10-31 09:45:00+00:00,266.79998779296875,267.6499938964844,265.75,265.75,1539646,ONGC
2024-11-04 03:45:00+00:00,264.54998779296875,274.29998779296875,264.1000061035156,274.29998779296875,201148,ONGC
2024-11-04 04:45:00+00:00,262.6000061035156,264.70001220703125,261.6000061035156,264.54998779296875,1624102,ONGC
2024-11-04 05:45:00+00:00,262.3500061035156,263.5,261.8500061035156,262.6000061035156,1115719,ONGC
2024-11-04 06:45:00+00:00,261.3500061035156,262.5,260.3500061035156,262.3500061035156,1571660,ONGC
2024-11-04 07:45:00+00:00,262.1000061035156,262.29998779296875,260.25,261.25,1652651,ONGC
2024-11-04 08:45:00+00:00,265.1000061035156,265.20001220703125,261.8999938964844,262.04998779296875,3081116,ONGC
2024-11-04 09:45:00+00:00,265.29998779296875,266.20001220703125,265.0,265.1499938964844,2151013,ONGC
2024-11-05 03:45:00+00:00,266.6499938964844,267.70001220703125,263.6000061035156,265.1499938964844,0,ONGC
2024-11-05 04:45:00+00:00,266.3500061035156,267.45001220703125,266.0,266.70001220703125,913416,ONGC
2024-11-05 05:45:00+00:00,265.95001220703125,266.79998779296875,264.79998779296875,266.29998779296875,1297484,ONGC
2024-11-05 06:45:00+00:00,265.54998779296875,266.54998779296875,265.25,265.95001220703125,1723719,ONGC
2024-11-05 07:45:00+00:00,266.8999938964844,267.25,265.1499938964844,265.70001220703125,1664050,ONGC
2024-11-05 08:45:00+00:00,267.45001220703125,268.54998779296875,266.8500061035156,266.8500061035156,2507048,ONGC
2024-11-05 09:45:00+00:00,267.3999938964844,267.8500061035156,267.0,267.3999938964844,1080040,ONGC
2024-11-06 03:45:00+00:00,268.0,268.3500061035156,264.70001220703125,267.6000061035156,0,ONGC
2024-11-06 04:45:00+00:00,267.29998779296875,268.3500061035156,266.8500061035156,268.1000061035156,2144607,ONGC
2024-11-06 05:45:00+00:00,267.79998779296875,267.8500061035156,266.0,267.3500061035156,2771140,ONGC
2024-11-06 06:45:00+00:00,269.04998779296875,269.25,267.25,267.75,2897238,ONGC
2024-11-06 07:45:00+00:00,268.3999938964844,269.25,268.20001220703125,269.04998779296875,3118175,ONGC
2024-11-06 08:45:00+00:00,268.95001220703125,270.6000061035156,268.3500061035156,268.3999938964844,4663335,ONGC
2024-11-06 09:45:00+00:00,268.54998779296875,269.1499938964844,268.3500061035156,268.95001220703125,1133139,ONGC
2024-11-07 03:45:00+00:00,267.70001220703125,269.3500061035156,266.70001220703125,268.20001220703125,0,ONGC
2024-11-07 04:45:00+00:00,266.95001220703125,267.75,266.1000061035156,267.70001220703125,1176969,ONGC
2024-11-07 05:45:00+00:00,266.25,267.3500061035156,266.1000061035156,267.0,478465,ONGC
2024-11-07 06:45:00+00:00,266.29998779296875,266.8500061035156,266.0,266.20001220703125,417280,ONGC
2024-11-07 07:45:00+00:00,266.79998779296875,267.20001220703125,265.95001220703125,266.29998779296875,618962,ONGC
2024-11-07 08:45:00+00:00,265.0,266.95001220703125,264.8500061035156,266.79998779296875,1231118,ONGC
2024-11-07 09:45:00+00:00,265.70001220703125,266.0,264.79998779296875,264.95001220703125,712620,ONGC
2024-11-08 03:45:00+00:00,262.95001220703125,266.04998779296875,262.0,266.04998779296875,0,ONGC
2024-11-08 04:45:00+00:00,261.70001220703125,263.20001220703125,261.3500061035156,262.8500061035156,682395,ONGC
2024-11-08 05:45:00+00:00,260.70001220703125,261.8500061035156,259.6499938964844,261.70001220703125,908247,ONGC
2024-11-08 06:45:00+00:00,261.3999938964844,261.45001220703125,260.20001220703125,260.70001220703125,511570,ONGC
2024-11-08 07:45:00+00:00,260.6000061035156,261.75,260.5,261.3999938964844,1372012,ONGC
2024-11-08 08:45:00+00:00,262.75,263.1499938964844,260.3999938964844,260.5,2521526,ONGC
2024-11-08 09:45:00+00:00,261.25,263.1000061035156,261.04998779296875,262.8999938964844,536993,ONGC
2024-11-11 03:45:00+00:00,259.3500061035156,262.1499938964844,258.1499938964844,262.1499938964844,0,ONGC
2024-11-11 04:45:00+00:00,260.6499938964844,260.8500061035156,258.6000061035156,259.29998779296875,702941,ONGC
2024-11-11 05:45:00+00:00,259.20001220703125,261.29998779296875,258.8500061035156,260.6499938964844,993660,ONGC
2024-11-11 06:45:00+00:00,258.45001220703125,259.45001220703125,258.25,259.1000061035156,669212,ONGC
2024-11-11 07:45:00+00:00,256.29998779296875,258.54998779296875,256.29998779296875,258.54998779296875,1277576,ONGC
2024-11-11 08:45:00+00:00,257.3999938964844,258.8500061035156,256.1499938964844,256.29998779296875,2132938,ONGC
2024-11-11 09:45:00+00:00,257.25,257.54998779296875,256.6000061035156,257.45001220703125,919121,ONGC
2024-11-12 03:45:00+00:00,257.20001220703125,262.6499938964844,256.25,260.5,0,ONGC
2024-11-12 04:45:00+00:00,260.04998779296875,262.95001220703125,257.0,257.20001220703125,5627092,ONGC
2024-11-12 05:45:00+00:00,258.8500061035156,261.20001220703125,258.54998779296875,260.04998779296875,1998125,ONGC
2024-11-12 06:45:00+00:00,257.3999938964844,259.1499938964844,257.25,258.8500061035156,1756366,ONGC
2024-11-12 07:45:00+00:00,258.0,259.1000061035156,256.79998779296875,257.29998779296875,1894004,ONGC
2024-11-12 08:45:00+00:00,256.25,258.54998779296875,256.1000061035156,258.1000061035156,2334132,ONGC
2024-11-12 09:45:00+00:00,255.89999389648438,256.29998779296875,255.5,256.25,1894060,ONGC
2024-11-13 03:45:00+00:00,250.39999389648438,256.5,249.9499969482422,256.1499938964844,0,ONGC
2024-11-13 04:45:00+00:00,250.39999389648438,251.6999969482422,249.10000610351562,250.25,1664415,ONGC
2024-11-13 05:45:00+00:00,250.35000610351562,251.75,250.14999389648438,250.39999389648438,1037182,ONGC
2024-11-13 06:45:00+00:00,252.89999389648438,253.0,250.1999969482422,250.4499969482422,2094635,ONGC
2024-11-13 07:45:00+00:00,253.60000610351562,254.5500030517578,252.10000610351562,252.89999389648438,1820144,ONGC
2024-11-13 08:45:00+00:00,252.39999389648438,253.64999389648438,252.25,253.5500030517578,4853215,ONGC
2024-11-13 09:45:00+00:00,252.0,252.5,251.60000610351562,252.39999389648438,1790245,ONGC
2024-11-14 03:45:00+00:00,251.3000030517578,254.3000030517578,249.3000030517578,253.0,0,ONGC
2024-11-14 04:45:00+00:00,249.35000610351562,251.89999389648438,249.14999389648438,251.3000030517578,1789851,ONGC
2024-11-14 05:45:00+00:00,251.39999389648438,251.60000610351562,249.0,249.0500030517578,1667175,ONGC
2024-11-14 06:45:00+00:00,251.4499969482422,251.6999969482422,250.5500030517578,251.39999389648438,1101788,ONGC
2024-11-14 07:45:00+00:00,251.6999969482422,252.0,250.60000610351562,251.4499969482422,1311903,ONGC
2024-11-14 08:45:00+00:00,250.85000610351562,251.75,250.1999969482422,251.6999969482422,2730089,ONGC
2024-11-14 09:45:00+00:00,251.10000610351562,251.1999969482422,250.64999389648438,250.85000610351562,1243787,ONGC
2024-11-18 03:45:00+00:00,249.8000030517578,251.89999389648438,247.1999969482422,251.3000030517578,0,ONGC
2024-11-18 04:45:00+00:00,249.10000610351562,250.39999389648438,248.60000610351562,249.75,1509010,ONGC
2024-11-18 05:45:00+00:00,250.5,250.60000610351562,249.0,249.14999389648438,1050295,ONGC
2024-11-18 06:45:00+00:00,250.89999389648438,252.10000610351562,250.14999389648438,250.60000610351562,1535214,ONGC
2024-11-18 07:45:00+00:00,250.0,251.0,249.8000030517578,250.9499969482422,1085441,ONGC
2024-11-18 08:45:00+00:00,250.8000030517578,251.1999969482422,249.39999389648438,249.89999389648438,4282022,ONGC
2024-11-18 09:45:00+00:00,250.89999389648438,251.0500030517578,250.5500030517578,250.8000030517578,866287,ONGC
2024-11-19 03:45:00+00:00,251.85000610351562,255.25,249.75,249.75,0,ONGC
2024-11-19 04:45:00+00:00,251.5500030517578,252.8000030517578,251.3000030517578,251.8000030517578,1407747,ONGC
2024-11-19 05:45:00+00:00,251.0,251.85000610351562,250.25,251.64999389648438,1504159,ONGC
2024-11-19 06:45:00+00:00,249.85000610351562,251.4499969482422,249.64999389648438,250.9499969482422,1238656,ONGC
2024-11-19 07:45:00+00:00,249.0,249.9499969482422,248.8000030517578,249.85000610351562,1785316,ONGC
2024-11-19 08:45:00+00:00,247.5500030517578,249.5500030517578,247.3000030517578,249.0,3770885,ONGC
2024-11-19 09:45:00+00:00,248.0,248.39999389648438,247.1999969482422,247.60000610351562,2313546,ONGC
2024-11-21 03:45:00+00:00,242.5,246.10000610351562,241.89999389648438,245.1999969482422,0,ONGC
2024-11-21 04:45:00+00:00,246.1999969482422,246.1999969482422,242.35000610351562,242.5,2522590,ONGC
2024-11-21 05:45:00+00:00,244.39999389648438,246.3000030517578,244.0,246.0500030517578,1658726,ONGC
2024-11-21 06:45:00+00:00,243.25,244.39999389648438,242.85000610351562,244.39999389648438,1503927,ONGC
2024-11-21 07:45:00+00:00,242.10000610351562,243.5,241.9499969482422,243.1999969482422,1522466,ONGC
2024-11-21 08:45:00+00:00,242.35000610351562,242.35000610351562,240.89999389648438,242.0500030517578,3909672,ONGC
2024-11-21 09:45:00+00:00,242.14999389648438,242.5,241.9499969482422,242.35000610351562,982283,ONGC
2024-11-22 03:45:00+00:00,245.5500030517578,246.3000030517578,243.5,245.0,0,ONGC
2024-11-22 04:45:00+00:00,244.75,245.75,244.3000030517578,245.60000610351562,1120916,ONGC
2024-11-22 05:45:00+00:00,245.0500030517578,245.3000030517578,244.10000610351562,244.6999969482422,877454,ONGC
2024-11-22 06:45:00+00:00,246.0500030517578,246.8000030517578,245.0,245.0,1616380,ONGC
2024-11-22 07:45:00+00:00,246.39999389648438,246.9499969482422,245.5,246.0500030517578,1160653,ONGC
2024-11-22 08:45:00+00:00,246.0,246.9499969482422,245.60000610351562,246.39999389648438,1586197,ONGC
2024-11-22 09:45:00+00:00,245.4499969482422,246.0,245.0,246.0,788605,ONGC
2024-11-25 03:45:00+00:00,257.6499938964844,258.0,248.5,248.5,0,ONGC
2024-11-25 04:45:00+00:00,258.6499938964844,259.0,257.0,257.6000061035156,4313661,ONGC
2024-11-25 05:45:00+00:00,258.70001220703125,260.0,258.1499938964844,258.79998779296875,3846955,ONGC
2024-11-25 06:45:00+00:00,258.3999938964844,259.0,257.0,258.5,2869084,ONGC
2024-11-25 07:45:00+00:00,259.45001220703125,259.8500061035156,257.75,258.3999938964844,2739945,ONGC
2024-11-25 08:45:00+00:00,257.95001220703125,260.20001220703125,257.04998779296875,259.3999938964844,8787253,ONGC
2024-11-25 09:45:00+00:00,258.5,258.75,257.6499938964844,257.95001220703125,2395965,ONGC
2024-11-26 03:45:00+00:00,255.64999389648438,258.20001220703125,254.85000610351562,256.3500061035156,0,ONGC
2024-11-26 04:45:00+00:00,254.9499969482422,256.1000061035156,254.85000610351562,255.60000610351562,1054552,ONGC
2024-11-26 05:45:00+00:00,254.1999969482422,255.0500030517578,254.0,254.9499969482422,915419,ONGC
2024-11-26 06:45:00+00:00,253.0,254.3000030517578,253.0,254.25,1028675,ONGC
2024-11-26 07:45:00+00:00,253.64999389648438,254.0,252.60000610351562,253.0,1268569,ONGC
2024-11-26 08:45:00+00:00,254.39999389648438,254.5500030517578,253.14999389648438,253.5500030517578,1722074,ONGC
2024-11-26 09:45:00+00:00,254.0,254.60000610351562,253.89999389648438,254.39999389648438,948332,ONGC
2024-11-27 03:45:00+00:00,252.6999969482422,255.5,251.85000610351562,255.5,0,ONGC
2024-11-27 04:45:00+00:00,251.4499969482422,253.25,251.1999969482422,252.64999389648438,1887674,ONGC
2024-11-27 05:45:00+00:00,251.14999389648438,251.5500030517578,250.60000610351562,251.4499969482422,1234198,ONGC
2024-11-27 06:45:00+00:00,253.25,253.25,251.1999969482422,251.25,1443588,ONGC
2024-11-27 07:45:00+00:00,254.25,255.0,253.0,253.3000030517578,1886800,ONGC
2024-11-27 08:45:00+00:00,254.1999969482422,254.9499969482422,253.6999969482422,254.1999969482422,2214625,ONGC
2024-11-27 09:45:00+00:00,254.75,254.89999389648438,254.14999389648438,254.14999389648438,980371,ONGC
2024-11-28 03:45:00+00:00,255.8000030517578,256.5,254.39999389648438,255.0,0,ONGC
2024-11-28 04:45:00+00:00,253.60000610351562,257.3999938964844,253.25,255.85000610351562,2867271,ONGC
2024-11-28 05:45:00+00:00,253.85000610351562,254.5500030517578,253.14999389648438,253.64999389648438,1333924,ONGC
2024-11-28 06:45:00+00:00,253.5,254.4499969482422,253.3000030517578,253.8000030517578,1730534,ONGC
2024-11-28 07:45:00+00:00,253.25,254.39999389648438,252.4499969482422,253.5,2083174,ONGC
2024-11-28 08:45:00+00:00,251.9499969482422,253.60000610351562,251.25,253.3000030517578,2892510,ONGC
2024-11-28 09:45:00+00:00,252.85000610351562,253.5,251.9499969482422,252.0500030517578,1527081,ONGC
2024-11-29 03:45:00+00:00,253.10000610351562,254.64999389648438,252.39999389648438,253.8000030517578,0,ONGC
2024-11-29 04:45:00+00:00,254.25,254.89999389648438,252.89999389648438,253.0500030517578,1139457,ONGC
2024-11-29 05:45:00+00:00,254.5,254.9499969482422,254.0500030517578,254.1999969482422,753534,ONGC
2024-11-29 06:45:00+00:00,255.9499969482422,255.9499969482422,254.0,254.5,893154,ONGC
2024-11-29 07:45:00+00:00,256.54998779296875,257.5,255.6999969482422,255.9499969482422,1802066,ONGC
2024-11-29 08:45:00+00:00,257.0,258.6000061035156,256.25,256.54998779296875,3962936,ONGC
2024-11-29 09:45:00+00:00,257.0,257.04998779296875,256.5,257.04998779296875,1267192,ONGC
2024-12-02 03:45:00+00:00,255.0,255.89999389648438,252.8000030517578,255.85000610351562,0,ONGC
2024-12-02 04:45:00+00:00,255.1999969482422,256.5,254.89999389648438,255.0,1308765,ONGC
2024-12-02 05:45:00+00:00,254.5,255.5,254.4499969482422,255.25,821721,ONGC
2024-12-02 06:45:00+00:00,256.3500061035156,258.0,254.0500030517578,254.5,3584822,ONGC
2024-12-02 07:45:00+00:00,256.45001220703125,256.54998779296875,254.89999389648438,256.25,1289964,ONGC
2024-12-02 08:45:00+00:00,257.1499938964844,257.8999938964844,256.29998779296875,256.3500061035156,2730497,ONGC
2024-12-02 09:45:00+00:00,257.6499938964844,257.95001220703125,257.0,257.20001220703125,1599318,ONGC
2024-12-03 03:45:00+00:00,261.3999938964844,262.1499938964844,258.8500061035156,260.29998779296875,0,ONGC
2024-12-03 04:45:00+00:00,263.6000061035156,264.54998779296875,261.3500061035156,261.3999938964844,2978090,ONGC
2024-12-03 05:45:00+00:00,263.1499938964844,264.6499938964844,262.70001220703125,263.6499938964844,2111923,ONGC
2024-12-03 06:45:00+00:00,262.8500061035156,263.29998779296875,262.25,263.1000061035156,989004,ONGC
2024-12-03 07:45:00+00:00,263.04998779296875,263.6000061035156,262.79998779296875,262.8500061035156,1152369,ONGC
2024-12-03 08:45:00+00:00,262.8500061035156,263.1499938964844,262.1000061035156,263.04998779296875,1690495,ONGC
2024-12-03 09:45:00+00:00,262.3500061035156,262.79998779296875,261.25,262.79998779296875,1209743,ONGC
2024-12-04 03:45:00+00:00,263.3999938964844,264.29998779296875,262.0,263.95001220703125,0,ONGC
2024-12-04 04:45:00+00:00,262.29998779296875,263.3999938964844,262.0,263.3999938964844,1082263,ONGC
2024-12-04 05:45:00+00:00,261.29998779296875,263.45001220703125,260.6499938964844,262.29998779296875,1801365,ONGC
2024-12-04 06:45:00+00:00,261.6000061035156,262.1000061035156,261.04998779296875,261.29998779296875,1101877,ONGC
2024-12-04 07:45:00+00:00,261.8500061035156,262.3500061035156,261.3999938964844,261.6000061035156,1032430,ONGC
2024-12-04 08:45:00+00:00,260.75,261.8500061035156,260.04998779296875,261.8500061035156,2304585,ONGC
2024-12-04 09:45:00+00:00,260.70001220703125,261.0,260.70001220703125,260.75,1029719,ONGC
2024-12-05 03:45:00+00:00,258.6000061035156,260.70001220703125,258.29998779296875,260.6000061035156,0,ONGC
2024-12-05 04:45:00+00:00,257.8500061035156,259.20001220703125,257.5,258.6499938964844,964270,ONGC
2024-12-05 05:45:00+00:00,260.25,260.5,256.8999938964844,257.8500061035156,1397801,ONGC
2024-12-05 06:45:00+00:00,260.70001220703125,261.20001220703125,259.79998779296875,260.3999938964844,1144481,ONGC
2024-12-05 07:45:00+00:00,262.20001220703125,262.6499938964844,260.3999938964844,260.70001220703125,2063402,ONGC
2024-12-05 08:45:00+00:00,261.8999938964844,263.25,259.1499938964844,262.29998779296875,4583804,ONGC
2024-12-05 09:45:00+00:00,261.20001220703125,262.20001220703125,261.1499938964844,261.8999938964844,896157,ONGC
2024-12-06 03:45:00+00:00,261.20001220703125,262.6000061035156,259.6000061035156,260.75,0,ONGC
2024-12-06 04:45:00+00:00,262.1000061035156,263.0,260.6499938964844,261.1499938964844,1234399,ONGC
2024-12-06 05:45:00+00:00,260.8500061035156,262.1000061035156,260.70001220703125,262.0,950470,ONGC
2024-12-06 06:45:00+00:00,261.54998779296875,261.75,260.3999938964844,260.8500061035156,1280281,ONGC
2024-12-06 07:45:00+00:00,260.70001220703125,261.6499938964844,260.3500061035156,261.54998779296875,775541,ONGC
2024-12-06 08:45:00+00:00,260.04998779296875,260.8999938964844,259.8999938964844,260.70001220703125,1548093,ONGC
2024-12-06 09:45:00+00:00,260.1499938964844,260.25,259.95001220703125,260.1499938964844,1169987,ONGC
2024-12-09 03:45:00+00:00,257.8999938964844,260.70001220703125,257.79998779296875,260.54998779296875,0,ONGC
2024-12-09 04:45:00+00:00,258.70001220703125,259.20001220703125,257.70001220703125,257.79998779296875,2125715,ONGC
2024-12-09 05:45:00+00:00,259.45001220703125,260.0,258.6000061035156,258.75,539357,ONGC
2024-12-09 06:45:00+00:00,259.0,259.70001220703125,258.3500061035156,259.3999938964844,554561,ONGC
2024-12-09 07:45:00+00:00,258.95001220703125,259.3500061035156,258.54998779296875,259.1000061035156,561078,ONGC
2024-12-09 08:45:00+00:00,258.75,259.3500061035156,258.5,258.95001220703125,751575,ONGC
2024-12-09 09:45:00+00:00,259.1499938964844,259.29998779296875,258.5,258.75,616274,ONGC
2024-12-10 03:45:00+00:00,256.8500061035156,258.54998779296875,256.1499938964844,258.04998779296875,0,ONGC
2024-12-10 04:45:00+00:00,257.1000061035156,257.1499938964844,256.3500061035156,256.8500061035156,676345,ONGC
2024-12-10 05:45:00+00:00,255.75,257.20001220703125,255.75,257.1499938964844,1050837,ONGC
2024-12-10 06:45:00+00:00,255.4499969482422,255.89999389648438,255.1999969482422,255.8000030517578,789344,ONGC
2024-12-10 07:45:00+00:00,255.4499969482422,255.60000610351562,254.5,255.4499969482422,1094541,ONGC
2024-12-10 08:45:00+00:00,256.8999938964844,257.1000061035156,255.10000610351562,255.5,3539159,ONGC
2024-12-10 09:45:00+00:00,256.5,257.25,256.3999938964844,256.8999938964844,1755280,ONGC
2024-12-11 03:45:00+00:00,257.20001220703125,258.54998779296875,256.3999938964844,257.6000061035156,0,ONGC
2024-12-11 04:45:00+00:00,256.8500061035156,257.6000061035156,256.70001220703125,257.20001220703125,530064,ONGC
2024-12-11 05:45:00+00:00,256.54998779296875,257.29998779296875,256.5,256.79998779296875,389075,ONGC
2024-12-11 06:45:00+00:00,256.70001220703125,256.95001220703125,256.29998779296875,256.5,488252,ONGC
2024-12-11 07:45:00+00:00,256.20001220703125,256.75,256.1499938964844,256.70001220703125,443415,ONGC
2024-12-11 08:45:00+00:00,256.70001220703125,257.25,255.64999389648438,256.1499938964844,1366746,ONGC
2024-12-11 09:45:00+00:00,257.20001220703125,257.20001220703125,255.89999389648438,256.70001220703125,838413,ONGC
2024-12-12 03:45:00+00:00,256.1000061035156,258.3999938964844,255.6999969482422,257.79998779296875,0,ONGC
2024-12-12 04:45:00+00:00,255.4499969482422,256.29998779296875,255.10000610351562,256.04998779296875,831930,ONGC
2024-12-12 05:45:00+00:00,255.0,256.0,254.89999389648438,255.39999389648438,554745,ONGC
2024-12-12 06:45:00+00:00,255.1999969482422,256.5,254.89999389648438,255.0500030517578,1113085,ONGC
2024-12-12 07:45:00+00:00,254.75,255.3000030517578,254.3000030517578,255.1999969482422,504788,ONGC
2024-12-12 08:45:00+00:00,254.10000610351562,255.10000610351562,253.6999969482422,254.75,1459966,ONGC
2024-12-12 09:45:00+00:00,254.0,254.14999389648438,253.60000610351562,254.14999389648438,973148,ONGC
2024-12-13 03:45:00+00:00,250.6999969482422,253.5500030517578,250.60000610351562,252.85000610351562,0,ONGC
2024-12-13 04:45:00+00:00,251.9499969482422,252.4499969482422,249.5500030517578,250.8000030517578,1718081,ONGC
2024-12-13 05:45:00+00:00,253.75,253.89999389648438,250.85000610351562,252.0,1165629,ONGC
2024-12-13 06:45:00+00:00,254.89999389648438,255.4499969482422,253.25,253.8000030517578,838149,ONGC
2024-12-13 07:45:00+00:00,256.04998779296875,256.29998779296875,254.14999389648438,254.8000030517578,708737,ONGC
2024-12-13 08:45:00+00:00,254.10000610351562,256.79998779296875,253.89999389648438,256.0,4103312,ONGC
2024-12-13 09:45:00+00:00,255.0,255.1999969482422,253.8000030517578,254.10000610351562,1468198,ONGC
2024-12-16 03:45:00+00:00,253.0,255.4499969482422,252.6999969482422,255.4499969482422,0,ONGC
2024-12-16 04:45:00+00:00,251.64999389648438,253.0,251.5500030517578,253.0,890849,ONGC
2024-12-16 05:45:00+00:00,251.39999389648438,252.0,251.3000030517578,251.64999389648438,700692,ONGC
2024-12-16 06:45:00+00:00,251.64999389648438,251.8000030517578,251.1999969482422,251.39999389648438,848807,ONGC
2024-12-16 07:45:00+00:00,251.85000610351562,252.1999969482422,251.3000030517578,251.64999389648438,1085638,ONGC
2024-12-16 08:45:00+00:00,251.6999969482422,252.3000030517578,251.5500030517578,251.85000610351562,1158937,ONGC
2024-12-16 09:45:00+00:00,251.8000030517578,251.89999389648438,251.5,251.75,846980,ONGC
2024-12-17 03:45:00+00:00,249.39999389648438,252.1999969482422,249.1999969482422,251.9499969482422,0,ONGC
2024-12-17 04:45:00+00:00,249.0500030517578,250.0,248.4499969482422,249.39999389648438,1739836,ONGC
2024-12-17 05:45:00+00:00,249.25,249.75,248.6999969482422,249.0,1317425,ONGC
2024-12-17 06:45:00+00:00,249.6999969482422,250.39999389648438,249.1999969482422,249.1999969482422,1373509,ONGC
2024-12-17 07:45:00+00:00,249.0500030517578,249.8000030517578,249.0,249.64999389648438,1102927,ONGC
2024-12-17 08:45:00+00:00,247.60000610351562,249.35000610351562,247.3000030517578,249.10000610351562,2212822,ONGC
2024-12-17 09:45:00+00:00,247.0,247.64999389648438,246.64999389648438,247.60000610351562,760209,ONGC
2024-12-18 03:45:00+00:00,245.0500030517578,247.35000610351562,245.0500030517578,247.35000610351562,1475329,ONGC
2024-12-18 04:45:00+00:00,246.10000610351562,246.6999969482422,245.0,245.0500030517578,837179,ONGC
2024-12-18 05:45:00+00:00,246.0,246.85000610351562,245.39999389648438,246.14999389648438,1335768,ONGC
2024-12-18 06:45:00+00:00,244.4499969482422,246.10000610351562,243.64999389648438,245.89999389648438,1449190,ONGC
2024-12-18 07:45:00+00:00,243.6999969482422,244.6999969482422,243.5,244.5,883902,ONGC
2024-12-18 08:45:00+00:00,244.1999969482422,244.4499969482422,243.4499969482422,243.6999969482422,1698568,ONGC
2024-12-18 09:45:00+00:00,243.89999389648438,244.35000610351562,243.85000610351562,244.1999969482422,742645,ONGC
2024-12-19 03:45:00+00:00,241.10000610351562,242.3000030517578,238.6999969482422,242.0,0,ONGC
2024-12-19 04:45:00+00:00,242.4499969482422,242.85000610351562,240.64999389648438,241.10000610351562,1026115,ONGC
2024-12-19 05:45:00+00:00,243.75,243.85000610351562,242.4499969482422,242.5,1069045,ONGC
2024-12-19 06:45:00+00:00,243.1999969482422,243.85000610351562,242.8000030517578,243.8000030517578,784807,ONGC
2024-12-19 07:45:00+00:00,242.35000610351562,243.39999389648438,242.1999969482422,243.14999389648438,688623,ONGC
2024-12-19 08:45:00+00:00,241.64999389648438,242.4499969482422,241.5,242.25,1739978,ONGC
2024-12-19 09:45:00+00:00,242.1999969482422,242.39999389648438,241.5500030517578,241.6999969482422,847795,ONGC
2024-12-20 03:45:00+00:00,241.8000030517578,244.10000610351562,239.8000030517578,240.0,0,ONGC
2024-12-20 04:45:00+00:00,243.75,244.14999389648438,241.75,241.75,801848,ONGC
2024-12-20 05:45:00+00:00,242.8000030517578,243.85000610351562,242.75,243.75,494603,ONGC
2024-12-20 06:45:00+00:00,241.8000030517578,243.14999389648438,241.60000610351562,242.5,1124430,ONGC
2024-12-20 07:45:00+00:00,240.75,242.5500030517578,240.60000610351562,241.75,1496035,ONGC
2024-12-20 08:45:00+00:00,236.5500030517578,241.75,236.5,240.8000030517578,5296272,ONGC
2024-12-20 09:45:00+00:00,237.5,237.85000610351562,235.89999389648438,236.5500030517578,4382989,ONGC
2024-12-23 03:45:00+00:00,238.10000610351562,239.75,236.85000610351562,238.3000030517578,0,ONGC
2024-12-23 04:45:00+00:00,240.6999969482422,240.89999389648438,237.1999969482422,238.3000030517578,817112,ONGC
2024-12-23 05:45:00+00:00,240.64999389648438,242.3000030517578,240.39999389648438,240.8000030517578,1000671,ONGC
2024-12-23 06:45:00+00:00,239.14999389648438,241.25,239.0500030517578,240.5500030517578,628768,ONGC
2024-12-23 07:45:00+00:00,241.25,241.3000030517578,238.5,239.0500030517578,1263605,ONGC
2024-12-23 08:45:00+00:00,241.0500030517578,241.60000610351562,240.35000610351562,241.3000030517578,1369114,ONGC
2024-12-23 09:45:00+00:00,240.85000610351562,241.14999389648438,240.8000030517578,241.0,909087,ONGC
2024-12-24 03:45:00+00:00,241.60000610351562,241.9499969482422,240.0,241.9499969482422,0,ONGC
2024-12-24 04:45:00+00:00,242.0500030517578,243.1999969482422,241.60000610351562,241.6999969482422,586916,ONGC
2024-12-24 05:45:00+00:00,240.89999389648438,242.5,240.6999969482422,241.89999389648438,417462,ONGC
2024-12-24 06:45:00+00:00,240.9499969482422,241.64999389648438,240.3000030517578,240.89999389648438,361339,ONGC
2024-12-24 07:45:00+00:00,240.0500030517578,241.25,239.64999389648438,240.89999389648438,499582,ONGC
2024-12-24 08:45:00+00:00,238.85000610351562,240.1999969482422,238.64999389648438,240.0500030517578,648716,ONGC
2024-12-24 09:45:00+00:00,238.9499969482422,239.39999389648438,238.8000030517578,238.85000610351562,350978,ONGC
2024-12-26 03:45:00+00:00,240.60000610351562,242.0,239.25,240.0,0,ONGC
2024-12-26 04:45:00+00:00,240.0,240.6999969482422,239.3000030517578,240.5500030517578,518502,ONGC
2024-12-26 05:45:00+00:00,239.35000610351562,240.14999389648438,239.25,240.0,275488,ONGC
2024-12-26 06:45:00+00:00,240.1999969482422,240.25,239.0,239.35000610351562,383832,ONGC
2024-12-26 07:45:00+00:00,239.6999969482422,240.89999389648438,239.10000610351562,240.1999969482422,1173627,ONGC
2024-12-26 08:45:00+00:00,240.14999389648438,240.60000610351562,239.60000610351562,239.64999389648438,2063011,ONGC
2024-12-26 09:45:00+00:00,240.25,240.4499969482422,239.64999389648438,240.14999389648438,616260,ONGC
2024-12-27 03:45:00+00:00,240.4499969482422,241.0,239.3000030517578,239.8000030517578,0,ONGC
2024-12-27 04:45:00+00:00,239.4499969482422,240.64999389648438,238.8000030517578,240.39999389648438,1015716,ONGC
2024-12-27 05:45:00+00:00,238.3000030517578,239.5,238.10000610351562,239.39999389648438,681462,ONGC
2024-12-27 06:45:00+00:00,237.75,238.25,237.3000030517578,238.25,669797,ONGC
2024-12-27 07:45:00+00:00,237.3000030517578,237.8000030517578,236.9499969482422,237.64999389648438,838084,ONGC
2024-12-27 08:45:00+00:00,236.75,237.60000610351562,236.3000030517578,237.35000610351562,1443472,ONGC
2024-12-27 09:45:00+00:00,236.5,237.1999969482422,236.5,236.8000030517578,837419,ONGC
2024-12-30 03:45:00+00:00,235.8000030517578,236.8000030517578,234.3000030517578,236.8000030517578,0,ONGC
2024-12-30 04:45:00+00:00,235.5500030517578,236.9499969482422,235.3000030517578,235.8000030517578,730846,ONGC
2024-12-30 05:45:00+00:00,236.1999969482422,237.0,235.5,235.5500030517578,677990,ONGC
2024-12-30 06:45:00+00:00,235.60000610351562,236.64999389648438,235.10000610351562,236.25,551496,ONGC
2024-12-30 07:45:00+00:00,234.0500030517578,235.6999969482422,234.0,235.5,610553,ONGC
2024-12-30 08:45:00+00:00,231.6999969482422,234.6999969482422,231.5500030517578,234.14999389648438,7648392,ONGC
2024-12-30 09:45:00+00:00,234.5,234.9499969482422,231.14999389648438,231.85000610351562,7409016,ONGC
2024-12-31 03:45:00+00:00,235.14999389648438,237.5,233.0500030517578,233.0500030517578,0,ONGC
2024-12-31 04:45:00+00:00,236.3000030517578,236.39999389648438,234.9499969482422,235.25,1085462,ONGC
2024-12-31 05:45:00+00:00,237.0500030517578,237.1999969482422,235.14999389648438,236.1999969482422,844972,ONGC
2024-12-31 06:45:00+00:00,238.10000610351562,238.8000030517578,237.10000610351562,237.10000610351562,2313159,ONGC
2024-12-31 07:45:00+00:00,239.39999389648438,239.6999969482422,238.0,238.14999389648438,1679182,ONGC
2024-12-31 08:45:00+00:00,239.39999389648438,239.60000610351562,238.5,239.39999389648438,1550238,ONGC
2024-12-31 09:45:00+00:00,239.1999969482422,239.89999389648438,238.64999389648438,239.39999389648438,1127239,ONGC
2025-01-01 03:45:00+00:00,237.50999450683594,239.1999969482422,236.8699951171875,237.86000061035156,0,ONGC
2025-01-01 04:45:00+00:00,238.3699951171875,238.49000549316406,236.9600067138672,237.58999633789062,727679,ONGC
2025-01-01 05:45:00+00:00,237.0,238.64999389648438,236.72000122070312,238.3800048828125,783988,ONGC
2025-01-01 06:45:00+00:00,237.0500030517578,237.5500030517578,236.94000244140625,237.0,551233,ONGC
2025-01-01 07:45:00+00:00,237.80999755859375,238.1999969482422,236.8800048828125,237.0,1849892,ONGC
2025-01-01 08:45:00+00:00,237.0,237.99000549316406,236.82000732421875,237.8699951171875,2003479,ONGC
2025-01-01 09:45:00+00:00,236.89999389648438,237.1999969482422,236.50999450683594,237.0,2296124,ONGC
2025-01-02 03:45:00+00:00,240.9600067138672,242.1999969482422,237.0500030517578,238.13999938964844,0,ONGC
2025-01-02 04:45:00+00:00,242.57000732421875,242.97999572753906,240.2100067138672,240.9600067138672,3055894,ONGC
2025-01-02 05:45:00+00:00,242.55999755859375,242.99000549316406,241.97000122070312,242.60000610351562,1369712,ONGC
2025-01-02 06:45:00+00:00,244.88999938964844,244.99000549316406,242.3000030517578,242.55999755859375,2514224,ONGC
2025-01-02 07:45:00+00:00,245.52000427246094,245.8800048828125,244.25999450683594,244.88999938964844,2436877,ONGC
2025-01-02 08:45:00+00:00,246.38999938964844,246.39999389648438,245.0,245.52000427246094,3340693,ONGC
2025-01-02 09:45:00+00:00,246.07000732421875,246.72999572753906,245.61000061035156,246.38999938964844,2451372,ONGC
2025-01-03 03:45:00+00:00,252.33999633789062,255.1199951171875,248.57000732421875,248.57000732421875,0,ONGC
2025-01-03 04:45:00+00:00,250.58999633789062,252.4499969482422,249.75,252.4499969482422,3157407,ONGC
2025-01-03 05:45:00+00:00,257.3999938964844,257.7300109863281,250.52999877929688,250.6300048828125,8302003,ONGC
2025-01-03 06:45:00+00:00,259.79998779296875,260.6000061035156,256.79998779296875,257.3500061035156,7784156,ONGC
2025-01-03 07:45:00+00:00,259.44000244140625,262.75,259.30999755859375,259.75,12073071,ONGC
2025-01-03 08:45:00+00:00,259.1600036621094,260.0,258.4800109863281,259.3500061035156,5855012,ONGC
2025-01-03 09:45:00+00:00,258.20001220703125,259.2900085449219,258.0,259.1600036621094,2162751,ONGC
2025-01-06 03:45:00+00:00,255.60000610351562,258.8900146484375,254.64999389648438,258.8900146484375,0,ONGC
2025-01-06 04:45:00+00:00,252.25,255.94000244140625,252.0,255.6300048828125,2156475,ONGC
2025-01-06 05:45:00+00:00,252.8300018310547,254.5,251.47000122070312,252.1999969482422,2383519,ONGC
2025-01-06 06:45:00+00:00,255.4499969482422,256.739990234375,252.57000732421875,252.8300018310547,3266802,ONGC
2025-01-06 07:45:00+00:00,253.85000610351562,255.47999572753906,253.85000610351562,255.4499969482422,1926477,ONGC
2025-01-06 08:45:00+00:00,254.3300018310547,254.85000610351562,253.0800018310547,253.89999389648438,3510450,ONGC
2025-01-06 09:45:00+00:00,254.36000061035156,255.0800018310547,253.75999450683594,254.2899932861328,1870702,ONGC
2025-01-07 03:45:00+00:00,264.1199951171875,265.32000732421875,258.4800109863281,258.5,0,ONGC
2025-01-07 04:45:00+00:00,266.6000061035156,267.239990234375,264.17999267578125,264.17999267578125,10526645,ONGC
2025-01-07 05:45:00+00:00,266.1000061035156,267.25,265.30999755859375,266.6199951171875,6307511,ONGC
2025-01-07 06:45:00+00:00,265.6099853515625,266.67999267578125,264.29998779296875,266.0299987792969,6255612,ONGC
2025-01-07 07:45:00+00:00,266.25,266.8399963378906,264.6300048828125,265.6099853515625,5471993,ONGC
2025-01-07 08:45:00+00:00,263.5,266.29998779296875,263.04998779296875,266.25,5094649,ONGC
2025-01-07 09:45:00+00:00,263.989990234375,264.6499938964844,262.75,263.5299987792969,2719694,ONGC
2025-01-08 03:45:00+00:00,267.7799987792969,270.44000244140625,265.7799987792969,266.2699890136719,0,ONGC
2025-01-08 04:45:00+00:00,266.2699890136719,267.8500061035156,266.07000732421875,267.7799987792969,2208290,ONGC
2025-01-08 05:45:00+00:00,268.8900146484375,269.8399963378906,266.07000732421875,266.1600036621094,5596095,ONGC
2025-01-08 06:45:00+00:00,269.6600036621094,270.260009765625,268.5,268.8999938964844,5143787,ONGC
2025-01-08 07:45:00+00:00,272.5,272.5799865722656,269.010009765625,269.6600036621094,7113632,ONGC
2025-01-08 08:45:00+00:00,271.4100036621094,273.489990234375,270.25,272.57000732421875,7691778,ONGC
2025-01-08 09:45:00+00:00,271.3299865722656,272.20001220703125,270.70001220703125,271.4200134277344,2515037,ONGC
2025-01-09 03:45:00+00:00,268.20001220703125,271.79998779296875,267.3800048828125,271.42999267578125,0,ONGC
2025-01-09 04:45:00+00:00,265.489990234375,268.44000244140625,265.2900085449219,268.2200012207031,1812807,ONGC
2025-01-09 05:45:00+00:00,265.0,266.1400146484375,264.1199951171875,265.4700012207031,1292939,ONGC
2025-01-09 06:45:00+00:00,263.760009765625,265.5,263.55999755859375,264.9700012207031,1505554,ONGC
2025-01-09 07:45:00+00:00,262.5,264.0,261.9800109863281,263.79998779296875,1596227,ONGC
2025-01-09 08:45:00+00:00,262.1000061035156,263.260009765625,261.75,262.45001220703125,2639392,ONGC
2025-01-09 09:45:00+00:00,264.1300048828125,264.5,262.0,262.0899963378906,2562298,ONGC
2025-01-10 03:45:00+00:00,260.1000061035156,264.20001220703125,258.5,263.989990234375,0,ONGC
2025-01-10 04:45:00+00:00,265.8299865722656,265.8800048828125,259.7699890136719,260.2099914550781,2079240,ONGC
2025-01-10 05:45:00+00:00,264.5,266.5,264.0799865722656,265.79998779296875,2634652,ONGC
2025-01-10 06:45:00+00:00,264.67999267578125,265.30999755859375,263.44000244140625,264.510009765625,1371579,ONGC
2025-01-10 07:45:00+00:00,262.7099914550781,265.45001220703125,262.70001220703125,264.6099853515625,1618864,ONGC
2025-01-10 08:45:00+00:00,262.6600036621094,263.69000244140625,262.1499938964844,262.7099914550781,1722898,ONGC
2025-01-10 09:45:00+00:00,263.0,263.6700134277344,262.6000061035156,262.6600036621094,916479,ONGC
2025-01-13 03:45:00+00:00,261.32000732421875,266.8800048828125,259.3599853515625,266.8800048828125,0,ONGC
2025-01-13 04:45:00+00:00,258.0,261.8699951171875,257.1000061035156,261.5,2285373,ONGC
2025-01-13 05:45:00+00:00,259.69000244140625,260.6499938964844,257.1000061035156,258.0,1695284,ONGC
2025-01-13 06:45:00+00:00,257.8599853515625,259.6499938964844,257.1400146484375,259.57000732421875,1250163,ONGC
2025-01-13 07:45:00+00:00,255.8000030517578,258.6499938964844,255.5500030517578,257.9200134277344,1337037,ONGC
2025-01-13 08:45:00+00:00,255.97999572753906,256.9800109863281,254.72999572753906,255.88999938964844,2399254,ONGC
2025-01-13 09:45:00+00:00,255.72999572753906,256.4599914550781,255.30999755859375,255.97999572753906,1575226,ONGC
2025-01-14 03:45:00+00:00,258.25,259.7699890136719,256.8699951171875,257.6000061035156,0,ONGC
2025-01-14 04:45:00+00:00,261.79998779296875,262.0,257.6000061035156,258.25,1311530,ONGC
2025-01-14 05:45:00+00:00,260.20001220703125,261.79998779296875,259.29998779296875,261.75,1297629,ONGC
2025-01-14 06:45:00+00:00,260.6000061035156,260.8999938964844,259.3999938964844,260.30999755859375,804713,ONGC
2025-01-14 07:45:00+00:00,259.3699951171875,260.5899963378906,258.9599914550781,260.5899963378906,677833,ONGC
2025-01-14 08:45:00+00:00,260.5,260.54998779296875,259.1199951171875,259.3500061035156,1107682,ONGC
2025-01-14 09:45:00+00:00,260.8999938964844,261.1199951171875,260.1099853515625,260.5,722316,ONGC
2025-01-15 03:45:00+00:00,262.1199951171875,262.5,258.5799865722656,260.2699890136719,0,ONGC
2025-01-15 04:45:00+00:00,262.7300109863281,264.3900146484375,261.5899963378906,262.20001220703125,2122438,ONGC
2025-01-15 05:45:00+00:00,260.44000244140625,263.0899963378906,260.2799987792969,262.80999755859375,1237599,ONGC
2025-01-15 06:45:00+00:00,259.5299987792969,261.0400085449219,259.4200134277344,260.239990234375,1002273,ONGC
2025-01-15 07:45:00+00:00,259.6499938964844,259.79998779296875,258.80999755859375,259.5199890136719,626972,ONGC
2025-01-15 08:45:00+00:00,258.42999267578125,259.989990234375,257.70001220703125,259.6099853515625,1340413,ONGC
2025-01-15 09:45:00+00:00,258.5,258.5,257.7300109863281,258.42999267578125,840545,ONGC
2025-01-16 03:45:00+00:00,262.6400146484375,263.20001220703125,260.3599853515625,261.9800109863281,0,ONGC
2025-01-16 04:45:00+00:00,264.1499938964844,265.5299987792969,262.1000061035156,262.7099914550781,3566701,ONGC
2025-01-16 05:45:00+00:00,263.69000244140625,264.1499938964844,261.67999267578125,264.1000061035156,1657536,ONGC
2025-01-16 06:45:00+00:00,263.44000244140625,264.1000061035156,262.6099853515625,263.69000244140625,1248854,ONGC
2025-01-16 07:45:00+00:00,263.9200134277344,264.25,263.25,263.45001220703125,1019927,ONGC
2025-01-16 08:45:00+00:00,262.79998779296875,264.1600036621094,262.760009765625,263.9200134277344,2614690,ONGC
2025-01-16 09:45:00+00:00,263.0,263.6600036621094,262.9100036621094,262.9100036621094,1369220,ONGC
2025-01-17 03:45:00+00:00,265.1700134277344,266.3800048828125,261.989990234375,261.989990234375,0,ONGC
2025-01-17 04:45:00+00:00,264.3999938964844,265.9700012207031,263.1300048828125,265.1300048828125,2387730,ONGC
2025-01-17 05:45:00+00:00,265.989990234375,266.1000061035156,264.3699951171875,264.3999938964844,1227674,ONGC
2025-01-17 06:45:00+00:00,265.75,266.44000244140625,265.4100036621094,265.989990234375,1425097,ONGC
2025-01-17 07:45:00+00:00,265.9599914550781,265.989990234375,265.3800048828125,265.760009765625,1390108,ONGC
2025-01-17 08:45:00+00:00,266.8999938964844,266.9700012207031,265.7900085449219,265.9800109863281,1875650,ONGC
2025-01-17 09:45:00+00:00,266.6000061035156,267.0,266.54998779296875,266.95001220703125,899995,ONGC
2025-01-20 03:45:00+00:00,267.79998779296875,269.0,265.0899963378906,268.510009765625,0,ONGC
2025-01-20 04:45:00+00:00,266.9100036621094,267.79998779296875,266.510009765625,267.7799987792969,1494695,ONGC
2025-01-20 05:45:00+00:00,268.010009765625,268.45001220703125,266.8399963378906,266.92999267578125,1372145,ONGC
2025-01-20 06:45:00+00:00,268.3699951171875,268.5,267.7200012207031,268.05999755859375,769157,ONGC
2025-01-20 07:45:00+00:00,268.17999267578125,268.5,267.8500061035156,268.3399963378906,694973,ONGC
2025-01-20 08:45:00+00:00,269.3500061035156,270.4700012207031,268.1099853515625,268.1499938964844,2426644,ONGC
2025-01-20 09:45:00+00:00,269.3599853515625,269.4100036621094,268.42999267578125,269.4100036621094,627974,ONGC
2025-01-21 03:45:00+00:00,266.6099853515625,269.29998779296875,266.0199890136719,268.1000061035156,0,ONGC
2025-01-21 04:45:00+00:00,266.7300109863281,267.1700134277344,264.8299865722656,266.6099853515625,1433066,ONGC
2025-01-21 05:45:00+00:00,267.54998779296875,268.19000244140625,265.79998779296875,266.75,830718,ONGC
2025-01-21 06:45:00+00:00,267.6499938964844,268.3500061035156,266.55999755859375,267.5299987792969,859060,ONGC
2025-01-21 07:45:00+00:00,267.2099914550781,268.1000061035156,266.3699951171875,267.7699890136719,842151,ONGC
2025-01-21 08:45:00+00:00,265.82000732421875,267.45001220703125,265.1600036621094,267.2900085449219,1736874,ONGC
2025-01-21 09:45:00+00:00,265.79998779296875,266.25,265.67999267578125,265.82000732421875,593613,ONGC
2025-01-22 03:45:00+00:00,263.17999267578125,266.3699951171875,262.7099914550781,266.29998779296875,0,ONGC
2025-01-22 04:45:00+00:00,263.1600036621094,264.1300048828125,262.4200134277344,263.3399963378906,737608,ONGC
2025-01-22 05:45:00+00:00,262.3900146484375,263.5,261.79998779296875,262.9800109863281,1182236,ONGC
2025-01-22 06:45:00+00:00,263.54998779296875,263.54998779296875,261.75,262.29998779296875,934805,ONGC
2025-01-22 07:45:00+00:00,263.4700012207031,263.92999267578125,262.6199951171875,263.54998779296875,794232,ONGC
2025-01-22 08:45:00+00:00,264.1199951171875,264.44000244140625,263.239990234375,263.5299987792969,1965921,ONGC
2025-01-22 09:45:00+00:00,263.69000244140625,264.5,263.69000244140625,264.1199951171875,751961,ONGC
2025-01-23 03:45:00+00:00,263.0899963378906,263.4599914550781,261.1700134277344,262.8699951171875,0,ONGC
2025-01-23 04:45:00+00:00,263.1000061035156,263.7900085449219,262.70001220703125,263.0,616180,ONGC
2025-01-23 05:45:00+00:00,262.760009765625,263.42999267578125,262.2099914550781,263.0,674619,ONGC
2025-01-23 06:45:00+00:00,262.82000732421875,263.4200134277344,262.3999938964844,262.7799987792969,474309,ONGC
2025-01-23 07:45:00+00:00,262.95001220703125,263.2300109863281,262.6700134277344,262.7799987792969,483803,ONGC
2025-01-23 08:45:00+00:00,262.760009765625,263.3800048828125,262.510009765625,263.0299987792969,1158947,ONGC
2025-01-23 09:45:00+00:00,262.5,263.29998779296875,262.5,262.760009765625,537298,ONGC
2025-01-24 03:45:00+00:00,259.6300048828125,265.5,259.3800048828125,262.7900085449219,0,ONGC
2025-01-24 04:45:00+00:00,260.9599914550781,261.1300048828125,258.54998779296875,259.57000732421875,603795,ONGC
2025-01-24 05:45:00+00:00,260.3299865722656,262.260009765625,260.2699890136719,261.0,670671,ONGC
2025-01-24 06:45:00+00:00,259.67999267578125,260.8900146484375,259.0,260.3399963378906,485765,ONGC
2025-01-24 07:45:00+00:00,258.0,259.6700134277344,257.9100036621094,259.6600036621094,624076,ONGC
2025-01-24 08:45:00+00:00,255.9499969482422,258.2799987792969,255.8000030517578,258.010009765625,1360002,ONGC
2025-01-24 09:45:00+00:00,258.0,258.25,255.97000122070312,256.010009765625,988169,ONGC
2025-01-27 03:45:00+00:00,254.0500030517578,256.42999267578125,253.5800018310547,254.88999938964844,0,ONGC
2025-01-27 04:45:00+00:00,251.77000427246094,254.0500030517578,251.0,253.89999389648438,958858,ONGC
2025-01-27 05:45:00+00:00,251.1999969482422,252.42999267578125,250.5,251.6999969482422,696794,ONGC
2025-01-27 06:45:00+00:00,253.22999572753906,253.77999877929688,250.89999389648438,251.3000030517578,1110108,ONGC
2025-01-27 07:45:00+00:00,251.75,253.42999267578125,251.52000427246094,253.27999877929688,668302,ONGC
2025-01-27 08:45:00+00:00,251.33999633789062,252.25999450683594,249.52999877929688,251.80999755859375,1134367,ONGC
2025-01-27 09:45:00+00:00,250.49000549316406,251.6199951171875,250.0,251.42999267578125,412881,ONGC
2025-01-28 03:45:00+00:00,248.8800048828125,252.3000030517578,247.42999267578125,250.13999938964844,0,ONGC
2025-01-28 04:45:00+00:00,248.8300018310547,249.13999938964844,246.8000030517578,248.77999877929688,1003562,ONGC
2025-01-28 05:45:00+00:00,251.7899932861328,251.9499969482422,248.27999877929688,248.8699951171875,1637466,ONGC
2025-01-28 06:45:00+00:00,251.27000427246094,251.99000549316406,249.33999633789062,251.88999938964844,1175706,ONGC
2025-01-28 07:45:00+00:00,249.49000549316406,251.58999633789062,248.5,251.3800048828125,682777,ONGC
2025-01-28 08:45:00+00:00,248.8800048828125,250.30999755859375,248.0500030517578,249.41000366210938,1205337,ONGC
2025-01-28 09:45:00+00:00,248.67999267578125,249.97000122070312,248.5500030517578,248.8800048828125,416411,ONGC
2025-01-29 03:45:00+00:00,248.75999450683594,250.8800048828125,247.72000122070312,249.6999969482422,0,ONGC
2025-01-29 04:45:00+00:00,248.3000030517578,249.39999389648438,248.17999267578125,248.85000610351562,596213,ONGC
2025-01-29 05:45:00+00:00,249.2100067138672,249.49000549316406,247.0,248.33999633789062,1071023,ONGC
2025-01-29 06:45:00+00:00,251.24000549316406,251.2899932861328,249.1999969482422,249.1999969482422,686082,ONGC
2025-01-29 07:45:00+00:00,251.30999755859375,251.99000549316406,250.8000030517578,251.16000366210938,1263057,ONGC
2025-01-29 08:45:00+00:00,251.57000732421875,251.94000244140625,250.89999389648438,251.33999633789062,624901,ONGC
2025-01-29 09:45:00+00:00,252.0,252.0,250.92999267578125,251.5800018310547,321360,ONGC
2025-01-30 03:45:00+00:00,257.5899963378906,257.7300109863281,251.25999450683594,252.0,0,ONGC
2025-01-30 04:45:00+00:00,258.4800109863281,258.7699890136719,256.5,257.7300109863281,1156242,ONGC
2025-01-30 05:45:00+00:00,257.17999267578125,258.9800109863281,257.0799865722656,258.45001220703125,1758042,ONGC
2025-01-30 06:45:00+00:00,258.7200012207031,259.3999938964844,256.8999938964844,257.25,2148884,ONGC
2025-01-30 07:45:00+00:00,254.7100067138672,258.79998779296875,254.50999450683594,258.7200012207031,2167318,ONGC
2025-01-30 08:45:00+00:00,257.3599853515625,257.5,254.39999389648438,254.6699981689453,2438229,ONGC
2025-01-30 09:45:00+00:00,257.010009765625,258.0,256.5299987792969,257.3999938964844,1132512,ONGC
2025-01-31 03:45:00+00:00,257.3999938964844,260.3999938964844,255.27000427246094,256.3999938964844,0,ONGC
2025-01-31 04:45:00+00:00,259.32000732421875,260.1099853515625,257.0,257.4599914550781,1508263,ONGC
2025-01-31 05:45:00+00:00,259.8599853515625,260.25,258.5799865722656,259.32000732421875,769248,ONGC
2025-01-31 06:45:00+00:00,259.989990234375,260.1400146484375,258.45001220703125,259.8500061035156,618600,ONGC
2025-01-31 07:45:00+00:00,259.29998779296875,260.70001220703125,259.07000732421875,259.8999938964844,1020212,ONGC
2025-01-31 08:45:00+00:00,263.17999267578125,263.3500061035156,259.05999755859375,259.4200134277344,2255965,ONGC
2025-01-31 09:45:00+00:00,262.79998779296875,263.3599853515625,262.04998779296875,263.1499938964844,906642,ONGC
2025-02-03 03:45:00+00:00,247.3000030517578,255.10000610351562,245.0,255.0,0,ONGC
2025-02-03 04:45:00+00:00,249.0,249.35000610351562,246.39999389648438,247.25,1608169,ONGC
2025-02-03 05:45:00+00:00,247.1999969482422,249.39999389648438,246.10000610351562,249.0,2056248,ONGC
2025-02-03 06:45:00+00:00,246.1999969482422,247.64999389648438,245.1999969482422,247.14999389648438,7747446,ONGC
2025-02-03 07:45:00+00:00,246.5500030517578,246.6999969482422,245.1999969482422,246.10000610351562,4300940,ONGC
2025-02-03 08:45:00+00:00,248.5500030517578,248.60000610351562,245.89999389648438,246.5500030517578,4185015,ONGC
2025-02-03 09:45:00+00:00,251.0500030517578,251.25,248.3000030517578,248.64999389648438,1803365,ONGC
2025-02-04 03:45:00+00:00,255.85000610351562,257.5,253.10000610351562,253.10000610351562,0,ONGC
2025-02-04 04:45:00+00:00,254.0500030517578,256.5,253.3000030517578,255.85000610351562,1168150,ONGC
2025-02-04 05:45:00+00:00,256.1499938964844,256.5,253.75,254.0500030517578,822153,ONGC
2025-02-04 06:45:00+00:00,256.0,256.3999938964844,255.1999969482422,256.0,896535,ONGC
2025-02-04 07:45:00+00:00,253.5500030517578,256.1499938964844,253.14999389648438,256.0,904987,ONGC
2025-02-04 08:45:00+00:00,254.0500030517578,254.3000030517578,252.64999389648438,253.5,1670628,ONGC
2025-02-04 09:45:00+00:00,254.39999389648438,254.5,254.0500030517578,254.10000610351562,762329,ONGC
2025-02-05 03:45:00+00:00,259.1499938964844,261.5,258.0,258.6499938964844,2872061,ONGC
2025-02-05 04:45:00+00:00,259.1499938964844,261.1000061035156,257.79998779296875,259.1499938964844,1961552,ONGC
2025-02-05 05:45:00+00:00,258.75,259.79998779296875,258.04998779296875,259.1499938964844,781711,ONGC
2025-02-05 06:45:00+00:00,259.1000061035156,259.45001220703125,258.0,258.8999938964844,694256,ONGC
2025-02-05 07:45:00+00:00,261.1000061035156,262.0,258.95001220703125,259.1000061035156,1468986,ONGC
2025-02-05 08:45:00+00:00,261.6000061035156,262.95001220703125,260.79998779296875,261.0,2679622,ONGC
2025-02-05 09:45:00+00:00,261.25,261.75,261.1000061035156,261.6499938964844,1130126,ONGC
2025-02-06 03:45:00+00:00,259.1000061035156,262.95001220703125,259.1000061035156,262.29998779296875,0,ONGC
2025-02-06 04:45:00+00:00,258.3999938964844,260.3999938964844,258.3999938964844,259.20001220703125,784813,ONGC
2025-02-06 05:45:00+00:00,256.29998779296875,258.6499938964844,256.1499938964844,258.3500061035156,1027417,ONGC
2025-02-06 06:45:00+00:00,255.60000610351562,256.75,255.35000610351562,256.29998779296875,1315270,ONGC
2025-02-06 07:45:00+00:00,254.75,255.60000610351562,254.39999389648438,255.60000610351562,1538466,ONGC
2025-02-06 08:45:00+00:00,256.1000061035156,256.25,254.75,254.85000610351562,3798941,ONGC
2025-02-06 09:45:00+00:00,256.45001220703125,256.70001220703125,255.6999969482422,256.1499938964844,1724824,ONGC
2025-02-07 03:45:00+00:00,248.64999389648438,253.1999969482422,247.8000030517578,253.1999969482422,0,ONGC
2025-02-07 04:45:00+00:00,250.64999389648438,250.8000030517578,248.0,248.6999969482422,1485464,ONGC
2025-02-07 05:45:00+00:00,250.25,251.64999389648438,250.0,250.75,1137878,ONGC
2025-02-07 06:45:00+00:00,248.9499969482422,250.39999389648438,248.9499969482422,250.1999969482422,852276,ONGC
2025-02-07 07:45:00+00:00,247.9499969482422,249.8000030517578,247.8000030517578,249.0500030517578,818519,ONGC
2025-02-07 08:45:00+00:00,249.0500030517578,249.0500030517578,247.5500030517578,248.0,1448032,ONGC
2025-02-07 09:45:00+00:00,248.9499969482422,249.3000030517578,248.5500030517578,248.9499969482422,983010,ONGC
2025-02-10 03:45:00+00:00,243.85000610351562,249.60000610351562,243.39999389648438,248.9499969482422,0,ONGC
2025-02-10 04:45:00+00:00,242.5,243.9499969482422,242.25,243.8000030517578,976389,ONGC
2025-02-10 05:45:00+00:00,242.14999389648438,242.9499969482422,241.8000030517578,242.5500030517578,1203860,ONGC
2025-02-10 06:45:00+00:00,242.25,242.8000030517578,242.0,242.14999389648438,768618,ONGC
2025-02-10 07:45:00+00:00,242.1999969482422,242.85000610351562,242.0,242.25,701939,ONGC
2025-02-10 08:45:00+00:00,242.5,243.25,242.0500030517578,242.14999389648438,1207574,ONGC
2025-02-10 09:45:00+00:00,242.85000610351562,243.0,242.1999969482422,242.4499969482422,815575,ONGC
2025-02-11 03:45:00+00:00,240.0,242.35000610351562,239.5,242.35000610351562,0,ONGC
2025-02-11 04:45:00+00:00,239.75,240.39999389648438,239.3000030517578,240.0,574071,ONGC
2025-02-11 05:45:00+00:00,240.8000030517578,241.0,239.60000610351562,239.64999389648438,690878,ONGC
2025-02-11 06:45:00+00:00,237.4499969482422,240.8000030517578,237.39999389648438,240.6999969482422,757146,ONGC
2025-02-11 07:45:00+00:00,237.64999389648438,238.5500030517578,236.8000030517578,237.3000030517578,937819,ONGC
2025-02-11 08:45:00+00:00,239.0500030517578,239.25,237.0500030517578,237.5500030517578,1665827,ONGC
2025-02-11 09:45:00+00:00,238.9499969482422,239.39999389648438,238.4499969482422,239.0,595170,ONGC
2025-02-12 03:45:00+00:00,234.9499969482422,241.10000610351562,234.75,238.8000030517578,0,ONGC
2025-02-12 04:45:00+00:00,237.75,238.0,234.1999969482422,234.89999389648438,1063216,ONGC
2025-02-12 05:45:00+00:00,238.35000610351562,239.5500030517578,237.25,237.6999969482422,833581,ONGC
2025-02-12 06:45:00+00:00,238.6999969482422,239.4499969482422,238.0500030517578,238.39999389648438,489057,ONGC
2025-02-12 07:45:00+00:00,236.5,238.85000610351562,236.1999969482422,238.75,579988,ONGC
2025-02-12 08:45:00+00:00,237.39999389648438,237.6999969482422,236.4499969482422,236.4499969482422,727491,ONGC
2025-02-12 09:45:00+00:00,237.6999969482422,238.14999389648438,237.3000030517578,237.39999389648438,501305,ONGC
2025-02-13 03:45:00+00:00,236.89999389648438,239.0,235.0,239.0,0,ONGC
2025-02-13 04:45:00+00:00,237.35000610351562,238.25,236.25,236.89999389648438,1045040,ONGC
2025-02-13 05:45:00+00:00,237.89999389648438,238.5,237.1999969482422,237.35000610351562,788909,ONGC
2025-02-13 06:45:00+00:00,237.1999969482422,238.5,237.1999969482422,237.75,884559,ONGC
2025-02-13 07:45:00+00:00,235.5,238.14999389648438,235.10000610351562,237.35000610351562,1602292,ONGC
2025-02-13 08:45:00+00:00,234.85000610351562,235.5500030517578,234.35000610351562,235.35000610351562,2708730,ONGC
2025-02-13 09:45:00+00:00,234.9499969482422,235.35000610351562,234.75,234.75,820831,ONGC
2025-02-14 03:45:00+00:00,233.1999969482422,237.9499969482422,232.60000610351562,237.9499969482422,0,ONGC
2025-02-14 04:45:00+00:00,229.75,233.8000030517578,229.0,233.35000610351562,1253232,ONGC
2025-02-14 05:45:00+00:00,229.8000030517578,230.5,229.0500030517578,229.75,554490,ONGC
2025-02-14 06:45:00+00:00,228.35000610351562,230.0,228.0500030517578,229.89999389648438,592966,ONGC
2025-02-14 07:45:00+00:00,227.0500030517578,229.39999389648438,227.0500030517578,228.35000610351562,1179499,ONGC
2025-02-14 08:45:00+00:00,230.60000610351562,230.75,226.8000030517578,227.1999969482422,2093429,ONGC
2025-02-14 09:45:00+00:00,230.35000610351562,230.75,230.10000610351562,230.64999389648438,982305,ONGC
2025-02-17 03:45:00+00:00,230.64999389648438,231.60000610351562,225.35000610351562,228.6999969482422,0,ONGC
2025-02-17 04:45:00+00:00,231.35000610351562,233.85000610351562,230.5500030517578,230.60000610351562,915823,ONGC
2025-02-17 05:45:00+00:00,230.85000610351562,231.6999969482422,230.3000030517578,231.14999389648438,844701,ONGC
2025-02-17 06:45:00+00:00,231.6999969482422,232.1999969482422,230.35000610351562,230.8000030517578,740998,ONGC
2025-02-17 07:45:00+00:00,232.5,233.39999389648438,231.5,231.6999969482422,1095258,ONGC
2025-02-17 08:45:00+00:00,233.75,233.85000610351562,232.4499969482422,232.60000610351562,811669,ONGC
2025-02-17 09:45:00+00:00,234.0,234.10000610351562,233.4499969482422,233.89999389648438,569732,ONGC
2025-02-18 03:45:00+00:00,231.8000030517578,233.9499969482422,229.5500030517578,233.5,0,ONGC
2025-02-18 04:45:00+00:00,232.35000610351562,233.35000610351562,231.0,231.75,542708,ONGC
2025-02-18 05:45:00+00:00,232.75,233.1999969482422,232.0500030517578,232.1999969482422,465870,ONGC
2025-02-18 06:45:00+00:00,232.1999969482422,233.0,231.6999969482422,232.6999969482422,384065,ONGC
2025-02-18 07:45:00+00:00,234.35000610351562,234.5500030517578,232.1999969482422,232.39999389648438,797382,ONGC
2025-02-18 08:45:00+00:00,236.6999969482422,237.14999389648438,234.0,234.14999389648438,2310919,ONGC
2025-02-18 09:45:00+00:00,235.89999389648438,236.8000030517578,235.75,236.75,626961,ONGC
2025-02-19 03:45:00+00:00,237.5,238.1999969482422,235.14999389648438,235.14999389648438,0,ONGC
2025-02-19 04:45:00+00:00,236.9499969482422,238.39999389648438,236.5,237.5500030517578,759960,ONGC
2025-02-19 05:45:00+00:00,237.3000030517578,237.60000610351562,236.39999389648438,236.9499969482422,493088,ONGC
2025-02-19 06:45:00+00:00,236.75,237.75,235.85000610351562,237.39999389648438,624711,ONGC
2025-02-19 07:45:00+00:00,238.5,238.5,236.39999389648438,236.6999969482422,808690,ONGC
2025-02-19 08:45:00+00:00,238.5500030517578,238.8000030517578,237.14999389648438,238.4499969482422,1423512,ONGC
2025-02-19 09:45:00+00:00,237.75,238.60000610351562,237.75,238.5,334672,ONGC
2025-02-20 03:45:00+00:00,238.85000610351562,239.5500030517578,237.0500030517578,237.5,0,ONGC
2025-02-20 04:45:00+00:00,240.6999969482422,240.75,238.85000610351562,238.85000610351562,1156706,ONGC
2025-02-20 05:45:00+00:00,240.0,240.75,240.0,240.6999969482422,944345,ONGC
2025-02-20 06:45:00+00:00,241.25,241.5,240.0,240.0,1100801,ONGC
2025-02-20 07:45:00+00:00,242.1999969482422,242.39999389648438,241.14999389648438,241.25,1596674,ONGC
2025-02-20 08:45:00+00:00,242.14999389648438,242.5500030517578,241.60000610351562,242.1999969482422,2106376,ONGC
2025-02-20 09:45:00+00:00,241.1999969482422,242.10000610351562,241.14999389648438,242.10000610351562,655306,ONGC
2025-02-21 03:45:00+00:00,238.75,243.0,238.4499969482422,240.5,0,ONGC
2025-02-21 04:45:00+00:00,238.39999389648438,239.75,238.14999389648438,238.64999389648438,733233,ONGC
2025-02-21 05:45:00+00:00,239.3000030517578,240.5,238.25,238.39999389648438,604498,ONGC
2025-02-21 06:45:00+00:00,239.5500030517578,240.75,239.3000030517578,239.3000030517578,523815,ONGC
2025-02-21 07:45:00+00:00,239.14999389648438,239.85000610351562,238.1999969482422,239.60000610351562,628366,ONGC
2025-02-21 08:45:00+00:00,240.39999389648438,240.60000610351562,239.0500030517578,239.25,986421,ONGC
2025-02-21 09:45:00+00:00,239.89999389648438,240.39999389648438,239.0,240.39999389648438,453287,ONGC
2025-02-24 03:45:00+00:00,236.14999389648438,237.9499969482422,234.85000610351562,236.14999389648438,0,ONGC
2025-02-24 04:45:00+00:00,235.89999389648438,236.25,235.14999389648438,236.0500030517578,761126,ONGC
2025-02-24 05:45:00+00:00,236.0500030517578,237.64999389648438,235.85000610351562,235.85000610351562,671444,ONGC
2025-02-24 06:45:00+00:00,236.0500030517578,236.60000610351562,235.64999389648438,236.0500030517578,591157,ONGC
2025-02-24 07:45:00+00:00,235.6999969482422,236.1999969482422,235.3000030517578,236.0500030517578,621254,ONGC
2025-02-24 08:45:00+00:00,234.3000030517578,235.9499969482422,234.10000610351562,235.75,1816570,ONGC
2025-02-24 09:45:00+00:00,234.35000610351562,234.5,234.0,234.3000030517578,0,ONGC
2025-02-25 03:45:00+00:00,235.6999969482422,236.6999969482422,234.85000610351562,235.4499969482422,1589328,ONGC
2025-02-25 04:45:00+00:00,235.89999389648438,236.25,234.75,235.60000610351562,670437,ONGC
2025-02-25 05:45:00+00:00,235.0500030517578,236.10000610351562,234.14999389648438,235.85000610351562,824990,ONGC
2025-02-25 06:45:00+00:00,235.0,235.60000610351562,234.25,235.0500030517578,456880,ONGC
2025-02-25 07:45:00+00:00,233.4499969482422,234.9499969482422,233.14999389648438,234.9499969482422,539034,ONGC
2025-02-25 08:45:00+00:00,233.25,234.25,233.0,233.4499969482422,846717,ONGC
2025-02-25 09:45:00+00:00,233.1999969482422,233.25,232.60000610351562,233.1999969482422,587850,ONGC
2025-02-27 03:45:00+00:00,229.8000030517578,233.8000030517578,229.5,233.8000030517578,0,ONGC
2025-02-27 04:45:00+00:00,231.35000610351562,231.6999969482422,229.64999389648438,229.89999389648438,732946,ONGC
2025-02-27 05:45:00+00:00,228.9499969482422,231.5500030517578,228.89999389648438,231.35000610351562,1394137,ONGC
2025-02-27 06:45:00+00:00,229.0,229.3000030517578,228.5,228.9499969482422,1145973,ONGC
2025-02-27 07:45:00+00:00,229.10000610351562,229.75,228.6999969482422,229.0,1176612,ONGC
2025-02-27 08:45:00+00:00,230.9499969482422,231.1999969482422,229.0,229.0500030517578,2354648,ONGC
2025-02-27 09:45:00+00:00,231.0,231.39999389648438,230.75,231.0,1350456,ONGC
2025-02-28 03:45:00+00:00,227.6999969482422,229.60000610351562,226.4499969482422,229.60000610351562,0,ONGC
2025-02-28 04:45:00+00:00,226.9499969482422,228.14999389648438,226.35000610351562,227.6999969482422,1289449,ONGC
2025-02-28 05:45:00+00:00,225.10000610351562,227.5,224.5500030517578,226.89999389648438,1618551,ONGC
2025-02-28 06:45:00+00:00,223.75,225.35000610351562,223.1999969482422,225.10000610351562,1598164,ONGC
2025-02-28 07:45:00+00:00,224.1999969482422,225.14999389648438,223.64999389648438,223.64999389648438,2334552,ONGC
2025-02-28 08:45:00+00:00,225.60000610351562,225.60000610351562,223.6999969482422,224.1999969482422,5274806,ONGC
2025-02-28 09:45:00+00:00,225.64999389648438,225.8000030517578,224.89999389648438,225.60000610351562,3111701,ONGC
2025-03-03 03:45:00+00:00,218.44000244140625,225.69000244140625,218.39999389648438,224.74000549316406,0,ONGC
2025-03-03 04:45:00+00:00,221.5399932861328,223.75,218.44000244140625,218.44000244140625,2484988,ONGC
2025-03-03 05:45:00+00:00,221.16000366210938,222.5,220.55999755859375,221.4600067138672,1391723,ONGC
2025-03-03 06:45:00+00:00,225.3800048828125,225.3800048828125,220.60000610351562,221.1699981689453,1334648,ONGC
2025-03-03 07:45:00+00:00,225.33999633789062,225.5,223.47999572753906,225.1999969482422,1227507,ONGC
2025-03-03 08:45:00+00:00,225.14999389648438,226.0,224.52999877929688,225.1699981689453,1139208,ONGC
2025-03-03 09:45:00+00:00,225.1300048828125,225.4499969482422,224.89999389648438,225.14999389648438,781719,ONGC
2025-03-04 03:45:00+00:00,224.5,225.5,217.0,218.3000030517578,0,ONGC
2025-03-04 04:45:00+00:00,225.32000732421875,226.5,224.05999755859375,224.5399932861328,1660027,ONGC
2025-03-04 05:45:00+00:00,224.6999969482422,225.63999938964844,224.39999389648438,225.39999389648438,1196622,ONGC
2025-03-04 06:45:00+00:00,224.5,225.72999572753906,224.11000061035156,224.75,825983,ONGC
2025-03-04 07:45:00+00:00,227.52000427246094,227.6699981689453,224.5,224.5,1663134,ONGC
2025-03-04 08:45:00+00:00,226.77999877929688,227.52999877929688,226.41000366210938,227.41000366210938,1804007,ONGC
2025-03-04 09:45:00+00:00,226.9499969482422,227.0,226.52999877929688,226.88999938964844,933426,ONGC
2025-03-05 03:45:00+00:00,227.58999633789062,229.2100067138672,226.77000427246094,227.75,0,ONGC
2025-03-05 04:45:00+00:00,229.89999389648438,230.16000366210938,226.8000030517578,227.5399932861328,1222954,ONGC
2025-03-05 05:45:00+00:00,230.80999755859375,231.25,229.60000610351562,229.89999389648438,770815,ONGC
2025-03-05 06:45:00+00:00,230.0399932861328,231.0,229.6300048828125,230.8000030517578,567901,ONGC
2025-03-05 07:45:00+00:00,229.32000732421875,230.5500030517578,228.6300048828125,230.02999877929688,666778,ONGC
2025-03-05 08:45:00+00:00,228.92999267578125,229.6199951171875,228.5500030517578,229.32000732421875,1231620,ONGC
2025-03-05 09:45:00+00:00,229.5500030517578,229.60000610351562,228.77000427246094,228.94000244140625,774816,ONGC
2025-03-06 03:45:00+00:00,227.10000610351562,231.27000427246094,226.7100067138672,230.55999755859375,0,ONGC
2025-03-06 04:45:00+00:00,229.6699981689453,229.85000610351562,227.10000610351562,227.10000610351562,1552287,ONGC
2025-03-06 05:45:00+00:00,229.1699981689453,229.85000610351562,228.39999389648438,229.6699981689453,906952,ONGC
2025-03-06 06:45:00+00:00,231.0500030517578,231.75,229.02999877929688,229.02999877929688,985991,ONGC
2025-03-06 07:45:00+00:00,232.74000549316406,233.57000732421875,230.27999877929688,231.0500030517578,1617269,ONGC
2025-03-06 08:45:00+00:00,232.57000732421875,233.4199981689453,231.86000061035156,232.8000030517578,1814477,ONGC
2025-03-06 09:45:00+00:00,232.27000427246094,232.75,232.2100067138672,232.60000610351562,631543,ONGC
2025-03-07 03:45:00+00:00,232.57000732421875,234.89999389648438,231.27999877929688,232.89999389648438,0,ONGC
2025-03-07 04:45:00+00:00,235.38999938964844,236.4600067138672,232.57000732421875,232.6699981689453,1835791,ONGC
2025-03-07 05:45:00+00:00,233.10000610351562,235.5,233.02000427246094,235.24000549316406,1216143,ONGC
2025-03-07 06:45:00+00:00,233.02999877929688,234.6199951171875,232.5399932861328,233.11000061035156,879442,ONGC
2025-03-07 07:45:00+00:00,232.22999572753906,234.10000610351562,231.2100067138672,233.07000732421875,1277542,ONGC
2025-03-07 08:45:00+00:00,232.77000427246094,233.6300048828125,232.1300048828125,232.2100067138672,1635739,ONGC
2025-03-07 09:45:00+00:00,232.5,232.91000366210938,232.30999755859375,232.7899932861328,790607,ONGC
2025-03-10 03:45:00+00:00,233.05999755859375,235.0,231.69000244140625,233.49000549316406,0,ONGC
2025-03-10 04:45:00+00:00,230.58999633789062,233.19000244140625,230.5,233.19000244140625,1320406,ONGC
2025-03-10 05:45:00+00:00,229.17999267578125,230.80999755859375,228.7100067138672,230.58999633789062,1026013,ONGC
2025-03-10 06:45:00+00:00,226.9499969482422,229.07000732421875,226.9499969482422,229.05999755859375,1478939,ONGC
2025-03-10 07:45:00+00:00,225.11000061035156,227.1699981689453,224.57000732421875,226.9600067138672,2769090,ONGC
2025-03-10 08:45:00+00:00,223.5,225.1300048828125,222.9600067138672,225.1300048828125,4853573,ONGC
2025-03-10 09:45:00+00:00,223.2899932861328,223.72999572753906,222.5,223.49000549316406,3447109,ONGC
2025-03-11 03:45:00+00:00,223.1300048828125,225.52000427246094,220.30999755859375,220.30999755859375,0,ONGC
2025-03-11 04:45:00+00:00,223.39999389648438,224.74000549316406,222.8699951171875,223.1300048828125,1607592,ONGC
2025-03-11 05:45:00+00:00,223.72999572753906,223.9499969482422,222.92999267578125,223.39999389648438,943324,ONGC
2025-03-11 06:45:00+00:00,223.41000366210938,224.0,223.0,223.80999755859375,653525,ONGC
2025-03-11 07:45:00+00:00,225.33999633789062,225.47999572753906,222.80999755859375,223.3000030517578,1269641,ONGC
2025-03-11 08:45:00+00:00,227.0800018310547,227.25,225.3300018310547,225.33999633789062,1783397,ONGC
2025-03-11 09:45:00+00:00,226.72000122070312,227.0800018310547,226.00999450683594,227.0800018310547,757953,ONGC
2025-03-12 03:45:00+00:00,224.69000244140625,228.69000244140625,224.39999389648438,227.69000244140625,0,ONGC
2025-03-12 04:45:00+00:00,224.11000061035156,225.24000549316406,223.17999267578125,224.6699981689453,915404,ONGC
2025-03-12 05:45:00+00:00,223.85000610351562,224.75,222.94000244140625,224.1300048828125,982564,ONGC
2025-03-12 06:45:00+00:00,223.6999969482422,223.97999572753906,222.36000061035156,223.89999389648438,998381,ONGC
2025-03-12 07:45:00+00:00,223.99000549316406,225.08999633789062,223.52000427246094,223.6999969482422,1056502,ONGC
2025-03-12 08:45:00+00:00,224.8300018310547,225.13999938964844,223.89999389648438,223.9499969482422,721578,ONGC
2025-03-12 09:45:00+00:00,224.1999969482422,224.75,223.89999389648438,224.75,635151,ONGC
2025-03-13 03:45:00+00:00,227.77000427246094,230.3800048828125,226.75999450683594,227.2899932861328,0,ONGC
2025-03-13 04:45:00+00:00,227.6999969482422,228.6699981689453,227.3000030517578,227.77000427246094,2369770,ONGC
2025-03-13 05:45:00+00:00,226.50999450683594,227.72999572753906,224.8800048828125,227.72999572753906,1781195,ONGC
2025-03-13 06:45:00+00:00,225.5500030517578,226.97999572753906,225.50999450683594,226.5500030517578,1240405,ONGC
2025-03-13 07:45:00+00:00,225.64999389648438,226.35000610351562,225.25999450683594,225.55999755859375,647452,ONGC
2025-03-13 08:45:00+00:00,225.41000366210938,225.9199981689453,225.00999450683594,225.75,1752177,ONGC
2025-03-13 09:45:00+00:00,225.3000030517578,225.89999389648438,225.00999450683594,225.4499969482422,1342764,ONGC
2025-03-17 03:45:00+00:00,228.0800018310547,229.32000732421875,227.19000244140625,227.94000244140625,0,ONGC
2025-03-17 04:45:00+00:00,227.17999267578125,228.14999389648438,226.83999633789062,228.02999877929688,841425,ONGC
2025-03-17 05:45:00+00:00,228.25999450683594,228.6999969482422,227.1199951171875,227.17999267578125,747740,ONGC
2025-03-17 06:45:00+00:00,227.42999267578125,228.27000427246094,226.72000122070312,228.25999450683594,764430,ONGC
2025-03-17 07:45:00+00:00,230.11000061035156,230.4499969482422,227.39999389648438,227.4600067138672,1872846,ONGC
2025-03-17 08:45:00+00:00,229.8800048828125,230.11000061035156,229.10000610351562,230.11000061035156,2016247,ONGC
2025-03-17 09:45:00+00:00,229.6199951171875,229.99000549316406,229.5500030517578,229.8300018310547,845376,ONGC
2025-03-18 03:45:00+00:00,228.89999389648438,231.3000030517578,228.64999389648438,231.0,0,ONGC
2025-03-18 04:45:00+00:00,231.0,231.85000610351562,228.52000427246094,228.89999389648438,2216073,ONGC
2025-03-18 05:45:00+00:00,230.50999450683594,231.5,230.5,230.9600067138672,696921,ONGC
2025-03-18 06:45:00+00:00,230.5,230.8699951171875,229.8800048828125,230.50999450683594,790953,ONGC
2025-03-18 07:45:00+00:00,232.0,232.25,230.47000122070312,230.5399932861328,1087682,ONGC
2025-03-18 08:45:00+00:00,232.4499969482422,232.4499969482422,230.89999389648438,232.0,1539788,ONGC
2025-03-18 09:45:00+00:00,232.49000549316406,232.5,231.97000122070312,232.44000244140625,590412,ONGC
2025-03-19 03:45:00+00:00,233.7100067138672,233.99000549316406,232.0,232.0,0,ONGC
2025-03-19 04:45:00+00:00,232.97999572753906,235.10000610351562,232.85000610351562,233.77000427246094,1790763,ONGC
2025-03-19 05:45:00+00:00,232.9199981689453,233.60000610351562,232.30999755859375,232.99000549316406,1042381,ONGC
2025-03-19 06:45:00+00:00,233.0,234.0,232.63999938964844,232.9199981689453,1054817,ONGC
2025-03-19 07:45:00+00:00,232.94000244140625,233.35000610351562,232.67999267578125,232.9600067138672,676375,ONGC
2025-03-19 08:45:00+00:00,232.66000366210938,233.49000549316406,232.5500030517578,232.94000244140625,1689642,ONGC
2025-03-19 09:45:00+00:00,232.85000610351562,232.8800048828125,232.1699981689453,232.6699981689453,767350,ONGC
2025-03-20 03:45:00+00:00,234.52000427246094,234.74000549316406,232.0399932861328,234.55999755859375,0,ONGC
2025-03-20 04:45:00+00:00,235.4499969482422,235.8699951171875,234.0,234.47000122070312,4652008,ONGC
2025-03-20 05:45:00+00:00,236.0,236.4499969482422,234.60000610351562,235.5,3439399,ONGC
2025-03-20 06:45:00+00:00,235.57000732421875,236.1999969482422,235.08999633789062,235.86000061035156,2751722,ONGC
2025-03-20 07:45:00+00:00,235.49000549316406,236.05999755859375,235.32000732421875,235.57000732421875,1191060,ONGC
2025-03-20 08:45:00+00:00,235.38999938964844,235.91000366210938,235.16000366210938,235.49000549316406,2144619,ONGC
2025-03-20 09:45:00+00:00,235.85000610351562,236.07000732421875,235.19000244140625,235.3800048828125,1433517,ONGC
2025-03-21 03:45:00+00:00,239.02999877929688,239.14999389648438,236.6999969482422,236.9499969482422,0,ONGC
2025-03-21 04:45:00+00:00,238.83999633789062,239.85000610351562,238.6199951171875,239.02999877929688,2156969,ONGC
2025-03-21 05:45:00+00:00,240.1999969482422,241.1999969482422,238.72999572753906,238.91000366210938,2489429,ONGC
2025-03-21 06:45:00+00:00,241.80999755859375,242.42999267578125,240.14999389648438,240.16000366210938,2564083,ONGC
2025-03-21 07:45:00+00:00,245.91000366210938,246.3000030517578,241.35000610351562,241.80999755859375,6425931,ONGC
2025-03-21 08:45:00+00:00,242.32000732421875,247.86000061035156,242.10000610351562,246.0,9446269,ONGC
2025-03-21 09:45:00+00:00,242.0,242.4499969482422,241.44000244140625,242.33999633789062,3121753,ONGC
2025-03-24 03:45:00+00:00,244.80999755859375,246.2899932861328,243.25999450683594,244.07000732421875,0,ONGC
2025-03-24 04:45:00+00:00,244.36000061035156,245.3000030517578,244.05999755859375,244.8699951171875,1605026,ONGC
2025-03-24 05:45:00+00:00,243.16000366210938,244.92999267578125,242.75999450683594,244.38999938964844,1172151,ONGC
2025-03-24 06:45:00+00:00,244.14999389648438,244.14999389648438,242.82000732421875,243.16000366210938,1188587,ONGC
2025-03-24 07:45:00+00:00,244.22000122070312,244.4199981689453,243.6999969482422,244.16000366210938,1032916,ONGC
2025-03-24 08:45:00+00:00,244.0,244.85000610351562,243.64999389648438,244.22000122070312,1398740,ONGC
2025-03-24 09:45:00+00:00,243.89999389648438,244.0,243.50999450683594,243.99000549316406,577091,ONGC
2025-03-25 03:45:00+00:00,242.8000030517578,244.6999969482422,241.89999389648438,244.4499969482422,0,ONGC
2025-03-25 04:45:00+00:00,241.85000610351562,243.80999755859375,241.5,242.7899932861328,1130825,ONGC
2025-03-25 05:45:00+00:00,241.6300048828125,242.4499969482422,240.6199951171875,242.0,837997,ONGC
2025-03-25 06:45:00+00:00,242.89999389648438,243.36000061035156,241.11000061035156,241.64999389648438,916802,ONGC
2025-03-25 07:45:00+00:00,244.35000610351562,245.3699951171875,242.1199951171875,242.89999389648438,1424309,ONGC
2025-03-25 08:45:00+00:00,242.27000427246094,244.47999572753906,242.17999267578125,244.42999267578125,1587885,ONGC
2025-03-25 09:45:00+00:00,241.7100067138672,242.27000427246094,241.5,242.25,1109222,ONGC
2025-03-26 03:45:00+00:00,242.8800048828125,244.5,241.75,242.83999633789062,0,ONGC
2025-03-26 04:45:00+00:00,242.97000122070312,244.1699981689453,242.00999450683594,242.85000610351562,1066987,ONGC
2025-03-26 05:45:00+00:00,242.1999969482422,243.44000244140625,241.5,242.97000122070312,587944,ONGC
2025-03-26 06:45:00+00:00,240.5500030517578,242.2100067138672,240.39999389648438,242.17999267578125,527109,ONGC
2025-03-26 07:45:00+00:00,240.60000610351562,241.0,239.9600067138672,240.5500030517578,958428,ONGC
2025-03-26 08:45:00+00:00,239.85000610351562,240.61000061035156,239.4499969482422,240.57000732421875,1447860,ONGC
2025-03-26 09:45:00+00:00,239.72000122070312,240.1300048828125,239.5,239.8699951171875,1007897,ONGC
2025-03-27 03:45:00+00:00,240.4600067138672,241.19000244140625,238.64999389648438,239.1999969482422,0,ONGC
2025-03-27 04:45:00+00:00,240.3300018310547,241.3699951171875,239.8699951171875,240.44000244140625,810302,ONGC
2025-03-27 05:45:00+00:00,240.5800018310547,240.9499969482422,240.13999938964844,240.3800048828125,382317,ONGC
2025-03-27 06:45:00+00:00,240.66000366210938,241.08999633789062,240.22000122070312,240.5500030517578,694652,ONGC
2025-03-27 07:45:00+00:00,240.72999572753906,241.0,240.41000366210938,240.61000061035156,568645,ONGC
2025-03-27 08:45:00+00:00,242.5,242.58999633789062,240.5500030517578,240.75,3907061,ONGC
2025-03-27 09:45:00+00:00,242.64999389648438,243.39999389648438,242.2100067138672,242.5,1977701,ONGC
2025-03-28 03:45:00+00:00,252.60000610351562,252.9600067138672,245.80999755859375,245.80999755859375,0,ONGC
2025-03-28 04:45:00+00:00,252.25,252.9600067138672,251.5,252.4499969482422,3220412,ONGC
2025-03-28 05:45:00+00:00,254.6999969482422,254.8800048828125,252.02000427246094,252.1300048828125,3985536,ONGC
2025-03-28 06:45:00+00:00,253.13999938964844,254.74000549316406,252.7100067138672,254.72999572753906,7017292,ONGC
2025-03-28 07:45:00+00:00,249.80999755859375,253.3699951171875,248.25,253.13999938964844,6081458,ONGC
2025-03-28 08:45:00+00:00,246.5399932861328,250.10000610351562,245.85000610351562,249.89999389648438,4402726,ONGC
2025-03-28 09:45:00+00:00,246.3000030517578,246.77999877929688,245.75,246.49000549316406,1876938,ONGC
2025-04-01 03:45:00+00:00,249.16000366210938,252.1699981689453,247.25999450683594,248.19000244140625,0,ONGC
2025-04-01 04:45:00+00:00,248.02000427246094,249.3000030517578,247.5500030517578,249.1999969482422,1005956,ONGC
2025-04-01 05:45:00+00:00,249.27999877929688,249.3800048828125,246.7100067138672,248.10000610351562,1243720,ONGC
2025-04-01 06:45:00+00:00,248.25,250.16000366210938,248.11000061035156,249.24000549316406,1803239,ONGC
2025-04-01 07:45:00+00:00,247.8300018310547,248.63999938964844,247.16000366210938,248.25,1046205,ONGC
2025-04-01 08:45:00+00:00,248.11000061035156,248.60000610351562,247.4499969482422,247.9600067138672,1025566,ONGC
2025-04-01 09:45:00+00:00,248.35000610351562,248.35000610351562,247.72000122070312,248.14999389648438,668466,ONGC
2025-04-02 03:45:00+00:00,248.9499969482422,250.47999572753906,248.02000427246094,250.0500030517578,0,ONGC
2025-04-02 04:45:00+00:00,250.25999450683594,250.89999389648438,248.80999755859375,248.89999389648438,1803874,ONGC
2025-04-02 05:45:00+00:00,249.85000610351562,250.74000549316406,249.35000610351562,250.35000610351562,1646430,ONGC
2025-04-02 06:45:00+00:00,250.5,251.3000030517578,249.89999389648438,249.89999389648438,2731326,ONGC
2025-04-02 07:45:00+00:00,249.2899932861328,250.8000030517578,249.14999389648438,250.5800018310547,1656591,ONGC
2025-04-02 08:45:00+00:00,250.8000030517578,250.9199981689453,249.27000427246094,249.27000427246094,2776896,ONGC
2025-04-02 09:45:00+00:00,250.1999969482422,250.7899932861328,250.0500030517578,250.77999877929688,1344839,ONGC
2025-04-03 03:45:00+00:00,245.80999755859375,248.38999938964844,244.50999450683594,248.0,0,ONGC
2025-04-03 04:45:00+00:00,246.25999450683594,246.47000122070312,245.2899932861328,245.80999755859375,902440,ONGC
2025-04-03 05:45:00+00:00,244.30999755859375,246.5,244.25999450683594,246.3000030517578,1117072,ONGC
2025-04-03 06:45:00+00:00,243.22999572753906,244.66000366210938,242.80999755859375,244.4199981689453,1553082,ONGC
2025-04-03 07:45:00+00:00,243.3000030517578,243.99000549316406,243.1199951171875,243.2899932861328,1220823,ONGC
2025-04-03 08:45:00+00:00,243.3300018310547,243.77999877929688,242.50999450683594,243.3000030517578,2486777,ONGC
2025-04-03 09:45:00+00:00,243.5800018310547,243.60000610351562,243.22000122070312,243.27999877929688,974468,ONGC
2025-04-04 03:45:00+00:00,227.49000549316406,237.8699951171875,227.24000549316406,237.52000427246094,3119607,ONGC
2025-04-04 04:45:00+00:00,227.9499969482422,228.74000549316406,225.8300018310547,227.4499969482422,4469431,ONGC
2025-04-04 05:45:00+00:00,226.89999389648438,228.1999969482422,226.60000610351562,227.9499969482422,2945700,ONGC
2025-04-04 06:45:00+00:00,226.42999267578125,227.5800018310547,226.0,226.89999389648438,3009479,ONGC
2025-04-04 07:45:00+00:00,226.0399932861328,227.27000427246094,225.50999450683594,226.41000366210938,3511367,ONGC
2025-04-04 08:45:00+00:00,225.77000427246094,226.64999389648438,224.22999572753906,226.0,7364790,ONGC
2025-04-04 09:45:00+00:00,226.10000610351562,226.5,225.50999450683594,225.77000427246094,2772558,ONGC
2025-04-07 03:45:00+00:00,212.6999969482422,213.33999633789062,205.02000427246094,206.19000244140625,0,ONGC
2025-04-07 04:45:00+00:00,217.75999450683594,218.63999938964844,212.0,212.67999267578125,3886607,ONGC
2025-04-07 05:45:00+00:00,216.11000061035156,218.92999267578125,215.6999969482422,217.4199981689453,3084454,ONGC
2025-04-07 06:45:00+00:00,216.64999389648438,217.25,215.32000732421875,216.10000610351562,2325822,ONGC
2025-04-07 07:45:00+00:00,218.0,219.72000122070312,215.14999389648438,216.69000244140625,2442630,ONGC
2025-04-07 08:45:00+00:00,220.1300048828125,220.6999969482422,216.6999969482422,218.0,3096650,ONGC
2025-04-07 09:45:00+00:00,220.24000549316406,220.61000061035156,218.92999267578125,220.1199951171875,1648457,ONGC
2025-04-08 03:45:00+00:00,220.42999267578125,224.94000244140625,219.2100067138672,223.0,0,ONGC
2025-04-08 04:45:00+00:00,223.25,223.9199981689453,220.05999755859375,220.36000061035156,1857941,ONGC
2025-04-08 05:45:00+00:00,224.97999572753906,225.24000549316406,222.6999969482422,223.24000549316406,1573234,ONGC
2025-04-08 06:45:00+00:00,225.47000122070312,226.3000030517578,224.25,225.08999633789062,1006472,ONGC
2025-04-08 07:45:00+00:00,226.19000244140625,226.24000549316406,224.61000061035156,225.39999389648438,1000866,ONGC
2025-04-08 08:45:00+00:00,226.5500030517578,227.22999572753906,225.7899932861328,226.14999389648438,1839572,ONGC
2025-04-08 09:45:00+00:00,226.66000366210938,227.14999389648438,226.0,226.5399932861328,925104,ONGC
2025-04-09 03:45:00+00:00,221.19000244140625,223.1199951171875,220.27000427246094,222.9600067138672,0,ONGC
2025-04-09 04:45:00+00:00,223.24000549316406,223.2899932861328,221.16000366210938,221.17999267578125,1521606,ONGC
2025-04-09 05:45:00+00:00,223.41000366210938,223.97999572753906,222.89999389648438,223.3000030517578,951539,ONGC
2025-04-09 06:45:00+00:00,223.27999877929688,224.0500030517578,222.61000061035156,223.49000549316406,1052021,ONGC
2025-04-09 07:45:00+00:00,221.99000549316406,223.52000427246094,221.8300018310547,223.3000030517578,3236640,ONGC
2025-04-09 08:45:00+00:00,221.8000030517578,222.1199951171875,220.5,221.9499969482422,4554472,ONGC
2025-04-09 09:45:00+00:00,223.0,223.07000732421875,221.8000030517578,221.8000030517578,2455230,ONGC
2025-04-11 03:45:00+00:00,228.1999969482422,229.0,225.25999450683594,228.57000732421875,0,ONGC
2025-04-11 04:45:00+00:00,227.86000061035156,229.25999450683594,226.3800048828125,228.27999877929688,2057588,ONGC
2025-04-11 05:45:00+00:00,229.4499969482422,229.5,226.80999755859375,227.9199981689453,1567999,ONGC
2025-04-11 06:45:00+00:00,230.6999969482422,231.22000122070312,229.3800048828125,229.44000244140625,2295917,ONGC
2025-04-11 07:45:00+00:00,229.75,231.39999389648438,229.3000030517578,230.72000122070312,2380048,ONGC
2025-04-11 08:45:00+00:00,230.4499969482422,231.16000366210938,229.47000122070312,229.77999877929688,1888730,ONGC
2025-04-11 09:45:00+00:00,230.3699951171875,230.50999450683594,229.66000366210938,230.4600067138672,1018818,ONGC
2025-04-15 03:45:00+00:00,231.25,233.19000244140625,230.10000610351562,233.19000244140625,0,ONGC
2025-04-15 04:45:00+00:00,232.83999633789062,232.9499969482422,231.16000366210938,231.2100067138672,1636749,ONGC
2025-04-15 05:45:00+00:00,233.1300048828125,233.25,232.22999572753906,232.83999633789062,1701418,ONGC
2025-04-15 06:45:00+00:00,233.2100067138672,233.69000244140625,232.83999633789062,233.05999755859375,1280922,ONGC
2025-04-15 07:45:00+00:00,232.91000366210938,233.50999450683594,232.83999633789062,233.22000122070312,954902,ONGC
2025-04-15 08:45:00+00:00,232.5,233.1999969482422,232.25,232.99000549316406,1641451,ONGC
2025-04-15 09:45:00+00:00,233.19000244140625,233.19000244140625,232.47999572753906,232.47999572753906,1180416,ONGC
2025-04-16 03:45:00+00:00,234.19000244140625,234.27999877929688,231.75,233.4499969482422,1900432,ONGC
2025-04-16 04:45:00+00:00,235.10000610351562,235.3300018310547,233.4600067138672,234.1999969482422,2116111,ONGC
2025-04-16 05:45:00+00:00,236.0,236.86000061035156,235.02000427246094,235.10000610351562,1756080,ONGC
2025-04-16 06:45:00+00:00,236.72000122070312,236.77999877929688,235.35000610351562,236.0,2353236,ONGC
2025-04-16 07:45:00+00:00,238.55999755859375,239.44000244140625,236.11000061035156,236.7899932861328,4536574,ONGC
2025-04-16 08:45:00+00:00,241.27999877929688,241.7899932861328,237.97000122070312,238.57000732421875,4734256,ONGC
2025-04-16 09:45:00+00:00,240.83999633789062,241.77000427246094,240.6999969482422,241.27999877929688,1347630,ONGC
2025-04-17 03:45:00+00:00,239.69000244140625,242.2100067138672,239.69000244140625,241.30999755859375,0,ONGC
2025-04-17 04:45:00+00:00,241.88999938964844,241.88999938964844,239.25999450683594,239.67999267578125,931206,ONGC
2025-04-17 05:45:00+00:00,243.82000732421875,244.57000732421875,242.10000610351562,242.22999572753906,2163146,ONGC
2025-04-17 06:45:00+00:00,243.32000732421875,244.19000244140625,242.8800048828125,243.83999633789062,1476146,ONGC
2025-04-17 07:45:00+00:00,242.77000427246094,244.0,242.5,243.3000030517578,2272667,ONGC
2025-04-17 08:45:00+00:00,243.4499969482422,243.89999389648438,242.36000061035156,242.69000244140625,2857572,ONGC
2025-04-17 09:45:00+00:00,243.6999969482422,243.94000244140625,243.25,243.4600067138672,974882,ONGC
2025-04-21 03:45:00+00:00,246.35000610351562,246.47999572753906,241.8000030517578,243.77999877929688,0,ONGC
2025-04-21 04:45:00+00:00,249.39999389648438,249.41000366210938,245.75999450683594,246.3800048828125,1388068,ONGC
2025-04-21 05:45:00+00:00,249.22999572753906,249.75,248.5,249.39999389648438,1555701,ONGC
2025-04-21 06:45:00+00:00,249.5500030517578,249.75,248.74000549316406,249.11000061035156,1781145,ONGC
2025-04-21 07:45:00+00:00,250.00999450683594,250.25,249.5,249.61000061035156,1465712,ONGC
2025-04-21 08:45:00+00:00,249.7899932861328,250.5500030517578,249.49000549316406,250.02000427246094,2566371,ONGC
2025-04-21 09:45:00+00:00,249.77999877929688,250.07000732421875,248.8000030517578,249.77999877929688,443353,ONGC
2025-04-22 03:45:00+00:00,248.3800048828125,250.14999389648438,247.72999572753906,248.5,0,ONGC
2025-04-22 04:45:00+00:00,248.1699981689453,249.47000122070312,247.66000366210938,248.3800048828125,741057,ONGC
2025-04-22 05:45:00+00:00,248.9499969482422,249.1999969482422,247.3000030517578,248.25,1583542,ONGC
2025-04-22 06:45:00+00:00,249.8000030517578,250.2899932861328,247.80999755859375,248.64999389648438,1754634,ONGC
2025-04-22 07:45:00+00:00,249.97000122070312,250.60000610351562,249.24000549316406,249.55999755859375,1208973,ONGC
2025-04-22 08:45:00+00:00,247.7899932861328,250.1999969482422,247.42999267578125,249.89999389648438,2036457,ONGC
2025-04-22 09:45:00+00:00,247.5,248.38999938964844,247.32000732421875,247.8000030517578,735743,ONGC
2025-04-23 03:45:00+00:00,248.1999969482422,250.89999389648438,248.0500030517578,249.0,0,ONGC
2025-04-23 04:45:00+00:00,245.77000427246094,249.0,245.0,248.10000610351562,3829045,ONGC
2025-04-23 05:45:00+00:00,247.64999389648438,249.1699981689453,245.27999877929688,245.61000061035156,2567204,ONGC
2025-04-23 06:45:00+00:00,250.67999267578125,251.5,247.10000610351562,247.8000030517578,4031252,ONGC
2025-04-23 07:45:00+00:00,251.0,251.36000061035156,250.00999450683594,250.74000549316406,1190292,ONGC
2025-04-23 08:45:00+00:00,252.17999267578125,252.75,250.17999267578125,250.92999267578125,1864529,ONGC
2025-04-23 09:45:00+00:00,251.5,252.5399932861328,251.5,252.2899932861328,1032282,ONGC
2025-04-24 03:45:00+00:00,250.19000244140625,251.32000732421875,249.3000030517578,249.47999572753906,0,ONGC
2025-04-24 04:45:00+00:00,250.0500030517578,250.63999938964844,249.72999572753906,250.1999969482422,559960,ONGC
2025-04-24 05:45:00+00:00,249.3000030517578,250.17999267578125,248.6999969482422,250.08999633789062,730209,ONGC
2025-04-24 06:45:00+00:00,249.61000061035156,249.94000244140625,249.2100067138672,249.33999633789062,587339,ONGC
2025-04-24 07:45:00+00:00,248.5,249.6199951171875,248.5,249.57000732421875,820026,ONGC
2025-04-24 08:45:00+00:00,249.38999938964844,249.7100067138672,248.0,248.50999450683594,1382304,ONGC
2025-04-24 09:45:00+00:00,249.50999450683594,249.75,248.83999633789062,249.36000061035156,611404,ONGC
2025-04-25 03:45:00+00:00,246.13999938964844,250.67999267578125,244.52000427246094,249.25,0,ONGC
2025-04-25 04:45:00+00:00,246.5,246.64999389648438,244.5,246.13999938964844,2552334,ONGC
2025-04-25 05:45:00+00:00,246.58999633789062,246.58999633789062,244.5,246.41000366210938,1429922,ONGC
2025-04-25 06:45:00+00:00,246.9499969482422,247.94000244140625,246.52000427246094,246.7100067138672,1219724,ONGC
2025-04-25 07:45:00+00:00,246.19000244140625,247.60000610351562,245.6699981689453,247.0,1531173,ONGC
2025-04-25 08:45:00+00:00,246.38999938964844,246.9499969482422,245.85000610351562,246.24000549316406,2786725,ONGC
2025-04-25 09:45:00+00:00,246.0,246.99000549316406,246.0,246.3300018310547,1113662,ONGC
2025-04-28 03:45:00+00:00,250.08999633789062,250.13999938964844,244.55999755859375,245.77999877929688,0,ONGC
2025-04-28 04:45:00+00:00,249.52999877929688,250.39999389648438,248.75,250.08999633789062,969185,ONGC
2025-04-28 05:45:00+00:00,251.1999969482422,251.57000732421875,249.3000030517578,249.6999969482422,1194192,ONGC
2025-04-28 06:45:00+00:00,250.8000030517578,251.9499969482422,250.58999633789062,251.14999389648438,890670,ONGC
2025-04-28 07:45:00+00:00,250.9600067138672,251.3000030517578,250.3699951171875,250.8699951171875,850369,ONGC
2025-04-28 08:45:00+00:00,250.7100067138672,251.16000366210938,250.10000610351562,250.99000549316406,1225304,ONGC
2025-04-28 09:45:00+00:00,250.60000610351562,250.89999389648438,250.11000061035156,250.74000549316406,620376,ONGC
2025-04-29 03:45:00+00:00,250.92999267578125,252.10000610351562,249.02000427246094,251.24000549316406,0,ONGC
2025-04-29 04:45:00+00:00,249.8800048828125,251.0,248.41000366210938,251.0,907403,ONGC
2025-04-29 05:45:00+00:00,249.25,250.3699951171875,248.02000427246094,249.8800048828125,844828,ONGC
2025-04-29 06:45:00+00:00,246.89999389648438,249.4499969482422,246.8300018310547,249.1999969482422,837724,ONGC
2025-04-29 07:45:00+00:00,245.8000030517578,247.0800018310547,245.75,246.9199981689453,1109883,ONGC
2025-04-29 08:45:00+00:00,245.52000427246094,246.3000030517578,245.11000061035156,245.6999969482422,1654804,ONGC
2025-04-29 09:45:00+00:00,245.64999389648438,245.88999938964844,245.25999450683594,245.52000427246094,969358,ONGC
2025-04-30 03:45:00+00:00,245.6199951171875,247.33999633789062,244.00999450683594,245.47000122070312,0,ONGC
2025-04-30 04:45:00+00:00,245.35000610351562,246.10000610351562,244.5500030517578,245.6300048828125,703100,ONGC
2025-04-30 05:45:00+00:00,245.6999969482422,246.25,245.3699951171875,245.3800048828125,466236,ONGC
2025-04-30 06:45:00+00:00,243.52999877929688,245.83999633789062,243.4499969482422,245.6999969482422,913180,ONGC
2025-04-30 07:45:00+00:00,242.69000244140625,243.67999267578125,242.25,243.47999572753906,1021346,ONGC
2025-04-30 08:45:00+00:00,244.5,245.2899932861328,242.22000122070312,242.69000244140625,3640625,ONGC
2025-04-30 09:45:00+00:00,243.4199981689453,244.66000366210938,242.7899932861328,244.5399932861328,1355991,ONGC
2025-05-02 03:45:00+00:00,245.39999389648438,246.25,239.0,241.0,0,ONGC
2025-05-02 04:45:00+00:00,242.47999572753906,245.5800018310547,242.24000549316406,245.49000549316406,1508309,ONGC
2025-05-02 05:45:00+00:00,241.0500030517578,242.36000061035156,240.6199951171875,242.30999755859375,1193320,ONGC
2025-05-02 06:45:00+00:00,241.9499969482422,242.25,239.8000030517578,240.91000366210938,1025821,ONGC
2025-05-02 07:45:00+00:00,243.69000244140625,244.75999450683594,242.0,242.0,1542543,ONGC
2025-05-02 08:45:00+00:00,243.50999450683594,244.0,242.44000244140625,243.69000244140625,1637850,ONGC
2025-05-02 09:45:00+00:00,242.77999877929688,243.55999755859375,242.60000610351562,243.55999755859375,971884,ONGC
2025-05-05 03:45:00+00:00,238.63999938964844,241.14999389648438,234.66000366210938,239.94000244140625,0,ONGC
2025-05-05 04:45:00+00:00,239.0,240.10000610351562,238.39999389648438,238.52000427246094,1697739,ONGC
2025-05-05 05:45:00+00:00,238.52999877929688,239.24000549316406,238.00999450683594,239.0,3449605,ONGC
2025-05-05 06:45:00+00:00,238.3800048828125,238.6999969482422,238.10000610351562,238.52999877929688,1966743,ONGC
2025-05-05 07:45:00+00:00,238.77000427246094,239.67999267578125,238.11000061035156,238.3800048828125,2546894,ONGC
2025-05-05 08:45:00+00:00,238.89999389648438,239.5,238.52000427246094,238.7899932861328,3895121,ONGC
2025-05-05 09:45:00+00:00,239.8800048828125,239.94000244140625,238.75,238.89999389648438,1506251,ONGC
2025-05-06 03:45:00+00:00,240.4199981689453,242.9600067138672,239.5,241.0,0,ONGC
2025-05-06 04:45:00+00:00,238.9199981689453,240.39999389648438,238.5399932861328,240.25,1345911,ONGC
2025-05-06 05:45:00+00:00,239.10000610351562,239.16000366210938,237.80999755859375,238.77000427246094,864207,ONGC
2025-05-06 06:45:00+00:00,238.6699981689453,239.39999389648438,238.2100067138672,239.10000610351562,727809,ONGC
2025-05-06 07:45:00+00:00,237.27000427246094,238.85000610351562,237.0800018310547,238.58999633789062,1186190,ONGC
2025-05-06 08:45:00+00:00,236.9199981689453,237.50999450683594,236.02000427246094,237.1999969482422,3462551,ONGC
2025-05-06 09:45:00+00:00,237.1300048828125,237.41000366210938,236.67999267578125,236.94000244140625,871656,ONGC
2025-05-07 03:45:00+00:00,237.38999938964844,239.3699951171875,232.80999755859375,233.63999938964844,0,ONGC
2025-05-07 04:45:00+00:00,238.4600067138672,238.5,236.39999389648438,237.35000610351562,3380354,ONGC
2025-05-07 05:45:00+00:00,239.49000549316406,239.5,238.0,238.4499969482422,1327320,ONGC
2025-05-07 06:45:00+00:00,239.08999633789062,240.0800018310547,238.89999389648438,239.49000549316406,1226730,ONGC
2025-05-07 07:45:00+00:00,238.9600067138672,239.44000244140625,238.30999755859375,239.08999633789062,1055092,ONGC
2025-05-07 08:45:00+00:00,238.69000244140625,239.25,238.0800018310547,239.0500030517578,2488278,ONGC
2025-05-07 09:45:00+00:00,238.6699981689453,238.88999938964844,238.3000030517578,238.67999267578125,1767975,ONGC
2025-05-08 03:45:00+00:00,236.8000030517578,239.1300048828125,236.77999877929688,238.6300048828125,0,ONGC
2025-05-08 04:45:00+00:00,235.9199981689453,237.0,235.64999389648438,236.8000030517578,1181044,ONGC
2025-05-08 05:45:00+00:00,234.36000061035156,236.10000610351562,234.08999633789062,235.89999389648438,1454038,ONGC
2025-05-08 06:45:00+00:00,233.2899932861328,234.60000610351562,233.13999938964844,234.2899932861328,2367558,ONGC
2025-05-08 07:45:00+00:00,234.4499969482422,234.61000061035156,232.77999877929688,233.2899932861328,2967056,ONGC
2025-05-08 08:45:00+00:00,233.6199951171875,234.4499969482422,233.30999755859375,234.4499969482422,3701622,ONGC
2025-05-08 09:45:00+00:00,231.4499969482422,233.61000061035156,231.39999389648438,233.61000061035156,1790923,ONGC
2025-05-09 03:45:00+00:00,233.83999633789062,234.17999267578125,229.10000610351562,229.10000610351562,0,ONGC
2025-05-09 04:45:00+00:00,234.0800018310547,234.3000030517578,232.75999450683594,234.0399932861328,1244557,ONGC
2025-05-09 05:45:00+00:00,234.38999938964844,234.49000549316406,232.89999389648438,234.0,1862381,ONGC
2025-05-09 06:45:00+00:00,234.3000030517578,235.24000549316406,233.97000122070312,234.39999389648438,1384526,ONGC
2025-05-09 07:45:00+00:00,234.07000732421875,234.4499969482422,233.41000366210938,234.3800048828125,1058170,ONGC
2025-05-09 08:45:00+00:00,235.25999450683594,235.3000030517578,233.4499969482422,234.0,1750526,ONGC
2025-05-09 09:45:00+00:00,234.9600067138672,235.2899932861328,234.4499969482422,235.1699981689453,714963,ONGC
2025-05-12 03:45:00+00:00,241.35000610351562,244.16000366210938,239.36000061035156,239.86000061035156,0,ONGC
2025-05-12 04:45:00+00:00,241.5800018310547,242.24000549316406,241.0,241.5,947603,ONGC
2025-05-12 05:45:00+00:00,242.0,242.47000122070312,241.3000030517578,241.55999755859375,622066,ONGC
2025-05-12 06:45:00+00:00,243.10000610351562,244.60000610351562,241.3000030517578,242.10000610351562,2243854,ONGC
2025-05-12 07:45:00+00:00,243.33999633789062,243.5500030517578,242.5,243.10000610351562,1189813,ONGC
2025-05-12 08:45:00+00:00,244.02000427246094,244.25999450683594,243.25,243.38999938964844,1617219,ONGC
2025-05-12 09:45:00+00:00,244.02000427246094,244.3800048828125,243.8000030517578,244.0,832092,ONGC
2025-05-13 03:45:00+00:00,243.5,245.2899932861328,241.8000030517578,245.0,0,ONGC
2025-05-13 04:45:00+00:00,241.8800048828125,244.07000732421875,241.64999389648438,243.5800018310547,1085764,ONGC
2025-05-13 05:45:00+00:00,243.8300018310547,243.99000549316406,241.6999969482422,241.83999633789062,895165,ONGC
2025-05-13 06:45:00+00:00,241.3000030517578,243.99000549316406,240.63999938964844,243.75,1378850,ONGC
2025-05-13 07:45:00+00:00,240.69000244140625,241.5,240.61000061035156,241.3300018310547,975351,ONGC
2025-05-13 08:45:00+00:00,240.88999938964844,242.0,240.2899932861328,240.69000244140625,1777824,ONGC
2025-05-13 09:45:00+00:00,240.99000549316406,241.3000030517578,240.64999389648438,240.8699951171875,805809,ONGC
2025-05-14 03:45:00+00:00,245.10000610351562,245.1699981689453,241.8699951171875,242.69000244140625,2052079,ONGC
2025-05-14 04:45:00+00:00,245.99000549316406,246.38999938964844,244.60000610351562,245.10000610351562,1205190,ONGC
2025-05-14 05:45:00+00:00,245.8300018310547,246.89999389648438,244.8300018310547,245.99000549316406,1182266,ONGC
2025-05-14 06:45:00+00:00,245.47000122070312,246.11000061035156,244.25999450683594,245.6999969482422,931644,ONGC
2025-05-14 07:45:00+00:00,244.8699951171875,245.52999877929688,244.50999450683594,245.4600067138672,592548,ONGC
2025-05-14 08:45:00+00:00,246.24000549316406,246.35000610351562,244.72999572753906,244.89999389648438,1472762,ONGC
2025-05-14 09:45:00+00:00,246.00999450683594,246.5,245.6999969482422,246.2899932861328,795464,ONGC
2025-05-15 03:45:00+00:00,243.6999969482422,245.3300018310547,242.3000030517578,245.13999938964844,0,ONGC
2025-05-15 04:45:00+00:00,244.77999877929688,247.0,243.30999755859375,243.67999267578125,1791600,ONGC
2025-05-15 05:45:00+00:00,244.66000366210938,245.89999389648438,244.19000244140625,244.86000061035156,1204733,ONGC
2025-05-15 06:45:00+00:00,246.5,246.60000610351562,243.5,244.75999450683594,3239047,ONGC
2025-05-15 07:45:00+00:00,246.97000122070312,247.52999877929688,245.99000549316406,246.5,3122273,ONGC
2025-05-15 08:45:00+00:00,247.63999938964844,248.9199981689453,247.00999450683594,247.02999877929688,3468050,ONGC
2025-05-15 09:45:00+00:00,247.61000061035156,247.88999938964844,246.60000610351562,247.63999938964844,1058718,ONGC
2025-05-16 03:45:00+00:00,248.6199951171875,249.36000061035156,246.6199951171875,246.6199951171875,0,ONGC
2025-05-16 04:45:00+00:00,247.97999572753906,249.0,247.5,248.67999267578125,1074763,ONGC
2025-05-16 05:45:00+00:00,247.7899932861328,248.17999267578125,247.32000732421875,248.0,798877,ONGC
2025-05-16 06:45:00+00:00,247.55999755859375,248.0800018310547,247.38999938964844,247.6999969482422,772912,ONGC
2025-05-16 07:45:00+00:00,246.6199951171875,247.63999938964844,246.1999969482422,247.60000610351562,1267125,ONGC
2025-05-16 08:45:00+00:00,247.2899932861328,247.64999389648438,246.1999969482422,246.61000061035156,1623129,ONGC
2025-05-16 09:45:00+00:00,247.02999877929688,247.57000732421875,247.0,247.3000030517578,677540,ONGC
2025-05-19 03:45:00+00:00,247.91000366210938,249.4499969482422,246.9199981689453,248.1999969482422,0,ONGC
2025-05-19 04:45:00+00:00,247.7100067138672,247.94000244140625,246.89999389648438,247.89999389648438,824870,ONGC
2025-05-19 05:45:00+00:00,246.13999938964844,247.77999877929688,245.89999389648438,247.7100067138672,968029,ONGC
2025-05-19 06:45:00+00:00,245.50999450683594,246.30999755859375,244.92999267578125,246.1300048828125,1589914,ONGC
2025-05-19 07:45:00+00:00,245.6999969482422,246.27000427246094,245.35000610351562,245.5,761526,ONGC
2025-05-19 08:45:00+00:00,246.63999938964844,246.72000122070312,245.63999938964844,245.75,1165406,ONGC
2025-05-19 09:45:00+00:00,246.47999572753906,246.8000030517578,246.39999389648438,246.61000061035156,683042,ONGC
2025-05-20 03:45:00+00:00,251.36000061035156,251.36000061035156,247.1300048828125,247.1300048828125,0,ONGC
2025-05-20 04:45:00+00:00,251.83999633789062,252.6999969482422,250.6999969482422,251.35000610351562,2890695,ONGC
2025-05-20 05:45:00+00:00,250.64999389648438,252.3800048828125,250.55999755859375,251.8300018310547,1496889,ONGC
2025-05-20 06:45:00+00:00,249.30999755859375,250.9499969482422,249.30999755859375,250.67999267578125,1363761,ONGC
2025-05-20 07:45:00+00:00,249.35000610351562,250.38999938964844,248.72999572753906,249.25,1169702,ONGC
2025-05-20 08:45:00+00:00,249.60000610351562,250.17999267578125,248.52000427246094,249.3300018310547,2571758,ONGC
2025-05-20 09:45:00+00:00,249.05999755859375,249.55999755859375,248.8300018310547,249.55999755859375,740689,ONGC
2025-05-21 03:45:00+00:00,250.0800018310547,251.30999755859375,249.0,250.97000122070312,0,ONGC
2025-05-21 04:45:00+00:00,249.92999267578125,250.83999633789062,249.3000030517578,250.0500030517578,984594,ONGC
2025-05-21 05:45:00+00:00,248.25,250.5,248.1999969482422,249.97999572753906,888885,ONGC
2025-05-21 06:45:00+00:00,248.97999572753906,249.1999969482422,247.77999877929688,248.38999938964844,665456,ONGC
2025-05-21 07:45:00+00:00,248.72000122070312,249.39999389648438,248.10000610351562,249.0,732317,ONGC
2025-05-21 08:45:00+00:00,248.55999755859375,249.10000610351562,248.1999969482422,248.72000122070312,1205839,ONGC
2025-05-21 09:45:00+00:00,248.67999267578125,248.99000549316406,248.5,248.5800018310547,634761,ONGC
2025-05-22 03:45:00+00:00,245.32000732421875,250.44000244140625,244.1999969482422,248.07000732421875,0,ONGC
2025-05-22 04:45:00+00:00,245.75999450683594,246.10000610351562,244.8000030517578,245.25999450683594,1156442,ONGC
2025-05-22 05:45:00+00:00,245.27999877929688,246.5,245.24000549316406,245.75,1218853,ONGC
2025-05-22 06:45:00+00:00,243.67999267578125,245.69000244140625,243.5,245.2899932861328,1577144,ONGC
2025-05-22 07:45:00+00:00,240.8300018310547,243.9499969482422,240.75,243.64999389648438,3066054,ONGC
2025-05-22 08:45:00+00:00,241.83999633789062,241.8800048828125,239.64999389648438,240.8300018310547,6245449,ONGC
2025-05-22 09:45:00+00:00,242.10000610351562,242.3000030517578,241.72999572753906,241.8300018310547,1353730,ONGC
2025-05-23 03:45:00+00:00,241.9199981689453,243.5500030517578,240.55999755859375,240.75,0,ONGC
2025-05-23 04:45:00+00:00,243.6999969482422,244.0,241.61000061035156,241.97000122070312,1450031,ONGC
2025-05-23 05:45:00+00:00,243.1999969482422,243.85000610351562,242.75999450683594,243.7100067138672,672049,ONGC
2025-05-23 06:45:00+00:00,244.02999877929688,244.64999389648438,242.75,243.2100067138672,1625782,ONGC
2025-05-23 07:45:00+00:00,243.64999389648438,244.3800048828125,243.39999389648438,243.9600067138672,901286,ONGC
2025-05-23 08:45:00+00:00,244.22999572753906,244.35000610351562,243.60000610351562,243.74000549316406,1276529,ONGC
2025-05-23 09:45:00+00:00,244.24000549316406,244.42999267578125,244.0,244.2899932861328,813765,ONGC
2025-05-26 03:45:00+00:00,246.61000061035156,246.9600067138672,245.72000122070312,245.8300018310547,0,ONGC
2025-05-26 04:45:00+00:00,245.75,247.0399932861328,245.4499969482422,246.47000122070312,868386,ONGC
2025-05-26 05:45:00+00:00,245.89999389648438,246.3699951171875,245.57000732421875,245.74000549316406,470508,ONGC
2025-05-26 06:45:00+00:00,246.1699981689453,246.72000122070312,245.00999450683594,245.8000030517578,938417,ONGC
2025-05-26 07:45:00+00:00,246.38999938964844,246.6300048828125,245.82000732421875,246.17999267578125,1305773,ONGC
2025-05-26 08:45:00+00:00,246.07000732421875,246.4199981689453,245.72000122070312,246.39999389648438,1325769,ONGC
2025-05-26 09:45:00+00:00,245.94000244140625,245.94000244140625,245.5,245.8000030517578,403363,ONGC
2025-05-27 03:45:00+00:00,243.77000427246094,246.5500030517578,243.2100067138672,246.5500030517578,0,ONGC
2025-05-27 04:45:00+00:00,243.74000549316406,244.0,242.9199981689453,243.75999450683594,2085445,ONGC
2025-05-27 05:45:00+00:00,245.72000122070312,245.89999389648438,243.72000122070312,243.8000030517578,1572948,ONGC
2025-05-27 06:45:00+00:00,245.25,245.86000061035156,244.74000549316406,245.6699981689453,1216937,ONGC
2025-05-27 07:45:00+00:00,243.9499969482422,245.32000732421875,243.89999389648438,245.24000549316406,1127872,ONGC
2025-05-27 08:45:00+00:00,244.41000366210938,244.64999389648438,243.64999389648438,244.0,1567887,ONGC
2025-05-27 09:45:00+00:00,244.61000061035156,244.92999267578125,244.39999389648438,244.41000366210938,585555,ONGC
2025-05-28 03:45:00+00:00,243.7100067138672,245.33999633789062,242.97999572753906,244.7899932861328,0,ONGC
2025-05-28 04:45:00+00:00,243.4499969482422,244.0500030517578,243.25,243.7100067138672,406077,ONGC
2025-05-28 05:45:00+00:00,242.42999267578125,243.57000732421875,242.14999389648438,243.39999389648438,585911,ONGC
2025-05-28 06:45:00+00:00,242.41000366210938,242.91000366210938,242.24000549316406,242.3699951171875,858511,ONGC
2025-05-28 07:45:00+00:00,241.64999389648438,242.5399932861328,241.32000732421875,242.42999267578125,1639207,ONGC
2025-05-28 08:45:00+00:00,242.66000366210938,242.89999389648438,241.5,241.63999938964844,1905280,ONGC
2025-05-28 09:45:00+00:00,242.6699981689453,243.08999633789062,242.5399932861328,242.64999389648438,984499,ONGC
2025-05-29 03:45:00+00:00,243.38999938964844,244.0500030517578,242.47999572753906,243.97999572753906,0,ONGC
2025-05-29 04:45:00+00:00,241.80999755859375,243.39999389648438,241.66000366210938,243.39999389648438,697854,ONGC
2025-05-29 05:45:00+00:00,242.22000122070312,242.7899932861328,241.35000610351562,241.80999755859375,1400586,ONGC
2025-05-29 06:45:00+00:00,243.0399932861328,243.14999389648438,241.89999389648438,242.22000122070312,1710404,ONGC
2025-05-29 07:45:00+00:00,242.22000122070312,243.0500030517578,242.0,243.0,1384382,ONGC
2025-05-29 08:45:00+00:00,243.17999267578125,243.39999389648438,241.89999389648438,242.33999633789062,4940472,ONGC
2025-05-29 09:45:00+00:00,243.0399932861328,244.60000610351562,243.0399932861328,243.2100067138672,1742683,ONGC
2025-05-30 03:45:00+00:00,241.89999389648438,244.80999755859375,241.72999572753906,243.50999450683594,0,ONGC
2025-05-30 04:45:00+00:00,241.32000732421875,241.82000732421875,240.22999572753906,241.82000732421875,943817,ONGC
2025-05-30 05:45:00+00:00,241.10000610351562,241.8800048828125,240.89999389648438,241.36000061035156,540737,ONGC
2025-05-30 06:45:00+00:00,240.4499969482422,241.33999633789062,240.39999389648438,240.89999389648438,599188,ONGC
2025-05-30 07:45:00+00:00,240.16000366210938,240.91000366210938,240.10000610351562,240.5,907745,ONGC
2025-05-30 08:45:00+00:00,239.39999389648438,240.55999755859375,239.38999938964844,240.19000244140625,3216795,ONGC
2025-05-30 09:45:00+00:00,239.14999389648438,239.38999938964844,238.89999389648438,239.3800048828125,2270242,ONGC
2025-06-02 03:45:00+00:00,238.9199981689453,239.9199981689453,237.83999633789062,239.5,0,ONGC
2025-06-02 04:45:00+00:00,238.5,239.4499969482422,238.10000610351562,238.9199981689453,599574,ONGC
2025-06-02 05:45:00+00:00,238.0500030517578,238.7100067138672,237.89999389648438,238.5,683701,ONGC
2025-06-02 06:45:00+00:00,238.22999572753906,239.14999389648438,237.89999389648438,238.0800018310547,629026,ONGC
2025-06-02 07:45:00+00:00,238.10000610351562,238.61000061035156,237.92999267578125,238.30999755859375,756602,ONGC
2025-06-02 08:45:00+00:00,238.38999938964844,238.82000732421875,237.69000244140625,238.00999450683594,1218665,ONGC
2025-06-02 09:45:00+00:00,238.0399932861328,238.44000244140625,238.0,238.38999938964844,681510,ONGC
2025-06-03 03:45:00+00:00,238.14999389648438,240.89999389648438,237.85000610351562,240.35000610351562,0,ONGC
2025-06-03 04:45:00+00:00,238.10000610351562,238.85000610351562,238.0,238.14999389648438,1016630,ONGC
2025-06-03 05:45:00+00:00,238.11000061035156,238.3800048828125,237.16000366210938,238.1199951171875,1004395,ONGC
2025-06-03 06:45:00+00:00,237.85000610351562,238.47000122070312,237.3000030517578,238.11000061035156,891394,ONGC
2025-06-03 07:45:00+00:00,237.08999633789062,237.85000610351562,236.8000030517578,237.85000610351562,1252922,ONGC
2025-06-03 08:45:00+00:00,237.36000061035156,237.85000610351562,236.99000549316406,237.08999633789062,1642872,ONGC
2025-06-03 09:45:00+00:00,237.25,237.47000122070312,236.85000610351562,237.32000732421875,1045817,ONGC
2025-06-04 03:45:00+00:00,236.74000549316406,238.38999938964844,235.8000030517578,237.77000427246094,1464251,ONGC
2025-06-04 04:45:00+00:00,236.27999877929688,236.75,235.57000732421875,236.74000549316406,956809,ONGC
2025-06-04 05:45:00+00:00,236.99000549316406,237.1199951171875,235.72000122070312,236.3699951171875,919223,ONGC
2025-06-04 06:45:00+00:00,237.9499969482422,238.25,236.9600067138672,236.99000549316406,945744,ONGC
2025-06-04 07:45:00+00:00,238.0,238.38999938964844,237.60000610351562,237.88999938964844,730583,ONGC
2025-06-04 08:45:00+00:00,237.88999938964844,238.3800048828125,237.50999450683594,238.0,1171563,ONGC
2025-06-04 09:45:00+00:00,237.5800018310547,238.25,237.5,237.89999389648438,537710,ONGC
2025-06-05 03:45:00+00:00,238.60000610351562,239.1199951171875,237.5,237.91000366210938,1189479,ONGC
2025-06-05 04:45:00+00:00,237.14999389648438,239.0,237.0800018310547,238.60000610351562,654162,ONGC
2025-06-05 05:45:00+00:00,239.07000732421875,239.10000610351562,236.8000030517578,237.14999389648438,920658,ONGC
2025-06-05 06:45:00+00:00,238.25,239.58999633789062,238.25,239.14999389648438,918505,ONGC
2025-06-05 07:45:00+00:00,236.5,238.3800048828125,236.22000122070312,238.25999450683594,1595259,ONGC
2025-06-05 08:45:00+00:00,237.8300018310547,237.8300018310547,236.32000732421875,236.50999450683594,2385455,ONGC
2025-06-05 09:45:00+00:00,238.14999389648438,238.4600067138672,237.64999389648438,237.8300018310547,1273812,ONGC
2025-06-06 03:45:00+00:00,238.27999877929688,239.02000427246094,237.50999450683594,237.91000366210938,0,ONGC
2025-06-06 04:45:00+00:00,238.5800018310547,239.00999450683594,238.02999877929688,238.49000549316406,700084,ONGC
2025-06-06 05:45:00+00:00,238.72999572753906,239.36000061035156,238.11000061035156,238.52000427246094,804047,ONGC
2025-06-06 06:45:00+00:00,239.1199951171875,239.35000610351562,238.39999389648438,238.6999969482422,761772,ONGC
2025-06-06 07:45:00+00:00,239.5,240.14999389648438,239.0500030517578,239.0500030517578,785104,ONGC
2025-06-06 08:45:00+00:00,239.9499969482422,240.4600067138672,239.42999267578125,239.5,1206345,ONGC
2025-06-06 09:45:00+00:00,240.0800018310547,240.25,239.9499969482422,239.99000549316406,598778,ONGC
2025-06-09 03:45:00+00:00,241.8000030517578,242.61000061035156,240.5,241.3300018310547,0,ONGC
2025-06-09 04:45:00+00:00,242.64999389648438,243.9499969482422,241.72000122070312,241.72000122070312,1564727,ONGC
2025-06-09 05:45:00+00:00,243.4499969482422,244.1199951171875,242.64999389648438,242.66000366210938,1127946,ONGC
2025-06-09 06:45:00+00:00,242.8000030517578,243.47999572753906,242.69000244140625,243.39999389648438,545939,ONGC
2025-06-09 07:45:00+00:00,242.32000732421875,243.0,242.32000732421875,242.8000030517578,779791,ONGC
2025-06-09 08:45:00+00:00,242.6999969482422,242.9499969482422,242.3000030517578,242.32000732421875,1065199,ONGC
2025-06-09 09:45:00+00:00,242.8000030517578,243.42999267578125,242.41000366210938,242.6699981689453,0,ONGC
2025-06-10 03:45:00+00:00,244.3000030517578,244.8000030517578,243.50999450683594,244.16000366210938,1479192,ONGC
2025-06-10 04:45:00+00:00,243.80999755859375,244.9600067138672,243.3000030517578,244.25,898094,ONGC
2025-06-10 05:45:00+00:00,243.8000030517578,244.3000030517578,243.39999389648438,243.85000610351562,535260,ONGC
2025-06-10 06:45:00+00:00,243.5399932861328,244.10000610351562,242.6999969482422,243.8800048828125,961490,ONGC
2025-06-10 07:45:00+00:00,243.27000427246094,243.97999572753906,243.1999969482422,243.5399932861328,679777,ONGC
2025-06-10 08:45:00+00:00,244.61000061035156,244.67999267578125,243.22000122070312,243.27000427246094,1855878,ONGC
2025-06-10 09:45:00+00:00,244.67999267578125,244.97999572753906,244.60000610351562,244.6300048828125,1247946,ONGC
2025-06-11 03:45:00+00:00,247.91000366210938,249.25,243.77999877929688,244.52000427246094,0,ONGC
2025-06-11 04:45:00+00:00,247.4199981689453,248.3699951171875,246.25999450683594,248.0,3954465,ONGC
2025-06-11 05:45:00+00:00,249.33999633789062,250.10000610351562,247.39999389648438,247.41000366210938,3420533,ONGC
2025-06-11 06:45:00+00:00,248.97999572753906,250.10000610351562,248.72999572753906,249.4600067138672,2627229,ONGC
2025-06-11 07:45:00+00:00,247.85000610351562,249.32000732421875,247.27000427246094,248.8800048828125,1873554,ONGC
2025-06-11 08:45:00+00:00,247.57000732421875,248.25,247.14999389648438,247.86000061035156,1951386,ONGC
2025-06-11 09:45:00+00:00,247.32000732421875,247.5500030517578,247.1300048828125,247.5500030517578,0,ONGC
2025-06-12 03:45:00+00:00,251.6999969482422,255.17999267578125,251.60000610351562,252.4199981689453,16119608,ONGC
2025-06-12 04:45:00+00:00,249.60000610351562,252.8300018310547,249.1999969482422,251.60000610351562,4142049,ONGC
2025-06-12 05:45:00+00:00,249.02000427246094,250.89999389648438,248.60000610351562,249.60000610351562,2179558,ONGC
2025-06-12 06:45:00+00:00,249.1699981689453,250.1999969482422,248.39999389648438,249.02000427246094,3104641,ONGC
2025-06-12 07:45:00+00:00,247.64999389648438,250.10000610351562,246.77999877929688,249.3000030517578,3487403,ONGC
2025-06-12 08:45:00+00:00,248.14999389648438,248.49000549316406,247.4499969482422,247.6300048828125,4606893,ONGC
2025-06-12 09:45:00+00:00,247.8800048828125,248.11000061035156,247.10000610351562,248.10000610351562,1971123,ONGC
2025-06-13 03:45:00+00:00,250.14999389648438,254.64999389648438,249.60000610351562,254.5800018310547,0,ONGC
2025-06-13 04:45:00+00:00,250.0,250.49000549316406,249.1999969482422,250.19000244140625,2986537,ONGC
2025-06-13 05:45:00+00:00,253.3000030517578,253.99000549316406,249.89999389648438,250.00999450683594,7395877,ONGC
2025-06-13 06:45:00+00:00,250.50999450683594,253.60000610351562,250.22999572753906,253.5,4113664,ONGC
2025-06-13 07:45:00+00:00,250.5,251.2899932861328,250.39999389648438,250.50999450683594,2094597,ONGC
2025-06-13 08:45:00+00:00,251.69000244140625,251.99000549316406,250.4499969482422,250.5,3278174,ONGC
2025-06-13 09:45:00+00:00,251.0,251.85000610351562,250.97000122070312,251.72999572753906,2071524,ONGC
2025-06-16 03:45:00+00:00,255.11000061035156,256.32000732421875,252.2100067138672,253.4199981689453,0,ONGC
2025-06-16 04:45:00+00:00,256.20001220703125,256.79998779296875,255.1199951171875,255.13999938964844,4819673,ONGC
2025-06-16 05:45:00+00:00,255.16000366210938,257.29998779296875,254.44000244140625,256.3299865722656,6264570,ONGC
2025-06-16 06:45:00+00:00,254.52000427246094,255.42999267578125,254.1699981689453,255.1999969482422,2207894,ONGC
2025-06-16 07:45:00+00:00,254.77000427246094,255.39999389648438,254.16000366210938,254.52000427246094,2210246,ONGC
2025-06-16 08:45:00+00:00,257.30999755859375,257.3699951171875,254.30999755859375,254.77000427246094,13271764,ONGC
2025-06-16 09:45:00+00:00,256.239990234375,257.5,256.0,257.3299865722656,2409558,ONGC
2025-06-17 03:45:00+00:00,252.77000427246094,256.8299865722656,251.6199951171875,256.8299865722656,0,ONGC
2025-06-17 04:45:00+00:00,252.41000366210938,253.99000549316406,252.3000030517578,252.77000427246094,2056246,ONGC
2025-06-17 05:45:00+00:00,252.69000244140625,253.3300018310547,252.1999969482422,252.39999389648438,2770667,ONGC
2025-06-17 06:45:00+00:00,252.2899932861328,253.05999755859375,251.61000061035156,252.67999267578125,1816548,ONGC
2025-06-17 07:45:00+00:00,252.47000122070312,253.25,252.05999755859375,252.33999633789062,1313383,ONGC
2025-06-17 08:45:00+00:00,252.4600067138672,252.6999969482422,252.11000061035156,252.3699951171875,1773950,ONGC
2025-06-17 09:45:00+00:00,251.75999450683594,252.4600067138672,251.75999450683594,252.4600067138672,1470929,ONGC
2025-06-18 03:45:00+00:00,253.60000610351562,255.8699951171875,253.10000610351562,254.27000427246094,0,ONGC
2025-06-18 04:45:00+00:00,252.0399932861328,253.75,251.8000030517578,253.66000366210938,1630099,ONGC
2025-06-18 05:45:00+00:00,251.8000030517578,252.1999969482422,251.32000732421875,252.0399932861328,1113305,ONGC
2025-06-18 06:45:00+00:00,250.67999267578125,252.0500030517578,250.1199951171875,251.8000030517578,1166701,ONGC
2025-06-18 07:45:00+00:00,250.5,251.17999267578125,250.36000061035156,250.64999389648438,779438,ONGC
2025-06-18 08:45:00+00:00,250.4600067138672,251.0,249.86000061035156,250.5399932861328,2037005,ONGC
2025-06-18 09:45:00+00:00,250.0,250.49000549316406,249.7899932861328,250.4499969482422,1164816,ONGC
2025-06-19 03:45:00+00:00,249.1300048828125,250.69000244140625,248.6699981689453,250.69000244140625,0,ONGC
2025-06-19 04:45:00+00:00,248.67999267578125,249.5,248.1999969482422,249.1199951171875,804835,ONGC
2025-06-19 05:45:00+00:00,251.2100067138672,251.25,248.5,248.7100067138672,1281861,ONGC
2025-06-19 06:45:00+00:00,250.00999450683594,251.5,249.27000427246094,251.2100067138672,1400800,ONGC
2025-06-19 07:45:00+00:00,252.0500030517578,252.33999633789062,249.35000610351562,250.1699981689453,1717965,ONGC
2025-06-19 08:45:00+00:00,251.77000427246094,253.0,251.39999389648438,252.07000732421875,2915161,ONGC
2025-06-19 09:45:00+00:00,251.0,251.7899932861328,251.0,251.75999450683594,1049463,ONGC
2025-06-20 03:45:00+00:00,251.49000549316406,251.94000244140625,249.4600067138672,251.89999389648438,1965953,ONGC
2025-06-20 04:45:00+00:00,252.58999633789062,253.0,251.17999267578125,251.49000549316406,1563244,ONGC
2025-06-20 05:45:00+00:00,252.47000122070312,253.25,252.1999969482422,252.6300048828125,1307037,ONGC
2025-06-20 06:45:00+00:00,251.4199981689453,252.5,250.2899932861328,252.5,836371,ONGC
2025-06-20 07:45:00+00:00,250.72000122070312,252.0800018310547,250.60000610351562,251.3699951171875,992667,ONGC
2025-06-20 08:45:00+00:00,252.00999450683594,252.6999969482422,250.72000122070312,250.75,5398948,ONGC
2025-06-20 09:45:00+00:00,251.1999969482422,252.0500030517578,250.35000610351562,252.0,3823038,ONGC
2025-06-23 03:45:00+00:00,251.91000366210938,254.99000549316406,251.33999633789062,253.57000732421875,0,ONGC
2025-06-23 04:45:00+00:00,251.27000427246094,251.9600067138672,250.5,251.9499969482422,2130083,ONGC
2025-06-23 05:45:00+00:00,251.0800018310547,251.8000030517578,250.8699951171875,251.27000427246094,1259457,ONGC
2025-06-23 06:45:00+00:00,251.82000732421875,251.85000610351562,250.64999389648438,251.0800018310547,1381302,ONGC
2025-06-23 07:45:00+00:00,251.00999450683594,252.35000610351562,250.86000061035156,251.85000610351562,1854818,ONGC
2025-06-23 08:45:00+00:00,251.52999877929688,251.75,250.91000366210938,251.00999450683594,1983932,ONGC
2025-06-23 09:45:00+00:00,251.10000610351562,251.58999633789062,251.0399932861328,251.36000061035156,1347414,ONGC
2025-06-24 03:45:00+00:00,246.6699981689453,247.85000610351562,245.1199951171875,246.91000366210938,0,ONGC
2025-06-24 04:45:00+00:00,244.02999877929688,246.83999633789062,243.6999969482422,246.64999389648438,4428739,ONGC
2025-06-24 05:45:00+00:00,245.0,245.3000030517578,244.05999755859375,244.10000610351562,3305530,ONGC
2025-06-24 06:45:00+00:00,244.66000366210938,245.0500030517578,244.25,245.02000427246094,1829209,ONGC
2025-06-24 07:45:00+00:00,243.6199951171875,244.6999969482422,243.50999450683594,244.66000366210938,2311152,ONGC
2025-06-24 08:45:00+00:00,243.9499969482422,244.1999969482422,243.5500030517578,243.6300048828125,2404501,ONGC
2025-06-24 09:45:00+00:00,244.10000610351562,244.25,243.7899932861328,243.86000061035156,1442699,ONGC
2025-06-25 03:45:00+00:00,244.2100067138672,245.2899932861328,243.89999389648438,244.88999938964844,2477676,ONGC
2025-06-25 04:45:00+00:00,243.35000610351562,244.1999969482422,242.8699951171875,244.08999633789062,1591611,ONGC
2025-06-25 05:45:00+00:00,243.0399932861328,243.7100067138672,242.91000366210938,243.3000030517578,703241,ONGC
2025-06-25 06:45:00+00:00,244.22999572753906,244.47000122070312,243.0399932861328,243.0399932861328,1287986,ONGC
2025-06-25 07:45:00+00:00,243.0,244.22000122070312,242.91000366210938,244.22000122070312,2324352,ONGC
2025-06-25 08:45:00+00:00,241.83999633789062,243.1999969482422,241.5399932861328,243.00999450683594,3128692,ONGC
2025-06-25 09:45:00+00:00,241.7899932861328,242.08999633789062,241.64999389648438,241.82000732421875,1536085,ONGC
2025-06-26 03:45:00+00:00,242.75,243.66000366210938,242.1199951171875,242.6999969482422,2733804,ONGC
2025-06-26 04:45:00+00:00,242.27000427246094,243.10000610351562,241.60000610351562,242.75,3098008,ONGC
2025-06-26 05:45:00+00:00,242.44000244140625,242.5500030517578,241.61000061035156,242.1999969482422,2077289,ONGC
2025-06-26 06:45:00+00:00,243.13999938964844,243.5800018310547,242.24000549316406,242.38999938964844,1718423,ONGC
2025-06-26 07:45:00+00:00,243.6199951171875,244.0500030517578,243.1300048828125,243.13999938964844,1723197,ONGC
2025-06-26 08:45:00+00:00,244.66000366210938,244.91000366210938,243.57000732421875,243.72999572753906,2902951,ONGC
2025-06-26 09:45:00+00:00,245.02000427246094,245.35000610351562,244.5,244.6699981689453,1503597,ONGC
2025-06-27 03:45:00+00:00,244.2899932861328,246.14999389648438,243.67999267578125,245.6699981689453,1833596,ONGC
2025-06-27 04:45:00+00:00,244.17999267578125,244.64999389648438,242.94000244140625,244.36000061035156,1568924,ONGC
2025-06-27 05:45:00+00:00,244.58999633789062,244.89999389648438,243.92999267578125,244.1999969482422,997543,ONGC
2025-06-27 06:45:00+00:00,244.13999938964844,245.24000549316406,244.10000610351562,244.58999633789062,1376119,ONGC
2025-06-27 07:45:00+00:00,243.5800018310547,244.25999450683594,243.5,244.11000061035156,982464,ONGC
2025-06-27 08:45:00+00:00,242.75,243.97999572753906,242.00999450683594,243.5500030517578,9389786,ONGC
2025-06-27 09:45:00+00:00,242.8300018310547,244.5,242.6999969482422,242.72000122070312,0,ONGC
2025-06-30 03:45:00+00:00,244.58999633789062,245.6999969482422,243.5399932861328,244.36000061035156,0,ONGC
2025-06-30 04:45:00+00:00,243.58999633789062,245.1999969482422,243.3800048828125,244.5399932861328,1118815,ONGC
2025-06-30 05:45:00+00:00,243.52999877929688,243.83999633789062,243.25999450683594,243.60000610351562,857882,ONGC
2025-06-30 06:45:00+00:00,243.44000244140625,243.69000244140625,243.0,243.52999877929688,906032,ONGC
2025-06-30 07:45:00+00:00,243.1300048828125,243.77999877929688,243.07000732421875,243.4499969482422,768846,ONGC
2025-06-30 08:45:00+00:00,244.30999755859375,244.69000244140625,243.00999450683594,243.1999969482422,2014696,ONGC
2025-06-30 09:45:00+00:00,244.0,244.4499969482422,243.0,244.35000610351562,1222491,ONGC
2025-07-01 03:45:00+00:00,243.25999450683594,245.0800018310547,243.25,245.0800018310547,1713140,ONGC
2025-07-01 04:45:00+00:00,241.85000610351562,243.27000427246094,241.32000732421875,243.27000427246094,1833790,ONGC
2025-07-01 05:45:00+00:00,242.0500030517578,242.38999938964844,241.75999450683594,241.8699951171875,562221,ONGC
2025-07-01 06:45:00+00:00,243.08999633789062,243.1999969482422,241.92999267578125,242.00999450683594,1254416,ONGC
2025-07-01 07:45:00+00:00,243.44000244140625,243.4499969482422,242.5500030517578,243.02999877929688,817656,ONGC
2025-07-01 08:45:00+00:00,243.57000732421875,243.88999938964844,242.64999389648438,243.3699951171875,1395761,ONGC
2025-07-01 09:45:00+00:00,243.3699951171875,243.7899932861328,243.0,243.66000366210938,889386,ONGC
2025-07-02 03:45:00+00:00,242.49000549316406,243.6999969482422,242.3000030517578,243.1999969482422,0,ONGC
2025-07-02 04:45:00+00:00,242.83999633789062,243.13999938964844,242.10000610351562,242.49000549316406,1037576,ONGC
2025-07-02 05:45:00+00:00,242.14999389648438,243.5,241.44000244140625,242.77999877929688,2026545,ONGC
2025-07-02 06:45:00+00:00,241.16000366210938,242.52000427246094,241.10000610351562,242.10000610351562,1613835,ONGC
2025-07-02 07:45:00+00:00,241.0,241.16000366210938,240.22999572753906,241.16000366210938,1110193,ONGC
2025-07-02 08:45:00+00:00,241.0,241.2899932861328,240.39999389648438,240.9600067138672,1895455,ONGC
2025-07-02 09:45:00+00:00,241.14999389648438,241.1999969482422,241.0,241.0,990249,ONGC
2025-07-03 03:45:00+00:00,244.60000610351562,244.75,241.88999938964844,242.27000427246094,3538229,ONGC
2025-07-03 04:45:00+00:00,245.97000122070312,245.97999572753906,244.4600067138672,244.60000610351562,3843079,ONGC
2025-07-03 05:45:00+00:00,244.66000366210938,246.0,244.27999877929688,245.94000244140625,1358890,ONGC
2025-07-03 06:45:00+00:00,243.9499969482422,244.72999572753906,243.80999755859375,244.67999267578125,951850,ONGC
2025-07-03 07:45:00+00:00,244.07000732421875,245.0,243.57000732421875,243.9199981689453,868498,ONGC
2025-07-03 08:45:00+00:00,244.17999267578125,244.4600067138672,243.3800048828125,244.16000366210938,2228019,ONGC
2025-07-03 09:45:00+00:00,243.92999267578125,244.14999389648438,243.66000366210938,244.0,1098843,ONGC
2025-07-04 03:45:00+00:00,243.64999389648438,244.75,242.52000427246094,244.69000244140625,1581005,ONGC
2025-07-04 04:45:00+00:00,243.99000549316406,244.02000427246094,243.25,243.61000061035156,658606,ONGC
2025-07-04 05:45:00+00:00,244.42999267578125,245.02999877929688,243.44000244140625,243.92999267578125,1421597,ONGC
2025-07-04 06:45:00+00:00,244.83999633789062,245.0500030517578,244.4199981689453,244.4600067138672,1072122,ONGC
2025-07-04 07:45:00+00:00,244.83999633789062,245.1199951171875,244.11000061035156,244.80999755859375,939891,ONGC
2025-07-04 08:45:00+00:00,245.2899932861328,245.3000030517578,244.72999572753906,244.80999755859375,1229118,ONGC
2025-07-04 09:45:00+00:00,245.1999969482422,245.4499969482422,244.85000610351562,245.3000030517578,808087,ONGC
2025-07-07 03:45:00+00:00,243.9600067138672,245.36000061035156,243.8300018310547,245.36000061035156,0,ONGC
2025-07-07 04:45:00+00:00,244.1199951171875,244.7899932861328,243.9600067138672,243.9600067138672,444878,ONGC
2025-07-07 05:45:00+00:00,243.0,244.17999267578125,242.89999389648438,244.17999267578125,632700,ONGC
2025-07-07 06:45:00+00:00,243.10000610351562,243.10000610351562,242.14999389648438,243.00999450683594,1047666,ONGC
2025-07-07 07:45:00+00:00,241.99000549316406,243.1999969482422,241.75,243.02999877929688,1691906,ONGC
2025-07-07 08:45:00+00:00,241.8000030517578,242.1300048828125,241.5,241.97999572753906,2699191,ONGC
2025-07-07 09:45:00+00:00,241.3800048828125,241.94000244140625,240.97000122070312,241.8300018310547,1839243,ONGC
2025-07-08 03:45:00+00:00,241.85000610351562,243.6999969482422,241.6199951171875,242.5399932861328,0,ONGC
2025-07-08 04:45:00+00:00,242.27999877929688,242.36000061035156,241.60000610351562,241.91000366210938,624016,ONGC
2025-07-08 05:45:00+00:00,240.85000610351562,242.24000549316406,240.85000610351562,242.1699981689453,721679,ONGC
2025-07-08 06:45:00+00:00,241.74000549316406,242.1999969482422,240.64999389648438,240.85000610351562,1246271,ONGC
2025-07-08 07:45:00+00:00,242.2899932861328,242.52999877929688,241.6999969482422,241.8699951171875,961401,ONGC
2025-07-08 08:45:00+00:00,243.4499969482422,243.47000122070312,242.0399932861328,242.2899932861328,1488393,ONGC
2025-07-08 09:45:00+00:00,243.3000030517578,243.5,243.08999633789062,243.42999267578125,935956,ONGC
2025-07-09 03:45:00+00:00,243.88999938964844,244.0800018310547,242.30999755859375,243.3800048828125,0,ONGC
2025-07-09 04:45:00+00:00,243.44000244140625,244.0800018310547,242.6300048828125,243.89999389648438,2034958,ONGC
2025-07-09 05:45:00+00:00,243.97999572753906,244.1699981689453,243.5,243.5,1773106,ONGC
2025-07-09 06:45:00+00:00,243.88999938964844,244.16000366210938,243.60000610351562,243.97999572753906,1230024,ONGC
2025-07-09 07:45:00+00:00,244.0500030517578,244.5500030517578,243.72000122070312,243.8699951171875,1197667,ONGC
2025-07-09 08:45:00+00:00,243.3000030517578,244.1199951171875,243.14999389648438,244.00999450683594,1471011,ONGC
2025-07-09 09:45:00+00:00,243.16000366210938,243.3699951171875,243.0,243.3000030517578,596420,ONGC
2025-07-10 03:45:00+00:00,243.1300048828125,244.55999755859375,243.0,244.1999969482422,0,ONGC
2025-07-10 04:45:00+00:00,243.3000030517578,243.35000610351562,242.3800048828125,243.0500030517578,830408,ONGC
2025-07-10 05:45:00+00:00,244.0800018310547,244.22999572753906,243.13999938964844,243.2899932861328,1990252,ONGC
2025-07-10 06:45:00+00:00,242.97999572753906,244.24000549316406,242.80999755859375,244.10000610351562,994226,ONGC
2025-07-10 07:45:00+00:00,242.94000244140625,243.69000244140625,242.5,242.9600067138672,661917,ONGC
2025-07-10 08:45:00+00:00,243.25999450683594,243.33999633789062,242.39999389648438,242.94000244140625,1441701,ONGC
2025-07-10 09:45:00+00:00,242.75,243.2899932861328,242.5500030517578,243.27000427246094,871991,ONGC
2025-07-11 03:45:00+00:00,241.60000610351562,243.02999877929688,241.5,242.94000244140625,994905,ONGC
2025-07-11 04:45:00+00:00,241.27999877929688,241.80999755859375,240.82000732421875,241.5500030517578,780957,ONGC
2025-07-11 05:45:00+00:00,242.24000549316406,242.47999572753906,241.10000610351562,241.1999969482422,1024077,ONGC
2025-07-11 06:45:00+00:00,242.00999450683594,242.52999877929688,241.89999389648438,242.24000549316406,992798,ONGC
2025-07-11 07:45:00+00:00,241.6699981689453,242.25999450683594,241.55999755859375,242.00999450683594,441164,ONGC
2025-07-11 08:45:00+00:00,242.0,242.1300048828125,241.3000030517578,241.6699981689453,856995,ONGC
2025-07-11 09:45:00+00:00,241.64999389648438,242.0,241.52000427246094,241.9499969482422,516219,ONGC
2025-07-14 03:45:00+00:00,242.47000122070312,243.74000549316406,241.17999267578125,242.77999877929688,0,ONGC
2025-07-14 04:45:00+00:00,242.5500030517578,243.1199951171875,242.25999450683594,242.38999938964844,620967,ONGC
2025-07-14 05:45:00+00:00,243.49000549316406,243.69000244140625,241.8300018310547,242.5500030517578,690478,ONGC
2025-07-14 06:45:00+00:00,243.10000610351562,243.57000732421875,242.0,243.57000732421875,856198,ONGC
2025-07-14 07:45:00+00:00,244.19000244140625,244.63999938964844,242.9600067138672,243.08999633789062,1564100,ONGC
2025-07-14 08:45:00+00:00,244.19000244140625,244.64999389648438,244.02000427246094,244.22999572753906,1479460,ONGC
2025-07-14 09:45:00+00:00,244.10000610351562,244.2100067138672,243.77999877929688,244.10000610351562,881516,ONGC
2025-07-15 03:45:00+00:00,243.80999755859375,245.33999633789062,242.86000061035156,244.10000610351562,0,ONGC
2025-07-15 04:45:00+00:00,244.5,244.52000427246094,242.94000244140625,243.75999450683594,1030983,ONGC
2025-07-15 05:45:00+00:00,243.88999938964844,244.5,243.66000366210938,244.5,457945,ONGC
2025-07-15 06:45:00+00:00,244.10000610351562,244.19000244140625,243.4499969482422,243.89999389648438,1201984,ONGC
2025-07-15 07:45:00+00:00,242.9199981689453,244.39999389648438,242.6999969482422,244.16000366210938,1424872,ONGC
2025-07-15 08:45:00+00:00,243.72999572753906,243.75999450683594,242.91000366210938,242.9499969482422,1350469,ONGC
2025-07-15 09:45:00+00:00,243.89999389648438,244.02000427246094,243.66000366210938,243.72000122070312,764354,ONGC
2025-07-16 03:45:00+00:00,242.6199951171875,243.60000610351562,242.3000030517578,243.42999267578125,743471,ONGC
2025-07-16 04:45:00+00:00,243.1699981689453,243.25,242.50999450683594,242.6300048828125,313821,ONGC
2025-07-16 05:45:00+00:00,243.39999389648438,243.8699951171875,242.8000030517578,243.1199951171875,1305680,ONGC
2025-07-16 06:45:00+00:00,243.1199951171875,243.5399932861328,243.0,243.42999267578125,558700,ONGC
2025-07-16 07:45:00+00:00,243.00999450683594,243.41000366210938,242.5500030517578,243.08999633789062,868917,ONGC
2025-07-16 08:45:00+00:00,242.83999633789062,243.32000732421875,242.6999969482422,243.00999450683594,1217587,ONGC
2025-07-16 09:45:00+00:00,243.0,243.0,242.74000549316406,242.75,639588,ONGC
2025-07-17 03:45:00+00:00,243.33999633789062,243.7899932861328,243.0,243.0,755794,ONGC
2025-07-17 04:45:00+00:00,244.25,244.55999755859375,242.85000610351562,243.35000610351562,1716763,ONGC
2025-07-17 05:45:00+00:00,244.1300048828125,244.49000549316406,243.8300018310547,244.24000549316406,800710,ONGC
2025-07-17 06:45:00+00:00,244.0,244.27000427246094,243.5,244.0500030517578,1017596,ONGC
2025-07-17 07:45:00+00:00,244.07000732421875,244.3800048828125,243.75,244.0,655449,ONGC
2025-07-17 08:45:00+00:00,244.05999755859375,244.17999267578125,243.39999389648438,244.0,1454524,ONGC
2025-07-17 09:45:00+00:00,243.77000427246094,244.19000244140625,243.77000427246094,244.1699981689453,603884,ONGC
2025-07-18 03:45:00+00:00,244.75,246.0399932861328,244.30999755859375,244.6999969482422,1583826,ONGC
2025-07-18 04:45:00+00:00,245.1300048828125,245.24000549316406,243.5,244.64999389648438,1486114,ONGC
2025-07-18 05:45:00+00:00,244.99000549316406,245.39999389648438,244.64999389648438,245.08999633789062,1004459,ONGC
2025-07-18 06:45:00+00:00,246.64999389648438,246.85000610351562,244.1999969482422,245.0,1745626,ONGC
2025-07-18 07:45:00+00:00,246.6999969482422,247.08999633789062,246.0399932861328,246.64999389648438,1719688,ONGC
2025-07-18 08:45:00+00:00,246.4600067138672,247.35000610351562,246.14999389648438,246.6300048828125,1797287,ONGC
2025-07-18 09:45:00+00:00,246.0,246.49000549316406,245.4199981689453,246.4600067138672,952577,ONGC
2025-07-21 03:45:00+00:00,245.10000610351562,246.17999267578125,244.5,246.17999267578125,0,ONGC
2025-07-21 04:45:00+00:00,244.88999938964844,245.75,244.85000610351562,245.07000732421875,782149,ONGC
2025-07-21 05:45:00+00:00,245.0,245.27000427246094,244.57000732421875,244.9199981689453,526623,ONGC
2025-07-21 06:45:00+00:00,245.11000061035156,245.44000244140625,244.72999572753906,245.14999389648438,822684,ONGC
2025-07-21 07:45:00+00:00,244.99000549316406,245.72000122070312,244.89999389648438,245.10000610351562,820296,ONGC
2025-07-21 08:45:00+00:00,245.0,245.25,244.82000732421875,245.02000427246094,973640,ONGC
2025-07-21 09:45:00+00:00,244.94000244140625,245.11000061035156,244.6999969482422,244.99000549316406,536860,ONGC
2025-07-22 03:45:00+00:00,244.8000030517578,245.57000732421875,244.17999267578125,245.19000244140625,0,ONGC
2025-07-22 04:45:00+00:00,244.72999572753906,245.17999267578125,244.5,244.7899932861328,347226,ONGC
2025-07-22 05:45:00+00:00,245.50999450683594,245.5500030517578,244.61000061035156,244.7100067138672,678756,ONGC
2025-07-22 06:45:00+00:00,246.13999938964844,246.74000549316406,245.5,245.50999450683594,940896,ONGC
2025-07-22 07:45:00+00:00,246.5500030517578,246.85000610351562,245.97000122070312,246.13999938964844,479422,ONGC
2025-07-22 08:45:00+00:00,246.4199981689453,246.75,246.0500030517578,246.57000732421875,1117617,ONGC
2025-07-22 09:45:00+00:00,246.32000732421875,246.5500030517578,246.0,246.47000122070312,1019799,ONGC
2025-07-23 03:45:00+00:00,246.27000427246094,247.19000244140625,245.60000610351562,245.8699951171875,1012313,ONGC
2025-07-23 04:45:00+00:00,245.61000061035156,246.3300018310547,245.42999267578125,246.3300018310547,427424,ONGC
2025-07-23 05:45:00+00:00,245.02000427246094,245.7899932861328,244.75999450683594,245.63999938964844,822844,ONGC
2025-07-23 06:45:00+00:00,244.75999450683594,245.47999572753906,244.42999267578125,245.0,1289270,ONGC
2025-07-23 07:45:00+00:00,244.80999755859375,244.97999572753906,244.27000427246094,244.75,1539696,ONGC
2025-07-23 08:45:00+00:00,245.77000427246094,245.9499969482422,244.35000610351562,244.89999389648438,1580237,ONGC
2025-07-23 09:45:00+00:00,245.80999755859375,245.8699951171875,245.36000061035156,245.72000122070312,682469,ONGC
2025-07-24 03:45:00+00:00,245.52000427246094,246.13999938964844,245.3300018310547,245.57000732421875,0,ONGC
2025-07-24 04:45:00+00:00,245.14999389648438,245.89999389648438,245.1199951171875,245.52000427246094,322995,ONGC
2025-07-24 05:45:00+00:00,244.3000030517578,245.3300018310547,243.8000030517578,245.14999389648438,542581,ONGC
2025-07-24 06:45:00+00:00,244.49000549316406,245.1999969482422,244.1199951171875,244.3000030517578,1130822,ONGC
2025-07-24 07:45:00+00:00,244.6999969482422,244.9600067138672,244.10000610351562,244.39999389648438,733159,ONGC
2025-07-24 08:45:00+00:00,244.77999877929688,244.85000610351562,244.1199951171875,244.75999450683594,1009643,ONGC
2025-07-24 09:45:00+00:00,245.25,245.3000030517578,244.67999267578125,244.72999572753906,409310,ONGC
2025-07-25 03:45:00+00:00,242.61000061035156,244.69000244140625,242.4600067138672,244.14999389648438,817472,ONGC
2025-07-25 04:45:00+00:00,241.14999389648438,242.5,241.0500030517578,242.5,685054,ONGC
2025-07-25 05:45:00+00:00,242.10000610351562,242.4199981689453,241.07000732421875,241.13999938964844,2019253,ONGC
2025-07-25 06:45:00+00:00,242.27999877929688,242.74000549316406,241.6999969482422,242.10000610351562,562816,ONGC
2025-07-25 07:45:00+00:00,241.27999877929688,242.35000610351562,241.27999877929688,242.27999877929688,371548,ONGC
2025-07-25 08:45:00+00:00,240.8800048828125,241.6300048828125,239.47000122070312,241.27999877929688,2327307,ONGC
2025-07-25 09:45:00+00:00,240.5,240.8699951171875,240.02000427246094,240.85000610351562,640178,ONGC
2025-07-28 03:45:00+00:00,240.8300018310547,241.32000732421875,239.8000030517578,239.8699951171875,0,ONGC
2025-07-28 04:45:00+00:00,240.91000366210938,241.44000244140625,240.77000427246094,240.85000610351562,520838,ONGC
2025-07-28 05:45:00+00:00,241.0,241.55999755859375,240.67999267578125,240.9499969482422,713541,ONGC
2025-07-28 06:45:00+00:00,239.14999389648438,241.25,239.1300048828125,241.0,717372,ONGC
2025-07-28 07:45:00+00:00,239.83999633789062,239.83999633789062,237.85000610351562,239.14999389648438,1668905,ONGC
2025-07-28 08:45:00+00:00,239.64999389648438,240.88999938964844,239.5399932861328,239.8000030517578,1940919,ONGC
2025-07-28 09:45:00+00:00,239.75,240.11000061035156,239.14999389648438,239.6199951171875,654031,ONGC
2025-07-29 03:45:00+00:00,240.27999877929688,242.30999755859375,240.11000061035156,240.3800048828125,0,ONGC
2025-07-29 04:45:00+00:00,241.89999389648438,241.89999389648438,240.02000427246094,240.3000030517578,920847,ONGC
2025-07-29 05:45:00+00:00,241.5,242.27999877929688,241.33999633789062,241.89999389648438,1067661,ONGC
2025-07-29 06:45:00+00:00,241.27999877929688,241.60000610351562,240.89999389648438,241.47999572753906,455511,ONGC
2025-07-29 07:45:00+00:00,241.32000732421875,241.92999267578125,241.0399932861328,241.32000732421875,601256,ONGC
2025-07-29 08:45:00+00:00,241.6699981689453,241.75,240.88999938964844,241.25,1626088,ONGC
2025-07-29 09:45:00+00:00,241.10000610351562,241.8000030517578,241.10000610351562,241.6300048828125,514390,ONGC
2025-07-30 03:45:00+00:00,240.41000366210938,242.77999877929688,240.22999572753906,242.1999969482422,1105231,ONGC
2025-07-30 04:45:00+00:00,241.9499969482422,242.17999267578125,240.10000610351562,240.27000427246094,1970995,ONGC
2025-07-30 05:45:00+00:00,242.72000122070312,243.5500030517578,241.92999267578125,242.02999877929688,2023458,ONGC
2025-07-30 06:45:00+00:00,242.8000030517578,243.42999267578125,242.63999938964844,242.63999938964844,675197,ONGC
2025-07-30 07:45:00+00:00,242.49000549316406,243.0,242.3800048828125,242.94000244140625,557972,ONGC
2025-07-30 08:45:00+00:00,241.77999877929688,242.63999938964844,241.75,242.41000366210938,1536920,ONGC
2025-07-30 09:45:00+00:00,241.80999755859375,242.0,241.5,241.75,0,ONGC
2025-07-31 03:45:00+00:00,239.8000030517578,241.50999450683594,239.66000366210938,240.8300018310547,1134199,ONGC
2025-07-31 04:45:00+00:00,241.6199951171875,241.67999267578125,239.72999572753906,239.8000030517578,2040562,ONGC
2025-07-31 05:45:00+00:00,241.42999267578125,242.0,241.0500030517578,241.64999389648438,1947484,ONGC
2025-07-31 06:45:00+00:00,241.5,241.8000030517578,241.1699981689453,241.4600067138672,488014,ONGC
2025-07-31 07:45:00+00:00,242.41000366210938,242.8000030517578,241.4600067138672,241.60000610351562,1076500,ONGC
2025-07-31 08:45:00+00:00,241.0,242.42999267578125,240.30999755859375,242.39999389648438,2056909,ONGC
2025-07-31 09:45:00+00:00,240.25,241.57000732421875,240.25,241.00999450683594,1505315,ONGC
2025-08-01 03:45:00+00:00,236.57000732421875,240.25999450683594,236.1699981689453,240.25999450683594,0,ONGC
2025-08-01 04:45:00+00:00,236.22000122070312,236.8699951171875,235.14999389648438,236.63999938964844,2731252,ONGC
2025-08-01 05:45:00+00:00,234.8800048828125,236.39999389648438,234.0800018310547,236.19000244140625,2431729,ONGC
2025-08-01 06:45:00+00:00,234.82000732421875,235.27000427246094,234.24000549316406,234.8800048828125,701644,ONGC
2025-08-01 07:45:00+00:00,237.89999389648438,238.16000366210938,234.66000366210938,234.82000732421875,2465126,ONGC
2025-08-01 08:45:00+00:00,236.6999969482422,238.0,236.55999755859375,237.83999633789062,1797289,ONGC
2025-08-01 09:45:00+00:00,236.5,236.99000549316406,236.3000030517578,236.60000610351562,1007096,ONGC
2025-08-04 03:45:00+00:00,236.07000732421875,238.3000030517578,235.49000549316406,235.49000549316406,0,ONGC
2025-08-04 04:45:00+00:00,234.72999572753906,236.27000427246094,234.36000061035156,236.0800018310547,1467460,ONGC
2025-08-04 05:45:00+00:00,235.0,235.1999969482422,234.0,234.75999450683594,2425826,ONGC
2025-08-04 06:45:00+00:00,235.1999969482422,235.33999633789062,234.66000366210938,234.97000122070312,2040049,ONGC
2025-08-04 07:45:00+00:00,235.00999450683594,235.32000732421875,234.22999572753906,235.1999969482422,1178766,ONGC
2025-08-04 08:45:00+00:00,234.6999969482422,235.11000061035156,234.47999572753906,235.0,6348500,ONGC
2025-08-04 09:45:00+00:00,234.8300018310547,235.19000244140625,234.63999938964844,234.63999938964844,0,ONGC
2025-08-05 03:45:00+00:00,233.6199951171875,235.52999877929688,233.08999633789062,234.97999572753906,1216860,ONGC
2025-08-05 04:45:00+00:00,234.9499969482422,235.0,233.4199981689453,233.6199951171875,1834620,ONGC
2025-08-05 05:45:00+00:00,234.44000244140625,235.0,234.1699981689453,234.9499969482422,1128760,ONGC
2025-08-05 06:45:00+00:00,234.4199981689453,234.9499969482422,234.38999938964844,234.4499969482422,465625,ONGC
2025-08-05 07:45:00+00:00,233.72000122070312,234.5,233.57000732421875,234.5,1705303,ONGC
2025-08-05 08:45:00+00:00,234.47999572753906,234.94000244140625,233.57000732421875,233.7100067138672,2342153,ONGC
2025-08-05 09:45:00+00:00,234.39999389648438,234.5,234.02000427246094,234.5,868620,ONGC
2025-08-06 03:45:00+00:00,234.0,235.3699951171875,233.77999877929688,234.35000610351562,758896,ONGC
2025-08-06 04:45:00+00:00,234.6699981689453,235.0,233.66000366210938,234.0,1509335,ONGC
2025-08-06 05:45:00+00:00,233.25,235.02999877929688,233.1999969482422,234.72000122070312,1301876,ONGC
2025-08-06 06:45:00+00:00,233.85000610351562,233.9199981689453,233.07000732421875,233.1999969482422,1066514,ONGC
2025-08-06 07:45:00+00:00,233.4499969482422,233.8300018310547,233.0800018310547,233.77999877929688,998963,ONGC
2025-08-06 08:45:00+00:00,233.89999389648438,233.89999389648438,232.9199981689453,233.41000366210938,1393565,ONGC
2025-08-06 09:45:00+00:00,234.0,234.0,233.7899932861328,233.8800048828125,538491,ONGC
2025-08-07 03:45:00+00:00,232.97999572753906,233.27000427246094,232.1999969482422,232.9199981689453,672012,ONGC
2025-08-07 04:45:00+00:00,232.7100067138672,233.33999633789062,232.10000610351562,232.9499969482422,515074,ONGC
2025-08-07 05:45:00+00:00,233.07000732421875,233.14999389648438,232.61000061035156,232.6999969482422,394187,ONGC
2025-08-07 06:45:00+00:00,232.60000610351562,233.17999267578125,232.42999267578125,233.00999450683594,1437185,ONGC
2025-08-07 07:45:00+00:00,232.1999969482422,232.6300048828125,231.5500030517578,232.5399932861328,917673,ONGC
2025-08-07 08:45:00+00:00,234.0,234.13999938964844,232.10000610351562,232.22000122070312,974131,ONGC
2025-08-07 09:45:00+00:00,233.5500030517578,234.0,233.5500030517578,233.99000549316406,647561,ONGC
2025-08-08 03:45:00+00:00,233.5800018310547,235.1199951171875,233.1999969482422,233.7899932861328,0,ONGC
2025-08-08 04:45:00+00:00,233.5399932861328,233.8300018310547,233.14999389648438,233.5800018310547,416177,ONGC
2025-08-08 05:45:00+00:00,233.80999755859375,234.22000122070312,233.42999267578125,233.5,816675,ONGC
2025-08-08 06:45:00+00:00,233.9199981689453,234.83999633789062,233.52000427246094,233.8800048828125,1262044,ONGC
2025-08-08 07:45:00+00:00,233.24000549316406,234.2899932861328,233.08999633789062,233.94000244140625,384311,ONGC
2025-08-08 08:45:00+00:00,233.10000610351562,233.9499969482422,233.0500030517578,233.35000610351562,988303,ONGC
2025-08-08 09:45:00+00:00,233.44000244140625,233.44000244140625,232.6999969482422,233.0500030517578,0,ONGC
2025-08-11 03:45:00+00:00,232.60000610351562,234.24000549316406,231.92999267578125,233.0399932861328,0,ONGC
2025-08-11 04:45:00+00:00,232.58999633789062,233.0399932861328,231.97000122070312,232.58999633789062,562719,ONGC
2025-08-11 05:45:00+00:00,233.02000427246094,233.13999938964844,231.58999633789062,232.58999633789062,902818,ONGC
2025-08-11 06:45:00+00:00,232.97000122070312,233.17999267578125,232.49000549316406,233.0800018310547,937949,ONGC
2025-08-11 07:45:00+00:00,233.44000244140625,233.60000610351562,232.86000061035156,233.00999450683594,242345,ONGC
2025-08-11 08:45:00+00:00,233.75,233.97999572753906,233.25,233.44000244140625,694547,ONGC
2025-08-11 09:45:00+00:00,233.8300018310547,233.92999267578125,233.36000061035156,233.75,705916,ONGC
2025-08-12 03:45:00+00:00,234.3000030517578,234.88999938964844,233.66000366210938,234.24000549316406,0,ONGC
2025-08-12 04:45:00+00:00,233.6999969482422,234.52999877929688,233.61000061035156,234.3000030517578,462440,ONGC
2025-08-12 05:45:00+00:00,235.2899932861328,235.9600067138672,233.6199951171875,233.6999969482422,2782460,ONGC
2025-08-12 06:45:00+00:00,235.8000030517578,236.08999633789062,235.17999267578125,235.27999877929688,735642,ONGC
2025-08-12 07:45:00+00:00,235.0800018310547,235.89999389648438,235.0,235.8000030517578,327775,ONGC
2025-08-12 08:45:00+00:00,235.6199951171875,235.8000030517578,235.0,235.0800018310547,1441959,ONGC
2025-08-12 09:45:00+00:00,235.52000427246094,235.64999389648438,235.0,235.63999938964844,0,ONGC
2025-08-13 03:45:00+00:00,238.0800018310547,238.32000732421875,236.5,237.7899932861328,2117402,ONGC
2025-08-13 04:45:00+00:00,239.3800048828125,239.39999389648438,238.0800018310547,238.0800018310547,1541358,ONGC
2025-08-13 05:45:00+00:00,239.19000244140625,239.9499969482422,238.89999389648438,239.5399932861328,1305980,ONGC
2025-08-13 06:45:00+00:00,239.80999755859375,239.82000732421875,239.00999450683594,239.25,560816,ONGC
2025-08-13 07:45:00+00:00,238.92999267578125,239.94000244140625,238.80999755859375,239.80999755859375,809801,ONGC
2025-08-13 08:45:00+00:00,238.66000366210938,239.5500030517578,238.66000366210938,238.94000244140625,1497069,ONGC
2025-08-13 09:45:00+00:00,238.5,238.69000244140625,238.1300048828125,238.69000244140625,668104,ONGC
2025-08-14 03:45:00+00:00,236.00999450683594,238.60000610351562,234.4499969482422,238.44000244140625,1334898,ONGC
2025-08-14 04:45:00+00:00,236.25,236.91000366210938,235.2899932861328,236.00999450683594,845265,ONGC
2025-08-14 05:45:00+00:00,237.10000610351562,237.2100067138672,236.1999969482422,236.25,1085896,ONGC
2025-08-14 06:45:00+00:00,237.02000427246094,237.38999938964844,236.6999969482422,237.08999633789062,427765,ONGC
2025-08-14 07:45:00+00:00,237.4600067138672,237.91000366210938,237.0,237.13999938964844,1567375,ONGC
2025-08-14 08:45:00+00:00,236.89999389648438,237.6199951171875,236.89999389648438,237.5,1339220,ONGC
2025-08-14 09:45:00+00:00,236.6999969482422,236.94000244140625,236.60000610351562,236.86000061035156,655117,ONGC
2025-08-18 03:45:00+00:00,236.5500030517578,237.9499969482422,235.5,237.1999969482422,0,ONGC
2025-08-18 04:45:00+00:00,236.33999633789062,237.10000610351562,236.02999877929688,236.61000061035156,555328,ONGC
2025-08-18 05:45:00+00:00,236.8699951171875,237.3000030517578,235.82000732421875,236.33999633789062,1439875,ONGC
2025-08-18 06:45:00+00:00,238.0800018310547,238.1999969482422,236.35000610351562,236.85000610351562,2117333,ONGC
2025-08-18 07:45:00+00:00,238.0399932861328,238.4499969482422,237.89999389648438,238.08999633789062,768929,ONGC
2025-08-18 08:45:00+00:00,238.27999877929688,238.4499969482422,237.2899932861328,238.0399932861328,1489309,ONGC
2025-08-18 09:45:00+00:00,238.39999389648438,238.52999877929688,237.97999572753906,238.33999633789062,918561,ONGC
2025-08-19 03:45:00+00:00,237.35000610351562,237.9199981689453,236.67999267578125,237.5,1115030,ONGC
2025-08-19 04:45:00+00:00,237.69000244140625,237.97000122070312,237.2100067138672,237.35000610351562,868785,ONGC
2025-08-19 05:45:00+00:00,237.9499969482422,238.1199951171875,237.49000549316406,237.63999938964844,822070,ONGC
2025-08-19 06:45:00+00:00,238.00999450683594,238.52999877929688,237.8000030517578,237.9499969482422,626108,ONGC
2025-08-19 07:45:00+00:00,237.75999450683594,238.25,237.38999938964844,238.00999450683594,765656,ONGC
2025-08-19 08:45:00+00:00,237.89999389648438,238.5,237.63999938964844,237.75999450683594,818134,ONGC
2025-08-19 09:45:00+00:00,237.94000244140625,238.0,237.6999969482422,237.92999267578125,0,ONGC
2025-08-20 03:45:00+00:00,238.1999969482422,238.24000549316406,237.14999389648438,237.5,448819,ONGC
2025-08-20 04:45:00+00:00,238.00999450683594,238.35000610351562,237.5,238.25,728536,ONGC
2025-08-20 05:45:00+00:00,237.3300018310547,238.16000366210938,237.3000030517578,238.0800018310547,1144889,ONGC
2025-08-20 06:45:00+00:00,238.0500030517578,238.14999389648438,237.27000427246094,237.33999633789062,1404685,ONGC
2025-08-20 07:45:00+00:00,237.94000244140625,238.25,237.61000061035156,238.0500030517578,1073403,ONGC
2025-08-20 08:45:00+00:00,237.9600067138672,239.08999633789062,237.67999267578125,237.94000244140625,1851924,ONGC
2025-08-20 09:45:00+00:00,237.92999267578125,238.35000610351562,237.72000122070312,237.9600067138672,784782,ONGC
2025-08-21 03:45:00+00:00,240.42999267578125,240.9499969482422,237.3000030517578,237.7100067138672,0,ONGC
2025-08-21 04:45:00+00:00,239.52000427246094,240.4600067138672,239.32000732421875,240.39999389648438,815759,ONGC
2025-08-21 05:45:00+00:00,239.60000610351562,240.0,239.0,239.50999450683594,1601825,ONGC
2025-08-21 06:45:00+00:00,239.77999877929688,239.9499969482422,239.39999389648438,239.60000610351562,902794,ONGC
2025-08-21 07:45:00+00:00,239.0,239.85000610351562,238.80999755859375,239.77999877929688,788401,ONGC
2025-08-21 08:45:00+00:00,238.3699951171875,239.16000366210938,238.25,239.02000427246094,1684319,ONGC
2025-08-21 09:45:00+00:00,238.4499969482422,238.5500030517578,237.9499969482422,238.3800048828125,693117,ONGC
2025-08-22 03:45:00+00:00,237.8800048828125,238.60000610351562,236.91000366210938,237.97000122070312,0,ONGC
2025-08-22 04:45:00+00:00,238.13999938964844,238.3000030517578,237.61000061035156,237.9499969482422,374074,ONGC
2025-08-22 05:45:00+00:00,236.75,238.1999969482422,236.75,238.05999755859375,1494895,ONGC
2025-08-22 06:45:00+00:00,236.6199951171875,236.92999267578125,236.22999572753906,236.75999450683594,581067,ONGC
2025-08-22 07:45:00+00:00,236.32000732421875,236.8300018310547,236.22000122070312,236.6199951171875,569863,ONGC
2025-08-22 08:45:00+00:00,236.44000244140625,236.6999969482422,236.00999450683594,236.24000549316406,1130508,ONGC
2025-08-22 09:45:00+00:00,236.19000244140625,236.52999877929688,235.89999389648438,236.4499969482422,661447,ONGC
2025-08-25 03:45:00+00:00,236.2100067138672,236.5500030517578,235.75999450683594,236.49000549316406,0,ONGC
2025-08-25 04:45:00+00:00,236.4499969482422,236.55999755859375,235.9199981689453,236.2100067138672,1167511,ONGC
2025-08-25 05:45:00+00:00,236.07000732421875,237.3800048828125,236.0,236.5,1673006,ONGC
2025-08-25 06:45:00+00:00,236.66000366210938,236.74000549316406,235.6699981689453,236.0500030517578,1792176,ONGC
2025-08-25 07:45:00+00:00,236.0,236.75,235.6999969482422,236.64999389648438,1825747,ONGC
2025-08-25 08:45:00+00:00,236.5,237.10000610351562,235.86000061035156,235.94000244140625,1338114,ONGC
2025-08-25 09:45:00+00:00,236.9499969482422,237.0800018310547,236.44000244140625,236.52999877929688,486241,ONGC
2025-08-26 03:45:00+00:00,235.10000610351562,237.3000030517578,234.8800048828125,237.0500030517578,1008276,ONGC
2025-08-26 04:45:00+00:00,235.0800018310547,235.39999389648438,234.50999450683594,235.11000061035156,1831654,ONGC
2025-08-26 05:45:00+00:00,234.6300048828125,235.27000427246094,234.52000427246094,235.07000732421875,2354628,ONGC
2025-08-26 06:45:00+00:00,234.72000122070312,234.99000549316406,234.16000366210938,234.6300048828125,2657838,ONGC
2025-08-26 07:45:00+00:00,235.11000061035156,235.4199981689453,234.72000122070312,234.72999572753906,1137133,ONGC
2025-08-26 08:45:00+00:00,234.05999755859375,235.27000427246094,234.0,235.11000061035156,3954906,ONGC
2025-08-26 09:45:00+00:00,234.19000244140625,234.49000549316406,233.80999755859375,234.11000061035156,0,ONGC
2025-08-28 03:45:00+00:00,234.3000030517578,234.77999877929688,233.6199951171875,234.2100067138672,0,ONGC
2025-08-28 04:45:00+00:00,234.86000061035156,235.27999877929688,234.3000030517578,234.3000030517578,2773890,ONGC
2025-08-28 05:45:00+00:00,234.9199981689453,235.0399932861328,234.77000427246094,234.86000061035156,2952321,ONGC
2025-08-28 06:45:00+00:00,234.0,234.92999267578125,233.83999633789062,234.89999389648438,821084,ONGC
2025-08-28 07:45:00+00:00,233.83999633789062,234.0,232.97999572753906,233.99000549316406,813374,ONGC
2025-08-28 08:45:00+00:00,232.7100067138672,234.24000549316406,232.6199951171875,233.72999572753906,4615975,ONGC
2025-08-28 09:45:00+00:00,233.38999938964844,234.22999572753906,232.3800048828125,232.74000549316406,0,ONGC
2025-08-29 03:45:00+00:00,231.5500030517578,233.7100067138672,231.36000061035156,233.3699951171875,1064818,ONGC
2025-08-29 04:45:00+00:00,232.85000610351562,233.1199951171875,231.5,231.55999755859375,1586267,ONGC
2025-08-29 05:45:00+00:00,232.97000122070312,233.10000610351562,232.39999389648438,232.8699951171875,721947,ONGC
2025-08-29 06:45:00+00:00,233.39999389648438,233.49000549316406,232.57000732421875,232.97000122070312,874752,ONGC
2025-08-29 07:45:00+00:00,233.97000122070312,234.0,233.3000030517578,233.39999389648438,1187737,ONGC
2025-08-29 08:45:00+00:00,233.25,234.08999633789062,233.19000244140625,233.97000122070312,3547196,ONGC
2025-08-29 09:45:00+00:00,233.25,233.5500030517578,233.0,233.27000427246094,945789,ONGC
2025-09-01 03:45:00+00:00,234.86000061035156,235.49000549316406,233.5,233.5,0,ONGC
2025-09-01 04:45:00+00:00,235.52000427246094,235.72999572753906,234.67999267578125,234.83999633789062,325380,ONGC
2025-09-01 05:45:00+00:00,236.33999633789062,236.3800048828125,235.52000427246094,235.52000427246094,437218,ONGC
2025-09-01 06:45:00+00:00,235.7899932861328,236.4199981689453,235.64999389648438,236.36000061035156,186107,ONGC
2025-09-01 07:45:00+00:00,237.1999969482422,237.32000732421875,235.47000122070312,235.75,1598030,ONGC
2025-09-01 08:45:00+00:00,238.58999633789062,238.88999938964844,237.02999877929688,237.3699951171875,877717,ONGC
2025-09-01 09:45:00+00:00,238.72000122070312,239.19000244140625,238.50999450683594,238.58999633789062,449954,ONGC
2025-09-02 03:45:00+00:00,241.35000610351562,241.72000122070312,237.61000061035156,237.7899932861328,0,ONGC
2025-09-02 04:45:00+00:00,241.86000061035156,242.5,241.3000030517578,241.3800048828125,1351985,ONGC
2025-09-02 05:45:00+00:00,242.0,242.22999572753906,241.33999633789062,241.69000244140625,631574,ONGC
2025-09-02 06:45:00+00:00,241.47999572753906,242.0500030517578,241.1699981689453,242.0,543927,ONGC
2025-09-02 07:45:00+00:00,239.3000030517578,241.60000610351562,238.80999755859375,241.52000427246094,774789,ONGC
2025-09-02 08:45:00+00:00,239.4199981689453,239.9499969482422,239.05999755859375,239.3000030517578,934956,ONGC
2025-09-02 09:45:00+00:00,239.75999450683594,239.77999877929688,239.35000610351562,239.4199981689453,334482,ONGC
2025-09-03 03:45:00+00:00,240.6199951171875,241.94000244140625,240.00999450683594,240.00999450683594,0,ONGC
2025-09-03 04:45:00+00:00,240.6699981689453,240.9499969482422,239.97000122070312,240.6699981689453,312849,ONGC
2025-09-03 05:45:00+00:00,239.9199981689453,240.74000549316406,239.6999969482422,240.6699981689453,299881,ONGC
2025-09-03 06:45:00+00:00,239.07000732421875,240.0800018310547,238.7100067138672,239.8800048828125,444274,ONGC
2025-09-03 07:45:00+00:00,238.92999267578125,239.5,238.5399932861328,238.97999572753906,364059,ONGC
2025-09-03 08:45:00+00:00,238.94000244140625,239.24000549316406,238.5,239.02000427246094,1192165,ONGC
2025-09-03 09:45:00+00:00,239.00999450683594,239.38999938964844,238.92999267578125,238.94000244140625,621964,ONGC
2025-09-04 03:45:00+00:00,236.7100067138672,239.0,236.1999969482422,239.0,0,ONGC
2025-09-04 04:45:00+00:00,236.8800048828125,237.3699951171875,236.6199951171875,236.6699981689453,553244,ONGC
2025-09-04 05:45:00+00:00,237.25,237.33999633789062,236.63999938964844,236.8800048828125,372404,ONGC
2025-09-04 06:45:00+00:00,236.5800018310547,237.5399932861328,236.55999755859375,237.2899932861328,1720951,ONGC
2025-09-04 07:45:00+00:00,236.1699981689453,236.8000030517578,235.89999389648438,236.5800018310547,1088238,ONGC
2025-09-04 08:45:00+00:00,235.5500030517578,236.39999389648438,235.4499969482422,236.25,2037241,ONGC
2025-09-04 09:45:00+00:00,235.72000122070312,236.16000366210938,235.4600067138672,235.60000610351562,1350973,ONGC
2025-09-05 03:45:00+00:00,234.50999450683594,236.9499969482422,234.3000030517578,235.85000610351562,0,ONGC
2025-09-05 04:45:00+00:00,235.27999877929688,235.3699951171875,234.1999969482422,234.50999450683594,525370,ONGC
2025-09-05 05:45:00+00:00,233.58999633789062,235.3300018310547,233.1999969482422,235.30999755859375,1429886,ONGC
2025-09-05 06:45:00+00:00,233.60000610351562,233.6199951171875,233.00999450683594,233.4600067138672,1365293,ONGC
2025-09-05 07:45:00+00:00,234.72000122070312,235.05999755859375,233.49000549316406,233.60000610351562,1727229,ONGC
2025-09-05 08:45:00+00:00,234.0,234.85000610351562,233.85000610351562,234.75,1105159,ONGC
2025-09-05 09:45:00+00:00,234.50999450683594,234.58999633789062,233.9499969482422,234.00999450683594,418249,ONGC
2025-09-08 03:45:00+00:00,234.1300048828125,234.82000732421875,233.55999755859375,234.58999633789062,0,ONGC
2025-09-08 04:45:00+00:00,232.94000244140625,234.22000122070312,232.13999938964844,234.10000610351562,1329540,ONGC
2025-09-08 05:45:00+00:00,232.47999572753906,232.97999572753906,232.14999389648438,232.89999389648438,716330,ONGC
2025-09-08 06:45:00+00:00,233.25,233.6999969482422,232.41000366210938,232.52999877929688,2181946,ONGC
2025-09-08 07:45:00+00:00,233.08999633789062,233.3000030517578,232.89999389648438,233.24000549316406,415715,ONGC
2025-09-08 08:45:00+00:00,232.49000549316406,233.22000122070312,232.0800018310547,233.08999633789062,1607455,ONGC
2025-09-08 09:45:00+00:00,232.6999969482422,232.89999389648438,232.3699951171875,232.49000549316406,976192,ONGC
2025-09-09 03:45:00+00:00,234.02999877929688,234.5800018310547,232.1199951171875,232.77999877929688,1385077,ONGC
2025-09-09 04:45:00+00:00,233.0,234.00999450683594,232.97999572753906,234.00999450683594,734669,ONGC
2025-09-09 05:45:00+00:00,232.14999389648438,233.2899932861328,231.63999938964844,233.0,3008876,ONGC
2025-09-09 06:45:00+00:00,231.3800048828125,232.52000427246094,231.3800048828125,232.14999389648438,2058684,ONGC
2025-09-09 07:45:00+00:00,231.1199951171875,231.8000030517578,231.0800018310547,231.52999877929688,1621491,ONGC
2025-09-09 08:45:00+00:00,231.32000732421875,231.50999450683594,230.75999450683594,231.1999969482422,1958131,ONGC
2025-09-09 09:45:00+00:00,231.3300018310547,231.89999389648438,231.1699981689453,231.35000610351562,898175,ONGC
2025-09-10 03:45:00+00:00,232.6699981689453,233.0,231.8300018310547,233.0,0,ONGC
2025-09-10 04:45:00+00:00,231.8699951171875,232.74000549316406,231.72000122070312,232.6699981689453,747532,ONGC
2025-09-10 05:45:00+00:00,231.9600067138672,232.0,231.24000549316406,231.8699951171875,1550792,ONGC
2025-09-10 06:45:00+00:00,231.5500030517578,232.25,231.5,231.94000244140625,5984336,ONGC
2025-09-10 07:45:00+00:00,231.60000610351562,231.77999877929688,231.5,231.52999877929688,371651,ONGC
2025-09-10 08:45:00+00:00,231.8000030517578,231.86000061035156,231.4600067138672,231.57000732421875,1057379,ONGC
2025-09-10 09:45:00+00:00,231.6999969482422,231.94000244140625,231.66000366210938,231.82000732421875,852087,ONGC
2025-09-11 03:45:00+00:00,233.75,234.75,232.6199951171875,232.6199951171875,4354181,ONGC
2025-09-11 04:45:00+00:00,234.3800048828125,235.17999267578125,233.75,233.75,1482277,ONGC
2025-09-11 05:45:00+00:00,233.6199951171875,235.02000427246094,233.61000061035156,234.3800048828125,1314820,ONGC
2025-09-11 06:45:00+00:00,233.77999877929688,234.0,233.39999389648438,233.61000061035156,1137896,ONGC
2025-09-11 07:45:00+00:00,233.6699981689453,233.92999267578125,233.39999389648438,233.72000122070312,680009,ONGC
2025-09-11 08:45:00+00:00,233.8800048828125,234.0,233.25999450683594,233.67999267578125,1314839,ONGC
2025-09-11 09:45:00+00:00,233.99000549316406,233.99000549316406,233.5800018310547,233.88999938964844,762074,ONGC
2025-09-12 03:45:00+00:00,234.57000732421875,235.41000366210938,234.02999877929688,234.58999633789062,1033942,ONGC
2025-09-12 04:45:00+00:00,233.6999969482422,234.75,233.61000061035156,234.64999389648438,490655,ONGC
2025-09-12 05:45:00+00:00,233.42999267578125,234.3699951171875,233.42999267578125,233.6999969482422,642385,ONGC
2025-09-12 06:45:00+00:00,232.8300018310547,233.49000549316406,232.6999969482422,233.4600067138672,684822,ONGC
2025-09-12 07:45:00+00:00,233.41000366210938,233.64999389648438,232.8300018310547,232.86000061035156,740920,ONGC
2025-09-12 08:45:00+00:00,233.2899932861328,233.88999938964844,233.1199951171875,233.42999267578125,1625427,ONGC
2025-09-12 09:45:00+00:00,233.35000610351562,233.42999267578125,233.02999877929688,233.2899932861328,851295,ONGC
2025-09-15 03:45:00+00:00,232.4499969482422,234.1699981689453,232.27999877929688,233.52999877929688,0,ONGC
2025-09-15 04:45:00+00:00,232.7100067138672,233.0500030517578,232.47000122070312,232.47000122070312,923265,ONGC
2025-09-15 05:45:00+00:00,232.4199981689453,232.9600067138672,232.35000610351562,232.75,776738,ONGC
2025-09-15 06:45:00+00:00,232.38999938964844,232.52999877929688,232.1999969482422,232.39999389648438,565125,ONGC
2025-09-15 07:45:00+00:00,232.19000244140625,232.66000366210938,232.10000610351562,232.3800048828125,753441,ONGC
2025-09-15 08:45:00+00:00,232.1300048828125,232.47000122070312,232.0399932861328,232.1999969482422,1164046,ONGC
2025-09-15 09:45:00+00:00,232.25999450683594,232.49000549316406,232.1300048828125,232.19000244140625,0,ONGC
2025-09-16 03:45:00+00:00,234.42999267578125,234.67999267578125,232.5,232.61000061035156,1278371,ONGC
2025-09-16 04:45:00+00:00,234.69000244140625,234.8000030517578,234.22999572753906,234.4600067138672,796155,ONGC
2025-09-16 05:45:00+00:00,234.6300048828125,235.14999389648438,234.33999633789062,234.69000244140625,676672,ONGC
2025-09-16 08:45:00+00:00,235.1999969482422,235.27000427246094,234.35000610351562,234.42999267578125,3888861,ONGC
2025-09-16 09:45:00+00:00,235.1999969482422,235.25,235.0,235.14999389648438,643344,ONGC
2025-09-17 03:45:00+00:00,236.63999938964844,236.77999877929688,235.39999389648438,236.0,1011811,ONGC
2025-09-17 04:45:00+00:00,236.6199951171875,237.9499969482422,236.55999755859375,236.64999389648438,1156625,ONGC
2025-09-17 05:45:00+00:00,236.60000610351562,237.13999938964844,236.3699951171875,236.6300048828125,425570,ONGC
2025-09-17 06:45:00+00:00,236.19000244140625,236.6999969482422,236.1199951171875,236.60000610351562,643219,ONGC
2025-09-17 07:45:00+00:00,236.0500030517578,236.57000732421875,235.35000610351562,236.27999877929688,2189542,ONGC
2025-09-17 08:45:00+00:00,237.02999877929688,237.02999877929688,236.0399932861328,236.0399932861328,1583780,ONGC
2025-09-17 09:45:00+00:00,236.8699951171875,237.02999877929688,236.39999389648438,237.02999877929688,617354,ONGC
2025-09-18 03:45:00+00:00,235.5500030517578,237.50999450683594,235.5500030517578,237.50999450683594,0,ONGC
2025-09-18 04:45:00+00:00,235.52999877929688,235.89999389648438,235.3000030517578,235.5399932861328,525185,ONGC
2025-09-18 05:45:00+00:00,235.02999877929688,235.82000732421875,235.02000427246094,235.52000427246094,560854,ONGC
2025-09-18 06:45:00+00:00,234.61000061035156,235.17999267578125,234.60000610351562,235.0800018310547,905879,ONGC
2025-09-18 07:45:00+00:00,235.0,235.27999877929688,234.5,234.5800018310547,1088555,ONGC
2025-09-18 08:45:00+00:00,235.6199951171875,235.6999969482422,234.9499969482422,235.0,1476501,ONGC
2025-09-18 09:45:00+00:00,235.88999938964844,235.89999389648438,235.32000732421875,235.52000427246094,850840,ONGC
2025-09-19 03:45:00+00:00,235.0,235.7899932861328,234.80999755859375,235.4600067138672,0,ONGC
2025-09-19 04:45:00+00:00,235.80999755859375,236.36000061035156,235.0,235.0500030517578,845136,ONGC
2025-09-19 05:45:00+00:00,235.72999572753906,236.02999877929688,235.52000427246094,235.74000549316406,344805,ONGC
2025-09-19 06:45:00+00:00,236.39999389648438,236.60000610351562,235.47000122070312,235.72999572753906,3379229,ONGC
2025-09-19 07:45:00+00:00,235.55999755859375,236.57000732421875,235.42999267578125,236.4499969482422,1025556,ONGC
2025-09-19 08:45:00+00:00,236.64999389648438,236.75,235.19000244140625,235.55999755859375,3951411,ONGC
2025-09-19 09:45:00+00:00,236.69000244140625,237.30999755859375,236.5399932861328,236.64999389648438,3002535,ONGC
2025-09-22 03:45:00+00:00,236.92999267578125,236.99000549316406,235.64999389648438,236.58999633789062,0,ONGC
2025-09-22 04:45:00+00:00,236.13999938964844,236.97000122070312,236.10000610351562,236.8800048828125,414502,ONGC
2025-09-22 05:45:00+00:00,236.89999389648438,237.00999450683594,235.83999633789062,236.2100067138672,983343,ONGC
2025-09-22 06:45:00+00:00,236.8000030517578,237.0500030517578,236.33999633789062,236.8300018310547,885002,ONGC
2025-09-22 07:45:00+00:00,236.99000549316406,237.1999969482422,236.52000427246094,236.82000732421875,2242673,ONGC
2025-09-22 08:45:00+00:00,237.5500030517578,238.33999633789062,236.3300018310547,236.97999572753906,2973978,ONGC
2025-09-22 09:45:00+00:00,237.6199951171875,237.72000122070312,237.22999572753906,237.5500030517578,725397,ONGC
2025-09-23 03:45:00+00:00,236.27999877929688,237.57000732421875,235.8000030517578,237.02000427246094,0,ONGC
2025-09-23 04:45:00+00:00,236.17999267578125,236.85000610351562,235.7100067138672,236.24000549316406,440007,ONGC
2025-09-23 05:45:00+00:00,235.67999267578125,236.19000244140625,235.52999877929688,236.19000244140625,387803,ONGC
2025-09-23 06:45:00+00:00,235.9600067138672,236.83999633789062,235.22000122070312,235.72999572753906,1214367,ONGC
2025-09-23 07:45:00+00:00,236.2100067138672,236.99000549316406,235.25999450683594,235.9600067138672,1577818,ONGC
2025-09-23 08:45:00+00:00,236.77000427246094,236.9600067138672,236.02000427246094,236.17999267578125,1940872,ONGC
2025-09-23 09:45:00+00:00,236.89999389648438,237.0,236.47999572753906,236.86000061035156,806746,ONGC
2025-09-24 03:45:00+00:00,237.02999877929688,237.50999450683594,236.30999755859375,236.92999267578125,0,ONGC
2025-09-24 04:45:00+00:00,236.7100067138672,238.2899932861328,236.50999450683594,236.99000549316406,1150903,ONGC
2025-09-24 05:45:00+00:00,238.1300048828125,238.8000030517578,236.55999755859375,236.69000244140625,1133236,ONGC
2025-09-24 06:45:00+00:00,239.08999633789062,239.97999572753906,237.92999267578125,238.13999938964844,1542560,ONGC
2025-09-24 07:45:00+00:00,239.42999267578125,240.1199951171875,238.97999572753906,239.08999633789062,1330223,ONGC
2025-09-24 08:45:00+00:00,238.6999969482422,239.60000610351562,238.5800018310547,239.42999267578125,1261849,ONGC
2025-09-24 09:45:00+00:00,238.41000366210938,238.74000549316406,238.07000732421875,238.6999969482422,925293,ONGC
2025-09-25 03:45:00+00:00,241.52000427246094,242.13999938964844,238.58999633789062,238.80999755859375,0,ONGC
2025-09-25 04:45:00+00:00,240.47999572753906,241.58999633789062,240.17999267578125,241.5500030517578,1186079,ONGC
2025-09-25 05:45:00+00:00,239.94000244140625,240.6999969482422,239.66000366210938,240.5,697753,ONGC
2025-09-25 06:45:00+00:00,239.24000549316406,240.13999938964844,239.24000549316406,239.94000244140625,796969,ONGC
2025-09-25 07:45:00+00:00,239.1999969482422,239.72999572753906,239.07000732421875,239.27999877929688,1015781,ONGC
2025-09-25 08:45:00+00:00,239.5500030517578,240.36000061035156,239.19000244140625,239.24000549316406,2093800,ONGC
2025-09-25 09:45:00+00:00,239.6999969482422,239.97000122070312,239.30999755859375,239.55999755859375,1002430,ONGC
2025-09-26 03:45:00+00:00,238.88999938964844,240.25999450683594,238.66000366210938,240.19000244140625,0,ONGC
2025-09-26 04:45:00+00:00,238.75,239.58999633789062,238.67999267578125,238.8699951171875,866626,ONGC
2025-09-26 05:45:00+00:00,238.61000061035156,239.0800018310547,238.47999572753906,238.74000549316406,390484,ONGC
2025-09-26 06:45:00+00:00,238.80999755859375,239.4199981689453,238.3300018310547,238.69000244140625,1055957,ONGC
2025-09-26 07:45:00+00:00,237.6199951171875,238.8300018310547,237.27999877929688,238.8300018310547,993686,ONGC
2025-09-26 08:45:00+00:00,237.99000549316406,238.32000732421875,236.83999633789062,237.60000610351562,1343421,ONGC
2025-09-26 09:45:00+00:00,238.10000610351562,238.27999877929688,237.86000061035156,237.99000549316406,537970,ONGC
2025-09-29 03:45:00+00:00,240.10000610351562,240.58999633789062,238.24000549316406,239.10000610351562,0,ONGC
2025-09-29 04:45:00+00:00,240.60000610351562,240.75,239.9600067138672,240.10000610351562,802869,ONGC
2025-09-29 05:45:00+00:00,240.7100067138672,240.88999938964844,240.0,240.66000366210938,926251,ONGC
2025-09-29 06:45:00+00:00,240.67999267578125,240.89999389648438,239.88999938964844,240.7100067138672,1086303,ONGC
2025-09-29 07:45:00+00:00,241.0,241.14999389648438,240.60000610351562,240.63999938964844,1203730,ONGC
2025-09-29 08:45:00+00:00,239.9499969482422,241.11000061035156,239.75,241.0,3502676,ONGC
2025-09-29 09:45:00+00:00,239.97999572753906,240.3800048828125,239.77999877929688,239.94000244140625,1909293,ONGC
2025-09-30 03:45:00+00:00,239.75999450683594,240.6999969482422,238.92999267578125,239.8000030517578,0,ONGC
2025-09-30 04:45:00+00:00,239.8300018310547,239.9499969482422,239.25,239.69000244140625,602443,ONGC
2025-09-30 05:45:00+00:00,240.35000610351562,240.72999572753906,239.75999450683594,239.8300018310547,461073,ONGC
2025-09-30 06:45:00+00:00,239.5,240.38999938964844,239.41000366210938,240.35000610351562,858025,ONGC
2025-09-30 07:45:00+00:00,238.6999969482422,239.77999877929688,238.61000061035156,239.50999450683594,1260793,ONGC
2025-09-30 08:45:00+00:00,239.55999755859375,239.66000366210938,238.5,238.69000244140625,2066435,ONGC
2025-09-30 09:45:00+00:00,239.5,239.5800018310547,239.3300018310547,239.55999755859375,1029690,ONGC
2025-10-01 03:45:00+00:00,243.1999969482422,243.25,238.5399932861328,239.97999572753906,0,ONGC
2025-10-01 04:45:00+00:00,243.32000732421875,246.19000244140625,243.0,243.16000366210938,3132990,ONGC
2025-10-01 05:45:00+00:00,243.30999755859375,244.0800018310547,243.00999450683594,243.47999572753906,1113970,ONGC
2025-10-01 06:45:00+00:00,243.91000366210938,244.3000030517578,243.0500030517578,243.24000549316406,1048762,ONGC
2025-10-01 07:45:00+00:00,243.2100067138672,244.0,243.0800018310547,243.86000061035156,1152374,ONGC
2025-10-01 08:45:00+00:00,242.89999389648438,243.5,242.8000030517578,243.2100067138672,1361308,ONGC
2025-10-01 09:45:00+00:00,243.1999969482422,243.4499969482422,242.86000061035156,242.89999389648438,644485,ONGC
2025-10-03 03:45:00+00:00,240.17999267578125,242.4600067138672,239.6999969482422,242.14999389648438,0,ONGC
2025-10-03 04:45:00+00:00,241.38999938964844,241.39999389648438,239.8000030517578,240.16000366210938,1151040,ONGC
2025-10-03 05:45:00+00:00,241.52000427246094,241.8800048828125,240.6999969482422,241.38999938964844,1358092,ONGC
2025-10-03 06:45:00+00:00,242.0,242.10000610351562,241.0500030517578,241.5,1777997,ONGC
2025-10-03 07:45:00+00:00,243.0,243.10000610351562,241.83999633789062,242.00999450683594,1251491,ONGC
2025-10-03 08:45:00+00:00,243.49000549316406,244.1699981689453,242.4499969482422,242.88999938964844,2385262,ONGC
2025-10-03 09:45:00+00:00,243.8000030517578,244.14999389648438,243.19000244140625,243.5,1658226,ONGC
2025-10-06 03:45:00+00:00,244.85000610351562,247.5,243.66000366210938,243.66000366210938,0,ONGC
2025-10-06 04:45:00+00:00,245.19000244140625,245.3300018310547,244.52000427246094,244.8300018310547,606152,ONGC
2025-10-06 05:45:00+00:00,244.91000366210938,245.1999969482422,244.60000610351562,245.1999969482422,289833,ONGC
2025-10-06 06:45:00+00:00,244.22999572753906,244.9600067138672,244.0,244.94000244140625,543906,ONGC
2025-10-06 07:45:00+00:00,244.97000122070312,246.25,243.74000549316406,244.1300048828125,1190571,ONGC
2025-10-06 08:45:00+00:00,245.6999969482422,246.8000030517578,244.89999389648438,245.0,1725641,ONGC
2025-10-06 09:45:00+00:00,245.7100067138672,246.0500030517578,245.52999877929688,245.74000549316406,1011534,ONGC
2025-10-07 03:45:00+00:00,247.58999633789062,249.5,245.9199981689453,246.1699981689453,0,ONGC
2025-10-07 04:45:00+00:00,246.47999572753906,247.75,245.8000030517578,247.58999633789062,1674692,ONGC
2025-10-07 05:45:00+00:00,246.7100067138672,246.72000122070312,245.85000610351562,246.47999572753906,550642,ONGC
2025-10-07 06:45:00+00:00,246.2100067138672,246.80999755859375,245.9499969482422,246.7100067138672,545297,ONGC
2025-10-07 07:45:00+00:00,245.64999389648438,246.3699951171875,245.36000061035156,246.22000122070312,1041503,ONGC
2025-10-07 08:45:00+00:00,245.38999938964844,246.63999938964844,244.69000244140625,245.63999938964844,1790908,ONGC
2025-10-07 09:45:00+00:00,245.33999633789062,245.55999755859375,244.92999267578125,245.3699951171875,1229407,ONGC
2025-10-08 03:45:00+00:00,245.5500030517578,246.2100067138672,244.75,246.02000427246094,0,ONGC
2025-10-08 04:45:00+00:00,243.74000549316406,245.94000244140625,243.67999267578125,245.52999877929688,516975,ONGC
2025-10-08 05:45:00+00:00,243.25999450683594,244.07000732421875,243.0500030517578,243.72000122070312,368287,ONGC
2025-10-08 06:45:00+00:00,242.4499969482422,243.49000549316406,242.0800018310547,243.25999450683594,805926,ONGC
2025-10-08 07:45:00+00:00,242.6300048828125,243.74000549316406,242.36000061035156,242.4499969482422,812813,ONGC
2025-10-08 08:45:00+00:00,241.6199951171875,242.6699981689453,241.60000610351562,242.6300048828125,1134916,ONGC
2025-10-08 09:45:00+00:00,241.99000549316406,242.0500030517578,241.13999938964844,241.67999267578125,570682,ONGC
2025-10-09 03:45:00+00:00,241.9499969482422,242.60000610351562,240.61000061035156,242.2899932861328,0,ONGC
2025-10-09 04:45:00+00:00,243.4499969482422,243.5,241.67999267578125,241.8800048828125,1718858,ONGC
2025-10-09 05:45:00+00:00,243.9600067138672,244.0,242.75,243.42999267578125,1369773,ONGC
2025-10-09 06:45:00+00:00,243.61000061035156,244.5,243.61000061035156,243.94000244140625,976960,ONGC
2025-10-09 07:45:00+00:00,242.86000061035156,243.9199981689453,242.72999572753906,243.6199951171875,1489159,ONGC
2025-10-09 08:45:00+00:00,243.24000549316406,243.85000610351562,242.2899932861328,242.86000061035156,2123461,ONGC
2025-10-09 09:45:00+00:00,243.36000061035156,243.83999633789062,243.19000244140625,243.25999450683594,757513,ONGC
2025-10-10 03:45:00+00:00,246.42999267578125,247.05999755859375,243.9499969482422,243.97999572753906,0,ONGC
2025-10-10 04:45:00+00:00,246.22000122070312,246.67999267578125,246.08999633789062,246.44000244140625,597978,ONGC
2025-10-10 05:45:00+00:00,245.69000244140625,246.47999572753906,245.44000244140625,246.24000549316406,521668,ONGC
2025-10-10 06:45:00+00:00,246.16000366210938,246.39999389648438,245.5,245.6999969482422,603131,ONGC
2025-10-10 07:45:00+00:00,246.02000427246094,246.32000732421875,245.77000427246094,246.14999389648438,759746,ONGC
2025-10-10 08:45:00+00:00,246.24000549316406,246.75,245.88999938964844,246.0800018310547,2664989,ONGC
2025-10-10 09:45:00+00:00,246.33999633789062,246.64999389648438,245.89999389648438,246.27999877929688,1627763,ONGC
2025-10-13 03:45:00+00:00,242.91000366210938,245.63999938964844,241.67999267578125,245.41000366210938,0,ONGC
2025-10-13 04:45:00+00:00,242.13999938964844,243.02999877929688,241.77999877929688,242.91000366210938,1439999,ONGC
2025-10-13 05:45:00+00:00,243.4499969482422,243.47999572753906,241.3800048828125,242.13999938964844,1813723,ONGC
2025-10-13 06:45:00+00:00,243.3300018310547,243.5,242.6999969482422,243.4499969482422,1565591,ONGC
2025-10-13 07:45:00+00:00,243.85000610351562,244.1300048828125,242.97999572753906,243.25,2585352,ONGC
2025-10-13 08:45:00+00:00,244.0800018310547,244.33999633789062,243.44000244140625,243.85000610351562,1583214,ONGC
2025-10-13 09:45:00+00:00,244.0,244.25,244.0,244.0399932861328,800387,ONGC
2025-10-14 03:45:00+00:00,248.3300018310547,248.60000610351562,245.47000122070312,245.49000549316406,0,ONGC
2025-10-14 04:45:00+00:00,247.64999389648438,248.74000549316406,247.17999267578125,248.30999755859375,2872429,ONGC
2025-10-14 05:45:00+00:00,246.6300048828125,247.85000610351562,246.60000610351562,247.63999938964844,1755596,ONGC
2025-10-14 06:45:00+00:00,245.3000030517578,247.3000030517578,245.16000366210938,246.6300048828125,1106230,ONGC
2025-10-14 07:45:00+00:00,245.75999450683594,246.7899932861328,245.25,245.3000030517578,1708751,ONGC
2025-10-14 08:45:00+00:00,244.69000244140625,246.33999633789062,244.57000732421875,245.77999877929688,1637067,ONGC
2025-10-14 09:45:00+00:00,244.1199951171875,244.8000030517578,243.89999389648438,244.57000732421875,809048,ONGC
2025-10-15 03:45:00+00:00,245.60000610351562,246.4199981689453,244.32000732421875,244.6300048828125,0,ONGC
2025-10-15 04:45:00+00:00,247.5800018310547,247.75,245.3300018310547,245.6199951171875,867977,ONGC
2025-10-15 05:45:00+00:00,247.6199951171875,247.8800048828125,247.3000030517578,247.64999389648438,994115,ONGC
2025-10-15 06:45:00+00:00,247.19000244140625,248.17999267578125,247.0800018310547,247.67999267578125,855825,ONGC
2025-10-15 07:45:00+00:00,247.10000610351562,247.9600067138672,246.97999572753906,247.17999267578125,1164474,ONGC
2025-10-15 08:45:00+00:00,247.61000061035156,247.61000061035156,246.64999389648438,247.2100067138672,1923204,ONGC
2025-10-15 09:45:00+00:00,247.8000030517578,248.02000427246094,247.61000061035156,247.6199951171875,1954271,ONGC
2025-10-16 03:45:00+00:00,246.1699981689453,248.3000030517578,246.1300048828125,248.0,0,ONGC
2025-10-16 04:45:00+00:00,246.94000244140625,247.38999938964844,246.02999877929688,246.1999969482422,272511,ONGC
2025-10-16 05:45:00+00:00,247.25,247.2899932861328,246.27000427246094,246.99000549316406,439009,ONGC
2025-10-16 06:45:00+00:00,248.0,248.22999572753906,247.0500030517578,247.24000549316406,668876,ONGC
2025-10-16 07:45:00+00:00,248.00999450683594,248.25,247.7100067138672,248.10000610351562,859960,ONGC
2025-10-16 08:45:00+00:00,248.14999389648438,248.5800018310547,247.8000030517578,248.0,1143920,ONGC
2025-10-16 09:45:00+00:00,248.35000610351562,248.60000610351562,248.08999633789062,248.17999267578125,785357,ONGC
2025-10-17 03:45:00+00:00,246.44000244140625,248.44000244140625,245.82000732421875,248.44000244140625,0,ONGC
2025-10-17 04:45:00+00:00,246.3300018310547,246.58999633789062,245.6699981689453,246.52000427246094,463603,ONGC
2025-10-17 05:45:00+00:00,247.10000610351562,247.2899932861328,246.2100067138672,246.3300018310547,607389,ONGC
2025-10-17 06:45:00+00:00,245.11000061035156,247.60000610351562,244.77000427246094,247.10000610351562,3396628,ONGC
2025-10-17 07:45:00+00:00,246.33999633789062,247.05999755859375,244.88999938964844,245.10000610351562,5965297,ONGC
2025-10-17 08:45:00+00:00,247.6999969482422,247.8699951171875,246.13999938964844,246.39999389648438,2225164,ONGC
2025-10-17 09:45:00+00:00,247.14999389648438,247.9199981689453,247.14999389648438,247.7100067138672,998619,ONGC
2025-10-20 03:45:00+00:00,246.1300048828125,249.1300048828125,245.4199981689453,247.55999755859375,0,ONGC
2025-10-20 04:45:00+00:00,247.8000030517578,248.0399932861328,245.61000061035156,246.25,1951312,ONGC
2025-10-20 05:45:00+00:00,248.0,248.19000244140625,247.2100067138672,247.80999755859375,1854918,ONGC
2025-10-20 06:45:00+00:00,248.0,248.47999572753906,247.77000427246094,248.0,567817,ONGC
2025-10-20 07:45:00+00:00,247.8800048828125,248.1199951171875,246.6699981689453,248.0,1205426,ONGC
2025-10-20 08:45:00+00:00,248.85000610351562,249.0,247.50999450683594,247.7899932861328,2338645,ONGC
2025-10-20 09:45:00+00:00,248.5,249.00999450683594,248.5,248.85000610351562,891247,ONGC
2025-10-21 07:45:00+00:00,248.27999877929688,249.3000030517578,248.0500030517578,248.74000549316406,299109,ONGC
2025-10-21 08:45:00+00:00,248.1199951171875,248.44000244140625,247.41000366210938,248.3000030517578,257714,ONGC
2025-10-23 03:45:00+00:00,249.85000610351562,251.10000610351562,249.2100067138672,250.19000244140625,1369356,ONGC
2025-10-23 04:45:00+00:00,249.25,249.88999938964844,249.0800018310547,249.83999633789062,965843,ONGC
2025-10-23 05:45:00+00:00,251.69000244140625,251.85000610351562,249.14999389648438,249.25,3463761,ONGC
2025-10-23 06:45:00+00:00,252.1999969482422,252.47999572753906,251.6999969482422,251.6999969482422,1664458,ONGC
2025-10-23 07:45:00+00:00,252.24000549316406,252.69000244140625,251.5,252.24000549316406,2019032,ONGC
2025-10-23 08:45:00+00:00,252.0500030517578,253.22000122070312,251.9199981689453,252.22000122070312,2758090,ONGC
2025-10-23 09:45:00+00:00,252.0500030517578,252.1999969482422,251.77999877929688,252.00999450683594,1064556,ONGC
2025-10-24 03:45:00+00:00,256.239990234375,256.5,252.8800048828125,254.0500030517578,0,ONGC
2025-10-24 04:45:00+00:00,255.2100067138672,256.8900146484375,254.85000610351562,256.2699890136719,3921441,ONGC
2025-10-24 05:45:00+00:00,257.07000732421875,257.3999938964844,255.02999877929688,255.2100067138672,2097985,ONGC
2025-10-24 06:45:00+00:00,255.7899932861328,257.25,255.55999755859375,257.0400085449219,1983613,ONGC
2025-10-24 07:45:00+00:00,254.94000244140625,255.88999938964844,254.05999755859375,255.7899932861328,2404104,ONGC
2025-10-24 08:45:00+00:00,255.08999633789062,255.49000549316406,253.8800048828125,254.91000366210938,2609780,ONGC
2025-10-24 09:45:00+00:00,254.9600067138672,255.0,254.5,255.0,782618,ONGC
2025-10-27 03:45:00+00:00,253.10000610351562,256.0,251.9600067138672,256.0,0,ONGC
2025-10-27 04:45:00+00:00,253.0800018310547,253.67999267578125,252.8000030517578,253.00999450683594,669410,ONGC
2025-10-27 05:45:00+00:00,252.6999969482422,253.3000030517578,252.6199951171875,253.22000122070312,383002,ONGC
2025-10-27 06:45:00+00:00,254.1999969482422,254.63999938964844,252.58999633789062,252.6999969482422,925190,ONGC
2025-10-27 07:45:00+00:00,253.39999389648438,254.24000549316406,253.14999389648438,254.11000061035156,880287,ONGC
2025-10-27 08:45:00+00:00,253.14999389648438,254.24000549316406,252.89999389648438,253.39999389648438,2107208,ONGC
2025-10-27 09:45:00+00:00,253.27000427246094,253.6300048828125,253.0800018310547,253.1699981689453,948730,ONGC
2025-10-28 03:45:00+00:00,252.60000610351562,253.60000610351562,252.0800018310547,253.13999938964844,0,ONGC
2025-10-28 04:45:00+00:00,251.7899932861328,252.6199951171875,251.14999389648438,252.5500030517578,719397,ONGC
2025-10-28 05:45:00+00:00,250.6999969482422,252.27999877929688,250.6999969482422,251.74000549316406,565655,ONGC
2025-10-28 06:45:00+00:00,250.85000610351562,251.89999389648438,250.5,250.77000427246094,771192,ONGC
2025-10-28 07:45:00+00:00,250.8300018310547,251.66000366210938,250.3000030517578,250.97000122070312,988364,ONGC
2025-10-28 08:45:00+00:00,250.25999450683594,251.4499969482422,249.88999938964844,250.85000610351562,2628607,ONGC
2025-10-28 09:45:00+00:00,250.5399932861328,250.5399932861328,249.99000549316406,250.3699951171875,1508723,ONGC
2025-10-29 03:45:00+00:00,253.91000366210938,254.6300048828125,250.60000610351562,250.60000610351562,0,ONGC
2025-10-29 04:45:00+00:00,253.94000244140625,255.33999633789062,253.82000732421875,254.0399932861328,1270104,ONGC
2025-10-29 05:45:00+00:00,255.11000061035156,255.1999969482422,253.52000427246094,253.89999389648438,702176,ONGC
2025-10-29 06:45:00+00:00,254.4600067138672,255.75,254.0800018310547,255.14999389648438,1237395,ONGC
2025-10-29 07:45:00+00:00,254.22999572753906,254.97999572753906,253.3699951171875,254.52000427246094,1267237,ONGC
2025-10-29 08:45:00+00:00,254.64999389648438,254.77000427246094,254.0500030517578,254.32000732421875,1785915,ONGC
2025-10-29 09:45:00+00:00,257.0899963378906,257.3399963378906,254.63999938964844,254.63999938964844,1465799,ONGC
2025-10-30 03:45:00+00:00,254.9199981689453,256.4200134277344,253.69000244140625,256.4200134277344,0,ONGC
2025-10-30 04:45:00+00:00,254.97999572753906,255.52999877929688,254.0399932861328,255.0,671586,ONGC
2025-10-30 05:45:00+00:00,254.6999969482422,255.94000244140625,254.5,254.9499969482422,688351,ONGC
2025-10-30 06:45:00+00:00,254.00999450683594,255.0,253.9199981689453,254.69000244140625,614916,ONGC
2025-10-30 07:45:00+00:00,254.27000427246094,254.30999755859375,253.41000366210938,254.0500030517578,702413,ONGC
2025-10-30 08:45:00+00:00,254.5399932861328,254.8000030517578,253.80999755859375,254.27000427246094,1329250,ONGC
2025-10-30 09:45:00+00:00,254.75,254.8000030517578,254.4199981689453,254.55999755859375,501399,ONGC
2025-10-31 03:45:00+00:00,254.8000030517578,255.9499969482422,254.1999969482422,254.75,0,ONGC
2025-10-31 04:45:00+00:00,253.8699951171875,254.77999877929688,253.39999389648438,254.75999450683594,514012,ONGC
2025-10-31 05:45:00+00:00,255.33999633789062,255.77000427246094,253.5500030517578,253.86000061035156,822476,ONGC
2025-10-31 06:45:00+00:00,257.0,257.8599853515625,254.6199951171875,255.33999633789062,1563236,ONGC
2025-10-31 07:45:00+00:00,256.2900085449219,257.0400085449219,255.41000366210938,257.0199890136719,883845,ONGC
2025-10-31 08:45:00+00:00,255.41000366210938,256.4100036621094,255.11000061035156,256.2799987792969,1713600,ONGC
2025-10-31 09:45:00+00:00,255.3699951171875,256.0,255.00999450683594,255.41000366210938,989749,ONGC
2025-11-03 03:45:00+00:00,257.0,258.3999938964844,254.3000030517578,255.10000610351562,0,ONGC
2025-11-03 04:45:00+00:00,257.3999938964844,257.70001220703125,256.5,256.8999938964844,430290,ONGC
2025-11-03 05:45:00+00:00,256.75,257.5,256.75,257.3500061035156,304473,ONGC
2025-11-03 06:45:00+00:00,257.20001220703125,257.70001220703125,256.6000061035156,256.79998779296875,370009,ONGC
2025-11-03 07:45:00+00:00,256.8999938964844,257.3999938964844,256.45001220703125,257.1499938964844,944197,ONGC
2025-11-03 08:45:00+00:00,257.8500061035156,257.8500061035156,256.70001220703125,256.95001220703125,1307660,ONGC
2025-11-03 09:45:00+00:00,257.3999938964844,257.95001220703125,256.95001220703125,257.8500061035156,676372,ONGC
2025-11-04 03:45:00+00:00,256.8500061035156,257.5,255.4499969482422,256.20001220703125,0,ONGC
2025-11-04 04:45:00+00:00,254.6999969482422,256.8500061035156,254.39999389648438,256.79998779296875,534105,ONGC
2025-11-04 05:45:00+00:00,254.4499969482422,255.0500030517578,253.6999969482422,254.60000610351562,402445,ONGC
2025-11-04 06:45:00+00:00,254.4499969482422,254.8000030517578,254.0,254.4499969482422,421837,ONGC
2025-11-04 07:45:00+00:00,253.39999389648438,254.9499969482422,253.0,254.5,707124,ONGC
2025-11-04 08:45:00+00:00,252.3000030517578,253.64999389648438,252.0500030517578,253.3000030517578,1336648,ONGC
2025-11-04 09:45:00+00:00,253.1999969482422,253.1999969482422,252.10000610351562,252.3000030517578,639426,ONGC
2025-11-06 03:45:00+00:00,253.10000610351562,255.5,252.10000610351562,253.5500030517578,0,ONGC
2025-11-06 04:45:00+00:00,254.1999969482422,254.5500030517578,253.10000610351562,253.25,488035,ONGC
2025-11-06 05:45:00+00:00,251.89999389648438,254.10000610351562,251.85000610351562,254.10000610351562,828857,ONGC
2025-11-06 06:45:00+00:00,252.5,252.9499969482422,251.89999389648438,251.89999389648438,751365,ONGC
2025-11-06 07:45:00+00:00,251.64999389648438,252.6999969482422,250.89999389648438,252.5,1026394,ONGC
2025-11-06 08:45:00+00:00,251.35000610351562,252.1999969482422,251.25,251.64999389648438,1100940,ONGC
2025-11-06 09:45:00+00:00,251.5,252.1999969482422,251.0,251.5,1323558,ONGC
2025-11-07 03:45:00+00:00,251.0,251.85000610351562,250.0500030517578,250.0500030517578,0,ONGC
2025-11-07 04:45:00+00:00,252.6999969482422,252.75,250.89999389648438,251.0500030517578,502252,ONGC
2025-11-07 05:45:00+00:00,252.25,253.3000030517578,252.14999389648438,252.64999389648438,458542,ONGC
2025-11-07 06:45:00+00:00,252.9499969482422,253.0,251.9499969482422,252.1999969482422,325381,ONGC
2025-11-07 07:45:00+00:00,252.39999389648438,253.5500030517578,252.14999389648438,252.89999389648438,542483,ONGC
2025-11-07 08:45:00+00:00,252.0,252.9499969482422,251.25,252.39999389648438,970497,ONGC
2025-11-07 09:45:00+00:00,252.75,252.75,251.89999389648438,251.9499969482422,852093,ONGC
2025-11-10 03:45:00+00:00,254.4499969482422,255.4499969482422,251.89999389648438,252.0,0,ONGC
2025-11-10 04:45:00+00:00,251.64999389648438,254.8000030517578,251.35000610351562,254.4499969482422,1454786,ONGC
2025-11-10 05:45:00+00:00,251.5,252.14999389648438,250.64999389648438,251.6999969482422,656955,ONGC
2025-11-10 06:45:00+00:00,251.14999389648438,251.75,250.39999389648438,251.5,1862932,ONGC
2025-11-10 07:45:00+00:00,251.4499969482422,251.9499969482422,251.0,251.25,708517,ONGC
2025-11-10 08:45:00+00:00,251.35000610351562,251.89999389648438,250.8000030517578,251.35000610351562,830360,ONGC
2025-11-10 09:45:00+00:00,251.5,251.5500030517578,251.0,251.35000610351562,525948,ONGC
2025-11-11 03:45:00+00:00,249.25,253.64999389648438,248.6999969482422,253.64999389648438,0,ONGC
2025-11-11 04:45:00+00:00,247.3000030517578,249.39999389648438,246.60000610351562,249.14999389648438,3026308,ONGC
2025-11-11 05:45:00+00:00,247.14999389648438,247.9499969482422,246.0,247.1999969482422,1549894,ONGC
2025-11-11 06:45:00+00:00,247.0,247.8000030517578,246.8000030517578,247.10000610351562,1614041,ONGC
2025-11-11 07:45:00+00:00,248.75,248.9499969482422,246.85000610351562,246.89999389648438,2318736,ONGC
2025-11-11 08:45:00+00:00,249.5,249.64999389648438,247.75,248.6999969482422,2692514,ONGC
2025-11-11 09:45:00+00:00,249.4499969482422,250.0,249.4499969482422,249.4499969482422,870517,ONGC
2025-11-12 03:45:00+00:00,253.0,255.5500030517578,250.4499969482422,252.1999969482422,0,ONGC
2025-11-12 04:45:00+00:00,254.0,254.25,252.85000610351562,253.0500030517578,1285486,ONGC
2025-11-12 05:45:00+00:00,253.5,254.0,253.35000610351562,254.0,1015708,ONGC
2025-11-12 06:45:00+00:00,254.0,254.10000610351562,253.39999389648438,253.5,1032900,ONGC
2025-11-12 07:45:00+00:00,253.75,254.0,253.5500030517578,254.0,859551,ONGC
2025-11-12 08:45:00+00:00,253.9499969482422,254.0,253.35000610351562,253.75,1793072,ONGC
2025-11-12 09:45:00+00:00,254.1999969482422,254.1999969482422,253.5,253.9499969482422,764643,ONGC
2025-11-13 03:45:00+00:00,249.60000610351562,253.64999389648438,247.35000610351562,253.64999389648438,0,ONGC
2025-11-13 04:45:00+00:00,250.5500030517578,250.6999969482422,249.0,249.64999389648438,1407301,ONGC
2025-11-13 05:45:00+00:00,251.39999389648438,251.39999389648438,250.25,250.6999969482422,869518,ONGC
2025-11-13 06:45:00+00:00,251.10000610351562,251.5,250.14999389648438,251.35000610351562,1109510,ONGC
2025-11-13 07:45:00+00:00,250.25,251.5,250.0,251.10000610351562,1225927,ONGC
2025-11-13 08:45:00+00:00,250.64999389648438,251.25,250.10000610351562,250.1999969482422,1947984,ONGC
2025-11-13 09:45:00+00:00,250.85000610351562,251.64999389648438,250.60000610351562,250.64999389648438,1381552,ONGC
2025-11-14 03:45:00+00:00,247.75,249.60000610351562,245.5,245.5,0,ONGC
2025-11-14 04:45:00+00:00,248.14999389648438,248.4499969482422,246.5,247.64999389648438,1095378,ONGC
2025-11-14 05:45:00+00:00,248.5,248.60000610351562,247.75,248.14999389648438,447076,ONGC
2025-11-14 06:45:00+00:00,247.64999389648438,249.0,247.64999389648438,248.5,575183,ONGC
2025-11-14 07:45:00+00:00,247.0,247.85000610351562,246.89999389648438,247.75,608113,ONGC
2025-11-14 08:45:00+00:00,247.9499969482422,248.14999389648438,246.3000030517578,246.9499969482422,2507128,ONGC
2025-11-14 09:45:00+00:00,247.5,248.39999389648438,247.5,248.0500030517578,1310113,ONGC
2025-11-17 03:45:00+00:00,248.89999389648438,249.5500030517578,247.5,247.5,0,ONGC
2025-11-17 04:45:00+00:00,249.0,249.4499969482422,248.3000030517578,249.0500030517578,715735,ONGC
2025-11-17 05:45:00+00:00,248.85000610351562,249.3000030517578,248.39999389648438,249.14999389648438,1409518,ONGC
2025-11-17 06:45:00+00:00,247.8000030517578,248.89999389648438,247.75,248.75,608381,ONGC
2025-11-17 07:45:00+00:00,247.75,248.39999389648438,247.5500030517578,247.8000030517578,670808,ONGC
2025-11-17 08:45:00+00:00,247.85000610351562,247.9499969482422,247.5,247.75,1026806,ONGC
2025-11-17 09:45:00+00:00,248.35000610351562,248.5,247.85000610351562,247.9499969482422,570598,ONGC
2025-11-18 03:45:00+00:00,247.8000030517578,249.4499969482422,247.0,247.5,0,ONGC
2025-11-18 04:45:00+00:00,248.3000030517578,248.5,247.39999389648438,247.85000610351562,745655,ONGC
2025-11-18 05:45:00+00:00,248.4499969482422,248.60000610351562,248.0,248.3000030517578,1627937,ONGC
2025-11-18 06:45:00+00:00,247.4499969482422,248.5500030517578,247.4499969482422,248.5500030517578,573549,ONGC
2025-11-18 07:45:00+00:00,247.3000030517578,247.5500030517578,247.10000610351562,247.4499969482422,860012,ONGC
2025-11-18 08:45:00+00:00,247.10000610351562,247.5,246.6999969482422,247.3000030517578,1503245,ONGC
2025-11-18 09:45:00+00:00,246.89999389648438,247.14999389648438,246.35000610351562,247.0500030517578,1038773,ONGC
2025-11-19 03:45:00+00:00,247.4499969482422,247.5500030517578,245.4499969482422,247.3000030517578,0,ONGC
2025-11-19 04:45:00+00:00,246.9499969482422,247.5,246.60000610351562,247.4499969482422,570913,ONGC
2025-11-19 05:45:00+00:00,248.1999969482422,248.39999389648438,246.85000610351562,246.9499969482422,558166,ONGC
2025-11-19 06:45:00+00:00,249.25,249.39999389648438,248.25,248.3000030517578,1295508,ONGC
2025-11-19 07:45:00+00:00,249.85000610351562,250.3000030517578,249.0,249.3000030517578,1140530,ONGC
2025-11-19 08:45:00+00:00,249.10000610351562,250.0500030517578,249.10000610351562,249.8000030517578,1197200,ONGC
2025-11-19 09:45:00+00:00,249.0,249.1999969482422,248.60000610351562,249.10000610351562,622177,ONGC
2025-11-20 03:45:00+00:00,249.25,249.5500030517578,247.6999969482422,249.0500030517578,0,ONGC
2025-11-20 04:45:00+00:00,250.14999389648438,251.0500030517578,249.0,249.3000030517578,1823736,ONGC
2025-11-20 05:45:00+00:00,249.4499969482422,250.3000030517578,249.3000030517578,250.10000610351562,835805,ONGC
2025-11-20 06:45:00+00:00,248.6999969482422,249.5,248.6999969482422,249.39999389648438,554065,ONGC
2025-11-20 07:45:00+00:00,249.60000610351562,249.8000030517578,248.6999969482422,248.6999969482422,473548,ONGC
2025-11-20 08:45:00+00:00,247.9499969482422,249.85000610351562,247.75,249.60000610351562,1364146,ONGC
2025-11-20 09:45:00+00:00,248.0500030517578,248.4499969482422,247.8000030517578,247.9499969482422,580282,ONGC
2025-11-21 03:45:00+00:00,247.8000030517578,248.3000030517578,246.89999389648438,247.0,0,ONGC
2025-11-21 04:45:00+00:00,248.0,248.10000610351562,246.60000610351562,247.9499969482422,927609,ONGC
2025-11-21 05:45:00+00:00,248.1999969482422,248.3000030517578,247.5500030517578,248.10000610351562,864303,ONGC
2025-11-21 06:45:00+00:00,247.39999389648438,248.25,247.39999389648438,248.1999969482422,906812,ONGC
2025-11-21 07:45:00+00:00,246.9499969482422,248.0500030517578,246.6999969482422,247.5,989258,ONGC
2025-11-21 08:45:00+00:00,246.8000030517578,247.3000030517578,246.39999389648438,246.9499969482422,1838222,ONGC
2025-11-21 09:45:00+00:00,246.35000610351562,247.64999389648438,246.1999969482422,246.89999389648438,1320142,ONGC
2025-11-24 03:45:00+00:00,246.5,247.39999389648438,245.25,247.0,0,ONGC
2025-11-24 04:45:00+00:00,245.89999389648438,246.60000610351562,245.75,246.60000610351562,1163139,ONGC
2025-11-24 05:45:00+00:00,246.14999389648438,246.4499969482422,245.10000610351562,245.85000610351562,1557380,ONGC
2025-11-24 06:45:00+00:00,245.75,246.75,245.4499969482422,246.14999389648438,1544939,ONGC
2025-11-24 07:45:00+00:00,244.9499969482422,245.89999389648438,244.9499969482422,245.64999389648438,673069,ONGC
2025-11-24 08:45:00+00:00,245.5,246.39999389648438,244.89999389648438,244.9499969482422,5418929,ONGC
2025-11-24 09:45:00+00:00,245.75,246.39999389648438,244.4499969482422,245.5,4465476,ONGC
2025-11-25 03:45:00+00:00,245.8000030517578,246.25,244.64999389648438,246.25,0,ONGC
2025-11-25 04:45:00+00:00,247.10000610351562,247.1999969482422,245.6999969482422,245.75,1684490,ONGC
2025-11-25 05:45:00+00:00,247.3000030517578,247.39999389648438,246.85000610351562,247.10000610351562,1635830,ONGC
2025-11-25 06:45:00+00:00,246.5,247.5,246.1999969482422,247.3000030517578,1384438,ONGC
2025-11-25 07:45:00+00:00,246.0,246.60000610351562,245.8000030517578,246.5,775278,ONGC
2025-11-25 08:45:00+00:00,245.25,246.35000610351562,245.25,246.0,2011743,ONGC
2025-11-25 09:45:00+00:00,245.35000610351562,245.5500030517578,244.75,245.3000030517578,902696,ONGC
2025-11-26 03:45:00+00:00,247.10000610351562,247.60000610351562,245.0500030517578,245.4499969482422,0,ONGC
2025-11-26 04:45:00+00:00,247.14999389648438,247.9499969482422,246.9499969482422,247.1999969482422,289862,ONGC
2025-11-26 05:45:00+00:00,247.6999969482422,247.6999969482422,247.10000610351562,247.25,378758,ONGC
2025-11-26 06:45:00+00:00,247.39999389648438,247.9499969482422,247.0,247.6999969482422,376811,ONGC
2025-11-26 07:45:00+00:00,247.0,247.85000610351562,246.85000610351562,247.39999389648438,1229462,ONGC
2025-11-26 08:45:00+00:00,247.89999389648438,248.0,246.60000610351562,247.0,3525172,ONGC
2025-11-26 09:45:00+00:00,247.6999969482422,247.9499969482422,247.5500030517578,247.85000610351562,623370,ONGC
2025-11-27 03:45:00+00:00,245.14999389648438,248.8000030517578,245.10000610351562,247.6999969482422,0,ONGC
2025-11-27 04:45:00+00:00,244.9499969482422,245.5,244.39999389648438,245.14999389648438,579960,ONGC
2025-11-27 05:45:00+00:00,243.8000030517578,244.9499969482422,243.64999389648438,244.89999389648438,512832,ONGC
2025-11-27 06:45:00+00:00,243.60000610351562,244.5500030517578,243.5,243.6999969482422,387454,ONGC
2025-11-27 07:45:00+00:00,243.5500030517578,244.0,242.85000610351562,243.60000610351562,958139,ONGC
2025-11-27 08:45:00+00:00,243.9499969482422,244.0,243.0,243.60000610351562,1522736,ONGC
2025-11-27 09:45:00+00:00,243.9499969482422,244.25,243.8000030517578,244.10000610351562,737291,ONGC
2025-11-28 03:45:00+00:00,243.3000030517578,245.35000610351562,243.1999969482422,244.5,0,ONGC
2025-11-28 04:45:00+00:00,244.1999969482422,244.1999969482422,242.89999389648438,243.3000030517578,412995,ONGC
2025-11-28 05:45:00+00:00,243.5,244.35000610351562,243.3000030517578,244.1999969482422,363190,ONGC
2025-11-28 06:45:00+00:00,243.64999389648438,244.14999389648438,243.1999969482422,243.39999389648438,309656,ONGC
2025-11-28 07:45:00+00:00,243.0500030517578,243.64999389648438,242.89999389648438,243.60000610351562,321182,ONGC
2025-11-28 08:45:00+00:00,243.60000610351562,243.64999389648438,243.0,243.0,868751,ONGC
2025-11-28 09:45:00+00:00,243.25,243.60000610351562,242.5500030517578,243.60000610351562,720311,ONGC
2025-12-01 03:45:00+00:00,244.5,245.77999877929688,243.1999969482422,243.82000732421875,0,ONGC
2025-12-01 04:45:00+00:00,244.88999938964844,245.27000427246094,244.42999267578125,244.42999267578125,646983,ONGC
2025-12-01 05:45:00+00:00,244.22000122070312,244.89999389648438,244.19000244140625,244.83999633789062,534101,ONGC
2025-12-01 06:45:00+00:00,244.3000030517578,244.4600067138672,244.02000427246094,244.2100067138672,502928,ONGC
2025-12-01 07:45:00+00:00,244.97000122070312,245.14999389648438,244.1999969482422,244.3000030517578,881504,ONGC
2025-12-01 08:45:00+00:00,244.97999572753906,245.0,244.3000030517578,244.97000122070312,1767302,ONGC
2025-12-01 09:45:00+00:00,244.35000610351562,245.0,244.3000030517578,245.0,817631,ONGC
2025-12-02 03:45:00+00:00,244.13999938964844,246.25,243.47999572753906,243.47999572753906,0,ONGC
2025-12-02 04:45:00+00:00,243.5800018310547,244.44000244140625,243.5,244.13999938964844,479548,ONGC
2025-12-02 05:45:00+00:00,243.6699981689453,244.10000610351562,243.3300018310547,243.5800018310547,550000,ONGC
2025-12-02 06:45:00+00:00,243.82000732421875,244.08999633789062,243.47999572753906,243.67999267578125,309208,ONGC
2025-12-02 07:45:00+00:00,243.92999267578125,244.16000366210938,243.44000244140625,243.86000061035156,720873,ONGC
2025-12-02 08:45:00+00:00,243.75,243.9499969482422,242.5,243.9499969482422,1481159,ONGC
2025-12-02 09:45:00+00:00,243.77999877929688,243.8000030517578,243.49000549316406,243.74000549316406,758625,ONGC
2025-12-03 03:45:00+00:00,241.0500030517578,244.35000610351562,241.0500030517578,244.10000610351562,0,ONGC
2025-12-03 04:45:00+00:00,241.0500030517578,241.47000122070312,240.55999755859375,241.05999755859375,732280,ONGC
2025-12-03 05:45:00+00:00,240.64999389648438,241.0500030517578,239.82000732421875,241.02000427246094,1097194,ONGC
2025-12-03 06:45:00+00:00,239.9600067138672,240.75999450683594,239.89999389648438,240.50999450683594,1545255,ONGC
2025-12-03 07:45:00+00:00,240.5500030517578,240.88999938964844,239.55999755859375,240.02999877929688,1266527,ONGC
2025-12-03 08:45:00+00:00,240.0,241.3000030517578,239.66000366210938,240.50999450683594,4678548,ONGC
2025-12-03 09:45:00+00:00,240.02000427246094,240.1999969482422,239.89999389648438,240.0,1227915,ONGC
2025-12-04 03:45:00+00:00,240.58999633789062,240.8800048828125,239.69000244140625,240.5,0,ONGC
2025-12-04 04:45:00+00:00,241.91000366210938,242.0500030517578,240.3000030517578,240.57000732421875,907495,ONGC
2025-12-04 05:45:00+00:00,242.4499969482422,242.5,241.5,241.91000366210938,962741,ONGC
2025-12-04 06:45:00+00:00,242.33999633789062,242.6999969482422,241.91000366210938,242.42999267578125,3415111,ONGC
2025-12-04 07:45:00+00:00,242.3000030517578,242.47999572753906,241.8000030517578,242.3000030517578,709060,ONGC
2025-12-04 08:45:00+00:00,242.4499969482422,242.61000061035156,241.6999969482422,242.3300018310547,2305601,ONGC
2025-12-04 09:45:00+00:00,241.97000122070312,242.4499969482422,241.89999389648438,242.4499969482422,1520227,ONGC
2025-12-05 03:45:00+00:00,242.0,243.1999969482422,241.85000610351562,242.60000610351562,0,ONGC
2025-12-05 04:45:00+00:00,242.91000366210938,243.08999633789062,241.44000244140625,242.10000610351562,1764072,ONGC
2025-12-05 05:45:00+00:00,242.36000061035156,243.0,242.22999572753906,242.91000366210938,405433,ONGC
2025-12-05 06:45:00+00:00,242.91000366210938,243.14999389648438,242.22999572753906,242.3300018310547,472334,ONGC
2025-12-05 07:45:00+00:00,241.99000549316406,243.08999633789062,241.80999755859375,242.92999267578125,639472,ONGC
2025-12-05 08:45:00+00:00,240.99000549316406,242.10000610351562,240.9499969482422,241.99000549316406,2474974,ONGC
2025-12-05 09:45:00+00:00,241.85000610351562,242.0,240.97999572753906,241.05999755859375,806785,ONGC
2025-12-08 03:45:00+00:00,240.9499969482422,241.99000549316406,240.49000549316406,241.99000549316406,0,ONGC
2025-12-08 04:45:00+00:00,240.97000122070312,241.02999877929688,240.5,240.92999267578125,391503,ONGC
2025-12-08 05:45:00+00:00,240.8800048828125,241.5,240.77999877929688,240.94000244140625,576870,ONGC
2025-12-08 06:45:00+00:00,239.99000549316406,241.0800018310547,239.77000427246094,240.8800048828125,640223,ONGC
2025-12-08 07:45:00+00:00,238.8000030517578,239.97999572753906,238.5,239.97999572753906,906385,ONGC
2025-12-08 08:45:00+00:00,238.6300048828125,239.25,238.35000610351562,238.8000030517578,1447039,ONGC
2025-12-08 09:45:00+00:00,237.9600067138672,238.6699981689453,237.6999969482422,238.6199951171875,600421,ONGC
2025-12-09 03:45:00+00:00,237.61000061035156,238.42999267578125,236.85000610351562,238.33999633789062,0,ONGC
2025-12-09 04:45:00+00:00,238.4600067138672,238.6300048828125,237.5500030517578,237.5500030517578,463470,ONGC
2025-12-09 05:45:00+00:00,239.85000610351562,239.86000061035156,238.39999389648438,238.44000244140625,560529,ONGC
2025-12-09 06:45:00+00:00,239.47000122070312,240.0800018310547,239.0,239.85000610351562,420676,ONGC
2025-12-09 07:45:00+00:00,239.3699951171875,240.0500030517578,239.05999755859375,239.38999938964844,520831,ONGC
2025-12-09 08:45:00+00:00,239.83999633789062,240.1699981689453,238.52000427246094,239.32000732421875,4986295,ONGC
2025-12-09 09:45:00+00:00,239.83999633789062,239.83999633789062,238.89999389648438,239.83999633789062,1242911,ONGC
2025-12-10 03:45:00+00:00,238.64999389648438,240.35000610351562,238.60000610351562,239.38999938964844,0,ONGC
2025-12-10 04:45:00+00:00,239.6300048828125,239.64999389648438,238.49000549316406,238.6199951171875,546618,ONGC
2025-12-10 05:45:00+00:00,239.64999389648438,239.8800048828125,239.19000244140625,239.61000061035156,373712,ONGC
2025-12-10 06:45:00+00:00,239.19000244140625,239.7100067138672,238.75,239.64999389648438,231285,ONGC
2025-12-10 07:45:00+00:00,239.07000732421875,239.75,239.0,239.19000244140625,366852,ONGC
2025-12-10 08:45:00+00:00,239.36000061035156,239.60000610351562,238.49000549316406,239.0800018310547,750302,ONGC
2025-12-10 09:45:00+00:00,239.25,239.4499969482422,238.60000610351562,239.3800048828125,385475,ONGC
2025-12-11 03:45:00+00:00,240.14999389648438,240.14999389648438,238.77999877929688,239.89999389648438,0,ONGC
2025-12-11 04:45:00+00:00,239.89999389648438,241.3000030517578,239.75999450683594,240.35000610351562,3959501,ONGC
2025-12-11 05:45:00+00:00,239.25,239.99000549316406,238.6999969482422,239.8699951171875,661524,ONGC
2025-12-11 06:45:00+00:00,238.9499969482422,239.82000732421875,238.8000030517578,239.25,656487,ONGC
2025-12-11 07:45:00+00:00,238.7100067138672,239.10000610351562,238.5800018310547,238.9199981689453,457831,ONGC
2025-12-11 08:45:00+00:00,238.17999267578125,239.08999633789062,238.13999938964844,238.69000244140625,1538745,ONGC
2025-12-11 09:45:00+00:00,238.41000366210938,238.99000549316406,238.19000244140625,238.33999633789062,1086154,ONGC
2025-12-12 03:45:00+00:00,237.5,239.22999572753906,237.30999755859375,239.0,0,ONGC
2025-12-12 04:45:00+00:00,237.17999267578125,237.8000030517578,237.0399932861328,237.52999877929688,315595,ONGC
2025-12-12 05:45:00+00:00,237.3800048828125,237.44000244140625,237.14999389648438,237.17999267578125,337663,ONGC
2025-12-12 06:45:00+00:00,237.6999969482422,238.0,237.32000732421875,237.38999938964844,376334,ONGC
2025-12-12 07:45:00+00:00,237.72000122070312,237.97999572753906,237.1999969482422,237.6999969482422,612200,ONGC
2025-12-12 08:45:00+00:00,238.1199951171875,238.41000366210938,237.27999877929688,237.7100067138672,1163146,ONGC
2025-12-12 09:45:00+00:00,238.19000244140625,238.22000122070312,237.5,238.1300048828125,663054,ONGC
2025-12-15 03:45:00+00:00,231.89999389648438,238.0,230.00999450683594,238.0,1569165,ONGC
2025-12-15 04:45:00+00:00,232.5,232.85000610351562,231.80999755859375,231.92999267578125,1117997,ONGC
2025-12-15 05:45:00+00:00,232.9199981689453,233.44000244140625,232.10000610351562,232.5,1235684,ONGC
2025-12-15 06:45:00+00:00,234.1300048828125,234.22999572753906,232.8000030517578,232.94000244140625,1054078,ONGC
2025-12-15 07:45:00+00:00,234.5,234.5,233.7100067138672,234.16000366210938,808961,ONGC
2025-12-15 08:45:00+00:00,235.30999755859375,235.5,234.44000244140625,234.5,1624665,ONGC
2025-12-15 09:45:00+00:00,235.1999969482422,235.5,235.00999450683594,235.33999633789062,670333,ONGC
2025-12-16 03:45:00+00:00,233.47000122070312,235.3000030517578,233.08999633789062,234.25,0,ONGC
2025-12-16 04:45:00+00:00,233.0500030517578,233.50999450683594,232.61000061035156,233.47000122070312,540321,ONGC
2025-12-16 05:45:00+00:00,232.9600067138672,233.11000061035156,232.39999389648438,233.0500030517578,576748,ONGC
2025-12-16 06:45:00+00:00,232.3300018310547,233.07000732421875,232.22999572753906,232.97000122070312,518077,ONGC
2025-12-16 07:45:00+00:00,230.8000030517578,232.75,230.8000030517578,232.3300018310547,1552540,ONGC
2025-12-16 08:45:00+00:00,232.0800018310547,232.64999389648438,230.75999450683594,230.8000030517578,2391938,ONGC
2025-12-16 09:45:00+00:00,232.25,232.2899932861328,231.58999633789062,232.13999938964844,743312,ONGC
2025-12-17 03:45:00+00:00,231.80999755859375,232.99000549316406,229.58999633789062,230.77000427246094,0,ONGC
2025-12-17 04:45:00+00:00,233.14999389648438,233.14999389648438,231.4600067138672,231.80999755859375,630327,ONGC
2025-12-17 05:45:00+00:00,232.17999267578125,233.35000610351562,231.8000030517578,233.14999389648438,622214,ONGC
2025-12-17 06:45:00+00:00,232.4600067138672,232.7100067138672,232.14999389648438,232.14999389648438,322683,ONGC
2025-12-17 07:45:00+00:00,232.55999755859375,232.69000244140625,232.25999450683594,232.4600067138672,347587,ONGC
2025-12-17 08:45:00+00:00,232.97999572753906,232.99000549316406,231.85000610351562,232.50999450683594,1410234,ONGC
2025-12-17 09:45:00+00:00,232.91000366210938,233.22000122070312,232.50999450683594,232.97000122070312,0,ONGC
2025-12-18 03:45:00+00:00,232.08999633789062,233.30999755859375,231.39999389648438,233.08999633789062,964613,ONGC
2025-12-18 04:45:00+00:00,232.25,232.9499969482422,232.00999450683594,232.05999755859375,387867,ONGC
2025-12-18 05:45:00+00:00,232.66000366210938,232.85000610351562,232.1199951171875,232.25,258955,ONGC
2025-12-18 06:45:00+00:00,232.5800018310547,232.89999389648438,232.42999267578125,232.6699981689453,209551,ONGC
2025-12-18 07:45:00+00:00,231.92999267578125,232.58999633789062,231.82000732421875,232.58999633789062,281047,ONGC
2025-12-18 08:45:00+00:00,232.10000610351562,232.30999755859375,231.2100067138672,231.92999267578125,1275209,ONGC
2025-12-18 09:45:00+00:00,231.67999267578125,232.16000366210938,231.60000610351562,232.10000610351562,585505,ONGC
2025-12-19 03:45:00+00:00,232.35000610351562,232.64999389648438,231.72999572753906,231.72999572753906,0,ONGC
2025-12-19 04:45:00+00:00,232.69000244140625,232.97999572753906,232.3000030517578,232.35000610351562,297879,ONGC
2025-12-19 05:45:00+00:00,232.39999389648438,232.9499969482422,232.0399932861328,232.8000030517578,374438,ONGC
2025-12-19 06:45:00+00:00,232.35000610351562,232.50999450683594,232.1300048828125,232.39999389648438,286225,ONGC
2025-12-19 07:45:00+00:00,232.61000061035156,232.66000366210938,232.2100067138672,232.39999389648438,304369,ONGC
2025-12-19 08:45:00+00:00,233.02000427246094,233.02000427246094,232.25,232.66000366210938,1927516,ONGC
2025-12-19 09:45:00+00:00,232.85000610351562,233.47999572753906,232.85000610351562,233.0,1238906,ONGC
2025-12-22 03:45:00+00:00,234.99000549316406,235.0399932861328,232.77000427246094,233.5,0,ONGC
2025-12-22 04:45:00+00:00,234.63999938964844,235.10000610351562,234.52000427246094,234.99000549316406,510085,ONGC
2025-12-22 05:45:00+00:00,234.3800048828125,234.74000549316406,234.3800048828125,234.63999938964844,259270,ONGC
2025-12-22 06:45:00+00:00,234.74000549316406,235.0,234.3000030517578,234.3800048828125,579733,ONGC
2025-12-22 07:45:00+00:00,234.3300018310547,234.77000427246094,234.14999389648438,234.74000549316406,418026,ONGC
2025-12-22 08:45:00+00:00,233.97999572753906,234.38999938964844,233.64999389648438,234.32000732421875,1203293,ONGC
2025-12-22 09:45:00+00:00,234.60000610351562,234.72999572753906,233.9499969482422,233.97999572753906,672678,ONGC
2025-12-23 03:45:00+00:00,236.74000549316406,237.8800048828125,234.61000061035156,234.75999450683594,0,ONGC
2025-12-23 04:45:00+00:00,236.30999755859375,236.8300018310547,236.07000732421875,236.74000549316406,415963,ONGC
2025-12-23 05:45:00+00:00,236.60000610351562,236.8000030517578,235.86000061035156,236.35000610351562,466544,ONGC
2025-12-23 06:45:00+00:00,236.4199981689453,236.7899932861328,236.25,236.60000610351562,239391,ONGC
2025-12-23 07:45:00+00:00,236.25,236.5,236.08999633789062,236.4199981689453,250203,ONGC
2025-12-23 08:45:00+00:00,235.47999572753906,236.49000549316406,235.41000366210938,236.25,965969,ONGC
2025-12-23 09:45:00+00:00,235.49000549316406,235.67999267578125,235.10000610351562,235.49000549316406,547963,ONGC
2025-12-24 03:45:00+00:00,235.7899932861328,236.5500030517578,235.0500030517578,235.99000549316406,0,ONGC
2025-12-24 04:45:00+00:00,235.25,235.83999633789062,234.8699951171875,235.7899932861328,426176,ONGC
2025-12-24 05:45:00+00:00,234.8300018310547,235.75,234.5,235.25,478205,ONGC
2025-12-24 06:45:00+00:00,234.08999633789062,234.9499969482422,234.00999450683594,234.82000732421875,534971,ONGC
2025-12-24 07:45:00+00:00,233.52000427246094,234.07000732421875,233.5,234.00999450683594,761857,ONGC
2025-12-24 08:45:00+00:00,233.8000030517578,234.17999267578125,233.14999389648438,233.50999450683594,910498,ONGC
2025-12-24 09:45:00+00:00,233.75,233.83999633789062,233.5,233.8000030517578,338563,ONGC
2025-12-26 03:45:00+00:00,233.5500030517578,234.39999389648438,233.0500030517578,234.0,0,ONGC
2025-12-26 04:45:00+00:00,233.89999389648438,234.25,233.32000732421875,233.55999755859375,267033,ONGC
2025-12-26 05:45:00+00:00,235.25,235.27999877929688,233.55999755859375,233.8800048828125,515632,ONGC
2025-12-26 06:45:00+00:00,234.60000610351562,235.25,234.5,235.2100067138672,470965,ONGC
2025-12-26 07:45:00+00:00,234.5500030517578,235.1699981689453,234.41000366210938,234.6199951171875,719894,ONGC
2025-12-26 08:45:00+00:00,234.5500030517578,234.8300018310547,234.10000610351562,234.60000610351562,880763,ONGC
2025-12-26 09:45:00+00:00,234.32000732421875,234.75,234.3000030517578,234.5399932861328,326909,ONGC
2025-12-29 03:45:00+00:00,235.25999450683594,235.25999450683594,234.0399932861328,234.58999633789062,0,ONGC
2025-12-29 04:45:00+00:00,238.5,238.75,234.99000549316406,235.25999450683594,3310605,ONGC
2025-12-29 05:45:00+00:00,237.24000549316406,238.89999389648438,236.52000427246094,238.5,2934416,ONGC
2025-12-29 06:45:00+00:00,235.4499969482422,237.32000732421875,235.44000244140625,237.24000549316406,1846386,ONGC
2025-12-29 07:45:00+00:00,234.86000061035156,235.5500030517578,234.72000122070312,235.5,1337302,ONGC
2025-12-29 08:45:00+00:00,234.69000244140625,235.0500030517578,234.27000427246094,234.8300018310547,1658734,ONGC
2025-12-29 09:45:00+00:00,234.82000732421875,235.13999938964844,234.6300048828125,234.6999969482422,807315,ONGC
2025-12-30 03:45:00+00:00,234.99000549316406,235.52999877929688,234.02000427246094,234.9600067138672,0,ONGC
2025-12-30 04:45:00+00:00,234.17999267578125,235.0,234.0500030517578,234.99000549316406,647617,ONGC
2025-12-30 05:45:00+00:00,233.94000244140625,234.52000427246094,233.8699951171875,234.1699981689453,718214,ONGC
2025-12-30 06:45:00+00:00,233.8699951171875,234.05999755859375,233.75,233.92999267578125,362674,ONGC
2025-12-30 07:45:00+00:00,234.5,234.5500030517578,233.30999755859375,233.89999389648438,958867,ONGC
2025-12-30 08:45:00+00:00,234.72000122070312,234.97000122070312,234.24000549316406,234.5500030517578,1863029,ONGC
2025-12-30 09:45:00+00:00,234.67999267578125,234.75,234.1999969482422,234.72000122070312,913688,ONGC
2025-12-31 03:45:00+00:00,236.6999969482422,237.22999572753906,234.77000427246094,234.77000427246094,0,ONGC
2025-12-31 04:45:00+00:00,237.22999572753906,237.42999267578125,236.5500030517578,236.6999969482422,404944,ONGC
2025-12-31 05:45:00+00:00,238.5399932861328,238.6999969482422,236.8800048828125,237.22999572753906,1152695,ONGC
2025-12-31 06:45:00+00:00,238.58999633789062,239.0,237.97999572753906,238.5399932861328,1108250,ONGC
2025-12-31 07:45:00+00:00,239.61000061035156,239.6999969482422,238.02999877929688,238.58999633789062,1389008,ONGC
2025-12-31 08:45:00+00:00,239.8000030517578,240.0,239.30999755859375,239.6300048828125,2963109,ONGC
2025-12-31 09:45:00+00:00,240.3800048828125,241.0,239.7899932861328,239.8000030517578,3761155,ONGC
2026-01-01 03:45:00+00:00,240.27999877929688,240.97999572753906,238.61000061035156,240.9499969482422,0,ONGC
2026-01-01 04:45:00+00:00,239.0,240.3000030517578,238.8300018310547,240.25,403540,ONGC
2026-01-01 05:45:00+00:00,238.64999389648438,239.5,238.27000427246094,238.92999267578125,626126,ONGC
2026-01-01 06:45:00+00:00,238.02000427246094,239.2899932861328,237.91000366210938,238.64999389648438,639668,ONGC
2026-01-01 07:45:00+00:00,238.0,238.35000610351562,237.64999389648438,238.02000427246094,745361,ONGC
2026-01-01 08:45:00+00:00,237.72000122070312,238.22000122070312,237.41000366210938,238.0,1016895,ONGC
2026-01-01 09:45:00+00:00,237.89999389648438,238.13999938964844,237.74000549316406,237.85000610351562,474019,ONGC
2026-01-02 03:45:00+00:00,240.4499969482422,240.9499969482422,238.02999877929688,238.8800048828125,0,ONGC
2026-01-02 04:45:00+00:00,241.52000427246094,242.5500030517578,240.42999267578125,240.42999267578125,1210433,ONGC
2026-01-02 05:45:00+00:00,240.36000061035156,241.75999450683594,240.27000427246094,241.44000244140625,907224,ONGC
2026-01-02 06:45:00+00:00,240.5399932861328,241.14999389648438,240.13999938964844,240.36000061035156,652859,ONGC
2026-01-02 07:45:00+00:00,241.1199951171875,241.1699981689453,240.5,240.60000610351562,674841,ONGC
2026-01-02 08:45:00+00:00,241.35000610351562,241.8300018310547,240.91000366210938,241.10000610351562,1075081,ONGC
2026-01-02 09:45:00+00:00,242.0,242.0,241.32000732421875,241.35000610351562,503067,ONGC
2026-01-05 03:45:00+00:00,236.85000610351562,245.89999389648438,236.3699951171875,245.8000030517578,3982284,ONGC
2026-01-05 04:45:00+00:00,238.1999969482422,238.97000122070312,235.7100067138672,236.8300018310547,3952572,ONGC
2026-01-05 05:45:00+00:00,237.11000061035156,238.22000122070312,236.64999389648438,238.1999969482422,1241080,ONGC
2026-01-05 06:45:00+00:00,238.1300048828125,238.27999877929688,236.77000427246094,237.17999267578125,982008,ONGC
2026-01-05 07:45:00+00:00,237.58999633789062,238.69000244140625,237.4199981689453,238.1699981689453,1140602,ONGC
2026-01-05 08:45:00+00:00,238.0500030517578,238.6999969482422,237.1199951171875,237.52000427246094,2304127,ONGC
2026-01-05 09:45:00+00:00,238.0500030517578,238.25,237.58999633789062,238.0399932861328,1666303,ONGC
2026-01-06 03:45:00+00:00,241.0500030517578,241.8000030517578,238.1199951171875,238.1199951171875,0,ONGC
2026-01-06 04:45:00+00:00,239.32000732421875,241.60000610351562,239.3000030517578,241.02999877929688,1208441,ONGC
2026-01-06 05:45:00+00:00,240.88999938964844,241.0,239.25,239.30999755859375,1254705,ONGC
2026-01-06 06:45:00+00:00,241.0,241.3000030517578,240.60000610351562,240.88999938964844,878549,ONGC
2026-01-06 07:45:00+00:00,240.8800048828125,241.14999389648438,240.7100067138672,241.00999450683594,786663,ONGC
2026-01-06 08:45:00+00:00,241.8699951171875,242.36000061035156,240.75999450683594,240.8699951171875,2174794,ONGC
2026-01-06 09:45:00+00:00,241.7899932861328,241.9600067138672,241.39999389648438,241.8699951171875,1017941,ONGC
2026-01-07 03:45:00+00:00,241.22000122070312,241.35000610351562,239.0500030517578,240.49000549316406,0,ONGC
2026-01-07 04:45:00+00:00,241.2100067138672,241.63999938964844,240.89999389648438,241.3300018310547,1001385,ONGC
2026-01-07 05:45:00+00:00,240.17999267578125,241.35000610351562,240.0800018310547,241.2100067138672,830237,ONGC
2026-01-07 06:45:00+00:00,239.92999267578125,240.27999877929688,239.4199981689453,240.27999877929688,603000,ONGC
2026-01-07 07:45:00+00:00,238.60000610351562,240.0,238.35000610351562,239.92999267578125,954776,ONGC
2026-01-07 08:45:00+00:00,239.13999938964844,239.2899932861328,238.4499969482422,238.55999755859375,1152351,ONGC
2026-01-07 09:45:00+00:00,239.05999755859375,239.2100067138672,238.97000122070312,239.19000244140625,1135664,ONGC
2026-01-08 03:45:00+00:00,236.1999969482422,238.8699951171875,235.72000122070312,238.7899932861328,0,ONGC
2026-01-08 04:45:00+00:00,234.47999572753906,236.25,234.39999389648438,236.1999969482422,1002115,ONGC
2026-01-08 05:45:00+00:00,233.07000732421875,234.47999572753906,232.3699951171875,234.39999389648438,1479274,ONGC
2026-01-08 06:45:00+00:00,231.5399932861328,233.1999969482422,231.41000366210938,233.07000732421875,976887,ONGC
2026-01-08 07:45:00+00:00,231.5399932861328,232.25999450683594,231.10000610351562,231.52000427246094,1692778,ONGC
2026-01-08 08:45:00+00:00,231.4600067138672,232.41000366210938,231.30999755859375,231.52999877929688,1470876,ONGC
2026-01-08 09:45:00+00:00,231.1999969482422,231.67999267578125,231.00999450683594,231.42999267578125,1042034,ONGC
2026-01-09 03:45:00+00:00,235.7899932861328,237.82000732421875,232.77999877929688,232.77999877929688,0,ONGC
2026-01-09 04:45:00+00:00,234.5500030517578,236.1999969482422,234.5,235.8000030517578,1136290,ONGC
2026-01-09 05:45:00+00:00,233.9600067138672,234.66000366210938,233.8000030517578,234.5500030517578,1117533,ONGC
2026-01-09 06:45:00+00:00,234.22999572753906,234.75,233.11000061035156,233.9600067138672,1631737,ONGC
2026-01-09 07:45:00+00:00,233.5500030517578,234.3300018310547,233.16000366210938,234.22999572753906,1497158,ONGC
2026-01-09 08:45:00+00:00,234.3000030517578,234.36000061035156,233.5500030517578,233.5500030517578,2245541,ONGC
2026-01-09 09:45:00+00:00,234.0,234.2899932861328,233.75,234.19000244140625,638380,ONGC
2026-01-12 03:45:00+00:00,232.85000610351562,234.66000366210938,231.8300018310547,234.14999389648438,0,ONGC
2026-01-12 04:45:00+00:00,233.66000366210938,234.3699951171875,232.44000244140625,232.9199981689453,1297577,ONGC
2026-01-12 05:45:00+00:00,233.5,233.80999755859375,232.5800018310547,233.66000366210938,784190,ONGC
2026-01-12 06:45:00+00:00,234.77999877929688,235.4499969482422,233.60000610351562,233.6300048828125,1564291,ONGC
2026-01-12 07:45:00+00:00,235.3000030517578,235.92999267578125,234.5,234.77999877929688,1439787,ONGC
2026-01-12 08:45:00+00:00,235.7100067138672,236.1199951171875,235.1199951171875,235.3000030517578,1512363,ONGC
2026-01-12 09:45:00+00:00,235.7100067138672,235.85000610351562,235.1999969482422,235.7100067138672,910303,ONGC
2026-01-13 03:45:00+00:00,240.0500030517578,241.3000030517578,235.8300018310547,236.8800048828125,0,ONGC
2026-01-13 04:45:00+00:00,240.22999572753906,241.14999389648438,239.8000030517578,240.08999633789062,2380850,ONGC
2026-01-13 05:45:00+00:00,241.5399932861328,241.6999969482422,240.0,240.22000122070312,2270743,ONGC
2026-01-13 06:45:00+00:00,242.2899932861328,243.3000030517578,241.5,241.61000061035156,4088720,ONGC
2026-01-13 07:45:00+00:00,242.25999450683594,244.0,241.74000549316406,242.32000732421875,5059275,ONGC
2026-01-13 08:45:00+00:00,243.6199951171875,244.13999938964844,241.50999450683594,242.30999755859375,3625767,ONGC
2026-01-13 09:45:00+00:00,243.50999450683594,244.0,243.5,243.67999267578125,1228536,ONGC
2026-01-14 03:45:00+00:00,248.5,249.0,243.77999877929688,243.77999877929688,0,ONGC
2026-01-14 04:45:00+00:00,249.82000732421875,249.83999633789062,247.55999755859375,248.52000427246094,6452478,ONGC
2026-01-14 05:45:00+00:00,250.16000366210938,250.8000030517578,249.10000610351562,249.72999572753906,3745293,ONGC
2026-01-14 06:45:00+00:00,250.63999938964844,251.0,250.14999389648438,250.1999969482422,1277257,ONGC
2026-01-14 07:45:00+00:00,248.9199981689453,250.6999969482422,248.64999389648438,250.6199951171875,3592000,ONGC
2026-01-14 08:45:00+00:00,248.41000366210938,249.11000061035156,247.8800048828125,248.9499969482422,3357152,ONGC
2026-01-14 09:45:00+00:00,247.97999572753906,248.64999389648438,247.9199981689453,248.39999389648438,1236419,ONGC
2026-01-16 03:45:00+00:00,246.14999389648438,246.17999267578125,242.72000122070312,245.0500030517578,0,ONGC
2026-01-16 04:45:00+00:00,246.6699981689453,247.75,246.02999877929688,246.10000610351562,1600123,ONGC
2026-01-16 05:45:00+00:00,245.75,247.60000610351562,245.72999572753906,246.72000122070312,1971369,ONGC
2026-01-16 06:45:00+00:00,245.19000244140625,245.9199981689453,245.0,245.75,1425678,ONGC
2026-01-16 07:45:00+00:00,245.0,245.47999572753906,244.61000061035156,245.25,1022114,ONGC
2026-01-16 08:45:00+00:00,247.14999389648438,247.74000549316406,244.4499969482422,245.0,3125910,ONGC
2026-01-16 09:45:00+00:00,247.22999572753906,247.5800018310547,246.5800018310547,247.10000610351562,1124252,ONGC
2026-01-19 03:45:00+00:00,246.35000610351562,247.97999572753906,244.77000427246094,245.0,0,ONGC
2026-01-19 04:45:00+00:00,244.72000122070312,246.35000610351562,244.25999450683594,246.35000610351562,809506,ONGC
2026-01-19 05:45:00+00:00,243.64999389648438,247.1699981689453,243.11000061035156,247.1699981689453,885964,ONGC
2026-01-19 06:45:00+00:00,243.0399932861328,243.85000610351562,242.39999389648438,243.5800018310547,810971,ONGC
2026-01-19 07:45:00+00:00,243.10000610351562,243.44000244140625,242.82000732421875,242.9600067138672,641817,ONGC
2026-01-19 08:45:00+00:00,243.10000610351562,243.89999389648438,242.6199951171875,243.0,1151601,ONGC
2026-01-19 09:45:00+00:00,243.11000061035156,243.13999938964844,242.63999938964844,243.10000610351562,446278,ONGC
2026-01-20 03:45:00+00:00,242.75,245.1699981689453,242.60000610351562,243.75999450683594,0,ONGC
2026-01-20 04:45:00+00:00,241.25,243.36000061035156,241.25,242.6199951171875,594672,ONGC
2026-01-20 05:45:00+00:00,241.13999938964844,241.74000549316406,240.63999938964844,241.3000030517578,695065,ONGC
2026-01-20 06:45:00+00:00,241.0500030517578,241.74000549316406,240.9600067138672,241.13999938964844,514521,ONGC
2026-01-20 07:45:00+00:00,240.99000549316406,241.49000549316406,239.75,241.05999755859375,980827,ONGC
2026-01-20 08:45:00+00:00,240.2899932861328,241.69000244140625,240.0800018310547,241.0,1389888,ONGC
2026-01-20 09:45:00+00:00,240.63999938964844,240.63999938964844,239.97999572753906,240.2899932861328,760934,ONGC
2026-01-21 03:45:00+00:00,241.99000549316406,242.97999572753906,240.41000366210938,240.41000366210938,0,ONGC
2026-01-21 04:45:00+00:00,240.5500030517578,242.0,239.52000427246094,241.92999267578125,1285265,ONGC
2026-01-21 05:45:00+00:00,242.5399932861328,242.6300048828125,240.14999389648438,240.52000427246094,1204969,ONGC
2026-01-21 06:45:00+00:00,243.5,244.47999572753906,242.5399932861328,242.5399932861328,1542299,ONGC
2026-01-21 07:45:00+00:00,242.5399932861328,243.5500030517578,242.5399932861328,243.5,850952,ONGC
2026-01-21 08:45:00+00:00,242.0399932861328,242.85000610351562,241.86000061035156,242.5500030517578,1744901,ONGC
2026-01-21 09:45:00+00:00,242.4199981689453,242.83999633789062,241.8800048828125,242.02999877929688,945195,ONGC
2026-01-22 03:45:00+00:00,245.57000732421875,246.47000122070312,244.19000244140625,244.5399932861328,0,ONGC
2026-01-22 04:45:00+00:00,244.77000427246094,246.33999633789062,244.69000244140625,245.5800018310547,1157114,ONGC
2026-01-22 05:45:00+00:00,244.55999755859375,245.16000366210938,243.8800048828125,244.83999633789062,906154,ONGC
2026-01-22 06:45:00+00:00,243.6699981689453,244.5800018310547,243.52999877929688,244.47999572753906,1567795,ONGC
2026-01-22 07:45:00+00:00,243.02000427246094,243.9499969482422,242.7100067138672,243.6699981689453,1275022,ONGC
2026-01-22 08:45:00+00:00,243.9499969482422,244.1999969482422,242.60000610351562,243.02000427246094,2793376,ONGC
2026-01-22 09:45:00+00:00,244.00999450683594,244.4499969482422,243.41000366210938,243.94000244140625,1201819,ONGC
2026-01-23 03:45:00+00:00,244.74000549316406,245.1300048828125,241.57000732421875,244.74000549316406,0,ONGC
2026-01-23 04:45:00+00:00,244.50999450683594,245.39999389648438,244.0,244.72999572753906,826496,ONGC
2026-01-23 05:45:00+00:00,244.2899932861328,245.14999389648438,243.77999877929688,244.50999450683594,735746,ONGC
2026-01-23 06:45:00+00:00,245.69000244140625,246.3000030517578,244.0800018310547,244.3000030517578,1626146,ONGC
2026-01-23 07:45:00+00:00,245.3000030517578,245.83999633789062,244.72000122070312,245.69000244140625,1100643,ONGC
2026-01-23 08:45:00+00:00,245.3000030517578,245.9600067138672,244.8699951171875,245.35000610351562,1596476,ONGC
2026-01-23 09:45:00+00:00,245.7899932861328,246.25999450683594,245.1999969482422,245.27999877929688,696514,ONGC
2026-01-27 03:45:00+00:00,247.02000427246094,248.77999877929688,245.99000549316406,246.61000061035156,0,ONGC
2026-01-27 04:45:00+00:00,247.39999389648438,247.64999389648438,246.39999389648438,247.0,1891982,ONGC
2026-01-27 05:45:00+00:00,248.36000061035156,248.67999267578125,246.8699951171875,247.39999389648438,1567135,ONGC
2026-01-27 06:45:00+00:00,248.22999572753906,248.44000244140625,247.50999450683594,248.36000061035156,1100683,ONGC
2026-01-27 07:45:00+00:00,247.0,248.75,246.94000244140625,248.22999572753906,1658973,ONGC
2026-01-27 08:45:00+00:00,248.0,248.25999450683594,246.74000549316406,247.0399932861328,4222949,ONGC
2026-01-27 09:45:00+00:00,247.9499969482422,248.5,247.69000244140625,247.97999572753906,1760609,ONGC
2026-01-28 03:45:00+00:00,263.55999755859375,266.1000061035156,249.47999572753906,249.47999572753906,7744395,ONGC
2026-01-28 04:45:00+00:00,263.30999755859375,264.3699951171875,261.4100036621094,263.7099914550781,9362103,ONGC
2026-01-28 05:45:00+00:00,268.0,268.1499938964844,261.5400085449219,263.3599853515625,14339169,ONGC
2026-01-28 06:45:00+00:00,266.20001220703125,269.489990234375,266.1499938964844,268.0899963378906,9637935,ONGC
2026-01-28 07:45:00+00:00,266.1499938964844,266.6400146484375,265.0,266.25,6233811,ONGC
2026-01-28 08:45:00+00:00,268.29998779296875,269.6000061035156,266.010009765625,266.19000244140625,7568159,ONGC
2026-01-28 09:45:00+00:00,268.2300109863281,269.1099853515625,268.1000061035156,268.260009765625,2702607,ONGC
2026-01-29 03:45:00+00:00,272.1000061035156,275.6400146484375,269.04998779296875,270.0400085449219,0,ONGC
2026-01-29 04:45:00+00:00,271.3999938964844,273.9800109863281,270.8500061035156,272.1499938964844,5544025,ONGC
2026-01-29 05:45:00+00:00,274.2900085449219,274.3900146484375,271.3999938964844,271.4700012207031,5747103,ONGC
2026-01-29 06:45:00+00:00,273.989990234375,275.1499938964844,272.5899963378906,274.20001220703125,5125370,ONGC
2026-01-29 07:45:00+00:00,275.010009765625,275.1300048828125,273.6400146484375,273.9800109863281,4854290,ONGC
2026-01-29 08:45:00+00:00,275.4599914550781,277.7699890136719,274.739990234375,275.0,9597604,ONGC
2026-01-29 09:45:00+00:00,274.8500061035156,276.0,274.6000061035156,275.42999267578125,2328501,ONGC
2026-01-30 03:45:00+00:00,270.44000244140625,276.5,269.760009765625,273.8599853515625,7876944,ONGC
2026-01-30 04:45:00+00:00,269.9200134277344,271.4700012207031,268.6199951171875,270.3999938964844,3010515,ONGC
2026-01-30 05:45:00+00:00,269.82000732421875,271.70001220703125,269.2099914550781,269.9599914550781,1503359,ONGC
2026-01-30 06:45:00+00:00,268.1499938964844,270.92999267578125,268.1499938964844,269.8699951171875,1970167,ONGC
2026-01-30 07:45:00+00:00,269.6000061035156,275.3900146484375,268.010009765625,268.1499938964844,2246798,ONGC
2026-01-30 08:45:00+00:00,268.9599914550781,269.67999267578125,268.30999755859375,269.6499938964844,4741997,ONGC
2026-01-30 09:45:00+00:00,268.05999755859375,269.8800048828125,268.010009765625,268.9599914550781,3058437,ONGC
2026-02-03 03:45:00+00:00,251.25,262.0,249.39999389648438,262.0,6692317,ONGC
2026-02-03 04:45:00+00:00,251.39999389648438,252.9499969482422,250.0,251.25,2052613,ONGC
2026-02-03 05:45:00+00:00,255.4499969482422,255.89999389648438,251.35000610351562,251.39999389648438,2246095,ONGC
2026-02-03 06:45:00+00:00,254.5500030517578,255.60000610351562,253.64999389648438,255.4499969482422,1679003,ONGC
2026-02-03 07:45:00+00:00,256.3500061035156,256.54998779296875,254.5,254.6999969482422,1448516,ONGC
2026-02-03 08:45:00+00:00,256.79998779296875,257.5,255.6999969482422,256.25,3327630,ONGC
2026-02-03 09:45:00+00:00,256.3999938964844,258.1000061035156,256.3999938964844,256.79998779296875,1764034,ONGC
2026-02-04 03:45:00+00:00,267.8999938964844,268.29998779296875,258.25,258.25,0,ONGC
2026-02-04 04:45:00+00:00,268.3500061035156,269.1000061035156,267.6000061035156,268.04998779296875,3086135,ONGC
2026-02-04 05:45:00+00:00,266.8999938964844,268.95001220703125,266.29998779296875,268.3500061035156,2862739,ONGC
2026-02-04 06:45:00+00:00,267.8999938964844,268.1000061035156,266.75,266.8999938964844,1423686,ONGC
2026-02-04 07:45:00+00:00,268.6000061035156,268.8999938964844,267.0,267.8999938964844,1635315,ONGC
2026-02-04 08:45:00+00:00,267.1000061035156,269.95001220703125,266.8999938964844,268.8500061035156,4598011,ONGC
2026-02-04 09:45:00+00:00,266.0,267.20001220703125,265.8999938964844,267.1000061035156,3281306,ONGC
2026-02-05 03:45:00+00:00,268.8999938964844,270.3999938964844,266.45001220703125,267.79998779296875,0,ONGC
2026-02-05 04:45:00+00:00,268.6000061035156,269.1000061035156,268.0,268.95001220703125,1079253,ONGC
2026-02-05 05:45:00+00:00,268.54998779296875,269.6499938964844,267.6000061035156,268.6499938964844,1367136,ONGC
2026-02-05 06:45:00+00:00,268.04998779296875,268.54998779296875,267.0,268.54998779296875,1454432,ONGC
2026-02-05 07:45:00+00:00,267.79998779296875,269.3999938964844,267.3999938964844,268.25,2844770,ONGC
2026-02-05 08:45:00+00:00,269.29998779296875,269.8999938964844,267.6499938964844,267.79998779296875,3848142,ONGC
2026-02-05 09:45:00+00:00,268.6499938964844,269.5,268.6000061035156,269.5,965881,ONGC
2026-02-06 03:45:00+00:00,265.79998779296875,267.8500061035156,264.75,267.8500061035156,0,ONGC
2026-02-06 04:45:00+00:00,267.8999938964844,269.95001220703125,264.8500061035156,265.79998779296875,1965009,ONGC
2026-02-06 05:45:00+00:00,267.79998779296875,269.29998779296875,267.1000061035156,268.0,1196738,ONGC
2026-02-06 06:45:00+00:00,267.25,268.6499938964844,266.45001220703125,267.79998779296875,1055583,ONGC
2026-02-06 07:45:00+00:00,267.04998779296875,267.6000061035156,266.45001220703125,267.3999938964844,1086842,ONGC
2026-02-06 08:45:00+00:00,269.1000061035156,269.20001220703125,266.6000061035156,267.04998779296875,1954300,ONGC
2026-02-06 09:45:00+00:00,268.0,269.29998779296875,267.8500061035156,269.04998779296875,1001008,ONGC
2026-02-09 03:45:00+00:00,265.8999938964844,270.6000061035156,265.79998779296875,269.70001220703125,0,ONGC
2026-02-09 04:45:00+00:00,267.54998779296875,268.3999938964844,265.8500061035156,266.0,1206094,ONGC
2026-02-09 05:45:00+00:00,267.3999938964844,268.29998779296875,267.25,267.6000061035156,926661,ONGC
2026-02-09 06:45:00+00:00,268.79998779296875,269.1000061035156,267.04998779296875,267.3999938964844,1362198,ONGC
2026-02-09 07:45:00+00:00,266.3500061035156,269.0,266.20001220703125,268.79998779296875,1954937,ONGC
2026-02-09 08:45:00+00:00,266.3500061035156,266.8999938964844,265.79998779296875,266.3500061035156,2108648,ONGC
2026-02-09 09:45:00+00:00,266.70001220703125,267.0,266.20001220703125,266.3999938964844,1105178,ONGC
2026-02-10 03:45:00+00:00,269.8999938964844,271.20001220703125,267.04998779296875,267.04998779296875,0,ONGC
2026-02-10 04:45:00+00:00,269.70001220703125,270.45001220703125,268.79998779296875,269.95001220703125,997640,ONGC
2026-02-10 05:45:00+00:00,268.75,269.75,268.70001220703125,269.75,879763,ONGC
2026-02-10 06:45:00+00:00,269.95001220703125,270.1000061035156,268.70001220703125,268.75,891392,ONGC
2026-02-10 07:45:00+00:00,269.6000061035156,269.95001220703125,268.75,269.8999938964844,1010084,ONGC
2026-02-10 08:45:00+00:00,272.20001220703125,272.8999938964844,269.3999938964844,269.6499938964844,5075739,ONGC
2026-02-10 09:45:00+00:00,272.1499938964844,272.25,271.25,272.20001220703125,1298367,ONGC
2026-02-11 03:45:00+00:00,267.25,270.6499938964844,266.5,270.6499938964844,0,ONGC
2026-02-11 04:45:00+00:00,269.20001220703125,269.75,266.79998779296875,267.25,1824760,ONGC
2026-02-11 05:45:00+00:00,269.3500061035156,270.29998779296875,269.04998779296875,269.20001220703125,1162028,ONGC
2026-02-11 06:45:00+00:00,268.3999938964844,269.6499938964844,267.8500061035156,269.25,1416890,ONGC
2026-02-11 07:45:00+00:00,269.0,269.0,268.20001220703125,268.54998779296875,866673,ONGC
2026-02-11 08:45:00+00:00,274.8999938964844,275.1000061035156,268.95001220703125,268.95001220703125,8193721,ONGC
2026-02-11 09:45:00+00:00,274.6499938964844,274.8999938964844,273.95001220703125,274.8500061035156,1750972,ONGC
2026-02-12 03:45:00+00:00,277.6499938964844,280.25,275.20001220703125,276.1000061035156,0,ONGC
2026-02-12 04:45:00+00:00,277.79998779296875,278.8500061035156,276.5,277.5,2784901,ONGC
2026-02-12 05:45:00+00:00,275.3500061035156,278.1499938964844,275.0,277.8500061035156,2704122,ONGC
2026-02-12 06:45:00+00:00,275.29998779296875,276.6499938964844,275.1499938964844,275.3500061035156,2149181,ONGC
2026-02-12 07:45:00+00:00,275.29998779296875,276.04998779296875,275.0,275.3500061035156,1594880,ONGC
2026-02-12 08:45:00+00:00,276.3999938964844,276.3999938964844,273.70001220703125,275.29998779296875,2888908,ONGC
2026-02-12 09:45:00+00:00,276.0,277.1499938964844,276.0,276.3999938964844,1449713,ONGC
2026-02-13 03:45:00+00:00,267.0,271.1000061035156,266.54998779296875,269.5,0,ONGC
2026-02-13 04:45:00+00:00,268.6000061035156,269.45001220703125,266.04998779296875,266.8500061035156,1911797,ONGC
2026-02-13 05:45:00+00:00,268.5,268.8999938964844,267.1499938964844,268.54998779296875,1523414,ONGC
2026-02-13 06:45:00+00:00,269.29998779296875,269.3999938964844,267.6499938964844,268.45001220703125,1915944,ONGC
2026-02-13 07:45:00+00:00,267.79998779296875,269.3500061035156,267.04998779296875,269.29998779296875,2939344,ONGC
2026-02-13 08:45:00+00:00,267.20001220703125,268.20001220703125,266.79998779296875,267.8500061035156,3556806,ONGC
2026-02-13 09:45:00+00:00,267.5,267.8500061035156,267.1000061035156,267.20001220703125,2148628,ONGC
2026-02-16 03:45:00+00:00,271.04998779296875,272.1000061035156,266.20001220703125,267.75,0,ONGC
2026-02-16 04:45:00+00:00,270.8999938964844,271.8500061035156,270.20001220703125,271.04998779296875,1363408,ONGC
2026-02-16 05:45:00+00:00,270.3999938964844,271.54998779296875,270.25,270.95001220703125,938534,ONGC
2026-02-16 06:45:00+00:00,271.04998779296875,271.45001220703125,270.3999938964844,270.3999938964844,1781127,ONGC
2026-02-16 07:45:00+00:00,271.25,271.8500061035156,271.0,271.20001220703125,2054941,ONGC
2026-02-16 08:45:00+00:00,271.6000061035156,272.1499938964844,270.95001220703125,271.25,1941820,ONGC
2026-02-16 09:45:00+00:00,271.79998779296875,271.79998779296875,271.29998779296875,271.54998779296875,1204404,ONGC
2026-02-17 03:45:00+00:00,270.0,272.1000061035156,269.1499938964844,270.5,0,ONGC
2026-02-17 04:45:00+00:00,269.1499938964844,270.79998779296875,268.3500061035156,270.0,2566000,ONGC
2026-02-17 05:45:00+00:00,269.5,269.6000061035156,268.6000061035156,269.1499938964844,1164152,ONGC
2026-02-17 06:45:00+00:00,271.5,272.25,269.5,269.5,8311750,ONGC
2026-02-17 07:45:00+00:00,270.29998779296875,271.75,270.29998779296875,271.45001220703125,1324420,ONGC
2026-02-17 08:45:00+00:00,272.20001220703125,272.25,270.29998779296875,270.29998779296875,2627096,ONGC
2026-02-17 09:45:00+00:00,271.8500061035156,272.20001220703125,271.6000061035156,272.0,2011083,ONGC
2026-02-18 03:45:00+00:00,264.20001220703125,265.8500061035156,263.20001220703125,265.0,0,ONGC
2026-02-18 04:45:00+00:00,263.95001220703125,264.70001220703125,263.29998779296875,264.1499938964844,1148640,ONGC
2026-02-18 05:45:00+00:00,263.29998779296875,264.0,263.04998779296875,264.0,1393677,ONGC
2026-02-18 06:45:00+00:00,264.25,264.3999938964844,263.25,263.29998779296875,1067909,ONGC
2026-02-18 07:45:00+00:00,265.0,265.1499938964844,263.75,264.1499938964844,2055772,ONGC
2026-02-18 08:45:00+00:00,264.54998779296875,265.3500061035156,264.1000061035156,264.8999938964844,1448440,ONGC
2026-02-18 09:45:00+00:00,264.79998779296875,264.79998779296875,264.3999938964844,264.5,898503,ONGC
2026-02-19 03:45:00+00:00,268.1000061035156,271.79998779296875,268.0,269.70001220703125,0,ONGC
2026-02-19 04:45:00+00:00,270.29998779296875,270.54998779296875,267.8500061035156,268.1499938964844,3875002,ONGC
2026-02-19 05:45:00+00:00,270.04998779296875,270.95001220703125,270.0,270.3500061035156,2818795,ONGC
2026-02-19 06:45:00+00:00,272.75,272.79998779296875,270.0,270.1499938964844,4040050,ONGC
2026-02-19 07:45:00+00:00,275.3500061035156,275.95001220703125,272.5,272.70001220703125,7666053,ONGC
2026-02-19 08:45:00+00:00,274.8500061035156,276.45001220703125,273.79998779296875,275.45001220703125,8637625,ONGC
2026-02-19 09:45:00+00:00,274.5,275.20001220703125,273.6000061035156,274.6499938964844,3640494,ONGC
2026-02-20 03:45:00+00:00,278.1499938964844,280.75,276.79998779296875,277.20001220703125,0,ONGC
2026-02-20 04:45:00+00:00,278.1000061035156,278.79998779296875,277.0,278.1000061035156,2426369,ONGC
2026-02-20 05:45:00+00:00,278.1499938964844,279.29998779296875,277.75,278.04998779296875,1785815,ONGC
2026-02-20 06:45:00+00:00,275.1499938964844,278.29998779296875,274.3500061035156,278.1499938964844,2378996,ONGC
2026-02-20 07:45:00+00:00,276.25,276.95001220703125,275.0,275.1499938964844,2182963,ONGC
2026-02-20 08:45:00+00:00,279.0,279.1000061035156,275.3500061035156,276.25,5638881,ONGC
2026-02-20 09:45:00+00:00,278.29998779296875,279.1000061035156,278.0,279.0,3522650,ONGC
2026-02-23 03:45:00+00:00,273.79998779296875,279.45001220703125,272.3999938964844,279.45001220703125,0,ONGC
2026-02-23 04:45:00+00:00,273.70001220703125,274.20001220703125,272.25,273.79998779296875,1563866,ONGC
2026-02-23 05:45:00+00:00,272.75,274.0,272.5,273.70001220703125,823774,ONGC
2026-02-23 06:45:00+00:00,272.6499938964844,273.6000061035156,272.5,272.75,1074046,ONGC
2026-02-23 07:45:00+00:00,273.79998779296875,274.0,272.54998779296875,272.70001220703125,1363463,ONGC
2026-02-23 08:45:00+00:00,275.79998779296875,275.8500061035156,273.5,273.79998779296875,3250089,ONGC
2026-02-23 09:45:00+00:00,276.1000061035156,276.1499938964844,275.5,275.75,1144155,ONGC
2026-02-24 03:45:00+00:00,273.70001220703125,278.0,273.6000061035156,275.6000061035156,0,ONGC
2026-02-24 04:45:00+00:00,275.3500061035156,275.5,273.29998779296875,273.75,2103515,ONGC
2026-02-24 05:45:00+00:00,275.04998779296875,276.25,274.8500061035156,275.3500061035156,1172474,ONGC
2026-02-24 06:45:00+00:00,274.79998779296875,275.3999938964844,274.3999938964844,275.04998779296875,1177269,ONGC
2026-02-24 07:45:00+00:00,275.8500061035156,276.3500061035156,273.6000061035156,274.70001220703125,2789527,ONGC
2026-02-24 08:45:00+00:00,276.5,276.79998779296875,275.1000061035156,276.0,3576677,ONGC
2026-02-24 09:45:00+00:00,277.0,277.5,276.3500061035156,276.54998779296875,1815162,ONGC
2026-02-25 03:45:00+00:00,276.70001220703125,278.8999938964844,274.75,276.6499938964844,0,ONGC
2026-02-25 04:45:00+00:00,278.0,278.5,276.5,276.6000061035156,780890,ONGC
2026-02-25 05:45:00+00:00,276.75,278.04998779296875,276.5,278.0,475293,ONGC
2026-02-25 06:45:00+00:00,274.3999938964844,277.45001220703125,274.3999938964844,276.75,1155628,ONGC
2026-02-25 07:45:00+00:00,275.1499938964844,275.6000061035156,274.0,274.3999938964844,859249,ONGC
2026-02-25 08:45:00+00:00,277.6000061035156,277.70001220703125,275.1499938964844,275.25,1981984,ONGC
2026-02-25 09:45:00+00:00,277.45001220703125,277.75,276.8500061035156,277.6000061035156,918053,ONGC
2026-02-26 03:45:00+00:00,275.8500061035156,278.75,275.6499938964844,277.3500061035156,0,ONGC
2026-02-26 04:45:00+00:00,278.5,278.6000061035156,275.70001220703125,275.8500061035156,1361512,ONGC
2026-02-26 05:45:00+00:00,278.20001220703125,278.5,276.8999938964844,278.29998779296875,1225960,ONGC
2026-02-26 06:45:00+00:00,277.75,279.8999938964844,277.6499938964844,278.20001220703125,2192741,ONGC
2026-02-26 07:45:00+00:00,277.95001220703125,278.45001220703125,277.29998779296875,277.8500061035156,1375131,ONGC
2026-02-26 08:45:00+00:00,280.04998779296875,280.5,277.1000061035156,277.8999938964844,3310467,ONGC
2026-02-26 09:45:00+00:00,280.0,280.95001220703125,279.75,280.04998779296875,2099269,ONGC
2026-02-27 03:45:00+00:00,277.70001220703125,279.20001220703125,277.0,278.70001220703125,0,ONGC
2026-02-27 04:45:00+00:00,281.75,282.1499938964844,277.54998779296875,277.79998779296875,2076762,ONGC
2026-02-27 05:45:00+00:00,280.3500061035156,282.1000061035156,280.1000061035156,281.70001220703125,2692114,ONGC
2026-02-27 06:45:00+00:00,280.1499938964844,280.95001220703125,279.54998779296875,280.3500061035156,1976489,ONGC
2026-02-27 07:45:00+00:00,281.8999938964844,282.45001220703125,280.1000061035156,280.1499938964844,2398416,ONGC
2026-02-27 08:45:00+00:00,279.6499938964844,282.29998779296875,279.1499938964844,282.0,5694052,ONGC
2026-02-27 09:45:00+00:00,279.29998779296875,280.1000061035156,279.04998779296875,279.6000061035156,2472655,ONGC
2026-03-02 03:45:00+00:00,279.3999938964844,292.8999938964844,277.8500061035156,288.70001220703125,11008960,ONGC
2026-03-02 04:45:00+00:00,282.8999938964844,283.8999938964844,278.54998779296875,279.25,8158782,ONGC
2026-03-02 05:45:00+00:00,280.25,283.3999938964844,280.20001220703125,282.79998779296875,5281364,ONGC
2026-03-02 06:45:00+00:00,282.0,282.5,279.70001220703125,280.1499938964844,5217732,ONGC
2026-03-02 07:45:00+00:00,282.8500061035156,283.25,281.0,282.04998779296875,6481961,ONGC
2026-03-02 08:45:00+00:00,283.1499938964844,283.6499938964844,281.3500061035156,282.8500061035156,7256963,ONGC
2026-03-02 09:45:00+00:00,282.20001220703125,283.20001220703125,281.0,283.1499938964844,3875930,ONGC
2026-03-04 03:45:00+00:00,282.3500061035156,288.1499938964844,280.25,286.5,0,ONGC
2026-03-04 04:45:00+00:00,282.29998779296875,283.8500061035156,280.8500061035156,282.3500061035156,5675547,ONGC
2026-03-04 05:45:00+00:00,280.29998779296875,282.20001220703125,279.5,282.1000061035156,5363671,ONGC
2026-03-04 06:45:00+00:00,280.45001220703125,280.54998779296875,277.04998779296875,280.29998779296875,5355576,ONGC
2026-03-04 07:45:00+00:00,278.95001220703125,280.54998779296875,277.1000061035156,280.5,4221225,ONGC
2026-03-04 08:45:00+00:00,277.20001220703125,279.20001220703125,277.1000061035156,279.1000061035156,7332121,ONGC
2026-03-04 09:45:00+00:00,275.70001220703125,277.25,275.45001220703125,277.04998779296875,3741984,ONGC
2026-03-05 03:45:00+00:00,284.79998779296875,287.6499938964844,277.1000061035156,277.1000061035156,0,ONGC
2026-03-05 04:45:00+00:00,284.6000061035156,287.1000061035156,284.04998779296875,284.79998779296875,6500084,ONGC
2026-03-05 05:45:00+00:00,286.3999938964844,286.5,284.3999938964844,284.54998779296875,2106041,ONGC
2026-03-05 06:45:00+00:00,283.04998779296875,286.5,282.5,286.3999938964844,3871633,ONGC
2026-03-05 07:45:00+00:00,281.20001220703125,283.5,281.04998779296875,283.1000061035156,2492928,ONGC
2026-03-05 08:45:00+00:00,276.6499938964844,281.54998779296875,275.3500061035156,281.04998779296875,9199969,ONGC
2026-03-05 09:45:00+00:00,276.3500061035156,277.5,275.79998779296875,276.6499938964844,3837147,ONGC
2026-03-06 03:45:00+00:00,273.79998779296875,279.25,272.3999938964844,278.6499938964844,0,ONGC
2026-03-06 04:45:00+00:00,273.25,274.20001220703125,271.3999938964844,273.8500061035156,3917380,ONGC
2026-03-06 05:45:00+00:00,277.79998779296875,277.8999938964844,272.79998779296875,273.20001220703125,4901882,ONGC
2026-03-06 06:45:00+00:00,279.6000061035156,280.1499938964844,277.3999938964844,277.79998779296875,5281393,ONGC
2026-03-06 07:45:00+00:00,279.3999938964844,280.95001220703125,279.1499938964844,279.79998779296875,3294576,ONGC
2026-03-06 08:45:00+00:00,278.95001220703125,280.20001220703125,277.54998779296875,279.3999938964844,4912377,ONGC
2026-03-06 09:45:00+00:00,279.8999938964844,279.8999938964844,278.5,279.0,1820807,ONGC
2026-03-09 03:45:00+00:00,277.29998779296875,288.5,275.1000061035156,288.5,0,ONGC
2026-03-09 04:45:00+00:00,269.79998779296875,277.95001220703125,269.25,277.29998779296875,9281335,ONGC
2026-03-09 05:45:00+00:00,270.29998779296875,272.3500061035156,268.79998779296875,269.8500061035156,4329805,ONGC
2026-03-09 06:45:00+00:00,270.6000061035156,271.25,269.8999938964844,270.29998779296875,2563813,ONGC
2026-03-09 07:45:00+00:00,270.1499938964844,271.8500061035156,270.0,270.6000061035156,3476003,ONGC
2026-03-09 08:45:00+00:00,271.0,272.1499938964844,270.0,270.1499938964844,5553592,ONGC
2026-03-09 09:45:00+00:00,270.79998779296875,272.04998779296875,267.70001220703125,271.04998779296875,6742699,ONGC
2026-03-10 03:45:00+00:00,269.29998779296875,269.29998779296875,265.6000061035156,268.0,0,ONGC
2026-03-10 04:45:00+00:00,269.70001220703125,270.70001220703125,268.8500061035156,269.04998779296875,2154128,ONGC
2026-03-10 05:45:00+00:00,268.29998779296875,270.5,268.29998779296875,269.75,1538815,ONGC
2026-03-10 06:45:00+00:00,270.04998779296875,270.6000061035156,268.1000061035156,268.20001220703125,2552923,ONGC
2026-03-10 07:45:00+00:00,269.95001220703125,270.5,269.1499938964844,270.0,1471283,ONGC
2026-03-10 08:45:00+00:00,269.04998779296875,270.3999938964844,268.1499938964844,270.0,2980084,ONGC
2026-03-10 09:45:00+00:00,270.20001220703125,270.5,269.0,269.04998779296875,1593888,ONGC
2026-03-11 03:45:00+00:00,269.04998779296875,270.6000061035156,268.5,269.0,0,ONGC
2026-03-11 04:45:00+00:00,269.0,269.1000061035156,268.1000061035156,269.0,789819,ONGC
2026-03-11 05:45:00+00:00,272.0,272.29998779296875,268.6000061035156,269.04998779296875,2960541,ONGC
2026-03-11 06:45:00+00:00,271.54998779296875,272.3999938964844,271.1000061035156,272.0,2532623,ONGC
2026-03-11 07:45:00+00:00,271.04998779296875,272.1000061035156,271.0,271.5,2571522,ONGC
2026-03-11 08:45:00+00:00,270.6000061035156,271.70001220703125,270.3999938964844,271.20001220703125,3525344,ONGC
2026-03-11 09:45:00+00:00,270.75,271.29998779296875,270.25,270.6000061035156,1622261,ONGC
2026-03-12 03:45:00+00:00,271.0,272.25,269.79998779296875,271.6000061035156,0,ONGC
2026-03-12 04:45:00+00:00,272.6000061035156,272.70001220703125,270.95001220703125,271.04998779296875,3693298,ONGC
2026-03-12 05:45:00+00:00,269.54998779296875,272.75,268.3999938964844,272.54998779296875,2476710,ONGC
2026-03-12 06:45:00+00:00,270.0,270.25,267.79998779296875,269.54998779296875,2053039,ONGC
2026-03-12 07:45:00+00:00,269.54998779296875,270.75,269.04998779296875,269.8999938964844,1845062,ONGC
2026-03-12 08:45:00+00:00,270.70001220703125,270.79998779296875,269.1000061035156,269.6499938964844,2827074,ONGC
2026-03-12 09:45:00+00:00,270.6000061035156,270.8999938964844,270.0,270.75,1111205,ONGC
2026-03-13 03:45:00+00:00,266.6000061035156,271.04998779296875,266.3999938964844,270.54998779296875,0,ONGC
2026-03-13 04:45:00+00:00,267.0,268.20001220703125,266.45001220703125,266.6000061035156,1413101,ONGC
2026-03-13 05:45:00+00:00,266.5,268.6000061035156,265.79998779296875,267.0,1437968,ONGC
2026-03-13 06:45:00+00:00,264.1499938964844,266.6000061035156,264.1000061035156,266.5,2649995,ONGC
2026-03-13 07:45:00+00:00,264.79998779296875,265.8500061035156,264.20001220703125,264.25,3250345,ONGC
2026-03-13 08:45:00+00:00,264.25,266.1000061035156,263.54998779296875,264.8500061035156,5611098,ONGC
2026-03-13 09:45:00+00:00,264.20001220703125,264.3999938964844,263.70001220703125,264.3500061035156,1842143,ONGC
2026-03-16 03:45:00+00:00,264.8999938964844,265.8500061035156,259.5,264.5,0,ONGC
2026-03-16 04:45:00+00:00,262.29998779296875,264.8500061035156,259.79998779296875,264.8500061035156,2703909,ONGC
2026-03-16 05:45:00+00:00,261.04998779296875,263.79998779296875,260.95001220703125,262.20001220703125,1386600,ONGC
2026-03-16 06:45:00+00:00,258.79998779296875,261.04998779296875,258.3999938964844,261.04998779296875,3720910,ONGC
2026-03-16 07:45:00+00:00,260.1000061035156,260.95001220703125,258.54998779296875,258.6499938964844,3290586,ONGC
2026-03-16 08:45:00+00:00,260.3500061035156,261.8999938964844,259.8500061035156,260.1000061035156,5028624,ONGC
2026-03-16 09:45:00+00:00,260.1499938964844,260.3999938964844,259.6499938964844,260.29998779296875,1470863,ONGC
2026-03-17 03:45:00+00:00,260.79998779296875,261.79998779296875,259.6499938964844,260.95001220703125,0,ONGC
2026-03-17 04:45:00+00:00,261.70001220703125,263.29998779296875,260.79998779296875,260.79998779296875,2679227,ONGC
2026-03-17 05:45:00+00:00,262.5,262.6000061035156,260.25,261.70001220703125,2592101,ONGC
2026-03-17 06:45:00+00:00,261.70001220703125,262.79998779296875,261.5,262.3500061035156,1282125,ONGC
2026-03-17 07:45:00+00:00,262.04998779296875,262.3500061035156,261.29998779296875,261.6499938964844,1688033,ONGC
2026-03-17 08:45:00+00:00,264.75,265.1000061035156,261.75,262.04998779296875,3209221,ONGC
2026-03-17 09:45:00+00:00,265.1000061035156,265.3999938964844,264.6499938964844,264.75,787098,ONGC
2026-03-18 03:45:00+00:00,263.79998779296875,266.3999938964844,263.6499938964844,265.1000061035156,0,ONGC
2026-03-18 04:45:00+00:00,264.3500061035156,264.70001220703125,263.29998779296875,263.8999938964844,769637,ONGC
2026-03-18 05:45:00+00:00,263.5,264.45001220703125,263.1000061035156,264.45001220703125,789336,ONGC
2026-03-18 06:45:00+00:00,263.79998779296875,264.04998779296875,263.0,263.54998779296875,742802,ONGC
2026-03-18 07:45:00+00:00,265.6499938964844,265.70001220703125,263.70001220703125,263.79998779296875,1220787,ONGC
2026-03-18 08:45:00+00:00,265.0,266.6000061035156,264.8999938964844,265.6000061035156,2328837,ONGC
2026-03-18 09:45:00+00:00,265.0,265.1499938964844,264.5,265.1499938964844,945566,ONGC
2026-03-19 03:45:00+00:00,265.3500061035156,268.8500061035156,263.3999938964844,264.29998779296875,0,ONGC
2026-03-19 04:45:00+00:00,269.5,271.29998779296875,264.95001220703125,265.20001220703125,7695496,ONGC
2026-03-19 05:45:00+00:00,269.25,270.6000061035156,268.54998779296875,269.3999938964844,3346760,ONGC
2026-03-19 06:45:00+00:00,267.75,269.3500061035156,267.54998779296875,269.20001220703125,2268746,ONGC
2026-03-19 07:45:00+00:00,267.3500061035156,269.0,267.20001220703125,267.6000061035156,1560711,ONGC
2026-03-19 08:45:00+00:00,269.29998779296875,269.75,267.1499938964844,267.3500061035156,6143896,ONGC
2026-03-19 09:45:00+00:00,269.0,269.3999938964844,269.0,269.3999938964844,1863179,ONGC
2026-03-20 03:45:00+00:00,271.45001220703125,273.0,266.6000061035156,268.95001220703125,0,ONGC
2026-03-20 04:45:00+00:00,270.04998779296875,271.5,269.6000061035156,271.3999938964844,1567992,ONGC
2026-03-20 05:45:00+00:00,269.04998779296875,270.8999938964844,268.25,270.04998779296875,1489617,ONGC
2026-03-20 06:45:00+00:00,268.54998779296875,269.20001220703125,268.25,269.04998779296875,1011722,ONGC
2026-03-20 07:45:00+00:00,266.45001220703125,269.1000061035156,265.79998779296875,268.6499938964844,2285855,ONGC
2026-03-20 08:45:00+00:00,265.45001220703125,266.45001220703125,264.0,266.45001220703125,5895714,ONGC
2026-03-20 09:45:00+00:00,265.6499938964844,266.25,265.25,265.5,2386989,ONGC
2026-03-23 03:45:00+00:00,267.95001220703125,269.70001220703125,264.1000061035156,266.70001220703125,0,ONGC
2026-03-23 04:45:00+00:00,266.8999938964844,268.5,265.79998779296875,268.0,3691195,ONGC
2026-03-23 05:45:00+00:00,267.04998779296875,267.95001220703125,266.29998779296875,266.8500061035156,1675253,ONGC
2026-03-23 06:45:00+00:00,266.1000061035156,267.20001220703125,265.25,267.04998779296875,2216287,ONGC
2026-03-23 07:45:00+00:00,266.1499938964844,267.45001220703125,265.0,266.1499938964844,3078154,ONGC
2026-03-23 08:45:00+00:00,266.0,266.95001220703125,265.20001220703125,266.1499938964844,3492627,ONGC
2026-03-23 09:45:00+00:00,265.45001220703125,265.8999938964844,264.29998779296875,265.8999938964844,1666877,ONGC
2026-03-24 03:45:00+00:00,270.1000061035156,271.8500061035156,266.8999938964844,268.0,0,ONGC
2026-03-24 04:45:00+00:00,271.20001220703125,271.8999938964844,269.5,270.20001220703125,2829165,ONGC
2026-03-24 05:45:00+00:00,270.70001220703125,273.1000061035156,270.70001220703125,271.29998779296875,2912386,ONGC
2026-03-24 06:45:00+00:00,270.25,272.6000061035156,269.70001220703125,270.70001220703125,2139593,ONGC
2026-03-24 07:45:00+00:00,269.3999938964844,270.5,269.0,270.25,1529202,ONGC
2026-03-24 08:45:00+00:00,267.95001220703125,270.0,267.6000061035156,269.3500061035156,3931927,ONGC
2026-03-24 09:45:00+00:00,268.5,268.6000061035156,267.75,267.95001220703125,1074747,ONGC
2026-03-25 03:45:00+00:00,268.6499938964844,268.95001220703125,266.5,267.8500061035156,0,ONGC
2026-03-25 04:45:00+00:00,270.54998779296875,271.20001220703125,268.5,268.75,2189410,ONGC
2026-03-25 05:45:00+00:00,270.70001220703125,270.8500061035156,269.6000061035156,270.45001220703125,1811045,ONGC
2026-03-25 06:45:00+00:00,270.6499938964844,270.79998779296875,269.8999938964844,270.75,1475258,ONGC
2026-03-25 07:45:00+00:00,270.75,271.45001220703125,270.25,270.6000061035156,1821831,ONGC
2026-03-25 08:45:00+00:00,270.1499938964844,271.0,269.6499938964844,270.70001220703125,2240282,ONGC
2026-03-25 09:45:00+00:00,270.20001220703125,270.79998779296875,269.70001220703125,270.1000061035156,866324,ONGC
2026-03-27 03:45:00+00:00,276.8999938964844,277.1000061035156,270.5,270.5,0,ONGC
2026-03-27 04:45:00+00:00,277.54998779296875,277.6499938964844,275.75,276.75,5171568,ONGC
2026-03-27 05:45:00+00:00,280.20001220703125,280.20001220703125,277.6000061035156,277.6000061035156,5984053,ONGC
2026-03-27 06:45:00+00:00,282.79998779296875,283.1499938964844,279.29998779296875,280.20001220703125,10050986,ONGC
2026-03-27 07:45:00+00:00,284.29998779296875,285.0,282.6000061035156,282.79998779296875,10068227,ONGC
2026-03-27 08:45:00+00:00,282.25,284.29998779296875,282.04998779296875,284.29998779296875,12930175,ONGC
2026-03-27 09:45:00+00:00,281.95001220703125,282.5,280.8999938964844,282.20001220703125,5800177,ONGC
2026-03-30 03:45:00+00:00,286.45001220703125,287.8500061035156,282.3999938964844,282.54998779296875,0,ONGC
2026-03-30 04:45:00+00:00,284.3999938964844,286.5,284.25,286.3500061035156,6151981,ONGC
2026-03-30 05:45:00+00:00,288.25,288.3500061035156,284.29998779296875,284.45001220703125,6071430,ONGC
2026-03-30 06:45:00+00:00,285.6000061035156,288.29998779296875,285.04998779296875,288.25,3699340,ONGC
2026-03-30 07:45:00+00:00,284.8500061035156,285.79998779296875,284.6000061035156,285.5,2160499,ONGC
2026-03-30 08:45:00+00:00,285.20001220703125,285.45001220703125,283.95001220703125,284.8500061035156,6579104,ONGC
2026-03-30 09:45:00+00:00,284.6499938964844,285.25,283.1000061035156,285.1499938964844,2973751,ONGC
2026-04-01 03:45:00+00:00,290.8500061035156,293.0,283.0,288.3999938964844,0,ONGC
2026-04-01 04:45:00+00:00,289.3999938964844,291.45001220703125,287.0,290.95001220703125,3813479,ONGC
2026-04-01 05:45:00+00:00,289.54998779296875,290.75,288.8500061035156,289.3999938964844,2307268,ONGC
2026-04-01 06:45:00+00:00,287.6000061035156,289.6499938964844,287.3500061035156,289.6499938964844,1702049,ONGC
2026-04-01 07:45:00+00:00,286.8500061035156,287.8500061035156,285.25,287.5,2887458,ONGC
2026-04-01 08:45:00+00:00,288.70001220703125,288.8500061035156,286.70001220703125,286.79998779296875,3893557,ONGC
2026-04-01 09:45:00+00:00,286.3999938964844,289.0,286.3999938964844,288.6000061035156,2408564,ONGC
2026-04-02 03:45:00+00:00,285.5,288.70001220703125,283.54998779296875,288.6499938964844,0,ONGC
2026-04-02 04:45:00+00:00,285.45001220703125,285.79998779296875,284.29998779296875,285.25,1705608,ONGC
2026-04-02 05:45:00+00:00,285.3999938964844,286.5,285.0,285.3999938964844,1507491,ONGC
2026-04-02 06:45:00+00:00,285.5,286.0,284.5,285.3999938964844,1496559,ONGC
2026-04-02 07:45:00+00:00,287.45001220703125,287.95001220703125,285.3999938964844,285.5,2035735,ONGC
2026-04-02 08:45:00+00:00,287.6499938964844,288.0,286.0,287.45001220703125,4567709,ONGC
2026-04-02 09:45:00+00:00,286.5,287.75,286.1000061035156,287.6000061035156,1794679,ONGC
2026-04-06 03:45:00+00:00,285.29998779296875,288.04998779296875,284.3999938964844,287.29998779296875,0,ONGC
2026-04-06 04:45:00+00:00,281.1499938964844,285.54998779296875,280.54998779296875,285.45001220703125,2539157,ONGC
2026-04-06 05:45:00+00:00,281.8500061035156,283.0,281.0,281.1000061035156,2188423,ONGC
2026-04-06 06:45:00+00:00,283.20001220703125,283.29998779296875,281.0,281.79998779296875,2939681,ONGC
2026-04-06 07:45:00+00:00,281.8999938964844,284.0,281.6499938964844,283.20001220703125,3358281,ONGC
2026-04-06 08:45:00+00:00,282.1000061035156,282.8999938964844,280.8500061035156,281.95001220703125,6923025,ONGC
2026-04-06 09:45:00+00:00,281.8500061035156,282.1499938964844,280.8500061035156,282.1000061035156,2643554,ONGC
2026-04-07 03:45:00+00:00,284.54998779296875,286.75,280.1000061035156,282.3500061035156,0,ONGC
2026-04-07 04:45:00+00:00,285.6499938964844,285.70001220703125,283.75,284.6499938964844,2395788,ONGC
2026-04-07 05:45:00+00:00,284.3999938964844,286.3999938964844,283.79998779296875,285.5,3302281,ONGC
2026-04-07 06:45:00+00:00,285.54998779296875,285.70001220703125,283.3999938964844,284.3500061035156,2886483,ONGC
2026-04-07 07:45:00+00:00,286.3500061035156,286.95001220703125,285.1000061035156,285.54998779296875,2702070,ONGC
2026-04-07 08:45:00+00:00,286.45001220703125,287.5,285.6000061035156,286.3500061035156,4653613,ONGC
2026-04-07 09:45:00+00:00,286.5,286.95001220703125,285.95001220703125,286.5,2417215,ONGC
2026-04-08 03:45:00+00:00,277.8500061035156,281.6000061035156,274.75,279.20001220703125,0,ONGC
2026-04-08 04:45:00+00:00,279.5,279.75,276.79998779296875,277.45001220703125,5126574,ONGC
2026-04-08 05:45:00+00:00,282.45001220703125,282.6000061035156,279.45001220703125,279.5,3506439,ONGC
2026-04-08 06:45:00+00:00,286.0,286.04998779296875,281.1000061035156,282.45001220703125,4141882,ONGC
2026-04-08 07:45:00+00:00,285.6000061035156,287.75,285.04998779296875,286.1000061035156,4794918,ONGC
2026-04-08 08:45:00+00:00,285.54998779296875,286.45001220703125,284.45001220703125,285.5,3560471,ONGC
2026-04-08 09:45:00+00:00,285.5,286.1000061035156,284.8500061035156,285.6000061035156,1904510,ONGC
2026-04-09 03:45:00+00:00,288.20001220703125,288.8500061035156,284.95001220703125,284.95001220703125,0,ONGC
2026-04-09 04:45:00+00:00,287.29998779296875,289.25,287.1499938964844,288.0,1693067,ONGC
2026-04-09 05:45:00+00:00,288.04998779296875,288.25,286.6000061035156,287.29998779296875,1354622,ONGC
2026-04-09 06:45:00+00:00,289.20001220703125,289.6000061035156,288.04998779296875,288.04998779296875,1691826,ONGC
2026-04-09 07:45:00+00:00,288.70001220703125,289.29998779296875,288.3500061035156,289.25,1182259,ONGC
2026-04-09 08:45:00+00:00,288.1000061035156,289.79998779296875,288.04998779296875,288.70001220703125,2577570,ONGC
2026-04-09 09:45:00+00:00,288.6000061035156,289.29998779296875,288.0,288.20001220703125,1631431,ONGC
2026-04-10 03:45:00+00:00,289.04998779296875,291.70001220703125,288.79998779296875,288.8500061035156,0,ONGC
2026-04-10 04:45:00+00:00,288.29998779296875,289.20001220703125,287.20001220703125,289.1000061035156,1771506,ONGC
2026-04-10 05:45:00+00:00,289.54998779296875,289.6000061035156,288.1000061035156,288.1000061035156,1363644,ONGC
2026-04-10 06:45:00+00:00,288.3500061035156,289.75,288.25,289.54998779296875,1264972,ONGC
2026-04-10 07:45:00+00:00,285.8999938964844,288.45001220703125,285.6499938964844,288.45001220703125,1597340,ONGC
2026-04-10 08:45:00+00:00,286.8999938964844,287.0,285.04998779296875,285.95001220703125,2433264,ONGC
2026-04-10 09:45:00+00:00,286.5,287.0,286.0,286.79998779296875,1040747,ONGC
2026-04-13 03:45:00+00:00,283.1499938964844,290.1499938964844,281.04998779296875,288.20001220703125,0,ONGC
2026-04-13 04:45:00+00:00,284.45001220703125,286.3500061035156,283.04998779296875,283.20001220703125,3091697,ONGC
2026-04-13 05:45:00+00:00,285.20001220703125,285.70001220703125,284.20001220703125,284.45001220703125,1151540,ONGC
2026-04-13 06:45:00+00:00,285.95001220703125,286.5,285.0,285.25,1524495,ONGC
2026-04-13 07:45:00+00:00,286.70001220703125,287.79998779296875,285.5,285.8999938964844,1805595,ONGC
2026-04-13 08:45:00+00:00,287.79998779296875,288.0,286.29998779296875,286.6499938964844,4173992,ONGC
2026-04-13 09:45:00+00:00,287.3999938964844,287.79998779296875,287.0,287.79998779296875,1808133,ONGC
2026-04-15 03:45:00+00:00,286.8999938964844,288.1000061035156,283.3999938964844,284.45001220703125,0,ONGC
2026-04-15 04:45:00+00:00,287.3500061035156,288.0,286.6000061035156,286.8999938964844,1419327,ONGC
2026-04-15 05:45:00+00:00,288.70001220703125,289.29998779296875,287.04998779296875,287.25,1804005,ONGC
2026-04-15 06:45:00+00:00,289.0,289.20001220703125,287.75,288.6499938964844,1700934,ONGC
2026-04-15 07:45:00+00:00,287.1499938964844,289.79998779296875,287.04998779296875,289.0,2834935,ONGC
2026-04-15 08:45:00+00:00,287.5,288.0,286.5,287.1499938964844,2721985,ONGC
2026-04-15 09:45:00+00:00,287.5,288.04998779296875,287.0,287.3999938964844,1856561,ONGC
2026-04-16 03:45:00+00:00,286.1000061035156,287.45001220703125,285.75,287.3500061035156,0,ONGC
2026-04-16 04:45:00+00:00,283.8999938964844,286.5,283.8500061035156,286.0,3174125,ONGC
2026-04-16 05:45:00+00:00,283.1499938964844,284.25,282.95001220703125,283.8999938964844,2974487,ONGC
2026-04-16 06:45:00+00:00,283.3999938964844,283.70001220703125,283.04998779296875,283.1499938964844,851833,ONGC
2026-04-16 07:45:00+00:00,282.3999938964844,283.6499938964844,282.0,283.3999938964844,1502187,ONGC
2026-04-16 08:45:00+00:00,282.6499938964844,283.29998779296875,282.1000061035156,282.3999938964844,1809033,ONGC
2026-04-16 09:45:00+00:00,282.8500061035156,282.95001220703125,282.5,282.6499938964844,948211,ONGC
2026-04-17 03:45:00+00:00,283.1000061035156,285.0,282.29998779296875,283.04998779296875,0,ONGC
2026-04-17 04:45:00+00:00,283.25,283.8500061035156,282.79998779296875,283.1000061035156,1910329,ONGC
2026-04-17 05:45:00+00:00,284.45001220703125,284.70001220703125,283.25,283.3999938964844,3429549,ONGC
2026-04-17 06:45:00+00:00,284.5,284.75,283.8999938964844,284.45001220703125,1858354,ONGC
2026-04-17 07:45:00+00:00,284.75,285.3500061035156,284.3999938964844,284.5,1923484,ONGC
2026-04-17 08:45:00+00:00,283.8500061035156,285.5,283.6499938964844,284.75,2873889,ONGC
2026-04-17 09:45:00+00:00,284.04998779296875,284.79998779296875,283.45001220703125,283.95001220703125,2248686,ONGC
2026-04-20 03:45:00+00:00,282.95001220703125,284.70001220703125,282.70001220703125,284.04998779296875,0,ONGC
2026-04-20 08:45:00+00:00,283.3999938964844,284.04998779296875,283.3999938964844,284.04998779296875,8066006,ONGC
2026-04-20 09:45:00+00:00,282.5,283.45001220703125,282.5,283.3999938964844,1150684,ONGC
2026-04-21 03:45:00+00:00,284.29998779296875,284.8500061035156,282.6499938964844,283.1000061035156,0,ONGC
2026-04-21 04:45:00+00:00,283.6000061035156,284.3999938964844,283.3500061035156,284.3500061035156,841604,ONGC
2026-04-21 05:45:00+00:00,283.54998779296875,284.04998779296875,282.79998779296875,283.6000061035156,1334088,ONGC
2026-04-21 06:45:00+00:00,283.79998779296875,284.29998779296875,283.29998779296875,283.54998779296875,1261422,ONGC
2026-04-21 07:45:00+00:00,282.95001220703125,284.04998779296875,282.5,283.8500061035156,2191284,ONGC
2026-04-21 08:45:00+00:00,283.04998779296875,283.8500061035156,282.8999938964844,283.0,3630264,ONGC
2026-04-21 09:45:00+00:00,283.1000061035156,283.45001220703125,282.8500061035156,283.04998779296875,1914587,ONGC
2026-04-22 03:45:00+00:00,283.6000061035156,284.79998779296875,283.0,283.45001220703125,0,ONGC
2026-04-22 04:45:00+00:00,283.5,284.8999938964844,283.25,283.6000061035156,1110820,ONGC
2026-04-22 05:45:00+00:00,283.25,283.6000061035156,283.04998779296875,283.5,476491,ONGC
2026-04-22 06:45:00+00:00,283.3500061035156,283.3999938964844,282.6000061035156,283.20001220703125,504954,ONGC
2026-04-22 07:45:00+00:00,283.6000061035156,283.6000061035156,282.8999938964844,283.3500061035156,582856,ONGC
2026-04-22 08:45:00+00:00,283.70001220703125,283.95001220703125,283.3500061035156,283.6000061035156,957859,ONGC
2026-04-22 09:45:00+00:00,283.25,283.8999938964844,283.20001220703125,283.3999938964844,1335755,ONGC
2026-04-23 03:45:00+00:00,285.5,289.70001220703125,284.04998779296875,284.25,0,ONGC
2026-04-23 04:45:00+00:00,286.54998779296875,287.20001220703125,285.3999938964844,285.5,1131135,ONGC
2026-04-23 05:45:00+00:00,287.5,287.79998779296875,285.95001220703125,286.6000061035156,1431973,ONGC
2026-04-23 06:45:00+00:00,286.6499938964844,287.5,286.5,287.3999938964844,797819,ONGC
2026-04-23 07:45:00+00:00,285.3500061035156,286.8999938964844,285.1499938964844,286.75,1166346,ONGC
2026-04-23 08:45:00+00:00,286.29998779296875,286.79998779296875,285.1000061035156,285.29998779296875,2780562,ONGC
2026-04-23 09:45:00+00:00,286.20001220703125,286.45001220703125,286.0,286.25,1423048,ONGC
2026-04-24 03:45:00+00:00,286.45001220703125,288.3999938964844,286.29998779296875,288.25,0,ONGC
2026-04-24 04:45:00+00:00,286.8500061035156,287.0,285.6000061035156,286.45001220703125,2287484,ONGC
2026-04-24 05:45:00+00:00,286.0,287.1499938964844,285.20001220703125,286.79998779296875,1093085,ONGC
2026-04-24 06:45:00+00:00,285.6499938964844,286.0,284.6499938964844,286.0,921913,ONGC
2026-04-24 07:45:00+00:00,284.70001220703125,285.75,283.95001220703125,285.6000061035156,1724605,ONGC
2026-04-24 08:45:00+00:00,284.54998779296875,285.8500061035156,284.3999938964844,284.70001220703125,1279302,ONGC
2026-04-24 09:45:00+00:00,284.70001220703125,285.0,284.3500061035156,284.3500061035156,791215,ONGC
2026-04-27 03:45:00+00:00,285.20001220703125,286.70001220703125,284.25,286.0,0,ONGC
2026-04-27 04:45:00+00:00,285.45001220703125,285.45001220703125,284.6000061035156,285.20001220703125,825724,ONGC
2026-04-27 05:45:00+00:00,285.1000061035156,285.6499938964844,284.6499938964844,285.3999938964844,685003,ONGC
2026-04-27 06:45:00+00:00,285.6000061035156,285.6000061035156,284.8999938964844,285.1000061035156,847841,ONGC
2026-04-27 07:45:00+00:00,285.6499938964844,286.1000061035156,285.3500061035156,285.6000061035156,1068170,ONGC
2026-04-27 08:45:00+00:00,285.95001220703125,286.20001220703125,285.20001220703125,285.54998779296875,946040,ONGC
2026-04-27 09:45:00+00:00,285.1000061035156,286.0,285.1000061035156,285.8500061035156,546717,ONGC
2026-04-28 03:45:00+00:00,293.95001220703125,294.25,286.20001220703125,286.5,3770027,ONGC
2026-04-28 04:45:00+00:00,295.70001220703125,295.8500061035156,292.8999938964844,293.95001220703125,5222323,ONGC
2026-04-28 05:45:00+00:00,296.5,296.54998779296875,294.79998779296875,295.75,5435440,ONGC
2026-04-28 06:45:00+00:00,297.20001220703125,297.8500061035156,296.3999938964844,296.5,5503877,ONGC
2026-04-28 07:45:00+00:00,297.95001220703125,298.6000061035156,297.0,297.20001220703125,5957769,ONGC
2026-04-28 08:45:00+00:00,301.3500061035156,301.45001220703125,297.95001220703125,298.0,12274591,ONGC
2026-04-28 09:45:00+00:00,302.04998779296875,302.29998779296875,301.1499938964844,301.3999938964844,6900070,ONGC
2026-04-29 03:45:00+00:00,303.1499938964844,306.29998779296875,299.75,303.79998779296875,0,ONGC
2026-04-29 04:45:00+00:00,304.79998779296875,307.45001220703125,302.70001220703125,303.1499938964844,6594979,ONGC
2026-04-29 05:45:00+00:00,304.45001220703125,305.0,304.0,305.0,2850888,ONGC
2026-04-29 06:45:00+00:00,305.04998779296875,305.6000061035156,304.1000061035156,304.5,2281216,ONGC
2026-04-29 07:45:00+00:00,303.45001220703125,305.3500061035156,303.3999938964844,305.04998779296875,3519118,ONGC
2026-04-29 08:45:00+00:00,300.6499938964844,303.6000061035156,300.6000061035156,303.45001220703125,1715553,ONGC
2026-04-29 09:45:00+00:00,301.3999938964844,302.0,300.6000061035156,300.6499938964844,1160072,ONGC
2026-04-30 03:45:00+00:00,301.0,307.45001220703125,300.79998779296875,304.70001220703125,0,ONGC
2026-04-30 04:45:00+00:00,301.6000061035156,302.8500061035156,300.54998779296875,301.1000061035156,1422895,ONGC
2026-04-30 05:45:00+00:00,300.0,301.95001220703125,299.1499938964844,301.6000061035156,1856649,ONGC
2026-04-30 06:45:00+00:00,299.25,300.6499938964844,299.0,300.0,3242740,ONGC
2026-04-30 07:45:00+00:00,297.45001220703125,299.3999938964844,297.25,299.25,1148393,ONGC
2026-04-30 08:45:00+00:00,300.1000061035156,300.29998779296875,296.8999938964844,297.5,3119766,ONGC
2026-04-30 09:45:00+00:00,299.0,300.1000061035156,298.6000061035156,300.0,1628843,ONGC
2026-05-04 03:45:00+00:00,293.5,299.8999938964844,293.04998779296875,298.45001220703125,0,ONGC
2026-05-04 04:45:00+00:00,293.3999938964844,294.79998779296875,293.1000061035156,293.6000061035156,2180611,ONGC
2026-05-04 05:45:00+00:00,294.1499938964844,294.45001220703125,292.70001220703125,293.45001220703125,2551646,ONGC
2026-05-04 06:45:00+00:00,293.5,294.75,293.29998779296875,294.1499938964844,1924234,ONGC
2026-05-04 07:45:00+00:00,293.20001220703125,293.8999938964844,292.6000061035156,293.54998779296875,1723667,ONGC
2026-05-04 08:45:00+00:00,292.8999938964844,294.1499938964844,292.75,293.1000061035156,2530557,ONGC
2026-05-04 09:45:00+00:00,292.8999938964844,293.25,292.3999938964844,292.79998779296875,1491934,ONGC
2026-05-05 03:45:00+00:00,290.20001220703125,295.79998779296875,289.70001220703125,294.8999938964844,0,ONGC
2026-05-05 04:45:00+00:00,288.75,290.3500061035156,287.20001220703125,290.20001220703125,1744021,ONGC
2026-05-05 05:45:00+00:00,288.8500061035156,289.6000061035156,287.75,288.75,991625,ONGC
2026-05-05 06:45:00+00:00,289.29998779296875,289.6000061035156,288.25,288.79998779296875,819144,ONGC
2026-05-05 07:45:00+00:00,289.95001220703125,290.5,289.0,289.29998779296875,1536514,ONGC
2026-05-05 08:45:00+00:00,289.8999938964844,290.25,289.04998779296875,289.95001220703125,1592631,ONGC
2026-05-05 09:45:00+00:00,290.3500061035156,290.5,289.8999938964844,289.8999938964844,1192450,ONGC
2026-05-06 03:45:00+00:00,288.6499938964844,289.75,287.3500061035156,289.75,0,ONGC
2026-05-06 04:45:00+00:00,285.6000061035156,289.45001220703125,285.6000061035156,288.5,2869214,ONGC
2026-05-06 05:45:00+00:00,285.25,285.95001220703125,284.8500061035156,285.6000061035156,3516351,ONGC
2026-05-06 06:45:00+00:00,283.75,285.3500061035156,283.3500061035156,285.25,1432503,ONGC
2026-05-06 07:45:00+00:00,284.25,284.45001220703125,283.0,283.79998779296875,2302225,ONGC
2026-05-06 08:45:00+00:00,280.95001220703125,285.0,280.6499938964844,284.3500061035156,7226702,ONGC
2026-05-06 09:45:00+00:00,280.8999938964844,281.0,280.0,280.79998779296875,3381658,ONGC
2026-05-07 03:45:00+00:00,281.5,282.70001220703125,279.8500061035156,282.1000061035156,0,ONGC
2026-05-07 04:45:00+00:00,284.5,285.1499938964844,281.79998779296875,281.79998779296875,3171331,ONGC
2026-05-07 05:45:00+00:00,285.0,285.1499938964844,280.79998779296875,284.5,2277327,ONGC
2026-05-07 06:45:00+00:00,282.25,285.1000061035156,281.8500061035156,285.0,2579658,ONGC
2026-05-07 07:45:00+00:00,283.1499938964844,283.29998779296875,282.1499938964844,282.25,1494911,ONGC
2026-05-07 08:45:00+00:00,283.8999938964844,284.1000061035156,282.3999938964844,283.04998779296875,2078186,ONGC
2026-05-07 09:45:00+00:00,283.8999938964844,284.25,283.6000061035156,283.8999938964844,1365312,ONGC
2026-05-08 03:45:00+00:00,282.1499938964844,283.8500061035156,280.20001220703125,282.6499938964844,0,ONGC
2026-05-08 04:45:00+00:00,281.8500061035156,282.20001220703125,280.70001220703125,282.20001220703125,1049340,ONGC
2026-05-08 05:45:00+00:00,279.79998779296875,281.8500061035156,279.79998779296875,281.8500061035156,1459085,ONGC
2026-05-08 06:45:00+00:00,278.95001220703125,280.0,278.8500061035156,279.8500061035156,2086052,ONGC
2026-05-08 07:45:00+00:00,278.95001220703125,279.54998779296875,278.79998779296875,279.1499938964844,632335,ONGC
2026-05-08 08:45:00+00:00,279.25,280.0,278.6000061035156,279.0,1291781,ONGC
2026-05-08 09:45:00+00:00,279.20001220703125,279.45001220703125,278.95001220703125,279.25,789263,ONGC
2026-05-11 03:45:00+00:00,280.1499938964844,281.70001220703125,277.79998779296875,280.79998779296875,0,ONGC
2026-05-11 04:45:00+00:00,280.0,280.6499938964844,279.3500061035156,280.0,800353,ONGC
2026-05-11 05:45:00+00:00,279.70001220703125,280.1499938964844,279.1000061035156,280.1000061035156,420436,ONGC
2026-05-11 06:45:00+00:00,280.0,280.70001220703125,279.1000061035156,279.70001220703125,457353,ONGC
2026-05-11 07:45:00+00:00,280.3999938964844,280.54998779296875,279.45001220703125,280.0,453286,ONGC
2026-05-11 08:45:00+00:00,281.1499938964844,281.6000061035156,280.1000061035156,280.3999938964844,1419015,ONGC
2026-05-11 09:45:00+00:00,280.5,281.6000061035156,280.20001220703125,281.1000061035156,807215,ONGC
2026-05-12 03:45:00+00:00,297.54998779296875,299.0,288.20001220703125,288.20001220703125,13677202,ONGC
2026-05-12 04:45:00+00:00,299.5,299.79998779296875,296.54998779296875,297.6000061035156,9112500,ONGC
2026-05-12 05:45:00+00:00,297.0,299.75,296.1000061035156,299.6000061035156,6319700,ONGC
2026-05-12 06:45:00+00:00,295.25,297.29998779296875,294.8500061035156,297.04998779296875,4257450,ONGC
2026-05-12 07:45:00+00:00,296.79998779296875,297.79998779296875,295.0,295.3999938964844,3756778,ONGC
2026-05-12 08:45:00+00:00,294.29998779296875,296.8999938964844,294.1499938964844,296.6499938964844,5300501,ONGC
2026-05-12 09:45:00+00:00,294.1499938964844,294.6499938964844,293.6499938964844,294.45001220703125,2705338,ONGC
2026-05-13 03:45:00+00:00,297.8999938964844,298.20001220703125,294.1499938964844,296.70001220703125,0,ONGC
2026-05-13 04:45:00+00:00,297.8999938964844,299.25,297.54998779296875,297.70001220703125,4526402,ONGC
2026-05-13 05:45:00+00:00,296.45001220703125,298.0,295.79998779296875,297.8500061035156,3113652,ONGC
2026-05-13 06:45:00+00:00,295.45001220703125,296.54998779296875,294.20001220703125,296.54998779296875,1833021,ONGC
2026-05-13 07:45:00+00:00,297.79998779296875,298.45001220703125,295.25,295.45001220703125,4162468,ONGC
2026-05-13 08:45:00+00:00,297.20001220703125,298.3999938964844,296.79998779296875,297.79998779296875,3224134,ONGC
2026-05-13 09:45:00+00:00,297.1499938964844,297.6000061035156,296.8500061035156,297.20001220703125,1600552,ONGC
2026-05-14 03:45:00+00:00,300.29998779296875,303.3999938964844,298.70001220703125,299.1000061035156,0,ONGC
2026-05-14 04:45:00+00:00,302.29998779296875,303.70001220703125,300.1499938964844,300.1499938964844,5980316,ONGC
2026-05-14 05:45:00+00:00,300.75,303.45001220703125,300.20001220703125,302.20001220703125,4173905,ONGC
2026-05-14 06:45:00+00:00,301.70001220703125,302.1000061035156,300.45001220703125,300.79998779296875,1608890,ONGC
2026-05-14 07:45:00+00:00,302.20001220703125,302.5,300.8500061035156,301.6499938964844,1445501,ONGC
2026-05-14 08:45:00+00:00,300.70001220703125,302.8999938964844,300.3500061035156,302.1000061035156,2362715,ONGC
2026-05-14 09:45:00+00:00,301.0,301.29998779296875,300.5,300.70001220703125,1175116,ONGC
2026-05-15 03:45:00+00:00,300.20001220703125,304.95001220703125,298.75,302.79998779296875,0,ONGC
2026-05-15 04:45:00+00:00,301.0,301.8500061035156,300.20001220703125,300.20001220703125,2217699,ONGC
2026-05-15 05:45:00+00:00,301.3999938964844,302.20001220703125,300.6000061035156,300.8500061035156,1131859,ONGC
2026-05-15 06:45:00+00:00,301.1000061035156,301.95001220703125,300.8500061035156,301.3500061035156,743043,ONGC
2026-05-15 07:45:00+00:00,300.1499938964844,301.04998779296875,299.3999938964844,301.0,2401330,ONGC
2026-05-15 08:45:00+00:00,299.8500061035156,300.6000061035156,299.04998779296875,300.25,1937312,ONGC
2026-05-15 09:45:00+00:00,299.5,299.8500061035156,298.8999938964844,299.8500061035156,2086701,ONGC
2026-05-18 03:45:00+00:00,296.79998779296875,300.45001220703125,295.20001220703125,299.3500061035156,0,ONGC
2026-05-18 04:45:00+00:00,298.54998779296875,298.70001220703125,296.6499938964844,296.79998779296875,877437,ONGC
2026-05-18 05:45:00+00:00,297.29998779296875,299.0,296.8500061035156,298.5,1846038,ONGC
2026-05-18 06:45:00+00:00,297.5,298.5,296.70001220703125,297.20001220703125,2215012,ONGC
2026-05-18 07:45:00+00:00,297.79998779296875,298.29998779296875,297.04998779296875,297.45001220703125,942763,ONGC
2026-05-18 08:45:00+00:00,296.95001220703125,298.0,296.54998779296875,297.79998779296875,1559337,ONGC
2026-05-18 09:45:00+00:00,297.54998779296875,297.70001220703125,296.95001220703125,297.0,1058958,ONGC
2026-05-19 03:45:00+00:00,294.8500061035156,296.5,293.79998779296875,295.8999938964844,0,ONGC
2026-05-19 04:45:00+00:00,297.25,297.95001220703125,294.25,294.8500061035156,1128191,ONGC
2026-05-19 05:45:00+00:00,296.25,297.8999938964844,295.70001220703125,297.20001220703125,1823557,ONGC
2026-05-19 06:45:00+00:00,295.6499938964844,296.3999938964844,295.3500061035156,296.25,715811,ONGC
2026-05-19 07:45:00+00:00,297.29998779296875,298.3999938964844,295.54998779296875,295.6499938964844,1477319,ONGC
2026-05-19 08:45:00+00:00,296.6499938964844,297.5,296.25,297.29998779296875,2201777,ONGC
2026-05-19 09:45:00+00:00,296.3999938964844,296.79998779296875,296.0,296.6499938964844,908572,ONGC
2026-05-20 03:45:00+00:00,296.70001220703125,297.5,294.0,295.6499938964844,0,ONGC
2026-05-20 04:45:00+00:00,300.20001220703125,301.75,296.54998779296875,296.70001220703125,3894202,ONGC
2026-05-20 05:45:00+00:00,300.0,301.45001220703125,299.6000061035156,300.20001220703125,1307753,ONGC
2026-05-20 06:45:00+00:00,299.3999938964844,300.1499938964844,298.75,300.04998779296875,1792178,ONGC
2026-05-20 07:45:00+00:00,297.95001220703125,299.95001220703125,297.95001220703125,299.45001220703125,1448897,ONGC
2026-05-20 08:45:00+00:00,298.04998779296875,298.29998779296875,297.1000061035156,298.0,1286963,ONGC
2026-05-20 09:45:00+00:00,298.75,299.0,297.95001220703125,298.0,1105540,ONGC
2026-05-21 03:45:00+00:00,299.20001220703125,299.5,296.04998779296875,296.75,0,ONGC
2026-05-21 04:45:00+00:00,296.3999938964844,299.45001220703125,296.29998779296875,299.1000061035156,1820686,ONGC
2026-05-21 05:45:00+00:00,296.70001220703125,297.04998779296875,296.20001220703125,296.3999938964844,2550057,ONGC
2026-05-21 06:45:00+00:00,295.04998779296875,296.8500061035156,294.45001220703125,296.6499938964844,2548888,ONGC
2026-05-21 07:45:00+00:00,295.5,295.8500061035156,294.95001220703125,295.0,1036757,ONGC
2026-05-21 08:45:00+00:00,296.0,296.20001220703125,294.1499938964844,295.5,2836404,ONGC
2026-05-21 09:45:00+00:00,295.8500061035156,296.0,295.45001220703125,295.8999938964844,921622,ONGC
2026-05-22 03:45:00+00:00,295.0,296.79998779296875,294.54998779296875,295.79998779296875,0,ONGC
2026-05-22 04:45:00+00:00,291.8999938964844,294.8500061035156,291.45001220703125,294.8500061035156,1971331,ONGC
2026-05-22 05:45:00+00:00,291.6000061035156,292.6000061035156,291.54998779296875,291.8999938964844,1562524,ONGC
2026-05-22 06:45:00+00:00,291.5,292.75,291.3999938964844,291.75,1340847,ONGC
2026-05-22 07:45:00+00:00,291.3999938964844,291.8999938964844,290.95001220703125,291.45001220703125,948446,ONGC
2026-05-22 08:45:00+00:00,290.1499938964844,291.5,289.6499938964844,291.5,2916302,ONGC
2026-05-22 09:45:00+00:00,290.0,290.3999938964844,289.6499938964844,290.1499938964844,1802150,ONGC
2026-05-25 03:45:00+00:00,286.20001220703125,289.75,285.29998779296875,289.6000061035156,0,ONGC
2026-05-25 04:45:00+00:00,287.1000061035156,287.29998779296875,284.5,286.20001220703125,1790101,ONGC
2026-05-25 05:45:00+00:00,284.8999938964844,287.20001220703125,284.6000061035156,287.0,883680,ONGC
2026-05-25 06:45:00+00:00,284.79998779296875,285.45001220703125,284.29998779296875,284.8999938964844,1660922,ONGC
2026-05-25 07:45:00+00:00,284.95001220703125,285.1000061035156,284.3500061035156,284.79998779296875,1071040,ONGC
2026-05-25 08:45:00+00:00,284.95001220703125,286.04998779296875,284.5,284.95001220703125,1553467,ONGC
2026-05-25 09:45:00+00:00,284.95001220703125,285.3999938964844,284.45001220703125,285.0,1067331,ONGC
2026-05-26 03:45:00+00:00,286.70001220703125,289.25,284.3999938964844,284.95001220703125,0,ONGC
2026-05-26 04:45:00+00:00,287.70001220703125,287.95001220703125,286.1499938964844,286.8500061035156,1442121,ONGC
2026-05-26 05:45:00+00:00,287.8999938964844,288.45001220703125,286.8999938964844,287.70001220703125,1541309,ONGC
2026-05-26 06:45:00+00:00,287.20001220703125,289.6000061035156,286.3500061035156,288.1000061035156,1161690,ONGC
2026-05-26 07:45:00+00:00,287.3999938964844,287.45001220703125,286.25,287.20001220703125,781465,ONGC
2026-05-26 08:45:00+00:00,287.3500061035156,288.1000061035156,287.1000061035156,287.45001220703125,1493922,ONGC
2026-05-26 09:45:00+00:00,287.3500061035156,287.6000061035156,287.1499938964844,287.3500061035156,1695165,ONGC
2026-05-27 03:45:00+00:00,277.5,283.0,275.6000061035156,283.0,2075928,ONGC
2026-05-27 04:45:00+00:00,276.3500061035156,278.3500061035156,276.04998779296875,277.6499938964844,2820417,ONGC
2026-05-27 05:45:00+00:00,276.8500061035156,277.70001220703125,276.0,276.3999938964844,2556141,ONGC
2026-05-27 06:45:00+00:00,275.5,277.20001220703125,275.1499938964844,277.04998779296875,2179562,ONGC
2026-05-27 07:45:00+00:00,274.79998779296875,275.54998779296875,274.3999938964844,275.5,2438833,ONGC
2026-05-27 08:45:00+00:00,274.75,275.25,274.3500061035156,274.79998779296875,3607672,ONGC
2026-05-27 09:45:00+00:00,273.3999938964844,274.79998779296875,272.5,274.70001220703125,2893137,ONGC
