Price,Close,High,Low,Open,Volume,symbol
Ticker,SBIN.NS,SBIN.NS,SBIN.NS,SBIN.NS,SBIN.NS,
Datetime,,,,,,
2023-06-14 03:45:00+00:00,577.0999755859375,578.4500122070312,576.4500122070312,577.0,0,SBIN
2023-06-14 04:45:00+00:00,576.1500244140625,577.2999877929688,575.5999755859375,577.0,1390197,SBIN
2023-06-14 05:45:00+00:00,577.6500244140625,578.0,575.2999877929688,576.1500244140625,1352955,SBIN
2023-06-14 06:45:00+00:00,577.1500244140625,578.2999877929688,576.25,577.6500244140625,1528351,SBIN
2023-06-14 07:45:00+00:00,577.25,578.2000122070312,576.5499877929688,577.0499877929688,1176227,SBIN
2023-06-14 08:45:00+00:00,576.5499877929688,577.9500122070312,576.2999877929688,577.25,1375593,SBIN
2023-06-14 09:45:00+00:00,576.3499755859375,576.8499755859375,575.7999877929688,576.5999755859375,565197,SBIN
2023-06-15 03:45:00+00:00,574.5999755859375,576.4500122070312,574.0499877929688,576.0999755859375,0,SBIN
2023-06-15 04:45:00+00:00,576.0999755859375,576.7000122070312,574.6500244140625,574.6500244140625,1595751,SBIN
2023-06-15 05:45:00+00:00,575.25,576.4500122070312,574.7999877929688,576.0999755859375,1782856,SBIN
2023-06-15 06:45:00+00:00,571.6500244140625,575.9500122070312,571.5,575.2999877929688,2954581,SBIN
2023-06-15 07:45:00+00:00,570.0,572.5499877929688,570.0,571.5999755859375,2780324,SBIN
2023-06-15 08:45:00+00:00,565.5999755859375,570.4000244140625,565.4000244140625,569.7999877929688,5326294,SBIN
2023-06-15 09:45:00+00:00,566.75,566.75,565.25,565.9000244140625,1333072,SBIN
2023-06-16 03:45:00+00:00,571.2000122070312,571.6500244140625,567.2000122070312,568.7000122070312,0,SBIN
2023-06-16 04:45:00+00:00,570.5,572.25,569.5499877929688,571.2999877929688,971855,SBIN
2023-06-16 05:45:00+00:00,570.7000122070312,571.5,569.0499877929688,570.5499877929688,1228246,SBIN
2023-06-16 06:45:00+00:00,569.5499877929688,571.0499877929688,569.0999755859375,570.6500244140625,775097,SBIN
2023-06-16 07:45:00+00:00,568.8499755859375,569.9500122070312,567.2999877929688,569.5999755859375,1198915,SBIN
2023-06-16 08:45:00+00:00,570.9000244140625,574.5999755859375,568.9000244140625,568.9500122070312,4288859,SBIN
2023-06-16 09:45:00+00:00,570.5,571.6500244140625,569.0999755859375,570.8499755859375,2076865,SBIN
2023-06-19 03:45:00+00:00,568.75,572.4500122070312,567.3499755859375,571.4500122070312,0,SBIN
2023-06-19 04:45:00+00:00,567.9500122070312,568.7999877929688,565.9500122070312,568.75,3086178,SBIN
2023-06-19 05:45:00+00:00,566.9000244140625,568.2000122070312,566.2000122070312,567.8499755859375,1716908,SBIN
2023-06-19 06:45:00+00:00,566.8499755859375,569.4500122070312,566.5499877929688,567.0,2455044,SBIN
2023-06-19 07:45:00+00:00,567.9500122070312,568.75,566.3499755859375,566.8499755859375,1949252,SBIN
2023-06-19 08:45:00+00:00,569.4000244140625,571.0,567.25,567.9000244140625,4234121,SBIN
2023-06-19 09:45:00+00:00,569.2000122070312,569.7000122070312,568.2999877929688,569.4500122070312,933904,SBIN
2023-06-20 03:45:00+00:00,565.4500122070312,569.3499755859375,565.25,569.0,0,SBIN
2023-06-20 04:45:00+00:00,563.9000244140625,565.5,562.5999755859375,565.4500122070312,2049781,SBIN
2023-06-20 05:45:00+00:00,564.5,564.7000122070312,562.75,563.8499755859375,1358640,SBIN
2023-06-20 06:45:00+00:00,565.7999877929688,567.5,564.0999755859375,564.4500122070312,1632590,SBIN
2023-06-20 07:45:00+00:00,565.3499755859375,566.4000244140625,564.0999755859375,565.8499755859375,2676234,SBIN
2023-06-20 08:45:00+00:00,568.2999877929688,568.2999877929688,564.7999877929688,565.25,3134505,SBIN
2023-06-20 09:45:00+00:00,568.0,568.1500244140625,567.3499755859375,568.1500244140625,1253471,SBIN
2023-06-21 03:45:00+00:00,568.0,569.2999877929688,566.0999755859375,567.7999877929688,0,SBIN
2023-06-21 04:45:00+00:00,566.75,569.0999755859375,566.5499877929688,568.25,2383584,SBIN
2023-06-21 05:45:00+00:00,567.6500244140625,568.4000244140625,566.0999755859375,566.8499755859375,1175380,SBIN
2023-06-21 06:45:00+00:00,567.9500122070312,568.75,567.2999877929688,567.5999755859375,1393312,SBIN
2023-06-21 07:45:00+00:00,567.5499877929688,569.4500122070312,567.0999755859375,567.9500122070312,2099413,SBIN
2023-06-21 08:45:00+00:00,566.5499877929688,567.5499877929688,566.2000122070312,567.5,3223182,SBIN
2023-06-21 09:45:00+00:00,566.4000244140625,566.75,565.7000122070312,566.4000244140625,2189296,SBIN
2023-06-22 03:45:00+00:00,565.75,569.0,565.0499877929688,567.0,2530575,SBIN
2023-06-22 04:45:00+00:00,566.6500244140625,567.2000122070312,565.75,565.7999877929688,1282495,SBIN
2023-06-22 05:45:00+00:00,564.7999877929688,567.0499877929688,563.7000122070312,566.5,1206132,SBIN
2023-06-22 06:45:00+00:00,563.4000244140625,565.0,561.1500244140625,564.5999755859375,1408704,SBIN
2023-06-22 07:45:00+00:00,564.75,566.2999877929688,562.5999755859375,563.2999877929688,2851780,SBIN
2023-06-22 08:45:00+00:00,562.8499755859375,565.0999755859375,561.5999755859375,564.7000122070312,3846843,SBIN
2023-06-22 09:45:00+00:00,562.9500122070312,563.75,561.8499755859375,562.8499755859375,0,SBIN
2023-06-23 03:45:00+00:00,556.5499877929688,562.0,555.1500244140625,561.9000244140625,3439627,SBIN
2023-06-23 04:45:00+00:00,558.3499755859375,558.9000244140625,556.4500122070312,556.5999755859375,1334069,SBIN
2023-06-23 05:45:00+00:00,558.75,559.1500244140625,557.5,558.2999877929688,1099457,SBIN
2023-06-23 06:45:00+00:00,558.0499877929688,560.2999877929688,557.6500244140625,558.75,1054014,SBIN
2023-06-23 07:45:00+00:00,555.5499877929688,558.3499755859375,555.2000122070312,558.0499877929688,1681013,SBIN
2023-06-23 08:45:00+00:00,554.75,556.3499755859375,554.5,555.7000122070312,2460280,SBIN
2023-06-23 09:45:00+00:00,555.0499877929688,555.2999877929688,553.7999877929688,554.6500244140625,1141541,SBIN
2023-06-26 03:45:00+00:00,555.75,558.4500122070312,554.5999755859375,556.5499877929688,0,SBIN
2023-06-26 04:45:00+00:00,556.7000122070312,557.0,554.6500244140625,555.7000122070312,929017,SBIN
2023-06-26 05:45:00+00:00,557.5499877929688,557.9500122070312,555.2999877929688,556.6500244140625,1009149,SBIN
2023-06-26 06:45:00+00:00,557.2000122070312,558.2000122070312,556.1500244140625,557.5,1201339,SBIN
2023-06-26 07:45:00+00:00,556.8499755859375,557.7999877929688,556.2000122070312,557.2000122070312,806838,SBIN
2023-06-26 08:45:00+00:00,557.25,557.5999755859375,556.1500244140625,556.7999877929688,1389261,SBIN
2023-06-26 09:45:00+00:00,557.2999877929688,557.5,556.2999877929688,557.25,711208,SBIN
2023-06-27 03:45:00+00:00,558.5499877929688,559.6500244140625,558.0499877929688,558.25,1768588,SBIN
2023-06-27 04:45:00+00:00,557.7999877929688,558.7999877929688,557.2999877929688,558.5499877929688,900546,SBIN
2023-06-27 05:45:00+00:00,557.9500122070312,558.2999877929688,557.4000244140625,557.7999877929688,590352,SBIN
2023-06-27 06:45:00+00:00,555.8499755859375,558.0,555.6500244140625,557.8499755859375,707168,SBIN
2023-06-27 07:45:00+00:00,556.5499877929688,557.4000244140625,555.6500244140625,555.75,1169433,SBIN
2023-06-27 08:45:00+00:00,566.3499755859375,566.5,556.4000244140625,556.5,4243657,SBIN
2023-06-27 09:45:00+00:00,566.0999755859375,567.9500122070312,565.9500122070312,566.5,1313007,SBIN
2023-06-30 03:45:00+00:00,571.1500244140625,573.9500122070312,571.0999755859375,573.0999755859375,0,SBIN
2023-06-30 04:45:00+00:00,571.3499755859375,571.9000244140625,570.2999877929688,571.0999755859375,995265,SBIN
2023-06-30 05:45:00+00:00,572.2999877929688,572.4000244140625,571.0,571.3499755859375,863289,SBIN
2023-06-30 06:45:00+00:00,572.2999877929688,572.75,571.0,572.3499755859375,1102294,SBIN
2023-06-30 07:45:00+00:00,571.75,573.0,571.2000122070312,572.25,1163214,SBIN
2023-06-30 08:45:00+00:00,573.1500244140625,573.7000122070312,571.3499755859375,571.75,1915970,SBIN
2023-06-30 09:45:00+00:00,572.8499755859375,573.2999877929688,572.0999755859375,573.1500244140625,866381,SBIN
2023-07-03 03:45:00+00:00,577.5,579.7999877929688,574.5499877929688,574.6500244140625,0,SBIN
2023-07-03 04:45:00+00:00,577.9500122070312,579.4500122070312,576.2000122070312,577.4000244140625,1499425,SBIN
2023-07-03 05:45:00+00:00,579.75,580.5,577.2000122070312,577.9500122070312,1992539,SBIN
2023-07-03 06:45:00+00:00,582.7999877929688,583.5,579.1500244140625,579.75,2510054,SBIN
2023-07-03 07:45:00+00:00,582.9000244140625,584.6500244140625,581.5999755859375,582.7999877929688,1785762,SBIN
2023-07-03 08:45:00+00:00,584.9000244140625,586.2999877929688,582.3499755859375,582.8499755859375,2989423,SBIN
2023-07-03 09:45:00+00:00,585.4500122070312,586.25,584.7000122070312,584.8499755859375,1253773,SBIN
2023-07-04 03:45:00+00:00,586.6500244140625,589.25,582.2999877929688,587.9000244140625,0,SBIN
2023-07-04 04:45:00+00:00,593.0,593.5,586.3499755859375,586.5999755859375,4737489,SBIN
2023-07-04 05:45:00+00:00,595.2999877929688,595.9500122070312,592.3499755859375,592.8499755859375,3342180,SBIN
2023-07-04 06:45:00+00:00,591.9500122070312,595.2999877929688,591.25,595.0999755859375,2571368,SBIN
2023-07-04 07:45:00+00:00,589.5499877929688,594.1500244140625,589.5499877929688,592.1500244140625,2948437,SBIN
2023-07-04 08:45:00+00:00,588.4500122070312,590.3499755859375,587.0499877929688,589.5999755859375,3669769,SBIN
2023-07-04 09:45:00+00:00,588.8499755859375,589.8499755859375,588.25,588.7000122070312,1445768,SBIN
2023-07-05 03:45:00+00:00,589.3499755859375,592.7000122070312,588.4500122070312,589.7999877929688,0,SBIN
2023-07-05 04:45:00+00:00,591.6500244140625,593.6500244140625,588.5,589.3499755859375,2126505,SBIN
2023-07-05 05:45:00+00:00,592.0,592.5999755859375,591.2000122070312,591.7999877929688,1197575,SBIN
2023-07-05 06:45:00+00:00,589.0,592.8499755859375,588.75,592.0,1743831,SBIN
2023-07-05 07:45:00+00:00,590.6500244140625,590.9000244140625,588.2000122070312,589.0,2474995,SBIN
2023-07-05 08:45:00+00:00,591.0,591.5,589.0,590.7999877929688,1904818,SBIN
2023-07-05 09:45:00+00:00,591.0,591.5499877929688,590.5,590.9000244140625,849538,SBIN
2023-07-06 03:45:00+00:00,591.9500122070312,593.3499755859375,589.0999755859375,589.0999755859375,1658486,SBIN
2023-07-06 04:45:00+00:00,591.2000122070312,592.2000122070312,589.7999877929688,591.9500122070312,1277613,SBIN
2023-07-06 05:45:00+00:00,591.9500122070312,592.5,591.0,591.25,1377828,SBIN
2023-07-06 06:45:00+00:00,590.5,592.1500244140625,590.0499877929688,592.0,1583537,SBIN
2023-07-06 07:45:00+00:00,591.2999877929688,591.9500122070312,589.7999877929688,590.5499877929688,1426198,SBIN
2023-07-06 08:45:00+00:00,592.4000244140625,593.5,591.2000122070312,591.2999877929688,2795707,SBIN
2023-07-06 09:45:00+00:00,592.25,592.9500122070312,592.0,592.1500244140625,1198952,SBIN
2023-07-07 03:45:00+00:00,591.25,593.3499755859375,590.3499755859375,590.9000244140625,1791385,SBIN
2023-07-07 04:45:00+00:00,588.7999877929688,591.8499755859375,587.0,591.25,1528372,SBIN
2023-07-07 05:45:00+00:00,587.2000122070312,589.3499755859375,586.7000122070312,588.9000244140625,886442,SBIN
2023-07-07 06:45:00+00:00,586.4000244140625,587.3499755859375,585.5,587.1500244140625,1245465,SBIN
2023-07-07 07:45:00+00:00,589.5499877929688,589.75,586.25,586.25,1603952,SBIN
2023-07-07 08:45:00+00:00,592.7999877929688,595.5,589.4500122070312,589.5499877929688,3873251,SBIN
2023-07-07 09:45:00+00:00,592.6500244140625,594.0,592.0999755859375,592.9000244140625,770443,SBIN
2023-07-10 03:45:00+00:00,597.4500122070312,599.7999877929688,592.5499877929688,594.6500244140625,0,SBIN
2023-07-10 04:45:00+00:00,595.4500122070312,597.5,594.5,597.4500122070312,1578830,SBIN
2023-07-10 05:45:00+00:00,593.4000244140625,595.5,592.3499755859375,595.5,1356221,SBIN
2023-07-10 06:45:00+00:00,594.0499877929688,594.5,592.4500122070312,593.2000122070312,832469,SBIN
2023-07-10 07:45:00+00:00,593.25,595.0,593.2000122070312,594.0499877929688,1136447,SBIN
2023-07-10 08:45:00+00:00,592.8499755859375,593.25,590.25,593.2000122070312,1639138,SBIN
2023-07-10 09:45:00+00:00,591.75,593.9000244140625,591.2000122070312,592.75,845521,SBIN
2023-07-11 03:45:00+00:00,591.0499877929688,595.9000244140625,588.7999877929688,593.2999877929688,3104413,SBIN
2023-07-11 04:45:00+00:00,593.0499877929688,594.4000244140625,590.7000122070312,591.0499877929688,1786797,SBIN
2023-07-11 05:45:00+00:00,593.0,594.4500122070312,592.1500244140625,593.2000122070312,1628780,SBIN
2023-07-11 06:45:00+00:00,591.5999755859375,593.0999755859375,591.5,593.0,1154601,SBIN
2023-07-11 07:45:00+00:00,590.2000122070312,592.0999755859375,589.5,591.6500244140625,1528008,SBIN
2023-07-11 08:45:00+00:00,588.2000122070312,590.9500122070312,587.3499755859375,590.3499755859375,2902412,SBIN
2023-07-11 09:45:00+00:00,589.25,589.4500122070312,588.0,588.25,1108461,SBIN
2023-07-12 03:45:00+00:00,591.3499755859375,592.25,588.75,589.2999877929688,2676798,SBIN
2023-07-12 04:45:00+00:00,593.75,594.5,590.0,591.3499755859375,1619559,SBIN
2023-07-12 05:45:00+00:00,591.25,593.9500122070312,591.25,593.7000122070312,1379643,SBIN
2023-07-12 06:45:00+00:00,592.5499877929688,592.7999877929688,590.5999755859375,591.1500244140625,1351587,SBIN
2023-07-12 07:45:00+00:00,592.25,593.8499755859375,592.0999755859375,592.5499877929688,930372,SBIN
2023-07-12 08:45:00+00:00,589.0499877929688,592.5,588.25,592.25,5470929,SBIN
2023-07-12 09:45:00+00:00,589.5999755859375,589.7999877929688,588.6500244140625,589.0,2599692,SBIN
2023-07-13 03:45:00+00:00,596.75,597.6500244140625,592.7999877929688,593.2999877929688,4362321,SBIN
2023-07-13 04:45:00+00:00,595.9500122070312,597.0999755859375,594.4000244140625,596.75,1859178,SBIN
2023-07-13 05:45:00+00:00,595.5499877929688,598.0,594.4500122070312,595.9500122070312,2242907,SBIN
2023-07-13 06:45:00+00:00,595.5499877929688,596.25,594.2999877929688,595.5499877929688,1866702,SBIN
2023-07-13 07:45:00+00:00,585.3499755859375,595.6500244140625,584.3499755859375,595.5999755859375,4447578,SBIN
2023-07-13 08:45:00+00:00,586.2000122070312,588.4000244140625,583.5499877929688,585.3499755859375,4107161,SBIN
2023-07-13 09:45:00+00:00,586.0,586.5499877929688,585.0,586.2999877929688,1136009,SBIN
2023-07-14 03:45:00+00:00,589.0499877929688,591.2999877929688,587.25,587.4500122070312,3193089,SBIN
2023-07-14 04:45:00+00:00,584.4000244140625,589.0499877929688,583.0499877929688,589.0499877929688,1652621,SBIN
2023-07-14 05:45:00+00:00,583.0,585.5,582.0999755859375,584.4000244140625,1284962,SBIN
2023-07-14 06:45:00+00:00,582.1500244140625,583.7000122070312,581.0,582.9500122070312,1178049,SBIN
2023-07-14 07:45:00+00:00,581.2999877929688,582.8499755859375,580.7000122070312,582.0999755859375,1142539,SBIN
2023-07-14 08:45:00+00:00,584.9000244140625,585.0,581.0,581.4500122070312,2631008,SBIN
2023-07-14 09:45:00+00:00,584.8499755859375,584.8499755859375,583.75,584.5999755859375,1104992,SBIN
2023-07-17 03:45:00+00:00,587.25,588.6500244140625,584.2000122070312,586.8499755859375,0,SBIN
2023-07-17 04:45:00+00:00,588.9500122070312,590.4500122070312,586.7999877929688,587.25,1575743,SBIN
2023-07-17 05:45:00+00:00,587.5,589.2999877929688,586.8499755859375,589.0,1176843,SBIN
2023-07-17 06:45:00+00:00,590.9000244140625,591.4500122070312,586.0999755859375,587.5,1491969,SBIN
2023-07-17 07:45:00+00:00,592.5999755859375,594.5,590.5999755859375,590.7999877929688,2843014,SBIN
2023-07-17 08:45:00+00:00,602.2999877929688,602.75,592.25,592.5,7432502,SBIN
2023-07-17 09:45:00+00:00,602.0,602.4500122070312,600.6500244140625,602.2999877929688,2880555,SBIN
2023-07-18 03:45:00+00:00,600.3499755859375,603.9500122070312,597.0,602.8499755859375,5427360,SBIN
2023-07-18 04:45:00+00:00,603.1500244140625,603.6500244140625,600.0,600.2000122070312,2580416,SBIN
2023-07-18 05:45:00+00:00,594.75,603.2000122070312,593.7999877929688,603.0,4480671,SBIN
2023-07-18 06:45:00+00:00,595.0499877929688,598.3499755859375,594.0999755859375,594.75,3495373,SBIN
2023-07-18 07:45:00+00:00,594.7000122070312,597.0999755859375,594.0499877929688,594.7999877929688,3172564,SBIN
2023-07-18 08:45:00+00:00,592.25,595.0499877929688,588.7999877929688,594.7999877929688,5118410,SBIN
2023-07-18 09:45:00+00:00,592.5,592.9000244140625,591.0999755859375,592.4000244140625,1472951,SBIN
2023-07-19 03:45:00+00:00,596.5,597.0,592.0999755859375,593.5,3432514,SBIN
2023-07-19 04:45:00+00:00,595.3499755859375,599.5,595.1500244140625,596.5,2022820,SBIN
2023-07-19 05:45:00+00:00,596.1500244140625,598.0,594.7000122070312,595.3499755859375,1277825,SBIN
2023-07-19 06:45:00+00:00,598.2999877929688,599.6500244140625,595.9000244140625,596.0999755859375,2310384,SBIN
2023-07-19 07:45:00+00:00,601.0999755859375,602.3499755859375,597.5999755859375,598.2999877929688,4396313,SBIN
2023-07-19 08:45:00+00:00,601.7000122070312,602.25,598.6500244140625,601.0999755859375,3051775,SBIN
2023-07-19 09:45:00+00:00,600.75,601.9000244140625,600.4000244140625,601.7000122070312,1059603,SBIN
2023-07-20 03:45:00+00:00,604.9500122070312,606.0,599.1500244140625,600.2999877929688,6693725,SBIN
2023-07-20 04:45:00+00:00,604.7000122070312,607.5,603.7999877929688,605.0499877929688,4356572,SBIN
2023-07-20 05:45:00+00:00,606.4500122070312,606.8499755859375,603.75,604.5999755859375,2634618,SBIN
2023-07-20 06:45:00+00:00,607.8499755859375,607.8499755859375,605.0499877929688,606.4500122070312,2997673,SBIN
2023-07-20 07:45:00+00:00,609.0,610.25,607.2000122070312,607.75,8261322,SBIN
2023-07-20 08:45:00+00:00,610.0499877929688,610.5499877929688,607.4000244140625,608.9000244140625,6758346,SBIN
2023-07-20 09:45:00+00:00,610.0499877929688,610.5999755859375,609.0999755859375,610.0499877929688,2329559,SBIN
2023-07-21 03:45:00+00:00,615.8499755859375,618.0,609.3499755859375,609.3499755859375,0,SBIN
2023-07-21 04:45:00+00:00,617.9000244140625,619.5,613.7999877929688,615.7999877929688,3825931,SBIN
2023-07-21 05:45:00+00:00,616.5999755859375,618.5,615.5999755859375,617.9000244140625,2553506,SBIN
2023-07-21 06:45:00+00:00,617.5,617.75,612.7999877929688,616.6500244140625,2208812,SBIN
2023-07-21 07:45:00+00:00,616.5499877929688,619.0499877929688,616.0,617.5,1966466,SBIN
2023-07-21 08:45:00+00:00,615.4500122070312,617.0499877929688,613.2000122070312,616.5499877929688,2939677,SBIN
2023-07-21 09:45:00+00:00,615.5,616.2999877929688,614.5,615.2000122070312,959926,SBIN
2023-07-24 03:45:00+00:00,617.2999877929688,619.4000244140625,615.0499877929688,615.6500244140625,0,SBIN
2023-07-24 04:45:00+00:00,618.7000122070312,619.0,616.9000244140625,617.4000244140625,1257324,SBIN
2023-07-24 05:45:00+00:00,617.2000122070312,621.8499755859375,615.6500244140625,618.7000122070312,2361507,SBIN
2023-07-24 06:45:00+00:00,619.0499877929688,619.4500122070312,616.5,617.0499877929688,1026551,SBIN
2023-07-24 07:45:00+00:00,618.6500244140625,620.7999877929688,617.2000122070312,619.0499877929688,2102670,SBIN
2023-07-24 08:45:00+00:00,617.5499877929688,619.0499877929688,616.4000244140625,618.5499877929688,1883450,SBIN
2023-07-24 09:45:00+00:00,617.6500244140625,618.25,617.0499877929688,617.4000244140625,707055,SBIN
2023-07-25 03:45:00+00:00,615.4000244140625,621.4500122070312,614.0,620.5,0,SBIN
2023-07-25 04:45:00+00:00,611.9500122070312,615.4000244140625,611.1500244140625,615.4000244140625,1550886,SBIN
2023-07-25 05:45:00+00:00,609.0499877929688,612.3499755859375,607.5499877929688,612.0999755859375,2205056,SBIN
2023-07-25 06:45:00+00:00,607.0999755859375,610.25,607.0999755859375,609.0499877929688,2691880,SBIN
2023-07-25 07:45:00+00:00,609.0,609.4000244140625,604.25,607.0499877929688,4200960,SBIN
2023-07-25 08:45:00+00:00,609.3499755859375,612.4000244140625,607.5999755859375,609.2000122070312,4389383,SBIN
2023-07-25 09:45:00+00:00,609.5999755859375,610.4000244140625,609.0999755859375,609.4500122070312,792757,SBIN
2023-07-26 03:45:00+00:00,612.0,612.7000122070312,609.25,612.25,0,SBIN
2023-07-26 04:45:00+00:00,612.75,614.2999877929688,611.0999755859375,612.0,1166123,SBIN
2023-07-26 05:45:00+00:00,613.5,614.0,611.9500122070312,612.6500244140625,1285356,SBIN
2023-07-26 06:45:00+00:00,614.0,614.0,612.5,613.4500122070312,871925,SBIN
2023-07-26 07:45:00+00:00,615.2999877929688,616.2999877929688,611.8499755859375,614.2000122070312,2214485,SBIN
2023-07-26 08:45:00+00:00,615.2999877929688,616.25,614.0499877929688,615.25,2063714,SBIN
2023-07-26 09:45:00+00:00,614.8499755859375,615.6500244140625,614.4000244140625,615.2999877929688,468303,SBIN
2023-07-27 03:45:00+00:00,617.2999877929688,618.2000122070312,614.9500122070312,616.0999755859375,2124171,SBIN
2023-07-27 04:45:00+00:00,617.5,621.1500244140625,616.6500244140625,617.3499755859375,2730336,SBIN
2023-07-27 05:45:00+00:00,616.2000122070312,617.6500244140625,614.4500122070312,617.5999755859375,2079900,SBIN
2023-07-27 06:45:00+00:00,617.9500122070312,618.5,615.5,616.2000122070312,1979292,SBIN
2023-07-27 07:45:00+00:00,615.2999877929688,618.7999877929688,614.7000122070312,617.8499755859375,2850557,SBIN
2023-07-27 08:45:00+00:00,616.75,617.5,613.0999755859375,615.2999877929688,4382382,SBIN
2023-07-27 09:45:00+00:00,617.0,617.5,616.2999877929688,616.7000122070312,1296177,SBIN
2023-07-28 03:45:00+00:00,619.5,619.9000244140625,614.2000122070312,617.1500244140625,2535734,SBIN
2023-07-28 04:45:00+00:00,616.5999755859375,619.5999755859375,616.5999755859375,619.5,1383651,SBIN
2023-07-28 05:45:00+00:00,616.25,617.5,614.5,616.5499877929688,1887455,SBIN
2023-07-28 06:45:00+00:00,615.6500244140625,616.9000244140625,614.7000122070312,616.1500244140625,1298259,SBIN
2023-07-28 07:45:00+00:00,615.7000122070312,616.0999755859375,613.7999877929688,615.5,1404788,SBIN
2023-07-28 08:45:00+00:00,615.7999877929688,618.5999755859375,615.25,615.7000122070312,2704671,SBIN
2023-07-28 09:45:00+00:00,616.0499877929688,616.2000122070312,615.2999877929688,615.7000122070312,713977,SBIN
2023-07-31 03:45:00+00:00,618.7999877929688,619.6500244140625,614.75,616.9000244140625,0,SBIN
2023-07-31 04:45:00+00:00,619.3499755859375,619.7999877929688,618.0,618.7999877929688,676522,SBIN
2023-07-31 05:45:00+00:00,619.25,621.0,619.0,619.4000244140625,1247593,SBIN
2023-07-31 06:45:00+00:00,618.9500122070312,619.5,617.6500244140625,619.25,894937,SBIN
2023-07-31 07:45:00+00:00,617.5,619.7000122070312,617.0,619.0,1357090,SBIN
2023-07-31 08:45:00+00:00,620.6500244140625,620.8499755859375,617.4500122070312,617.5,1788486,SBIN
2023-07-31 09:45:00+00:00,620.2000122070312,620.6500244140625,618.9000244140625,620.6500244140625,0,SBIN
2023-08-01 03:45:00+00:00,619.6500244140625,620.7999877929688,617.75,620.7999877929688,1868747,SBIN
2023-08-01 04:45:00+00:00,616.5,619.75,616.0499877929688,619.6500244140625,1595684,SBIN
2023-08-01 05:45:00+00:00,613.4000244140625,616.5,612.5,616.4500122070312,1317026,SBIN
2023-08-01 06:45:00+00:00,612.9000244140625,613.5,610.6500244140625,613.2000122070312,2450859,SBIN
2023-08-01 07:45:00+00:00,611.4000244140625,614.3499755859375,611.25,612.9000244140625,2354018,SBIN
2023-08-01 08:45:00+00:00,611.7000122070312,613.3499755859375,610.9000244140625,611.3499755859375,2920387,SBIN
2023-08-01 09:45:00+00:00,612.3499755859375,612.5499877929688,611.0,611.6500244140625,978200,SBIN
2023-08-02 03:45:00+00:00,608.4000244140625,610.5,605.9000244140625,610.0,0,SBIN
2023-08-02 04:45:00+00:00,604.0999755859375,609.25,603.6500244140625,608.5,1710114,SBIN
2023-08-02 05:45:00+00:00,602.2000122070312,605.1500244140625,600.7999877929688,604.25,2247865,SBIN
2023-08-02 06:45:00+00:00,600.5,604.0,600.25,602.3499755859375,1863851,SBIN
2023-08-02 07:45:00+00:00,596.5,600.5499877929688,595.7999877929688,600.25,2641709,SBIN
2023-08-02 08:45:00+00:00,599.25,599.5,594.0999755859375,596.4500122070312,3237621,SBIN
2023-08-02 09:45:00+00:00,598.9000244140625,599.5499877929688,598.2999877929688,599.5,993945,SBIN
2023-08-03 03:45:00+00:00,592.2000122070312,600.8499755859375,592.0,597.2999877929688,3977884,SBIN
2023-08-03 04:45:00+00:00,593.0499877929688,594.2000122070312,590.7000122070312,592.2000122070312,2246736,SBIN
2023-08-03 05:45:00+00:00,591.9000244140625,596.0,591.75,593.0499877929688,2839666,SBIN
2023-08-03 06:45:00+00:00,590.3499755859375,592.6500244140625,587.0,591.9000244140625,5202869,SBIN
2023-08-03 07:45:00+00:00,586.0,590.9500122070312,585.0499877929688,590.3499755859375,5239945,SBIN
2023-08-03 08:45:00+00:00,590.7999877929688,590.7999877929688,585.9000244140625,586.0,6457966,SBIN
2023-08-03 09:45:00+00:00,591.4000244140625,592.5499877929688,590.2000122070312,590.7999877929688,1806641,SBIN
2023-08-04 03:45:00+00:00,592.5999755859375,593.6500244140625,588.0,592.0,0,SBIN
2023-08-04 04:45:00+00:00,595.2000122070312,595.75,591.1500244140625,592.7000122070312,3041359,SBIN
2023-08-04 05:45:00+00:00,596.7999877929688,598.7000122070312,595.0,595.2000122070312,3733606,SBIN
2023-08-04 06:45:00+00:00,593.0,597.5499877929688,592.4000244140625,596.75,3603886,SBIN
2023-08-04 07:45:00+00:00,576.2000122070312,594.5,572.25,592.9500122070312,22648580,SBIN
2023-08-04 08:45:00+00:00,573.9000244140625,579.7000122070312,572.0,576.3499755859375,11004253,SBIN
2023-08-04 09:45:00+00:00,573.2000122070312,574.1500244140625,571.5,574.0,3157768,SBIN
2023-08-07 03:45:00+00:00,570.9000244140625,576.0,569.2000122070312,573.1500244140625,0,SBIN
2023-08-07 04:45:00+00:00,568.2000122070312,572.0,567.1500244140625,571.0999755859375,4096104,SBIN
2023-08-07 05:45:00+00:00,569.6500244140625,570.7000122070312,567.7000122070312,568.2000122070312,4063120,SBIN
2023-08-07 06:45:00+00:00,568.6500244140625,570.4000244140625,567.5,569.4500122070312,2537656,SBIN
2023-08-07 07:45:00+00:00,567.0999755859375,569.5499877929688,566.9000244140625,568.6500244140625,4340438,SBIN
2023-08-07 08:45:00+00:00,568.25,568.9000244140625,566.6500244140625,567.0499877929688,6699345,SBIN
2023-08-07 09:45:00+00:00,568.0499877929688,568.7000122070312,567.4500122070312,568.25,2062088,SBIN
2023-08-08 03:45:00+00:00,572.7999877929688,573.2999877929688,568.7000122070312,570.5999755859375,4916062,SBIN
2023-08-08 04:45:00+00:00,570.2999877929688,574.25,570.0499877929688,572.8499755859375,4231623,SBIN
2023-08-08 05:45:00+00:00,571.4500122070312,572.0,568.5499877929688,570.3499755859375,3123231,SBIN
2023-08-08 06:45:00+00:00,570.75,571.7000122070312,569.5999755859375,571.4500122070312,2577263,SBIN
2023-08-08 07:45:00+00:00,571.75,572.5,569.5999755859375,570.75,2698567,SBIN
2023-08-08 08:45:00+00:00,572.5,573.5999755859375,570.7999877929688,571.75,5707178,SBIN
2023-08-08 09:45:00+00:00,573.0999755859375,573.9000244140625,572.5,572.5499877929688,1778161,SBIN
2023-08-09 03:45:00+00:00,569.6500244140625,574.8499755859375,569.0999755859375,574.8499755859375,0,SBIN
2023-08-09 04:45:00+00:00,570.0499877929688,570.7999877929688,569.3499755859375,569.6500244140625,1857950,SBIN
2023-08-09 05:45:00+00:00,569.2000122070312,570.0999755859375,568.4500122070312,570.0499877929688,1919953,SBIN
2023-08-09 06:45:00+00:00,570.5999755859375,570.7000122070312,568.7999877929688,569.25,2411296,SBIN
2023-08-09 07:45:00+00:00,572.2000122070312,572.4000244140625,570.4000244140625,570.5999755859375,2095383,SBIN
2023-08-09 08:45:00+00:00,573.9500122070312,574.2000122070312,571.2000122070312,572.2000122070312,2746260,SBIN
2023-08-09 09:45:00+00:00,573.75,574.0499877929688,573.2000122070312,573.75,954956,SBIN
2023-08-10 03:45:00+00:00,577.4500122070312,577.4500122070312,571.5999755859375,573.7000122070312,0,SBIN
2023-08-10 04:45:00+00:00,572.8499755859375,577.5999755859375,570.2000122070312,577.4500122070312,5591592,SBIN
2023-08-10 05:45:00+00:00,572.7000122070312,576.4500122070312,572.4000244140625,572.7999877929688,3794064,SBIN
2023-08-10 06:45:00+00:00,573.25,574.8499755859375,572.5,572.9000244140625,2592026,SBIN
2023-08-10 07:45:00+00:00,572.7999877929688,574.1500244140625,570.7000122070312,573.25,4475787,SBIN
2023-08-10 08:45:00+00:00,573.5999755859375,574.5,571.4000244140625,572.8499755859375,3840400,SBIN
2023-08-10 09:45:00+00:00,573.6500244140625,574.25,573.0499877929688,573.5499877929688,0,SBIN
2023-08-11 03:45:00+00:00,575.0,576.9500122070312,572.0,574.25,3663951,SBIN
2023-08-11 04:45:00+00:00,573.5499877929688,575.5499877929688,572.7999877929688,575.0,2350586,SBIN
2023-08-11 05:45:00+00:00,577.5999755859375,578.9000244140625,573.4500122070312,573.5499877929688,4684863,SBIN
2023-08-11 06:45:00+00:00,577.3499755859375,578.5,574.7000122070312,577.5999755859375,2259758,SBIN
2023-08-11 07:45:00+00:00,575.8499755859375,577.4500122070312,574.5499877929688,577.4500122070312,1522082,SBIN
2023-08-11 08:45:00+00:00,573.9000244140625,576.9000244140625,573.7000122070312,575.8499755859375,2361689,SBIN
2023-08-11 09:45:00+00:00,574.5,574.7000122070312,573.7999877929688,574.0,1368718,SBIN
2023-08-14 03:45:00+00:00,562.9000244140625,572.5499877929688,561.0999755859375,572.5499877929688,0,SBIN
2023-08-14 04:45:00+00:00,560.5,563.6500244140625,560.0499877929688,563.1500244140625,3820532,SBIN
2023-08-14 05:45:00+00:00,560.0,561.0999755859375,558.7000122070312,560.4000244140625,4070906,SBIN
2023-08-14 06:45:00+00:00,558.9500122070312,560.4000244140625,558.75,560.0499877929688,2526198,SBIN
2023-08-14 07:45:00+00:00,562.1500244140625,562.9500122070312,558.6500244140625,559.0,4634442,SBIN
2023-08-14 08:45:00+00:00,560.7000122070312,562.7000122070312,560.2000122070312,562.0499877929688,5411593,SBIN
2023-08-14 09:45:00+00:00,561.0,561.5499877929688,559.7999877929688,560.7000122070312,2126316,SBIN
2023-08-16 03:45:00+00:00,564.8499755859375,566.0,554.4000244140625,558.0499877929688,5754758,SBIN
2023-08-16 04:45:00+00:00,563.9500122070312,565.5,563.0499877929688,564.9000244140625,1820333,SBIN
2023-08-16 05:45:00+00:00,564.9000244140625,565.0,562.0999755859375,563.9500122070312,1357150,SBIN
2023-08-16 06:45:00+00:00,565.0,565.9500122070312,564.5499877929688,564.8499755859375,1633870,SBIN
2023-08-16 07:45:00+00:00,564.0,565.9500122070312,563.7000122070312,565.0,1780336,SBIN
2023-08-16 08:45:00+00:00,565.0,566.2999877929688,564.0499877929688,564.0999755859375,2324614,SBIN
2023-08-16 09:45:00+00:00,565.2999877929688,565.7999877929688,564.6500244140625,565.0999755859375,1051692,SBIN
2023-08-17 03:45:00+00:00,567.8499755859375,568.5499877929688,564.8499755859375,564.9000244140625,4320498,SBIN
2023-08-17 04:45:00+00:00,567.7000122070312,569.2000122070312,567.2000122070312,567.7999877929688,3508466,SBIN
2023-08-17 05:45:00+00:00,566.8499755859375,567.9500122070312,566.1500244140625,567.7000122070312,3000960,SBIN
2023-08-17 06:45:00+00:00,566.4000244140625,567.2000122070312,565.0,566.6500244140625,2899562,SBIN
2023-08-17 07:45:00+00:00,568.75,568.9500122070312,565.75,566.3499755859375,3353934,SBIN
2023-08-17 08:45:00+00:00,572.7000122070312,573.0,568.1500244140625,568.7999877929688,8563247,SBIN
2023-08-17 09:45:00+00:00,571.25,573.1500244140625,571.0,572.6500244140625,2259421,SBIN
2023-08-18 03:45:00+00:00,570.5999755859375,573.2000122070312,567.7999877929688,567.7999877929688,3760570,SBIN
2023-08-18 04:45:00+00:00,571.4500122070312,572.5,569.5999755859375,570.5999755859375,1421969,SBIN
2023-08-18 05:45:00+00:00,571.2999877929688,572.5,570.7999877929688,571.4000244140625,1478623,SBIN
2023-08-18 06:45:00+00:00,569.9500122070312,571.3499755859375,569.7000122070312,571.2999877929688,1609587,SBIN
2023-08-18 07:45:00+00:00,571.7999877929688,572.4000244140625,569.6500244140625,569.9500122070312,3611063,SBIN
2023-08-18 08:45:00+00:00,573.8499755859375,575.2000122070312,571.6500244140625,571.8499755859375,4978065,SBIN
2023-08-18 09:45:00+00:00,571.0,574.0,570.75,573.7000122070312,1392049,SBIN
2023-08-21 03:45:00+00:00,572.3499755859375,575.0999755859375,571.4000244140625,572.5999755859375,0,SBIN
2023-08-21 04:45:00+00:00,572.9500122070312,573.9000244140625,571.9000244140625,572.2999877929688,1122030,SBIN
2023-08-21 05:45:00+00:00,572.7000122070312,573.4500122070312,571.5999755859375,573.0,1771101,SBIN
2023-08-21 06:45:00+00:00,573.25,573.9000244140625,572.2999877929688,572.7000122070312,853552,SBIN
2023-08-21 07:45:00+00:00,572.5999755859375,573.8499755859375,572.1500244140625,573.2999877929688,1699913,SBIN
2023-08-21 08:45:00+00:00,572.0999755859375,573.0,572.0,572.75,1080582,SBIN
2023-08-21 09:45:00+00:00,571.2999877929688,572.25,570.8499755859375,572.0499877929688,819193,SBIN
2023-08-22 03:45:00+00:00,573.0499877929688,574.0,571.8499755859375,572.5,2642846,SBIN
2023-08-22 04:45:00+00:00,572.5999755859375,574.4500122070312,572.2000122070312,573.1500244140625,1304143,SBIN
2023-08-22 05:45:00+00:00,570.25,572.6500244140625,569.75,572.5999755859375,1846061,SBIN
2023-08-22 06:45:00+00:00,570.0999755859375,570.7000122070312,568.5,570.5,1767233,SBIN
2023-08-22 07:45:00+00:00,570.0,570.5,569.0999755859375,570.0999755859375,2285158,SBIN
2023-08-22 08:45:00+00:00,568.9000244140625,570.5499877929688,568.2999877929688,570.0,2892732,SBIN
2023-08-22 09:45:00+00:00,568.5,568.9500122070312,567.5499877929688,568.8499755859375,1319232,SBIN
2023-08-23 03:45:00+00:00,568.0,570.3499755859375,567.4000244140625,569.7999877929688,0,SBIN
2023-08-23 04:45:00+00:00,571.2999877929688,571.9500122070312,566.0,568.0,2924977,SBIN
2023-08-23 05:45:00+00:00,573.0499877929688,573.4000244140625,570.9500122070312,571.2999877929688,2026813,SBIN
2023-08-23 06:45:00+00:00,573.7000122070312,574.5499877929688,572.4000244140625,573.2000122070312,2132268,SBIN
2023-08-23 07:45:00+00:00,577.75,577.8499755859375,573.6500244140625,573.6500244140625,3759057,SBIN
2023-08-23 08:45:00+00:00,576.8499755859375,577.9500122070312,576.0,577.8499755859375,2760457,SBIN
2023-08-23 09:45:00+00:00,576.9000244140625,577.5,576.0,576.8499755859375,0,SBIN
2023-08-24 03:45:00+00:00,580.7000122070312,582.0,578.2000122070312,578.2999877929688,5011418,SBIN
2023-08-24 04:45:00+00:00,577.9000244140625,581.1500244140625,577.0,580.7000122070312,2309403,SBIN
2023-08-24 05:45:00+00:00,576.7000122070312,579.4000244140625,576.1500244140625,577.7999877929688,3326560,SBIN
2023-08-24 06:45:00+00:00,576.4000244140625,577.8499755859375,575.75,576.7000122070312,2151871,SBIN
2023-08-24 07:45:00+00:00,578.3499755859375,578.7000122070312,576.25,576.3499755859375,3664428,SBIN
2023-08-24 08:45:00+00:00,576.7999877929688,578.5999755859375,575.5999755859375,578.4000244140625,6581800,SBIN
2023-08-24 09:45:00+00:00,576.9000244140625,577.4500122070312,576.0499877929688,576.8499755859375,1083319,SBIN
2023-08-25 03:45:00+00:00,573.0999755859375,575.25,571.0999755859375,572.0999755859375,1878594,SBIN
2023-08-25 04:45:00+00:00,568.5,573.2000122070312,567.2000122070312,573.0999755859375,2153683,SBIN
2023-08-25 05:45:00+00:00,571.5499877929688,573.4500122070312,568.2000122070312,568.5999755859375,2490964,SBIN
2023-08-25 06:45:00+00:00,571.0999755859375,573.2999877929688,570.7000122070312,571.4000244140625,2479975,SBIN
2023-08-25 07:45:00+00:00,570.7999877929688,572.25,570.0,571.1500244140625,931274,SBIN
2023-08-25 08:45:00+00:00,569.7999877929688,572.5,569.0999755859375,570.7000122070312,1804278,SBIN
2023-08-25 09:45:00+00:00,569.7000122070312,570.2000122070312,569.0,569.7999877929688,527202,SBIN
2023-08-28 03:45:00+00:00,569.7999877929688,574.5999755859375,569.2000122070312,572.9000244140625,0,SBIN
2023-08-28 04:45:00+00:00,570.7999877929688,571.4500122070312,569.5499877929688,569.75,1237320,SBIN
2023-08-28 05:45:00+00:00,571.7000122070312,572.9000244140625,570.7000122070312,570.7999877929688,1645356,SBIN
2023-08-28 06:45:00+00:00,572.4500122070312,573.3499755859375,571.5499877929688,571.5499877929688,1213321,SBIN
2023-08-28 07:45:00+00:00,573.0,574.3499755859375,572.0499877929688,572.4500122070312,1135523,SBIN
2023-08-28 08:45:00+00:00,572.8499755859375,573.75,572.0499877929688,572.9000244140625,1500559,SBIN
2023-08-28 09:45:00+00:00,573.1500244140625,573.5999755859375,572.5499877929688,572.8499755859375,530640,SBIN
2023-08-29 03:45:00+00:00,573.0,574.0,572.0999755859375,574.0,0,SBIN
2023-08-29 04:45:00+00:00,572.1500244140625,573.0999755859375,571.9000244140625,573.0499877929688,1276577,SBIN
2023-08-29 05:45:00+00:00,573.0999755859375,574.5,571.9000244140625,572.1500244140625,1263514,SBIN
2023-08-29 06:45:00+00:00,574.25,574.75,572.0,573.1500244140625,1600496,SBIN
2023-08-29 07:45:00+00:00,574.7000122070312,576.2999877929688,573.7999877929688,574.2000122070312,3024789,SBIN
2023-08-29 08:45:00+00:00,575.2000122070312,575.5,572.9000244140625,574.6500244140625,3509429,SBIN
2023-08-29 09:45:00+00:00,575.25,576.2000122070312,574.7000122070312,575.2000122070312,847251,SBIN
2023-08-30 03:45:00+00:00,575.5499877929688,577.5999755859375,575.0,576.0999755859375,1719298,SBIN
2023-08-30 04:45:00+00:00,575.2000122070312,576.5999755859375,574.7000122070312,575.5999755859375,1674026,SBIN
2023-08-30 05:45:00+00:00,573.8499755859375,575.25,573.75,575.2000122070312,1705446,SBIN
2023-08-30 06:45:00+00:00,572.4500122070312,573.9500122070312,571.25,573.75,2613501,SBIN
2023-08-30 07:45:00+00:00,569.7000122070312,572.7000122070312,569.5999755859375,572.5999755859375,2763746,SBIN
2023-08-30 08:45:00+00:00,568.0499877929688,570.0499877929688,567.5999755859375,569.7000122070312,3084732,SBIN
2023-08-30 09:45:00+00:00,567.5,568.2000122070312,566.3499755859375,568.0499877929688,1709390,SBIN
2023-08-31 03:45:00+00:00,568.2999877929688,570.25,567.2000122070312,568.25,0,SBIN
2023-08-31 04:45:00+00:00,565.5,569.1500244140625,564.5999755859375,568.5,3641998,SBIN
2023-08-31 05:45:00+00:00,566.0,566.25,564.7000122070312,565.5,2291415,SBIN
2023-08-31 06:45:00+00:00,563.7000122070312,566.3499755859375,563.6500244140625,566.0,3047983,SBIN
2023-08-31 07:45:00+00:00,564.7000122070312,566.7000122070312,563.0,563.7000122070312,2880621,SBIN
2023-08-31 08:45:00+00:00,561.1500244140625,565.1500244140625,561.0499877929688,564.7000122070312,6992615,SBIN
2023-08-31 09:45:00+00:00,561.3499755859375,562.4000244140625,559.5499877929688,561.0499877929688,5244976,SBIN
2023-09-01 03:45:00+00:00,563.2999877929688,565.2000122070312,562.2999877929688,562.5,0,SBIN
2023-09-01 04:45:00+00:00,567.25,568.0,563.2000122070312,563.4500122070312,3760549,SBIN
2023-09-01 05:45:00+00:00,567.0,567.9500122070312,566.2000122070312,567.3499755859375,1974402,SBIN
2023-09-01 06:45:00+00:00,568.4000244140625,569.5,566.5499877929688,566.9000244140625,3329404,SBIN
2023-09-01 07:45:00+00:00,569.2000122070312,570.2000122070312,567.25,568.4000244140625,2449554,SBIN
2023-09-01 08:45:00+00:00,569.3499755859375,571.1500244140625,568.9000244140625,569.2999877929688,3372841,SBIN
2023-09-01 09:45:00+00:00,569.5499877929688,569.8499755859375,568.4500122070312,569.2999877929688,806510,SBIN
2023-09-04 03:45:00+00:00,570.2999877929688,572.0,568.5499877929688,570.0999755859375,0,SBIN
2023-09-04 04:45:00+00:00,572.2999877929688,572.5499877929688,569.2000122070312,570.3499755859375,2014724,SBIN
2023-09-04 05:45:00+00:00,573.0999755859375,573.9000244140625,571.6500244140625,572.2999877929688,2485517,SBIN
2023-09-04 06:45:00+00:00,573.7000122070312,573.8499755859375,572.8499755859375,573.0999755859375,1125118,SBIN
2023-09-04 07:45:00+00:00,574.75,575.0,573.0,573.5999755859375,1626458,SBIN
2023-09-04 08:45:00+00:00,575.0499877929688,576.3499755859375,573.9000244140625,574.5999755859375,2069720,SBIN
2023-09-04 09:45:00+00:00,575.7000122070312,575.9000244140625,575.0499877929688,575.0499877929688,690158,SBIN
2023-09-05 03:45:00+00:00,576.4000244140625,578.2000122070312,575.7999877929688,576.0,0,SBIN
2023-09-05 04:45:00+00:00,573.75,576.5999755859375,573.0999755859375,576.4000244140625,2036052,SBIN
2023-09-05 05:45:00+00:00,574.2000122070312,576.0,573.4500122070312,573.75,2202085,SBIN
2023-09-05 06:45:00+00:00,573.25,574.5999755859375,572.0,574.2999877929688,1915230,SBIN
2023-09-05 07:45:00+00:00,573.5,573.7999877929688,571.3499755859375,573.0,2358934,SBIN
2023-09-05 08:45:00+00:00,573.2000122070312,574.2999877929688,572.4500122070312,573.3499755859375,2891664,SBIN
2023-09-05 09:45:00+00:00,572.9500122070312,573.7000122070312,572.5499877929688,573.2000122070312,945292,SBIN
2023-09-06 03:45:00+00:00,572.1500244140625,573.8499755859375,571.5999755859375,573.4000244140625,0,SBIN
2023-09-06 04:45:00+00:00,571.5499877929688,573.5499877929688,571.3499755859375,572.2000122070312,2481414,SBIN
2023-09-06 05:45:00+00:00,571.1500244140625,572.1500244140625,569.4500122070312,571.5,2673589,SBIN
2023-09-06 06:45:00+00:00,569.9000244140625,571.4500122070312,569.1500244140625,571.0999755859375,1236677,SBIN
2023-09-06 07:45:00+00:00,568.8499755859375,570.3499755859375,568.0499877929688,569.8499755859375,4134615,SBIN
2023-09-06 08:45:00+00:00,570.0999755859375,571.2999877929688,568.2999877929688,568.7999877929688,5258309,SBIN
2023-09-06 09:45:00+00:00,570.9500122070312,571.1500244140625,569.9500122070312,570.3499755859375,1968821,SBIN
2023-09-07 03:45:00+00:00,574.2999877929688,575.5,570.7999877929688,570.7999877929688,0,SBIN
2023-09-07 04:45:00+00:00,574.6500244140625,575.2000122070312,572.5,574.2999877929688,1085695,SBIN
2023-09-07 05:45:00+00:00,572.5,575.0,572.25,574.5999755859375,1045534,SBIN
2023-09-07 06:45:00+00:00,573.0499877929688,573.0999755859375,571.9000244140625,572.5,770976,SBIN
2023-09-07 07:45:00+00:00,575.25,575.3499755859375,572.7999877929688,572.9500122070312,1213722,SBIN
2023-09-07 08:45:00+00:00,578.25,579.3499755859375,574.5999755859375,575.25,3714497,SBIN
2023-09-07 09:45:00+00:00,579.0499877929688,580.9500122070312,578.0,578.25,1946264,SBIN
2023-09-08 03:45:00+00:00,583.2000122070312,584.7000122070312,579.7000122070312,581.0999755859375,0,SBIN
2023-09-08 04:45:00+00:00,582.6500244140625,583.5499877929688,581.0,583.1500244140625,1259192,SBIN
2023-09-08 05:45:00+00:00,586.25,586.25,582.5,582.6500244140625,2230698,SBIN
2023-09-08 06:45:00+00:00,586.0999755859375,587.2999877929688,585.3499755859375,586.2000122070312,2012054,SBIN
2023-09-08 07:45:00+00:00,587.0,587.6500244140625,584.9000244140625,585.9000244140625,1841152,SBIN
2023-09-08 08:45:00+00:00,583.25,588.4500122070312,583.25,587.0,2545611,SBIN
2023-09-08 09:45:00+00:00,583.3499755859375,583.7999877929688,582.25,583.2999877929688,723770,SBIN
2023-09-11 03:45:00+00:00,590.3499755859375,591.25,585.5499877929688,586.9500122070312,0,SBIN
2023-09-11 04:45:00+00:00,589.2999877929688,590.5499877929688,588.0999755859375,590.1500244140625,1480162,SBIN
2023-09-11 05:45:00+00:00,589.9500122070312,591.0,589.25,589.2999877929688,940840,SBIN
2023-09-11 06:45:00+00:00,589.75,591.0,589.6500244140625,589.9000244140625,831021,SBIN
2023-09-11 07:45:00+00:00,589.8499755859375,590.4500122070312,589.25,589.7000122070312,961036,SBIN
2023-09-11 08:45:00+00:00,591.5499877929688,592.2999877929688,589.7000122070312,589.8499755859375,2340951,SBIN
2023-09-11 09:45:00+00:00,590.7999877929688,591.9500122070312,590.5999755859375,591.5999755859375,801323,SBIN
2023-09-12 03:45:00+00:00,586.9500122070312,594.0,584.6500244140625,593.25,0,SBIN
2023-09-12 04:45:00+00:00,588.7999877929688,589.25,585.4000244140625,586.7999877929688,1495365,SBIN
2023-09-12 05:45:00+00:00,587.8499755859375,589.3499755859375,586.7999877929688,588.75,2118799,SBIN
2023-09-12 06:45:00+00:00,586.5499877929688,588.1500244140625,584.9000244140625,587.9500122070312,2507115,SBIN
2023-09-12 07:45:00+00:00,588.5499877929688,588.9000244140625,585.75,586.6500244140625,1432194,SBIN
2023-09-12 08:45:00+00:00,588.0,590.2999877929688,586.9500122070312,588.7999877929688,2467443,SBIN
2023-09-12 09:45:00+00:00,587.5,589.4000244140625,587.0,588.0999755859375,1141544,SBIN
2023-09-13 03:45:00+00:00,584.3499755859375,589.2000122070312,583.5,588.0999755859375,0,SBIN
2023-09-13 04:45:00+00:00,588.5,589.0,583.5499877929688,584.3499755859375,2301319,SBIN
2023-09-13 05:45:00+00:00,589.6500244140625,590.4500122070312,587.9000244140625,588.4500122070312,1445036,SBIN
2023-09-13 06:45:00+00:00,592.1500244140625,592.6500244140625,589.25,589.6500244140625,1609245,SBIN
2023-09-13 07:45:00+00:00,596.5499877929688,598.0,592.0,592.2000122070312,4593875,SBIN
2023-09-13 08:45:00+00:00,596.4000244140625,597.75,595.5,597.0,4306726,SBIN
2023-09-13 09:45:00+00:00,596.0,597.0,595.0499877929688,596.3499755859375,2065125,SBIN
2023-09-14 03:45:00+00:00,597.7000122070312,603.5499877929688,596.5499877929688,599.4000244140625,0,SBIN
2023-09-14 04:45:00+00:00,599.5,600.0499877929688,596.4500122070312,597.7000122070312,2027225,SBIN
2023-09-14 05:45:00+00:00,599.3499755859375,599.8499755859375,597.5999755859375,599.5,750722,SBIN
2023-09-14 06:45:00+00:00,598.1500244140625,599.5999755859375,596.7000122070312,599.3499755859375,929623,SBIN
2023-09-14 07:45:00+00:00,596.5499877929688,599.25,595.2000122070312,598.0499877929688,1535987,SBIN
2023-09-14 08:45:00+00:00,596.9500122070312,598.2999877929688,596.5499877929688,596.5999755859375,2184723,SBIN
2023-09-14 09:45:00+00:00,596.75,597.5999755859375,596.5,596.9500122070312,1130035,SBIN
2023-09-15 03:45:00+00:00,597.2999877929688,600.3499755859375,596.0499877929688,599.2000122070312,0,SBIN
2023-09-15 04:45:00+00:00,598.8499755859375,600.7000122070312,596.9500122070312,597.4000244140625,1316742,SBIN
2023-09-15 05:45:00+00:00,598.5,599.9500122070312,598.0499877929688,598.8499755859375,937772,SBIN
2023-09-15 06:45:00+00:00,597.1500244140625,598.5999755859375,595.2000122070312,598.5999755859375,1206889,SBIN
2023-09-15 07:45:00+00:00,598.1500244140625,598.3499755859375,596.1500244140625,597.0999755859375,992328,SBIN
2023-09-15 08:45:00+00:00,598.9000244140625,599.5,597.0,598.2999877929688,3312141,SBIN
2023-09-15 09:45:00+00:00,598.0999755859375,599.5999755859375,597.9000244140625,598.7000122070312,1998590,SBIN
2023-09-18 03:45:00+00:00,604.5,606.7999877929688,597.0499877929688,598.9500122070312,0,SBIN
2023-09-18 04:45:00+00:00,606.5999755859375,607.0,603.4500122070312,604.4500122070312,2201999,SBIN
2023-09-18 05:45:00+00:00,605.4000244140625,608.2999877929688,605.25,606.7000122070312,3404217,SBIN
2023-09-18 06:45:00+00:00,605.5,606.0,605.0,605.4000244140625,1704310,SBIN
2023-09-18 07:45:00+00:00,604.75,606.4500122070312,604.5,605.5,1797529,SBIN
2023-09-18 08:45:00+00:00,603.7000122070312,607.4500122070312,603.6500244140625,604.75,3959725,SBIN
2023-09-18 09:45:00+00:00,603.0,604.1500244140625,602.5,603.6500244140625,1159872,SBIN
2023-09-20 03:45:00+00:00,602.0499877929688,604.3499755859375,600.2999877929688,600.5999755859375,5623687,SBIN
2023-09-20 04:45:00+00:00,602.4000244140625,606.7999877929688,601.9500122070312,602.25,3340939,SBIN
2023-09-20 05:45:00+00:00,603.5499877929688,604.2999877929688,602.1500244140625,602.4500122070312,1389060,SBIN
2023-09-20 06:45:00+00:00,603.5,606.0,602.6500244140625,603.5499877929688,2239462,SBIN
2023-09-20 07:45:00+00:00,602.3499755859375,604.0999755859375,600.6500244140625,603.7000122070312,3584620,SBIN
2023-09-20 08:45:00+00:00,600.9000244140625,602.75,600.4500122070312,602.0,2584942,SBIN
2023-09-20 09:45:00+00:00,601.0,601.6500244140625,600.75,600.9000244140625,2548136,SBIN
2023-09-21 03:45:00+00:00,604.0499877929688,606.5999755859375,600.2999877929688,600.2999877929688,0,SBIN
2023-09-21 04:45:00+00:00,604.2000122070312,604.4000244140625,602.2999877929688,604.0,1651533,SBIN
2023-09-21 05:45:00+00:00,593.3499755859375,604.2999877929688,590.5499877929688,604.1500244140625,3295018,SBIN
2023-09-21 06:45:00+00:00,586.0,593.5499877929688,584.9500122070312,593.4000244140625,4942025,SBIN
2023-09-21 07:45:00+00:00,585.9000244140625,588.2999877929688,585.4500122070312,585.9500122070312,4725613,SBIN
2023-09-21 08:45:00+00:00,588.1500244140625,588.5,585.4500122070312,585.7999877929688,3060958,SBIN
2023-09-21 09:45:00+00:00,588.0,588.9000244140625,587.5999755859375,588.1500244140625,1236788,SBIN
2023-09-22 03:45:00+00:00,595.75,600.8499755859375,592.0999755859375,593.0,0,SBIN
2023-09-22 04:45:00+00:00,600.2999877929688,602.0,594.1500244140625,595.8499755859375,2962910,SBIN
2023-09-22 05:45:00+00:00,599.5,601.5,598.25,600.2999877929688,1602716,SBIN
2023-09-22 06:45:00+00:00,599.8499755859375,601.5999755859375,598.0999755859375,599.6500244140625,1905179,SBIN
2023-09-22 07:45:00+00:00,599.5,600.3499755859375,597.8499755859375,599.7999877929688,2231581,SBIN
2023-09-22 08:45:00+00:00,597.5,600.3499755859375,597.5,599.5,2291963,SBIN
2023-09-22 09:45:00+00:00,598.7000122070312,598.9500122070312,597.2999877929688,597.75,1060732,SBIN
2023-09-25 03:45:00+00:00,594.5999755859375,601.0,594.0999755859375,601.0,0,SBIN
2023-09-25 04:45:00+00:00,591.7999877929688,596.0,591.5999755859375,594.5999755859375,1302014,SBIN
2023-09-25 05:45:00+00:00,592.4500122070312,593.5999755859375,590.4500122070312,591.7999877929688,1491586,SBIN
2023-09-25 06:45:00+00:00,594.9000244140625,595.5,592.5,592.5,1797053,SBIN
2023-09-25 07:45:00+00:00,593.5499877929688,596.4000244140625,593.5499877929688,594.9000244140625,991676,SBIN
2023-09-25 08:45:00+00:00,594.2000122070312,595.25,592.5,593.5999755859375,1168138,SBIN
2023-09-25 09:45:00+00:00,594.1500244140625,594.2999877929688,593.5499877929688,594.25,608569,SBIN
2023-09-26 03:45:00+00:00,594.2000122070312,595.0,592.5999755859375,592.5999755859375,0,SBIN
2023-09-26 04:45:00+00:00,593.5999755859375,594.9500122070312,592.7000122070312,594.4000244140625,703948,SBIN
2023-09-26 05:45:00+00:00,593.5499877929688,594.0,592.1500244140625,593.7999877929688,756728,SBIN
2023-09-26 06:45:00+00:00,593.8499755859375,594.7999877929688,591.4000244140625,593.7000122070312,1415961,SBIN
2023-09-26 07:45:00+00:00,593.5999755859375,594.4500122070312,593.0,593.75,1059377,SBIN
2023-09-26 08:45:00+00:00,594.0499877929688,594.9500122070312,593.5,593.8499755859375,2115279,SBIN
2023-09-26 09:45:00+00:00,594.5,595.0,593.9000244140625,594.2000122070312,744569,SBIN
2023-09-27 03:45:00+00:00,589.75,594.2999877929688,589.5999755859375,593.4500122070312,0,SBIN
2023-09-27 04:45:00+00:00,591.9000244140625,592.0,588.2000122070312,589.7999877929688,1250321,SBIN
2023-09-27 05:45:00+00:00,589.5499877929688,592.0999755859375,589.2999877929688,591.9000244140625,1233318,SBIN
2023-09-27 06:45:00+00:00,591.2000122070312,591.7999877929688,589.2999877929688,589.5499877929688,782652,SBIN
2023-09-27 07:45:00+00:00,591.25,592.1500244140625,590.3499755859375,591.2000122070312,1609392,SBIN
2023-09-27 08:45:00+00:00,589.25,591.6500244140625,589.2000122070312,591.4000244140625,2105520,SBIN
2023-09-27 09:45:00+00:00,589.9000244140625,590.1500244140625,589.1500244140625,589.2000122070312,1329236,SBIN
2023-09-28 03:45:00+00:00,592.5499877929688,593.0499877929688,589.75,591.25,0,SBIN
2023-09-28 04:45:00+00:00,591.4500122070312,595.2000122070312,591.4500122070312,592.5499877929688,3334407,SBIN
2023-09-28 05:45:00+00:00,591.6500244140625,592.4000244140625,590.5,591.5499877929688,1207562,SBIN
2023-09-28 06:45:00+00:00,591.75,594.5,591.0999755859375,591.7000122070312,3778782,SBIN
2023-09-28 07:45:00+00:00,589.8499755859375,592.0,589.2000122070312,591.9000244140625,1926793,SBIN
2023-09-28 08:45:00+00:00,590.4000244140625,590.8499755859375,588.9000244140625,589.7000122070312,5293272,SBIN
2023-09-28 09:45:00+00:00,589.9500122070312,591.0499877929688,589.0499877929688,590.2999877929688,3238448,SBIN
2023-09-29 03:45:00+00:00,595.7000122070312,596.8499755859375,591.5999755859375,592.4000244140625,0,SBIN
2023-09-29 04:45:00+00:00,595.6500244140625,597.25,594.25,595.7000122070312,1651732,SBIN
2023-09-29 05:45:00+00:00,596.9000244140625,597.5,594.5999755859375,595.5499877929688,965806,SBIN
2023-09-29 06:45:00+00:00,597.9500122070312,598.4000244140625,595.9500122070312,596.7999877929688,1327066,SBIN
2023-09-29 07:45:00+00:00,598.5999755859375,599.2000122070312,596.7999877929688,597.9000244140625,1103776,SBIN
2023-09-29 08:45:00+00:00,597.9500122070312,600.0,597.8499755859375,598.5499877929688,3492470,SBIN
2023-09-29 09:45:00+00:00,598.2999877929688,599.7999877929688,597.7999877929688,597.9500122070312,1341561,SBIN
2023-10-03 03:45:00+00:00,593.6500244140625,596.5,589.5999755859375,595.2999877929688,0,SBIN
2023-10-03 04:45:00+00:00,593.4000244140625,594.4500122070312,592.4000244140625,593.6500244140625,1074013,SBIN
2023-10-03 05:45:00+00:00,595.0,595.6500244140625,593.0999755859375,593.3499755859375,1271549,SBIN
2023-10-03 06:45:00+00:00,596.2000122070312,596.2999877929688,594.7000122070312,595.0999755859375,878372,SBIN
2023-10-03 07:45:00+00:00,599.0499877929688,600.4000244140625,595.0499877929688,596.25,3564235,SBIN
2023-10-03 08:45:00+00:00,603.1500244140625,603.9000244140625,597.8499755859375,599.0499877929688,3597455,SBIN
2023-10-03 09:45:00+00:00,603.0999755859375,604.6500244140625,603.0,603.1500244140625,2075382,SBIN
2023-10-04 03:45:00+00:00,594.25,600.0999755859375,594.0999755859375,600.0999755859375,0,SBIN
2023-10-04 04:45:00+00:00,594.0999755859375,595.0499877929688,593.0,594.4500122070312,3563823,SBIN
2023-10-04 05:45:00+00:00,587.2000122070312,594.6500244140625,585.4500122070312,594.0999755859375,3181340,SBIN
2023-10-04 06:45:00+00:00,586.9500122070312,588.2000122070312,586.0499877929688,587.0999755859375,3126580,SBIN
2023-10-04 07:45:00+00:00,587.7000122070312,588.2999877929688,585.0,587.0,3491317,SBIN
2023-10-04 08:45:00+00:00,586.9000244140625,588.25,586.2999877929688,587.7999877929688,3911019,SBIN
2023-10-04 09:45:00+00:00,585.2000122070312,586.9500122070312,584.5,586.9000244140625,2173761,SBIN
2023-10-05 03:45:00+00:00,589.7000122070312,590.5,588.0499877929688,589.4000244140625,0,SBIN
2023-10-05 04:45:00+00:00,593.25,594.2999877929688,587.0999755859375,589.75,3712180,SBIN
2023-10-05 05:45:00+00:00,592.25,593.7999877929688,591.75,593.4000244140625,983515,SBIN
2023-10-05 06:45:00+00:00,590.9500122070312,592.5,590.4500122070312,592.3499755859375,901929,SBIN
2023-10-05 07:45:00+00:00,593.0499877929688,593.4000244140625,590.7000122070312,590.9000244140625,1262422,SBIN
2023-10-05 08:45:00+00:00,592.2999877929688,594.25,592.0,593.2000122070312,2040936,SBIN
2023-10-05 09:45:00+00:00,591.9500122070312,592.9000244140625,591.2000122070312,592.2000122070312,1015157,SBIN
2023-10-06 03:45:00+00:00,594.5499877929688,596.3499755859375,592.4500122070312,593.4000244140625,0,SBIN
2023-10-06 04:45:00+00:00,597.0999755859375,598.9500122070312,594.5499877929688,594.5499877929688,1728776,SBIN
2023-10-06 05:45:00+00:00,593.9000244140625,597.25,593.7000122070312,597.0,1007760,SBIN
2023-10-06 06:45:00+00:00,594.5999755859375,595.3499755859375,593.2999877929688,594.0499877929688,974325,SBIN
2023-10-06 07:45:00+00:00,595.1500244140625,595.9000244140625,594.2999877929688,594.5499877929688,594167,SBIN
2023-10-06 08:45:00+00:00,594.7000122070312,595.2999877929688,593.0,595.0999755859375,1514245,SBIN
2023-10-06 09:45:00+00:00,594.2000122070312,594.7000122070312,593.4000244140625,594.5,612410,SBIN
2023-10-09 03:45:00+00:00,586.25,588.5,581.5999755859375,588.5,0,SBIN
2023-10-09 04:45:00+00:00,585.2000122070312,586.9000244140625,584.3499755859375,586.3499755859375,996582,SBIN
2023-10-09 05:45:00+00:00,584.9500122070312,585.7999877929688,584.5999755859375,585.3499755859375,588750,SBIN
2023-10-09 06:45:00+00:00,582.9500122070312,585.2000122070312,582.7000122070312,584.9500122070312,1356885,SBIN
2023-10-09 07:45:00+00:00,583.3499755859375,583.9000244140625,582.5999755859375,582.9500122070312,806100,SBIN
2023-10-09 08:45:00+00:00,585.1500244140625,586.25,582.6500244140625,583.3499755859375,1763592,SBIN
2023-10-09 09:45:00+00:00,585.0999755859375,585.5,584.5,585.2000122070312,636129,SBIN
2023-10-10 03:45:00+00:00,587.5,588.75,586.1500244140625,587.2000122070312,0,SBIN
2023-10-10 04:45:00+00:00,586.4500122070312,588.0,586.0499877929688,587.4500122070312,596984,SBIN
2023-10-10 05:45:00+00:00,590.2999877929688,590.2999877929688,585.75,586.3499755859375,1734709,SBIN
2023-10-10 06:45:00+00:00,592.0499877929688,592.9500122070312,588.9000244140625,590.4000244140625,1482025,SBIN
2023-10-10 07:45:00+00:00,593.9000244140625,595.0,591.8499755859375,592.0499877929688,1896589,SBIN
2023-10-10 08:45:00+00:00,591.2999877929688,594.8499755859375,591.1500244140625,594.0,2105986,SBIN
2023-10-10 09:45:00+00:00,591.4000244140625,591.8499755859375,591.0499877929688,591.2000122070312,860888,SBIN
2023-10-11 03:45:00+00:00,595.0,597.0,594.0499877929688,595.5999755859375,0,SBIN
2023-10-11 04:45:00+00:00,592.5499877929688,595.25,592.0,594.9500122070312,1520134,SBIN
2023-10-11 05:45:00+00:00,594.8499755859375,595.2999877929688,592.25,592.5,1124323,SBIN
2023-10-11 06:45:00+00:00,593.5499877929688,595.0,592.5999755859375,594.7999877929688,969595,SBIN
2023-10-11 07:45:00+00:00,589.0,593.5999755859375,588.7000122070312,593.5499877929688,2489291,SBIN
2023-10-11 08:45:00+00:00,587.9500122070312,589.9500122070312,587.7999877929688,589.0499877929688,4198845,SBIN
2023-10-11 09:45:00+00:00,588.7000122070312,589.2000122070312,587.6500244140625,587.9500122070312,1641808,SBIN
2023-10-12 03:45:00+00:00,591.5,592.9500122070312,590.7000122070312,591.1500244140625,0,SBIN
2023-10-12 04:45:00+00:00,591.0,592.0,589.6500244140625,591.5,843240,SBIN
2023-10-12 05:45:00+00:00,590.5999755859375,591.2000122070312,590.25,591.1500244140625,542651,SBIN
2023-10-12 06:45:00+00:00,587.9000244140625,590.6500244140625,587.0,590.4500122070312,1711441,SBIN
2023-10-12 07:45:00+00:00,587.4000244140625,588.5,587.0,587.9500122070312,2033099,SBIN
2023-10-12 08:45:00+00:00,586.5,587.5999755859375,586.2000122070312,587.3499755859375,3334140,SBIN
2023-10-12 09:45:00+00:00,585.6500244140625,586.5,585.2000122070312,586.4500122070312,1955685,SBIN
2023-10-13 03:45:00+00:00,575.7000122070312,581.2999877929688,574.9000244140625,578.0,0,SBIN
2023-10-13 04:45:00+00:00,575.8499755859375,577.0999755859375,574.7999877929688,575.7000122070312,2813933,SBIN
2023-10-13 05:45:00+00:00,575.5999755859375,576.1500244140625,575.1500244140625,575.8499755859375,1501094,SBIN
2023-10-13 06:45:00+00:00,576.0999755859375,576.5,575.1500244140625,575.5499877929688,1487216,SBIN
2023-10-13 07:45:00+00:00,578.9500122070312,579.4500122070312,576.0,576.0999755859375,2112239,SBIN
2023-10-13 08:45:00+00:00,576.7999877929688,580.5,576.0,578.7999877929688,2856845,SBIN
2023-10-13 09:45:00+00:00,576.0,576.7000122070312,575.4500122070312,576.5999755859375,1725099,SBIN
2023-10-16 03:45:00+00:00,575.5499877929688,577.5,572.0999755859375,575.7000122070312,0,SBIN
2023-10-16 04:45:00+00:00,577.0999755859375,578.4000244140625,575.2000122070312,575.5,1514328,SBIN
2023-10-16 05:45:00+00:00,577.2999877929688,578.75,576.5499877929688,577.0,1645575,SBIN
2023-10-16 06:45:00+00:00,576.25,577.5499877929688,576.2000122070312,577.3499755859375,831689,SBIN
2023-10-16 07:45:00+00:00,575.7000122070312,576.7999877929688,574.5999755859375,576.2000122070312,1387467,SBIN
2023-10-16 08:45:00+00:00,575.7999877929688,576.7000122070312,575.4000244140625,575.7000122070312,1495841,SBIN
2023-10-16 09:45:00+00:00,575.5,575.9500122070312,575.0999755859375,575.7999877929688,821592,SBIN
2023-10-17 03:45:00+00:00,578.7999877929688,579.9000244140625,577.25,578.3499755859375,0,SBIN
2023-10-17 04:45:00+00:00,579.0999755859375,579.8499755859375,578.1500244140625,578.75,757128,SBIN
2023-10-17 05:45:00+00:00,578.3499755859375,579.4500122070312,578.0,579.1500244140625,1171635,SBIN
2023-10-17 06:45:00+00:00,577.9000244140625,578.5,577.6500244140625,578.4500122070312,743127,SBIN
2023-10-17 07:45:00+00:00,575.9000244140625,578.5999755859375,575.2999877929688,577.9000244140625,2356578,SBIN
2023-10-17 08:45:00+00:00,576.2000122070312,577.5499877929688,575.6500244140625,575.8499755859375,2498417,SBIN
2023-10-17 09:45:00+00:00,576.5999755859375,576.7999877929688,576.0,576.2000122070312,1129455,SBIN
2023-10-18 03:45:00+00:00,578.5,579.2000122070312,576.9500122070312,578.0499877929688,0,SBIN
2023-10-18 04:45:00+00:00,570.3499755859375,578.9500122070312,569.5,578.4500122070312,3107706,SBIN
2023-10-18 05:45:00+00:00,571.2999877929688,572.5,570.2000122070312,570.5999755859375,1795394,SBIN
2023-10-18 06:45:00+00:00,571.7000122070312,571.9000244140625,570.7999877929688,571.25,1309700,SBIN
2023-10-18 07:45:00+00:00,573.0499877929688,573.2999877929688,571.0499877929688,571.7000122070312,1216862,SBIN
2023-10-18 08:45:00+00:00,572.8499755859375,573.25,571.9000244140625,573.0499877929688,2026080,SBIN
2023-10-18 09:45:00+00:00,572.5999755859375,573.0,572.2999877929688,572.8499755859375,826265,SBIN
2023-10-19 03:45:00+00:00,570.4500122070312,572.8499755859375,567.0499877929688,569.4500122070312,0,SBIN
2023-10-19 04:45:00+00:00,570.2999877929688,570.75,568.7000122070312,570.4500122070312,1443402,SBIN
2023-10-19 05:45:00+00:00,572.0999755859375,573.0,570.2000122070312,570.4000244140625,1556170,SBIN
2023-10-19 06:45:00+00:00,571.0499877929688,572.4500122070312,570.6500244140625,572.0499877929688,1743638,SBIN
2023-10-19 07:45:00+00:00,572.1500244140625,573.9500122070312,570.25,571.0499877929688,1391609,SBIN
2023-10-19 08:45:00+00:00,570.7999877929688,572.9000244140625,569.7999877929688,572.0999755859375,1570177,SBIN
2023-10-19 09:45:00+00:00,571.2999877929688,571.5,570.5,570.8499755859375,585256,SBIN
2023-10-20 03:45:00+00:00,567.8499755859375,570.0,566.5999755859375,569.2999877929688,0,SBIN
2023-10-20 04:45:00+00:00,567.0999755859375,567.9000244140625,565.75,567.9000244140625,1230865,SBIN
2023-10-20 05:45:00+00:00,565.5,567.8499755859375,564.0,567.0,1599172,SBIN
2023-10-20 06:45:00+00:00,562.75,565.5999755859375,562.1500244140625,565.5,1829777,SBIN
2023-10-20 07:45:00+00:00,563.8499755859375,565.1500244140625,562.6500244140625,562.75,1432574,SBIN
2023-10-20 08:45:00+00:00,563.0499877929688,564.5,562.8499755859375,563.7999877929688,1684255,SBIN
2023-10-20 09:45:00+00:00,562.7000122070312,563.6500244140625,562.2000122070312,563.0499877929688,1193254,SBIN
2023-10-23 03:45:00+00:00,560.7999877929688,565.9000244140625,560.5,563.0,0,SBIN
2023-10-23 04:45:00+00:00,561.75,562.4000244140625,560.5,560.7999877929688,988022,SBIN
2023-10-23 05:45:00+00:00,560.75,561.9000244140625,560.3499755859375,561.75,1106456,SBIN
2023-10-23 06:45:00+00:00,560.2999877929688,562.8499755859375,560.2999877929688,560.9000244140625,1752026,SBIN
2023-10-23 07:45:00+00:00,559.5999755859375,562.0,559.2000122070312,560.2999877929688,1781669,SBIN
2023-10-23 08:45:00+00:00,552.6500244140625,560.3499755859375,552.4500122070312,559.5,3074807,SBIN
2023-10-23 09:45:00+00:00,552.2000122070312,553.0999755859375,551.6500244140625,552.7000122070312,1248639,SBIN
2023-10-25 03:45:00+00:00,557.9000244140625,558.3499755859375,553.7999877929688,557.0,3516178,SBIN
2023-10-25 04:45:00+00:00,559.2999877929688,560.0999755859375,557.5,557.8499755859375,2302100,SBIN
2023-10-25 05:45:00+00:00,559.4000244140625,560.7999877929688,557.2000122070312,559.3499755859375,1423499,SBIN
2023-10-25 06:45:00+00:00,554.5999755859375,559.75,554.4500122070312,559.4500122070312,1440221,SBIN
2023-10-25 07:45:00+00:00,558.8499755859375,559.0,554.0499877929688,554.2999877929688,1409922,SBIN
2023-10-25 08:45:00+00:00,555.8499755859375,559.0,555.7000122070312,558.9000244140625,1290675,SBIN
2023-10-25 09:45:00+00:00,556.2000122070312,556.7000122070312,555.5,555.9000244140625,747680,SBIN
2023-10-26 03:45:00+00:00,551.2000122070312,552.6500244140625,547.6500244140625,551.9000244140625,0,SBIN
2023-10-26 04:45:00+00:00,549.0499877929688,551.75,548.5,551.0999755859375,2191734,SBIN
2023-10-26 05:45:00+00:00,545.5,549.0499877929688,545.4500122070312,548.9500122070312,1933657,SBIN
2023-10-26 06:45:00+00:00,545.3499755859375,546.8499755859375,543.3499755859375,545.4000244140625,2968199,SBIN
2023-10-26 07:45:00+00:00,544.4500122070312,548.5,543.2000122070312,545.3499755859375,2816544,SBIN
2023-10-26 08:45:00+00:00,547.0499877929688,547.3499755859375,543.4000244140625,544.4500122070312,4308391,SBIN
2023-10-26 09:45:00+00:00,547.0,548.0,546.2999877929688,547.25,1503540,SBIN
2023-10-27 03:45:00+00:00,555.5,556.7000122070312,550.0,550.0,0,SBIN
2023-10-27 04:45:00+00:00,560.5499877929688,560.7999877929688,555.25,555.5999755859375,2106614,SBIN
2023-10-27 05:45:00+00:00,559.0999755859375,561.5,558.7000122070312,560.5,1221970,SBIN
2023-10-27 06:45:00+00:00,558.9000244140625,559.7000122070312,558.3499755859375,559.0,1056943,SBIN
2023-10-27 07:45:00+00:00,560.3499755859375,560.7000122070312,558.8499755859375,558.9000244140625,1021172,SBIN
2023-10-27 08:45:00+00:00,560.5499877929688,562.5,559.9500122070312,560.3499755859375,1767367,SBIN
2023-10-27 09:45:00+00:00,561.4000244140625,561.7999877929688,560.5,560.5,690804,SBIN
2023-10-30 03:45:00+00:00,557.4500122070312,562.0,556.5,562.0,0,SBIN
2023-10-30 04:45:00+00:00,559.5999755859375,561.5,556.5999755859375,557.5,1162618,SBIN
2023-10-30 05:45:00+00:00,562.7000122070312,563.7000122070312,559.4500122070312,559.5,898446,SBIN
2023-10-30 06:45:00+00:00,564.4000244140625,564.7000122070312,561.9000244140625,562.7999877929688,959085,SBIN
2023-10-30 07:45:00+00:00,563.4000244140625,564.5,563.0,564.5,1352432,SBIN
2023-10-30 08:45:00+00:00,564.2999877929688,564.6500244140625,562.3499755859375,563.25,1886409,SBIN
2023-10-30 09:45:00+00:00,566.0,566.6500244140625,564.25,564.2999877929688,885497,SBIN
2023-10-31 03:45:00+00:00,567.9500122070312,569.0,565.5499877929688,565.5499877929688,0,SBIN
2023-10-31 04:45:00+00:00,568.0999755859375,569.5,565.7999877929688,568.0499877929688,2246577,SBIN
2023-10-31 05:45:00+00:00,563.75,568.6500244140625,563.7000122070312,568.0999755859375,2022829,SBIN
2023-10-31 06:45:00+00:00,564.2000122070312,565.5999755859375,563.1500244140625,563.7000122070312,1266431,SBIN
2023-10-31 07:45:00+00:00,566.0499877929688,566.2000122070312,563.6500244140625,564.2000122070312,1166208,SBIN
2023-10-31 08:45:00+00:00,566.0499877929688,568.3499755859375,564.4500122070312,566.1500244140625,2919915,SBIN
2023-10-31 09:45:00+00:00,565.25,566.3499755859375,564.75,566.0,882955,SBIN
2023-11-01 03:45:00+00:00,568.2999877929688,568.5,563.8499755859375,566.1500244140625,0,SBIN
2023-11-01 04:45:00+00:00,567.5499877929688,569.5999755859375,566.5999755859375,568.3499755859375,2206156,SBIN
2023-11-01 05:45:00+00:00,568.2999877929688,568.75,566.7999877929688,567.5499877929688,1250723,SBIN
2023-11-01 06:45:00+00:00,567.9000244140625,569.0999755859375,566.7000122070312,568.2000122070312,2078733,SBIN
2023-11-01 07:45:00+00:00,567.0499877929688,568.6500244140625,565.9500122070312,567.9500122070312,1684742,SBIN
2023-11-01 08:45:00+00:00,566.2000122070312,567.9000244140625,565.75,567.0,2929036,SBIN
2023-11-01 09:45:00+00:00,566.4000244140625,567.4500122070312,565.3499755859375,566.0,0,SBIN
2023-11-02 03:45:00+00:00,572.7999877929688,574.4000244140625,571.1500244140625,571.25,2303277,SBIN
2023-11-02 04:45:00+00:00,571.5499877929688,575.4500122070312,570.7999877929688,572.8499755859375,1286305,SBIN
2023-11-02 05:45:00+00:00,568.9500122070312,571.5499877929688,567.6500244140625,571.5499877929688,1776609,SBIN
2023-11-02 06:45:00+00:00,570.75,570.9500122070312,568.0,568.8499755859375,1838028,SBIN
2023-11-02 07:45:00+00:00,571.1500244140625,571.7999877929688,569.5,570.7000122070312,1157906,SBIN
2023-11-02 08:45:00+00:00,571.7000122070312,573.0,571.0,571.0999755859375,2246422,SBIN
2023-11-02 09:45:00+00:00,572.0999755859375,572.5,571.3499755859375,571.6500244140625,533715,SBIN
2023-11-03 03:45:00+00:00,576.9000244140625,577.0,573.4500122070312,575.5,0,SBIN
2023-11-03 04:45:00+00:00,577.75,578.6500244140625,576.3499755859375,576.9000244140625,2150771,SBIN
2023-11-03 05:45:00+00:00,577.25,578.2999877929688,577.0,577.7999877929688,1651175,SBIN
2023-11-03 06:45:00+00:00,578.1500244140625,578.4000244140625,577.0,577.2000122070312,1276682,SBIN
2023-11-03 07:45:00+00:00,578.0999755859375,578.6500244140625,577.2999877929688,578.2000122070312,1073551,SBIN
2023-11-03 08:45:00+00:00,577.7999877929688,578.2999877929688,576.75,578.0999755859375,1804417,SBIN
2023-11-03 09:45:00+00:00,579.2000122070312,579.5,577.7000122070312,577.8499755859375,1158255,SBIN
2023-11-06 03:45:00+00:00,576.2000122070312,581.8499755859375,575.1500244140625,581.7999877929688,0,SBIN
2023-11-06 04:45:00+00:00,573.75,576.25,573.25,576.2000122070312,2212665,SBIN
2023-11-06 05:45:00+00:00,574.8499755859375,576.2000122070312,573.4000244140625,573.7000122070312,2631211,SBIN
2023-11-06 06:45:00+00:00,574.0499877929688,576.0,573.6500244140625,574.7999877929688,1243514,SBIN
2023-11-06 07:45:00+00:00,575.2000122070312,575.75,573.75,573.9500122070312,1343360,SBIN
2023-11-06 08:45:00+00:00,574.4500122070312,576.0499877929688,574.0,575.0499877929688,2988281,SBIN
2023-11-06 09:45:00+00:00,574.0499877929688,575.0499877929688,573.7999877929688,574.4500122070312,1378276,SBIN
2023-11-07 03:45:00+00:00,577.4500122070312,577.7000122070312,573.2000122070312,574.5999755859375,0,SBIN
2023-11-07 04:45:00+00:00,576.75,578.0999755859375,576.0499877929688,577.5,3168229,SBIN
2023-11-07 05:45:00+00:00,576.5,577.8499755859375,574.9000244140625,576.75,2712224,SBIN
2023-11-07 06:45:00+00:00,576.1500244140625,577.0499877929688,574.2999877929688,576.4500122070312,1953979,SBIN
2023-11-07 07:45:00+00:00,579.0499877929688,580.0,576.0,576.0,2525067,SBIN
2023-11-07 08:45:00+00:00,579.2999877929688,579.9000244140625,578.0,579.1500244140625,2580199,SBIN
2023-11-07 09:45:00+00:00,580.3499755859375,581.2000122070312,579.0999755859375,579.2999877929688,2091594,SBIN
2023-11-08 03:45:00+00:00,580.0,582.2999877929688,580.0,581.5499877929688,0,SBIN
2023-11-08 04:45:00+00:00,580.7000122070312,581.4000244140625,579.0,580.0499877929688,1716520,SBIN
2023-11-08 05:45:00+00:00,580.7000122070312,581.5,579.9000244140625,580.9000244140625,1097843,SBIN
2023-11-08 06:45:00+00:00,580.0,581.0999755859375,579.2000122070312,580.75,1647180,SBIN
2023-11-08 07:45:00+00:00,580.8499755859375,581.4500122070312,579.9000244140625,580.1500244140625,2212259,SBIN
2023-11-08 08:45:00+00:00,580.25,581.3499755859375,579.0499877929688,580.8499755859375,4864837,SBIN
2023-11-08 09:45:00+00:00,580.4500122070312,580.75,579.5,580.25,1698511,SBIN
2023-11-09 03:45:00+00:00,579.4500122070312,581.8499755859375,579.1500244140625,579.75,0,SBIN
2023-11-09 04:45:00+00:00,577.0999755859375,579.5,576.5,579.3499755859375,2153744,SBIN
2023-11-09 05:45:00+00:00,577.9000244140625,578.8499755859375,576.5999755859375,577.3499755859375,2766605,SBIN
2023-11-09 06:45:00+00:00,577.5,578.8499755859375,576.9000244140625,578.0,1609041,SBIN
2023-11-09 07:45:00+00:00,578.5,578.9500122070312,577.25,577.4000244140625,1374743,SBIN
2023-11-09 08:45:00+00:00,578.5499877929688,579.2999877929688,577.7999877929688,578.7000122070312,1979084,SBIN
2023-11-09 09:45:00+00:00,578.3499755859375,578.6500244140625,577.5999755859375,578.5499877929688,640485,SBIN
2023-11-10 03:45:00+00:00,578.5,578.9000244140625,575.5999755859375,577.5,0,SBIN
2023-11-10 04:45:00+00:00,577.7999877929688,579.25,577.6500244140625,578.6500244140625,429489,SBIN
2023-11-10 05:45:00+00:00,578.5,579.4000244140625,577.5,577.9500122070312,996554,SBIN
2023-11-10 06:45:00+00:00,579.0999755859375,580.5,577.6500244140625,578.5,1227358,SBIN
2023-11-10 07:45:00+00:00,579.3499755859375,579.9500122070312,578.5499877929688,579.0999755859375,1130539,SBIN
2023-11-10 08:45:00+00:00,579.2999877929688,579.7999877929688,578.0499877929688,579.3499755859375,1440616,SBIN
2023-11-10 09:45:00+00:00,580.0499877929688,580.9000244140625,579.0,579.3499755859375,575537,SBIN
2023-11-13 03:45:00+00:00,577.1500244140625,581.0,577.0,581.0,0,SBIN
2023-11-13 04:45:00+00:00,577.0,577.5,575.2000122070312,577.0499877929688,2615209,SBIN
2023-11-13 05:45:00+00:00,579.2000122070312,579.5999755859375,576.7000122070312,576.9500122070312,1532747,SBIN
2023-11-13 06:45:00+00:00,578.75,579.5499877929688,578.0999755859375,579.2000122070312,1537450,SBIN
2023-11-13 07:45:00+00:00,579.0499877929688,579.4000244140625,578.2999877929688,578.8499755859375,1206130,SBIN
2023-11-13 08:45:00+00:00,581.2000122070312,582.5,578.5,579.0499877929688,2234077,SBIN
2023-11-13 09:45:00+00:00,581.75,582.0999755859375,580.9000244140625,581.2000122070312,763186,SBIN
2023-11-15 03:45:00+00:00,583.5999755859375,586.3499755859375,583.4000244140625,585.2000122070312,0,SBIN
2023-11-15 04:45:00+00:00,584.3499755859375,585.0999755859375,582.6500244140625,583.5999755859375,1308027,SBIN
2023-11-15 05:45:00+00:00,585.0999755859375,585.4500122070312,584.0999755859375,584.3499755859375,1368987,SBIN
2023-11-15 06:45:00+00:00,585.6500244140625,586.0,584.3499755859375,585.0999755859375,1352657,SBIN
2023-11-15 07:45:00+00:00,585.5,585.75,584.5499877929688,585.5999755859375,1400895,SBIN
2023-11-15 08:45:00+00:00,584.9000244140625,585.75,584.0,585.5,2397314,SBIN
2023-11-15 09:45:00+00:00,583.9500122070312,585.5,583.9500122070312,584.9500122070312,821843,SBIN
2023-11-16 03:45:00+00:00,584.5,586.75,583.0,584.9000244140625,0,SBIN
2023-11-16 04:45:00+00:00,586.75,586.7999877929688,584.2999877929688,584.5,833789,SBIN
2023-11-16 05:45:00+00:00,585.5999755859375,586.9000244140625,585.0,586.7999877929688,581529,SBIN
2023-11-16 06:45:00+00:00,586.0499877929688,586.5499877929688,585.0,585.7000122070312,596548,SBIN
2023-11-16 07:45:00+00:00,586.9000244140625,587.0,585.0,586.2000122070312,924727,SBIN
2023-11-16 08:45:00+00:00,584.0,588.0,583.4000244140625,587.0,2747978,SBIN
2023-11-16 09:45:00+00:00,584.0999755859375,585.3499755859375,583.5,583.7999877929688,1274498,SBIN
2023-11-17 03:45:00+00:00,566.8499755859375,571.9000244140625,566.3499755859375,569.4500122070312,2093701,SBIN
2023-11-17 04:45:00+00:00,566.5,568.4500122070312,564.7000122070312,566.5499877929688,5007810,SBIN
2023-11-17 05:45:00+00:00,566.0,568.7000122070312,566.0,566.5,3967228,SBIN
2023-11-17 06:45:00+00:00,564.5499877929688,566.0999755859375,564.5,566.0,4517700,SBIN
2023-11-17 07:45:00+00:00,564.2999877929688,564.75,563.0999755859375,564.5499877929688,4171659,SBIN
2023-11-17 08:45:00+00:00,563.4000244140625,564.5499877929688,563.0,564.25,5511461,SBIN
2023-11-17 09:45:00+00:00,562.9000244140625,563.75,562.4000244140625,563.4000244140625,3259877,SBIN
2023-11-20 03:45:00+00:00,564.3499755859375,566.4000244140625,561.25,563.7000122070312,0,SBIN
2023-11-20 04:45:00+00:00,563.7000122070312,566.7999877929688,563.5999755859375,564.5,1968038,SBIN
2023-11-20 05:45:00+00:00,563.7999877929688,564.6500244140625,563.2000122070312,563.7000122070312,1272156,SBIN
2023-11-20 06:45:00+00:00,565.5499877929688,566.25,563.5999755859375,564.0,1785386,SBIN
2023-11-20 07:45:00+00:00,564.6500244140625,566.4000244140625,564.5,565.5499877929688,1757108,SBIN
2023-11-20 08:45:00+00:00,563.8499755859375,565.3499755859375,563.6500244140625,564.6500244140625,2389633,SBIN
2023-11-20 09:45:00+00:00,563.75,564.0499877929688,563.25,563.7999877929688,866974,SBIN
2023-11-21 03:45:00+00:00,564.9000244140625,566.6500244140625,564.8499755859375,565.5999755859375,0,SBIN
2023-11-21 04:45:00+00:00,563.7000122070312,566.0,563.1500244140625,564.9000244140625,1501712,SBIN
2023-11-21 05:45:00+00:00,564.9000244140625,565.4500122070312,563.5999755859375,563.75,1352643,SBIN
2023-11-21 06:45:00+00:00,562.5,565.0999755859375,562.0,564.8499755859375,2338246,SBIN
2023-11-21 07:45:00+00:00,562.3499755859375,563.25,562.0999755859375,562.5999755859375,1614885,SBIN
2023-11-21 08:45:00+00:00,561.5999755859375,563.0999755859375,561.0999755859375,562.3499755859375,3930621,SBIN
2023-11-21 09:45:00+00:00,561.4000244140625,561.7000122070312,561.0,561.5499877929688,1861525,SBIN
2023-11-22 03:45:00+00:00,563.4500122070312,564.4500122070312,561.5499877929688,562.9000244140625,0,SBIN
2023-11-22 04:45:00+00:00,562.1500244140625,563.4000244140625,561.25,563.4000244140625,1159609,SBIN
2023-11-22 05:45:00+00:00,559.9500122070312,562.5,559.9500122070312,562.1500244140625,1528371,SBIN
2023-11-22 06:45:00+00:00,556.9500122070312,560.25,556.0,559.8499755859375,2423518,SBIN
2023-11-22 07:45:00+00:00,555.5499877929688,557.4500122070312,555.5,556.9500122070312,2209220,SBIN
2023-11-22 08:45:00+00:00,558.9500122070312,559.0999755859375,555.2000122070312,555.6500244140625,3893560,SBIN
2023-11-22 09:45:00+00:00,559.6500244140625,559.9000244140625,558.5999755859375,559.0,1163346,SBIN
2023-11-23 03:45:00+00:00,563.0499877929688,563.5,559.4500122070312,561.1500244140625,0,SBIN
2023-11-23 04:45:00+00:00,561.1500244140625,563.25,560.7999877929688,562.9500122070312,837198,SBIN
2023-11-23 05:45:00+00:00,560.2999877929688,561.6500244140625,560.1500244140625,561.1500244140625,549465,SBIN
2023-11-23 06:45:00+00:00,560.0999755859375,561.0999755859375,560.0,560.2999877929688,773765,SBIN
2023-11-23 07:45:00+00:00,559.5999755859375,561.3499755859375,559.5,560.2000122070312,907037,SBIN
2023-11-23 08:45:00+00:00,560.0499877929688,560.3499755859375,558.4000244140625,559.5499877929688,1286949,SBIN
2023-11-23 09:45:00+00:00,560.5,560.5499877929688,559.75,560.0,430402,SBIN
2023-11-24 03:45:00+00:00,560.7000122070312,562.0,559.5,562.0,0,SBIN
2023-11-24 04:45:00+00:00,561.4500122070312,562.4500122070312,560.2000122070312,560.6500244140625,726383,SBIN
2023-11-24 05:45:00+00:00,561.9000244140625,562.25,561.25,561.5,516605,SBIN
2023-11-24 06:45:00+00:00,559.5,562.0,559.25,561.9000244140625,715964,SBIN
2023-11-24 07:45:00+00:00,560.0,560.4000244140625,559.3499755859375,559.5999755859375,786960,SBIN
2023-11-24 08:45:00+00:00,560.5,560.7999877929688,559.5499877929688,559.9000244140625,1362413,SBIN
2023-11-24 09:45:00+00:00,560.3499755859375,560.7999877929688,560.0499877929688,560.4500122070312,769014,SBIN
2023-11-28 03:45:00+00:00,562.1500244140625,563.2000122070312,561.0999755859375,563.2000122070312,0,SBIN
2023-11-28 04:45:00+00:00,562.4000244140625,562.7999877929688,561.7000122070312,562.0,598545,SBIN
2023-11-28 05:45:00+00:00,562.7000122070312,563.25,562.0,562.25,849513,SBIN
2023-11-28 06:45:00+00:00,563.5499877929688,565.2000122070312,562.5999755859375,562.9000244140625,1772428,SBIN
2023-11-28 07:45:00+00:00,563.4500122070312,563.9500122070312,562.5999755859375,563.6500244140625,1143932,SBIN
2023-11-28 08:45:00+00:00,564.5999755859375,564.75,563.2000122070312,563.4500122070312,1673647,SBIN
2023-11-28 09:45:00+00:00,564.7000122070312,564.9000244140625,564.2999877929688,564.5499877929688,808328,SBIN
2023-11-29 03:45:00+00:00,567.0999755859375,567.9000244140625,565.1500244140625,566.7999877929688,1942396,SBIN
2023-11-29 04:45:00+00:00,566.4000244140625,567.9000244140625,566.2000122070312,567.0999755859375,1555923,SBIN
2023-11-29 05:45:00+00:00,567.7000122070312,568.2000122070312,566.2000122070312,566.4000244140625,1865054,SBIN
2023-11-29 06:45:00+00:00,568.0,568.2000122070312,567.1500244140625,567.75,1643746,SBIN
2023-11-29 07:45:00+00:00,567.7999877929688,568.2999877929688,567.2999877929688,568.0,1276240,SBIN
2023-11-29 08:45:00+00:00,568.9000244140625,568.9500122070312,567.4000244140625,567.7999877929688,1264611,SBIN
2023-11-29 09:45:00+00:00,568.3499755859375,569.0,568.2999877929688,568.9000244140625,747964,SBIN
2023-11-30 03:45:00+00:00,567.0999755859375,570.0999755859375,566.0,569.75,0,SBIN
2023-11-30 04:45:00+00:00,568.0999755859375,568.5499877929688,566.0999755859375,567.0999755859375,1815351,SBIN
2023-11-30 05:45:00+00:00,566.8499755859375,568.7999877929688,566.5499877929688,568.0999755859375,1336586,SBIN
2023-11-30 06:45:00+00:00,565.2999877929688,566.9500122070312,565.0,566.9500122070312,2698935,SBIN
2023-11-30 07:45:00+00:00,565.0499877929688,567.0,565.0,565.25,2647505,SBIN
2023-11-30 08:45:00+00:00,564.0999755859375,566.2000122070312,563.6500244140625,565.2000122070312,4566530,SBIN
2023-11-30 09:45:00+00:00,565.1500244140625,566.0,563.7999877929688,564.0,2858576,SBIN
2023-12-01 03:45:00+00:00,573.2999877929688,574.0999755859375,566.7999877929688,566.9500122070312,0,SBIN
2023-12-01 04:45:00+00:00,572.5499877929688,574.2000122070312,572.2000122070312,573.0999755859375,1462713,SBIN
2023-12-01 05:45:00+00:00,571.8499755859375,573.0,571.5999755859375,572.5,943077,SBIN
2023-12-01 06:45:00+00:00,572.3499755859375,572.75,571.25,571.5999755859375,759982,SBIN
2023-12-01 07:45:00+00:00,572.5,573.5999755859375,571.75,572.3499755859375,962771,SBIN
2023-12-01 08:45:00+00:00,571.7000122070312,573.5,571.3499755859375,572.4500122070312,1344345,SBIN
2023-12-01 09:45:00+00:00,571.4000244140625,572.0999755859375,571.2000122070312,571.7000122070312,798917,SBIN
2023-12-04 03:45:00+00:00,588.9000244140625,590.25,584.6500244140625,590.25,0,SBIN
2023-12-04 04:45:00+00:00,590.25,591.0,588.0,588.75,3910189,SBIN
2023-12-04 05:45:00+00:00,589.5,590.75,589.0499877929688,590.1500244140625,1870192,SBIN
2023-12-04 06:45:00+00:00,591.4000244140625,592.4000244140625,589.5499877929688,589.7999877929688,2847545,SBIN
2023-12-04 07:45:00+00:00,591.7000122070312,591.9500122070312,589.9000244140625,591.5,1617721,SBIN
2023-12-04 08:45:00+00:00,594.0,595.0,591.0999755859375,591.75,4340506,SBIN
2023-12-04 09:45:00+00:00,595.7999877929688,596.0,594.0,594.1500244140625,1985852,SBIN
2023-12-05 03:45:00+00:00,608.4000244140625,610.2000122070312,595.9500122070312,595.9500122070312,0,SBIN
2023-12-05 04:45:00+00:00,608.9000244140625,611.2999877929688,607.5999755859375,608.4000244140625,6181010,SBIN
2023-12-05 05:45:00+00:00,607.3499755859375,608.9000244140625,601.5499877929688,608.8499755859375,5397948,SBIN
2023-12-05 06:45:00+00:00,606.75,607.5,604.5,607.3499755859375,1894201,SBIN
2023-12-05 07:45:00+00:00,607.9500122070312,609.4000244140625,606.5499877929688,606.8499755859375,3644495,SBIN
2023-12-05 08:45:00+00:00,608.4000244140625,610.4000244140625,607.5999755859375,608.0,5406461,SBIN
2023-12-05 09:45:00+00:00,608.0,609.25,607.1500244140625,608.4000244140625,1440995,SBIN
2023-12-06 03:45:00+00:00,612.0,613.9500122070312,609.0,612.0,0,SBIN
2023-12-06 04:45:00+00:00,610.5499877929688,613.3499755859375,610.0,611.8499755859375,2351106,SBIN
2023-12-06 05:45:00+00:00,609.8499755859375,610.8499755859375,609.0499877929688,610.5499877929688,1477806,SBIN
2023-12-06 06:45:00+00:00,606.0999755859375,609.8499755859375,606.0499877929688,609.7999877929688,2061220,SBIN
2023-12-06 07:45:00+00:00,608.5499877929688,609.5999755859375,604.7000122070312,606.1500244140625,2253668,SBIN
2023-12-06 08:45:00+00:00,608.75,610.5,607.5,608.4000244140625,3179924,SBIN
2023-12-06 09:45:00+00:00,607.6500244140625,608.9500122070312,607.0499877929688,608.7999877929688,1111341,SBIN
2023-12-07 03:45:00+00:00,606.0,609.9000244140625,605.0,609.5999755859375,0,SBIN
2023-12-07 04:45:00+00:00,611.4000244140625,612.4000244140625,605.5999755859375,605.9000244140625,2043334,SBIN
2023-12-07 05:45:00+00:00,610.75,611.5999755859375,609.5,611.3499755859375,915002,SBIN
2023-12-07 06:45:00+00:00,609.7999877929688,610.9000244140625,608.5,610.75,977935,SBIN
2023-12-07 07:45:00+00:00,610.6500244140625,612.2999877929688,609.5499877929688,609.9000244140625,1295887,SBIN
2023-12-07 08:45:00+00:00,611.9500122070312,612.4000244140625,610.5999755859375,610.8499755859375,2124881,SBIN
2023-12-07 09:45:00+00:00,611.25,612.5,611.0999755859375,611.9500122070312,1055831,SBIN
2023-12-08 03:45:00+00:00,609.75,611.9500122070312,607.2999877929688,607.7999877929688,0,SBIN
2023-12-08 04:45:00+00:00,611.4500122070312,616.75,608.5499877929688,609.9000244140625,3814165,SBIN
2023-12-08 05:45:00+00:00,609.5999755859375,612.5999755859375,609.5,611.4500122070312,1148827,SBIN
2023-12-08 06:45:00+00:00,607.8499755859375,610.0,606.0,609.7999877929688,2361379,SBIN
2023-12-08 07:45:00+00:00,609.0499877929688,609.9500122070312,605.4000244140625,607.8499755859375,1932299,SBIN
2023-12-08 08:45:00+00:00,614.0499877929688,614.5,608.0999755859375,609.0,3505008,SBIN
2023-12-08 09:45:00+00:00,614.5,615.0,613.9000244140625,614.0,1515058,SBIN
2023-12-11 03:45:00+00:00,617.1500244140625,619.4000244140625,613.25,615.1500244140625,0,SBIN
2023-12-11 04:45:00+00:00,615.8499755859375,619.8499755859375,614.2000122070312,617.2999877929688,2445958,SBIN
2023-12-11 05:45:00+00:00,615.25,616.2000122070312,614.0999755859375,615.9500122070312,1375012,SBIN
2023-12-11 06:45:00+00:00,615.4000244140625,615.7000122070312,613.5499877929688,615.2999877929688,884736,SBIN
2023-12-11 07:45:00+00:00,615.0999755859375,615.7000122070312,614.6500244140625,615.5,1002923,SBIN
2023-12-11 08:45:00+00:00,614.1500244140625,615.75,613.9500122070312,615.0999755859375,1635082,SBIN
2023-12-11 09:45:00+00:00,614.2000122070312,614.9000244140625,613.5499877929688,614.2000122070312,862156,SBIN
2023-12-12 03:45:00+00:00,611.75,617.25,611.5,616.9500122070312,0,SBIN
2023-12-12 04:45:00+00:00,615.6500244140625,616.4000244140625,610.7999877929688,611.7000122070312,2426658,SBIN
2023-12-12 05:45:00+00:00,615.7000122070312,615.75,614.75,615.6500244140625,1358625,SBIN
2023-12-12 06:45:00+00:00,614.0,615.7999877929688,613.5,615.7000122070312,1347974,SBIN
2023-12-12 07:45:00+00:00,612.9000244140625,614.4000244140625,612.7999877929688,614.0,1241376,SBIN
2023-12-12 08:45:00+00:00,612.3499755859375,613.9000244140625,611.0999755859375,612.9000244140625,3190534,SBIN
2023-12-12 09:45:00+00:00,612.8499755859375,613.0999755859375,611.9000244140625,612.25,1530571,SBIN
2023-12-13 03:45:00+00:00,614.0999755859375,615.4000244140625,611.8499755859375,614.0499877929688,2432337,SBIN
2023-12-13 04:45:00+00:00,614.0,614.5,611.6500244140625,614.1500244140625,1188142,SBIN
2023-12-13 05:45:00+00:00,612.75,614.2000122070312,612.6500244140625,613.75,630569,SBIN
2023-12-13 06:45:00+00:00,614.0999755859375,614.5999755859375,612.0,612.7000122070312,739205,SBIN
2023-12-13 07:45:00+00:00,618.4000244140625,619.5,613.9500122070312,614.0999755859375,2777677,SBIN
2023-12-13 08:45:00+00:00,620.0999755859375,620.5,617.5,618.3499755859375,4728525,SBIN
2023-12-13 09:45:00+00:00,619.0,620.3499755859375,618.75,620.0999755859375,1475443,SBIN
2023-12-14 03:45:00+00:00,624.6500244140625,627.7000122070312,623.0499877929688,625.9500122070312,0,SBIN
2023-12-14 04:45:00+00:00,624.0999755859375,625.5,623.25,624.5999755859375,2031455,SBIN
2023-12-14 05:45:00+00:00,624.5,625.7000122070312,622.7999877929688,624.0999755859375,1322983,SBIN
2023-12-14 06:45:00+00:00,624.5499877929688,625.2000122070312,623.8499755859375,624.5,1142186,SBIN
2023-12-14 07:45:00+00:00,623.7000122070312,624.9500122070312,622.5,624.5499877929688,1819360,SBIN
2023-12-14 08:45:00+00:00,623.0499877929688,624.9500122070312,622.9000244140625,623.7000122070312,3314183,SBIN
2023-12-14 09:45:00+00:00,623.6500244140625,624.2000122070312,622.4000244140625,623.0999755859375,1285640,SBIN
2023-12-15 03:45:00+00:00,625.75,629.0,622.5,628.0,0,SBIN
2023-12-15 04:45:00+00:00,622.0499877929688,626.2000122070312,620.0499877929688,625.7999877929688,1886170,SBIN
2023-12-15 05:45:00+00:00,623.75,624.0,622.0,622.0999755859375,876141,SBIN
2023-12-15 06:45:00+00:00,626.7999877929688,626.7999877929688,623.25,623.7999877929688,1313252,SBIN
2023-12-15 07:45:00+00:00,639.9000244140625,641.0,626.3499755859375,626.7999877929688,8338622,SBIN
2023-12-15 08:45:00+00:00,649.25,649.7999877929688,638.3499755859375,640.0,10781981,SBIN
2023-12-15 09:45:00+00:00,648.0999755859375,649.9500122070312,646.3499755859375,649.2999877929688,3607030,SBIN
2023-12-18 03:45:00+00:00,648.4000244140625,651.2000122070312,642.4000244140625,646.5,0,SBIN
2023-12-18 04:45:00+00:00,651.7999877929688,655.6500244140625,648.0,648.4000244140625,4126145,SBIN
2023-12-18 05:45:00+00:00,651.1500244140625,654.0,650.4500122070312,651.9500122070312,1295102,SBIN
2023-12-18 06:45:00+00:00,647.4000244140625,651.75,647.0,651.0499877929688,1623878,SBIN
2023-12-18 07:45:00+00:00,651.6500244140625,652.0499877929688,647.2999877929688,647.4500122070312,1687370,SBIN
2023-12-18 08:45:00+00:00,649.4000244140625,651.75,648.25,651.4000244140625,2028165,SBIN
2023-12-18 09:45:00+00:00,648.5,649.5,647.0,649.5,1191425,SBIN
2023-12-19 03:45:00+00:00,642.0,652.4000244140625,640.4500122070312,648.25,0,SBIN
2023-12-19 04:45:00+00:00,645.9000244140625,647.0,641.4500122070312,642.0,1520168,SBIN
2023-12-19 05:45:00+00:00,651.9500122070312,653.6500244140625,645.5,646.0,2713937,SBIN
2023-12-19 06:45:00+00:00,655.2999877929688,659.5999755859375,651.75,651.9500122070312,4312078,SBIN
2023-12-19 07:45:00+00:00,657.0999755859375,659.2000122070312,656.0,656.2999877929688,2594208,SBIN
2023-12-19 08:45:00+00:00,655.7999877929688,658.6500244140625,653.1500244140625,657.0,4092633,SBIN
2023-12-19 09:45:00+00:00,656.0,656.2999877929688,654.9500122070312,655.8499755859375,831253,SBIN
2023-12-20 03:45:00+00:00,656.5999755859375,660.2999877929688,655.0,658.7000122070312,0,SBIN
2023-12-20 04:45:00+00:00,656.25,658.25,654.6500244140625,656.5999755859375,2338790,SBIN
2023-12-20 05:45:00+00:00,654.5,656.9500122070312,652.4000244140625,656.25,2132971,SBIN
2023-12-20 06:45:00+00:00,649.3499755859375,654.7000122070312,648.5,654.5,1840835,SBIN
2023-12-20 07:45:00+00:00,638.5999755859375,649.7000122070312,634.25,649.5499877929688,6209064,SBIN
2023-12-20 08:45:00+00:00,636.4500122070312,644.5999755859375,636.1500244140625,638.4000244140625,3685345,SBIN
2023-12-20 09:45:00+00:00,634.7999877929688,636.9000244140625,634.0,636.5,1645334,SBIN
2023-12-21 03:45:00+00:00,637.1500244140625,639.5,628.0999755859375,630.5999755859375,0,SBIN
2023-12-21 04:45:00+00:00,636.7000122070312,639.9000244140625,634.0,637.0,2381890,SBIN
2023-12-21 05:45:00+00:00,638.5499877929688,639.7999877929688,634.2000122070312,636.7000122070312,1481271,SBIN
2023-12-21 06:45:00+00:00,640.0499877929688,643.3499755859375,638.25,638.5499877929688,3150868,SBIN
2023-12-21 07:45:00+00:00,638.9500122070312,640.9500122070312,636.1500244140625,640.0,1687749,SBIN
2023-12-21 08:45:00+00:00,644.75,648.9500122070312,638.0,638.8499755859375,4985213,SBIN
2023-12-21 09:45:00+00:00,643.75,645.4000244140625,642.7000122070312,644.6500244140625,1313092,SBIN
2023-12-22 03:45:00+00:00,648.7999877929688,649.0,642.4500122070312,644.9000244140625,0,SBIN
2023-12-22 04:45:00+00:00,647.9000244140625,649.3499755859375,645.5999755859375,648.75,1605215,SBIN
2023-12-22 05:45:00+00:00,646.9000244140625,648.4500122070312,645.4000244140625,647.9000244140625,1185624,SBIN
2023-12-22 06:45:00+00:00,642.9000244140625,647.4000244140625,641.5,646.9500122070312,1813055,SBIN
2023-12-22 07:45:00+00:00,639.2999877929688,643.9000244140625,635.25,642.7999877929688,2331929,SBIN
2023-12-22 08:45:00+00:00,636.75,641.9000244140625,635.5,639.2999877929688,3622691,SBIN
2023-12-22 09:45:00+00:00,636.75,637.4000244140625,636.4500122070312,636.7999877929688,1104400,SBIN
2023-12-26 03:45:00+00:00,638.0,640.9500122070312,636.9500122070312,639.5,0,SBIN
2023-12-26 04:45:00+00:00,640.0,641.2999877929688,637.7000122070312,637.9000244140625,1718022,SBIN
2023-12-26 05:45:00+00:00,639.5499877929688,641.1500244140625,639.3499755859375,640.0,867453,SBIN
2023-12-26 06:45:00+00:00,637.25,641.2000122070312,635.7999877929688,639.5,1611926,SBIN
2023-12-26 07:45:00+00:00,637.5499877929688,639.0,637.0,637.5499877929688,718559,SBIN
2023-12-26 08:45:00+00:00,637.8499755859375,640.4000244140625,637.0,637.5,2249901,SBIN
2023-12-26 09:45:00+00:00,638.5,639.0,637.25,637.9000244140625,632897,SBIN
2023-12-27 03:45:00+00:00,643.4000244140625,644.9500122070312,639.0499877929688,640.9500122070312,0,SBIN
2023-12-27 04:45:00+00:00,644.9500122070312,646.9500122070312,643.25,643.4500122070312,2100651,SBIN
2023-12-27 05:45:00+00:00,647.0999755859375,648.2999877929688,644.6500244140625,644.9500122070312,1502109,SBIN
2023-12-27 06:45:00+00:00,643.25,647.4000244140625,642.4500122070312,647.25,1966061,SBIN
2023-12-27 07:45:00+00:00,643.7999877929688,644.5499877929688,641.5,643.2000122070312,1660735,SBIN
2023-12-27 08:45:00+00:00,648.4000244140625,649.4500122070312,643.1500244140625,643.9000244140625,3797389,SBIN
2023-12-27 09:45:00+00:00,648.6500244140625,648.9500122070312,647.5,648.4500122070312,1122387,SBIN
2023-12-28 03:45:00+00:00,647.2999877929688,653.2999877929688,646.5,650.5,0,SBIN
2023-12-28 04:45:00+00:00,648.0,649.5999755859375,646.5,647.1500244140625,1813294,SBIN
2023-12-28 05:45:00+00:00,649.25,650.75,647.5999755859375,648.1500244140625,1220697,SBIN
2023-12-28 06:45:00+00:00,651.7000122070312,652.2000122070312,648.9000244140625,649.25,1606355,SBIN
2023-12-28 07:45:00+00:00,651.25,652.5999755859375,649.0999755859375,651.75,1956972,SBIN
2023-12-28 08:45:00+00:00,651.9500122070312,652.5499877929688,648.5999755859375,651.0,4593668,SBIN
2023-12-28 09:45:00+00:00,649.4500122070312,652.4000244140625,649.0,651.9500122070312,2033761,SBIN
2023-12-29 03:45:00+00:00,643.0,649.5,642.5,642.5499877929688,0,SBIN
2023-12-29 04:45:00+00:00,641.4000244140625,644.2999877929688,640.0999755859375,643.0,1912252,SBIN
2023-12-29 05:45:00+00:00,642.1500244140625,642.2999877929688,640.0499877929688,641.2999877929688,2144430,SBIN
2023-12-29 06:45:00+00:00,641.8499755859375,642.5999755859375,640.2000122070312,641.9500122070312,1606698,SBIN
2023-12-29 07:45:00+00:00,640.25,642.0,640.0,641.9000244140625,1201998,SBIN
2023-12-29 08:45:00+00:00,641.7999877929688,643.5499877929688,639.5999755859375,640.2000122070312,2336036,SBIN
2023-12-29 09:45:00+00:00,641.9000244140625,642.25,640.5,641.75,876192,SBIN
2024-01-01 03:45:00+00:00,644.9500122070312,646.4500122070312,641.4500122070312,642.2999877929688,0,SBIN
2024-01-01 04:45:00+00:00,645.2000122070312,646.8499755859375,644.2999877929688,644.9500122070312,1177797,SBIN
2024-01-01 05:45:00+00:00,644.5,645.8499755859375,644.2999877929688,645.3499755859375,423209,SBIN
2024-01-01 06:45:00+00:00,644.5499877929688,644.7999877929688,643.5,644.5999755859375,566829,SBIN
2024-01-01 07:45:00+00:00,645.1500244140625,645.5999755859375,643.7999877929688,644.7000122070312,913296,SBIN
2024-01-01 08:45:00+00:00,642.2000122070312,645.5,641.0499877929688,645.25,2579125,SBIN
2024-01-01 09:45:00+00:00,638.2999877929688,642.25,638.0,642.0499877929688,947124,SBIN
2024-01-02 03:45:00+00:00,639.4000244140625,643.5999755859375,637.6500244140625,639.0,0,SBIN
2024-01-02 04:45:00+00:00,637.9500122070312,639.4500122070312,634.0,639.3499755859375,2617124,SBIN
2024-01-02 05:45:00+00:00,641.9000244140625,648.0,637.5499877929688,637.9500122070312,3240884,SBIN
2024-01-02 06:45:00+00:00,640.8499755859375,643.5499877929688,639.3499755859375,642.25,1194221,SBIN
2024-01-02 07:45:00+00:00,642.5999755859375,643.4000244140625,640.1500244140625,640.9000244140625,1240919,SBIN
2024-01-02 08:45:00+00:00,639.5,643.4500122070312,637.5,642.5499877929688,2793712,SBIN
2024-01-02 09:45:00+00:00,639.4500122070312,639.8499755859375,638.4500122070312,639.4500122070312,1067654,SBIN
2024-01-03 03:45:00+00:00,639.0999755859375,641.4000244140625,635.7999877929688,639.0,0,SBIN
2024-01-03 04:45:00+00:00,644.9500122070312,646.4500122070312,638.3499755859375,639.0999755859375,3038087,SBIN
2024-01-03 05:45:00+00:00,645.4500122070312,648.0,643.8499755859375,644.9000244140625,2331607,SBIN
2024-01-03 06:45:00+00:00,646.25,646.5,641.2999877929688,645.2999877929688,1716197,SBIN
2024-01-03 07:45:00+00:00,645.2999877929688,647.0,644.25,646.0499877929688,1745469,SBIN
2024-01-03 08:45:00+00:00,643.7999877929688,645.4000244140625,642.1500244140625,645.2999877929688,2281786,SBIN
2024-01-03 09:45:00+00:00,643.4500122070312,644.9000244140625,643.0,643.9000244140625,845513,SBIN
2024-01-04 03:45:00+00:00,641.4000244140625,644.0,638.7999877929688,641.7999877929688,0,SBIN
2024-01-04 04:45:00+00:00,643.9000244140625,644.2000122070312,640.2999877929688,641.4500122070312,1923636,SBIN
2024-01-04 05:45:00+00:00,645.0999755859375,646.4000244140625,643.3499755859375,643.9500122070312,2530886,SBIN
2024-01-04 06:45:00+00:00,644.7999877929688,646.0,643.4000244140625,645.0499877929688,1556482,SBIN
2024-01-04 07:45:00+00:00,642.5999755859375,645.0,642.0499877929688,644.8499755859375,1619673,SBIN
2024-01-04 08:45:00+00:00,642.4500122070312,643.0,641.2999877929688,642.5499877929688,2015791,SBIN
2024-01-04 09:45:00+00:00,643.5,643.8499755859375,642.4500122070312,642.4500122070312,1208683,SBIN
2024-01-05 03:45:00+00:00,649.9500122070312,650.5,645.2000122070312,645.2000122070312,0,SBIN
2024-01-05 04:45:00+00:00,648.3499755859375,651.75,646.4000244140625,650.0,2466191,SBIN
2024-01-05 05:45:00+00:00,645.75,648.5499877929688,644.75,648.3499755859375,1366798,SBIN
2024-01-05 06:45:00+00:00,644.25,646.75,643.5,645.75,1118779,SBIN
2024-01-05 07:45:00+00:00,639.75,644.5499877929688,639.2000122070312,644.2000122070312,2212030,SBIN
2024-01-05 08:45:00+00:00,641.6500244140625,644.2000122070312,637.9000244140625,639.75,4005731,SBIN
2024-01-05 09:45:00+00:00,641.4500122070312,641.9000244140625,640.0,641.5999755859375,747670,SBIN
2024-01-08 03:45:00+00:00,639.5499877929688,644.9500122070312,636.6500244140625,640.0,0,SBIN
2024-01-08 04:45:00+00:00,638.2000122070312,640.2000122070312,637.0,639.4000244140625,1439781,SBIN
2024-01-08 05:45:00+00:00,634.3499755859375,638.5999755859375,632.75,638.2000122070312,1845633,SBIN
2024-01-08 06:45:00+00:00,633.7999877929688,635.7999877929688,633.2999877929688,634.25,1273056,SBIN
2024-01-08 07:45:00+00:00,633.7000122070312,635.7000122070312,632.75,633.7999877929688,1817327,SBIN
2024-01-08 08:45:00+00:00,625.9500122070312,633.9500122070312,625.5,633.7000122070312,4323317,SBIN
2024-01-08 09:45:00+00:00,627.9000244140625,628.0,625.1500244140625,625.9000244140625,1350877,SBIN
2024-01-09 03:45:00+00:00,630.7999877929688,634.25,629.0,631.2999877929688,0,SBIN
2024-01-09 04:45:00+00:00,633.4000244140625,633.9000244140625,630.5,630.9000244140625,1656473,SBIN
2024-01-09 05:45:00+00:00,630.0499877929688,633.4000244140625,630.0,633.4000244140625,1720707,SBIN
2024-01-09 06:45:00+00:00,632.5999755859375,632.9000244140625,629.7999877929688,630.0499877929688,1220223,SBIN
2024-01-09 07:45:00+00:00,630.5499877929688,633.5,630.25,632.5499877929688,1194346,SBIN
2024-01-09 08:45:00+00:00,624.9000244140625,631.25,624.6500244140625,630.4500122070312,4500751,SBIN
2024-01-09 09:45:00+00:00,625.9500122070312,626.0499877929688,624.6500244140625,625.1500244140625,959622,SBIN
2024-01-10 03:45:00+00:00,624.3499755859375,624.9000244140625,618.2000122070312,624.5,0,SBIN
2024-01-10 04:45:00+00:00,623.6500244140625,625.25,621.4500122070312,624.25,1394917,SBIN
2024-01-10 05:45:00+00:00,622.0499877929688,624.0499877929688,621.5499877929688,623.6500244140625,1003650,SBIN
2024-01-10 06:45:00+00:00,621.5,622.4500122070312,620.0499877929688,622.0499877929688,1083687,SBIN
2024-01-10 07:45:00+00:00,621.7999877929688,623.2999877929688,620.25,621.4500122070312,1481128,SBIN
2024-01-10 08:45:00+00:00,621.2999877929688,623.0,620.4000244140625,621.7999877929688,2929923,SBIN
2024-01-10 09:45:00+00:00,622.0999755859375,622.3499755859375,621.25,621.2999877929688,1512025,SBIN
2024-01-11 03:45:00+00:00,622.0,627.1500244140625,621.25,626.5,0,SBIN
2024-01-11 04:45:00+00:00,622.9500122070312,626.0,621.75,622.0,1570237,SBIN
2024-01-11 05:45:00+00:00,620.7000122070312,623.6500244140625,620.5499877929688,622.9000244140625,2276325,SBIN
2024-01-11 06:45:00+00:00,621.5,623.2000122070312,620.5,620.6500244140625,1804572,SBIN
2024-01-11 07:45:00+00:00,619.75,622.6500244140625,618.6500244140625,621.5499877929688,2194123,SBIN
2024-01-11 08:45:00+00:00,620.7999877929688,621.9000244140625,618.5,619.5499877929688,3802356,SBIN
2024-01-11 09:45:00+00:00,621.25,621.25,619.7999877929688,620.7999877929688,1301734,SBIN
2024-01-12 03:45:00+00:00,625.8499755859375,626.5,621.25,623.4500122070312,0,SBIN
2024-01-12 04:45:00+00:00,631.25,632.6500244140625,624.7000122070312,625.5999755859375,3245797,SBIN
2024-01-12 05:45:00+00:00,628.7000122070312,631.9500122070312,627.2000122070312,631.25,1469266,SBIN
2024-01-12 06:45:00+00:00,630.9000244140625,632.5,628.5,628.75,1236540,SBIN
2024-01-12 07:45:00+00:00,632.1500244140625,633.4500122070312,630.5,630.9000244140625,2050762,SBIN
2024-01-12 08:45:00+00:00,632.9000244140625,636.5,631.5999755859375,632.1500244140625,3951407,SBIN
2024-01-12 09:45:00+00:00,635.4000244140625,635.7999877929688,631.25,632.9000244140625,2055379,SBIN
2024-01-15 03:45:00+00:00,638.6500244140625,645.5,637.2999877929688,637.2999877929688,0,SBIN
2024-01-15 04:45:00+00:00,637.0499877929688,640.0999755859375,636.0999755859375,638.5499877929688,2469731,SBIN
2024-01-15 05:45:00+00:00,640.4500122070312,641.25,636.5,637.0499877929688,1932915,SBIN
2024-01-15 06:45:00+00:00,640.8499755859375,642.0,640.0999755859375,640.4500122070312,2456653,SBIN
2024-01-15 07:45:00+00:00,639.5999755859375,641.5,638.2000122070312,640.7999877929688,985366,SBIN
2024-01-15 08:45:00+00:00,640.0,640.5,638.75,639.5499877929688,1742239,SBIN
2024-01-15 09:45:00+00:00,640.8499755859375,641.7999877929688,639.5,639.9000244140625,1135326,SBIN
2024-01-16 03:45:00+00:00,642.25,643.2000122070312,639.1500244140625,640.9000244140625,0,SBIN
2024-01-16 04:45:00+00:00,641.4000244140625,642.5499877929688,640.7000122070312,642.2000122070312,1305979,SBIN
2024-01-16 05:45:00+00:00,641.9000244140625,644.9000244140625,639.4000244140625,641.25,3271124,SBIN
2024-01-16 06:45:00+00:00,638.9000244140625,642.0,636.75,641.8499755859375,2429415,SBIN
2024-01-16 07:45:00+00:00,638.4500122070312,640.0,633.5,638.9000244140625,2462755,SBIN
2024-01-16 08:45:00+00:00,636.9000244140625,639.0,635.7999877929688,638.7000122070312,1661275,SBIN
2024-01-16 09:45:00+00:00,637.5,637.9000244140625,636.25,636.8499755859375,729437,SBIN
2024-01-17 03:45:00+00:00,632.0499877929688,636.75,626.5999755859375,629.9000244140625,0,SBIN
2024-01-17 04:45:00+00:00,629.25,632.0499877929688,626.5499877929688,632.0,5384563,SBIN
2024-01-17 05:45:00+00:00,624.75,630.7000122070312,623.5,629.25,3706680,SBIN
2024-01-17 06:45:00+00:00,626.7000122070312,627.5999755859375,624.0,624.9000244140625,3405175,SBIN
2024-01-17 07:45:00+00:00,629.25,629.4500122070312,625.0499877929688,626.5499877929688,2182670,SBIN
2024-01-17 08:45:00+00:00,626.7999877929688,629.5999755859375,624.25,629.2999877929688,5175895,SBIN
2024-01-17 09:45:00+00:00,626.4500122070312,627.0,625.5,626.75,1558900,SBIN
2024-01-18 03:45:00+00:00,624.2999877929688,629.7000122070312,619.2000122070312,625.0499877929688,0,SBIN
2024-01-18 04:45:00+00:00,628.7999877929688,630.3499755859375,622.5,624.0999755859375,2236841,SBIN
2024-01-18 05:45:00+00:00,632.0,633.3499755859375,627.2999877929688,628.5999755859375,1698249,SBIN
2024-01-18 06:45:00+00:00,628.0999755859375,632.1500244140625,625.5,632.0,1449371,SBIN
2024-01-18 07:45:00+00:00,628.4500122070312,630.2999877929688,627.2999877929688,628.2000122070312,871903,SBIN
2024-01-18 08:45:00+00:00,628.7999877929688,630.9000244140625,625.0499877929688,628.5,2963156,SBIN
2024-01-18 09:45:00+00:00,628.5,628.7999877929688,627.2999877929688,628.7000122070312,1441518,SBIN
2024-01-19 03:45:00+00:00,632.7000122070312,635.5,631.3499755859375,632.8499755859375,0,SBIN
2024-01-19 04:45:00+00:00,628.8499755859375,633.9500122070312,628.5499877929688,632.7000122070312,1964308,SBIN
2024-01-19 05:45:00+00:00,628.25,630.0,627.3499755859375,628.7999877929688,2011044,SBIN
2024-01-19 06:45:00+00:00,629.5,629.5999755859375,626.8499755859375,628.0999755859375,1201475,SBIN
2024-01-19 07:45:00+00:00,625.4000244140625,629.7999877929688,625.2999877929688,629.4000244140625,1428112,SBIN
2024-01-19 08:45:00+00:00,627.4000244140625,628.7000122070312,625.0,625.5,2098950,SBIN
2024-01-19 09:45:00+00:00,628.7000122070312,629.0,627.0999755859375,627.3499755859375,899235,SBIN
2024-01-23 03:45:00+00:00,629.5999755859375,634.9000244140625,627.0499877929688,628.2000122070312,0,SBIN
2024-01-23 04:45:00+00:00,622.2999877929688,630.0,621.0,629.5,2618149,SBIN
2024-01-23 05:45:00+00:00,613.0999755859375,626.0,612.2000122070312,622.2999877929688,4045937,SBIN
2024-01-23 06:45:00+00:00,610.0499877929688,616.2999877929688,609.1500244140625,613.0,2703340,SBIN
2024-01-23 07:45:00+00:00,606.7999877929688,612.5,606.3499755859375,610.2000122070312,8215491,SBIN
2024-01-23 08:45:00+00:00,605.5,607.4000244140625,600.75,607.0999755859375,6574137,SBIN
2024-01-23 09:45:00+00:00,606.0,606.5999755859375,604.25,605.4000244140625,2209102,SBIN
2024-01-24 03:45:00+00:00,617.7999877929688,620.2999877929688,603.4000244140625,607.7000122070312,4116901,SBIN
2024-01-24 04:45:00+00:00,621.2999877929688,622.2999877929688,615.4500122070312,617.9500122070312,3659059,SBIN
2024-01-24 05:45:00+00:00,613.5999755859375,622.0,612.0999755859375,621.2999877929688,2840498,SBIN
2024-01-24 06:45:00+00:00,613.5499877929688,615.7000122070312,610.9500122070312,613.9000244140625,2201714,SBIN
2024-01-24 07:45:00+00:00,614.7000122070312,615.3499755859375,611.5,613.5999755859375,1650276,SBIN
2024-01-24 08:45:00+00:00,618.5499877929688,619.5499877929688,613.5999755859375,614.3499755859375,4051778,SBIN
2024-01-24 09:45:00+00:00,618.2999877929688,619.5,617.5,618.6500244140625,698669,SBIN
2024-01-25 03:45:00+00:00,616.0499877929688,623.7999877929688,615.8499755859375,620.0,0,SBIN
2024-01-25 04:45:00+00:00,611.25,616.4500122070312,609.7999877929688,616.0499877929688,2272542,SBIN
2024-01-25 05:45:00+00:00,609.5499877929688,613.0,609.3499755859375,611.4000244140625,1855958,SBIN
2024-01-25 06:45:00+00:00,609.1500244140625,610.9000244140625,607.5,609.5,1721074,SBIN
2024-01-25 07:45:00+00:00,606.75,609.25,606.2999877929688,609.0,1915885,SBIN
2024-01-25 08:45:00+00:00,612.8499755859375,613.2999877929688,606.7000122070312,606.75,7125473,SBIN
2024-01-25 09:45:00+00:00,615.0,617.0,612.5499877929688,612.7999877929688,3953275,SBIN
2024-01-29 03:45:00+00:00,619.3499755859375,621.25,616.1500244140625,617.5999755859375,0,SBIN
2024-01-29 04:45:00+00:00,622.75,624.9000244140625,619.3499755859375,619.5,4409444,SBIN
2024-01-29 05:45:00+00:00,622.0,623.2999877929688,621.0,622.7999877929688,2087365,SBIN
2024-01-29 06:45:00+00:00,621.5999755859375,622.9500122070312,619.4000244140625,622.0,2038637,SBIN
2024-01-29 07:45:00+00:00,627.75,629.5,620.5,621.7000122070312,3343288,SBIN
2024-01-29 08:45:00+00:00,623.5,627.9000244140625,620.25,627.7000122070312,2701978,SBIN
2024-01-29 09:45:00+00:00,624.2000122070312,624.2999877929688,623.2000122070312,623.3499755859375,783765,SBIN
2024-01-30 03:45:00+00:00,625.2000122070312,628.4000244140625,624.2000122070312,624.9500122070312,0,SBIN
2024-01-30 04:45:00+00:00,627.9000244140625,628.5,624.7999877929688,625.25,1690169,SBIN
2024-01-30 05:45:00+00:00,632.75,633.5,626.2000122070312,627.9000244140625,3054916,SBIN
2024-01-30 06:45:00+00:00,630.0499877929688,633.4500122070312,630.0499877929688,632.75,1822964,SBIN
2024-01-30 07:45:00+00:00,630.5,630.9000244140625,627.7999877929688,630.0999755859375,1921200,SBIN
2024-01-30 08:45:00+00:00,627.0,631.0,626.4500122070312,630.7000122070312,4119934,SBIN
2024-01-30 09:45:00+00:00,626.0,627.2999877929688,625.5,627.0499877929688,1047466,SBIN
2024-01-31 03:45:00+00:00,628.9000244140625,629.2999877929688,622.0499877929688,624.5,3551214,SBIN
2024-01-31 04:45:00+00:00,632.0,632.75,627.7000122070312,628.9500122070312,2768660,SBIN
2024-01-31 05:45:00+00:00,633.4500122070312,635.7999877929688,631.5499877929688,632.0,2322948,SBIN
2024-01-31 06:45:00+00:00,633.1500244140625,634.4000244140625,630.75,633.5,2712135,SBIN
2024-01-31 07:45:00+00:00,635.0,637.6500244140625,631.75,633.1500244140625,2714068,SBIN
2024-01-31 08:45:00+00:00,639.6500244140625,643.0,634.2000122070312,634.9000244140625,6721424,SBIN
2024-01-31 09:45:00+00:00,641.5499877929688,643.2000122070312,639.2000122070312,639.6500244140625,2473439,SBIN
2024-02-01 03:45:00+00:00,638.5999755859375,643.0499877929688,635.8499755859375,642.75,0,SBIN
2024-02-01 04:45:00+00:00,639.5,640.9000244140625,636.2000122070312,638.5,1701681,SBIN
2024-02-01 05:45:00+00:00,639.2999877929688,644.4500122070312,633.4000244140625,639.5,3829932,SBIN
2024-02-01 06:45:00+00:00,650.5,652.9000244140625,637.25,638.9000244140625,8499590,SBIN
2024-02-01 07:45:00+00:00,649.5,651.5999755859375,644.3499755859375,650.5,4556913,SBIN
2024-02-01 08:45:00+00:00,646.8499755859375,650.9500122070312,646.5999755859375,649.6500244140625,3389865,SBIN
2024-02-01 09:45:00+00:00,647.6500244140625,649.0,646.5499877929688,646.7000122070312,0,SBIN
2024-02-02 03:45:00+00:00,653.5,654.0,648.0499877929688,651.9500122070312,5646245,SBIN
2024-02-02 04:45:00+00:00,654.2000122070312,654.9000244140625,650.2000122070312,653.5,2980383,SBIN
2024-02-02 05:45:00+00:00,658.25,659.5,653.5999755859375,654.0999755859375,4719846,SBIN
2024-02-02 06:45:00+00:00,654.2000122070312,660.5499877929688,651.8499755859375,658.3499755859375,5775334,SBIN
2024-02-02 07:45:00+00:00,656.2999877929688,656.5,651.0499877929688,654.3499755859375,3006761,SBIN
2024-02-02 08:45:00+00:00,650.25,658.5999755859375,649.8499755859375,656.25,3633041,SBIN
2024-02-02 09:45:00+00:00,648.0,650.3499755859375,646.8499755859375,650.2999877929688,1690874,SBIN
2024-02-05 03:45:00+00:00,649.5,654.75,638.9500122070312,647.9000244140625,0,SBIN
2024-02-05 04:45:00+00:00,647.4000244140625,650.1500244140625,644.7999877929688,649.7000122070312,3819921,SBIN
2024-02-05 05:45:00+00:00,648.1500244140625,649.8499755859375,646.8499755859375,647.2000122070312,2225124,SBIN
2024-02-05 06:45:00+00:00,649.2000122070312,651.0499877929688,645.2999877929688,648.0499877929688,1938962,SBIN
2024-02-05 07:45:00+00:00,647.7999877929688,649.5499877929688,646.7999877929688,649.1500244140625,2275771,SBIN
2024-02-05 08:45:00+00:00,643.0,649.0,640.7999877929688,648.0999755859375,4722122,SBIN
2024-02-05 09:45:00+00:00,642.5,643.4500122070312,642.0499877929688,643.0,1211609,SBIN
2024-02-06 03:45:00+00:00,643.0,645.75,640.6500244140625,644.0,0,SBIN
2024-02-06 04:45:00+00:00,640.2999877929688,644.2999877929688,638.0,643.0,1964402,SBIN
2024-02-06 05:45:00+00:00,643.4500122070312,644.3499755859375,638.6500244140625,640.4000244140625,1163098,SBIN
2024-02-06 06:45:00+00:00,641.5,643.5,640.0,643.4500122070312,1448522,SBIN
2024-02-06 07:45:00+00:00,642.2999877929688,642.7000122070312,639.0,641.5,1073199,SBIN
2024-02-06 08:45:00+00:00,649.2999877929688,649.2999877929688,641.8499755859375,642.4000244140625,3717656,SBIN
2024-02-06 09:45:00+00:00,654.7999877929688,654.9500122070312,649.0999755859375,649.3499755859375,1611200,SBIN
2024-02-07 03:45:00+00:00,667.9000244140625,670.2999877929688,656.3499755859375,656.3499755859375,0,SBIN
2024-02-07 04:45:00+00:00,669.5999755859375,671.0,666.9000244140625,668.0,6344984,SBIN
2024-02-07 05:45:00+00:00,668.9000244140625,670.25,664.5999755859375,669.5499877929688,4825965,SBIN
2024-02-07 06:45:00+00:00,672.5,674.5999755859375,668.7999877929688,668.9000244140625,5480487,SBIN
2024-02-07 07:45:00+00:00,672.4500122070312,675.0,671.9000244140625,672.5,3159897,SBIN
2024-02-07 08:45:00+00:00,674.75,674.8499755859375,670.5999755859375,672.4500122070312,6279931,SBIN
2024-02-07 09:45:00+00:00,677.5,677.7999877929688,674.5,674.8499755859375,3473644,SBIN
2024-02-08 03:45:00+00:00,694.8499755859375,695.2000122070312,678.5499877929688,680.5,0,SBIN
2024-02-08 04:45:00+00:00,701.5,718.6500244140625,690.4500122070312,694.8499755859375,27666633,SBIN
2024-02-08 05:45:00+00:00,704.5999755859375,706.6500244140625,699.0,701.5499877929688,7099447,SBIN
2024-02-08 06:45:00+00:00,704.5,705.0,701.0999755859375,704.5499877929688,3423483,SBIN
2024-02-08 07:45:00+00:00,710.5499877929688,715.2999877929688,704.0,704.5,8827221,SBIN
2024-02-08 08:45:00+00:00,698.25,710.7000122070312,698.0,710.7000122070312,8698827,SBIN
2024-02-08 09:45:00+00:00,699.9000244140625,700.3499755859375,697.9000244140625,698.3499755859375,2541403,SBIN
2024-02-09 03:45:00+00:00,706.7999877929688,708.9500122070312,694.4000244140625,704.0,0,SBIN
2024-02-09 04:45:00+00:00,703.0,707.0,700.0499877929688,707.0,4794105,SBIN
2024-02-09 05:45:00+00:00,712.4500122070312,716.5,702.5,703.3499755859375,6843148,SBIN
2024-02-09 06:45:00+00:00,716.2999877929688,717.3499755859375,711.4500122070312,712.4500122070312,3372818,SBIN
2024-02-09 07:45:00+00:00,717.5499877929688,718.7999877929688,711.7999877929688,716.4000244140625,3931481,SBIN
2024-02-09 08:45:00+00:00,725.7000122070312,725.7000122070312,716.5999755859375,717.5999755859375,7948949,SBIN
2024-02-09 09:45:00+00:00,725.4500122070312,728.2999877929688,725.0,725.7000122070312,3024863,SBIN
2024-02-12 03:45:00+00:00,714.5499877929688,725.7000122070312,712.0499877929688,725.7000122070312,0,SBIN
2024-02-12 04:45:00+00:00,718.6500244140625,720.8499755859375,710.0,714.2999877929688,3996935,SBIN
2024-02-12 05:45:00+00:00,713.2000122070312,719.0,710.5,718.7999877929688,2311483,SBIN
2024-02-12 06:45:00+00:00,710.9500122070312,716.0,709.25,712.7999877929688,2693315,SBIN
2024-02-12 07:45:00+00:00,709.8499755859375,714.0999755859375,705.0999755859375,711.2000122070312,2900495,SBIN
2024-02-12 08:45:00+00:00,706.9500122070312,712.2999877929688,705.25,710.2000122070312,3104049,SBIN
2024-02-12 09:45:00+00:00,707.9000244140625,707.9000244140625,704.5999755859375,706.9500122070312,1098707,SBIN
2024-02-13 03:45:00+00:00,715.2000122070312,716.4000244140625,702.2000122070312,709.7999877929688,0,SBIN
2024-02-13 04:45:00+00:00,714.5999755859375,718.0,712.1500244140625,715.25,3458199,SBIN
2024-02-13 05:45:00+00:00,706.7999877929688,714.75,705.75,714.4000244140625,3017724,SBIN
2024-02-13 06:45:00+00:00,708.8499755859375,710.7000122070312,703.4500122070312,706.5499877929688,2595847,SBIN
2024-02-13 07:45:00+00:00,712.7999877929688,714.9500122070312,708.5,708.5999755859375,2766390,SBIN
2024-02-13 08:45:00+00:00,713.9000244140625,715.0,711.0,712.75,3752672,SBIN
2024-02-13 09:45:00+00:00,713.4500122070312,714.2000122070312,710.6500244140625,713.8499755859375,1627390,SBIN
2024-02-14 03:45:00+00:00,713.9000244140625,714.4500122070312,706.0499877929688,708.0,0,SBIN
2024-02-14 04:45:00+00:00,716.5999755859375,717.5499877929688,713.3499755859375,714.2999877929688,3371440,SBIN
2024-02-14 05:45:00+00:00,718.5499877929688,719.75,714.7999877929688,716.5,2957466,SBIN
2024-02-14 06:45:00+00:00,732.0,733.7000122070312,718.4000244140625,718.5499877929688,7677013,SBIN
2024-02-14 07:45:00+00:00,745.1500244140625,747.5,727.8499755859375,732.0,9217603,SBIN
2024-02-14 08:45:00+00:00,741.9000244140625,748.2999877929688,739.6500244140625,745.3499755859375,7256879,SBIN
2024-02-14 09:45:00+00:00,743.0,744.0499877929688,739.75,741.7000122070312,2077392,SBIN
2024-02-15 03:45:00+00:00,748.4500122070312,752.8499755859375,741.6500244140625,745.8499755859375,0,SBIN
2024-02-15 04:45:00+00:00,748.3499755859375,751.3499755859375,747.0,748.4500122070312,2710224,SBIN
2024-02-15 05:45:00+00:00,758.7000122070312,758.7000122070312,747.7000122070312,748.4500122070312,4720777,SBIN
2024-02-15 06:45:00+00:00,756.1500244140625,760.0,752.5,758.7000122070312,4459825,SBIN
2024-02-15 07:45:00+00:00,757.5,761.5,754.0999755859375,756.4000244140625,4559236,SBIN
2024-02-15 08:45:00+00:00,762.1500244140625,764.0,756.0,757.4500122070312,5822153,SBIN
2024-02-15 09:45:00+00:00,760.2999877929688,762.4500122070312,760.0,762.0999755859375,1803468,SBIN
2024-02-16 03:45:00+00:00,763.5,765.8499755859375,759.3499755859375,764.0,6384150,SBIN
2024-02-16 04:45:00+00:00,761.6500244140625,763.75,758.0,763.4500122070312,2823184,SBIN
2024-02-16 05:45:00+00:00,772.3499755859375,774.5499877929688,760.3499755859375,761.2999877929688,5486198,SBIN
2024-02-16 06:45:00+00:00,770.0999755859375,772.4500122070312,769.8499755859375,772.2000122070312,2463394,SBIN
2024-02-16 07:45:00+00:00,761.0999755859375,770.5999755859375,759.0499877929688,770.0499877929688,3973947,SBIN
2024-02-16 08:45:00+00:00,754.0999755859375,762.0,753.7000122070312,760.9500122070312,4593580,SBIN
2024-02-16 09:45:00+00:00,757.2000122070312,757.2000122070312,753.4000244140625,754.0499877929688,1636002,SBIN
2024-02-19 03:45:00+00:00,754.9000244140625,761.6500244140625,750.0,758.3499755859375,0,SBIN
2024-02-19 04:45:00+00:00,760.4000244140625,760.7999877929688,754.0,754.9000244140625,1898436,SBIN
2024-02-19 05:45:00+00:00,759.75,762.4500122070312,758.2999877929688,760.3499755859375,1478285,SBIN
2024-02-19 06:45:00+00:00,760.75,761.4000244140625,759.0999755859375,759.5,863768,SBIN
2024-02-19 07:45:00+00:00,758.6500244140625,761.2000122070312,756.7999877929688,761.0,1742684,SBIN
2024-02-19 08:45:00+00:00,758.7999877929688,765.0,757.25,758.5499877929688,2958831,SBIN
2024-02-19 09:45:00+00:00,759.25,760.0,758.4500122070312,758.75,837692,SBIN
2024-02-20 03:45:00+00:00,761.2999877929688,761.4000244140625,754.0499877929688,758.5,0,SBIN
2024-02-20 04:45:00+00:00,762.25,763.25,758.7999877929688,761.0,2197733,SBIN
2024-02-20 05:45:00+00:00,761.9500122070312,763.5,760.4000244140625,762.0,1199146,SBIN
2024-02-20 06:45:00+00:00,760.2999877929688,762.0,759.0,761.9500122070312,919263,SBIN
2024-02-20 07:45:00+00:00,759.0,762.25,756.7000122070312,760.25,1750804,SBIN
2024-02-20 08:45:00+00:00,760.2999877929688,761.9500122070312,758.0499877929688,759.0,2494697,SBIN
2024-02-20 09:45:00+00:00,760.0999755859375,761.0,759.2999877929688,760.3499755859375,659594,SBIN
2024-02-21 03:45:00+00:00,764.7000122070312,767.8499755859375,760.2999877929688,760.2999877929688,0,SBIN
2024-02-21 04:45:00+00:00,763.6500244140625,765.0,760.9500122070312,764.5499877929688,1720254,SBIN
2024-02-21 05:45:00+00:00,773.7000122070312,776.2000122070312,762.8499755859375,763.6500244140625,4550460,SBIN
2024-02-21 06:45:00+00:00,775.4500122070312,777.2999877929688,771.5999755859375,773.7000122070312,2694814,SBIN
2024-02-21 07:45:00+00:00,772.9000244140625,777.5,771.6500244140625,775.1500244140625,3100705,SBIN
2024-02-21 08:45:00+00:00,772.2999877929688,775.25,769.0999755859375,772.9000244140625,4617073,SBIN
2024-02-21 09:45:00+00:00,771.0999755859375,772.9500122070312,770.2000122070312,772.25,1439670,SBIN
2024-02-22 03:45:00+00:00,764.5,772.9500122070312,763.0,772.9000244140625,0,SBIN
2024-02-22 04:45:00+00:00,762.25,765.0,761.0499877929688,764.7999877929688,2425905,SBIN
2024-02-22 05:45:00+00:00,763.3499755859375,765.0,759.0999755859375,762.3499755859375,2629332,SBIN
2024-02-22 06:45:00+00:00,758.9500122070312,763.9000244140625,757.0499877929688,763.25,1775391,SBIN
2024-02-22 07:45:00+00:00,762.6500244140625,765.4000244140625,758.5499877929688,758.7999877929688,2740759,SBIN
2024-02-22 08:45:00+00:00,765.8499755859375,766.7000122070312,762.2999877929688,762.5499877929688,3746017,SBIN
2024-02-22 09:45:00+00:00,766.9500122070312,767.4500122070312,765.5999755859375,765.9500122070312,1357202,SBIN
2024-02-23 03:45:00+00:00,768.3499755859375,770.5,764.1500244140625,767.2000122070312,0,SBIN
2024-02-23 04:45:00+00:00,758.75,769.0,755.2999877929688,768.2000122070312,3929543,SBIN
2024-02-23 05:45:00+00:00,760.0,762.9000244140625,758.2999877929688,758.7999877929688,1239803,SBIN
2024-02-23 06:45:00+00:00,762.2999877929688,764.9000244140625,759.5999755859375,760.0,1106580,SBIN
2024-02-23 07:45:00+00:00,757.75,762.7999877929688,757.25,762.25,1606508,SBIN
2024-02-23 08:45:00+00:00,758.7999877929688,762.0,757.5,757.75,1893038,SBIN
2024-02-23 09:45:00+00:00,760.3499755859375,760.4500122070312,757.2999877929688,758.9000244140625,1609697,SBIN
2024-02-26 03:45:00+00:00,759.4000244140625,766.2999877929688,754.5499877929688,754.5499877929688,0,SBIN
2024-02-26 04:45:00+00:00,757.0499877929688,760.3499755859375,754.7000122070312,759.7000122070312,1262252,SBIN
2024-02-26 05:45:00+00:00,753.7000122070312,757.4000244140625,752.7000122070312,757.0,1248886,SBIN
2024-02-26 06:45:00+00:00,762.2000122070312,763.3499755859375,752.9500122070312,753.75,1741304,SBIN
2024-02-26 07:45:00+00:00,760.8499755859375,762.9500122070312,759.3499755859375,762.2000122070312,1026843,SBIN
2024-02-26 08:45:00+00:00,758.4500122070312,761.75,758.0499877929688,761.1500244140625,1507523,SBIN
2024-02-26 09:45:00+00:00,758.9000244140625,759.75,757.9000244140625,758.4500122070312,796673,SBIN
2024-02-27 03:45:00+00:00,756.5,762.2999877929688,755.7000122070312,758.9000244140625,0,SBIN
2024-02-27 04:45:00+00:00,756.7000122070312,757.25,754.2999877929688,756.4500122070312,1295214,SBIN
2024-02-27 05:45:00+00:00,753.8499755859375,756.9500122070312,752.4000244140625,756.7000122070312,1560822,SBIN
2024-02-27 06:45:00+00:00,750.2999877929688,754.6500244140625,748.5499877929688,754.0,2309531,SBIN
2024-02-27 07:45:00+00:00,744.2000122070312,752.5,742.4000244140625,750.25,3465417,SBIN
2024-02-27 08:45:00+00:00,750.5999755859375,751.4000244140625,744.1500244140625,744.2000122070312,2369472,SBIN
2024-02-27 09:45:00+00:00,749.8499755859375,751.0,747.9000244140625,750.6500244140625,782395,SBIN
2024-02-28 03:45:00+00:00,755.0,756.75,750.0,750.0,0,SBIN
2024-02-28 04:45:00+00:00,747.25,755.9000244140625,743.5,755.0,2106106,SBIN
2024-02-28 05:45:00+00:00,746.9500122070312,747.7000122070312,744.5499877929688,747.25,1128723,SBIN
2024-02-28 06:45:00+00:00,741.4500122070312,748.0,741.0,746.7999877929688,1254931,SBIN
2024-02-28 07:45:00+00:00,750.0999755859375,751.0,741.75,741.8499755859375,1736584,SBIN
2024-02-28 08:45:00+00:00,742.7000122070312,750.1500244140625,742.0999755859375,750.0999755859375,1793903,SBIN
2024-02-28 09:45:00+00:00,742.5,742.9000244140625,741.2999877929688,742.7000122070312,889328,SBIN
2024-02-29 03:45:00+00:00,743.0999755859375,749.9000244140625,741.2999877929688,741.2999877929688,0,SBIN
2024-02-29 04:45:00+00:00,741.75,744.0,737.25,743.1500244140625,2042128,SBIN
2024-02-29 05:45:00+00:00,741.25,742.2999877929688,739.7000122070312,741.75,1317787,SBIN
2024-02-29 06:45:00+00:00,745.8499755859375,746.0999755859375,740.0999755859375,741.25,2322425,SBIN
2024-02-29 07:45:00+00:00,748.0499877929688,748.4000244140625,745.0999755859375,746.0,2262333,SBIN
2024-02-29 08:45:00+00:00,749.2999877929688,751.4000244140625,743.9500122070312,748.0,5709941,SBIN
2024-02-29 09:45:00+00:00,753.0,753.75,748.25,748.8499755859375,2260836,SBIN
2024-03-01 03:45:00+00:00,756.7999877929688,758.4000244140625,753.75,754.75,0,SBIN
2024-03-01 04:45:00+00:00,754.8499755859375,756.9500122070312,753.0,756.6500244140625,1371999,SBIN
2024-03-01 05:45:00+00:00,756.75,758.5,754.5999755859375,754.8499755859375,1803779,SBIN
2024-03-01 06:45:00+00:00,765.0499877929688,766.9500122070312,756.3499755859375,756.75,3621994,SBIN
2024-03-01 07:45:00+00:00,769.2000122070312,770.0,763.1500244140625,765.1500244140625,3113017,SBIN
2024-03-01 08:45:00+00:00,768.7000122070312,772.0,768.0499877929688,769.1500244140625,3458777,SBIN
2024-03-01 09:45:00+00:00,769.9500122070312,770.0499877929688,767.7000122070312,768.7000122070312,1384589,SBIN
2024-03-04 03:45:00+00:00,772.1500244140625,776.9500122070312,769.0499877929688,774.9500122070312,1180678,SBIN
2024-03-04 04:45:00+00:00,772.0,776.25,770.0,772.2000122070312,1587702,SBIN
2024-03-04 05:45:00+00:00,772.4500122070312,773.0999755859375,770.2999877929688,772.0,727014,SBIN
2024-03-04 06:45:00+00:00,772.7999877929688,774.9000244140625,772.0499877929688,772.25,1090589,SBIN
2024-03-04 07:45:00+00:00,773.8499755859375,774.2999877929688,772.5,773.0,874439,SBIN
2024-03-04 08:45:00+00:00,772.4000244140625,774.4500122070312,769.5,773.9500122070312,2239841,SBIN
2024-03-04 09:45:00+00:00,771.3499755859375,772.5999755859375,770.75,772.4000244140625,928365,SBIN
2024-03-05 03:45:00+00:00,779.7999877929688,781.3499755859375,769.5499877929688,769.8499755859375,0,SBIN
2024-03-05 04:45:00+00:00,780.6500244140625,784.0,776.2000122070312,779.5999755859375,2402574,SBIN
2024-03-05 05:45:00+00:00,781.25,782.7999877929688,776.6500244140625,780.9500122070312,2049885,SBIN
2024-03-05 06:45:00+00:00,786.1500244140625,786.4500122070312,780.75,781.3499755859375,2997250,SBIN
2024-03-05 07:45:00+00:00,783.5,786.75,781.6500244140625,786.3499755859375,2454811,SBIN
2024-03-05 08:45:00+00:00,784.0,786.9000244140625,782.5,783.5,3462492,SBIN
2024-03-05 09:45:00+00:00,784.0999755859375,785.0,783.4000244140625,784.0499877929688,1452049,SBIN
2024-03-06 03:45:00+00:00,778.9000244140625,785.5,773.0,783.2999877929688,0,SBIN
2024-03-06 04:45:00+00:00,786.0,789.8499755859375,779.0,779.0,6172264,SBIN
2024-03-06 05:45:00+00:00,785.2999877929688,787.0999755859375,782.0999755859375,786.2000122070312,2444325,SBIN
2024-03-06 06:45:00+00:00,787.2000122070312,787.5499877929688,781.2999877929688,785.25,2333606,SBIN
2024-03-06 07:45:00+00:00,786.0499877929688,788.9000244140625,784.0499877929688,786.8499755859375,3276621,SBIN
2024-03-06 08:45:00+00:00,784.4000244140625,788.6500244140625,781.8499755859375,786.0499877929688,4145601,SBIN
2024-03-06 09:45:00+00:00,784.0,785.0,782.3499755859375,784.4000244140625,1645549,SBIN
2024-03-07 03:45:00+00:00,789.9000244140625,793.4000244140625,788.3499755859375,790.3499755859375,0,SBIN
2024-03-07 04:45:00+00:00,786.2999877929688,790.0,783.0499877929688,789.9500122070312,2488707,SBIN
2024-03-07 05:45:00+00:00,785.8499755859375,787.2999877929688,784.25,786.25,1186375,SBIN
2024-03-07 06:45:00+00:00,789.4000244140625,789.7999877929688,785.0999755859375,785.8499755859375,1944726,SBIN
2024-03-07 07:45:00+00:00,789.0499877929688,790.0,788.2000122070312,789.2000122070312,1532763,SBIN
2024-03-07 08:45:00+00:00,788.8499755859375,792.0,787.25,789.0999755859375,3008586,SBIN
2024-03-07 09:45:00+00:00,788.0499877929688,789.0999755859375,785.0,788.8499755859375,1209524,SBIN
2024-03-11 03:45:00+00:00,788.2000122070312,792.7999877929688,785.7999877929688,791.0,0,SBIN
2024-03-11 04:45:00+00:00,784.2999877929688,790.2000122070312,784.0,788.0,1917096,SBIN
2024-03-11 05:45:00+00:00,774.3499755859375,785.4000244140625,773.5499877929688,784.0499877929688,2220485,SBIN
2024-03-11 06:45:00+00:00,771.75,776.0999755859375,771.0,774.4000244140625,3064356,SBIN
2024-03-11 07:45:00+00:00,771.7000122070312,774.5999755859375,771.0,772.0,1252138,SBIN
2024-03-11 08:45:00+00:00,774.2000122070312,774.9000244140625,770.7000122070312,771.7000122070312,3505711,SBIN
2024-03-11 09:45:00+00:00,773.9500122070312,774.2000122070312,771.6500244140625,774.0,1798731,SBIN
2024-03-12 03:45:00+00:00,775.0499877929688,777.6500244140625,763.3499755859375,770.0,0,SBIN
2024-03-12 04:45:00+00:00,765.9000244140625,776.0,761.2000122070312,775.0499877929688,4797497,SBIN
2024-03-12 05:45:00+00:00,763.3499755859375,766.5,761.8499755859375,765.9000244140625,1637100,SBIN
2024-03-12 06:45:00+00:00,761.0499877929688,764.4000244140625,758.6500244140625,763.2999877929688,2497465,SBIN
2024-03-12 07:45:00+00:00,760.9000244140625,763.1500244140625,759.2000122070312,761.0499877929688,1849000,SBIN
2024-03-12 08:45:00+00:00,759.1500244140625,762.1500244140625,757.5,760.9000244140625,3899542,SBIN
2024-03-12 09:45:00+00:00,759.5,760.0999755859375,758.2000122070312,759.0999755859375,1464956,SBIN
2024-03-13 03:45:00+00:00,758.25,763.1500244140625,753.0499877929688,760.8499755859375,0,SBIN
2024-03-13 04:45:00+00:00,754.1500244140625,759.0,752.25,758.25,2087459,SBIN
2024-03-13 05:45:00+00:00,751.7999877929688,755.4500122070312,751.2000122070312,754.25,2320472,SBIN
2024-03-13 06:45:00+00:00,755.7000122070312,757.9000244140625,750.5999755859375,751.4500122070312,4340485,SBIN
2024-03-13 07:45:00+00:00,747.4000244140625,758.0,747.0499877929688,755.9500122070312,4823747,SBIN
2024-03-13 08:45:00+00:00,745.1500244140625,750.3499755859375,743.0999755859375,747.4000244140625,8344908,SBIN
2024-03-13 09:45:00+00:00,747.4000244140625,747.8499755859375,743.6500244140625,745.25,1846990,SBIN
2024-03-14 03:45:00+00:00,734.2999877929688,750.6500244140625,734.1500244140625,744.6500244140625,0,SBIN
2024-03-14 04:45:00+00:00,747.5999755859375,748.9000244140625,734.0499877929688,734.0499877929688,3415806,SBIN
2024-03-14 05:45:00+00:00,748.8499755859375,750.2999877929688,744.0999755859375,747.25,2063816,SBIN
2024-03-14 06:45:00+00:00,745.7999877929688,749.2999877929688,742.0499877929688,748.8499755859375,1715629,SBIN
2024-03-14 07:45:00+00:00,741.8499755859375,746.4500122070312,740.5499877929688,745.7999877929688,1474087,SBIN
2024-03-14 08:45:00+00:00,741.2000122070312,743.0499877929688,740.3499755859375,741.7000122070312,3859309,SBIN
2024-03-14 09:45:00+00:00,741.2000122070312,742.2000122070312,739.1500244140625,741.0499877929688,2121198,SBIN
2024-03-15 03:45:00+00:00,739.5999755859375,746.5499877929688,738.5499877929688,742.0999755859375,0,SBIN
2024-03-15 04:45:00+00:00,726.9000244140625,739.9500122070312,725.4000244140625,739.4000244140625,3730122,SBIN
2024-03-15 05:45:00+00:00,724.2000122070312,730.0,723.0,726.6500244140625,2427856,SBIN
2024-03-15 06:45:00+00:00,727.1500244140625,729.7000122070312,723.0,724.0,2642489,SBIN
2024-03-15 07:45:00+00:00,724.8499755859375,731.9000244140625,724.5499877929688,727.1500244140625,3831332,SBIN
2024-03-15 08:45:00+00:00,732.2999877929688,733.5,723.2999877929688,725.0,8678713,SBIN
2024-03-15 09:45:00+00:00,732.0999755859375,733.6500244140625,728.4500122070312,732.2999877929688,5181765,SBIN
2024-03-18 03:45:00+00:00,730.25,737.7999877929688,726.8499755859375,728.75,0,SBIN
2024-03-18 04:45:00+00:00,724.5999755859375,732.75,724.5999755859375,730.5999755859375,2959011,SBIN
2024-03-18 05:45:00+00:00,730.5499877929688,731.7000122070312,722.0999755859375,724.5999755859375,3877232,SBIN
2024-03-18 06:45:00+00:00,730.75,733.3499755859375,729.2000122070312,730.3499755859375,1921395,SBIN
2024-03-18 07:45:00+00:00,729.3499755859375,731.0,728.5499877929688,730.75,1117513,SBIN
2024-03-18 08:45:00+00:00,730.3499755859375,734.5,728.7999877929688,729.3499755859375,3176055,SBIN
2024-03-18 09:45:00+00:00,730.9500122070312,732.5499877929688,730.0499877929688,730.0499877929688,1186409,SBIN
2024-03-19 03:45:00+00:00,726.3499755859375,734.2999877929688,725.5,729.4000244140625,0,SBIN
2024-03-19 04:45:00+00:00,728.0,730.9000244140625,725.8499755859375,726.3499755859375,2097808,SBIN
2024-03-19 05:45:00+00:00,727.2000122070312,728.7999877929688,723.7000122070312,727.9500122070312,1552594,SBIN
2024-03-19 06:45:00+00:00,728.5999755859375,729.4000244140625,726.0999755859375,727.2000122070312,1542303,SBIN
2024-03-19 07:45:00+00:00,727.4000244140625,729.5,725.5499877929688,728.7999877929688,1240891,SBIN
2024-03-19 08:45:00+00:00,722.4000244140625,731.0,721.2000122070312,727.1500244140625,4371362,SBIN
2024-03-19 09:45:00+00:00,722.5499877929688,723.0,721.5499877929688,722.5499877929688,978627,SBIN
2024-03-20 03:45:00+00:00,726.75,732.25,725.0,725.7000122070312,4517028,SBIN
2024-03-20 04:45:00+00:00,727.0,728.5999755859375,720.0,726.6500244140625,4394788,SBIN
2024-03-20 05:45:00+00:00,728.8499755859375,729.4500122070312,724.5,727.0999755859375,1730552,SBIN
2024-03-20 06:45:00+00:00,736.9000244140625,737.6500244140625,728.7000122070312,729.0,3928851,SBIN
2024-03-20 07:45:00+00:00,732.5999755859375,738.0,731.0999755859375,736.9500122070312,2724203,SBIN
2024-03-20 08:45:00+00:00,736.7000122070312,736.9000244140625,729.4000244140625,732.5499877929688,6042526,SBIN
2024-03-20 09:45:00+00:00,736.5499877929688,738.9000244140625,735.5999755859375,736.7999877929688,2064467,SBIN
2024-03-21 03:45:00+00:00,747.5999755859375,748.0,740.7000122070312,742.5499877929688,0,SBIN
2024-03-21 04:45:00+00:00,748.4500122070312,749.5,746.3499755859375,747.3499755859375,2402172,SBIN
2024-03-21 05:45:00+00:00,744.0,750.5999755859375,743.6500244140625,748.4500122070312,1920333,SBIN
2024-03-21 06:45:00+00:00,744.7000122070312,745.9500122070312,742.0999755859375,744.0,2172656,SBIN
2024-03-21 07:45:00+00:00,743.5,746.5499877929688,743.1500244140625,744.5999755859375,1422816,SBIN
2024-03-21 08:45:00+00:00,744.5499877929688,746.0,743.0999755859375,743.5,2857305,SBIN
2024-03-21 09:45:00+00:00,744.2999877929688,744.6500244140625,742.7999877929688,744.6500244140625,1165253,SBIN
2024-03-22 03:45:00+00:00,747.7999877929688,748.2999877929688,741.6500244140625,742.25,0,SBIN
2024-03-22 04:45:00+00:00,745.5,748.75,744.8499755859375,748.0,2077090,SBIN
2024-03-22 05:45:00+00:00,744.3499755859375,747.5,743.8499755859375,745.6500244140625,2793224,SBIN
2024-03-22 06:45:00+00:00,746.25,746.9500122070312,742.75,744.3499755859375,1134635,SBIN
2024-03-22 07:45:00+00:00,746.2999877929688,747.3499755859375,745.5,746.0999755859375,1191838,SBIN
2024-03-22 08:45:00+00:00,746.5,748.0,745.1500244140625,746.4500122070312,3367676,SBIN
2024-03-22 09:45:00+00:00,746.5,748.0,745.5499877929688,746.5,1543128,SBIN
2024-03-26 03:45:00+00:00,740.7999877929688,747.5,738.9500122070312,745.2000122070312,0,SBIN
2024-03-26 04:45:00+00:00,740.9500122070312,742.2999877929688,739.5499877929688,740.8499755859375,2275699,SBIN
2024-03-26 05:45:00+00:00,741.6500244140625,744.4000244140625,740.7999877929688,740.9500122070312,2260073,SBIN
2024-03-26 06:45:00+00:00,741.7000122070312,742.6500244140625,740.5499877929688,741.6500244140625,1193068,SBIN
2024-03-26 07:45:00+00:00,740.8499755859375,742.1500244140625,739.5,741.9500122070312,1034252,SBIN
2024-03-26 08:45:00+00:00,739.7000122070312,741.2000122070312,738.5,740.9000244140625,3305914,SBIN
2024-03-26 09:45:00+00:00,741.7000122070312,741.9000244140625,739.6500244140625,739.6500244140625,1030146,SBIN
2024-03-27 03:45:00+00:00,742.75,744.6500244140625,740.3499755859375,743.0,0,SBIN
2024-03-27 04:45:00+00:00,742.0499877929688,745.8499755859375,741.2000122070312,742.9500122070312,2815137,SBIN
2024-03-27 05:45:00+00:00,742.4000244140625,744.2999877929688,741.7999877929688,742.0499877929688,792017,SBIN
2024-03-27 06:45:00+00:00,740.9000244140625,742.5,740.0,742.4000244140625,1038783,SBIN
2024-03-27 07:45:00+00:00,736.75,741.5999755859375,736.5,741.0499877929688,1153403,SBIN
2024-03-27 08:45:00+00:00,733.2000122070312,737.0,730.2000122070312,736.8499755859375,15089044,SBIN
2024-03-27 09:45:00+00:00,736.5,737.7000122070312,732.1500244140625,733.3499755859375,6216211,SBIN
2024-03-28 03:45:00+00:00,743.8499755859375,745.0,737.0,737.0,0,SBIN
2024-03-28 04:45:00+00:00,746.1500244140625,747.3499755859375,743.6500244140625,743.9000244140625,2010955,SBIN
2024-03-28 05:45:00+00:00,747.75,748.8499755859375,745.5499877929688,746.25,1565178,SBIN
2024-03-28 06:45:00+00:00,753.8499755859375,753.8499755859375,746.5999755859375,747.7999877929688,2577349,SBIN
2024-03-28 07:45:00+00:00,758.5,758.5,752.5499877929688,753.5999755859375,3074376,SBIN
2024-03-28 08:45:00+00:00,750.5999755859375,759.5499877929688,750.5999755859375,758.2000122070312,6992297,SBIN
2024-03-28 09:45:00+00:00,752.9500122070312,753.9500122070312,750.5999755859375,750.5999755859375,1717786,SBIN
2024-04-01 03:45:00+00:00,760.0,761.0999755859375,755.75,760.75,0,SBIN
2024-04-01 04:45:00+00:00,756.4000244140625,760.25,754.5,759.9000244140625,1350151,SBIN
2024-04-01 05:45:00+00:00,756.4000244140625,757.9500122070312,754.5,756.2000122070312,1300024,SBIN
2024-04-01 06:45:00+00:00,752.8499755859375,756.75,752.0999755859375,756.4000244140625,1024326,SBIN
2024-04-01 07:45:00+00:00,755.2999877929688,756.7000122070312,752.75,752.9500122070312,874297,SBIN
2024-04-01 08:45:00+00:00,757.7000122070312,758.2999877929688,755.0499877929688,755.1500244140625,1475794,SBIN
2024-04-01 09:45:00+00:00,757.6500244140625,759.5,757.4500122070312,757.6500244140625,1150670,SBIN
2024-04-02 03:45:00+00:00,755.0,760.25,754.7999877929688,757.9500122070312,0,SBIN
2024-04-02 04:45:00+00:00,759.5,759.75,753.4500122070312,755.2000122070312,2407246,SBIN
2024-04-02 05:45:00+00:00,761.0,762.5999755859375,758.0999755859375,759.2000122070312,1917517,SBIN
2024-04-02 06:45:00+00:00,761.8499755859375,762.2999877929688,759.9500122070312,760.9000244140625,1561644,SBIN
2024-04-02 07:45:00+00:00,762.8499755859375,763.5,760.4500122070312,761.6500244140625,1438368,SBIN
2024-04-02 08:45:00+00:00,766.2999877929688,767.4500122070312,762.0,762.9500122070312,4470132,SBIN
2024-04-02 09:45:00+00:00,766.4000244140625,768.75,765.2000122070312,766.3499755859375,1603292,SBIN
2024-04-03 03:45:00+00:00,764.5499877929688,764.7999877929688,760.1500244140625,764.5499877929688,0,SBIN
2024-04-03 04:45:00+00:00,762.4500122070312,765.0,762.0499877929688,764.5999755859375,1347705,SBIN
2024-04-03 05:45:00+00:00,764.4500122070312,764.75,761.8499755859375,762.4500122070312,1319266,SBIN
2024-04-03 06:45:00+00:00,767.2000122070312,769.7000122070312,763.5,764.8499755859375,2690659,SBIN
2024-04-03 07:45:00+00:00,769.9000244140625,770.0,766.7000122070312,767.3499755859375,3535657,SBIN
2024-04-03 08:45:00+00:00,770.9000244140625,772.2999877929688,769.25,770.0,6071485,SBIN
2024-04-03 09:45:00+00:00,771.0,771.9000244140625,770.0499877929688,770.9500122070312,1814926,SBIN
2024-04-04 03:45:00+00:00,764.4000244140625,775.0,764.4000244140625,775.0,0,SBIN
2024-04-04 04:45:00+00:00,763.7999877929688,767.4000244140625,760.75,764.0999755859375,1877279,SBIN
2024-04-04 05:45:00+00:00,759.5,764.0999755859375,758.0999755859375,763.7999877929688,1879702,SBIN
2024-04-04 06:45:00+00:00,762.2999877929688,763.9000244140625,758.5499877929688,759.5,2500730,SBIN
2024-04-04 07:45:00+00:00,761.0,764.9500122070312,760.7000122070312,762.2000122070312,2191919,SBIN
2024-04-04 08:45:00+00:00,758.9000244140625,762.2999877929688,758.0999755859375,761.0999755859375,2578459,SBIN
2024-04-04 09:45:00+00:00,760.7999877929688,760.9000244140625,758.2000122070312,758.9500122070312,1268314,SBIN
2024-04-05 03:45:00+00:00,761.2000122070312,762.9500122070312,752.6500244140625,757.8499755859375,0,SBIN
2024-04-05 04:45:00+00:00,763.0,764.4000244140625,760.0,761.2000122070312,1273220,SBIN
2024-04-05 05:45:00+00:00,761.2999877929688,763.9000244140625,759.0999755859375,762.7000122070312,913865,SBIN
2024-04-05 06:45:00+00:00,759.25,761.8499755859375,758.7000122070312,761.2999877929688,586078,SBIN
2024-04-05 07:45:00+00:00,760.8499755859375,762.9500122070312,758.3499755859375,759.0,817625,SBIN
2024-04-05 08:45:00+00:00,764.7999877929688,765.4000244140625,760.2999877929688,760.5999755859375,1608151,SBIN
2024-04-05 09:45:00+00:00,764.75,766.2999877929688,764.2000122070312,764.4500122070312,887732,SBIN
2024-04-08 03:45:00+00:00,764.3499755859375,768.2999877929688,763.0499877929688,766.5,0,SBIN
2024-04-08 04:45:00+00:00,764.7999877929688,765.5,763.7000122070312,764.3499755859375,1218011,SBIN
2024-04-08 05:45:00+00:00,763.1500244140625,764.7999877929688,761.8499755859375,764.5999755859375,1151962,SBIN
2024-04-08 06:45:00+00:00,767.6500244140625,768.0,763.0499877929688,763.0999755859375,1571793,SBIN
2024-04-08 07:45:00+00:00,766.75,767.8499755859375,764.1500244140625,767.5999755859375,997880,SBIN
2024-04-08 08:45:00+00:00,768.5,770.0,766.5999755859375,766.7999877929688,2052784,SBIN
2024-04-08 09:45:00+00:00,768.2999877929688,768.9000244140625,767.5999755859375,768.4500122070312,522234,SBIN
2024-04-09 03:45:00+00:00,770.2000122070312,771.25,766.5999755859375,767.2000122070312,0,SBIN
2024-04-09 04:45:00+00:00,770.25,772.4500122070312,768.25,770.0,1118150,SBIN
2024-04-09 05:45:00+00:00,770.25,771.7999877929688,769.7000122070312,770.25,519467,SBIN
2024-04-09 06:45:00+00:00,766.5499877929688,770.7000122070312,765.9500122070312,770.2000122070312,1006976,SBIN
2024-04-09 07:45:00+00:00,762.0999755859375,767.5499877929688,761.0999755859375,766.2999877929688,994521,SBIN
2024-04-09 08:45:00+00:00,763.9000244140625,765.0,761.6500244140625,762.0499877929688,1634960,SBIN
2024-04-09 09:45:00+00:00,765.8499755859375,766.9000244140625,763.5999755859375,763.9000244140625,804122,SBIN
2024-04-10 03:45:00+00:00,767.9000244140625,770.0499877929688,765.0499877929688,765.1500244140625,0,SBIN
2024-04-10 04:45:00+00:00,767.2000122070312,769.7999877929688,767.0,768.0,909375,SBIN
2024-04-10 05:45:00+00:00,766.5,768.2000122070312,763.6500244140625,767.1500244140625,1432605,SBIN
2024-04-10 06:45:00+00:00,769.3499755859375,769.3499755859375,765.8499755859375,766.4500122070312,1370320,SBIN
2024-04-10 07:45:00+00:00,772.25,774.25,767.75,769.0,1893431,SBIN
2024-04-10 08:45:00+00:00,779.5499877929688,780.6500244140625,770.8499755859375,772.0999755859375,5854716,SBIN
2024-04-10 09:45:00+00:00,777.4000244140625,779.7999877929688,776.7000122070312,779.5999755859375,1302058,SBIN
2024-04-12 03:45:00+00:00,776.5,779.5,774.5,778.0,0,SBIN
2024-04-12 04:45:00+00:00,774.9500122070312,776.5999755859375,772.8499755859375,776.5,1855782,SBIN
2024-04-12 05:45:00+00:00,774.0499877929688,776.0,773.7000122070312,774.9500122070312,1083072,SBIN
2024-04-12 06:45:00+00:00,772.5999755859375,775.2999877929688,771.8499755859375,774.0499877929688,1710373,SBIN
2024-04-12 07:45:00+00:00,770.75,773.4500122070312,770.5999755859375,772.8499755859375,1098006,SBIN
2024-04-12 08:45:00+00:00,765.0,772.4500122070312,764.7999877929688,770.7999877929688,3878044,SBIN
2024-04-12 09:45:00+00:00,766.2999877929688,767.0,764.9500122070312,765.2000122070312,1327177,SBIN
2024-04-15 03:45:00+00:00,754.7000122070312,759.4000244140625,748.7999877929688,758.8499755859375,0,SBIN
2024-04-15 04:45:00+00:00,757.2999877929688,759.4000244140625,752.25,754.75,1196169,SBIN
2024-04-15 05:45:00+00:00,760.5999755859375,761.5,756.4000244140625,757.0499877929688,824420,SBIN
2024-04-15 06:45:00+00:00,761.2999877929688,762.0,758.7000122070312,760.6500244140625,917544,SBIN
2024-04-15 07:45:00+00:00,760.8499755859375,763.2999877929688,759.75,761.2999877929688,970895,SBIN
2024-04-15 08:45:00+00:00,756.5499877929688,761.2999877929688,755.5499877929688,761.0,2152181,SBIN
2024-04-15 09:45:00+00:00,758.5,760.2000122070312,756.0,756.5499877929688,1078020,SBIN
2024-04-16 03:45:00+00:00,752.3499755859375,754.9000244140625,750.2999877929688,750.2999877929688,0,SBIN
2024-04-16 04:45:00+00:00,749.5499877929688,752.2000122070312,747.4500122070312,752.2000122070312,1608134,SBIN
2024-04-16 05:45:00+00:00,747.0,750.4000244140625,744.5499877929688,749.5499877929688,1547031,SBIN
2024-04-16 06:45:00+00:00,747.0499877929688,747.75,744.4500122070312,747.0,1323441,SBIN
2024-04-16 07:45:00+00:00,749.5,751.2999877929688,746.1500244140625,746.9500122070312,1724631,SBIN
2024-04-16 08:45:00+00:00,752.75,752.9000244140625,748.2000122070312,749.5,3400523,SBIN
2024-04-16 09:45:00+00:00,752.25,753.0,750.7000122070312,752.8499755859375,1077457,SBIN
2024-04-18 03:45:00+00:00,751.5,759.9500122070312,751.0999755859375,753.6500244140625,0,SBIN
2024-04-18 04:45:00+00:00,755.0,755.25,749.5,751.5499877929688,1818758,SBIN
2024-04-18 05:45:00+00:00,754.0999755859375,756.5499877929688,753.2000122070312,755.0999755859375,809893,SBIN
2024-04-18 06:45:00+00:00,755.9500122070312,756.9000244140625,754.0499877929688,754.25,773750,SBIN
2024-04-18 07:45:00+00:00,751.1500244140625,756.25,747.6500244140625,755.9500122070312,2375840,SBIN
2024-04-18 08:45:00+00:00,743.0499877929688,752.2999877929688,742.7000122070312,751.1500244140625,4075562,SBIN
2024-04-18 09:45:00+00:00,746.6500244140625,747.4500122070312,742.0,743.0499877929688,1774987,SBIN
2024-04-19 03:45:00+00:00,740.0,741.5,732.1500244140625,736.5499877929688,0,SBIN
2024-04-19 04:45:00+00:00,738.5499877929688,740.4500122070312,736.7000122070312,740.0,663695,SBIN
2024-04-19 05:45:00+00:00,741.5,742.75,736.7000122070312,738.5499877929688,1377099,SBIN
2024-04-19 06:45:00+00:00,745.2000122070312,746.4500122070312,740.5999755859375,741.5,1402824,SBIN
2024-04-19 07:45:00+00:00,748.25,749.9500122070312,742.5999755859375,745.2000122070312,1738393,SBIN
2024-04-19 08:45:00+00:00,751.2999877929688,751.9000244140625,746.3499755859375,748.25,2183824,SBIN
2024-04-19 09:45:00+00:00,750.4500122070312,751.4000244140625,749.5,751.2999877929688,812031,SBIN
2024-04-22 03:45:00+00:00,753.5499877929688,757.7999877929688,751.0499877929688,754.8499755859375,0,SBIN
2024-04-22 04:45:00+00:00,754.0999755859375,755.0,750.5,753.5499877929688,1201630,SBIN
2024-04-22 05:45:00+00:00,756.8499755859375,756.9000244140625,754.0,754.2999877929688,1134708,SBIN
2024-04-22 06:45:00+00:00,757.5,757.7999877929688,755.0,756.7000122070312,1153518,SBIN
2024-04-22 07:45:00+00:00,762.5499877929688,763.7000122070312,757.0999755859375,757.5,2254961,SBIN
2024-04-22 08:45:00+00:00,766.4000244140625,766.5999755859375,760.75,762.5,5976630,SBIN
2024-04-22 09:45:00+00:00,766.0999755859375,769.0,766.0,766.5,2648856,SBIN
2024-04-23 03:45:00+00:00,774.7999877929688,776.8499755859375,765.6500244140625,766.9500122070312,0,SBIN
2024-04-23 04:45:00+00:00,772.7000122070312,775.0,771.7999877929688,774.7999877929688,1221950,SBIN
2024-04-23 05:45:00+00:00,776.0499877929688,776.4000244140625,771.2000122070312,772.7000122070312,1571583,SBIN
2024-04-23 06:45:00+00:00,774.0,777.6500244140625,773.0999755859375,776.0999755859375,1370142,SBIN
2024-04-23 07:45:00+00:00,773.8499755859375,775.4500122070312,772.5,774.0,997700,SBIN
2024-04-23 08:45:00+00:00,773.0999755859375,774.8499755859375,771.5999755859375,773.7999877929688,2832580,SBIN
2024-04-23 09:45:00+00:00,772.9500122070312,773.8499755859375,771.1500244140625,773.1500244140625,921346,SBIN
2024-04-24 03:45:00+00:00,772.6500244140625,776.2999877929688,771.7000122070312,775.6500244140625,0,SBIN
2024-04-24 04:45:00+00:00,773.3499755859375,775.3499755859375,772.5499877929688,772.6500244140625,770922,SBIN
2024-04-24 05:45:00+00:00,772.9500122070312,773.7000122070312,771.25,773.3499755859375,592407,SBIN
2024-04-24 06:45:00+00:00,771.6500244140625,773.3499755859375,771.0499877929688,772.9500122070312,936754,SBIN
2024-04-24 07:45:00+00:00,771.3499755859375,772.6500244140625,770.2000122070312,771.6500244140625,958970,SBIN
2024-04-24 08:45:00+00:00,773.1500244140625,774.4500122070312,770.5,771.3499755859375,2377075,SBIN
2024-04-24 09:45:00+00:00,773.0999755859375,773.7999877929688,772.0999755859375,773.0499877929688,0,SBIN
2024-04-25 03:45:00+00:00,785.4000244140625,785.5,769.6500244140625,770.6500244140625,4293157,SBIN
2024-04-25 04:45:00+00:00,787.2999877929688,787.3499755859375,780.75,785.4500122070312,3847467,SBIN
2024-04-25 05:45:00+00:00,788.7000122070312,788.7999877929688,783.7000122070312,787.25,2403810,SBIN
2024-04-25 06:45:00+00:00,797.5,797.7000122070312,788.1500244140625,788.4500122070312,5118707,SBIN
2024-04-25 07:45:00+00:00,802.7000122070312,806.0,797.7000122070312,797.7000122070312,7099658,SBIN
2024-04-25 08:45:00+00:00,813.0499877929688,813.5,802.25,802.5999755859375,10468343,SBIN
2024-04-25 09:45:00+00:00,812.0,814.1500244140625,811.7999877929688,813.0999755859375,3493060,SBIN
2024-04-26 03:45:00+00:00,806.7000122070312,816.2000122070312,805.0499877929688,815.0,0,SBIN
2024-04-26 04:45:00+00:00,802.2000122070312,808.2000122070312,802.0,806.7000122070312,2031070,SBIN
2024-04-26 05:45:00+00:00,805.5999755859375,806.4000244140625,801.7000122070312,802.2000122070312,1583324,SBIN
2024-04-26 06:45:00+00:00,804.4500122070312,806.4000244140625,803.2000122070312,805.6500244140625,940960,SBIN
2024-04-26 07:45:00+00:00,802.5,804.6500244140625,799.9000244140625,804.4500122070312,2000921,SBIN
2024-04-26 08:45:00+00:00,800.2999877929688,804.75,799.0,802.7000122070312,2808597,SBIN
2024-04-26 09:45:00+00:00,803.0,803.2999877929688,800.0499877929688,800.2999877929688,1409337,SBIN
2024-04-29 03:45:00+00:00,803.0,810.0499877929688,798.7000122070312,806.75,0,SBIN
2024-04-29 04:45:00+00:00,806.75,809.4500122070312,802.5999755859375,803.0499877929688,3088481,SBIN
2024-04-29 05:45:00+00:00,811.75,812.25,806.5,806.6500244140625,3051549,SBIN
2024-04-29 06:45:00+00:00,815.4500122070312,817.2999877929688,809.9500122070312,811.5999755859375,2511331,SBIN
2024-04-29 07:45:00+00:00,828.75,831.0499877929688,814.75,815.0499877929688,6646955,SBIN
2024-04-29 08:45:00+00:00,826.7999877929688,830.9000244140625,825.75,828.75,5329488,SBIN
2024-04-29 09:45:00+00:00,824.9500122070312,828.5999755859375,822.5499877929688,826.7999877929688,2177448,SBIN
2024-04-30 03:45:00+00:00,826.2000122070312,832.3499755859375,822.8499755859375,825.7999877929688,0,SBIN
2024-04-30 04:45:00+00:00,825.5999755859375,828.9500122070312,823.5,826.2000122070312,3265435,SBIN
2024-04-30 05:45:00+00:00,825.0999755859375,826.0,821.75,825.5999755859375,1836711,SBIN
2024-04-30 06:45:00+00:00,825.5,829.3499755859375,823.4000244140625,825.0999755859375,2136040,SBIN
2024-04-30 07:45:00+00:00,832.7999877929688,834.75,824.1500244140625,825.5,4452316,SBIN
2024-04-30 08:45:00+00:00,828.25,834.5,826.0,832.9000244140625,8660058,SBIN
2024-04-30 09:45:00+00:00,821.5,828.0999755859375,819.9500122070312,827.7999877929688,2520987,SBIN
2024-05-02 03:45:00+00:00,833.4500122070312,833.75,826.5999755859375,826.5999755859375,0,SBIN
2024-05-02 04:45:00+00:00,829.5999755859375,833.9000244140625,829.5,833.2999877929688,2908072,SBIN
2024-05-02 05:45:00+00:00,830.1500244140625,833.0,828.0,829.6500244140625,1900073,SBIN
2024-05-02 06:45:00+00:00,830.0,831.4500122070312,829.0,830.3499755859375,1513145,SBIN
2024-05-02 07:45:00+00:00,829.75,832.4000244140625,829.5999755859375,830.0499877929688,2576412,SBIN
2024-05-02 08:45:00+00:00,830.1500244140625,831.0,829.2000122070312,829.7999877929688,3641156,SBIN
2024-05-02 09:45:00+00:00,830.4000244140625,830.5499877929688,829.7999877929688,830.0,1255196,SBIN
2024-05-03 03:45:00+00:00,832.0,836.2000122070312,831.4500122070312,832.9500122070312,0,SBIN
2024-05-03 04:45:00+00:00,828.0499877929688,832.1500244140625,828.0,832.1500244140625,4441999,SBIN
2024-05-03 05:45:00+00:00,821.8499755859375,828.4000244140625,820.0,828.0499877929688,5456013,SBIN
2024-05-03 06:45:00+00:00,826.7999877929688,828.2000122070312,821.0999755859375,821.7000122070312,3650871,SBIN
2024-05-03 07:45:00+00:00,827.4500122070312,829.0,825.2000122070312,826.9000244140625,1331658,SBIN
2024-05-03 08:45:00+00:00,831.8499755859375,832.0,826.0,827.3499755859375,2517590,SBIN
2024-05-03 09:45:00+00:00,831.0,834.0,830.0,831.9000244140625,1337770,SBIN
2024-05-06 03:45:00+00:00,810.25,834.4000244140625,806.0,834.4000244140625,0,SBIN
2024-05-06 04:45:00+00:00,808.5,810.4000244140625,803.0,810.25,6659868,SBIN
2024-05-06 05:45:00+00:00,812.3499755859375,812.5,807.9000244140625,808.4000244140625,4201182,SBIN
2024-05-06 06:45:00+00:00,806.5,812.4000244140625,806.5,812.25,2454936,SBIN
2024-05-06 07:45:00+00:00,807.0,809.4500122070312,805.4500122070312,806.5499877929688,2042792,SBIN
2024-05-06 08:45:00+00:00,808.0499877929688,810.1500244140625,806.5499877929688,807.0,4400848,SBIN
2024-05-06 09:45:00+00:00,807.7999877929688,809.5,806.4000244140625,808.0499877929688,2026790,SBIN
2024-05-07 03:45:00+00:00,806.9500122070312,814.5,805.2999877929688,811.4500122070312,0,SBIN
2024-05-07 04:45:00+00:00,797.2000122070312,807.25,797.0999755859375,806.7000122070312,2762120,SBIN
2024-05-07 05:45:00+00:00,798.5999755859375,799.5,793.2999877929688,797.2000122070312,2244069,SBIN
2024-05-07 06:45:00+00:00,797.9000244140625,801.25,795.25,798.4000244140625,1300277,SBIN
2024-05-07 07:45:00+00:00,802.9500122070312,804.7000122070312,797.5999755859375,797.9500122070312,2482972,SBIN
2024-05-07 08:45:00+00:00,802.1500244140625,804.8499755859375,798.8499755859375,802.9000244140625,2604461,SBIN
2024-05-07 09:45:00+00:00,803.5,803.8499755859375,800.1500244140625,802.0999755859375,1216041,SBIN
2024-05-08 03:45:00+00:00,808.5999755859375,811.0,799.9500122070312,802.5999755859375,0,SBIN
2024-05-08 04:45:00+00:00,807.25,812.6500244140625,803.75,808.2999877929688,2621401,SBIN
2024-05-08 05:45:00+00:00,810.8499755859375,813.5,807.25,807.3499755859375,5369791,SBIN
2024-05-08 06:45:00+00:00,815.75,820.0,810.2999877929688,810.8499755859375,3477262,SBIN
2024-05-08 07:45:00+00:00,815.2999877929688,821.9500122070312,814.5,815.7000122070312,4259298,SBIN
2024-05-08 08:45:00+00:00,810.6500244140625,815.75,807.7999877929688,815.4000244140625,5498702,SBIN
2024-05-08 09:45:00+00:00,811.4000244140625,811.5,809.9000244140625,810.7000122070312,1831701,SBIN
2024-05-09 03:45:00+00:00,813.2999877929688,818.0999755859375,810.9000244140625,811.4500122070312,0,SBIN
2024-05-09 04:45:00+00:00,808.75,815.0999755859375,808.75,813.4500122070312,2867749,SBIN
2024-05-09 05:45:00+00:00,813.9500122070312,815.2999877929688,806.0499877929688,808.6500244140625,3405354,SBIN
2024-05-09 06:45:00+00:00,810.2999877929688,817.0,803.75,814.0,3133441,SBIN
2024-05-09 07:45:00+00:00,833.4500122070312,839.4000244140625,807.5999755859375,810.4000244140625,22204186,SBIN
2024-05-09 08:45:00+00:00,818.4500122070312,837.9000244140625,816.7000122070312,833.2000122070312,12225068,SBIN
2024-05-09 09:45:00+00:00,819.9500122070312,822.75,818.0999755859375,818.25,2415458,SBIN
2024-05-10 03:45:00+00:00,825.0,831.9500122070312,816.7000122070312,828.4500122070312,0,SBIN
2024-05-10 04:45:00+00:00,822.2999877929688,826.0999755859375,819.4000244140625,825.25,2143088,SBIN
2024-05-10 05:45:00+00:00,823.9500122070312,825.5999755859375,820.9000244140625,822.2999877929688,1701646,SBIN
2024-05-10 06:45:00+00:00,820.9000244140625,825.0499877929688,819.5,824.0499877929688,1553717,SBIN
2024-05-10 07:45:00+00:00,821.9000244140625,823.7000122070312,819.5,820.9000244140625,1308857,SBIN
2024-05-10 08:45:00+00:00,816.5499877929688,822.2000122070312,816.0,821.9000244140625,2704536,SBIN
2024-05-10 09:45:00+00:00,816.9000244140625,817.5,815.6500244140625,816.3499755859375,1337884,SBIN
2024-05-13 03:45:00+00:00,804.9500122070312,817.8499755859375,798.5999755859375,815.2999877929688,0,SBIN
2024-05-13 04:45:00+00:00,802.9000244140625,805.2000122070312,799.6500244140625,804.9500122070312,1595219,SBIN
2024-05-13 05:45:00+00:00,809.5,810.3499755859375,802.7000122070312,802.9000244140625,1512889,SBIN
2024-05-13 06:45:00+00:00,808.4500122070312,811.0,807.0499877929688,809.7999877929688,1216417,SBIN
2024-05-13 07:45:00+00:00,812.4000244140625,813.0,800.2999877929688,808.2999877929688,2589748,SBIN
2024-05-13 08:45:00+00:00,808.9000244140625,814.5,807.25,812.4000244140625,3069713,SBIN
2024-05-13 09:45:00+00:00,808.7999877929688,810.0,807.9000244140625,808.8499755859375,986862,SBIN
2024-05-14 03:45:00+00:00,809.2000122070312,817.9500122070312,807.9500122070312,814.0999755859375,0,SBIN
2024-05-14 04:45:00+00:00,813.7000122070312,815.5999755859375,809.0499877929688,809.0999755859375,1223085,SBIN
2024-05-14 05:45:00+00:00,813.2000122070312,814.9000244140625,811.7000122070312,813.8499755859375,825668,SBIN
2024-05-14 06:45:00+00:00,818.3499755859375,822.3499755859375,812.5999755859375,813.3499755859375,2101328,SBIN
2024-05-14 07:45:00+00:00,819.0999755859375,819.8499755859375,816.0,818.25,1186406,SBIN
2024-05-14 08:45:00+00:00,818.4000244140625,820.0,816.1500244140625,819.0499877929688,1808215,SBIN
2024-05-14 09:45:00+00:00,817.9000244140625,818.75,815.8499755859375,818.2999877929688,891777,SBIN
2024-05-15 03:45:00+00:00,819.5499877929688,825.2999877929688,819.1500244140625,820.2000122070312,0,SBIN
2024-05-15 04:45:00+00:00,822.2000122070312,823.5,818.0999755859375,819.5499877929688,1245011,SBIN
2024-05-15 05:45:00+00:00,821.7000122070312,825.0999755859375,820.1500244140625,822.2000122070312,1214547,SBIN
2024-05-15 06:45:00+00:00,820.4000244140625,822.0,818.7999877929688,821.9500122070312,832721,SBIN
2024-05-15 07:45:00+00:00,820.75,820.9000244140625,819.0999755859375,820.4000244140625,780117,SBIN
2024-05-15 08:45:00+00:00,820.3499755859375,822.7000122070312,819.5999755859375,820.7999877929688,2191344,SBIN
2024-05-15 09:45:00+00:00,820.2999877929688,821.0,819.0499877929688,820.5499877929688,1093860,SBIN
2024-05-16 03:45:00+00:00,821.0499877929688,826.1500244140625,819.4500122070312,823.8499755859375,0,SBIN
2024-05-16 04:45:00+00:00,810.4500122070312,821.0,808.0499877929688,821.0,2614585,SBIN
2024-05-16 05:45:00+00:00,812.5,812.5999755859375,804.5,810.4000244140625,2390176,SBIN
2024-05-16 06:45:00+00:00,805.4000244140625,812.9500122070312,805.2000122070312,812.5,1969683,SBIN
2024-05-16 07:45:00+00:00,799.75,805.75,797.5499877929688,805.4000244140625,3452175,SBIN
2024-05-16 08:45:00+00:00,812.0,813.0,799.5,799.7000122070312,4940175,SBIN
2024-05-16 09:45:00+00:00,812.5999755859375,813.7000122070312,811.25,812.0499877929688,1467455,SBIN
2024-05-17 03:45:00+00:00,819.0,819.8499755859375,812.0499877929688,813.75,0,SBIN
2024-05-17 04:45:00+00:00,821.2999877929688,821.9500122070312,817.2000122070312,818.9500122070312,2131022,SBIN
2024-05-17 05:45:00+00:00,818.1500244140625,822.4500122070312,817.5499877929688,821.5,1939625,SBIN
2024-05-17 06:45:00+00:00,816.0,819.4000244140625,814.8499755859375,818.1500244140625,1354210,SBIN
2024-05-17 07:45:00+00:00,816.6500244140625,817.7000122070312,814.9000244140625,816.0499877929688,992920,SBIN
2024-05-17 08:45:00+00:00,817.8499755859375,818.0,815.5999755859375,816.5,2096879,SBIN
2024-05-17 09:45:00+00:00,817.5,819.9000244140625,817.2000122070312,817.8499755859375,942316,SBIN
2024-05-21 03:45:00+00:00,831.0499877929688,832.0499877929688,820.0499877929688,821.25,3963557,SBIN
2024-05-21 04:45:00+00:00,831.4000244140625,836.25,827.4000244140625,831.5499877929688,2725224,SBIN
2024-05-21 05:45:00+00:00,832.4000244140625,833.0,830.5999755859375,831.3499755859375,1009034,SBIN
2024-05-21 06:45:00+00:00,834.4000244140625,834.7999877929688,830.5,832.2000122070312,1021966,SBIN
2024-05-21 07:45:00+00:00,832.8499755859375,834.5,830.75,834.4000244140625,1066386,SBIN
2024-05-21 08:45:00+00:00,830.4000244140625,833.0499877929688,827.5999755859375,832.7000122070312,2050170,SBIN
2024-05-21 09:45:00+00:00,831.0,832.1500244140625,829.9500122070312,830.3499755859375,1233983,SBIN
2024-05-22 03:45:00+00:00,820.4000244140625,826.0999755859375,816.4500122070312,822.2999877929688,0,SBIN
2024-05-22 04:45:00+00:00,816.2999877929688,820.8499755859375,815.0999755859375,820.3499755859375,2316186,SBIN
2024-05-22 05:45:00+00:00,818.5499877929688,818.9000244140625,813.5999755859375,816.25,1821473,SBIN
2024-05-22 06:45:00+00:00,816.5499877929688,820.0,815.7999877929688,818.5499877929688,1307120,SBIN
2024-05-22 07:45:00+00:00,817.4500122070312,819.4000244140625,815.0999755859375,816.6500244140625,2239395,SBIN
2024-05-22 08:45:00+00:00,819.2000122070312,819.7000122070312,815.5,817.4500122070312,3609750,SBIN
2024-05-22 09:45:00+00:00,818.75,820.2999877929688,818.5,819.1500244140625,1249160,SBIN
2024-05-23 03:45:00+00:00,827.2999877929688,829.8499755859375,822.4000244140625,825.9500122070312,0,SBIN
2024-05-23 04:45:00+00:00,831.2999877929688,835.5,826.7999877929688,827.3499755859375,4004193,SBIN
2024-05-23 05:45:00+00:00,831.6500244140625,833.4000244140625,830.2000122070312,831.25,1099708,SBIN
2024-05-23 06:45:00+00:00,829.5999755859375,834.2000122070312,829.0,831.5,1577059,SBIN
2024-05-23 07:45:00+00:00,832.4000244140625,832.5,828.7999877929688,829.5999755859375,1752258,SBIN
2024-05-23 08:45:00+00:00,832.5499877929688,834.0,830.5,832.4000244140625,2707864,SBIN
2024-05-23 09:45:00+00:00,829.8499755859375,833.4000244140625,829.0,832.5999755859375,1107195,SBIN
2024-05-24 03:45:00+00:00,836.2000122070312,841.1500244140625,831.0,831.0,0,SBIN
2024-05-24 04:45:00+00:00,834.75,839.5999755859375,834.3499755859375,836.2000122070312,1433746,SBIN
2024-05-24 05:45:00+00:00,836.0,837.2000122070312,833.1500244140625,834.7999877929688,914510,SBIN
2024-05-24 06:45:00+00:00,835.6500244140625,837.8499755859375,834.0499877929688,835.9500122070312,864901,SBIN
2024-05-24 07:45:00+00:00,833.7000122070312,836.5499877929688,832.25,835.6500244140625,1029612,SBIN
2024-05-24 08:45:00+00:00,828.7000122070312,834.9500122070312,827.5999755859375,833.6500244140625,2207394,SBIN
2024-05-24 09:45:00+00:00,828.0,829.0499877929688,827.0499877929688,828.75,972835,SBIN
2024-05-27 03:45:00+00:00,827.3499755859375,832.8499755859375,823.0,832.25,0,SBIN
2024-05-27 04:45:00+00:00,829.5,831.0,827.0,827.4000244140625,887272,SBIN
2024-05-27 05:45:00+00:00,835.3499755859375,836.9000244140625,828.2000122070312,829.5,1798221,SBIN
2024-05-27 06:45:00+00:00,836.5,838.5499877929688,834.5,835.3499755859375,1709779,SBIN
2024-05-27 07:45:00+00:00,836.7000122070312,837.5,835.4000244140625,836.4500122070312,876650,SBIN
2024-05-27 08:45:00+00:00,834.1500244140625,839.4000244140625,830.75,836.5,3742986,SBIN
2024-05-27 09:45:00+00:00,833.5,834.9500122070312,832.5499877929688,834.0499877929688,926956,SBIN
2024-05-28 03:45:00+00:00,833.2999877929688,840.5,832.0,835.7999877929688,0,SBIN
2024-05-28 04:45:00+00:00,834.5999755859375,836.6500244140625,833.2000122070312,833.25,1307269,SBIN
2024-05-28 05:45:00+00:00,830.2999877929688,835.0,823.4000244140625,834.5999755859375,2455866,SBIN
2024-05-28 06:45:00+00:00,832.7999877929688,833.9000244140625,827.6500244140625,830.25,1600797,SBIN
2024-05-28 07:45:00+00:00,832.5,834.0,831.0999755859375,832.7999877929688,1374873,SBIN
2024-05-28 08:45:00+00:00,832.0,833.5,830.4000244140625,832.4500122070312,3443836,SBIN
2024-05-28 09:45:00+00:00,830.9000244140625,832.2000122070312,829.0999755859375,831.9500122070312,1067106,SBIN
2024-05-29 03:45:00+00:00,825.5999755859375,834.3499755859375,825.0499877929688,829.6500244140625,0,SBIN
2024-05-29 04:45:00+00:00,823.4500122070312,826.75,821.7000122070312,825.75,2184370,SBIN
2024-05-29 05:45:00+00:00,825.2999877929688,827.9000244140625,822.5,823.4500122070312,1808193,SBIN
2024-05-29 06:45:00+00:00,826.8499755859375,827.5,825.0,825.2000122070312,921377,SBIN
2024-05-29 07:45:00+00:00,824.4500122070312,828.0,823.4000244140625,826.9500122070312,2045103,SBIN
2024-05-29 08:45:00+00:00,823.75,825.5,819.4500122070312,824.8499755859375,3589637,SBIN
2024-05-29 09:45:00+00:00,822.6500244140625,825.9000244140625,822.5,823.75,1337561,SBIN
2024-05-30 03:45:00+00:00,825.9000244140625,836.0,824.8499755859375,824.8499755859375,0,SBIN
2024-05-30 04:45:00+00:00,826.0999755859375,828.5999755859375,825.5999755859375,825.5999755859375,1201745,SBIN
2024-05-30 05:45:00+00:00,823.5999755859375,826.7000122070312,822.2999877929688,826.0,1604436,SBIN
2024-05-30 06:45:00+00:00,829.3499755859375,830.3499755859375,823.6500244140625,823.9500122070312,1778003,SBIN
2024-05-30 07:45:00+00:00,829.4000244140625,834.4000244140625,828.0,829.3499755859375,2487460,SBIN
2024-05-30 08:45:00+00:00,825.2000122070312,830.9000244140625,823.4000244140625,829.4500122070312,4160605,SBIN
2024-05-30 09:45:00+00:00,828.0999755859375,829.0499877929688,824.7999877929688,825.25,1774264,SBIN
2024-05-31 03:45:00+00:00,822.7000122070312,834.3499755859375,822.7000122070312,831.7999877929688,3746740,SBIN
2024-05-31 04:45:00+00:00,820.7999877929688,825.5,818.4500122070312,822.4000244140625,2089859,SBIN
2024-05-31 05:45:00+00:00,823.0,825.5999755859375,817.1500244140625,820.7000122070312,2340910,SBIN
2024-05-31 06:45:00+00:00,827.5999755859375,828.5,822.0999755859375,823.0,1858535,SBIN
2024-05-31 07:45:00+00:00,831.75,833.4500122070312,827.2999877929688,827.2999877929688,2774948,SBIN
2024-05-31 08:45:00+00:00,830.6500244140625,831.7999877929688,825.6500244140625,831.7999877929688,5944373,SBIN
2024-05-31 09:45:00+00:00,832.25,833.0,830.3499755859375,830.7000122070312,3507986,SBIN
2024-06-03 03:45:00+00:00,887.2000122070312,888.25,856.75,867.0499877929688,625412,SBIN
2024-06-03 04:45:00+00:00,887.6500244140625,893.9500122070312,881.5,887.0,7690437,SBIN
2024-06-03 05:45:00+00:00,899.4500122070312,899.7999877929688,887.0499877929688,887.5,7807269,SBIN
2024-06-03 06:45:00+00:00,910.2999877929688,911.4500122070312,897.3499755859375,899.5,8394407,SBIN
2024-06-03 07:45:00+00:00,906.75,912.0,900.0,910.25,7061861,SBIN
2024-06-03 08:45:00+00:00,906.5,907.5,899.2000122070312,906.75,7293608,SBIN
2024-06-03 09:45:00+00:00,909.0,909.5999755859375,906.3499755859375,906.3499755859375,3124179,SBIN
2024-06-04 03:45:00+00:00,864.5,880.4000244140625,836.9500122070312,880.4000244140625,0,SBIN
2024-06-04 04:45:00+00:00,815.0999755859375,864.5,815.0999755859375,864.2000122070312,16071191,SBIN
2024-06-04 05:45:00+00:00,771.5,815.0999755859375,754.5999755859375,815.0999755859375,20685404,SBIN
2024-06-04 06:45:00+00:00,791.5999755859375,791.7999877929688,735.0,772.0,18277108,SBIN
2024-06-04 07:45:00+00:00,789.1500244140625,799.2999877929688,776.9000244140625,791.2000122070312,22293640,SBIN
2024-06-04 08:45:00+00:00,779.3499755859375,791.7999877929688,764.4000244140625,789.1500244140625,17754005,SBIN
2024-06-04 09:45:00+00:00,784.0999755859375,784.5,773.0999755859375,779.3499755859375,4184655,SBIN
2024-06-05 03:45:00+00:00,763.7000122070312,790.0,744.9000244140625,790.0,0,SBIN
2024-06-05 04:45:00+00:00,771.5,771.5999755859375,750.0,763.5,10360363,SBIN
2024-06-05 05:45:00+00:00,765.0,778.3499755859375,760.9500122070312,771.5,9652601,SBIN
2024-06-05 06:45:00+00:00,768.7000122070312,772.5,761.9000244140625,764.9500122070312,7102168,SBIN
2024-06-05 07:45:00+00:00,782.4000244140625,789.9500122070312,767.5,768.5999755859375,10544081,SBIN
2024-06-05 08:45:00+00:00,789.25,792.4000244140625,778.0999755859375,782.2999877929688,13565667,SBIN
2024-06-05 09:45:00+00:00,787.5499877929688,790.2999877929688,785.9000244140625,789.2000122070312,2207640,SBIN
2024-06-06 03:45:00+00:00,821.0,823.9000244140625,796.7999877929688,796.7999877929688,0,SBIN
2024-06-06 04:45:00+00:00,827.0,833.1500244140625,820.7000122070312,820.7000122070312,7768912,SBIN
2024-06-06 05:45:00+00:00,820.4000244140625,828.25,816.25,826.9000244140625,4490099,SBIN
2024-06-06 06:45:00+00:00,813.5999755859375,822.4000244140625,810.0499877929688,820.2000122070312,3391169,SBIN
2024-06-06 07:45:00+00:00,818.2000122070312,822.5,813.3499755859375,813.9000244140625,5601701,SBIN
2024-06-06 08:45:00+00:00,817.2999877929688,819.0,812.0,818.0499877929688,4213286,SBIN
2024-06-06 09:45:00+00:00,817.5,817.8499755859375,814.2000122070312,817.0,1759586,SBIN
2024-06-07 03:45:00+00:00,817.0,820.5,810.5,815.0,0,SBIN
2024-06-07 04:45:00+00:00,822.4000244140625,823.5999755859375,814.0,817.4000244140625,3374753,SBIN
2024-06-07 05:45:00+00:00,822.5999755859375,826.0,820.0499877929688,822.1500244140625,3255412,SBIN
2024-06-07 06:45:00+00:00,825.1500244140625,827.0,820.4000244140625,822.9000244140625,2547234,SBIN
2024-06-07 07:45:00+00:00,824.5,825.8499755859375,822.2000122070312,825.1500244140625,2098814,SBIN
2024-06-07 08:45:00+00:00,829.75,830.9500122070312,824.25,824.5,6770601,SBIN
2024-06-07 09:45:00+00:00,829.5,830.3499755859375,828.6500244140625,829.5999755859375,1762041,SBIN
2024-06-10 03:45:00+00:00,838.9500122070312,845.4000244140625,832.3499755859375,834.9500122070312,0,SBIN
2024-06-10 04:45:00+00:00,836.2000122070312,840.6500244140625,835.0,838.7000122070312,1927490,SBIN
2024-06-10 05:45:00+00:00,834.0,838.5,833.5999755859375,836.2000122070312,1323418,SBIN
2024-06-10 06:45:00+00:00,835.2000122070312,838.0,834.0,834.0999755859375,1043050,SBIN
2024-06-10 07:45:00+00:00,837.25,838.75,835.2000122070312,835.2999877929688,1143047,SBIN
2024-06-10 08:45:00+00:00,832.7000122070312,838.0,831.0999755859375,837.25,2869005,SBIN
2024-06-10 09:45:00+00:00,830.7999877929688,832.8499755859375,829.2999877929688,832.7999877929688,1194316,SBIN
2024-06-11 03:45:00+00:00,835.0999755859375,837.0999755859375,829.0999755859375,834.2999877929688,0,SBIN
2024-06-11 04:45:00+00:00,835.7999877929688,837.5,834.0,835.1500244140625,1337653,SBIN
2024-06-11 05:45:00+00:00,835.5,836.5499877929688,834.5,836.0499877929688,971953,SBIN
2024-06-11 06:45:00+00:00,837.2000122070312,839.5499877929688,834.5499877929688,835.5,1457395,SBIN
2024-06-11 07:45:00+00:00,835.0,838.5999755859375,834.5,837.1500244140625,1945994,SBIN
2024-06-11 08:45:00+00:00,835.5,837.2000122070312,832.75,835.0499877929688,4138783,SBIN
2024-06-11 09:45:00+00:00,835.5499877929688,836.0,834.3499755859375,835.2999877929688,1265990,SBIN
2024-06-12 03:45:00+00:00,840.7000122070312,841.9500122070312,833.0,837.0999755859375,0,SBIN
2024-06-12 04:45:00+00:00,845.0499877929688,845.5,839.0,840.5,3551517,SBIN
2024-06-12 05:45:00+00:00,841.6500244140625,845.2000122070312,840.7000122070312,845.0499877929688,1560914,SBIN
2024-06-12 06:45:00+00:00,841.6500244140625,843.5999755859375,840.0,841.3499755859375,1069542,SBIN
2024-06-12 07:45:00+00:00,839.2999877929688,842.4500122070312,838.5499877929688,841.6500244140625,1207472,SBIN
2024-06-12 08:45:00+00:00,839.2999877929688,841.0,838.0999755859375,839.1500244140625,2622706,SBIN
2024-06-12 09:45:00+00:00,838.8499755859375,840.0,838.1500244140625,839.25,1081927,SBIN
2024-06-13 03:45:00+00:00,842.7999877929688,844.5499877929688,839.5,841.4500122070312,0,SBIN
2024-06-13 04:45:00+00:00,840.5499877929688,842.75,840.0,842.75,1013719,SBIN
2024-06-13 05:45:00+00:00,841.5999755859375,844.5,836.0999755859375,840.5,2687985,SBIN
2024-06-13 06:45:00+00:00,842.0499877929688,842.9500122070312,841.2000122070312,841.5999755859375,619747,SBIN
2024-06-13 07:45:00+00:00,840.6500244140625,842.8499755859375,839.5,842.0499877929688,854188,SBIN
2024-06-13 08:45:00+00:00,844.25,844.9000244140625,839.0999755859375,840.6500244140625,2671670,SBIN
2024-06-13 09:45:00+00:00,844.9000244140625,845.7999877929688,844.2000122070312,844.4000244140625,1547326,SBIN
2024-06-14 03:45:00+00:00,844.5,849.9000244140625,840.0499877929688,845.0499877929688,0,SBIN
2024-06-14 04:45:00+00:00,844.5999755859375,845.5,843.0499877929688,844.5,1040972,SBIN
2024-06-14 05:45:00+00:00,842.9500122070312,845.0,841.5999755859375,844.5499877929688,1031227,SBIN
2024-06-14 06:45:00+00:00,842.7000122070312,843.1500244140625,840.6500244140625,842.9500122070312,1498246,SBIN
2024-06-14 07:45:00+00:00,839.9500122070312,842.7999877929688,839.0499877929688,842.75,1350023,SBIN
2024-06-14 08:45:00+00:00,840.4000244140625,842.6500244140625,838.75,840.0,2267254,SBIN
2024-06-14 09:45:00+00:00,839.4000244140625,840.9000244140625,836.4000244140625,840.75,1602253,SBIN
2024-06-18 03:45:00+00:00,847.6500244140625,851.5,841.7999877929688,841.7999877929688,0,SBIN
2024-06-18 04:45:00+00:00,849.9500122070312,851.2000122070312,845.5999755859375,847.6500244140625,1816928,SBIN
2024-06-18 05:45:00+00:00,847.7999877929688,850.5499877929688,847.0499877929688,849.9500122070312,1126687,SBIN
2024-06-18 06:45:00+00:00,848.0999755859375,850.3499755859375,847.3499755859375,847.6500244140625,1030678,SBIN
2024-06-18 07:45:00+00:00,847.4500122070312,849.25,847.1500244140625,848.1500244140625,1185136,SBIN
2024-06-18 08:45:00+00:00,843.8499755859375,848.0,843.5499877929688,847.4000244140625,3300685,SBIN
2024-06-18 09:45:00+00:00,845.0,846.4500122070312,843.0499877929688,843.7999877929688,1549650,SBIN
2024-06-19 03:45:00+00:00,852.2999877929688,855.0,844.5,845.5499877929688,0,SBIN
2024-06-19 04:45:00+00:00,846.75,853.0499877929688,841.0,852.2000122070312,5234810,SBIN
2024-06-19 05:45:00+00:00,847.9500122070312,850.0,843.1500244140625,846.75,1934863,SBIN
2024-06-19 06:45:00+00:00,846.9000244140625,850.3499755859375,844.5,848.2000122070312,1530640,SBIN
2024-06-19 07:45:00+00:00,851.4500122070312,851.75,844.7000122070312,846.75,4069119,SBIN
2024-06-19 08:45:00+00:00,852.9500122070312,860.4500122070312,849.3499755859375,851.7000122070312,10977822,SBIN
2024-06-19 09:45:00+00:00,852.5999755859375,854.7999877929688,852.0,852.5999755859375,2401768,SBIN
2024-06-20 03:45:00+00:00,846.9500122070312,852.8499755859375,845.2999877929688,852.0,0,SBIN
2024-06-20 04:45:00+00:00,847.7000122070312,849.5499877929688,846.0,846.9500122070312,1458988,SBIN
2024-06-20 05:45:00+00:00,847.4000244140625,851.25,847.2000122070312,847.7000122070312,1386188,SBIN
2024-06-20 06:45:00+00:00,846.5499877929688,848.0499877929688,846.2999877929688,847.4500122070312,1211112,SBIN
2024-06-20 07:45:00+00:00,846.2999877929688,848.5,845.1500244140625,846.5499877929688,1933095,SBIN
2024-06-20 08:45:00+00:00,844.0,847.0,842.3499755859375,846.25,3189231,SBIN
2024-06-20 09:45:00+00:00,844.9000244140625,845.25,843.4000244140625,844.0,1068509,SBIN
2024-06-21 03:45:00+00:00,843.4000244140625,847.9000244140625,839.4000244140625,844.75,0,SBIN
2024-06-21 04:45:00+00:00,839.5,844.4500122070312,839.0499877929688,843.4500122070312,1756481,SBIN
2024-06-21 05:45:00+00:00,837.8499755859375,839.7999877929688,835.5,839.5,1914425,SBIN
2024-06-21 06:45:00+00:00,832.5999755859375,839.0,830.0499877929688,837.9000244140625,2023220,SBIN
2024-06-21 07:45:00+00:00,836.0999755859375,838.5,830.9000244140625,832.2999877929688,1773273,SBIN
2024-06-21 08:45:00+00:00,836.2999877929688,837.9500122070312,828.5999755859375,836.0999755859375,5950981,SBIN
2024-06-21 09:45:00+00:00,834.5,837.0,834.0499877929688,836.3499755859375,2440636,SBIN
2024-06-24 03:45:00+00:00,827.7999877929688,831.4500122070312,821.0999755859375,831.4500122070312,0,SBIN
2024-06-24 04:45:00+00:00,831.4500122070312,831.5999755859375,826.25,827.8499755859375,2186736,SBIN
2024-06-24 05:45:00+00:00,833.5499877929688,834.2999877929688,830.2999877929688,831.5,1483023,SBIN
2024-06-24 06:45:00+00:00,835.0,835.3499755859375,832.5,833.75,1063868,SBIN
2024-06-24 07:45:00+00:00,835.0,836.0,832.9000244140625,835.0499877929688,883495,SBIN
2024-06-24 08:45:00+00:00,832.3499755859375,835.2000122070312,831.7999877929688,834.9000244140625,1975042,SBIN
2024-06-24 09:45:00+00:00,833.5,833.9000244140625,831.5499877929688,832.4000244140625,828453,SBIN
2024-06-25 03:45:00+00:00,838.2999877929688,840.4500122070312,835.1500244140625,835.1500244140625,0,SBIN
2024-06-25 04:45:00+00:00,838.7999877929688,839.0,836.2000122070312,838.5,955855,SBIN
2024-06-25 05:45:00+00:00,838.2999877929688,841.9500122070312,837.5999755859375,838.7999877929688,1954455,SBIN
2024-06-25 06:45:00+00:00,841.2000122070312,843.5999755859375,835.75,838.2999877929688,4579501,SBIN
2024-06-25 07:45:00+00:00,844.5999755859375,845.8499755859375,838.8499755859375,840.9000244140625,3799509,SBIN
2024-06-25 08:45:00+00:00,841.75,845.4500122070312,841.5499877929688,844.7999877929688,5271066,SBIN
2024-06-25 09:45:00+00:00,842.25,842.4000244140625,840.8499755859375,841.7000122070312,1347622,SBIN
2024-06-26 03:45:00+00:00,837.3499755859375,841.4500122070312,836.0,839.5,0,SBIN
2024-06-26 04:45:00+00:00,841.75,843.0,837.0499877929688,837.3499755859375,1988156,SBIN
2024-06-26 05:45:00+00:00,844.7000122070312,848.0,841.25,841.7999877929688,2216038,SBIN
2024-06-26 06:45:00+00:00,842.4000244140625,846.0,840.5,844.4500122070312,1748123,SBIN
2024-06-26 07:45:00+00:00,847.0999755859375,847.75,841.5499877929688,842.2000122070312,2192175,SBIN
2024-06-26 08:45:00+00:00,845.5499877929688,848.75,843.7999877929688,847.0,4429789,SBIN
2024-06-26 09:45:00+00:00,844.2999877929688,846.75,843.3499755859375,846.0,1439153,SBIN
2024-06-27 03:45:00+00:00,845.0499877929688,847.0,840.1500244140625,840.3499755859375,0,SBIN
2024-06-27 04:45:00+00:00,846.0499877929688,847.4000244140625,840.25,845.0,1892556,SBIN
2024-06-27 05:45:00+00:00,845.75,846.7999877929688,843.25,846.25,1671504,SBIN
2024-06-27 06:45:00+00:00,841.7000122070312,846.2999877929688,839.6500244140625,845.75,2779328,SBIN
2024-06-27 07:45:00+00:00,840.8499755859375,843.5999755859375,840.2000122070312,842.0999755859375,1671365,SBIN
2024-06-27 08:45:00+00:00,844.75,845.0,838.4000244140625,840.9000244140625,6941383,SBIN
2024-06-27 09:45:00+00:00,845.0,846.5999755859375,844.7000122070312,844.9500122070312,2663812,SBIN
2024-06-28 03:45:00+00:00,861.0,864.0,844.5999755859375,845.9000244140625,0,SBIN
2024-06-28 04:45:00+00:00,859.9000244140625,862.4000244140625,857.5,861.0,2040310,SBIN
2024-06-28 05:45:00+00:00,857.75,861.0499877929688,857.5,860.0,1715027,SBIN
2024-06-28 06:45:00+00:00,855.4500122070312,858.5999755859375,853.5,857.5499877929688,2169430,SBIN
2024-06-28 07:45:00+00:00,857.4000244140625,858.5,853.7999877929688,855.2999877929688,1883474,SBIN
2024-06-28 08:45:00+00:00,847.1500244140625,858.0999755859375,847.0,857.2999877929688,5626984,SBIN
2024-06-28 09:45:00+00:00,848.5,849.0,846.5,847.2000122070312,1779720,SBIN
2024-07-01 03:45:00+00:00,843.2000122070312,849.7999877929688,842.0999755859375,849.0999755859375,0,SBIN
2024-07-01 04:45:00+00:00,842.9000244140625,844.4500122070312,842.4500122070312,843.25,1116764,SBIN
2024-07-01 05:45:00+00:00,842.9500122070312,844.4000244140625,842.5,842.8499755859375,1074972,SBIN
2024-07-01 06:45:00+00:00,843.5999755859375,843.9500122070312,842.5999755859375,842.9500122070312,829923,SBIN
2024-07-01 07:45:00+00:00,843.2999877929688,843.75,843.0,843.6500244140625,686949,SBIN
2024-07-01 08:45:00+00:00,842.7999877929688,844.8499755859375,842.2000122070312,843.3499755859375,2290493,SBIN
2024-07-01 09:45:00+00:00,842.6500244140625,843.0,839.9500122070312,842.75,1950287,SBIN
2024-07-02 03:45:00+00:00,838.2999877929688,846.2999877929688,836.0,843.5499877929688,0,SBIN
2024-07-02 04:45:00+00:00,836.75,838.6500244140625,835.75,838.25,1459046,SBIN
2024-07-02 05:45:00+00:00,832.4000244140625,837.9500122070312,831.5,836.7999877929688,2980645,SBIN
2024-07-02 06:45:00+00:00,828.5,834.0,823.25,832.4000244140625,3875909,SBIN
2024-07-02 07:45:00+00:00,829.3499755859375,829.8499755859375,825.3499755859375,828.3499755859375,1914001,SBIN
2024-07-02 08:45:00+00:00,824.9000244140625,831.8499755859375,824.7000122070312,829.2000122070312,5209419,SBIN
2024-07-02 09:45:00+00:00,827.5999755859375,827.5999755859375,824.4500122070312,824.9500122070312,1110006,SBIN
2024-07-03 03:45:00+00:00,830.7000122070312,833.3499755859375,825.75,828.7999877929688,0,SBIN
2024-07-03 04:45:00+00:00,828.5,833.0,828.0,830.9500122070312,1932536,SBIN
2024-07-03 05:45:00+00:00,833.6500244140625,835.2000122070312,827.4000244140625,828.5,1699985,SBIN
2024-07-03 06:45:00+00:00,836.1500244140625,837.3499755859375,833.5499877929688,833.75,1613520,SBIN
2024-07-03 07:45:00+00:00,842.0999755859375,843.7999877929688,835.6500244140625,836.4000244140625,4363341,SBIN
2024-07-03 08:45:00+00:00,839.2999877929688,843.2999877929688,838.2000122070312,842.0999755859375,4492694,SBIN
2024-07-03 09:45:00+00:00,841.0499877929688,842.0,839.0499877929688,839.2999877929688,1677896,SBIN
2024-07-04 03:45:00+00:00,840.2000122070312,844.8499755859375,839.0999755859375,842.3499755859375,3245085,SBIN
2024-07-04 04:45:00+00:00,839.0,840.8499755859375,834.5,840.2000122070312,3089466,SBIN
2024-07-04 05:45:00+00:00,842.6500244140625,842.7000122070312,837.2000122070312,839.0,1455095,SBIN
2024-07-04 06:45:00+00:00,840.9000244140625,843.4500122070312,840.3499755859375,842.6500244140625,1002201,SBIN
2024-07-04 07:45:00+00:00,841.2000122070312,842.5999755859375,838.4000244140625,840.7999877929688,1133872,SBIN
2024-07-04 08:45:00+00:00,839.0999755859375,843.5,838.25,841.5,2650303,SBIN
2024-07-04 09:45:00+00:00,839.2999877929688,840.0,838.25,839.1500244140625,793929,SBIN
2024-07-05 03:45:00+00:00,842.3499755859375,845.0,837.7000122070312,842.9500122070312,0,SBIN
2024-07-05 04:45:00+00:00,846.25,849.75,841.7999877929688,842.3499755859375,3124969,SBIN
2024-07-05 05:45:00+00:00,850.3499755859375,850.4000244140625,846.0,846.2000122070312,2719624,SBIN
2024-07-05 06:45:00+00:00,850.4500122070312,850.75,848.0,850.3499755859375,1971920,SBIN
2024-07-05 07:45:00+00:00,852.0,853.7000122070312,849.5,850.4500122070312,2969924,SBIN
2024-07-05 08:45:00+00:00,859.7999877929688,861.25,851.0,851.7999877929688,7662817,SBIN
2024-07-05 09:45:00+00:00,859.5999755859375,861.0,859.1500244140625,859.9500122070312,2120915,SBIN
2024-07-08 03:45:00+00:00,857.5999755859375,865.0,855.8499755859375,856.9000244140625,0,SBIN
2024-07-08 04:45:00+00:00,856.0499877929688,860.4000244140625,856.0,857.5999755859375,1031022,SBIN
2024-07-08 05:45:00+00:00,855.5,859.5499877929688,855.1500244140625,856.0999755859375,831392,SBIN
2024-07-08 06:45:00+00:00,857.0999755859375,858.9500122070312,855.0999755859375,855.5,696460,SBIN
2024-07-08 07:45:00+00:00,857.6500244140625,858.9000244140625,855.6500244140625,857.3499755859375,714825,SBIN
2024-07-08 08:45:00+00:00,855.9500122070312,859.5,855.2000122070312,857.6500244140625,1581411,SBIN
2024-07-08 09:45:00+00:00,856.75,858.0,854.6500244140625,856.0,750290,SBIN
2024-07-09 03:45:00+00:00,859.0,863.9000244140625,858.1500244140625,859.9000244140625,0,SBIN
2024-07-09 04:45:00+00:00,862.7000122070312,864.5,856.0,859.0,1764681,SBIN
2024-07-09 05:45:00+00:00,867.8499755859375,869.9500122070312,861.4500122070312,862.9500122070312,3258350,SBIN
2024-07-09 06:45:00+00:00,868.1500244140625,868.9000244140625,865.25,867.9000244140625,1409723,SBIN
2024-07-09 07:45:00+00:00,866.8499755859375,868.7000122070312,866.5,868.4000244140625,754263,SBIN
2024-07-09 08:45:00+00:00,861.5,866.8499755859375,861.0,866.8499755859375,2653638,SBIN
2024-07-09 09:45:00+00:00,857.9000244140625,861.9000244140625,856.4000244140625,861.6500244140625,1210555,SBIN
2024-07-10 03:45:00+00:00,848.5999755859375,858.4000244140625,846.1500244140625,857.9500122070312,5211577,SBIN
2024-07-10 04:45:00+00:00,849.7000122070312,851.3499755859375,843.5999755859375,848.5999755859375,2612409,SBIN
2024-07-10 05:45:00+00:00,852.3499755859375,853.5499877929688,848.5,849.7000122070312,1392731,SBIN
2024-07-10 06:45:00+00:00,848.25,853.0,847.25,852.7000122070312,995282,SBIN
2024-07-10 07:45:00+00:00,848.2999877929688,849.7999877929688,845.6500244140625,848.25,1272671,SBIN
2024-07-10 08:45:00+00:00,848.2000122070312,849.5999755859375,847.0499877929688,848.2999877929688,4464699,SBIN
2024-07-10 09:45:00+00:00,849.0,850.9000244140625,848.0,848.4000244140625,1391057,SBIN
2024-07-11 03:45:00+00:00,853.7999877929688,858.1500244140625,853.1500244140625,853.9000244140625,0,SBIN
2024-07-11 04:45:00+00:00,853.0999755859375,854.0999755859375,849.7999877929688,853.7999877929688,1311184,SBIN
2024-07-11 05:45:00+00:00,853.9000244140625,855.0,851.5,853.0999755859375,799852,SBIN
2024-07-11 06:45:00+00:00,853.6500244140625,855.75,853.0999755859375,854.0,714995,SBIN
2024-07-11 07:45:00+00:00,857.0,857.9000244140625,853.2999877929688,853.9000244140625,984209,SBIN
2024-07-11 08:45:00+00:00,857.0,857.7000122070312,853.6500244140625,857.0999755859375,1883096,SBIN
2024-07-11 09:45:00+00:00,856.7000122070312,857.3499755859375,855.7000122070312,856.9500122070312,0,SBIN
2024-07-12 03:45:00+00:00,858.6500244140625,861.7000122070312,855.2999877929688,856.7000122070312,2692981,SBIN
2024-07-12 04:45:00+00:00,861.5,863.0,856.7999877929688,858.5,2211960,SBIN
2024-07-12 05:45:00+00:00,859.9000244140625,861.5499877929688,857.2000122070312,861.4000244140625,1384088,SBIN
2024-07-12 06:45:00+00:00,859.2000122070312,860.25,856.5999755859375,860.0,874473,SBIN
2024-07-12 07:45:00+00:00,861.0,861.25,859.0,859.25,761193,SBIN
2024-07-12 08:45:00+00:00,858.75,861.25,858.5,860.9500122070312,2006385,SBIN
2024-07-12 09:45:00+00:00,861.4000244140625,861.6500244140625,858.0,858.6500244140625,1513982,SBIN
2024-07-15 03:45:00+00:00,867.0,867.8499755859375,861.0999755859375,861.9500122070312,2704250,SBIN
2024-07-15 04:45:00+00:00,874.0,874.5,866.0999755859375,866.7999877929688,3658261,SBIN
2024-07-15 05:45:00+00:00,873.7000122070312,874.9500122070312,869.8499755859375,874.2000122070312,2691596,SBIN
2024-07-15 06:45:00+00:00,875.7999877929688,875.7999877929688,871.0499877929688,873.7000122070312,2097255,SBIN
2024-07-15 07:45:00+00:00,883.2000122070312,886.7999877929688,875.8499755859375,876.4000244140625,5569990,SBIN
2024-07-15 08:45:00+00:00,881.7999877929688,885.3499755859375,879.0,883.0,5718794,SBIN
2024-07-15 09:45:00+00:00,882.4500122070312,883.0,881.0499877929688,881.5999755859375,2947652,SBIN
2024-07-16 03:45:00+00:00,879.5999755859375,887.6500244140625,877.0,887.2999877929688,4035358,SBIN
2024-07-16 04:45:00+00:00,879.5,881.1500244140625,878.5,879.7999877929688,1019802,SBIN
2024-07-16 05:45:00+00:00,879.9500122070312,882.0,878.7999877929688,879.9000244140625,686175,SBIN
2024-07-16 06:45:00+00:00,880.0999755859375,880.8499755859375,878.4000244140625,879.8499755859375,918534,SBIN
2024-07-16 07:45:00+00:00,879.4500122070312,880.7000122070312,876.7000122070312,880.0999755859375,1095232,SBIN
2024-07-16 08:45:00+00:00,880.5,881.0,875.0999755859375,879.5,2877163,SBIN
2024-07-16 09:45:00+00:00,880.7000122070312,883.3499755859375,879.1500244140625,879.6500244140625,0,SBIN
2024-07-18 03:45:00+00:00,892.25,893.5,877.5,880.7000122070312,4736523,SBIN
2024-07-18 04:45:00+00:00,884.7000122070312,893.2999877929688,884.4500122070312,892.1500244140625,2810206,SBIN
2024-07-18 05:45:00+00:00,888.3499755859375,888.8499755859375,883.0,884.5499877929688,1335952,SBIN
2024-07-18 06:45:00+00:00,890.7000122070312,890.9000244140625,887.0,888.2999877929688,1754173,SBIN
2024-07-18 07:45:00+00:00,893.5999755859375,893.7999877929688,889.5,890.75,2633277,SBIN
2024-07-18 08:45:00+00:00,893.7000122070312,894.25,891.0999755859375,893.2999877929688,4426679,SBIN
2024-07-18 09:45:00+00:00,892.5,894.9000244140625,891.3499755859375,893.75,1731028,SBIN
2024-07-19 03:45:00+00:00,887.0499877929688,894.9500122070312,885.7999877929688,891.7000122070312,2744876,SBIN
2024-07-19 04:45:00+00:00,885.9000244140625,890.5,883.2999877929688,887.0499877929688,1680922,SBIN
2024-07-19 05:45:00+00:00,893.4500122070312,894.4500122070312,884.2999877929688,885.9500122070312,2039722,SBIN
2024-07-19 06:45:00+00:00,890.7999877929688,894.5,889.6500244140625,893.4500122070312,1247401,SBIN
2024-07-19 07:45:00+00:00,892.5,899.0,889.2999877929688,890.5499877929688,2911296,SBIN
2024-07-19 08:45:00+00:00,889.0,893.5499877929688,887.9000244140625,892.5,2913639,SBIN
2024-07-19 09:45:00+00:00,888.5,890.0,887.6500244140625,889.2999877929688,1021334,SBIN
2024-07-22 03:45:00+00:00,890.0,895.0,881.2000122070312,882.1500244140625,0,SBIN
2024-07-22 04:45:00+00:00,880.1500244140625,891.4500122070312,878.1500244140625,890.0,2672956,SBIN
2024-07-22 05:45:00+00:00,880.25,882.2999877929688,879.0,880.0999755859375,1235021,SBIN
2024-07-22 06:45:00+00:00,880.0,881.0,875.5,880.25,1822205,SBIN
2024-07-22 07:45:00+00:00,880.0999755859375,881.2000122070312,878.4500122070312,880.0,1170813,SBIN
2024-07-22 08:45:00+00:00,878.8499755859375,880.5,876.0499877929688,880.2000122070312,2835457,SBIN
2024-07-22 09:45:00+00:00,876.7999877929688,879.25,875.3499755859375,879.0999755859375,2083579,SBIN
2024-07-23 03:45:00+00:00,878.0,883.9000244140625,876.9000244140625,880.5499877929688,0,SBIN
2024-07-23 04:45:00+00:00,876.7999877929688,879.9500122070312,875.1500244140625,878.0,1758906,SBIN
2024-07-23 05:45:00+00:00,875.5,877.2999877929688,865.75,876.7999877929688,2248132,SBIN
2024-07-23 06:45:00+00:00,860.4500122070312,875.8499755859375,849.3499755859375,875.5999755859375,5184753,SBIN
2024-07-23 07:45:00+00:00,865.9500122070312,866.75,857.0499877929688,860.5,2341710,SBIN
2024-07-23 08:45:00+00:00,863.4500122070312,871.75,862.0499877929688,865.7999877929688,3184395,SBIN
2024-07-23 09:45:00+00:00,864.2000122070312,864.5,862.0,863.2999877929688,845095,SBIN
2024-07-24 03:45:00+00:00,864.2999877929688,868.0,859.5999755859375,864.7999877929688,0,SBIN
2024-07-24 04:45:00+00:00,853.5499877929688,866.9500122070312,852.6500244140625,864.3499755859375,2571595,SBIN
2024-07-24 05:45:00+00:00,854.8499755859375,855.75,849.2000122070312,853.5999755859375,2585772,SBIN
2024-07-24 06:45:00+00:00,852.5999755859375,854.8499755859375,847.25,854.8499755859375,2399437,SBIN
2024-07-24 07:45:00+00:00,849.9500122070312,859.5,849.1500244140625,852.6500244140625,2680252,SBIN
2024-07-24 08:45:00+00:00,851.0,854.75,848.0999755859375,849.8499755859375,5200246,SBIN
2024-07-24 09:45:00+00:00,853.9500122070312,854.5,850.5999755859375,850.9500122070312,1200759,SBIN
2024-07-25 03:45:00+00:00,842.8499755859375,850.5,841.2000122070312,847.75,0,SBIN
2024-07-25 04:45:00+00:00,846.0,846.2000122070312,842.1500244140625,842.75,1504050,SBIN
2024-07-25 05:45:00+00:00,848.9000244140625,850.0,844.25,846.0,1006303,SBIN
2024-07-25 06:45:00+00:00,845.2999877929688,849.25,845.0,848.75,865845,SBIN
2024-07-25 07:45:00+00:00,847.1500244140625,847.9000244140625,843.5,845.2000122070312,1100692,SBIN
2024-07-25 08:45:00+00:00,848.9000244140625,849.25,846.0,847.1500244140625,1350630,SBIN
2024-07-25 09:45:00+00:00,848.9500122070312,849.5,848.0499877929688,848.8499755859375,579280,SBIN
2024-07-26 03:45:00+00:00,852.7999877929688,860.5999755859375,846.9500122070312,846.9500122070312,0,SBIN
2024-07-26 04:45:00+00:00,857.0499877929688,858.0,852.75,852.8499755859375,1149325,SBIN
2024-07-26 05:45:00+00:00,855.75,858.2999877929688,854.2999877929688,857.0999755859375,898583,SBIN
2024-07-26 06:45:00+00:00,859.5999755859375,859.5999755859375,855.5499877929688,855.7999877929688,876126,SBIN
2024-07-26 07:45:00+00:00,859.5,862.7000122070312,857.8499755859375,859.2999877929688,1706221,SBIN
2024-07-26 08:45:00+00:00,862.8499755859375,864.25,857.5,859.5,2535984,SBIN
2024-07-26 09:45:00+00:00,859.9500122070312,863.2000122070312,859.0,862.9000244140625,1072559,SBIN
2024-07-29 03:45:00+00:00,879.75,881.4500122070312,863.9000244140625,865.3499755859375,0,SBIN
2024-07-29 04:45:00+00:00,884.7999877929688,885.7000122070312,879.2000122070312,879.7999877929688,2958859,SBIN
2024-07-29 05:45:00+00:00,881.0,889.0999755859375,878.9000244140625,884.75,3356143,SBIN
2024-07-29 06:45:00+00:00,876.0999755859375,882.9000244140625,873.3499755859375,880.7999877929688,6159741,SBIN
2024-07-29 07:45:00+00:00,869.5,878.2000122070312,869.1500244140625,876.2999877929688,2595173,SBIN
2024-07-29 08:45:00+00:00,870.0999755859375,876.7000122070312,867.3499755859375,869.5,5471177,SBIN
2024-07-29 09:45:00+00:00,871.25,871.8499755859375,869.5999755859375,870.1500244140625,1059097,SBIN
2024-07-30 03:45:00+00:00,871.7000122070312,876.8499755859375,869.1500244140625,873.6500244140625,2883377,SBIN
2024-07-30 04:45:00+00:00,872.5,874.7000122070312,871.25,871.7000122070312,1546614,SBIN
2024-07-30 05:45:00+00:00,872.0,875.0,871.2000122070312,872.5999755859375,1548588,SBIN
2024-07-30 06:45:00+00:00,875.4000244140625,878.0,871.75,872.0499877929688,1570702,SBIN
2024-07-30 07:45:00+00:00,874.7999877929688,876.3499755859375,871.7999877929688,875.6500244140625,862377,SBIN
2024-07-30 08:45:00+00:00,872.4500122070312,880.5499877929688,871.2999877929688,874.7000122070312,3972286,SBIN
2024-07-30 09:45:00+00:00,871.75,874.0,871.0999755859375,872.4000244140625,1141244,SBIN
2024-07-31 03:45:00+00:00,871.7000122070312,873.8499755859375,868.3499755859375,873.0,0,SBIN
2024-07-31 04:45:00+00:00,872.0,873.9000244140625,870.4000244140625,871.4500122070312,1015649,SBIN
2024-07-31 05:45:00+00:00,870.7999877929688,873.4500122070312,870.0,872.0,901407,SBIN
2024-07-31 06:45:00+00:00,871.4000244140625,871.9000244140625,869.9000244140625,870.7000122070312,549793,SBIN
2024-07-31 07:45:00+00:00,869.2999877929688,871.5499877929688,868.0,871.25,1119117,SBIN
2024-07-31 08:45:00+00:00,872.9500122070312,873.0,868.9000244140625,869.2999877929688,3785488,SBIN
2024-07-31 09:45:00+00:00,874.5,874.9500122070312,872.5999755859375,872.8499755859375,1675877,SBIN
2024-08-01 03:45:00+00:00,878.2999877929688,880.25,876.1500244140625,877.9000244140625,0,SBIN
2024-08-01 04:45:00+00:00,879.4500122070312,881.4000244140625,878.0499877929688,878.0499877929688,1083335,SBIN
2024-08-01 05:45:00+00:00,878.0,879.9000244140625,877.3499755859375,879.3499755859375,507531,SBIN
2024-08-01 06:45:00+00:00,877.75,878.4500122070312,875.6500244140625,877.9000244140625,909252,SBIN
2024-08-01 07:45:00+00:00,874.25,878.9000244140625,874.25,877.5,845229,SBIN
2024-08-01 08:45:00+00:00,864.25,875.5,861.4500122070312,874.2000122070312,4941324,SBIN
2024-08-01 09:45:00+00:00,861.9000244140625,864.5999755859375,861.25,864.4500122070312,1638048,SBIN
2024-08-02 03:45:00+00:00,849.25,858.0,846.7000122070312,854.5,3587577,SBIN
2024-08-02 04:45:00+00:00,852.9000244140625,853.7999877929688,847.1500244140625,849.5,1725231,SBIN
2024-08-02 05:45:00+00:00,850.5499877929688,854.0,850.0,852.9000244140625,938128,SBIN
2024-08-02 06:45:00+00:00,849.3499755859375,850.75,848.4500122070312,850.7000122070312,801370,SBIN
2024-08-02 07:45:00+00:00,851.4000244140625,854.9000244140625,847.7999877929688,849.5499877929688,1668659,SBIN
2024-08-02 08:45:00+00:00,848.5,852.9500122070312,847.2000122070312,851.7000122070312,2628423,SBIN
2024-08-02 09:45:00+00:00,847.75,848.75,847.0499877929688,848.4000244140625,1251796,SBIN
2024-08-05 03:45:00+00:00,828.0,831.3499755859375,817.5999755859375,828.0999755859375,0,SBIN
2024-08-05 04:45:00+00:00,810.75,829.1500244140625,810.1500244140625,828.0,5176841,SBIN
2024-08-05 05:45:00+00:00,810.6500244140625,812.2999877929688,804.0,810.5499877929688,4206159,SBIN
2024-08-05 06:45:00+00:00,809.9500122070312,811.6500244140625,800.9000244140625,810.6500244140625,3436130,SBIN
2024-08-05 07:45:00+00:00,809.0,813.7999877929688,808.25,810.0,2343251,SBIN
2024-08-05 08:45:00+00:00,811.9000244140625,813.4500122070312,806.7000122070312,809.0,3136571,SBIN
2024-08-05 09:45:00+00:00,810.0,812.9000244140625,809.0499877929688,812.0999755859375,1274686,SBIN
2024-08-06 03:45:00+00:00,816.8499755859375,826.4500122070312,816.3499755859375,823.0999755859375,3983065,SBIN
2024-08-06 04:45:00+00:00,814.7999877929688,818.0499877929688,811.0999755859375,816.8499755859375,2574334,SBIN
2024-08-06 05:45:00+00:00,815.0999755859375,817.75,814.0,814.6500244140625,923335,SBIN
2024-08-06 06:45:00+00:00,812.3499755859375,815.7000122070312,811.2000122070312,815.2000122070312,1183794,SBIN
2024-08-06 07:45:00+00:00,803.25,813.25,803.0,812.1500244140625,3284245,SBIN
2024-08-06 08:45:00+00:00,798.2000122070312,805.5,796.5499877929688,803.5,4518806,SBIN
2024-08-06 09:45:00+00:00,799.7000122070312,799.75,795.7999877929688,798.0999755859375,1430737,SBIN
2024-08-07 03:45:00+00:00,805.7000122070312,809.3499755859375,802.4500122070312,809.0,3663632,SBIN
2024-08-07 04:45:00+00:00,803.7999877929688,808.2999877929688,802.5999755859375,805.7999877929688,2560174,SBIN
2024-08-07 05:45:00+00:00,803.4500122070312,804.75,800.6500244140625,803.9500122070312,1621242,SBIN
2024-08-07 06:45:00+00:00,802.9500122070312,806.4000244140625,802.0999755859375,803.4500122070312,1425866,SBIN
2024-08-07 07:45:00+00:00,806.0999755859375,806.0999755859375,802.0999755859375,803.0,2345377,SBIN
2024-08-07 08:45:00+00:00,808.9000244140625,809.75,805.1500244140625,806.1500244140625,4537819,SBIN
2024-08-07 09:45:00+00:00,810.4000244140625,810.7000122070312,808.0999755859375,808.9000244140625,1538041,SBIN
2024-08-08 03:45:00+00:00,805.2999877929688,809.4000244140625,802.7999877929688,806.5999755859375,0,SBIN
2024-08-08 04:45:00+00:00,811.25,812.4500122070312,804.2999877929688,805.2999877929688,2791913,SBIN
2024-08-08 05:45:00+00:00,816.75,816.75,811.2000122070312,811.2000122070312,2538224,SBIN
2024-08-08 06:45:00+00:00,811.2999877929688,817.7999877929688,810.3499755859375,816.9000244140625,1781582,SBIN
2024-08-08 07:45:00+00:00,809.0,811.9000244140625,807.0499877929688,811.2999877929688,1503106,SBIN
2024-08-08 08:45:00+00:00,808.2999877929688,811.5999755859375,807.4000244140625,809.0499877929688,2024425,SBIN
2024-08-08 09:45:00+00:00,808.0,808.8499755859375,806.0,808.4500122070312,1190900,SBIN
2024-08-09 03:45:00+00:00,813.0,816.5499877929688,811.5999755859375,814.4500122070312,0,SBIN
2024-08-09 04:45:00+00:00,811.8499755859375,813.5499877929688,810.6500244140625,813.0,1008073,SBIN
2024-08-09 05:45:00+00:00,810.0999755859375,813.0,809.8499755859375,811.8499755859375,820260,SBIN
2024-08-09 06:45:00+00:00,813.75,813.9000244140625,810.0,810.0499877929688,1451581,SBIN
2024-08-09 07:45:00+00:00,825.4500122070312,829.9000244140625,813.2999877929688,813.75,5451278,SBIN
2024-08-09 08:45:00+00:00,824.5,825.7000122070312,820.0999755859375,825.7000122070312,2660002,SBIN
2024-08-09 09:45:00+00:00,824.9000244140625,825.9000244140625,823.6500244140625,824.7000122070312,1210272,SBIN
2024-08-12 03:45:00+00:00,816.0499877929688,822.0499877929688,812.2000122070312,822.0499877929688,0,SBIN
2024-08-12 04:45:00+00:00,819.9000244140625,820.6500244140625,815.5,816.1500244140625,2243212,SBIN
2024-08-12 05:45:00+00:00,816.0,821.25,815.75,819.8499755859375,1525843,SBIN
2024-08-12 06:45:00+00:00,814.7999877929688,817.2999877929688,814.6500244140625,816.0,1358535,SBIN
2024-08-12 07:45:00+00:00,816.0,817.2999877929688,814.1500244140625,814.7999877929688,1346624,SBIN
2024-08-12 08:45:00+00:00,813.0,816.4500122070312,812.2000122070312,816.0999755859375,4585674,SBIN
2024-08-12 09:45:00+00:00,813.0,813.1500244140625,811.2999877929688,812.9000244140625,2165199,SBIN
2024-08-13 03:45:00+00:00,817.7000122070312,818.7999877929688,813.5999755859375,817.4000244140625,2675717,SBIN
2024-08-13 04:45:00+00:00,818.2000122070312,819.4000244140625,816.1500244140625,817.5,1140145,SBIN
2024-08-13 05:45:00+00:00,816.4500122070312,818.9000244140625,816.0,818.1500244140625,1221393,SBIN
2024-08-13 06:45:00+00:00,809.5,816.4500122070312,806.5,816.4500122070312,2722311,SBIN
2024-08-13 07:45:00+00:00,807.4000244140625,810.0,805.2000122070312,809.4000244140625,1738556,SBIN
2024-08-13 08:45:00+00:00,796.9000244140625,808.0499877929688,796.2999877929688,807.3499755859375,6117333,SBIN
2024-08-13 09:45:00+00:00,796.9000244140625,798.4500122070312,795.0999755859375,797.0,1962497,SBIN
2024-08-14 03:45:00+00:00,804.75,807.9500122070312,800.7000122070312,801.2000122070312,3346877,SBIN
2024-08-14 04:45:00+00:00,805.7000122070312,809.0999755859375,803.6500244140625,804.8499755859375,1721821,SBIN
2024-08-14 05:45:00+00:00,804.75,806.6500244140625,803.5,805.9000244140625,689052,SBIN
2024-08-14 06:45:00+00:00,803.9500122070312,804.9000244140625,800.75,804.75,1113488,SBIN
2024-08-14 07:45:00+00:00,803.6500244140625,804.4500122070312,802.4000244140625,803.9000244140625,965561,SBIN
2024-08-14 08:45:00+00:00,802.7000122070312,804.5,801.5499877929688,803.5499877929688,2865633,SBIN
2024-08-14 09:45:00+00:00,803.2000122070312,803.7999877929688,802.6500244140625,802.8499755859375,1086233,SBIN
2024-08-16 03:45:00+00:00,807.8499755859375,809.0999755859375,804.7999877929688,804.7999877929688,0,SBIN
2024-08-16 04:45:00+00:00,806.5999755859375,809.0,805.2999877929688,807.8499755859375,1133526,SBIN
2024-08-16 05:45:00+00:00,811.5,813.9000244140625,806.0999755859375,806.6500244140625,1925322,SBIN
2024-08-16 06:45:00+00:00,811.9000244140625,813.5999755859375,810.7000122070312,811.8499755859375,1012253,SBIN
2024-08-16 07:45:00+00:00,814.5999755859375,814.9000244140625,811.4000244140625,811.9000244140625,1040027,SBIN
2024-08-16 08:45:00+00:00,812.4000244140625,814.5,810.9000244140625,814.5,2318947,SBIN
2024-08-16 09:45:00+00:00,811.2000122070312,812.5499877929688,810.9500122070312,812.5,933860,SBIN
2024-08-19 03:45:00+00:00,818.2999877929688,825.3499755859375,815.5999755859375,815.5999755859375,0,SBIN
2024-08-19 04:45:00+00:00,817.4500122070312,819.9000244140625,816.2999877929688,818.25,1057476,SBIN
2024-08-19 05:45:00+00:00,818.75,821.2999877929688,817.2999877929688,817.5,943933,SBIN
2024-08-19 06:45:00+00:00,819.2000122070312,819.25,817.2000122070312,818.75,578801,SBIN
2024-08-19 07:45:00+00:00,815.9000244140625,820.9000244140625,815.0,819.0999755859375,953113,SBIN
2024-08-19 08:45:00+00:00,813.6500244140625,816.7999877929688,812.6500244140625,815.9000244140625,2613435,SBIN
2024-08-19 09:45:00+00:00,814.6500244140625,814.6500244140625,813.2000122070312,813.6500244140625,682727,SBIN
2024-08-20 03:45:00+00:00,819.2000122070312,820.2000122070312,813.3499755859375,815.5,2207054,SBIN
2024-08-20 04:45:00+00:00,820.9500122070312,820.9500122070312,817.5,819.0,1271511,SBIN
2024-08-20 05:45:00+00:00,820.0,821.6500244140625,818.5499877929688,820.75,869464,SBIN
2024-08-20 06:45:00+00:00,821.2999877929688,823.0,819.2000122070312,820.2000122070312,951839,SBIN
2024-08-20 07:45:00+00:00,821.7999877929688,822.25,820.5,821.2999877929688,723341,SBIN
2024-08-20 08:45:00+00:00,819.8499755859375,821.9500122070312,819.2000122070312,821.7999877929688,3006217,SBIN
2024-08-20 09:45:00+00:00,819.0,820.7000122070312,818.5,820.0,1312465,SBIN
2024-08-21 03:45:00+00:00,815.9000244140625,820.9000244140625,814.8499755859375,820.0,2175850,SBIN
2024-08-21 04:45:00+00:00,813.8499755859375,816.9000244140625,813.2999877929688,816.2000122070312,1110689,SBIN
2024-08-21 05:45:00+00:00,815.4000244140625,817.75,813.7999877929688,814.0999755859375,1323226,SBIN
2024-08-21 06:45:00+00:00,814.25,816.2000122070312,813.75,815.4500122070312,624246,SBIN
2024-08-21 07:45:00+00:00,813.0499877929688,814.4000244140625,811.3499755859375,814.25,1828212,SBIN
2024-08-21 08:45:00+00:00,815.6500244140625,816.0999755859375,811.2000122070312,813.0499877929688,5874347,SBIN
2024-08-21 09:45:00+00:00,816.5999755859375,817.25,815.2000122070312,815.75,1669312,SBIN
2024-08-22 03:45:00+00:00,820.2999877929688,822.7000122070312,817.9000244140625,817.9000244140625,0,SBIN
2024-08-22 04:45:00+00:00,820.7000122070312,822.2999877929688,819.0499877929688,820.3499755859375,958724,SBIN
2024-08-22 05:45:00+00:00,822.0999755859375,822.9500122070312,819.5999755859375,820.75,759414,SBIN
2024-08-22 06:45:00+00:00,821.2000122070312,822.5,820.2000122070312,822.1500244140625,623344,SBIN
2024-08-22 07:45:00+00:00,822.6500244140625,823.9000244140625,820.25,821.1500244140625,944956,SBIN
2024-08-22 08:45:00+00:00,820.25,822.7000122070312,818.3499755859375,822.5499877929688,1914094,SBIN
2024-08-22 09:45:00+00:00,820.2999877929688,821.0,819.4500122070312,820.25,729031,SBIN
2024-08-23 03:45:00+00:00,818.7999877929688,821.3499755859375,816.4000244140625,821.3499755859375,0,SBIN
2024-08-23 04:45:00+00:00,817.9000244140625,820.1500244140625,817.6500244140625,818.7999877929688,394620,SBIN
2024-08-23 05:45:00+00:00,816.5999755859375,818.6500244140625,816.2999877929688,817.75,453492,SBIN
2024-08-23 06:45:00+00:00,817.2000122070312,817.9500122070312,816.2999877929688,816.5,457693,SBIN
2024-08-23 07:45:00+00:00,816.2000122070312,817.5,816.0,817.3499755859375,495515,SBIN
2024-08-23 08:45:00+00:00,815.25,817.25,814.5999755859375,816.25,1362496,SBIN
2024-08-23 09:45:00+00:00,815.3499755859375,816.4500122070312,814.5499877929688,815.1500244140625,829990,SBIN
2024-08-26 03:45:00+00:00,821.7000122070312,822.0,816.2999877929688,817.9500122070312,0,SBIN
2024-08-26 04:45:00+00:00,820.2000122070312,821.7999877929688,819.25,821.5999755859375,773735,SBIN
2024-08-26 05:45:00+00:00,823.0,823.4000244140625,819.5,820.2000122070312,1053107,SBIN
2024-08-26 06:45:00+00:00,819.0999755859375,823.0,818.75,823.0,1648742,SBIN
2024-08-26 07:45:00+00:00,817.2000122070312,819.4500122070312,816.8499755859375,819.0499877929688,934146,SBIN
2024-08-26 08:45:00+00:00,815.0,817.5,814.9000244140625,817.3499755859375,1341086,SBIN
2024-08-26 09:45:00+00:00,815.4000244140625,815.5999755859375,814.4000244140625,815.1500244140625,818666,SBIN
2024-08-27 03:45:00+00:00,814.5499877929688,818.5499877929688,813.0999755859375,816.9000244140625,0,SBIN
2024-08-27 04:45:00+00:00,815.2999877929688,816.0,811.0499877929688,814.5499877929688,1242113,SBIN
2024-08-27 05:45:00+00:00,815.7999877929688,817.4500122070312,815.0,815.5999755859375,1811241,SBIN
2024-08-27 06:45:00+00:00,816.9000244140625,817.5999755859375,815.0999755859375,815.7999877929688,861121,SBIN
2024-08-27 07:45:00+00:00,817.4000244140625,818.2999877929688,815.25,816.9000244140625,1249979,SBIN
2024-08-27 08:45:00+00:00,816.1500244140625,819.4500122070312,815.5499877929688,817.4000244140625,4439767,SBIN
2024-08-27 09:45:00+00:00,814.9500122070312,816.3499755859375,814.0999755859375,816.1500244140625,1374698,SBIN
2024-08-28 03:45:00+00:00,813.9000244140625,817.2000122070312,813.0,814.2999877929688,1594535,SBIN
2024-08-28 04:45:00+00:00,813.4500122070312,814.0499877929688,812.5,814.0,704240,SBIN
2024-08-28 05:45:00+00:00,814.0499877929688,814.1500244140625,812.0,813.4000244140625,995283,SBIN
2024-08-28 06:45:00+00:00,814.8499755859375,815.7999877929688,813.9500122070312,814.0499877929688,903766,SBIN
2024-08-28 07:45:00+00:00,814.75,815.4500122070312,813.6500244140625,814.8499755859375,773807,SBIN
2024-08-28 08:45:00+00:00,810.3499755859375,814.7999877929688,810.0,814.75,3768567,SBIN
2024-08-28 09:45:00+00:00,808.25,810.4000244140625,806.5999755859375,810.4000244140625,1626817,SBIN
2024-08-29 03:45:00+00:00,812.6500244140625,813.6500244140625,807.5999755859375,808.0,0,SBIN
2024-08-29 04:45:00+00:00,811.9500122070312,813.0,810.0999755859375,812.3499755859375,1542383,SBIN
2024-08-29 05:45:00+00:00,814.5,815.0499877929688,811.2999877929688,812.0499877929688,2739380,SBIN
2024-08-29 06:45:00+00:00,814.8499755859375,816.0,814.0999755859375,814.5,1495729,SBIN
2024-08-29 07:45:00+00:00,812.4500122070312,815.4000244140625,810.2999877929688,815.0,3165887,SBIN
2024-08-29 08:45:00+00:00,815.0,815.25,810.4000244140625,812.4500122070312,5161150,SBIN
2024-08-29 09:45:00+00:00,815.7000122070312,815.7000122070312,813.5999755859375,815.0,1535521,SBIN
2024-08-30 03:45:00+00:00,818.5499877929688,820.6500244140625,815.7999877929688,818.0999755859375,0,SBIN
2024-08-30 04:45:00+00:00,817.5499877929688,819.2999877929688,816.5999755859375,818.8499755859375,500438,SBIN
2024-08-30 05:45:00+00:00,817.7999877929688,818.4000244140625,816.1500244140625,817.7999877929688,595711,SBIN
2024-08-30 06:45:00+00:00,816.4500122070312,818.0499877929688,815.5,817.75,492206,SBIN
2024-08-30 07:45:00+00:00,815.0,816.75,814.5,816.4500122070312,635846,SBIN
2024-08-30 08:45:00+00:00,815.5999755859375,816.7000122070312,814.4000244140625,814.9000244140625,3145285,SBIN
2024-08-30 09:45:00+00:00,815.5999755859375,817.0,814.9000244140625,815.5499877929688,1693176,SBIN
2024-09-02 03:45:00+00:00,814.3499755859375,818.9000244140625,813.7000122070312,818.0,0,SBIN
2024-09-02 04:45:00+00:00,816.3499755859375,817.0,813.0499877929688,814.2999877929688,1080600,SBIN
2024-09-02 05:45:00+00:00,817.4000244140625,817.7999877929688,814.9500122070312,816.3499755859375,947913,SBIN
2024-09-02 06:45:00+00:00,815.7999877929688,818.7999877929688,815.0,817.4500122070312,1206428,SBIN
2024-09-02 07:45:00+00:00,823.7999877929688,824.7999877929688,815.4000244140625,815.75,2617126,SBIN
2024-09-02 08:45:00+00:00,821.6500244140625,825.4000244140625,821.2000122070312,823.7000122070312,3565808,SBIN
2024-09-02 09:45:00+00:00,821.9000244140625,822.6500244140625,821.5499877929688,821.6500244140625,847278,SBIN
2024-09-03 03:45:00+00:00,820.3499755859375,822.9500122070312,818.25,821.4000244140625,0,SBIN
2024-09-03 04:45:00+00:00,817.25,821.4000244140625,817.25,820.2999877929688,969404,SBIN
2024-09-03 05:45:00+00:00,818.5999755859375,819.4000244140625,816.5,817.5499877929688,808058,SBIN
2024-09-03 06:45:00+00:00,821.8499755859375,822.2000122070312,818.5499877929688,818.7999877929688,1146070,SBIN
2024-09-03 07:45:00+00:00,821.4500122070312,821.9000244140625,818.3499755859375,821.8499755859375,1279862,SBIN
2024-09-03 08:45:00+00:00,824.7000122070312,825.9000244140625,820.0,821.4500122070312,3627903,SBIN
2024-09-03 09:45:00+00:00,823.4000244140625,825.0,823.1500244140625,824.7000122070312,920081,SBIN
2024-09-04 03:45:00+00:00,815.9500122070312,816.9500122070312,814.4500122070312,816.9500122070312,0,SBIN
2024-09-04 04:45:00+00:00,816.25,817.4000244140625,815.0,815.7999877929688,1200403,SBIN
2024-09-04 05:45:00+00:00,815.5999755859375,817.5999755859375,815.5499877929688,816.0999755859375,1116296,SBIN
2024-09-04 06:45:00+00:00,816.4000244140625,816.9500122070312,815.5499877929688,815.7000122070312,585935,SBIN
2024-09-04 07:45:00+00:00,817.2000122070312,817.4000244140625,815.7999877929688,816.4000244140625,1082966,SBIN
2024-09-04 08:45:00+00:00,818.2999877929688,818.5499877929688,813.6500244140625,817.2000122070312,2974120,SBIN
2024-09-04 09:45:00+00:00,816.4500122070312,818.4000244140625,816.2000122070312,818.25,1041157,SBIN
2024-09-05 03:45:00+00:00,819.6500244140625,821.0,815.0,815.75,1923268,SBIN
2024-09-05 04:45:00+00:00,820.0,820.9000244140625,818.0,820.0,966759,SBIN
2024-09-05 05:45:00+00:00,821.5,821.5999755859375,819.0499877929688,820.1500244140625,607775,SBIN
2024-09-05 06:45:00+00:00,821.1500244140625,821.9500122070312,819.9500122070312,821.3499755859375,747550,SBIN
2024-09-05 07:45:00+00:00,819.9000244140625,822.1500244140625,819.7000122070312,821.1500244140625,1324966,SBIN
2024-09-05 08:45:00+00:00,819.0999755859375,820.8499755859375,817.5,819.9500122070312,2388979,SBIN
2024-09-05 09:45:00+00:00,818.5999755859375,819.2999877929688,818.0,819.0499877929688,433969,SBIN
2024-09-06 03:45:00+00:00,797.6500244140625,812.0499877929688,795.0,812.0499877929688,9067842,SBIN
2024-09-06 04:45:00+00:00,789.4500122070312,797.7000122070312,788.5499877929688,797.5,5747064,SBIN
2024-09-06 05:45:00+00:00,789.8499755859375,791.5,786.2999877929688,789.4500122070312,5225076,SBIN
2024-09-06 06:45:00+00:00,787.8499755859375,790.75,785.0999755859375,789.9000244140625,4445926,SBIN
2024-09-06 07:45:00+00:00,788.2000122070312,790.2000122070312,786.5499877929688,787.8499755859375,3507443,SBIN
2024-09-06 08:45:00+00:00,782.2999877929688,788.3499755859375,777.2000122070312,788.0999755859375,9436171,SBIN
2024-09-06 09:45:00+00:00,783.9000244140625,784.75,782.1500244140625,782.2999877929688,2784196,SBIN
2024-09-09 03:45:00+00:00,779.9000244140625,785.4500122070312,773.7999877929688,785.4500122070312,0,SBIN
2024-09-09 04:45:00+00:00,779.5999755859375,784.0,778.5,779.8499755859375,2125300,SBIN
2024-09-09 05:45:00+00:00,775.4000244140625,780.4500122070312,773.0999755859375,779.5499877929688,2690445,SBIN
2024-09-09 06:45:00+00:00,773.2999877929688,777.0,772.0999755859375,775.4500122070312,2165054,SBIN
2024-09-09 07:45:00+00:00,779.0999755859375,780.3499755859375,771.0,773.2999877929688,3295663,SBIN
2024-09-09 08:45:00+00:00,783.7000122070312,787.9500122070312,779.0999755859375,779.2000122070312,4310976,SBIN
2024-09-09 09:45:00+00:00,784.25,785.7000122070312,783.0999755859375,783.7000122070312,1257370,SBIN
2024-09-10 03:45:00+00:00,779.5499877929688,787.9000244140625,777.5999755859375,787.0,0,SBIN
2024-09-10 04:45:00+00:00,780.25,782.1500244140625,778.5999755859375,779.5499877929688,1247496,SBIN
2024-09-10 05:45:00+00:00,784.0,784.2999877929688,778.8499755859375,780.0,1193086,SBIN
2024-09-10 06:45:00+00:00,783.25,784.7999877929688,782.5,784.0,1106755,SBIN
2024-09-10 07:45:00+00:00,784.2999877929688,786.2000122070312,783.0,783.4000244140625,1509735,SBIN
2024-09-10 08:45:00+00:00,782.6500244140625,785.0,780.0,784.3499755859375,3459389,SBIN
2024-09-10 09:45:00+00:00,782.9000244140625,783.2000122070312,782.0,782.5499877929688,1142421,SBIN
2024-09-11 03:45:00+00:00,785.5,787.25,776.4000244140625,776.4000244140625,3559600,SBIN
2024-09-11 04:45:00+00:00,786.2000122070312,788.0,784.2000122070312,785.5499877929688,1405243,SBIN
2024-09-11 05:45:00+00:00,782.4500122070312,786.3499755859375,781.5,786.2000122070312,1286466,SBIN
2024-09-11 06:45:00+00:00,782.25,783.7000122070312,781.5999755859375,782.4500122070312,1189919,SBIN
2024-09-11 07:45:00+00:00,773.7999877929688,781.7999877929688,773.3499755859375,781.7999877929688,3051604,SBIN
2024-09-11 08:45:00+00:00,768.7000122070312,774.4000244140625,765.4500122070312,773.7999877929688,7711289,SBIN
2024-09-11 09:45:00+00:00,771.0,771.8499755859375,768.0,768.7000122070312,1853028,SBIN
2024-09-12 03:45:00+00:00,775.25,779.4000244140625,772.8499755859375,777.5999755859375,2328820,SBIN
2024-09-12 04:45:00+00:00,776.5999755859375,777.3499755859375,774.0999755859375,775.25,909294,SBIN
2024-09-12 05:45:00+00:00,777.0,777.1500244140625,772.9500122070312,776.5999755859375,1948568,SBIN
2024-09-12 06:45:00+00:00,776.0999755859375,778.0999755859375,775.0,776.9500122070312,2336544,SBIN
2024-09-12 07:45:00+00:00,780.0999755859375,781.5999755859375,775.6500244140625,775.9500122070312,3163551,SBIN
2024-09-12 08:45:00+00:00,789.3499755859375,789.8499755859375,779.9500122070312,780.3499755859375,5384326,SBIN
2024-09-12 09:45:00+00:00,786.2999877929688,789.4500122070312,785.9500122070312,789.25,1504851,SBIN
2024-09-13 03:45:00+00:00,788.1500244140625,791.9000244140625,785.2000122070312,788.7999877929688,2172437,SBIN
2024-09-13 04:45:00+00:00,788.7000122070312,789.0,786.0,788.0999755859375,885481,SBIN
2024-09-13 05:45:00+00:00,788.1500244140625,789.0,786.0,788.9000244140625,1104733,SBIN
2024-09-13 06:45:00+00:00,794.75,795.0,787.0,788.1500244140625,2465894,SBIN
2024-09-13 07:45:00+00:00,793.4500122070312,794.9000244140625,791.4000244140625,794.7999877929688,1636862,SBIN
2024-09-13 08:45:00+00:00,791.2999877929688,793.5,788.0499877929688,793.4500122070312,3087300,SBIN
2024-09-13 09:45:00+00:00,789.6500244140625,791.3499755859375,789.25,791.2000122070312,1593188,SBIN
2024-09-16 03:45:00+00:00,791.0,795.0,790.0499877929688,790.9500122070312,0,SBIN
2024-09-16 04:45:00+00:00,788.25,791.3499755859375,787.0,790.9000244140625,980885,SBIN
2024-09-16 05:45:00+00:00,786.5,789.0999755859375,785.3499755859375,788.25,1063441,SBIN
2024-09-16 06:45:00+00:00,789.5999755859375,789.9000244140625,785.75,786.5,713326,SBIN
2024-09-16 07:45:00+00:00,786.8499755859375,789.8499755859375,786.4000244140625,789.4500122070312,1008977,SBIN
2024-09-16 08:45:00+00:00,785.7000122070312,787.4500122070312,784.4500122070312,786.8499755859375,2595712,SBIN
2024-09-16 09:45:00+00:00,786.0999755859375,786.5999755859375,785.0999755859375,785.6500244140625,977872,SBIN
2024-09-17 03:45:00+00:00,781.9500122070312,787.5,781.5999755859375,786.7999877929688,0,SBIN
2024-09-17 04:45:00+00:00,783.2000122070312,786.3499755859375,780.5499877929688,781.9500122070312,1011834,SBIN
2024-09-17 05:45:00+00:00,783.2999877929688,786.0,782.5,783.3499755859375,923147,SBIN
2024-09-17 06:45:00+00:00,785.0999755859375,785.7000122070312,783.0,783.25,899123,SBIN
2024-09-17 07:45:00+00:00,785.0499877929688,785.7999877929688,784.0999755859375,785.0999755859375,1191605,SBIN
2024-09-17 08:45:00+00:00,782.5,785.7999877929688,782.2999877929688,785.0,3526840,SBIN
2024-09-17 09:45:00+00:00,782.8499755859375,783.4500122070312,782.0999755859375,782.5499877929688,1083905,SBIN
2024-09-18 03:45:00+00:00,786.75,788.7000122070312,782.5999755859375,782.75,0,SBIN
2024-09-18 04:45:00+00:00,793.0,793.2999877929688,786.2000122070312,786.7000122070312,5645495,SBIN
2024-09-18 05:45:00+00:00,792.7999877929688,794.6500244140625,791.4000244140625,792.9000244140625,2485171,SBIN
2024-09-18 06:45:00+00:00,792.0999755859375,793.7000122070312,790.2000122070312,792.7999877929688,1462426,SBIN
2024-09-18 07:45:00+00:00,791.5499877929688,794.5499877929688,790.5999755859375,792.0,2561194,SBIN
2024-09-18 08:45:00+00:00,792.5,794.4500122070312,790.6500244140625,791.5499877929688,3502973,SBIN
2024-09-18 09:45:00+00:00,792.75,793.2000122070312,790.3499755859375,792.75,931880,SBIN
2024-09-19 03:45:00+00:00,793.0499877929688,801.25,793.0,795.7000122070312,0,SBIN
2024-09-19 04:45:00+00:00,792.9000244140625,797.5499877929688,790.4000244140625,793.0499877929688,1473618,SBIN
2024-09-19 05:45:00+00:00,787.7000122070312,793.5,784.25,793.25,1564354,SBIN
2024-09-19 06:45:00+00:00,787.0499877929688,790.8499755859375,784.9500122070312,787.7000122070312,1355114,SBIN
2024-09-19 07:45:00+00:00,787.25,789.0,786.0,787.0,829573,SBIN
2024-09-19 08:45:00+00:00,790.5,791.0,786.2000122070312,787.0,1961304,SBIN
2024-09-19 09:45:00+00:00,790.5,791.9500122070312,789.8499755859375,790.5,741466,SBIN
2024-09-20 03:45:00+00:00,790.0999755859375,793.9000244140625,787.2999877929688,793.75,1904249,SBIN
2024-09-20 04:45:00+00:00,792.2000122070312,793.0,788.8499755859375,790.2999877929688,1947801,SBIN
2024-09-20 05:45:00+00:00,790.9500122070312,792.75,788.5499877929688,792.2999877929688,1126389,SBIN
2024-09-20 06:45:00+00:00,790.0499877929688,791.6500244140625,789.0,790.9000244140625,2309305,SBIN
2024-09-20 07:45:00+00:00,784.2000122070312,790.3499755859375,781.0999755859375,790.0499877929688,3500358,SBIN
2024-09-20 08:45:00+00:00,781.3499755859375,785.25,779.5999755859375,784.2000122070312,7046421,SBIN
2024-09-20 09:45:00+00:00,781.7000122070312,784.75,781.25,781.3499755859375,0,SBIN
2024-09-23 03:45:00+00:00,792.5499877929688,795.4500122070312,785.0,785.7000122070312,0,SBIN
2024-09-23 04:45:00+00:00,802.9000244140625,804.0,791.25,792.7999877929688,4010302,SBIN
2024-09-23 05:45:00+00:00,803.25,804.2000122070312,800.5,803.0,2533590,SBIN
2024-09-23 06:45:00+00:00,804.7999877929688,804.9500122070312,801.5,803.25,1757376,SBIN
2024-09-23 07:45:00+00:00,804.4500122070312,805.0,802.5499877929688,804.7000122070312,1407852,SBIN
2024-09-23 08:45:00+00:00,802.1500244140625,804.75,801.5499877929688,804.5499877929688,3008775,SBIN
2024-09-23 09:45:00+00:00,800.5999755859375,802.7000122070312,799.0499877929688,802.0999755859375,1547588,SBIN
2024-09-24 03:45:00+00:00,801.2000122070312,803.5,796.5,799.25,2296451,SBIN
2024-09-24 04:45:00+00:00,800.9000244140625,801.6500244140625,798.0999755859375,801.25,1284126,SBIN
2024-09-24 05:45:00+00:00,801.5499877929688,803.0,800.2000122070312,800.8499755859375,2163306,SBIN
2024-09-24 06:45:00+00:00,802.75,804.2000122070312,801.8499755859375,801.9500122070312,1516275,SBIN
2024-09-24 07:45:00+00:00,803.0,803.9500122070312,802.5,802.75,1613520,SBIN
2024-09-24 08:45:00+00:00,798.75,803.7000122070312,796.5999755859375,802.7999877929688,5145581,SBIN
2024-09-24 09:45:00+00:00,797.9000244140625,799.6500244140625,797.5,798.5499877929688,1158108,SBIN
2024-09-25 03:45:00+00:00,792.0,798.0,791.0499877929688,797.75,0,SBIN
2024-09-25 04:45:00+00:00,792.0499877929688,794.0499877929688,790.0499877929688,792.0499877929688,1904603,SBIN
2024-09-25 05:45:00+00:00,792.8499755859375,794.0499877929688,791.75,792.1500244140625,2162537,SBIN
2024-09-25 06:45:00+00:00,790.5,793.4000244140625,788.9000244140625,792.7999877929688,4160228,SBIN
2024-09-25 07:45:00+00:00,792.7999877929688,793.1500244140625,790.0,790.5,2495444,SBIN
2024-09-25 08:45:00+00:00,793.3499755859375,793.5499877929688,790.5,793.0,3636285,SBIN
2024-09-25 09:45:00+00:00,793.7999877929688,793.9500122070312,792.5,793.0499877929688,1500356,SBIN
2024-09-26 03:45:00+00:00,794.4500122070312,796.75,791.6500244140625,794.7999877929688,0,SBIN
2024-09-26 04:45:00+00:00,797.0499877929688,798.9500122070312,794.5,794.5,2842733,SBIN
2024-09-26 05:45:00+00:00,797.3499755859375,798.0999755859375,796.5499877929688,797.0999755859375,1143318,SBIN
2024-09-26 06:45:00+00:00,795.4500122070312,797.5,795.25,797.2000122070312,1412212,SBIN
2024-09-26 07:45:00+00:00,800.2999877929688,800.5499877929688,795.2000122070312,795.6500244140625,2570607,SBIN
2024-09-26 08:45:00+00:00,801.25,803.0,799.7000122070312,800.4500122070312,4675320,SBIN
2024-09-26 09:45:00+00:00,802.0,802.6500244140625,800.5999755859375,800.8499755859375,1715084,SBIN
2024-09-27 03:45:00+00:00,804.25,805.5,802.0499877929688,803.5,2431751,SBIN
2024-09-27 04:45:00+00:00,805.25,807.9500122070312,804.0,804.25,2620056,SBIN
2024-09-27 05:45:00+00:00,804.0499877929688,805.5,803.25,805.1500244140625,1426361,SBIN
2024-09-27 06:45:00+00:00,800.9500122070312,804.75,799.75,804.0,1669377,SBIN
2024-09-27 07:45:00+00:00,801.5499877929688,801.75,798.5,800.8499755859375,814049,SBIN
2024-09-27 08:45:00+00:00,802.5999755859375,803.5999755859375,800.0,801.2999877929688,3895271,SBIN
2024-09-27 09:45:00+00:00,802.2999877929688,803.4000244140625,801.7000122070312,802.8499755859375,2329625,SBIN
2024-09-30 03:45:00+00:00,793.2000122070312,802.5,791.7000122070312,800.6500244140625,0,SBIN
2024-09-30 04:45:00+00:00,790.5499877929688,793.5999755859375,789.6500244140625,793.0999755859375,1530584,SBIN
2024-09-30 05:45:00+00:00,792.8499755859375,793.2000122070312,790.0,790.5999755859375,1198146,SBIN
2024-09-30 06:45:00+00:00,792.8499755859375,794.0,792.5,792.8499755859375,879636,SBIN
2024-09-30 07:45:00+00:00,791.6500244140625,794.5999755859375,791.1500244140625,793.0,1496864,SBIN
2024-09-30 08:45:00+00:00,788.7000122070312,791.9000244140625,786.6500244140625,791.2999877929688,3635021,SBIN
2024-09-30 09:45:00+00:00,787.9500122070312,789.9000244140625,786.7000122070312,788.75,2376635,SBIN
2024-10-01 03:45:00+00:00,793.5,796.75,789.0,789.4000244140625,2550786,SBIN
2024-10-01 04:45:00+00:00,794.7999877929688,795.7999877929688,791.7000122070312,793.75,1429307,SBIN
2024-10-01 05:45:00+00:00,796.3499755859375,798.0,794.0,794.7999877929688,906113,SBIN
2024-10-01 06:45:00+00:00,798.25,798.9500122070312,795.6500244140625,796.5,1091698,SBIN
2024-10-01 07:45:00+00:00,796.5,799.9000244140625,796.0,798.25,3445706,SBIN
2024-10-01 08:45:00+00:00,796.1500244140625,798.0,792.5999755859375,796.2999877929688,3001079,SBIN
2024-10-01 09:45:00+00:00,796.9500122070312,797.3499755859375,795.0999755859375,795.7999877929688,855135,SBIN
2024-10-03 03:45:00+00:00,800.5,802.9500122070312,786.25,792.8499755859375,0,SBIN
2024-10-03 04:45:00+00:00,802.5,804.0,798.6500244140625,800.5499877929688,1384625,SBIN
2024-10-03 05:45:00+00:00,794.0,802.5,792.75,802.5,2009185,SBIN
2024-10-03 06:45:00+00:00,788.0499877929688,794.8499755859375,787.0999755859375,793.9000244140625,2179746,SBIN
2024-10-03 07:45:00+00:00,790.6500244140625,790.7000122070312,784.2999877929688,788.0499877929688,2518079,SBIN
2024-10-03 08:45:00+00:00,794.5,797.2999877929688,789.0499877929688,790.6500244140625,3524234,SBIN
2024-10-03 09:45:00+00:00,793.0,794.4000244140625,792.2000122070312,794.4000244140625,1198535,SBIN
2024-10-04 03:45:00+00:00,795.7999877929688,798.9500122070312,785.4500122070312,793.0,0,SBIN
2024-10-04 04:45:00+00:00,802.5,802.7999877929688,794.4000244140625,795.6500244140625,2601693,SBIN
2024-10-04 05:45:00+00:00,809.0999755859375,809.0999755859375,800.5,802.5499877929688,3107867,SBIN
2024-10-04 06:45:00+00:00,797.5,809.7000122070312,797.0499877929688,809.0499877929688,3710212,SBIN
2024-10-04 07:45:00+00:00,796.7999877929688,797.7999877929688,792.1500244140625,797.7999877929688,2587759,SBIN
2024-10-04 08:45:00+00:00,796.9500122070312,797.9500122070312,793.5999755859375,796.7999877929688,3463002,SBIN
2024-10-04 09:45:00+00:00,796.6500244140625,798.3499755859375,796.5999755859375,796.9000244140625,789822,SBIN
2024-10-07 03:45:00+00:00,796.5,804.0,794.0499877929688,800.0,0,SBIN
2024-10-07 04:45:00+00:00,784.0,797.5999755859375,780.25,796.5,2357993,SBIN
2024-10-07 05:45:00+00:00,786.7000122070312,791.0,779.75,784.0999755859375,2492206,SBIN
2024-10-07 06:45:00+00:00,781.75,789.0,781.0,786.5499877929688,1887141,SBIN
2024-10-07 07:45:00+00:00,773.25,782.0,768.5999755859375,781.9000244140625,3955278,SBIN
2024-10-07 08:45:00+00:00,768.5999755859375,785.4000244140625,765.5,773.5,9907065,SBIN
2024-10-07 09:45:00+00:00,773.4500122070312,774.8499755859375,768.5,768.75,1411276,SBIN
2024-10-08 03:45:00+00:00,776.8499755859375,782.25,772.4500122070312,774.2000122070312,2466785,SBIN
2024-10-08 04:45:00+00:00,780.6500244140625,784.4000244140625,776.0499877929688,777.0,1061816,SBIN
2024-10-08 05:45:00+00:00,779.0999755859375,781.7000122070312,777.0,780.6500244140625,812915,SBIN
2024-10-08 06:45:00+00:00,781.5499877929688,782.5499877929688,777.4000244140625,779.0499877929688,885168,SBIN
2024-10-08 07:45:00+00:00,782.0,783.5,779.5,781.5999755859375,725778,SBIN
2024-10-08 08:45:00+00:00,781.5999755859375,783.3499755859375,778.25,782.0,1953134,SBIN
2024-10-08 09:45:00+00:00,781.4000244140625,782.9500122070312,780.7999877929688,781.6500244140625,652573,SBIN
2024-10-09 03:45:00+00:00,803.9000244140625,803.9500122070312,783.75,787.5999755859375,5972074,SBIN
2024-10-09 04:45:00+00:00,800.9500122070312,804.25,795.7999877929688,803.5999755859375,2401751,SBIN
2024-10-09 05:45:00+00:00,798.7999877929688,802.0,795.5,800.9500122070312,2327978,SBIN
2024-10-09 06:45:00+00:00,797.25,800.0,797.0499877929688,798.9500122070312,1112415,SBIN
2024-10-09 07:45:00+00:00,797.0999755859375,798.2999877929688,795.5999755859375,797.25,1048806,SBIN
2024-10-09 08:45:00+00:00,798.25,798.9500122070312,795.0,796.9000244140625,4143778,SBIN
2024-10-09 09:45:00+00:00,795.7999877929688,798.4000244140625,795.2999877929688,798.0999755859375,1750085,SBIN
2024-10-10 03:45:00+00:00,803.4000244140625,804.4000244140625,795.0,799.2999877929688,0,SBIN
2024-10-10 04:45:00+00:00,800.5999755859375,804.2000122070312,800.2999877929688,803.5,1641035,SBIN
2024-10-10 05:45:00+00:00,798.5,801.5999755859375,798.0499877929688,800.5999755859375,1458428,SBIN
2024-10-10 06:45:00+00:00,797.8499755859375,799.25,796.0,798.5499877929688,864406,SBIN
2024-10-10 07:45:00+00:00,798.0999755859375,798.8499755859375,796.0499877929688,797.8499755859375,954419,SBIN
2024-10-10 08:45:00+00:00,797.0499877929688,798.8499755859375,796.5,798.0999755859375,2108334,SBIN
2024-10-10 09:45:00+00:00,797.0499877929688,797.5,796.3499755859375,797.0,855248,SBIN
2024-10-11 03:45:00+00:00,801.4000244140625,802.6500244140625,795.0499877929688,798.9000244140625,0,SBIN
2024-10-11 04:45:00+00:00,796.9000244140625,801.9500122070312,796.5,801.4500122070312,1352409,SBIN
2024-10-11 05:45:00+00:00,795.7999877929688,797.2999877929688,793.0,797.1500244140625,874956,SBIN
2024-10-11 06:45:00+00:00,796.7999877929688,797.3499755859375,794.5,795.8499755859375,6877276,SBIN
2024-10-11 07:45:00+00:00,798.3499755859375,799.7999877929688,796.7000122070312,796.8499755859375,808751,SBIN
2024-10-11 08:45:00+00:00,800.1500244140625,800.5999755859375,798.0,798.5999755859375,2371015,SBIN
2024-10-11 09:45:00+00:00,799.75,800.7000122070312,797.6500244140625,800.0999755859375,664773,SBIN
2024-10-14 03:45:00+00:00,805.7999877929688,807.5,800.7999877929688,801.5,0,SBIN
2024-10-14 04:45:00+00:00,806.25,809.2000122070312,805.5499877929688,805.7999877929688,1302181,SBIN
2024-10-14 05:45:00+00:00,803.5499877929688,807.1500244140625,803.5,806.2000122070312,654193,SBIN
2024-10-14 06:45:00+00:00,802.5499877929688,804.2999877929688,801.6500244140625,803.7999877929688,710039,SBIN
2024-10-14 07:45:00+00:00,801.8499755859375,803.8499755859375,801.8499755859375,802.7000122070312,571961,SBIN
2024-10-14 08:45:00+00:00,804.6500244140625,807.0,801.4500122070312,802.0999755859375,2801189,SBIN
2024-10-14 09:45:00+00:00,805.1500244140625,805.7999877929688,804.2000122070312,804.5999755859375,844568,SBIN
2024-10-15 03:45:00+00:00,803.5,807.5,802.5499877929688,806.0499877929688,0,SBIN
2024-10-15 04:45:00+00:00,804.6500244140625,806.3499755859375,802.5,803.5,761228,SBIN
2024-10-15 05:45:00+00:00,806.2999877929688,806.3499755859375,803.0499877929688,804.6500244140625,537845,SBIN
2024-10-15 06:45:00+00:00,805.3499755859375,807.4500122070312,804.4500122070312,806.3499755859375,870020,SBIN
2024-10-15 07:45:00+00:00,804.2999877929688,805.8499755859375,803.5,805.3499755859375,470840,SBIN
2024-10-15 08:45:00+00:00,804.2999877929688,805.7999877929688,801.5999755859375,804.2999877929688,1414721,SBIN
2024-10-15 09:45:00+00:00,804.6500244140625,805.9000244140625,803.6500244140625,804.2999877929688,827840,SBIN
2024-10-16 03:45:00+00:00,807.2000122070312,809.0,802.9500122070312,802.9500122070312,0,SBIN
2024-10-16 04:45:00+00:00,805.5499877929688,808.0,805.25,807.2000122070312,600717,SBIN
2024-10-16 05:45:00+00:00,804.7000122070312,805.6500244140625,804.0,805.2999877929688,536472,SBIN
2024-10-16 06:45:00+00:00,806.0,806.0,803.2999877929688,804.75,484030,SBIN
2024-10-16 07:45:00+00:00,805.4500122070312,806.25,804.4000244140625,805.7999877929688,799459,SBIN
2024-10-16 08:45:00+00:00,805.0999755859375,805.7999877929688,804.0,805.4500122070312,1677016,SBIN
2024-10-16 09:45:00+00:00,806.0,806.4000244140625,804.7000122070312,805.0999755859375,807862,SBIN
2024-10-17 03:45:00+00:00,811.0,815.7000122070312,807.0,809.5,0,SBIN
2024-10-17 04:45:00+00:00,812.5,815.5,807.0499877929688,811.0,2536483,SBIN
2024-10-17 05:45:00+00:00,814.9500122070312,816.5499877929688,811.9500122070312,812.3499755859375,1901415,SBIN
2024-10-17 06:45:00+00:00,817.5,817.5499877929688,814.7000122070312,814.9500122070312,1477929,SBIN
2024-10-17 07:45:00+00:00,811.5,819.5,811.4000244140625,817.5,3574028,SBIN
2024-10-17 08:45:00+00:00,811.6500244140625,813.3499755859375,808.5,811.5,4448067,SBIN
2024-10-17 09:45:00+00:00,810.3499755859375,811.9500122070312,809.5,811.6500244140625,1148332,SBIN
2024-10-18 03:45:00+00:00,812.25,813.0499877929688,802.9500122070312,812.5,0,SBIN
2024-10-18 04:45:00+00:00,809.1500244140625,813.0,808.0999755859375,812.0,1254476,SBIN
2024-10-18 05:45:00+00:00,811.2000122070312,812.3499755859375,808.0,809.2000122070312,789798,SBIN
2024-10-18 06:45:00+00:00,818.0999755859375,819.2999877929688,811.0999755859375,811.2000122070312,1883758,SBIN
2024-10-18 07:45:00+00:00,819.4000244140625,821.25,816.5999755859375,818.0,2019525,SBIN
2024-10-18 08:45:00+00:00,819.2000122070312,822.5,818.6500244140625,819.25,2804308,SBIN
2024-10-18 09:45:00+00:00,820.0,821.4000244140625,819.0,819.25,840741,SBIN
2024-10-21 03:45:00+00:00,813.5999755859375,826.3499755859375,812.0,824.5499877929688,0,SBIN
2024-10-21 04:45:00+00:00,814.2000122070312,815.2999877929688,811.0,813.6500244140625,987259,SBIN
2024-10-21 05:45:00+00:00,812.0999755859375,814.3499755859375,809.0,814.3499755859375,1032835,SBIN
2024-10-21 06:45:00+00:00,813.0,814.5999755859375,812.0,812.0999755859375,697655,SBIN
2024-10-21 07:45:00+00:00,814.0,814.7999877929688,811.75,812.8499755859375,1254886,SBIN
2024-10-21 08:45:00+00:00,813.7999877929688,815.0,813.0,814.0,2068599,SBIN
2024-10-21 09:45:00+00:00,812.5499877929688,814.75,812.5,813.7999877929688,961182,SBIN
2024-10-22 03:45:00+00:00,811.9500122070312,816.4500122070312,808.2999877929688,812.8499755859375,0,SBIN
2024-10-22 04:45:00+00:00,808.9500122070312,812.4000244140625,804.4500122070312,812.0,2024926,SBIN
2024-10-22 05:45:00+00:00,798.0999755859375,808.9500122070312,797.0999755859375,808.9500122070312,2620174,SBIN
2024-10-22 06:45:00+00:00,795.4500122070312,800.2999877929688,794.0,798.0,1621287,SBIN
2024-10-22 07:45:00+00:00,800.5,800.7000122070312,791.4500122070312,795.4500122070312,2337885,SBIN
2024-10-22 08:45:00+00:00,788.7000122070312,800.5999755859375,788.2000122070312,800.5,4445360,SBIN
2024-10-22 09:45:00+00:00,790.4000244140625,791.0,787.5,788.75,1457022,SBIN
2024-10-23 03:45:00+00:00,787.25,792.2000122070312,779.8499755859375,790.6500244140625,0,SBIN
2024-10-23 04:45:00+00:00,786.7999877929688,792.4500122070312,784.4500122070312,787.25,1440935,SBIN
2024-10-23 05:45:00+00:00,787.75,790.75,786.0999755859375,786.5,1569479,SBIN
2024-10-23 06:45:00+00:00,783.8499755859375,787.7000122070312,783.2999877929688,787.7000122070312,1213045,SBIN
2024-10-23 07:45:00+00:00,784.2000122070312,785.75,782.2999877929688,783.7000122070312,1663290,SBIN
2024-10-23 08:45:00+00:00,784.3499755859375,790.4500122070312,782.4000244140625,784.0,3426583,SBIN
2024-10-23 09:45:00+00:00,786.0,786.0,783.8499755859375,784.25,0,SBIN
2024-10-24 03:45:00+00:00,791.2999877929688,791.9000244140625,784.75,788.0,1273026,SBIN
2024-10-24 04:45:00+00:00,791.5999755859375,796.8499755859375,791.2000122070312,791.5499877929688,1184050,SBIN
2024-10-24 05:45:00+00:00,791.0499877929688,794.5999755859375,791.0,791.7000122070312,417133,SBIN
2024-10-24 06:45:00+00:00,794.2000122070312,795.5,790.3499755859375,791.0,779386,SBIN
2024-10-24 07:45:00+00:00,795.8499755859375,797.0,792.8499755859375,794.0999755859375,674439,SBIN
2024-10-24 08:45:00+00:00,794.9500122070312,796.5,792.0999755859375,795.8499755859375,931705,SBIN
2024-10-24 09:45:00+00:00,795.3499755859375,796.0,794.5999755859375,794.9500122070312,347066,SBIN
2024-10-25 03:45:00+00:00,780.5,800.6500244140625,780.25,797.8499755859375,0,SBIN
2024-10-25 04:45:00+00:00,779.0,784.5999755859375,772.0,780.7000122070312,2081191,SBIN
2024-10-25 05:45:00+00:00,781.9000244140625,784.0,778.2999877929688,779.0499877929688,1047860,SBIN
2024-10-25 06:45:00+00:00,781.3499755859375,782.8499755859375,778.4500122070312,781.75,803178,SBIN
2024-10-25 07:45:00+00:00,778.0499877929688,782.2999877929688,777.75,781.5,687091,SBIN
2024-10-25 08:45:00+00:00,781.0499877929688,783.2000122070312,775.7999877929688,778.3499755859375,2199463,SBIN
2024-10-25 09:45:00+00:00,782.9000244140625,783.5,780.0999755859375,781.25,622474,SBIN
2024-10-28 03:45:00+00:00,799.5,800.8499755859375,785.2999877929688,785.9500122070312,0,SBIN
2024-10-28 04:45:00+00:00,797.2000122070312,803.9500122070312,794.6500244140625,799.5499877929688,2115811,SBIN
2024-10-28 05:45:00+00:00,793.9500122070312,798.0,791.5999755859375,797.2000122070312,1609710,SBIN
2024-10-28 06:45:00+00:00,794.5,796.0999755859375,791.0,796.0,1493150,SBIN
2024-10-28 07:45:00+00:00,791.5999755859375,796.7999877929688,791.0,794.5,1438514,SBIN
2024-10-28 08:45:00+00:00,792.4500122070312,794.0,789.5499877929688,791.5499877929688,2189393,SBIN
2024-10-28 09:45:00+00:00,794.0,794.1500244140625,792.0499877929688,792.4500122070312,812412,SBIN
2024-10-29 03:45:00+00:00,797.2999877929688,797.5,790.5,795.9500122070312,0,SBIN
2024-10-29 04:45:00+00:00,797.25,799.0,794.5,797.4000244140625,1335656,SBIN
2024-10-29 05:45:00+00:00,811.2000122070312,811.5,797.0999755859375,797.2999877929688,3952490,SBIN
2024-10-29 06:45:00+00:00,817.7999877929688,818.0499877929688,809.7000122070312,810.9500122070312,5005294,SBIN
2024-10-29 07:45:00+00:00,821.1500244140625,822.7999877929688,815.5,817.9500122070312,4671714,SBIN
2024-10-29 08:45:00+00:00,833.7999877929688,834.1500244140625,820.7000122070312,821.0999755859375,7366080,SBIN
2024-10-29 09:45:00+00:00,831.6500244140625,834.7999877929688,831.6500244140625,833.7999877929688,2465005,SBIN
2024-10-30 03:45:00+00:00,829.3499755859375,832.5,825.0999755859375,827.7000122070312,0,SBIN
2024-10-30 04:45:00+00:00,825.75,829.1500244140625,823.75,829.0,1745617,SBIN
2024-10-30 05:45:00+00:00,827.75,828.4000244140625,825.0999755859375,825.7999877929688,1053571,SBIN
2024-10-30 06:45:00+00:00,828.5999755859375,833.0,827.5,827.7000122070312,1794867,SBIN
2024-10-30 07:45:00+00:00,824.7000122070312,829.0,824.5499877929688,828.5999755859375,1900064,SBIN
2024-10-30 08:45:00+00:00,821.6500244140625,826.8499755859375,821.0999755859375,824.8499755859375,3958838,SBIN
2024-10-30 09:45:00+00:00,822.4500122070312,823.9000244140625,821.5999755859375,821.7999877929688,1153050,SBIN
2024-10-31 03:45:00+00:00,824.4500122070312,828.0,816.7000122070312,821.2999877929688,0,SBIN
2024-10-31 04:45:00+00:00,821.6500244140625,824.7000122070312,819.5,824.3499755859375,1414395,SBIN
2024-10-31 05:45:00+00:00,817.25,823.75,816.0999755859375,821.7000122070312,1498514,SBIN
2024-10-31 06:45:00+00:00,816.6500244140625,817.4000244140625,813.75,817.25,1606529,SBIN
2024-10-31 07:45:00+00:00,815.4500122070312,817.9000244140625,814.5,816.5,1419468,SBIN
2024-10-31 08:45:00+00:00,820.25,821.7000122070312,815.25,815.4500122070312,3595841,SBIN
2024-10-31 09:45:00+00:00,820.2000122070312,821.4000244140625,819.0999755859375,820.25,1702862,SBIN
2024-11-04 03:45:00+00:00,813.0999755859375,823.8499755859375,812.2999877929688,823.8499755859375,149382,SBIN
2024-11-04 04:45:00+00:00,810.4000244140625,813.0,807.2000122070312,813.0,1742574,SBIN
2024-11-04 05:45:00+00:00,808.5,811.8499755859375,808.4000244140625,810.4000244140625,1017891,SBIN
2024-11-04 06:45:00+00:00,814.7999877929688,814.9000244140625,807.0999755859375,808.5499877929688,1115235,SBIN
2024-11-04 07:45:00+00:00,825.8499755859375,828.0999755859375,813.0499877929688,814.7000122070312,2699765,SBIN
2024-11-04 08:45:00+00:00,828.7000122070312,837.2999877929688,824.2000122070312,825.9000244140625,5178615,SBIN
2024-11-04 09:45:00+00:00,830.5499877929688,831.9000244140625,828.0499877929688,828.7000122070312,950270,SBIN
2024-11-05 03:45:00+00:00,835.5,838.7999877929688,828.5499877929688,829.2999877929688,0,SBIN
2024-11-05 04:45:00+00:00,836.0,838.2000122070312,831.2999877929688,835.5,3474215,SBIN
2024-11-05 05:45:00+00:00,831.4500122070312,836.7999877929688,826.4500122070312,835.5999755859375,2357282,SBIN
2024-11-05 06:45:00+00:00,831.5,834.0,828.75,831.4000244140625,1360628,SBIN
2024-11-05 07:45:00+00:00,846.9000244140625,851.0999755859375,831.0,831.75,8530663,SBIN
2024-11-05 08:45:00+00:00,848.2999877929688,851.0,845.2000122070312,846.7999877929688,4556262,SBIN
2024-11-05 09:45:00+00:00,848.0,851.0,847.75,848.3499755859375,1866760,SBIN
2024-11-06 03:45:00+00:00,853.9500122070312,856.0499877929688,846.75,851.2999877929688,0,SBIN
2024-11-06 04:45:00+00:00,859.9500122070312,861.3499755859375,851.8499755859375,854.0,2776094,SBIN
2024-11-06 05:45:00+00:00,858.6500244140625,860.6500244140625,858.0499877929688,859.9500122070312,1162868,SBIN
2024-11-06 06:45:00+00:00,858.9000244140625,859.9000244140625,857.2000122070312,858.6500244140625,1591162,SBIN
2024-11-06 07:45:00+00:00,856.2999877929688,859.1500244140625,853.0499877929688,858.9000244140625,1800873,SBIN
2024-11-06 08:45:00+00:00,853.9000244140625,858.5999755859375,852.75,856.2999877929688,2678710,SBIN
2024-11-06 09:45:00+00:00,855.4500122070312,855.9000244140625,853.9000244140625,853.9000244140625,1262138,SBIN
2024-11-07 03:45:00+00:00,850.0,856.9500122070312,848.25,856.5,0,SBIN
2024-11-07 04:45:00+00:00,855.2999877929688,856.6500244140625,846.75,850.0999755859375,1656496,SBIN
2024-11-07 05:45:00+00:00,853.5499877929688,855.5,851.5,855.2999877929688,1042960,SBIN
2024-11-07 06:45:00+00:00,860.25,862.4000244140625,853.25,853.5999755859375,2252242,SBIN
2024-11-07 07:45:00+00:00,859.8499755859375,860.3499755859375,852.0,860.25,3890012,SBIN
2024-11-07 08:45:00+00:00,859.25,860.2999877929688,857.5999755859375,859.7999877929688,2397719,SBIN
2024-11-07 09:45:00+00:00,858.9500122070312,860.6500244140625,858.0499877929688,859.2999877929688,942584,SBIN
2024-11-08 03:45:00+00:00,858.0499877929688,863.5,854.7999877929688,860.0,0,SBIN
2024-11-08 04:45:00+00:00,852.8499755859375,858.7000122070312,847.9000244140625,858.0499877929688,1772813,SBIN
2024-11-08 05:45:00+00:00,850.3499755859375,854.25,847.2999877929688,852.9500122070312,1159810,SBIN
2024-11-08 06:45:00+00:00,851.0499877929688,852.2999877929688,845.4000244140625,850.3499755859375,1415209,SBIN
2024-11-08 07:45:00+00:00,839.25,859.4500122070312,836.6500244140625,851.25,9927755,SBIN
2024-11-08 08:45:00+00:00,840.6500244140625,851.9500122070312,834.4500122070312,839.3499755859375,7484399,SBIN
2024-11-08 09:45:00+00:00,843.1500244140625,844.9500122070312,840.5,840.75,1441768,SBIN
2024-11-11 03:45:00+00:00,845.0499877929688,849.9000244140625,842.8499755859375,845.4000244140625,0,SBIN
2024-11-11 04:45:00+00:00,853.2000122070312,853.3499755859375,843.6500244140625,845.0499877929688,2299594,SBIN
2024-11-11 05:45:00+00:00,850.0,853.8499755859375,849.0,853.25,1666824,SBIN
2024-11-11 06:45:00+00:00,851.9000244140625,852.5499877929688,847.75,850.0999755859375,1325280,SBIN
2024-11-11 07:45:00+00:00,846.9000244140625,853.7999877929688,846.25,852.0,1200159,SBIN
2024-11-11 08:45:00+00:00,848.3499755859375,850.0,845.5999755859375,846.5,2151114,SBIN
2024-11-11 09:45:00+00:00,847.6500244140625,848.9500122070312,845.2000122070312,848.8499755859375,1065338,SBIN
2024-11-12 03:45:00+00:00,847.3499755859375,852.2000122070312,844.7000122070312,851.7000122070312,0,SBIN
2024-11-12 04:45:00+00:00,843.0999755859375,848.2000122070312,840.5999755859375,847.3499755859375,1387610,SBIN
2024-11-12 05:45:00+00:00,838.6500244140625,844.3499755859375,838.1500244140625,843.0,804844,SBIN
2024-11-12 06:45:00+00:00,831.8499755859375,839.75,831.25,838.5499877929688,1586541,SBIN
2024-11-12 07:45:00+00:00,829.2999877929688,833.4500122070312,827.0999755859375,832.1500244140625,1840956,SBIN
2024-11-12 08:45:00+00:00,825.2999877929688,832.5,824.4500122070312,829.2999877929688,2869063,SBIN
2024-11-12 09:45:00+00:00,826.2000122070312,828.0,825.1500244140625,825.2999877929688,1141086,SBIN
2024-11-13 03:45:00+00:00,820.1500244140625,831.75,818.6500244140625,824.7999877929688,0,SBIN
2024-11-13 04:45:00+00:00,814.9500122070312,824.5999755859375,814.5,820.2999877929688,1864651,SBIN
2024-11-13 05:45:00+00:00,816.5999755859375,817.0999755859375,813.5999755859375,815.0,808451,SBIN
2024-11-13 06:45:00+00:00,817.5999755859375,817.7999877929688,815.0999755859375,816.5999755859375,674062,SBIN
2024-11-13 07:45:00+00:00,815.0,821.5999755859375,814.2999877929688,817.4000244140625,1437421,SBIN
2024-11-13 08:45:00+00:00,808.1500244140625,815.2000122070312,804.6500244140625,815.0999755859375,4412263,SBIN
2024-11-13 09:45:00+00:00,812.7999877929688,813.0,808.0999755859375,808.0999755859375,1216160,SBIN
2024-11-14 03:45:00+00:00,816.0,816.2999877929688,808.4500122070312,810.0499877929688,0,SBIN
2024-11-14 04:45:00+00:00,804.4500122070312,817.9000244140625,804.0,815.7999877929688,1971034,SBIN
2024-11-14 05:45:00+00:00,810.0499877929688,810.7000122070312,803.3499755859375,803.4500122070312,1455954,SBIN
2024-11-14 06:45:00+00:00,806.9000244140625,810.25,803.7000122070312,809.7999877929688,1047215,SBIN
2024-11-14 07:45:00+00:00,804.2000122070312,807.5999755859375,801.7000122070312,806.7999877929688,903047,SBIN
2024-11-14 08:45:00+00:00,804.8499755859375,805.5999755859375,801.2999877929688,804.2000122070312,1637783,SBIN
2024-11-14 09:45:00+00:00,805.9500122070312,805.9500122070312,803.9000244140625,804.9000244140625,649144,SBIN
2024-11-18 03:45:00+00:00,802.7999877929688,812.0499877929688,799.3499755859375,810.5499877929688,0,SBIN
2024-11-18 04:45:00+00:00,805.8499755859375,807.9500122070312,801.25,802.75,879870,SBIN
2024-11-18 05:45:00+00:00,808.9500122070312,809.5,805.5999755859375,806.2000122070312,965873,SBIN
2024-11-18 06:45:00+00:00,809.5,812.4000244140625,807.2999877929688,808.9500122070312,1424563,SBIN
2024-11-18 07:45:00+00:00,813.8499755859375,814.5,807.25,809.5,1099377,SBIN
2024-11-18 08:45:00+00:00,815.7000122070312,816.25,809.5499877929688,814.0,2129695,SBIN
2024-11-18 09:45:00+00:00,814.1500244140625,816.7000122070312,813.9500122070312,815.9500122070312,734684,SBIN
2024-11-19 03:45:00+00:00,816.7000122070312,820.0,813.25,817.0,0,SBIN
2024-11-19 04:45:00+00:00,814.9000244140625,820.1500244140625,813.0499877929688,816.5,1373475,SBIN
2024-11-19 05:45:00+00:00,809.7000122070312,815.0,807.75,814.9000244140625,1616179,SBIN
2024-11-19 06:45:00+00:00,808.75,810.7999877929688,808.0999755859375,809.75,1481949,SBIN
2024-11-19 07:45:00+00:00,805.5999755859375,810.2000122070312,805.0,808.75,1300145,SBIN
2024-11-19 08:45:00+00:00,802.0999755859375,808.2000122070312,801.6500244140625,805.5499877929688,3924909,SBIN
2024-11-19 09:45:00+00:00,802.4000244140625,803.7999877929688,800.0999755859375,802.0499877929688,1735312,SBIN
2024-11-21 03:45:00+00:00,768.0,793.5499877929688,761.7999877929688,793.5499877929688,0,SBIN
2024-11-21 04:45:00+00:00,771.9000244140625,773.4000244140625,767.0499877929688,767.9000244140625,5385590,SBIN
2024-11-21 05:45:00+00:00,778.0999755859375,779.0999755859375,771.5499877929688,772.0499877929688,3603150,SBIN
2024-11-21 06:45:00+00:00,779.8499755859375,782.75,776.5999755859375,778.0499877929688,3333939,SBIN
2024-11-21 07:45:00+00:00,781.0,784.75,779.2000122070312,779.5499877929688,1811864,SBIN
2024-11-21 08:45:00+00:00,780.75,783.4500122070312,778.0999755859375,780.9500122070312,2772486,SBIN
2024-11-21 09:45:00+00:00,780.9000244140625,782.7000122070312,780.0999755859375,780.7999877929688,912951,SBIN
2024-11-22 03:45:00+00:00,798.0,798.9000244140625,784.25,784.25,0,SBIN
2024-11-22 04:45:00+00:00,800.8499755859375,803.75,795.5,797.9000244140625,2285671,SBIN
2024-11-22 05:45:00+00:00,809.5,810.8499755859375,800.0,800.9000244140625,2988783,SBIN
2024-11-22 06:45:00+00:00,810.2999877929688,811.4000244140625,807.8499755859375,809.3499755859375,1793487,SBIN
2024-11-22 07:45:00+00:00,819.0999755859375,819.8499755859375,810.0,810.2999877929688,3292952,SBIN
2024-11-22 08:45:00+00:00,816.5,819.9500122070312,812.2999877929688,819.0499877929688,4192011,SBIN
2024-11-22 09:45:00+00:00,814.5,817.7999877929688,813.6500244140625,816.5999755859375,1949188,SBIN
2024-11-25 03:45:00+00:00,844.0,845.75,826.3499755859375,826.3499755859375,0,SBIN
2024-11-25 04:45:00+00:00,846.0499877929688,847.3499755859375,844.0,844.0999755859375,2563428,SBIN
2024-11-25 05:45:00+00:00,846.4500122070312,846.9000244140625,845.2000122070312,846.0,2380374,SBIN
2024-11-25 06:45:00+00:00,846.3499755859375,849.4000244140625,843.5999755859375,846.5,2343530,SBIN
2024-11-25 07:45:00+00:00,845.6500244140625,846.9500122070312,844.8499755859375,846.2000122070312,1134082,SBIN
2024-11-25 08:45:00+00:00,845.6500244140625,847.5499877929688,844.0499877929688,845.6500244140625,4304750,SBIN
2024-11-25 09:45:00+00:00,845.4500122070312,845.7999877929688,842.1500244140625,845.7999877929688,2490646,SBIN
2024-11-26 03:45:00+00:00,843.0999755859375,846.7000122070312,839.0,844.5,0,SBIN
2024-11-26 04:45:00+00:00,841.4000244140625,843.4000244140625,839.5499877929688,843.3499755859375,874905,SBIN
2024-11-26 05:45:00+00:00,838.5499877929688,842.5,837.2999877929688,841.25,1739506,SBIN
2024-11-26 06:45:00+00:00,837.1500244140625,838.75,835.5499877929688,838.7000122070312,1258103,SBIN
2024-11-26 07:45:00+00:00,838.4000244140625,839.4000244140625,835.9000244140625,837.2000122070312,732734,SBIN
2024-11-26 08:45:00+00:00,840.0499877929688,841.75,837.5,838.4000244140625,1362712,SBIN
2024-11-26 09:45:00+00:00,839.4000244140625,840.5499877929688,837.4500122070312,840.0499877929688,707602,SBIN
2024-11-27 03:45:00+00:00,834.9000244140625,840.9000244140625,833.75,838.0,0,SBIN
2024-11-27 04:45:00+00:00,833.4000244140625,835.7999877929688,832.2000122070312,834.9000244140625,743564,SBIN
2024-11-27 05:45:00+00:00,839.8499755859375,840.5499877929688,833.2999877929688,833.2999877929688,1774310,SBIN
2024-11-27 06:45:00+00:00,840.1500244140625,842.5,839.0,839.5999755859375,995361,SBIN
2024-11-27 07:45:00+00:00,837.1500244140625,840.2999877929688,837.0,839.9500122070312,750928,SBIN
2024-11-27 08:45:00+00:00,833.9500122070312,838.7999877929688,832.6500244140625,837.1500244140625,1953386,SBIN
2024-11-27 09:45:00+00:00,834.8499755859375,835.2000122070312,833.4000244140625,834.0,585922,SBIN
2024-11-28 03:45:00+00:00,844.5999755859375,845.7999877929688,831.0,835.0,0,SBIN
2024-11-28 04:45:00+00:00,837.8499755859375,844.9500122070312,835.5,844.5499877929688,2079709,SBIN
2024-11-28 05:45:00+00:00,840.0,841.6500244140625,835.5499877929688,837.8499755859375,1203873,SBIN
2024-11-28 06:45:00+00:00,836.7000122070312,840.2000122070312,836.0499877929688,840.0,1300254,SBIN
2024-11-28 07:45:00+00:00,837.9000244140625,841.9000244140625,835.0499877929688,836.75,2131666,SBIN
2024-11-28 08:45:00+00:00,839.7000122070312,841.4500122070312,836.0,837.9000244140625,2997544,SBIN
2024-11-28 09:45:00+00:00,838.8499755859375,841.4000244140625,838.8499755859375,839.75,1056295,SBIN
2024-11-29 03:45:00+00:00,837.0,843.7999877929688,837.0,841.4000244140625,0,SBIN
2024-11-29 04:45:00+00:00,837.8499755859375,841.2999877929688,835.6500244140625,837.25,1198629,SBIN
2024-11-29 05:45:00+00:00,835.2999877929688,838.0,831.5499877929688,837.7999877929688,1447455,SBIN
2024-11-29 06:45:00+00:00,835.9000244140625,836.5,833.1500244140625,835.2999877929688,1139066,SBIN
2024-11-29 07:45:00+00:00,839.2000122070312,841.5999755859375,835.3499755859375,836.0,1549262,SBIN
2024-11-29 08:45:00+00:00,839.0499877929688,841.7000122070312,837.7999877929688,839.2000122070312,2964661,SBIN
2024-11-29 09:45:00+00:00,838.9500122070312,839.3499755859375,837.25,839.0,871896,SBIN
2024-12-02 03:45:00+00:00,835.5,842.0,834.25,841.0999755859375,0,SBIN
2024-12-02 04:45:00+00:00,833.9000244140625,837.0,833.5499877929688,835.4500122070312,869172,SBIN
2024-12-02 05:45:00+00:00,834.75,835.4000244140625,832.75,834.0,719669,SBIN
2024-12-02 06:45:00+00:00,834.0,836.25,833.7999877929688,834.75,721786,SBIN
2024-12-02 07:45:00+00:00,836.0499877929688,836.7000122070312,833.2000122070312,833.9000244140625,855902,SBIN
2024-12-02 08:45:00+00:00,836.4000244140625,839.8499755859375,835.75,836.0999755859375,1448281,SBIN
2024-12-02 09:45:00+00:00,836.4000244140625,837.0499877929688,835.25,836.4000244140625,522798,SBIN
2024-12-03 03:45:00+00:00,851.0999755859375,853.5999755859375,837.5499877929688,838.5999755859375,0,SBIN
2024-12-03 04:45:00+00:00,855.0,856.0,850.5999755859375,851.0999755859375,2207683,SBIN
2024-12-03 05:45:00+00:00,853.4500122070312,856.5499877929688,852.0499877929688,855.0,1367783,SBIN
2024-12-03 06:45:00+00:00,853.0999755859375,854.5,851.4500122070312,853.0999755859375,799595,SBIN
2024-12-03 07:45:00+00:00,853.5999755859375,854.8499755859375,852.6500244140625,853.1500244140625,1135848,SBIN
2024-12-03 08:45:00+00:00,853.9500122070312,854.9000244140625,852.7999877929688,853.3499755859375,1801999,SBIN
2024-12-03 09:45:00+00:00,852.4000244140625,854.6500244140625,852.4000244140625,853.8499755859375,1156250,SBIN
2024-12-04 03:45:00+00:00,857.0,859.0,851.2999877929688,853.8499755859375,0,SBIN
2024-12-04 04:45:00+00:00,855.2000122070312,858.2999877929688,854.7000122070312,856.9000244140625,857945,SBIN
2024-12-04 05:45:00+00:00,853.0999755859375,857.75,850.2999877929688,855.2000122070312,1186314,SBIN
2024-12-04 06:45:00+00:00,857.25,857.2999877929688,852.5,853.0999755859375,756373,SBIN
2024-12-04 07:45:00+00:00,863.4000244140625,863.5,857.25,857.25,2240017,SBIN
2024-12-04 08:45:00+00:00,860.0,864.0,858.5,863.4000244140625,2877494,SBIN
2024-12-04 09:45:00+00:00,859.7000122070312,860.4500122070312,858.2000122070312,860.2000122070312,884427,SBIN
2024-12-05 03:45:00+00:00,857.5999755859375,861.0,856.7000122070312,859.0499877929688,0,SBIN
2024-12-05 04:45:00+00:00,857.9500122070312,865.6500244140625,856.0,857.75,1567589,SBIN
2024-12-05 05:45:00+00:00,868.75,868.9000244140625,855.5999755859375,857.9500122070312,2069599,SBIN
2024-12-05 06:45:00+00:00,867.2999877929688,870.0,865.2000122070312,868.7999877929688,1785054,SBIN
2024-12-05 07:45:00+00:00,868.9000244140625,869.5,865.5999755859375,867.4500122070312,1336852,SBIN
2024-12-05 08:45:00+00:00,865.1500244140625,871.4500122070312,860.0499877929688,869.25,5705665,SBIN
2024-12-05 09:45:00+00:00,864.25,866.0999755859375,864.0499877929688,865.1500244140625,914595,SBIN
2024-12-06 03:45:00+00:00,860.5999755859375,866.9500122070312,857.0999755859375,865.0,0,SBIN
2024-12-06 04:45:00+00:00,869.2999877929688,875.25,858.0,860.0999755859375,5439784,SBIN
2024-12-06 05:45:00+00:00,865.5499877929688,870.0,865.3499755859375,869.2999877929688,1376414,SBIN
2024-12-06 06:45:00+00:00,867.0999755859375,868.0,864.5999755859375,865.6500244140625,1005094,SBIN
2024-12-06 07:45:00+00:00,866.0,867.4500122070312,865.0499877929688,867.0999755859375,853489,SBIN
2024-12-06 08:45:00+00:00,864.0499877929688,866.5499877929688,863.75,866.0,1797753,SBIN
2024-12-06 09:45:00+00:00,862.7000122070312,864.5,862.4500122070312,864.0,1267870,SBIN
2024-12-09 03:45:00+00:00,859.5499877929688,866.8499755859375,859.3499755859375,860.6500244140625,0,SBIN
2024-12-09 04:45:00+00:00,863.4000244140625,863.4000244140625,859.1500244140625,859.5,1258346,SBIN
2024-12-09 05:45:00+00:00,864.6500244140625,866.5,863.0,863.0,1212847,SBIN
2024-12-09 06:45:00+00:00,861.4000244140625,865.0,861.2000122070312,864.7000122070312,1368097,SBIN
2024-12-09 07:45:00+00:00,860.0,862.7000122070312,859.0,861.4000244140625,983795,SBIN
2024-12-09 08:45:00+00:00,857.5999755859375,860.7999877929688,857.0499877929688,859.6500244140625,2230377,SBIN
2024-12-09 09:45:00+00:00,858.2000122070312,858.2000122070312,857.0,857.5999755859375,702559,SBIN
2024-12-10 03:45:00+00:00,861.0,862.7999877929688,858.2000122070312,860.75,0,SBIN
2024-12-10 04:45:00+00:00,863.4500122070312,863.9500122070312,859.2000122070312,861.0,747971,SBIN
2024-12-10 05:45:00+00:00,863.25,864.2999877929688,862.0499877929688,863.4500122070312,572769,SBIN
2024-12-10 06:45:00+00:00,861.7999877929688,863.0,860.0,862.8499755859375,856008,SBIN
2024-12-10 07:45:00+00:00,863.2000122070312,863.3499755859375,860.4500122070312,861.5499877929688,730814,SBIN
2024-12-10 08:45:00+00:00,867.5,868.9000244140625,862.5,863.0999755859375,2233597,SBIN
2024-12-10 09:45:00+00:00,868.0,868.5,866.5,867.5,909941,SBIN
2024-12-11 03:45:00+00:00,868.0,869.75,865.2999877929688,866.9500122070312,0,SBIN
2024-12-11 04:45:00+00:00,866.2999877929688,869.7000122070312,865.6500244140625,867.4000244140625,1185699,SBIN
2024-12-11 05:45:00+00:00,865.4500122070312,869.0,865.2000122070312,866.2999877929688,958258,SBIN
2024-12-11 06:45:00+00:00,862.4000244140625,865.9500122070312,861.8499755859375,865.5,1153401,SBIN
2024-12-11 07:45:00+00:00,861.2999877929688,863.4500122070312,861.2999877929688,862.5,878513,SBIN
2024-12-11 08:45:00+00:00,861.5,863.5,861.0,861.4000244140625,1085661,SBIN
2024-12-11 09:45:00+00:00,862.0,862.3499755859375,861.0999755859375,861.5,712339,SBIN
2024-12-12 03:45:00+00:00,856.3499755859375,864.1500244140625,855.5999755859375,862.5499877929688,0,SBIN
2024-12-12 04:45:00+00:00,853.75,858.0,852.3499755859375,856.7000122070312,1092974,SBIN
2024-12-12 05:45:00+00:00,852.5499877929688,856.5999755859375,852.25,853.75,1169445,SBIN
2024-12-12 06:45:00+00:00,853.2999877929688,854.6500244140625,851.2999877929688,852.5499877929688,1230852,SBIN
2024-12-12 07:45:00+00:00,852.5,854.7000122070312,851.1500244140625,853.2999877929688,1276310,SBIN
2024-12-12 08:45:00+00:00,853.9000244140625,854.3499755859375,851.4500122070312,852.5,2036452,SBIN
2024-12-12 09:45:00+00:00,853.7000122070312,854.5,853.0999755859375,853.9000244140625,753813,SBIN
2024-12-13 03:45:00+00:00,842.8499755859375,854.7000122070312,841.25,853.3499755859375,0,SBIN
2024-12-13 04:45:00+00:00,840.25,842.9000244140625,835.0499877929688,842.9000244140625,1351660,SBIN
2024-12-13 05:45:00+00:00,850.7000122070312,851.0,839.2000122070312,840.0,1459178,SBIN
2024-12-13 06:45:00+00:00,853.7999877929688,856.3499755859375,848.5499877929688,850.3499755859375,1026073,SBIN
2024-12-13 07:45:00+00:00,857.8499755859375,859.0,852.0,854.0,1144980,SBIN
2024-12-13 08:45:00+00:00,861.9500122070312,862.9000244140625,857.5,858.0999755859375,1948506,SBIN
2024-12-13 09:45:00+00:00,861.6500244140625,862.2000122070312,860.3499755859375,862.0,647642,SBIN
2024-12-16 03:45:00+00:00,864.0,866.4000244140625,857.7999877929688,859.7999877929688,0,SBIN
2024-12-16 04:45:00+00:00,859.3499755859375,864.0,858.5999755859375,863.9000244140625,926701,SBIN
2024-12-16 05:45:00+00:00,859.2999877929688,863.4500122070312,859.0,859.5,1096572,SBIN
2024-12-16 06:45:00+00:00,861.9500122070312,862.5,859.0499877929688,859.2000122070312,564355,SBIN
2024-12-16 07:45:00+00:00,861.3499755859375,863.0,860.5499877929688,861.7999877929688,769668,SBIN
2024-12-16 08:45:00+00:00,860.4000244140625,862.5999755859375,860.2999877929688,861.2999877929688,1098867,SBIN
2024-12-16 09:45:00+00:00,860.9500122070312,861.4000244140625,860.0499877929688,860.4500122070312,548894,SBIN
2024-12-17 03:45:00+00:00,860.0,862.5999755859375,856.5999755859375,860.7000122070312,0,SBIN
2024-12-17 04:45:00+00:00,857.25,860.4500122070312,854.0999755859375,859.5999755859375,1003048,SBIN
2024-12-17 05:45:00+00:00,851.3499755859375,858.2999877929688,850.25,857.2999877929688,1289054,SBIN
2024-12-17 06:45:00+00:00,849.9000244140625,854.25,849.75,851.6500244140625,1230287,SBIN
2024-12-17 07:45:00+00:00,848.5999755859375,851.0,848.3499755859375,849.8499755859375,1145650,SBIN
2024-12-17 08:45:00+00:00,849.6500244140625,852.5999755859375,847.0499877929688,848.4500122070312,2045680,SBIN
2024-12-17 09:45:00+00:00,850.5499877929688,851.25,848.5499877929688,849.8499755859375,912401,SBIN
2024-12-18 03:45:00+00:00,843.5499877929688,851.0,843.4000244140625,850.5999755859375,0,SBIN
2024-12-18 04:45:00+00:00,842.25,846.7000122070312,842.0,843.5499877929688,611453,SBIN
2024-12-18 05:45:00+00:00,841.0499877929688,844.7000122070312,840.0999755859375,842.2999877929688,1058009,SBIN
2024-12-18 06:45:00+00:00,840.4000244140625,843.4000244140625,837.4000244140625,840.7000122070312,1367027,SBIN
2024-12-18 07:45:00+00:00,838.5999755859375,841.9500122070312,837.2000122070312,840.75,1189711,SBIN
2024-12-18 08:45:00+00:00,837.5,839.75,837.0,838.5999755859375,1749378,SBIN
2024-12-18 09:45:00+00:00,840.75,840.8499755859375,837.4000244140625,837.5,977621,SBIN
2024-12-19 03:45:00+00:00,826.0999755859375,829.5499877929688,820.3499755859375,824.5999755859375,0,SBIN
2024-12-19 04:45:00+00:00,831.5499877929688,832.75,825.3499755859375,825.9500122070312,1566597,SBIN
2024-12-19 05:45:00+00:00,834.75,838.0,830.8499755859375,831.5999755859375,1026793,SBIN
2024-12-19 06:45:00+00:00,832.25,834.7999877929688,830.9500122070312,834.5999755859375,775499,SBIN
2024-12-19 07:45:00+00:00,831.2000122070312,832.2999877929688,828.3499755859375,831.8499755859375,935632,SBIN
2024-12-19 08:45:00+00:00,832.25,834.25,831.2999877929688,831.5999755859375,1518397,SBIN
2024-12-19 09:45:00+00:00,832.7999877929688,833.2999877929688,831.25,832.2999877929688,435330,SBIN
2024-12-20 03:45:00+00:00,826.0999755859375,835.9500122070312,824.6500244140625,833.9500122070312,0,SBIN
2024-12-20 04:45:00+00:00,830.0,830.7000122070312,825.0,826.0999755859375,692358,SBIN
2024-12-20 05:45:00+00:00,827.7999877929688,830.5999755859375,827.3499755859375,830.4000244140625,493308,SBIN
2024-12-20 06:45:00+00:00,819.75,827.4500122070312,819.1500244140625,827.4500122070312,1122396,SBIN
2024-12-20 07:45:00+00:00,815.7999877929688,821.2999877929688,815.2000122070312,819.7000122070312,929636,SBIN
2024-12-20 08:45:00+00:00,810.4000244140625,819.0,810.2000122070312,815.7999877929688,3166969,SBIN
2024-12-20 09:45:00+00:00,814.0,814.75,810.0,810.4000244140625,2106933,SBIN
2024-12-23 03:45:00+00:00,818.0,820.7999877929688,812.2999877929688,817.3499755859375,0,SBIN
2024-12-23 04:45:00+00:00,821.3499755859375,822.0,816.0,818.6500244140625,645988,SBIN
2024-12-23 05:45:00+00:00,821.7000122070312,824.0,819.5499877929688,821.0999755859375,813637,SBIN
2024-12-23 06:45:00+00:00,822.25,823.4000244140625,820.5499877929688,821.7999877929688,541030,SBIN
2024-12-23 07:45:00+00:00,820.2999877929688,823.3499755859375,818.5999755859375,822.0499877929688,528278,SBIN
2024-12-23 08:45:00+00:00,821.75,822.25,819.75,820.4500122070312,602750,SBIN
2024-12-23 09:45:00+00:00,820.5,821.75,820.0499877929688,821.75,393967,SBIN
2024-12-24 03:45:00+00:00,822.5,824.25,819.0499877929688,824.25,0,SBIN
2024-12-24 04:45:00+00:00,820.5,824.75,820.5,822.4500122070312,839359,SBIN
2024-12-24 05:45:00+00:00,815.0,821.7999877929688,814.3499755859375,820.5999755859375,995882,SBIN
2024-12-24 06:45:00+00:00,814.1500244140625,816.6500244140625,813.2000122070312,814.75,1320949,SBIN
2024-12-24 07:45:00+00:00,812.9500122070312,815.0499877929688,809.2000122070312,814.2000122070312,1976380,SBIN
2024-12-24 08:45:00+00:00,811.4500122070312,813.0999755859375,810.2999877929688,813.0999755859375,2914943,SBIN
2024-12-24 09:45:00+00:00,813.0,813.6500244140625,811.25,811.4000244140625,1612578,SBIN
2024-12-26 03:45:00+00:00,816.5,822.8499755859375,813.25,813.25,0,SBIN
2024-12-26 04:45:00+00:00,814.7999877929688,818.0,812.5,816.4000244140625,910597,SBIN
2024-12-26 05:45:00+00:00,811.8499755859375,816.4000244140625,811.5,814.7999877929688,1093160,SBIN
2024-12-26 06:45:00+00:00,812.4000244140625,813.5499877929688,811.0999755859375,811.8499755859375,977927,SBIN
2024-12-26 07:45:00+00:00,810.3499755859375,812.2999877929688,808.4500122070312,812.1500244140625,1112498,SBIN
2024-12-26 08:45:00+00:00,812.1500244140625,812.2999877929688,808.0,810.25,1518566,SBIN
2024-12-26 09:45:00+00:00,813.4000244140625,814.9000244140625,811.6500244140625,812.1500244140625,1009841,SBIN
2024-12-27 03:45:00+00:00,814.7000122070312,818.2999877929688,810.5,816.2999877929688,0,SBIN
2024-12-27 04:45:00+00:00,813.25,815.0999755859375,811.5499877929688,814.9500122070312,973885,SBIN
2024-12-27 05:45:00+00:00,810.75,813.25,810.5999755859375,813.25,971874,SBIN
2024-12-27 06:45:00+00:00,808.1500244140625,810.7999877929688,807.6500244140625,810.7999877929688,891269,SBIN
2024-12-27 07:45:00+00:00,805.2999877929688,808.0499877929688,805.2000122070312,808.0499877929688,1004620,SBIN
2024-12-27 08:45:00+00:00,799.4500122070312,805.3499755859375,797.25,805.2999877929688,4160768,SBIN
2024-12-27 09:45:00+00:00,800.5,800.8499755859375,798.9500122070312,799.4500122070312,1033761,SBIN
2024-12-30 03:45:00+00:00,798.4500122070312,800.3499755859375,793.8499755859375,798.6500244140625,0,SBIN
2024-12-30 04:45:00+00:00,798.8499755859375,803.5,798.0,798.5999755859375,1306464,SBIN
2024-12-30 05:45:00+00:00,805.5499877929688,807.8499755859375,798.4000244140625,798.6500244140625,2333723,SBIN
2024-12-30 06:45:00+00:00,797.5499877929688,806.0999755859375,796.0,805.5999755859375,2450553,SBIN
2024-12-30 07:45:00+00:00,790.9500122070312,799.0499877929688,789.1500244140625,797.4500122070312,1989289,SBIN
2024-12-30 08:45:00+00:00,787.2999877929688,794.1500244140625,785.0,790.6500244140625,7068193,SBIN
2024-12-30 09:45:00+00:00,788.2999877929688,795.0,786.3499755859375,787.0499877929688,4718415,SBIN
2024-12-31 03:45:00+00:00,791.9500122070312,795.9500122070312,788.4500122070312,788.4500122070312,0,SBIN
2024-12-31 04:45:00+00:00,795.2999877929688,796.1500244140625,791.9000244140625,792.2000122070312,794698,SBIN
2024-12-31 05:45:00+00:00,793.25,795.6500244140625,791.6500244140625,795.4500122070312,673962,SBIN
2024-12-31 06:45:00+00:00,796.7000122070312,797.8499755859375,793.0,793.2999877929688,816244,SBIN
2024-12-31 07:45:00+00:00,796.0,799.2000122070312,795.9000244140625,796.6500244140625,1462917,SBIN
2024-12-31 08:45:00+00:00,793.9500122070312,796.4000244140625,793.0,796.0999755859375,2441366,SBIN
2024-12-31 09:45:00+00:00,795.75,796.0,793.8499755859375,794.2999877929688,1239870,SBIN
2025-01-01 03:45:00+00:00,792.5,798.0,789.5999755859375,796.0,0,SBIN
2025-01-01 04:45:00+00:00,796.0499877929688,796.2999877929688,791.0499877929688,792.5,1547198,SBIN
2025-01-01 05:45:00+00:00,793.25,797.25,792.25,796.0,990885,SBIN
2025-01-01 06:45:00+00:00,792.1500244140625,795.25,791.5999755859375,793.25,746882,SBIN
2025-01-01 07:45:00+00:00,795.25,798.5999755859375,791.5999755859375,791.8499755859375,1140010,SBIN
2025-01-01 08:45:00+00:00,793.4000244140625,795.9000244140625,792.25,795.25,1178795,SBIN
2025-01-01 09:45:00+00:00,794.2999877929688,794.4000244140625,792.9000244140625,793.3499755859375,595408,SBIN
2025-01-02 03:45:00+00:00,790.4000244140625,797.0,790.2000122070312,797.0,0,SBIN
2025-01-02 04:45:00+00:00,792.4000244140625,792.6500244140625,790.0999755859375,790.4000244140625,892266,SBIN
2025-01-02 05:45:00+00:00,787.75,793.0,787.2000122070312,792.3499755859375,1468190,SBIN
2025-01-02 06:45:00+00:00,795.0999755859375,795.9500122070312,787.3499755859375,787.8499755859375,2120100,SBIN
2025-01-02 07:45:00+00:00,799.25,802.4000244140625,795.0,795.0999755859375,2436328,SBIN
2025-01-02 08:45:00+00:00,801.25,801.5499877929688,798.0499877929688,799.25,1936127,SBIN
2025-01-02 09:45:00+00:00,802.0,802.3499755859375,800.75,801.25,1247379,SBIN
2025-01-03 03:45:00+00:00,802.4000244140625,809.5,801.7000122070312,802.75,0,SBIN
2025-01-03 04:45:00+00:00,800.7999877929688,803.2999877929688,798.2000122070312,802.0999755859375,1627366,SBIN
2025-01-03 05:45:00+00:00,799.4500122070312,802.7999877929688,798.7999877929688,800.8499755859375,2475259,SBIN
2025-01-03 06:45:00+00:00,799.5499877929688,801.0,796.9500122070312,799.2999877929688,1663697,SBIN
2025-01-03 07:45:00+00:00,795.75,800.6500244140625,795.0499877929688,799.5499877929688,1172068,SBIN
2025-01-03 08:45:00+00:00,793.4000244140625,795.9500122070312,792.4000244140625,795.7000122070312,2973066,SBIN
2025-01-03 09:45:00+00:00,793.5,795.0,792.9500122070312,793.4500122070312,1033078,SBIN
2025-01-06 03:45:00+00:00,788.9000244140625,797.4000244140625,782.5499877929688,797.4000244140625,0,SBIN
2025-01-06 04:45:00+00:00,783.2000122070312,789.9500122070312,782.0499877929688,788.75,1951446,SBIN
2025-01-06 05:45:00+00:00,783.9000244140625,785.4500122070312,778.0999755859375,783.2000122070312,1996627,SBIN
2025-01-06 06:45:00+00:00,780.0499877929688,784.6500244140625,779.5,783.9000244140625,1147462,SBIN
2025-01-06 07:45:00+00:00,774.6500244140625,779.9000244140625,773.2999877929688,779.9000244140625,1585499,SBIN
2025-01-06 08:45:00+00:00,775.6500244140625,777.5,773.5999755859375,774.9000244140625,2007687,SBIN
2025-01-06 09:45:00+00:00,778.0999755859375,779.0999755859375,775.2999877929688,775.7999877929688,730118,SBIN
2025-01-07 03:45:00+00:00,780.75,783.8499755859375,776.0499877929688,780.7000122070312,0,SBIN
2025-01-07 04:45:00+00:00,776.8499755859375,781.5,774.9000244140625,780.7999877929688,2426941,SBIN
2025-01-07 05:45:00+00:00,779.8499755859375,780.9000244140625,776.0,776.9000244140625,990894,SBIN
2025-01-07 06:45:00+00:00,780.2000122070312,780.9500122070312,778.5,779.8499755859375,825966,SBIN
2025-01-07 07:45:00+00:00,779.75,782.2999877929688,778.6500244140625,780.2000122070312,959867,SBIN
2025-01-07 08:45:00+00:00,779.0,780.3499755859375,776.9500122070312,779.7999877929688,1623508,SBIN
2025-01-07 09:45:00+00:00,778.75,779.25,777.5999755859375,779.0,781454,SBIN
2025-01-08 03:45:00+00:00,775.5,781.9000244140625,774.0,781.9000244140625,0,SBIN
2025-01-08 04:45:00+00:00,767.7000122070312,775.75,766.8499755859375,775.6500244140625,2226685,SBIN
2025-01-08 05:45:00+00:00,761.1500244140625,768.0,761.0499877929688,767.8499755859375,2993757,SBIN
2025-01-08 06:45:00+00:00,761.75,764.0,760.2000122070312,761.25,3421577,SBIN
2025-01-08 07:45:00+00:00,772.2000122070312,772.8499755859375,760.5,761.9500122070312,2455041,SBIN
2025-01-08 08:45:00+00:00,771.4000244140625,774.2000122070312,770.0,772.0999755859375,2171801,SBIN
2025-01-08 09:45:00+00:00,770.8499755859375,771.7999877929688,770.4500122070312,771.25,597423,SBIN
2025-01-09 03:45:00+00:00,768.4500122070312,770.2000122070312,727.5,770.0,0,SBIN
2025-01-09 04:45:00+00:00,761.0499877929688,768.75,759.5999755859375,768.7000122070312,1880872,SBIN
2025-01-09 05:45:00+00:00,759.4500122070312,762.5999755859375,757.6500244140625,761.0,1542594,SBIN
2025-01-09 06:45:00+00:00,759.5999755859375,763.0,758.0499877929688,759.9000244140625,1221639,SBIN
2025-01-09 07:45:00+00:00,761.5999755859375,763.0,759.0499877929688,759.5499877929688,1270735,SBIN
2025-01-09 08:45:00+00:00,760.5499877929688,762.5499877929688,758.8499755859375,761.6500244140625,2361083,SBIN
2025-01-09 09:45:00+00:00,762.0,762.0,759.3499755859375,760.5499877929688,880529,SBIN
2025-01-10 03:45:00+00:00,749.25,761.0499877929688,745.7999877929688,761.0499877929688,0,SBIN
2025-01-10 04:45:00+00:00,754.0,754.4000244140625,747.0499877929688,749.3499755859375,1773796,SBIN
2025-01-10 05:45:00+00:00,747.25,755.5499877929688,745.25,754.0999755859375,1579208,SBIN
2025-01-10 06:45:00+00:00,749.5,750.2000122070312,744.3499755859375,747.25,1351475,SBIN
2025-01-10 07:45:00+00:00,745.3499755859375,750.3499755859375,745.3499755859375,749.3499755859375,1070721,SBIN
2025-01-10 08:45:00+00:00,742.9000244140625,746.0,742.1500244140625,745.5,2148387,SBIN
2025-01-10 09:45:00+00:00,744.9500122070312,745.0,742.0999755859375,742.9000244140625,942883,SBIN
2025-01-13 03:45:00+00:00,739.2999877929688,740.9000244140625,731.1500244140625,736.5,0,SBIN
2025-01-13 04:45:00+00:00,741.9500122070312,743.0499877929688,738.5499877929688,739.3499755859375,1095726,SBIN
2025-01-13 05:45:00+00:00,737.7999877929688,743.9500122070312,737.0499877929688,741.9500122070312,852269,SBIN
2025-01-13 06:45:00+00:00,734.2999877929688,737.75,733.5999755859375,737.6500244140625,934648,SBIN
2025-01-13 07:45:00+00:00,731.25,735.7999877929688,730.0499877929688,734.4000244140625,1303405,SBIN
2025-01-13 08:45:00+00:00,729.9000244140625,732.5,722.7999877929688,731.3499755859375,2619157,SBIN
2025-01-13 09:45:00+00:00,728.9500122070312,731.4000244140625,728.0499877929688,729.6500244140625,948824,SBIN
2025-01-14 03:45:00+00:00,743.5999755859375,747.0,736.8499755859375,736.8499755859375,0,SBIN
2025-01-14 04:45:00+00:00,752.25,752.4000244140625,741.1500244140625,743.5999755859375,1957587,SBIN
2025-01-14 05:45:00+00:00,750.6500244140625,753.9000244140625,749.7000122070312,752.25,1598539,SBIN
2025-01-14 06:45:00+00:00,752.0,752.0,747.9500122070312,750.5499877929688,1129714,SBIN
2025-01-14 07:45:00+00:00,752.6500244140625,753.5999755859375,750.4000244140625,751.9000244140625,1180380,SBIN
2025-01-14 08:45:00+00:00,747.3499755859375,756.9000244140625,745.75,752.75,2944076,SBIN
2025-01-14 09:45:00+00:00,750.5,750.75,747.0499877929688,747.3499755859375,815570,SBIN
2025-01-15 03:45:00+00:00,757.2999877929688,757.8499755859375,750.0999755859375,753.1500244140625,2064876,SBIN
2025-01-15 04:45:00+00:00,756.7999877929688,758.5999755859375,755.0499877929688,757.2999877929688,1018090,SBIN
2025-01-15 05:45:00+00:00,757.5,758.5,754.5999755859375,756.7999877929688,624863,SBIN
2025-01-15 06:45:00+00:00,754.5499877929688,758.2999877929688,754.2000122070312,757.5,807012,SBIN
2025-01-15 07:45:00+00:00,752.5,754.5499877929688,750.4000244140625,754.5499877929688,1394954,SBIN
2025-01-15 08:45:00+00:00,753.75,755.4000244140625,751.3499755859375,752.25,1279612,SBIN
2025-01-15 09:45:00+00:00,754.2000122070312,754.8499755859375,752.75,753.75,600580,SBIN
2025-01-16 03:45:00+00:00,768.9500122070312,772.8499755859375,762.4000244140625,762.4000244140625,0,SBIN
2025-01-16 04:45:00+00:00,769.7000122070312,776.6500244140625,768.7000122070312,768.8499755859375,2384084,SBIN
2025-01-16 05:45:00+00:00,763.4000244140625,770.2999877929688,762.0499877929688,769.8499755859375,1315739,SBIN
2025-01-16 06:45:00+00:00,766.4000244140625,768.25,762.7999877929688,763.4500122070312,1495695,SBIN
2025-01-16 07:45:00+00:00,767.5999755859375,767.9000244140625,764.7000122070312,766.4000244140625,687545,SBIN
2025-01-16 08:45:00+00:00,766.5,767.5999755859375,763.0499877929688,767.5999755859375,1839745,SBIN
2025-01-16 09:45:00+00:00,767.0,768.0,765.9000244140625,766.5499877929688,1144937,SBIN
2025-01-17 03:45:00+00:00,766.4000244140625,767.8499755859375,761.5499877929688,765.25,0,SBIN
2025-01-17 04:45:00+00:00,761.7000122070312,767.4000244140625,760.6500244140625,766.3499755859375,906324,SBIN
2025-01-17 05:45:00+00:00,762.2999877929688,764.0,760.7000122070312,761.7000122070312,734962,SBIN
2025-01-17 06:45:00+00:00,761.5999755859375,764.75,761.5,762.25,616087,SBIN
2025-01-17 07:45:00+00:00,762.9500122070312,763.0,759.4000244140625,761.5,664084,SBIN
2025-01-17 08:45:00+00:00,764.4500122070312,765.9000244140625,762.4500122070312,762.9000244140625,1132728,SBIN
2025-01-17 09:45:00+00:00,763.9000244140625,764.9000244140625,763.25,764.4500122070312,444674,SBIN
2025-01-20 03:45:00+00:00,775.75,777.0,768.0999755859375,769.75,0,SBIN
2025-01-20 04:45:00+00:00,775.9500122070312,778.75,773.2000122070312,775.75,1695765,SBIN
2025-01-20 05:45:00+00:00,781.4000244140625,783.3499755859375,775.8499755859375,775.9500122070312,1754715,SBIN
2025-01-20 06:45:00+00:00,783.7999877929688,783.8499755859375,780.5,781.4000244140625,969687,SBIN
2025-01-20 07:45:00+00:00,781.8499755859375,785.0,781.7999877929688,783.5,880982,SBIN
2025-01-20 08:45:00+00:00,779.7999877929688,783.1500244140625,779.2000122070312,782.0,1086911,SBIN
2025-01-20 09:45:00+00:00,778.5,780.0,777.7000122070312,779.7999877929688,443446,SBIN
2025-01-21 03:45:00+00:00,771.0499877929688,784.8499755859375,770.25,783.5,0,SBIN
2025-01-21 04:45:00+00:00,764.7999877929688,771.0499877929688,763.2000122070312,771.0499877929688,1380511,SBIN
2025-01-21 05:45:00+00:00,766.0,774.5,761.6500244140625,764.8499755859375,2975160,SBIN
2025-01-21 06:45:00+00:00,766.8499755859375,768.4500122070312,761.8499755859375,765.9000244140625,1721648,SBIN
2025-01-21 07:45:00+00:00,764.75,768.0,763.0999755859375,766.7999877929688,1281974,SBIN
2025-01-21 08:45:00+00:00,758.9500122070312,765.4500122070312,756.25,764.7000122070312,3607033,SBIN
2025-01-21 09:45:00+00:00,759.7999877929688,759.9500122070312,758.4000244140625,758.9000244140625,1045152,SBIN
2025-01-22 03:45:00+00:00,755.5999755859375,762.6500244140625,751.2999877929688,762.6500244140625,0,SBIN
2025-01-22 04:45:00+00:00,750.3499755859375,756.2000122070312,750.0,755.6500244140625,931697,SBIN
2025-01-22 05:45:00+00:00,747.0999755859375,750.5,746.25,750.4500122070312,929026,SBIN
2025-01-22 06:45:00+00:00,744.2999877929688,748.2999877929688,741.5999755859375,746.9000244140625,1257790,SBIN
2025-01-22 07:45:00+00:00,740.4500122070312,744.4000244140625,738.0,744.2000122070312,1206360,SBIN
2025-01-22 08:45:00+00:00,755.0,755.0,740.0499877929688,740.4000244140625,2612584,SBIN
2025-01-22 09:45:00+00:00,753.0,755.0,752.7000122070312,755.0,717709,SBIN
2025-01-23 03:45:00+00:00,750.75,751.9000244140625,743.0999755859375,748.6500244140625,0,SBIN
2025-01-23 04:45:00+00:00,748.8499755859375,753.0,746.5,750.4500122070312,1335727,SBIN
2025-01-23 05:45:00+00:00,747.4500122070312,749.7000122070312,746.0999755859375,748.8499755859375,703154,SBIN
2025-01-23 06:45:00+00:00,751.1500244140625,751.7000122070312,746.5999755859375,747.6500244140625,1013452,SBIN
2025-01-23 07:45:00+00:00,748.7000122070312,755.5,748.0999755859375,751.1500244140625,1701478,SBIN
2025-01-23 08:45:00+00:00,745.9500122070312,749.75,744.5,748.7000122070312,2494166,SBIN
2025-01-23 09:45:00+00:00,746.5,746.6500244140625,745.1500244140625,745.9000244140625,1122526,SBIN
2025-01-24 03:45:00+00:00,741.5,750.1500244140625,741.0,748.0499877929688,0,SBIN
2025-01-24 04:45:00+00:00,749.8499755859375,751.0,739.0,741.2999877929688,1639257,SBIN
2025-01-24 05:45:00+00:00,752.0,752.9000244140625,748.0,749.8499755859375,1339290,SBIN
2025-01-24 06:45:00+00:00,748.0999755859375,753.7000122070312,746.1500244140625,751.9000244140625,1308224,SBIN
2025-01-24 07:45:00+00:00,746.1500244140625,749.25,745.5999755859375,747.9500122070312,1327219,SBIN
2025-01-24 08:45:00+00:00,743.4500122070312,746.2000122070312,741.6500244140625,745.9500122070312,1757477,SBIN
2025-01-24 09:45:00+00:00,744.1500244140625,746.2000122070312,743.2000122070312,743.75,759505,SBIN
2025-01-27 03:45:00+00:00,748.5,751.2999877929688,736.0499877929688,736.7999877929688,0,SBIN
2025-01-27 04:45:00+00:00,749.5499877929688,750.5999755859375,742.5,748.5,1827601,SBIN
2025-01-27 05:45:00+00:00,751.75,755.3499755859375,748.3499755859375,749.7999877929688,1892291,SBIN
2025-01-27 06:45:00+00:00,753.75,754.0,749.8499755859375,751.5999755859375,1161614,SBIN
2025-01-27 07:45:00+00:00,751.1500244140625,754.5,747.2999877929688,753.75,1651670,SBIN
2025-01-27 08:45:00+00:00,749.9500122070312,753.6500244140625,748.0499877929688,751.25,1382258,SBIN
2025-01-27 09:45:00+00:00,748.0,750.0,747.75,749.9500122070312,541485,SBIN
2025-01-28 03:45:00+00:00,747.0499877929688,757.2000122070312,746.75,756.0,0,SBIN
2025-01-28 04:45:00+00:00,750.9500122070312,751.4000244140625,745.5999755859375,747.5,2061663,SBIN
2025-01-28 05:45:00+00:00,752.2000122070312,753.0,749.1500244140625,750.9500122070312,1771022,SBIN
2025-01-28 06:45:00+00:00,755.8499755859375,756.4000244140625,749.0499877929688,752.5,1616277,SBIN
2025-01-28 07:45:00+00:00,755.2000122070312,756.0999755859375,754.3499755859375,755.75,1588500,SBIN
2025-01-28 08:45:00+00:00,752.2000122070312,759.75,749.0,755.2999877929688,3207840,SBIN
2025-01-28 09:45:00+00:00,752.1500244140625,754.9500122070312,752.0,752.0,1112928,SBIN
2025-01-29 03:45:00+00:00,757.8499755859375,758.5999755859375,750.0999755859375,752.5,0,SBIN
2025-01-29 04:45:00+00:00,758.0999755859375,759.5,756.5,758.1500244140625,932559,SBIN
2025-01-29 05:45:00+00:00,758.1500244140625,758.5,753.25,758.0499877929688,1431852,SBIN
2025-01-29 06:45:00+00:00,756.9000244140625,760.4000244140625,755.9000244140625,758.1500244140625,1048924,SBIN
2025-01-29 07:45:00+00:00,758.75,759.4500122070312,756.3499755859375,756.8499755859375,1186210,SBIN
2025-01-29 08:45:00+00:00,759.0,759.2999877929688,756.2000122070312,758.7000122070312,2325841,SBIN
2025-01-29 09:45:00+00:00,758.8499755859375,759.5499877929688,758.0499877929688,759.1500244140625,711189,SBIN
2025-01-30 03:45:00+00:00,759.75,760.2000122070312,754.9000244140625,759.5,0,SBIN
2025-01-30 04:45:00+00:00,760.1500244140625,762.4000244140625,757.1500244140625,759.75,1701432,SBIN
2025-01-30 05:45:00+00:00,761.7000122070312,762.5,759.5999755859375,760.0999755859375,1051701,SBIN
2025-01-30 06:45:00+00:00,760.4000244140625,762.7999877929688,760.1500244140625,761.8499755859375,1282530,SBIN
2025-01-30 07:45:00+00:00,762.0499877929688,763.9000244140625,760.2999877929688,760.5999755859375,1726846,SBIN
2025-01-30 08:45:00+00:00,762.2999877929688,762.7999877929688,759.25,762.0,2264085,SBIN
2025-01-30 09:45:00+00:00,764.2999877929688,765.0,762.25,762.3499755859375,942926,SBIN
2025-01-31 03:45:00+00:00,762.0,764.4000244140625,759.5,761.5,0,SBIN
2025-01-31 04:45:00+00:00,769.0499877929688,769.7999877929688,761.5499877929688,762.0,1664319,SBIN
2025-01-31 05:45:00+00:00,772.9000244140625,774.5,766.9500122070312,768.75,1497441,SBIN
2025-01-31 06:45:00+00:00,774.2000122070312,775.6500244140625,772.0999755859375,772.9000244140625,978490,SBIN
2025-01-31 07:45:00+00:00,771.0499877929688,777.5,769.25,774.2000122070312,1848620,SBIN
2025-01-31 08:45:00+00:00,772.8499755859375,773.75,770.0,771.2999877929688,1624290,SBIN
2025-01-31 09:45:00+00:00,773.0,774.0,772.0,772.8499755859375,999565,SBIN
2025-02-03 03:45:00+00:00,758.2000122070312,762.7999877929688,753.5,762.5499877929688,0,SBIN
2025-02-03 04:45:00+00:00,759.0999755859375,762.3499755859375,757.0999755859375,758.2000122070312,1713852,SBIN
2025-02-03 05:45:00+00:00,756.0499877929688,760.5,753.5,759.0499877929688,1055869,SBIN
2025-02-03 06:45:00+00:00,758.6500244140625,759.5,754.8499755859375,756.0,799396,SBIN
2025-02-03 07:45:00+00:00,761.6500244140625,762.5999755859375,757.5,758.75,948921,SBIN
2025-02-03 08:45:00+00:00,761.4000244140625,761.9000244140625,759.0999755859375,761.7000122070312,1017775,SBIN
2025-02-03 09:45:00+00:00,760.9500122070312,762.4000244140625,760.0999755859375,761.5999755859375,475242,SBIN
2025-02-04 03:45:00+00:00,772.25,776.2999877929688,765.7999877929688,767.6500244140625,0,SBIN
2025-02-04 04:45:00+00:00,774.7999877929688,775.2999877929688,769.1500244140625,772.25,1590796,SBIN
2025-02-04 05:45:00+00:00,774.0,776.2999877929688,773.0,775.0999755859375,854747,SBIN
2025-02-04 06:45:00+00:00,779.2000122070312,780.5499877929688,773.0,774.0,1585156,SBIN
2025-02-04 07:45:00+00:00,775.3499755859375,779.5999755859375,774.6500244140625,779.0499877929688,1898773,SBIN
2025-02-04 08:45:00+00:00,779.0999755859375,781.1500244140625,774.5,775.2999877929688,3088479,SBIN
2025-02-04 09:45:00+00:00,779.2000122070312,780.2000122070312,778.0,779.0999755859375,0,SBIN
2025-02-05 03:45:00+00:00,776.0999755859375,781.4500122070312,774.6500244140625,780.3499755859375,2803171,SBIN
2025-02-05 04:45:00+00:00,774.9500122070312,777.0,772.5,776.25,2348372,SBIN
2025-02-05 05:45:00+00:00,768.9000244140625,775.0,768.5499877929688,774.9500122070312,1810670,SBIN
2025-02-05 06:45:00+00:00,771.0,771.1500244140625,767.2000122070312,769.0499877929688,1659057,SBIN
2025-02-05 07:45:00+00:00,768.4000244140625,772.4000244140625,768.2999877929688,771.0499877929688,994634,SBIN
2025-02-05 08:45:00+00:00,765.8499755859375,769.5499877929688,765.2000122070312,768.2999877929688,2518489,SBIN
2025-02-05 09:45:00+00:00,765.5,766.2000122070312,765.0,765.9000244140625,1270973,SBIN
2025-02-06 03:45:00+00:00,763.8499755859375,770.5,762.0999755859375,767.7000122070312,2864837,SBIN
2025-02-06 04:45:00+00:00,762.6500244140625,767.75,762.1500244140625,763.9000244140625,2204265,SBIN
2025-02-06 05:45:00+00:00,761.0499877929688,763.9500122070312,760.2000122070312,762.5999755859375,2771424,SBIN
2025-02-06 06:45:00+00:00,759.7000122070312,761.4000244140625,755.75,761.0,2386829,SBIN
2025-02-06 07:45:00+00:00,756.1500244140625,762.0,751.5499877929688,759.7999877929688,3509334,SBIN
2025-02-06 08:45:00+00:00,751.5,768.8499755859375,750.0499877929688,754.9000244140625,15855595,SBIN
2025-02-06 09:45:00+00:00,752.25,754.4000244140625,750.3499755859375,751.7000122070312,3146028,SBIN
2025-02-07 03:45:00+00:00,741.25,758.4000244140625,735.3499755859375,758.2999877929688,0,SBIN
2025-02-07 04:45:00+00:00,744.5999755859375,745.0,733.7000122070312,741.2999877929688,6173846,SBIN
2025-02-07 05:45:00+00:00,738.5999755859375,748.4000244140625,738.3499755859375,744.5,8193435,SBIN
2025-02-07 06:45:00+00:00,739.5499877929688,742.0,737.0499877929688,738.9500122070312,2318860,SBIN
2025-02-07 07:45:00+00:00,733.2999877929688,740.4000244140625,731.8499755859375,739.5499877929688,3104151,SBIN
2025-02-07 08:45:00+00:00,738.0,738.1500244140625,732.2000122070312,733.3499755859375,4314181,SBIN
2025-02-07 09:45:00+00:00,736.5,738.2999877929688,736.0499877929688,738.0,2250025,SBIN
2025-02-10 03:45:00+00:00,734.3499755859375,743.75,733.9500122070312,739.0,0,SBIN
2025-02-10 04:45:00+00:00,738.25,739.5999755859375,733.4500122070312,734.5499877929688,1370282,SBIN
2025-02-10 05:45:00+00:00,736.25,738.9000244140625,734.0,738.2999877929688,1420766,SBIN
2025-02-10 06:45:00+00:00,737.9000244140625,739.3499755859375,736.0,736.25,1114179,SBIN
2025-02-10 07:45:00+00:00,735.0,739.0,734.75,738.0,1395602,SBIN
2025-02-10 08:45:00+00:00,737.0,738.2999877929688,734.75,734.7999877929688,2877253,SBIN
2025-02-10 09:45:00+00:00,736.5,737.4000244140625,735.9000244140625,737.2000122070312,1233461,SBIN
2025-02-11 03:45:00+00:00,730.2000122070312,739.9500122070312,728.4000244140625,738.9000244140625,0,SBIN
2025-02-11 04:45:00+00:00,731.2000122070312,731.75,727.4500122070312,730.2000122070312,1222460,SBIN
2025-02-11 05:45:00+00:00,735.0499877929688,735.8499755859375,730.2000122070312,731.2000122070312,1605996,SBIN
2025-02-11 06:45:00+00:00,729.0,736.7999877929688,729.0,735.0499877929688,1984686,SBIN
2025-02-11 07:45:00+00:00,728.7000122070312,731.2999877929688,726.5999755859375,728.7999877929688,2126843,SBIN
2025-02-11 08:45:00+00:00,731.0499877929688,732.0999755859375,728.0,728.8499755859375,2706976,SBIN
2025-02-11 09:45:00+00:00,732.0,732.1500244140625,730.6500244140625,730.9500122070312,881665,SBIN
2025-02-12 03:45:00+00:00,719.9500122070312,734.5,717.1500244140625,734.1500244140625,0,SBIN
2025-02-12 04:45:00+00:00,727.8499755859375,728.5999755859375,718.2000122070312,719.8499755859375,2497386,SBIN
2025-02-12 05:45:00+00:00,735.2000122070312,737.7000122070312,727.0999755859375,728.0,2309254,SBIN
2025-02-12 06:45:00+00:00,737.1500244140625,738.5499877929688,733.0,734.8499755859375,1013245,SBIN
2025-02-12 07:45:00+00:00,731.9500122070312,738.2000122070312,730.0,737.3499755859375,1149196,SBIN
2025-02-12 08:45:00+00:00,733.4000244140625,734.1500244140625,729.5499877929688,731.9000244140625,1473941,SBIN
2025-02-12 09:45:00+00:00,732.9500122070312,734.0,732.0999755859375,733.4000244140625,706467,SBIN
2025-02-13 03:45:00+00:00,732.3499755859375,735.9500122070312,729.25,734.4500122070312,0,SBIN
2025-02-13 04:45:00+00:00,735.0999755859375,737.5,730.5499877929688,732.3499755859375,1820498,SBIN
2025-02-13 05:45:00+00:00,735.4000244140625,736.75,734.7000122070312,735.0999755859375,1576764,SBIN
2025-02-13 06:45:00+00:00,732.2999877929688,737.1500244140625,732.0999755859375,735.4500122070312,1145434,SBIN
2025-02-13 07:45:00+00:00,728.6500244140625,734.2999877929688,727.5,732.3499755859375,2132722,SBIN
2025-02-13 08:45:00+00:00,727.4500122070312,729.9500122070312,727.2000122070312,728.5999755859375,2435118,SBIN
2025-02-13 09:45:00+00:00,727.0,728.0,726.3499755859375,727.4500122070312,1135268,SBIN
2025-02-14 03:45:00+00:00,729.9000244140625,732.7999877929688,728.0999755859375,730.8499755859375,0,SBIN
2025-02-14 04:45:00+00:00,728.5499877929688,731.9000244140625,725.0,729.9000244140625,1913670,SBIN
2025-02-14 05:45:00+00:00,723.1500244140625,728.4000244140625,722.0,728.3499755859375,1461335,SBIN
2025-02-14 06:45:00+00:00,719.75,723.9500122070312,718.5,723.0999755859375,1096380,SBIN
2025-02-14 07:45:00+00:00,718.2000122070312,721.3499755859375,716.3499755859375,719.75,1238991,SBIN
2025-02-14 08:45:00+00:00,722.2000122070312,725.2000122070312,718.0999755859375,718.1500244140625,2641662,SBIN
2025-02-14 09:45:00+00:00,720.7999877929688,722.5,720.0,722.4000244140625,589856,SBIN
2025-02-17 03:45:00+00:00,714.3499755859375,720.5,711.75,720.0,0,SBIN
2025-02-17 04:45:00+00:00,718.5999755859375,722.2999877929688,713.5,713.9000244140625,1603961,SBIN
2025-02-17 05:45:00+00:00,721.4000244140625,724.0,718.5999755859375,718.5999755859375,1167193,SBIN
2025-02-17 06:45:00+00:00,721.7000122070312,724.2999877929688,719.4500122070312,721.5,910324,SBIN
2025-02-17 07:45:00+00:00,724.7000122070312,727.0,721.6500244140625,722.0499877929688,988979,SBIN
2025-02-17 08:45:00+00:00,727.5,727.7999877929688,723.0499877929688,725.0,1705843,SBIN
2025-02-17 09:45:00+00:00,727.2000122070312,728.75,727.0,728.2999877929688,653150,SBIN
2025-02-18 03:45:00+00:00,721.25,727.1500244140625,717.3499755859375,726.3499755859375,0,SBIN
2025-02-18 04:45:00+00:00,724.7999877929688,726.7000122070312,719.7999877929688,721.2000122070312,1942454,SBIN
2025-02-18 05:45:00+00:00,725.5,727.0,724.3499755859375,724.75,667621,SBIN
2025-02-18 06:45:00+00:00,722.75,725.8499755859375,722.0,725.25,764417,SBIN
2025-02-18 07:45:00+00:00,723.0499877929688,725.9500122070312,722.1500244140625,722.6500244140625,1299190,SBIN
2025-02-18 08:45:00+00:00,726.0999755859375,726.9500122070312,723.0499877929688,723.2999877929688,1143820,SBIN
2025-02-18 09:45:00+00:00,725.5,726.25,724.5,726.1500244140625,784051,SBIN
2025-02-19 03:45:00+00:00,732.7000122070312,734.3499755859375,722.9000244140625,723.7000122070312,0,SBIN
2025-02-19 04:45:00+00:00,731.2000122070312,734.7999877929688,729.0,733.0,959470,SBIN
2025-02-19 05:45:00+00:00,730.7000122070312,731.7000122070312,728.7000122070312,731.2000122070312,497916,SBIN
2025-02-19 06:45:00+00:00,726.5,731.5,725.2000122070312,730.5499877929688,646635,SBIN
2025-02-19 07:45:00+00:00,726.9000244140625,728.9000244140625,725.5499877929688,726.5999755859375,702736,SBIN
2025-02-19 08:45:00+00:00,727.5,728.0999755859375,723.0499877929688,726.9500122070312,1618039,SBIN
2025-02-19 09:45:00+00:00,726.2999877929688,727.5499877929688,725.9500122070312,727.5499877929688,450180,SBIN
2025-02-20 03:45:00+00:00,728.2999877929688,729.2999877929688,724.0,725.0,0,SBIN
2025-02-20 04:45:00+00:00,730.5,731.25,728.2999877929688,728.2999877929688,1033850,SBIN
2025-02-20 05:45:00+00:00,729.5499877929688,731.5,729.5499877929688,730.5999755859375,898837,SBIN
2025-02-20 06:45:00+00:00,728.0,730.0,728.0,729.75,700196,SBIN
2025-02-20 07:45:00+00:00,730.0,731.0,727.4000244140625,728.1500244140625,1010832,SBIN
2025-02-20 08:45:00+00:00,729.6500244140625,730.75,729.5,729.9000244140625,1600461,SBIN
2025-02-20 09:45:00+00:00,728.8499755859375,730.0,728.7000122070312,729.6500244140625,674454,SBIN
2025-02-21 03:45:00+00:00,724.5,731.7000122070312,724.4000244140625,728.0,0,SBIN
2025-02-21 04:45:00+00:00,725.0,726.2999877929688,723.0,724.5499877929688,1083692,SBIN
2025-02-21 05:45:00+00:00,726.2000122070312,727.5999755859375,724.4000244140625,724.9000244140625,761801,SBIN
2025-02-21 06:45:00+00:00,723.8499755859375,727.0,723.0,726.25,621676,SBIN
2025-02-21 07:45:00+00:00,722.4500122070312,724.1500244140625,720.0,723.8499755859375,1046683,SBIN
2025-02-21 08:45:00+00:00,722.9500122070312,723.5499877929688,720.5999755859375,722.2999877929688,1035000,SBIN
2025-02-21 09:45:00+00:00,720.3499755859375,723.0,720.2999877929688,722.9000244140625,581744,SBIN
2025-02-24 03:45:00+00:00,715.5,717.5999755859375,711.9500122070312,713.9000244140625,0,SBIN
2025-02-24 04:45:00+00:00,714.7999877929688,715.7000122070312,713.5,715.4500122070312,675276,SBIN
2025-02-24 05:45:00+00:00,717.75,719.7000122070312,714.3499755859375,714.6500244140625,1081764,SBIN
2025-02-24 06:45:00+00:00,716.7000122070312,718.3499755859375,716.25,717.75,697446,SBIN
2025-02-24 07:45:00+00:00,715.1500244140625,717.1500244140625,714.5999755859375,716.7999877929688,763197,SBIN
2025-02-24 08:45:00+00:00,716.3499755859375,717.7000122070312,714.9000244140625,715.0999755859375,1196065,SBIN
2025-02-24 09:45:00+00:00,716.5,716.5499877929688,715.5999755859375,716.4000244140625,555798,SBIN
2025-02-25 03:45:00+00:00,716.4000244140625,718.4500122070312,714.5499877929688,717.7999877929688,0,SBIN
2025-02-25 04:45:00+00:00,714.7999877929688,716.5,714.0,716.2999877929688,1182027,SBIN
2025-02-25 05:45:00+00:00,714.5999755859375,715.5,713.2000122070312,715.0,875387,SBIN
2025-02-25 06:45:00+00:00,713.25,715.0,712.6500244140625,714.5999755859375,712225,SBIN
2025-02-25 07:45:00+00:00,712.2999877929688,713.6500244140625,711.6500244140625,713.5,890377,SBIN
2025-02-25 08:45:00+00:00,711.0999755859375,713.4000244140625,710.4500122070312,712.2999877929688,1969470,SBIN
2025-02-25 09:45:00+00:00,710.0499877929688,711.75,710.0,711.2000122070312,1166083,SBIN
2025-02-27 03:45:00+00:00,707.1500244140625,715.2000122070312,706.8499755859375,714.6500244140625,0,SBIN
2025-02-27 04:45:00+00:00,710.3499755859375,712.2000122070312,706.25,707.1500244140625,1609931,SBIN
2025-02-27 05:45:00+00:00,706.4000244140625,710.9000244140625,706.1500244140625,710.3499755859375,1007107,SBIN
2025-02-27 06:45:00+00:00,706.2999877929688,707.5999755859375,705.7000122070312,706.1500244140625,667856,SBIN
2025-02-27 07:45:00+00:00,704.5499877929688,707.9000244140625,704.25,706.3499755859375,1177020,SBIN
2025-02-27 08:45:00+00:00,704.8499755859375,705.6500244140625,703.0999755859375,704.5,3259545,SBIN
2025-02-27 09:45:00+00:00,702.2999877929688,705.0,701.25,704.75,1395843,SBIN
2025-02-28 03:45:00+00:00,695.0,700.75,691.0499877929688,700.75,0,SBIN
2025-02-28 04:45:00+00:00,694.5499877929688,696.9000244140625,693.5,694.9500122070312,1693198,SBIN
2025-02-28 05:45:00+00:00,690.9000244140625,695.4000244140625,690.9000244140625,694.4500122070312,1297778,SBIN
2025-02-28 06:45:00+00:00,684.2000122070312,691.2999877929688,682.75,690.9000244140625,2049117,SBIN
2025-02-28 07:45:00+00:00,685.9500122070312,686.7999877929688,683.7000122070312,684.0999755859375,1639967,SBIN
2025-02-28 08:45:00+00:00,688.4500122070312,691.4500122070312,685.0999755859375,686.0499877929688,4154566,SBIN
2025-02-28 09:45:00+00:00,689.7999877929688,690.0,687.0499877929688,688.4500122070312,2088487,SBIN
2025-03-03 03:45:00+00:00,680.4000244140625,692.0499877929688,680.0,691.7999877929688,0,SBIN
2025-03-03 04:45:00+00:00,686.5,686.5499877929688,680.2000122070312,680.2000122070312,1528529,SBIN
2025-03-03 05:45:00+00:00,690.1500244140625,690.1500244140625,686.0499877929688,686.5,1452897,SBIN
2025-03-03 06:45:00+00:00,692.4000244140625,692.5,688.1500244140625,689.9000244140625,1459751,SBIN
2025-03-03 07:45:00+00:00,691.6500244140625,694.2999877929688,688.75,692.4000244140625,1044706,SBIN
2025-03-03 08:45:00+00:00,694.6500244140625,695.6500244140625,690.8499755859375,691.9500122070312,1465821,SBIN
2025-03-03 09:45:00+00:00,695.2999877929688,696.5,694.0499877929688,694.4500122070312,1413472,SBIN
2025-03-04 03:45:00+00:00,714.0,717.3499755859375,692.0999755859375,692.0999755859375,0,SBIN
2025-03-04 04:45:00+00:00,715.2999877929688,717.0,714.0,714.0,1224828,SBIN
2025-03-04 05:45:00+00:00,713.6500244140625,715.8499755859375,712.5999755859375,715.2000122070312,1114229,SBIN
2025-03-04 06:45:00+00:00,714.4500122070312,716.75,713.3499755859375,713.6500244140625,1281456,SBIN
2025-03-04 07:45:00+00:00,717.25,718.4500122070312,713.0,714.4500122070312,1597075,SBIN
2025-03-04 08:45:00+00:00,715.6500244140625,718.25,715.4000244140625,717.4000244140625,2312138,SBIN
2025-03-04 09:45:00+00:00,716.4000244140625,716.8499755859375,715.5,715.5,1003073,SBIN
2025-03-05 03:45:00+00:00,723.5499877929688,726.4500122070312,718.0,718.0,0,SBIN
2025-03-05 04:45:00+00:00,722.75,724.75,721.0999755859375,723.25,1508080,SBIN
2025-03-05 05:45:00+00:00,724.2000122070312,724.5,722.0499877929688,722.7000122070312,751912,SBIN
2025-03-05 06:45:00+00:00,723.75,725.4500122070312,722.5499877929688,724.2000122070312,906598,SBIN
2025-03-05 07:45:00+00:00,726.25,726.9500122070312,723.6500244140625,723.75,1417025,SBIN
2025-03-05 08:45:00+00:00,731.0499877929688,731.2000122070312,725.6500244140625,726.2999877929688,1842999,SBIN
2025-03-05 09:45:00+00:00,730.0,731.1500244140625,729.2999877929688,731.0499877929688,1333050,SBIN
2025-03-06 03:45:00+00:00,730.1500244140625,735.4000244140625,727.0,735.0999755859375,0,SBIN
2025-03-06 04:45:00+00:00,732.2000122070312,732.4000244140625,729.0,730.4000244140625,1418863,SBIN
2025-03-06 05:45:00+00:00,731.9000244140625,732.7999877929688,730.0,732.0999755859375,1091331,SBIN
2025-03-06 06:45:00+00:00,731.6500244140625,732.7000122070312,730.7999877929688,731.75,816067,SBIN
2025-03-06 07:45:00+00:00,733.3499755859375,733.9000244140625,730.9500122070312,731.5,1648765,SBIN
2025-03-06 08:45:00+00:00,732.0499877929688,733.9000244140625,731.4000244140625,733.2999877929688,2024850,SBIN
2025-03-06 09:45:00+00:00,730.9000244140625,732.4500122070312,730.0999755859375,732.0999755859375,781638,SBIN
2025-03-07 03:45:00+00:00,730.5499877929688,734.7999877929688,728.0,732.75,0,SBIN
2025-03-07 04:45:00+00:00,731.75,732.0,729.1500244140625,730.5499877929688,973083,SBIN
2025-03-07 05:45:00+00:00,731.0999755859375,734.0,730.5999755859375,731.5999755859375,1064875,SBIN
2025-03-07 06:45:00+00:00,730.5999755859375,733.9000244140625,730.5,731.25,759665,SBIN
2025-03-07 07:45:00+00:00,731.1500244140625,733.0,730.1500244140625,730.7999877929688,865072,SBIN
2025-03-07 08:45:00+00:00,733.0999755859375,733.9000244140625,731.0,731.4500122070312,1344306,SBIN
2025-03-07 09:45:00+00:00,732.0,733.2000122070312,730.8499755859375,733.0499877929688,672341,SBIN
2025-03-10 03:45:00+00:00,734.3499755859375,738.5,730.7000122070312,732.75,0,SBIN
2025-03-10 04:45:00+00:00,734.0999755859375,736.7999877929688,731.5,734.2999877929688,1258118,SBIN
2025-03-10 05:45:00+00:00,732.25,735.4000244140625,732.2000122070312,734.25,486817,SBIN
2025-03-10 06:45:00+00:00,732.9000244140625,733.8499755859375,731.75,732.2999877929688,612433,SBIN
2025-03-10 07:45:00+00:00,732.1500244140625,732.9000244140625,731.5999755859375,732.9000244140625,557577,SBIN
2025-03-10 08:45:00+00:00,729.2000122070312,732.25,727.25,732.1500244140625,2141032,SBIN
2025-03-10 09:45:00+00:00,727.5999755859375,729.3499755859375,727.4000244140625,729.3499755859375,548284,SBIN
2025-03-11 03:45:00+00:00,728.5499877929688,729.7999877929688,723.3499755859375,723.9500122070312,0,SBIN
2025-03-11 04:45:00+00:00,732.0,734.0,727.4500122070312,728.5,962469,SBIN
2025-03-11 05:45:00+00:00,730.2999877929688,732.0499877929688,730.0,731.9500122070312,419148,SBIN
2025-03-11 06:45:00+00:00,730.0,731.6500244140625,729.5,730.4500122070312,575376,SBIN
2025-03-11 07:45:00+00:00,731.0499877929688,731.9000244140625,728.9000244140625,730.0,591822,SBIN
2025-03-11 08:45:00+00:00,729.8499755859375,731.9000244140625,729.5,731.3499755859375,923606,SBIN
2025-03-11 09:45:00+00:00,729.5,730.0,729.0999755859375,729.8499755859375,387801,SBIN
2025-03-12 03:45:00+00:00,728.3499755859375,736.5499877929688,728.0999755859375,731.3499755859375,0,SBIN
2025-03-12 04:45:00+00:00,727.3499755859375,730.7000122070312,726.7000122070312,728.3499755859375,637392,SBIN
2025-03-12 05:45:00+00:00,723.1500244140625,728.25,721.2999877929688,727.25,1139303,SBIN
2025-03-12 06:45:00+00:00,723.5999755859375,723.5999755859375,719.0499877929688,723.5,620922,SBIN
2025-03-12 07:45:00+00:00,724.0999755859375,726.0,721.25,723.5999755859375,576678,SBIN
2025-03-12 08:45:00+00:00,723.25,725.4500122070312,723.0499877929688,724.0999755859375,732427,SBIN
2025-03-12 09:45:00+00:00,723.0499877929688,723.0999755859375,722.0499877929688,723.0999755859375,421570,SBIN
2025-03-13 03:45:00+00:00,730.5,731.4500122070312,724.5,725.75,0,SBIN
2025-03-13 04:45:00+00:00,729.25,731.4500122070312,728.25,730.5,677706,SBIN
2025-03-13 05:45:00+00:00,727.3499755859375,729.3499755859375,725.0999755859375,729.25,685169,SBIN
2025-03-13 06:45:00+00:00,729.9000244140625,731.25,727.2999877929688,727.3499755859375,849031,SBIN
2025-03-13 07:45:00+00:00,729.2999877929688,730.9000244140625,728.75,729.9000244140625,532026,SBIN
2025-03-13 08:45:00+00:00,727.7999877929688,729.5,726.4000244140625,729.5,974643,SBIN
2025-03-13 09:45:00+00:00,727.5499877929688,728.5499877929688,727.1500244140625,727.7999877929688,828384,SBIN
2025-03-17 03:45:00+00:00,724.5,730.9000244140625,722.5,730.0999755859375,0,SBIN
2025-03-17 04:45:00+00:00,724.1500244140625,725.2000122070312,722.5499877929688,724.25,518264,SBIN
2025-03-17 05:45:00+00:00,725.8499755859375,726.1500244140625,724.0,724.0499877929688,535689,SBIN
2025-03-17 06:45:00+00:00,724.4000244140625,725.7999877929688,723.1500244140625,725.7999877929688,496453,SBIN
2025-03-17 07:45:00+00:00,725.0999755859375,725.7000122070312,723.7000122070312,724.4000244140625,543811,SBIN
2025-03-17 08:45:00+00:00,723.0499877929688,725.25,723.0,725.25,846725,SBIN
2025-03-17 09:45:00+00:00,723.2999877929688,723.6500244140625,722.5,723.0999755859375,615945,SBIN
2025-03-18 03:45:00+00:00,729.9000244140625,730.2000122070312,723.1500244140625,726.5999755859375,0,SBIN
2025-03-18 04:45:00+00:00,729.4000244140625,731.7999877929688,728.5,730.0,1208789,SBIN
2025-03-18 05:45:00+00:00,731.1500244140625,732.0,728.75,729.25,839811,SBIN
2025-03-18 06:45:00+00:00,730.8499755859375,732.0,729.0,731.5,718523,SBIN
2025-03-18 07:45:00+00:00,732.4000244140625,733.4000244140625,730.5,730.8499755859375,755065,SBIN
2025-03-18 08:45:00+00:00,736.3499755859375,738.3499755859375,732.2000122070312,732.5,2009758,SBIN
2025-03-18 09:45:00+00:00,737.5,737.7999877929688,735.9500122070312,736.3499755859375,635675,SBIN
2025-03-19 03:45:00+00:00,742.7999877929688,745.0999755859375,739.3499755859375,741.25,0,SBIN
2025-03-19 04:45:00+00:00,745.75,747.1500244140625,742.75,742.8499755859375,1137573,SBIN
2025-03-19 05:45:00+00:00,746.6500244140625,747.4500122070312,744.9500122070312,745.7000122070312,597464,SBIN
2025-03-19 06:45:00+00:00,746.5,747.75,745.25,746.6500244140625,1188600,SBIN
2025-03-19 07:45:00+00:00,746.9000244140625,749.2999877929688,745.9000244140625,746.5,1068575,SBIN
2025-03-19 08:45:00+00:00,744.9000244140625,747.4500122070312,744.5499877929688,746.9500122070312,1000391,SBIN
2025-03-19 09:45:00+00:00,745.25,745.5,744.5,744.5999755859375,597190,SBIN
2025-03-20 03:45:00+00:00,745.1500244140625,752.5,744.25,748.0,0,SBIN
2025-03-20 04:45:00+00:00,747.0999755859375,748.4500122070312,744.9000244140625,745.0999755859375,638445,SBIN
2025-03-20 05:45:00+00:00,745.9500122070312,747.4000244140625,745.0499877929688,747.0499877929688,387629,SBIN
2025-03-20 06:45:00+00:00,747.25,747.4500122070312,745.7000122070312,745.9000244140625,557110,SBIN
2025-03-20 07:45:00+00:00,748.0499877929688,749.4000244140625,746.75,747.4500122070312,898823,SBIN
2025-03-20 08:45:00+00:00,749.5,750.9500122070312,747.2999877929688,748.0,2039100,SBIN
2025-03-20 09:45:00+00:00,748.5499877929688,749.9500122070312,748.3499755859375,749.3499755859375,621242,SBIN
2025-03-21 03:45:00+00:00,750.3499755859375,751.9500122070312,747.0999755859375,749.9500122070312,0,SBIN
2025-03-21 04:45:00+00:00,751.2000122070312,753.3499755859375,750.0499877929688,750.7000122070312,753965,SBIN
2025-03-21 05:45:00+00:00,751.75,752.0,749.2999877929688,751.25,728926,SBIN
2025-03-21 06:45:00+00:00,752.1500244140625,753.2999877929688,751.4000244140625,751.5,792997,SBIN
2025-03-21 07:45:00+00:00,752.4000244140625,752.9500122070312,749.75,751.9000244140625,1063706,SBIN
2025-03-21 08:45:00+00:00,752.0499877929688,755.5,751.75,752.4000244140625,2635201,SBIN
2025-03-21 09:45:00+00:00,753.2000122070312,755.5999755859375,751.5999755859375,751.9000244140625,2369606,SBIN
2025-03-24 03:45:00+00:00,766.25,767.5499877929688,755.1500244140625,755.3499755859375,0,SBIN
2025-03-24 04:45:00+00:00,769.5999755859375,770.75,764.75,766.25,1524088,SBIN
2025-03-24 05:45:00+00:00,771.25,771.8499755859375,767.0,769.3499755859375,1228825,SBIN
2025-03-24 06:45:00+00:00,776.7999877929688,777.2000122070312,771.2000122070312,771.5999755859375,1956667,SBIN
2025-03-24 07:45:00+00:00,775.7000122070312,777.0,773.6500244140625,776.7999877929688,1170020,SBIN
2025-03-24 08:45:00+00:00,781.0499877929688,781.2999877929688,775.0999755859375,775.9000244140625,2602298,SBIN
2025-03-24 09:45:00+00:00,781.0,782.75,781.0,781.0999755859375,1289358,SBIN
2025-03-25 03:45:00+00:00,778.6500244140625,786.0,777.0999755859375,783.6500244140625,0,SBIN
2025-03-25 04:45:00+00:00,776.5499877929688,781.0999755859375,775.2999877929688,778.5,2031313,SBIN
2025-03-25 05:45:00+00:00,776.75,777.5499877929688,773.1500244140625,776.4000244140625,1521523,SBIN
2025-03-25 06:45:00+00:00,775.9000244140625,779.0,775.3499755859375,776.75,1580254,SBIN
2025-03-25 07:45:00+00:00,776.4000244140625,777.3499755859375,774.5,775.9000244140625,1842611,SBIN
2025-03-25 08:45:00+00:00,773.5999755859375,776.6500244140625,773.0,776.0999755859375,2902235,SBIN
2025-03-25 09:45:00+00:00,770.3499755859375,773.75,769.9000244140625,773.5499877929688,1914197,SBIN
2025-03-26 03:45:00+00:00,771.2000122070312,776.0499877929688,768.0999755859375,772.3499755859375,0,SBIN
2025-03-26 04:45:00+00:00,772.4000244140625,775.2999877929688,770.5,771.4500122070312,783802,SBIN
2025-03-26 05:45:00+00:00,769.7000122070312,772.9000244140625,768.25,772.4500122070312,576553,SBIN
2025-03-26 06:45:00+00:00,767.0999755859375,770.9500122070312,766.4500122070312,769.7000122070312,942340,SBIN
2025-03-26 07:45:00+00:00,764.0499877929688,768.3499755859375,763.3499755859375,767.0999755859375,1142543,SBIN
2025-03-26 08:45:00+00:00,764.5499877929688,765.5999755859375,763.1500244140625,764.0499877929688,1915441,SBIN
2025-03-26 09:45:00+00:00,762.9000244140625,764.6500244140625,761.5499877929688,764.5,733033,SBIN
2025-03-27 03:45:00+00:00,768.9000244140625,770.8499755859375,760.5999755859375,763.0,0,SBIN
2025-03-27 04:45:00+00:00,773.2999877929688,773.75,767.5,769.0499877929688,1030783,SBIN
2025-03-27 05:45:00+00:00,767.6500244140625,773.4500122070312,767.5499877929688,773.2999877929688,765351,SBIN
2025-03-27 06:45:00+00:00,767.4000244140625,768.4500122070312,766.25,767.5999755859375,754713,SBIN
2025-03-27 07:45:00+00:00,769.4500122070312,772.0,766.9000244140625,767.4000244140625,1310497,SBIN
2025-03-27 08:45:00+00:00,772.7999877929688,773.1500244140625,768.0,769.4500122070312,6036042,SBIN
2025-03-27 09:45:00+00:00,774.9500122070312,775.1500244140625,771.25,772.3499755859375,3773331,SBIN
2025-03-28 03:45:00+00:00,774.5999755859375,778.5,771.9000244140625,773.9000244140625,0,SBIN
2025-03-28 04:45:00+00:00,774.4000244140625,778.4000244140625,774.0999755859375,774.8499755859375,727125,SBIN
2025-03-28 05:45:00+00:00,775.0999755859375,775.3499755859375,772.4000244140625,774.0999755859375,800828,SBIN
2025-03-28 06:45:00+00:00,770.2000122070312,775.0999755859375,770.0,775.0999755859375,762711,SBIN
2025-03-28 07:45:00+00:00,771.3499755859375,771.3499755859375,768.25,770.2999877929688,759677,SBIN
2025-03-28 08:45:00+00:00,772.1500244140625,777.0,770.9000244140625,771.0,2096473,SBIN
2025-03-28 09:45:00+00:00,770.5,772.3499755859375,770.2999877929688,772.3499755859375,1001590,SBIN
2025-04-01 03:45:00+00:00,778.2999877929688,782.75,763.75,764.5999755859375,0,SBIN
2025-04-01 04:45:00+00:00,769.3499755859375,779.9500122070312,769.0,778.2999877929688,1271406,SBIN
2025-04-01 05:45:00+00:00,768.75,770.2000122070312,766.0,769.5499877929688,867398,SBIN
2025-04-01 06:45:00+00:00,769.7999877929688,772.0,768.7000122070312,768.75,754228,SBIN
2025-04-01 07:45:00+00:00,769.3499755859375,770.2000122070312,767.0,769.8499755859375,693153,SBIN
2025-04-01 08:45:00+00:00,771.9000244140625,772.5,768.25,769.5499877929688,989422,SBIN
2025-04-01 09:45:00+00:00,771.7000122070312,772.4500122070312,771.0999755859375,772.0,495562,SBIN
2025-04-02 03:45:00+00:00,767.5,774.7000122070312,764.2999877929688,772.8499755859375,0,SBIN
2025-04-02 04:45:00+00:00,773.4000244140625,774.3499755859375,766.2000122070312,767.5,732527,SBIN
2025-04-02 05:45:00+00:00,773.9500122070312,774.25,770.75,773.0999755859375,693620,SBIN
2025-04-02 06:45:00+00:00,772.9000244140625,776.0,770.5999755859375,774.0999755859375,661847,SBIN
2025-04-02 07:45:00+00:00,773.4500122070312,774.4500122070312,771.5,773.0499877929688,659588,SBIN
2025-04-02 08:45:00+00:00,776.25,777.0,773.2000122070312,773.4500122070312,1036602,SBIN
2025-04-02 09:45:00+00:00,776.5999755859375,776.5999755859375,775.5499877929688,776.1500244140625,573166,SBIN
2025-04-03 03:45:00+00:00,777.4500122070312,778.0,770.0499877929688,771.5499877929688,0,SBIN
2025-04-03 04:45:00+00:00,778.7000122070312,779.75,776.2999877929688,777.5,871714,SBIN
2025-04-03 05:45:00+00:00,778.2999877929688,780.5,777.2999877929688,778.5,1017329,SBIN
2025-04-03 06:45:00+00:00,777.75,779.75,777.0999755859375,778.5999755859375,604136,SBIN
2025-04-03 07:45:00+00:00,782.0,784.7000122070312,776.25,777.7999877929688,1740255,SBIN
2025-04-03 08:45:00+00:00,778.9000244140625,783.0,778.0999755859375,782.0499877929688,1342262,SBIN
2025-04-03 09:45:00+00:00,779.2000122070312,780.7999877929688,778.5999755859375,778.9500122070312,672398,SBIN
2025-04-04 03:45:00+00:00,774.0499877929688,782.9000244140625,773.0999755859375,778.8499755859375,0,SBIN
2025-04-04 04:45:00+00:00,778.7000122070312,779.7999877929688,773.4500122070312,773.75,871905,SBIN
2025-04-04 05:45:00+00:00,778.9000244140625,781.1500244140625,776.5,778.4500122070312,1098958,SBIN
2025-04-04 06:45:00+00:00,776.25,779.4000244140625,776.0,778.9000244140625,613078,SBIN
2025-04-04 07:45:00+00:00,776.2000122070312,777.7999877929688,772.2000122070312,776.2000122070312,682146,SBIN
2025-04-04 08:45:00+00:00,768.0999755859375,776.5,765.0,776.25,2342676,SBIN
2025-04-04 09:45:00+00:00,768.5,769.5999755859375,766.5999755859375,768.0,719271,SBIN
2025-04-07 03:45:00+00:00,738.7000122070312,753.5,733.75,733.75,0,SBIN
2025-04-07 04:45:00+00:00,746.5,748.9500122070312,736.2999877929688,738.4500122070312,1819963,SBIN
2025-04-07 05:45:00+00:00,735.4000244140625,747.5999755859375,735.0,746.5,810834,SBIN
2025-04-07 06:45:00+00:00,739.5,741.7000122070312,731.0999755859375,735.4000244140625,1871423,SBIN
2025-04-07 07:45:00+00:00,744.7999877929688,747.5,737.0499877929688,739.25,1197627,SBIN
2025-04-07 08:45:00+00:00,747.5499877929688,749.0,737.9500122070312,745.0,3848984,SBIN
2025-04-07 09:45:00+00:00,749.0,749.5499877929688,745.5999755859375,747.5499877929688,942756,SBIN
2025-04-08 03:45:00+00:00,764.1500244140625,772.2999877929688,762.0499877929688,762.0499877929688,0,SBIN
2025-04-08 04:45:00+00:00,767.2000122070312,768.9500122070312,759.75,764.2000122070312,2361084,SBIN
2025-04-08 05:45:00+00:00,768.5,768.5,763.2999877929688,767.0999755859375,953255,SBIN
2025-04-08 06:45:00+00:00,773.2999877929688,774.0,767.0,768.5999755859375,1501485,SBIN
2025-04-08 07:45:00+00:00,769.0499877929688,774.0,765.2000122070312,773.2999877929688,1619426,SBIN
2025-04-08 08:45:00+00:00,768.5499877929688,771.4000244140625,766.25,769.4500122070312,2851408,SBIN
2025-04-08 09:45:00+00:00,770.0,770.0,767.7999877929688,768.5499877929688,910223,SBIN
2025-04-09 03:45:00+00:00,757.2000122070312,767.8499755859375,756.7999877929688,765.8499755859375,0,SBIN
2025-04-09 04:45:00+00:00,751.2999877929688,760.5,750.0,757.0,1319423,SBIN
2025-04-09 05:45:00+00:00,753.4000244140625,754.9500122070312,750.2000122070312,750.9500122070312,1177332,SBIN
2025-04-09 06:45:00+00:00,752.6500244140625,756.7000122070312,751.7000122070312,753.4500122070312,2060434,SBIN
2025-04-09 07:45:00+00:00,745.4500122070312,752.9000244140625,744.75,752.5,1950403,SBIN
2025-04-09 08:45:00+00:00,742.0999755859375,746.2999877929688,741.7999877929688,745.5,2163006,SBIN
2025-04-09 09:45:00+00:00,742.5,743.0,741.0,742.0499877929688,909243,SBIN
2025-04-11 03:45:00+00:00,751.2999877929688,756.5,748.5499877929688,755.8499755859375,0,SBIN
2025-04-11 04:45:00+00:00,750.7999877929688,752.0,746.0,751.2999877929688,1568094,SBIN
2025-04-11 05:45:00+00:00,754.0999755859375,754.5,750.0999755859375,750.7999877929688,1189881,SBIN
2025-04-11 06:45:00+00:00,755.25,755.7000122070312,753.4000244140625,754.0499877929688,1078789,SBIN
2025-04-11 07:45:00+00:00,752.4500122070312,757.3499755859375,751.5,755.1500244140625,1249923,SBIN
2025-04-11 08:45:00+00:00,754.2999877929688,754.8499755859375,751.0,752.4500122070312,1210419,SBIN
2025-04-11 09:45:00+00:00,754.0,754.5999755859375,753.0999755859375,754.25,599663,SBIN
2025-04-15 03:45:00+00:00,769.5999755859375,770.4500122070312,757.6500244140625,763.0499877929688,0,SBIN
2025-04-15 04:45:00+00:00,766.75,770.2000122070312,766.6500244140625,769.7999877929688,539990,SBIN
2025-04-15 05:45:00+00:00,767.7000122070312,769.0999755859375,766.2999877929688,766.9500122070312,533654,SBIN
2025-04-15 06:45:00+00:00,764.75,767.9500122070312,764.5,767.7000122070312,818465,SBIN
2025-04-15 07:45:00+00:00,765.2000122070312,766.0,764.5,764.7999877929688,958018,SBIN
2025-04-15 08:45:00+00:00,763.6500244140625,765.3499755859375,762.5,765.25,1949172,SBIN
2025-04-15 09:45:00+00:00,764.7000122070312,765.0999755859375,762.7000122070312,763.6500244140625,1082623,SBIN
2025-04-16 03:45:00+00:00,770.4000244140625,770.5499877929688,760.5,763.7000122070312,2021823,SBIN
2025-04-16 04:45:00+00:00,765.0,771.0,762.5999755859375,770.4000244140625,1749566,SBIN
2025-04-16 05:45:00+00:00,767.9000244140625,768.0,764.2000122070312,765.0,1001966,SBIN
2025-04-16 06:45:00+00:00,767.8499755859375,769.3499755859375,767.0499877929688,767.9000244140625,1459845,SBIN
2025-04-16 07:45:00+00:00,773.9500122070312,774.75,765.6500244140625,767.8499755859375,3114189,SBIN
2025-04-16 08:45:00+00:00,771.5,774.5,771.2000122070312,774.0,2276545,SBIN
2025-04-16 09:45:00+00:00,772.75,772.75,771.25,771.5,911143,SBIN
2025-04-17 03:45:00+00:00,771.1500244140625,776.4000244140625,767.25,770.2999877929688,0,SBIN
2025-04-17 04:45:00+00:00,771.25,773.2000122070312,769.4000244140625,771.1500244140625,1882142,SBIN
2025-04-17 05:45:00+00:00,779.0499877929688,780.1500244140625,770.7999877929688,771.2000122070312,3166973,SBIN
2025-04-17 06:45:00+00:00,795.75,796.4500122070312,777.6500244140625,779.1500244140625,5957635,SBIN
2025-04-17 07:45:00+00:00,796.0,798.9000244140625,794.0,795.5499877929688,5633204,SBIN
2025-04-17 08:45:00+00:00,795.6500244140625,801.0,795.3499755859375,796.0,5210315,SBIN
2025-04-17 09:45:00+00:00,793.8499755859375,797.4500122070312,793.5999755859375,795.6500244140625,1463255,SBIN
2025-04-21 03:45:00+00:00,819.0999755859375,821.5999755859375,801.9500122070312,803.0499877929688,0,SBIN
2025-04-21 04:45:00+00:00,822.6500244140625,824.2999877929688,818.0,818.8499755859375,2309254,SBIN
2025-04-21 05:45:00+00:00,819.25,823.5499877929688,818.0,822.6500244140625,1718786,SBIN
2025-04-21 06:45:00+00:00,820.9000244140625,821.4000244140625,818.7999877929688,819.2000122070312,1199191,SBIN
2025-04-21 07:45:00+00:00,817.9000244140625,821.0,816.5499877929688,821.0,1356845,SBIN
2025-04-21 08:45:00+00:00,816.7000122070312,818.0,814.6500244140625,817.8499755859375,1694615,SBIN
2025-04-21 09:45:00+00:00,817.2000122070312,817.8499755859375,816.2999877929688,816.7000122070312,687709,SBIN
2025-04-22 03:45:00+00:00,820.2999877929688,822.7000122070312,814.0499877929688,818.4000244140625,0,SBIN
2025-04-22 04:45:00+00:00,831.5,833.9000244140625,820.25,820.4000244140625,7177324,SBIN
2025-04-22 05:45:00+00:00,833.1500244140625,834.25,826.2999877929688,831.25,3782040,SBIN
2025-04-22 06:45:00+00:00,828.9500122070312,835.4500122070312,828.0,833.0999755859375,3626348,SBIN
2025-04-22 07:45:00+00:00,825.7999877929688,829.1500244140625,824.8499755859375,828.9500122070312,3013385,SBIN
2025-04-22 08:45:00+00:00,822.0999755859375,827.5,822.0999755859375,825.7000122070312,2987228,SBIN
2025-04-22 09:45:00+00:00,820.4000244140625,822.4000244140625,820.0,822.2999877929688,783052,SBIN
2025-04-23 03:45:00+00:00,815.5999755859375,829.75,815.0,826.5499877929688,0,SBIN
2025-04-23 04:45:00+00:00,821.9000244140625,821.9000244140625,815.0,815.5,1521041,SBIN
2025-04-23 05:45:00+00:00,813.75,822.4000244140625,811.5999755859375,821.7999877929688,2460310,SBIN
2025-04-23 06:45:00+00:00,813.25,814.5,810.25,813.5999755859375,1665474,SBIN
2025-04-23 07:45:00+00:00,816.0499877929688,816.5,812.8499755859375,813.25,738491,SBIN
2025-04-23 08:45:00+00:00,813.4000244140625,816.0999755859375,812.8499755859375,816.0499877929688,1176164,SBIN
2025-04-23 09:45:00+00:00,814.2000122070312,814.2000122070312,812.8499755859375,813.4000244140625,678677,SBIN
2025-04-24 03:45:00+00:00,814.0999755859375,818.9000244140625,811.5,815.4000244140625,2369784,SBIN
2025-04-24 04:45:00+00:00,815.2000122070312,816.25,812.5,814.1500244140625,1365354,SBIN
2025-04-24 05:45:00+00:00,815.0999755859375,816.5,811.8499755859375,815.2000122070312,1573717,SBIN
2025-04-24 06:45:00+00:00,816.25,817.6500244140625,814.9500122070312,815.25,974980,SBIN
2025-04-24 07:45:00+00:00,815.0,818.2999877929688,814.7999877929688,816.2999877929688,1694763,SBIN
2025-04-24 08:45:00+00:00,813.25,817.0,811.4500122070312,814.7999877929688,3475267,SBIN
2025-04-24 09:45:00+00:00,811.2000122070312,813.4000244140625,811.2000122070312,813.2999877929688,1239753,SBIN
2025-04-25 03:45:00+00:00,801.1500244140625,818.6500244140625,797.4000244140625,812.5,0,SBIN
2025-04-25 04:45:00+00:00,794.4000244140625,801.4500122070312,787.0,801.0,2608945,SBIN
2025-04-25 05:45:00+00:00,798.0,798.9000244140625,793.1500244140625,794.3499755859375,1770330,SBIN
2025-04-25 06:45:00+00:00,800.9000244140625,801.0,797.0999755859375,798.1500244140625,1387169,SBIN
2025-04-25 07:45:00+00:00,801.0,803.7999877929688,799.25,800.9000244140625,1493262,SBIN
2025-04-25 08:45:00+00:00,799.3499755859375,803.5,799.0,801.0,1739751,SBIN
2025-04-25 09:45:00+00:00,797.4000244140625,799.4000244140625,796.0499877929688,799.25,792118,SBIN
2025-04-28 03:45:00+00:00,807.4500122070312,812.2999877929688,797.4000244140625,798.4500122070312,0,SBIN
2025-04-28 04:45:00+00:00,806.4000244140625,811.2000122070312,806.0,807.2000122070312,1277010,SBIN
2025-04-28 05:45:00+00:00,811.3499755859375,812.0,804.5499877929688,806.3499755859375,1094598,SBIN
2025-04-28 06:45:00+00:00,821.0,822.7999877929688,811.1500244140625,811.4000244140625,2291192,SBIN
2025-04-28 07:45:00+00:00,821.75,822.0,819.25,820.9500122070312,979538,SBIN
2025-04-28 08:45:00+00:00,817.4000244140625,822.25,816.5,821.7000122070312,2316380,SBIN
2025-04-28 09:45:00+00:00,817.0,818.4000244140625,816.5,817.1500244140625,963155,SBIN
2025-04-29 03:45:00+00:00,819.5499877929688,829.0,818.2000122070312,821.9000244140625,0,SBIN
2025-04-29 04:45:00+00:00,821.0999755859375,822.4500122070312,817.9500122070312,819.6500244140625,1579854,SBIN
2025-04-29 05:45:00+00:00,818.5999755859375,822.0,818.5499877929688,821.0999755859375,1234293,SBIN
2025-04-29 06:45:00+00:00,819.7000122070312,820.9000244140625,816.5999755859375,818.5999755859375,1201942,SBIN
2025-04-29 07:45:00+00:00,818.4000244140625,820.3499755859375,817.5,819.5999755859375,841441,SBIN
2025-04-29 08:45:00+00:00,812.1500244140625,819.5,812.0999755859375,818.2000122070312,2548990,SBIN
2025-04-29 09:45:00+00:00,810.75,812.2000122070312,809.0,812.0999755859375,905532,SBIN
2025-04-30 03:45:00+00:00,793.0999755859375,809.3499755859375,793.0999755859375,809.3499755859375,0,SBIN
2025-04-30 04:45:00+00:00,789.9000244140625,793.6500244140625,784.6500244140625,793.0999755859375,6917055,SBIN
2025-04-30 05:45:00+00:00,790.0999755859375,792.25,789.2999877929688,789.8499755859375,1295798,SBIN
2025-04-30 06:45:00+00:00,791.2000122070312,791.25,789.0999755859375,790.0999755859375,1207023,SBIN
2025-04-30 07:45:00+00:00,790.0,791.4000244140625,788.5,791.25,1921926,SBIN
2025-04-30 08:45:00+00:00,788.5499877929688,791.1500244140625,787.2000122070312,790.0499877929688,6800637,SBIN
2025-04-30 09:45:00+00:00,787.5999755859375,789.2000122070312,785.0999755859375,788.5999755859375,2181108,SBIN
2025-05-02 03:45:00+00:00,795.7000122070312,797.0,789.0999755859375,794.3499755859375,0,SBIN
2025-05-02 04:45:00+00:00,798.5999755859375,803.4000244140625,795.5999755859375,795.6500244140625,2874296,SBIN
2025-05-02 05:45:00+00:00,794.9500122070312,800.0,791.2000122070312,798.5999755859375,1453909,SBIN
2025-05-02 06:45:00+00:00,794.2000122070312,796.0,791.5499877929688,794.9000244140625,1820401,SBIN
2025-05-02 07:45:00+00:00,796.4500122070312,797.9500122070312,793.0999755859375,793.7999877929688,1716518,SBIN
2025-05-02 08:45:00+00:00,800.8499755859375,801.75,794.7000122070312,796.3499755859375,2539495,SBIN
2025-05-02 09:45:00+00:00,798.0999755859375,801.0,798.0999755859375,800.7999877929688,883834,SBIN
2025-05-05 03:45:00+00:00,786.4000244140625,798.9500122070312,784.0,795.4000244140625,0,SBIN
2025-05-05 04:45:00+00:00,792.0,793.5499877929688,785.0499877929688,786.2999877929688,4110849,SBIN
2025-05-05 05:45:00+00:00,789.6500244140625,793.0,788.5,792.0999755859375,1777953,SBIN
2025-05-05 06:45:00+00:00,792.3499755859375,792.8499755859375,786.7000122070312,789.75,3485557,SBIN
2025-05-05 07:45:00+00:00,790.5999755859375,793.2000122070312,790.4500122070312,792.2000122070312,1348370,SBIN
2025-05-05 08:45:00+00:00,789.8499755859375,791.4500122070312,788.75,790.5999755859375,2448381,SBIN
2025-05-05 09:45:00+00:00,790.6500244140625,790.7999877929688,789.5999755859375,789.8499755859375,1155150,SBIN
2025-05-06 03:45:00+00:00,779.0999755859375,797.4000244140625,778.6500244140625,797.4000244140625,0,SBIN
2025-05-06 04:45:00+00:00,777.1500244140625,779.2000122070312,775.0999755859375,779.2000122070312,2321712,SBIN
2025-05-06 05:45:00+00:00,776.2000122070312,778.4000244140625,771.0999755859375,777.2999877929688,2459415,SBIN
2025-05-06 06:45:00+00:00,775.7999877929688,776.5,773.75,776.25,2148720,SBIN
2025-05-06 07:45:00+00:00,776.2000122070312,778.25,775.25,775.7999877929688,1978216,SBIN
2025-05-06 08:45:00+00:00,774.8499755859375,779.5499877929688,773.4500122070312,776.0999755859375,3940347,SBIN
2025-05-06 09:45:00+00:00,774.0999755859375,775.5,771.5,775.0999755859375,1625860,SBIN
2025-05-07 03:45:00+00:00,775.6500244140625,782.4000244140625,765.2999877929688,767.25,0,SBIN
2025-05-07 04:45:00+00:00,778.4500122070312,780.0,774.5,775.25,1436249,SBIN
2025-05-07 05:45:00+00:00,776.5,780.5,775.2000122070312,778.25,1284225,SBIN
2025-05-07 06:45:00+00:00,773.8499755859375,778.0,772.9500122070312,776.5499877929688,2009533,SBIN
2025-05-07 07:45:00+00:00,773.75,775.75,771.2000122070312,773.8499755859375,1725188,SBIN
2025-05-07 08:45:00+00:00,775.6500244140625,776.5499877929688,772.0499877929688,773.9500122070312,2189057,SBIN
2025-05-07 09:45:00+00:00,777.5,778.0,775.5,775.6500244140625,1431018,SBIN
2025-05-08 03:45:00+00:00,783.75,784.7999877929688,777.9500122070312,777.9500122070312,0,SBIN
2025-05-08 04:45:00+00:00,781.5,786.5,781.4000244140625,783.6500244140625,1560898,SBIN
2025-05-08 05:45:00+00:00,780.1500244140625,782.9000244140625,779.7000122070312,781.5499877929688,909630,SBIN
2025-05-08 06:45:00+00:00,779.8499755859375,782.4000244140625,779.25,780.1500244140625,1042528,SBIN
2025-05-08 07:45:00+00:00,773.7999877929688,781.5999755859375,772.5,779.5999755859375,1996668,SBIN
2025-05-08 08:45:00+00:00,770.25,776.3499755859375,768.5999755859375,773.9000244140625,3984939,SBIN
2025-05-08 09:45:00+00:00,765.4500122070312,770.6500244140625,764.4000244140625,770.25,2691583,SBIN
2025-05-09 03:45:00+00:00,768.2999877929688,772.5499877929688,756.0,756.0,0,SBIN
2025-05-09 04:45:00+00:00,774.3499755859375,776.5999755859375,766.0499877929688,768.3499755859375,2725656,SBIN
2025-05-09 05:45:00+00:00,776.6500244140625,779.0,772.5999755859375,774.3499755859375,1790104,SBIN
2025-05-09 06:45:00+00:00,775.5499877929688,777.6500244140625,774.0,776.6500244140625,1019967,SBIN
2025-05-09 07:45:00+00:00,774.4500122070312,776.4000244140625,772.9500122070312,775.5499877929688,956575,SBIN
2025-05-09 08:45:00+00:00,780.2000122070312,780.6500244140625,773.25,774.4500122070312,1886490,SBIN
2025-05-09 09:45:00+00:00,780.0,781.6500244140625,778.7999877929688,780.0,999806,SBIN
2025-05-12 03:45:00+00:00,794.9500122070312,802.2000122070312,794.2000122070312,798.9500122070312,0,SBIN
2025-05-12 04:45:00+00:00,799.9500122070312,800.7999877929688,793.1500244140625,795.3499755859375,2461810,SBIN
2025-05-12 05:45:00+00:00,801.5,803.9000244140625,799.5499877929688,799.5999755859375,2068137,SBIN
2025-05-12 06:45:00+00:00,800.0,803.0,799.4500122070312,801.75,899907,SBIN
2025-05-12 07:45:00+00:00,801.0,802.7999877929688,799.5499877929688,800.2999877929688,2329443,SBIN
2025-05-12 08:45:00+00:00,801.5499877929688,803.3499755859375,800.5499877929688,801.0,1402380,SBIN
2025-05-12 09:45:00+00:00,800.9500122070312,802.0999755859375,800.7000122070312,801.75,809979,SBIN
2025-05-13 03:45:00+00:00,806.8499755859375,807.5999755859375,798.1500244140625,800.0,0,SBIN
2025-05-13 04:45:00+00:00,802.9500122070312,806.9000244140625,802.5,806.9000244140625,2017972,SBIN
2025-05-13 05:45:00+00:00,802.6500244140625,805.3499755859375,801.6500244140625,803.0,1433005,SBIN
2025-05-13 06:45:00+00:00,801.7000122070312,803.0,800.0499877929688,802.6500244140625,1852786,SBIN
2025-05-13 07:45:00+00:00,799.2999877929688,801.9500122070312,798.25,801.7000122070312,1209530,SBIN
2025-05-13 08:45:00+00:00,801.5499877929688,803.5,797.25,799.4000244140625,2796919,SBIN
2025-05-13 09:45:00+00:00,801.75,802.25,801.1500244140625,801.5999755859375,944533,SBIN
2025-05-14 03:45:00+00:00,804.0499877929688,807.25,802.5,805.5,0,SBIN
2025-05-14 04:45:00+00:00,804.8499755859375,806.7999877929688,803.5,804.0499877929688,989756,SBIN
2025-05-14 05:45:00+00:00,800.8499755859375,805.1500244140625,798.5999755859375,804.8499755859375,1607905,SBIN
2025-05-14 06:45:00+00:00,798.9000244140625,800.9500122070312,796.4500122070312,800.5999755859375,1545023,SBIN
2025-05-14 07:45:00+00:00,798.5499877929688,799.7999877929688,797.5,798.8499755859375,859450,SBIN
2025-05-14 08:45:00+00:00,800.4500122070312,802.0,798.0499877929688,798.5999755859375,1741561,SBIN
2025-05-14 09:45:00+00:00,802.4000244140625,802.8499755859375,800.0499877929688,800.5,786872,SBIN
2025-05-15 03:45:00+00:00,796.8499755859375,805.4000244140625,795.0,805.0,0,SBIN
2025-05-15 04:45:00+00:00,796.5499877929688,802.9000244140625,796.0,796.7999877929688,2075646,SBIN
2025-05-15 05:45:00+00:00,796.5,798.0,794.5,796.6500244140625,1546061,SBIN
2025-05-15 06:45:00+00:00,802.1500244140625,802.2000122070312,795.5,796.5,2072566,SBIN
2025-05-15 07:45:00+00:00,805.7000122070312,807.4000244140625,800.5,802.2000122070312,3132552,SBIN
2025-05-15 08:45:00+00:00,807.5499877929688,809.4000244140625,804.0999755859375,805.75,3738717,SBIN
2025-05-15 09:45:00+00:00,808.0,808.3499755859375,807.0499877929688,807.4500122070312,1664360,SBIN
2025-05-16 03:45:00+00:00,796.0999755859375,798.25,794.0,798.25,0,SBIN
2025-05-16 04:45:00+00:00,794.5999755859375,797.5,793.2000122070312,796.2000122070312,1954316,SBIN
2025-05-16 05:45:00+00:00,792.0499877929688,794.6500244140625,792.0,794.6500244140625,1527269,SBIN
2025-05-16 06:45:00+00:00,793.0,793.7999877929688,791.0,792.0499877929688,1555497,SBIN
2025-05-16 07:45:00+00:00,793.0,793.5,792.0499877929688,793.0,1051587,SBIN
2025-05-16 08:45:00+00:00,792.0999755859375,793.5,791.5999755859375,793.25,2433639,SBIN
2025-05-16 09:45:00+00:00,792.2999877929688,792.4000244140625,791.0999755859375,792.2000122070312,1239657,SBIN
2025-05-19 03:45:00+00:00,796.1500244140625,797.5999755859375,792.5,793.2999877929688,0,SBIN
2025-05-19 04:45:00+00:00,798.2999877929688,800.75,796.0,796.0,1866052,SBIN
2025-05-19 05:45:00+00:00,797.7000122070312,801.0,797.0,798.0,1198371,SBIN
2025-05-19 06:45:00+00:00,798.9500122070312,801.4000244140625,797.0,797.6500244140625,1199115,SBIN
2025-05-19 07:45:00+00:00,794.7999877929688,799.9500122070312,793.7999877929688,798.7999877929688,1167292,SBIN
2025-05-19 08:45:00+00:00,794.8499755859375,795.75,793.0,794.9000244140625,1996104,SBIN
2025-05-19 09:45:00+00:00,795.0,795.9500122070312,794.0999755859375,795.0,1095921,SBIN
2025-05-20 03:45:00+00:00,793.2999877929688,799.2999877929688,791.2000122070312,797.3499755859375,0,SBIN
2025-05-20 04:45:00+00:00,792.7000122070312,795.2000122070312,792.0999755859375,793.25,764553,SBIN
2025-05-20 05:45:00+00:00,791.25,793.0999755859375,790.5,792.5999755859375,717958,SBIN
2025-05-20 06:45:00+00:00,789.5999755859375,792.5,788.75,791.2999877929688,1143738,SBIN
2025-05-20 07:45:00+00:00,785.7000122070312,789.9500122070312,785.2000122070312,789.2999877929688,1857764,SBIN
2025-05-20 08:45:00+00:00,786.25,787.0,783.7999877929688,785.5999755859375,3442383,SBIN
2025-05-20 09:45:00+00:00,786.6500244140625,786.7999877929688,785.0,786.2999877929688,1331277,SBIN
2025-05-21 03:45:00+00:00,789.1500244140625,789.4500122070312,782.0,785.5,0,SBIN
2025-05-21 04:45:00+00:00,788.75,791.0,787.2999877929688,789.4000244140625,1090997,SBIN
2025-05-21 05:45:00+00:00,781.75,789.0,781.2999877929688,788.75,1393192,SBIN
2025-05-21 06:45:00+00:00,785.2000122070312,785.4500122070312,779.1500244140625,781.75,1295368,SBIN
2025-05-21 07:45:00+00:00,786.25,788.0,783.9000244140625,785.3499755859375,894948,SBIN
2025-05-21 08:45:00+00:00,786.9500122070312,787.9000244140625,785.9000244140625,786.2000122070312,1246571,SBIN
2025-05-21 09:45:00+00:00,787.2000122070312,787.6500244140625,786.5499877929688,786.9500122070312,575107,SBIN
2025-05-22 03:45:00+00:00,785.0,787.7000122070312,784.4000244140625,786.4500122070312,0,SBIN
2025-05-22 04:45:00+00:00,785.4000244140625,787.5,784.8499755859375,784.9500122070312,651804,SBIN
2025-05-22 05:45:00+00:00,784.4000244140625,785.9500122070312,783.1500244140625,785.25,799898,SBIN
2025-05-22 06:45:00+00:00,784.9000244140625,785.3499755859375,783.2999877929688,784.4500122070312,923375,SBIN
2025-05-22 07:45:00+00:00,782.5999755859375,785.0499877929688,781.5,784.9500122070312,792482,SBIN
2025-05-22 08:45:00+00:00,785.2999877929688,785.7999877929688,780.2999877929688,782.5999755859375,2128088,SBIN
2025-05-22 09:45:00+00:00,785.25,785.9500122070312,784.4500122070312,785.1500244140625,606530,SBIN
2025-05-23 03:45:00+00:00,788.0999755859375,791.2999877929688,786.5499877929688,787.9000244140625,0,SBIN
2025-05-23 04:45:00+00:00,790.5,791.0999755859375,786.3499755859375,788.1500244140625,823638,SBIN
2025-05-23 05:45:00+00:00,791.9500122070312,792.0,788.0,790.6500244140625,817942,SBIN
2025-05-23 06:45:00+00:00,791.7999877929688,794.9500122070312,791.7000122070312,792.0,1100313,SBIN
2025-05-23 07:45:00+00:00,792.3499755859375,793.3499755859375,790.7000122070312,791.9000244140625,464209,SBIN
2025-05-23 08:45:00+00:00,790.75,793.25,790.0499877929688,792.5,846227,SBIN
2025-05-23 09:45:00+00:00,790.5,791.0,789.75,790.9000244140625,384178,SBIN
2025-05-26 03:45:00+00:00,794.5,797.5499877929688,793.5499877929688,794.4000244140625,0,SBIN
2025-05-26 04:45:00+00:00,793.0499877929688,794.9000244140625,789.25,794.4500122070312,902009,SBIN
2025-05-26 05:45:00+00:00,793.1500244140625,794.5,791.5499877929688,792.7999877929688,497368,SBIN
2025-05-26 06:45:00+00:00,794.5,795.0,792.9500122070312,793.1500244140625,482189,SBIN
2025-05-26 07:45:00+00:00,794.7999877929688,795.1500244140625,793.5999755859375,794.5,500091,SBIN
2025-05-26 08:45:00+00:00,794.5499877929688,795.4000244140625,794.0,794.7999877929688,717609,SBIN
2025-05-26 09:45:00+00:00,794.1500244140625,794.7000122070312,794.0,794.5499877929688,509348,SBIN
2025-05-27 03:45:00+00:00,791.5,795.75,790.0499877929688,794.1500244140625,0,SBIN
2025-05-27 04:45:00+00:00,796.0,797.0,790.75,791.4500122070312,1032548,SBIN
2025-05-27 05:45:00+00:00,800.7000122070312,801.2999877929688,796.0,796.0,2273327,SBIN
2025-05-27 06:45:00+00:00,796.6500244140625,801.0999755859375,796.0499877929688,800.7000122070312,1695072,SBIN
2025-05-27 07:45:00+00:00,794.25,797.2999877929688,793.2999877929688,796.7999877929688,1314745,SBIN
2025-05-27 08:45:00+00:00,794.0,795.3499755859375,792.4000244140625,794.25,3221649,SBIN
2025-05-27 09:45:00+00:00,794.25,794.4000244140625,793.2000122070312,793.9500122070312,1255863,SBIN
2025-05-28 03:45:00+00:00,795.0,797.7999877929688,792.6500244140625,794.7000122070312,0,SBIN
2025-05-28 04:45:00+00:00,798.0,798.9000244140625,794.2000122070312,795.0,909626,SBIN
2025-05-28 05:45:00+00:00,795.2999877929688,798.6500244140625,795.0,798.0,451953,SBIN
2025-05-28 06:45:00+00:00,797.0,798.0,794.7999877929688,795.0999755859375,636144,SBIN
2025-05-28 07:45:00+00:00,796.6500244140625,797.6500244140625,794.5999755859375,797.0,962534,SBIN
2025-05-28 08:45:00+00:00,796.7999877929688,797.5,795.1500244140625,796.6500244140625,1666386,SBIN
2025-05-28 09:45:00+00:00,796.0,797.0,795.5999755859375,796.75,678744,SBIN
2025-05-29 03:45:00+00:00,795.0999755859375,799.9500122070312,794.0999755859375,798.2999877929688,0,SBIN
2025-05-29 04:45:00+00:00,792.7999877929688,796.6500244140625,792.5,795.0999755859375,1130095,SBIN
2025-05-29 05:45:00+00:00,792.9000244140625,793.5,792.0,792.6500244140625,810942,SBIN
2025-05-29 06:45:00+00:00,793.5,793.5,791.3499755859375,793.0,2346621,SBIN
2025-05-29 07:45:00+00:00,792.75,794.4000244140625,792.0999755859375,793.5499877929688,1865994,SBIN
2025-05-29 08:45:00+00:00,797.9500122070312,798.25,792.2999877929688,792.7999877929688,4072023,SBIN
2025-05-29 09:45:00+00:00,797.3499755859375,798.5999755859375,797.25,797.9500122070312,1846172,SBIN
2025-05-30 03:45:00+00:00,795.5,800.0,795.0,798.0,0,SBIN
2025-05-30 04:45:00+00:00,793.9000244140625,795.6500244140625,792.5999755859375,795.3499755859375,802689,SBIN
2025-05-30 05:45:00+00:00,794.6500244140625,796.25,793.4000244140625,793.9000244140625,689691,SBIN
2025-05-30 06:45:00+00:00,801.9500122070312,802.0,793.5999755859375,794.2000122070312,2015625,SBIN
2025-05-30 07:45:00+00:00,806.5999755859375,813.0,802.0,802.0,7281866,SBIN
2025-05-30 08:45:00+00:00,812.2999877929688,813.0,806.0999755859375,806.5999755859375,6027415,SBIN
2025-05-30 09:45:00+00:00,813.5,814.5,811.7000122070312,812.2999877929688,3555521,SBIN
2025-06-02 03:45:00+00:00,813.5499877929688,817.7000122070312,809.4000244140625,812.2999877929688,0,SBIN
2025-06-02 04:45:00+00:00,816.6500244140625,817.75,812.25,813.5,2070245,SBIN
2025-06-02 05:45:00+00:00,818.0,818.7000122070312,816.0,816.6500244140625,1697950,SBIN
2025-06-02 06:45:00+00:00,818.9500122070312,822.5,816.1500244140625,817.9500122070312,3600813,SBIN
2025-06-02 07:45:00+00:00,815.1500244140625,819.0,814.75,819.0,3473642,SBIN
2025-06-02 08:45:00+00:00,814.0499877929688,815.1500244140625,812.0,815.1500244140625,2181339,SBIN
2025-06-02 09:45:00+00:00,813.4000244140625,814.0499877929688,812.8499755859375,814.0,948038,SBIN
2025-06-03 03:45:00+00:00,813.4000244140625,818.0999755859375,811.1500244140625,816.8499755859375,0,SBIN
2025-06-03 04:45:00+00:00,811.0,814.5999755859375,811.0,813.4000244140625,1654358,SBIN
2025-06-03 05:45:00+00:00,810.9500122070312,811.7999877929688,808.0999755859375,811.0,1343939,SBIN
2025-06-03 06:45:00+00:00,807.3499755859375,810.9500122070312,806.5,810.9500122070312,1252828,SBIN
2025-06-03 07:45:00+00:00,809.4000244140625,809.9500122070312,805.1500244140625,807.5,1491486,SBIN
2025-06-03 08:45:00+00:00,808.7999877929688,811.6500244140625,808.5499877929688,809.4500122070312,3352367,SBIN
2025-06-03 09:45:00+00:00,808.2000122070312,809.9500122070312,807.3499755859375,808.75,785666,SBIN
2025-06-04 03:45:00+00:00,808.0499877929688,815.0,806.0,814.0999755859375,0,SBIN
2025-06-04 04:45:00+00:00,808.0,810.2000122070312,807.0999755859375,808.0,1197076,SBIN
2025-06-04 05:45:00+00:00,807.5,808.8499755859375,806.5499877929688,808.0,569492,SBIN
2025-06-04 06:45:00+00:00,807.0,807.7999877929688,806.5999755859375,807.3499755859375,613914,SBIN
2025-06-04 07:45:00+00:00,808.0999755859375,809.2000122070312,806.5,807.0499877929688,883146,SBIN
2025-06-04 08:45:00+00:00,806.6500244140625,808.5499877929688,806.5,808.1500244140625,1572570,SBIN
2025-06-04 09:45:00+00:00,806.5,806.8499755859375,805.5,806.5499877929688,1194528,SBIN
2025-06-05 03:45:00+00:00,806.0,808.4500122070312,805.1500244140625,808.4500122070312,0,SBIN
2025-06-05 04:45:00+00:00,807.4000244140625,807.9000244140625,804.1500244140625,805.9000244140625,3186903,SBIN
2025-06-05 05:45:00+00:00,811.2999877929688,811.4000244140625,805.7000122070312,807.2999877929688,2588159,SBIN
2025-06-05 06:45:00+00:00,807.0999755859375,811.5499877929688,806.6500244140625,811.3499755859375,1066085,SBIN
2025-06-05 07:45:00+00:00,803.5999755859375,807.25,803.0,806.75,1351606,SBIN
2025-06-05 08:45:00+00:00,807.0,807.0,803.2999877929688,803.7000122070312,2146318,SBIN
2025-06-05 09:45:00+00:00,806.0,807.5,806.0,807.0,921965,SBIN
2025-06-06 03:45:00+00:00,805.9500122070312,813.1500244140625,803.5999755859375,807.75,0,SBIN
2025-06-06 04:45:00+00:00,813.2000122070312,816.4000244140625,803.2000122070312,806.0,6566834,SBIN
2025-06-06 05:45:00+00:00,814.5499877929688,816.3499755859375,811.7000122070312,813.1500244140625,1829694,SBIN
2025-06-06 06:45:00+00:00,812.6500244140625,815.0999755859375,812.2000122070312,814.4500122070312,956603,SBIN
2025-06-06 07:45:00+00:00,811.9000244140625,813.1500244140625,809.5999755859375,812.4000244140625,1277343,SBIN
2025-06-06 08:45:00+00:00,812.9500122070312,814.2000122070312,810.5999755859375,811.7999877929688,2310421,SBIN
2025-06-06 09:45:00+00:00,812.0,813.5,812.0,813.0,1112581,SBIN
2025-06-09 03:45:00+00:00,820.2999877929688,821.5,815.9000244140625,816.4500122070312,0,SBIN
2025-06-09 04:45:00+00:00,820.5,823.0,819.5999755859375,820.0,1787353,SBIN
2025-06-09 05:45:00+00:00,820.0,820.5,819.4000244140625,820.2999877929688,656753,SBIN
2025-06-09 06:45:00+00:00,822.9000244140625,823.0,819.7000122070312,820.0,1368412,SBIN
2025-06-09 07:45:00+00:00,821.0499877929688,824.5,821.0,822.7000122070312,2225761,SBIN
2025-06-09 08:45:00+00:00,820.25,821.75,819.7000122070312,821.0999755859375,1812396,SBIN
2025-06-09 09:45:00+00:00,820.0,820.3499755859375,819.7000122070312,820.1500244140625,721327,SBIN
2025-06-10 03:45:00+00:00,820.1500244140625,822.0,818.5499877929688,821.5499877929688,1522606,SBIN
2025-06-10 04:45:00+00:00,817.2000122070312,820.7999877929688,814.5999755859375,820.1500244140625,1403033,SBIN
2025-06-10 05:45:00+00:00,817.1500244140625,818.5,816.0499877929688,817.2000122070312,519028,SBIN
2025-06-10 06:45:00+00:00,817.4000244140625,818.9000244140625,815.25,817.1500244140625,580416,SBIN
2025-06-10 07:45:00+00:00,817.25,818.4000244140625,816.8499755859375,817.2999877929688,379820,SBIN
2025-06-10 08:45:00+00:00,817.25,817.5999755859375,815.6500244140625,817.25,1514177,SBIN
2025-06-10 09:45:00+00:00,817.0,817.5,816.5,817.25,640239,SBIN
2025-06-11 03:45:00+00:00,819.0,819.7000122070312,813.2999877929688,817.0,1639197,SBIN
2025-06-11 04:45:00+00:00,820.0,820.5999755859375,818.2000122070312,819.0,1266652,SBIN
2025-06-11 05:45:00+00:00,820.0499877929688,820.5,819.5,820.0,772370,SBIN
2025-06-11 06:45:00+00:00,820.0499877929688,820.4500122070312,820.0,820.0499877929688,582509,SBIN
2025-06-11 07:45:00+00:00,814.0999755859375,820.0999755859375,813.0499877929688,820.0,1272374,SBIN
2025-06-11 08:45:00+00:00,815.6500244140625,815.8499755859375,813.7000122070312,814.0999755859375,1198271,SBIN
2025-06-11 09:45:00+00:00,815.0499877929688,815.9000244140625,814.0,815.6500244140625,465814,SBIN
2025-06-12 03:45:00+00:00,812.0,816.5,810.75,813.7000122070312,0,SBIN
2025-06-12 04:45:00+00:00,813.0,813.0999755859375,811.2000122070312,811.7999877929688,1224632,SBIN
2025-06-12 05:45:00+00:00,812.0499877929688,814.7000122070312,810.9000244140625,813.0999755859375,1935724,SBIN
2025-06-12 06:45:00+00:00,811.0,813.2000122070312,809.4500122070312,812.0499877929688,1869199,SBIN
2025-06-12 07:45:00+00:00,802.7999877929688,811.1500244140625,801.2000122070312,811.0,2529607,SBIN
2025-06-12 08:45:00+00:00,806.0,808.5499877929688,802.6500244140625,803.0,3216723,SBIN
2025-06-12 09:45:00+00:00,805.9500122070312,806.5,803.25,805.9000244140625,0,SBIN
2025-06-13 03:45:00+00:00,793.2999877929688,796.0,789.6500244140625,792.5,4613947,SBIN
2025-06-13 04:45:00+00:00,791.0,793.9000244140625,790.5,793.1500244140625,1474218,SBIN
2025-06-13 05:45:00+00:00,791.0,791.5,789.0,790.8499755859375,1179761,SBIN
2025-06-13 06:45:00+00:00,791.0,792.75,790.4500122070312,790.8499755859375,963300,SBIN
2025-06-13 07:45:00+00:00,792.25,793.4500122070312,790.5499877929688,791.0,812844,SBIN
2025-06-13 08:45:00+00:00,792.0,794.4500122070312,791.0999755859375,792.25,1504078,SBIN
2025-06-13 09:45:00+00:00,793.2999877929688,793.4500122070312,791.7000122070312,791.8499755859375,827354,SBIN
2025-06-16 03:45:00+00:00,786.3499755859375,794.2999877929688,786.1500244140625,794.2999877929688,0,SBIN
2025-06-16 04:45:00+00:00,789.2000122070312,790.5,786.1500244140625,786.3499755859375,1130877,SBIN
2025-06-16 05:45:00+00:00,792.2999877929688,792.4000244140625,787.6500244140625,789.2000122070312,1219108,SBIN
2025-06-16 06:45:00+00:00,792.25,793.9000244140625,790.2999877929688,792.2999877929688,1013338,SBIN
2025-06-16 07:45:00+00:00,795.0499877929688,795.2999877929688,791.8499755859375,792.2999877929688,917267,SBIN
2025-06-16 08:45:00+00:00,793.2000122070312,795.3499755859375,792.5499877929688,795.0999755859375,1174327,SBIN
2025-06-16 09:45:00+00:00,793.25,793.4000244140625,792.0,793.2000122070312,1207543,SBIN
2025-06-17 03:45:00+00:00,795.7000122070312,798.8499755859375,792.5,795.2999877929688,0,SBIN
2025-06-17 04:45:00+00:00,795.0,796.5999755859375,793.5,795.6500244140625,1049265,SBIN
2025-06-17 05:45:00+00:00,795.0499877929688,795.7999877929688,794.2999877929688,795.0,1200495,SBIN
2025-06-17 06:45:00+00:00,792.0499877929688,795.0999755859375,790.75,795.0,967282,SBIN
2025-06-17 07:45:00+00:00,793.8499755859375,794.2000122070312,792.0,792.2000122070312,568139,SBIN
2025-06-17 08:45:00+00:00,792.4500122070312,793.9500122070312,791.0499877929688,793.8499755859375,1515687,SBIN
2025-06-17 09:45:00+00:00,792.2999877929688,792.7999877929688,791.7000122070312,792.4500122070312,0,SBIN
2025-06-18 03:45:00+00:00,793.7999877929688,795.4500122070312,791.2000122070312,792.9000244140625,993342,SBIN
2025-06-18 04:45:00+00:00,791.5,794.0499877929688,790.0999755859375,793.9000244140625,799920,SBIN
2025-06-18 05:45:00+00:00,791.3499755859375,792.2999877929688,789.5,791.4000244140625,504195,SBIN
2025-06-18 06:45:00+00:00,789.7999877929688,792.1500244140625,788.5,791.5999755859375,690409,SBIN
2025-06-18 07:45:00+00:00,788.7999877929688,790.8499755859375,788.5,789.6500244140625,567064,SBIN
2025-06-18 08:45:00+00:00,792.0499877929688,792.25,788.4000244140625,789.0,1449115,SBIN
2025-06-18 09:45:00+00:00,790.5999755859375,792.7000122070312,790.1500244140625,792.0,704564,SBIN
2025-06-19 03:45:00+00:00,781.9500122070312,793.0,781.9500122070312,790.5,3846691,SBIN
2025-06-19 04:45:00+00:00,784.5,784.7999877929688,781.7000122070312,782.0999755859375,1262285,SBIN
2025-06-19 05:45:00+00:00,785.5,786.7000122070312,783.8499755859375,784.4500122070312,1625314,SBIN
2025-06-19 06:45:00+00:00,785.5999755859375,786.5999755859375,784.25,785.5,996128,SBIN
2025-06-19 07:45:00+00:00,787.0999755859375,787.4500122070312,784.3499755859375,785.5999755859375,998617,SBIN
2025-06-19 08:45:00+00:00,785.2000122070312,787.6500244140625,784.9500122070312,787.1500244140625,2174608,SBIN
2025-06-19 09:45:00+00:00,783.0,785.5999755859375,782.3499755859375,785.25,917135,SBIN
2025-06-20 03:45:00+00:00,788.7000122070312,791.2999877929688,786.3499755859375,787.0,0,SBIN
2025-06-20 04:45:00+00:00,795.5,795.5,788.7000122070312,788.7999877929688,1972925,SBIN
2025-06-20 05:45:00+00:00,796.0499877929688,799.4000244140625,795.2000122070312,795.3499755859375,1650599,SBIN
2025-06-20 06:45:00+00:00,795.0,796.2000122070312,793.6500244140625,796.0999755859375,742364,SBIN
2025-06-20 07:45:00+00:00,794.7000122070312,795.7999877929688,793.6500244140625,795.1500244140625,541978,SBIN
2025-06-20 08:45:00+00:00,797.0,797.0,793.9000244140625,794.7000122070312,2471057,SBIN
2025-06-20 09:45:00+00:00,795.0,797.2999877929688,795.0,796.8499755859375,2251406,SBIN
2025-06-23 03:45:00+00:00,790.2000122070312,794.7000122070312,788.5,792.0999755859375,0,SBIN
2025-06-23 04:45:00+00:00,791.5,792.5,790.0999755859375,790.0999755859375,545199,SBIN
2025-06-23 05:45:00+00:00,791.25,792.4000244140625,790.0999755859375,791.5999755859375,701217,SBIN
2025-06-23 06:45:00+00:00,790.2999877929688,791.75,789.4000244140625,791.0999755859375,516423,SBIN
2025-06-23 07:45:00+00:00,792.2000122070312,793.5,790.0,790.2000122070312,851246,SBIN
2025-06-23 08:45:00+00:00,790.0999755859375,792.5,789.7000122070312,792.2999877929688,1233391,SBIN
2025-06-23 09:45:00+00:00,789.9500122070312,790.25,789.5,790.2000122070312,419053,SBIN
2025-06-24 03:45:00+00:00,802.9000244140625,803.7999877929688,797.2999877929688,799.0499877929688,2446196,SBIN
2025-06-24 04:45:00+00:00,804.0499877929688,804.5999755859375,801.2000122070312,803.0,810018,SBIN
2025-06-24 05:45:00+00:00,805.9500122070312,806.6500244140625,803.7000122070312,804.0499877929688,1148740,SBIN
2025-06-24 06:45:00+00:00,801.2000122070312,806.2000122070312,800.0999755859375,806.0,1404668,SBIN
2025-06-24 07:45:00+00:00,794.3499755859375,802.0,793.7999877929688,801.2000122070312,2460431,SBIN
2025-06-24 08:45:00+00:00,794.7999877929688,796.5999755859375,793.6500244140625,794.4000244140625,2185798,SBIN
2025-06-24 09:45:00+00:00,795.4000244140625,796.2000122070312,794.75,794.7999877929688,0,SBIN
2025-06-25 03:45:00+00:00,797.7999877929688,800.5999755859375,796.25,800.0,1216757,SBIN
2025-06-25 04:45:00+00:00,797.0,798.7999877929688,796.6500244140625,797.8499755859375,819711,SBIN
2025-06-25 05:45:00+00:00,800.4500122070312,801.5499877929688,796.9500122070312,796.9500122070312,1265908,SBIN
2025-06-25 06:45:00+00:00,802.9000244140625,802.9000244140625,799.7000122070312,800.4500122070312,631208,SBIN
2025-06-25 07:45:00+00:00,802.5999755859375,803.7999877929688,801.4000244140625,802.75,741546,SBIN
2025-06-25 08:45:00+00:00,800.0,802.5999755859375,799.7000122070312,802.5999755859375,1157275,SBIN
2025-06-25 09:45:00+00:00,800.0,800.0999755859375,799.0999755859375,800.0,695041,SBIN
2025-06-26 03:45:00+00:00,797.25,803.3499755859375,797.0,802.0999755859375,2250455,SBIN
2025-06-26 04:45:00+00:00,791.8499755859375,797.5,791.5,797.3499755859375,10360316,SBIN
2025-06-26 05:45:00+00:00,794.5499877929688,794.7999877929688,791.4000244140625,791.8499755859375,1678727,SBIN
2025-06-26 06:45:00+00:00,794.2000122070312,795.0,792.5,794.5999755859375,1246378,SBIN
2025-06-26 07:45:00+00:00,795.2000122070312,795.4500122070312,792.9000244140625,794.25,1737376,SBIN
2025-06-26 08:45:00+00:00,796.9500122070312,797.6500244140625,795.0,795.4000244140625,5417237,SBIN
2025-06-26 09:45:00+00:00,797.5,798.4500122070312,796.0499877929688,797.0999755859375,2000195,SBIN
2025-06-27 03:45:00+00:00,806.4000244140625,809.2999877929688,803.0,803.25,8750781,SBIN
2025-06-27 04:45:00+00:00,805.0999755859375,806.5999755859375,804.0,806.3499755859375,1215456,SBIN
2025-06-27 05:45:00+00:00,804.6500244140625,805.2000122070312,803.5,805.2000122070312,833756,SBIN
2025-06-27 06:45:00+00:00,803.7000122070312,805.2000122070312,802.7999877929688,804.7000122070312,945079,SBIN
2025-06-27 07:45:00+00:00,804.4500122070312,804.8499755859375,803.2999877929688,803.7000122070312,928756,SBIN
2025-06-27 08:45:00+00:00,805.4000244140625,806.3499755859375,803.5,804.4500122070312,4390896,SBIN
2025-06-27 09:45:00+00:00,804.5999755859375,805.7999877929688,804.5,805.4000244140625,2303204,SBIN
2025-06-30 03:45:00+00:00,816.5999755859375,817.5999755859375,807.3499755859375,808.2000122070312,0,SBIN
2025-06-30 04:45:00+00:00,817.0999755859375,820.0,816.0,816.5999755859375,3079369,SBIN
2025-06-30 05:45:00+00:00,818.7999877929688,819.9000244140625,816.2999877929688,817.3499755859375,1239024,SBIN
2025-06-30 06:45:00+00:00,818.5,819.5,817.6500244140625,819.0,998816,SBIN
2025-06-30 07:45:00+00:00,818.0499877929688,820.0,816.75,818.4500122070312,1665052,SBIN
2025-06-30 08:45:00+00:00,819.9500122070312,820.7000122070312,817.3499755859375,818.0,3095595,SBIN
2025-06-30 09:45:00+00:00,819.8499755859375,821.0,819.4500122070312,819.9000244140625,1287615,SBIN
2025-07-01 03:45:00+00:00,815.3499755859375,820.9000244140625,815.2000122070312,819.8499755859375,0,SBIN
2025-07-01 04:45:00+00:00,819.5,819.8499755859375,813.25,815.25,1941020,SBIN
2025-07-01 05:45:00+00:00,818.0,820.7000122070312,817.0,819.4000244140625,961403,SBIN
2025-07-01 06:45:00+00:00,823.5999755859375,824.9000244140625,817.75,817.9500122070312,1875877,SBIN
2025-07-01 07:45:00+00:00,820.5,823.6500244140625,819.5,823.5499877929688,2033499,SBIN
2025-07-01 08:45:00+00:00,820.3499755859375,822.0,819.0499877929688,820.4500122070312,1575095,SBIN
2025-07-01 09:45:00+00:00,820.2000122070312,820.9500122070312,819.5499877929688,820.4500122070312,866516,SBIN
2025-07-02 03:45:00+00:00,817.4500122070312,824.0,816.5999755859375,822.9000244140625,0,SBIN
2025-07-02 04:45:00+00:00,816.7999877929688,818.75,816.0999755859375,817.2999877929688,549204,SBIN
2025-07-02 05:45:00+00:00,815.0499877929688,818.4000244140625,814.8499755859375,816.9000244140625,773612,SBIN
2025-07-02 06:45:00+00:00,814.4500122070312,815.4500122070312,814.0,815.25,502501,SBIN
2025-07-02 07:45:00+00:00,810.5,814.5499877929688,809.0,814.4500122070312,1131817,SBIN
2025-07-02 08:45:00+00:00,813.5,814.2999877929688,809.5499877929688,810.75,1586768,SBIN
2025-07-02 09:45:00+00:00,812.9000244140625,813.5499877929688,812.0999755859375,813.4500122070312,558032,SBIN
2025-07-03 03:45:00+00:00,811.4500122070312,814.5,809.9000244140625,813.4500122070312,0,SBIN
2025-07-03 04:45:00+00:00,811.25,813.5999755859375,810.0,811.5,593376,SBIN
2025-07-03 05:45:00+00:00,812.0499877929688,812.7000122070312,810.7999877929688,811.5499877929688,758863,SBIN
2025-07-03 06:45:00+00:00,810.4000244140625,812.2999877929688,810.0999755859375,812.0499877929688,635615,SBIN
2025-07-03 07:45:00+00:00,810.4000244140625,813.7999877929688,809.0499877929688,810.25,898882,SBIN
2025-07-03 08:45:00+00:00,807.1500244140625,810.5499877929688,806.0,810.3499755859375,2175591,SBIN
2025-07-03 09:45:00+00:00,807.0999755859375,807.8499755859375,806.0,807.2000122070312,0,SBIN
2025-07-04 03:45:00+00:00,806.8499755859375,809.4000244140625,805.0,808.7000122070312,996077,SBIN
2025-07-04 04:45:00+00:00,807.7999877929688,808.9000244140625,806.8499755859375,806.8499755859375,484017,SBIN
2025-07-04 05:45:00+00:00,806.9000244140625,808.0,804.0999755859375,807.5999755859375,791139,SBIN
2025-07-04 06:45:00+00:00,807.9500122070312,808.0999755859375,806.5,806.7999877929688,248370,SBIN
2025-07-04 07:45:00+00:00,807.3499755859375,808.2999877929688,807.0,807.9500122070312,307263,SBIN
2025-07-04 08:45:00+00:00,812.4000244140625,813.5,806.8499755859375,807.25,1158971,SBIN
2025-07-04 09:45:00+00:00,811.25,812.5999755859375,810.8499755859375,812.4000244140625,331635,SBIN
2025-07-07 03:45:00+00:00,810.2000122070312,811.1500244140625,807.2000122070312,811.1500244140625,0,SBIN
2025-07-07 04:45:00+00:00,810.2000122070312,812.6500244140625,809.6500244140625,810.2000122070312,494160,SBIN
2025-07-07 05:45:00+00:00,808.2000122070312,810.3499755859375,807.5,810.1500244140625,449833,SBIN
2025-07-07 06:45:00+00:00,806.5,808.9000244140625,805.7999877929688,808.2000122070312,542709,SBIN
2025-07-07 07:45:00+00:00,805.7999877929688,806.7000122070312,805.2000122070312,806.4000244140625,540742,SBIN
2025-07-07 08:45:00+00:00,806.7999877929688,807.5,805.7000122070312,805.8499755859375,1178836,SBIN
2025-07-07 09:45:00+00:00,807.0999755859375,807.3499755859375,806.4000244140625,806.6500244140625,482376,SBIN
2025-07-08 03:45:00+00:00,806.8499755859375,810.7000122070312,806.4000244140625,808.0999755859375,964362,SBIN
2025-07-08 04:45:00+00:00,806.6500244140625,808.3499755859375,806.3499755859375,807.0499877929688,543379,SBIN
2025-07-08 05:45:00+00:00,807.6500244140625,808.0,805.4000244140625,806.6500244140625,659940,SBIN
2025-07-08 06:45:00+00:00,810.0,810.8499755859375,806.6500244140625,807.5999755859375,814691,SBIN
2025-07-08 07:45:00+00:00,808.9000244140625,810.75,808.5999755859375,810.0499877929688,808680,SBIN
2025-07-08 08:45:00+00:00,813.0,813.5,807.5499877929688,808.9500122070312,1576919,SBIN
2025-07-08 09:45:00+00:00,812.6500244140625,813.5,811.9500122070312,813.0,0,SBIN
2025-07-09 03:45:00+00:00,810.9500122070312,812.4500122070312,809.75,809.75,834271,SBIN
2025-07-09 04:45:00+00:00,811.2999877929688,811.7000122070312,810.0499877929688,810.9000244140625,331178,SBIN
2025-07-09 05:45:00+00:00,810.5,811.9000244140625,809.9500122070312,811.2999877929688,338385,SBIN
2025-07-09 06:45:00+00:00,811.25,811.4000244140625,810.0,810.5,433361,SBIN
2025-07-09 07:45:00+00:00,811.25,811.7999877929688,810.7000122070312,811.25,426809,SBIN
2025-07-09 08:45:00+00:00,811.4000244140625,811.5,809.4000244140625,811.1500244140625,1143625,SBIN
2025-07-09 09:45:00+00:00,811.4000244140625,811.75,810.2000122070312,811.2000122070312,590951,SBIN
2025-07-10 03:45:00+00:00,811.4500122070312,813.5499877929688,809.9000244140625,810.5499877929688,969200,SBIN
2025-07-10 04:45:00+00:00,811.5999755859375,815.5,811.0,811.3499755859375,2978141,SBIN
2025-07-10 05:45:00+00:00,808.5999755859375,812.0,807.5,811.8499755859375,1566739,SBIN
2025-07-10 06:45:00+00:00,808.4500122070312,814.7000122070312,807.7999877929688,808.5999755859375,2754417,SBIN
2025-07-10 07:45:00+00:00,808.4500122070312,810.0,807.0,808.5,1016775,SBIN
2025-07-10 08:45:00+00:00,808.0999755859375,809.6500244140625,807.5,808.4500122070312,1756558,SBIN
2025-07-10 09:45:00+00:00,807.5,808.2000122070312,807.2000122070312,808.1500244140625,1134526,SBIN
2025-07-11 03:45:00+00:00,808.8499755859375,812.5,806.8499755859375,806.8499755859375,0,SBIN
2025-07-11 04:45:00+00:00,806.5999755859375,808.7999877929688,804.5499877929688,808.7999877929688,902490,SBIN
2025-07-11 05:45:00+00:00,806.7000122070312,807.7999877929688,806.0499877929688,806.6500244140625,316837,SBIN
2025-07-11 06:45:00+00:00,809.2999877929688,812.5,806.0,806.75,995752,SBIN
2025-07-11 07:45:00+00:00,809.0999755859375,811.5,808.0999755859375,809.2999877929688,836747,SBIN
2025-07-11 08:45:00+00:00,808.7000122070312,810.0499877929688,807.2999877929688,809.0999755859375,1227997,SBIN
2025-07-11 09:45:00+00:00,808.5499877929688,808.7999877929688,808.0499877929688,808.7000122070312,875481,SBIN
2025-07-14 03:45:00+00:00,813.5,815.4500122070312,808.2000122070312,809.0,0,SBIN
2025-07-14 04:45:00+00:00,811.9000244140625,814.5999755859375,811.0,813.5499877929688,936828,SBIN
2025-07-14 05:45:00+00:00,809.25,812.0999755859375,808.2999877929688,811.8499755859375,902492,SBIN
2025-07-14 06:45:00+00:00,808.4000244140625,810.2000122070312,808.0,809.25,640178,SBIN
2025-07-14 07:45:00+00:00,808.6500244140625,810.4000244140625,808.0,808.4500122070312,500002,SBIN
2025-07-14 08:45:00+00:00,808.5,810.5,808.0499877929688,808.6500244140625,1027785,SBIN
2025-07-14 09:45:00+00:00,809.0999755859375,809.0999755859375,808.2000122070312,808.5499877929688,639374,SBIN
2025-07-15 03:45:00+00:00,820.5999755859375,821.0,810.5999755859375,811.4000244140625,0,SBIN
2025-07-15 04:45:00+00:00,816.9500122070312,821.0,815.7999877929688,820.5,2389690,SBIN
2025-07-15 05:45:00+00:00,816.7000122070312,817.2999877929688,815.2000122070312,816.9000244140625,669116,SBIN
2025-07-15 06:45:00+00:00,816.5499877929688,817.3499755859375,815.9000244140625,816.8499755859375,553337,SBIN
2025-07-15 07:45:00+00:00,815.4500122070312,816.7999877929688,814.0999755859375,816.5999755859375,589268,SBIN
2025-07-15 08:45:00+00:00,816.75,817.0,814.2000122070312,815.3499755859375,1389001,SBIN
2025-07-15 09:45:00+00:00,816.4500122070312,817.9000244140625,816.4000244140625,816.75,673809,SBIN
2025-07-16 03:45:00+00:00,819.5,823.8499755859375,815.4000244140625,817.9500122070312,0,SBIN
2025-07-16 04:45:00+00:00,820.5999755859375,821.0999755859375,818.5,819.5,1025346,SBIN
2025-07-16 05:45:00+00:00,825.5999755859375,826.7999877929688,819.5499877929688,820.5,2256745,SBIN
2025-07-16 06:45:00+00:00,833.2999877929688,833.2999877929688,825.4000244140625,825.75,4104568,SBIN
2025-07-16 07:45:00+00:00,833.7999877929688,834.1500244140625,829.7000122070312,833.25,3260942,SBIN
2025-07-16 08:45:00+00:00,831.6500244140625,833.8499755859375,830.6500244140625,833.7999877929688,2135071,SBIN
2025-07-16 09:45:00+00:00,830.5,832.4000244140625,830.0,831.8499755859375,1175964,SBIN
2025-07-17 03:45:00+00:00,835.6500244140625,842.4500122070312,828.3499755859375,836.5999755859375,10427453,SBIN
2025-07-17 04:45:00+00:00,837.6500244140625,839.4000244140625,835.2999877929688,835.75,2537653,SBIN
2025-07-17 05:45:00+00:00,833.7000122070312,837.6500244140625,833.0499877929688,837.6500244140625,2014104,SBIN
2025-07-17 06:45:00+00:00,833.4000244140625,834.7999877929688,832.3499755859375,833.5999755859375,1492789,SBIN
2025-07-17 07:45:00+00:00,831.9500122070312,833.9000244140625,831.2999877929688,833.4500122070312,1529304,SBIN
2025-07-17 08:45:00+00:00,830.2000122070312,832.9500122070312,829.5,831.9500122070312,3178495,SBIN
2025-07-17 09:45:00+00:00,828.9500122070312,830.75,826.4000244140625,830.0999755859375,1887214,SBIN
2025-07-18 03:45:00+00:00,823.25,831.5,822.4500122070312,831.5,3789378,SBIN
2025-07-18 04:45:00+00:00,821.7999877929688,825.4000244140625,820.9000244140625,823.0,3054217,SBIN
2025-07-18 05:45:00+00:00,820.7000122070312,822.7999877929688,820.4000244140625,821.7000122070312,1422381,SBIN
2025-07-18 06:45:00+00:00,822.8499755859375,824.5999755859375,820.2999877929688,820.7000122070312,3360934,SBIN
2025-07-18 07:45:00+00:00,823.7999877929688,824.2999877929688,821.0,822.8499755859375,878276,SBIN
2025-07-18 08:45:00+00:00,823.2999877929688,824.7999877929688,823.0,823.7000122070312,1596612,SBIN
2025-07-18 09:45:00+00:00,823.0499877929688,823.5499877929688,822.3499755859375,823.3499755859375,1283366,SBIN
2025-07-21 03:45:00+00:00,823.5999755859375,824.7000122070312,818.0,821.4000244140625,0,SBIN
2025-07-21 04:45:00+00:00,822.75,824.4000244140625,821.25,823.5,778168,SBIN
2025-07-21 05:45:00+00:00,824.9000244140625,825.2999877929688,820.25,822.6500244140625,1102738,SBIN
2025-07-21 06:45:00+00:00,826.5,827.2999877929688,824.0999755859375,824.9500122070312,1390427,SBIN
2025-07-21 07:45:00+00:00,824.5999755859375,826.9000244140625,824.0,826.5,887918,SBIN
2025-07-21 08:45:00+00:00,824.3499755859375,824.6500244140625,822.5499877929688,824.5999755859375,1282555,SBIN
2025-07-21 09:45:00+00:00,823.0499877929688,824.6500244140625,823.0,824.3499755859375,1390140,SBIN
2025-07-22 03:45:00+00:00,822.25,827.5499877929688,819.7999877929688,827.5499877929688,2298502,SBIN
2025-07-22 04:45:00+00:00,820.2999877929688,823.2000122070312,819.4500122070312,822.2999877929688,1239908,SBIN
2025-07-22 05:45:00+00:00,818.4500122070312,820.4000244140625,816.9000244140625,820.2999877929688,1119152,SBIN
2025-07-22 06:45:00+00:00,817.1500244140625,820.0,816.8499755859375,818.4500122070312,579799,SBIN
2025-07-22 07:45:00+00:00,818.25,818.7000122070312,815.7999877929688,817.0999755859375,752423,SBIN
2025-07-22 08:45:00+00:00,815.4000244140625,818.25,814.5999755859375,818.25,1005086,SBIN
2025-07-22 09:45:00+00:00,815.0499877929688,815.5,814.0,815.5,853409,SBIN
2025-07-23 03:45:00+00:00,813.4000244140625,818.2000122070312,811.6500244140625,815.9500122070312,0,SBIN
2025-07-23 04:45:00+00:00,816.0,816.8499755859375,813.2999877929688,813.5,1454769,SBIN
2025-07-23 05:45:00+00:00,815.7999877929688,816.4000244140625,814.7999877929688,816.0499877929688,1334238,SBIN
2025-07-23 06:45:00+00:00,816.0499877929688,817.8499755859375,815.0499877929688,815.8499755859375,1569433,SBIN
2025-07-23 07:45:00+00:00,817.4500122070312,817.5,815.5999755859375,816.0999755859375,1317143,SBIN
2025-07-23 08:45:00+00:00,819.9500122070312,825.2000122070312,817.1500244140625,817.4500122070312,4119834,SBIN
2025-07-23 09:45:00+00:00,820.0499877929688,821.6500244140625,819.8499755859375,820.0,1177237,SBIN
2025-07-24 03:45:00+00:00,815.4500122070312,821.6500244140625,815.3499755859375,820.5999755859375,1809630,SBIN
2025-07-24 04:45:00+00:00,814.2000122070312,816.25,814.2000122070312,815.4000244140625,1410489,SBIN
2025-07-24 05:45:00+00:00,812.7000122070312,814.4000244140625,810.6500244140625,814.2999877929688,1392296,SBIN
2025-07-24 06:45:00+00:00,812.1500244140625,812.8499755859375,811.25,812.7000122070312,1034638,SBIN
2025-07-24 07:45:00+00:00,817.7999877929688,819.7999877929688,812.0,812.2000122070312,2136876,SBIN
2025-07-24 08:45:00+00:00,815.9000244140625,818.6500244140625,814.5,817.9000244140625,1703235,SBIN
2025-07-24 09:45:00+00:00,815.7000122070312,816.7000122070312,815.6500244140625,816.0999755859375,0,SBIN
2025-07-25 03:45:00+00:00,814.5999755859375,819.2000122070312,813.5,814.9500122070312,1378406,SBIN
2025-07-25 04:45:00+00:00,812.4000244140625,814.5,812.0,814.5,885638,SBIN
2025-07-25 05:45:00+00:00,809.5499877929688,812.7000122070312,809.0,812.4000244140625,1176931,SBIN
2025-07-25 06:45:00+00:00,809.4000244140625,810.2999877929688,807.4000244140625,809.5499877929688,909859,SBIN
2025-07-25 07:45:00+00:00,807.8499755859375,809.9000244140625,807.5999755859375,809.4000244140625,561141,SBIN
2025-07-25 08:45:00+00:00,807.0499877929688,808.25,806.0999755859375,807.7999877929688,1042505,SBIN
2025-07-25 09:45:00+00:00,805.8499755859375,807.25,805.75,807.0499877929688,775460,SBIN
2025-07-28 03:45:00+00:00,806.7999877929688,808.9500122070312,804.7000122070312,806.5499877929688,0,SBIN
2025-07-28 04:45:00+00:00,805.4500122070312,807.8499755859375,802.75,806.7999877929688,1078823,SBIN
2025-07-28 05:45:00+00:00,804.2000122070312,806.2000122070312,804.1500244140625,805.4000244140625,574110,SBIN
2025-07-28 06:45:00+00:00,801.4000244140625,805.1500244140625,801.2000122070312,804.2000122070312,875199,SBIN
2025-07-28 07:45:00+00:00,798.2999877929688,801.4000244140625,797.2999877929688,801.4000244140625,1065725,SBIN
2025-07-28 08:45:00+00:00,797.2999877929688,799.2000122070312,797.0,798.2999877929688,1803256,SBIN
2025-07-28 09:45:00+00:00,796.7999877929688,797.8499755859375,796.0,797.4500122070312,971196,SBIN
2025-07-29 03:45:00+00:00,796.9500122070312,799.7999877929688,795.0,796.4000244140625,1395771,SBIN
2025-07-29 04:45:00+00:00,794.4000244140625,797.5,793.1500244140625,796.9000244140625,919027,SBIN
2025-07-29 05:45:00+00:00,796.5,797.3499755859375,794.4000244140625,794.4000244140625,480453,SBIN
2025-07-29 06:45:00+00:00,797.1500244140625,797.4500122070312,795.3499755859375,796.5,1676212,SBIN
2025-07-29 07:45:00+00:00,799.7000122070312,799.9000244140625,797.0,797.0999755859375,1287758,SBIN
2025-07-29 08:45:00+00:00,798.8499755859375,799.7999877929688,795.75,799.6500244140625,1488747,SBIN
2025-07-29 09:45:00+00:00,799.2000122070312,800.0,798.7999877929688,798.9000244140625,0,SBIN
2025-07-30 03:45:00+00:00,800.4500122070312,801.4000244140625,796.2000122070312,798.0,0,SBIN
2025-07-30 04:45:00+00:00,802.4500122070312,802.5,798.0,800.3499755859375,1395663,SBIN
2025-07-30 05:45:00+00:00,799.0499877929688,802.9500122070312,799.0499877929688,802.4000244140625,1599572,SBIN
2025-07-30 06:45:00+00:00,800.75,801.75,798.7000122070312,799.2000122070312,790862,SBIN
2025-07-30 07:45:00+00:00,801.1500244140625,802.0999755859375,799.4500122070312,800.75,984485,SBIN
2025-07-30 08:45:00+00:00,801.5999755859375,803.4000244140625,800.6500244140625,801.2000122070312,1530514,SBIN
2025-07-30 09:45:00+00:00,801.6500244140625,801.8499755859375,800.0,801.6500244140625,0,SBIN
2025-07-31 03:45:00+00:00,793.3499755859375,797.4000244140625,792.7999877929688,795.2000122070312,1679045,SBIN
2025-07-31 04:45:00+00:00,798.5,799.5,792.5999755859375,793.4000244140625,1827491,SBIN
2025-07-31 05:45:00+00:00,800.0,800.7000122070312,798.1500244140625,798.5,1252858,SBIN
2025-07-31 06:45:00+00:00,801.5,803.7999877929688,799.7999877929688,800.0,1908699,SBIN
2025-07-31 07:45:00+00:00,800.5499877929688,802.4000244140625,799.5999755859375,801.5,1216208,SBIN
2025-07-31 08:45:00+00:00,796.7000122070312,800.75,796.1500244140625,800.75,2669113,SBIN
2025-07-31 09:45:00+00:00,796.0,796.9000244140625,795.5,796.7999877929688,802713,SBIN
2025-08-01 03:45:00+00:00,798.2000122070312,798.2000122070312,793.0499877929688,795.0,1581802,SBIN
2025-08-01 04:45:00+00:00,798.2999877929688,800.4500122070312,797.3499755859375,798.25,844163,SBIN
2025-08-01 05:45:00+00:00,799.2000122070312,801.0,797.2000122070312,798.5,1259177,SBIN
2025-08-01 06:45:00+00:00,796.7000122070312,800.9000244140625,795.6500244140625,799.25,1534136,SBIN
2025-08-01 07:45:00+00:00,795.1500244140625,798.5,794.0499877929688,796.6500244140625,702881,SBIN
2025-08-01 08:45:00+00:00,793.4000244140625,796.5499877929688,792.25,795.0499877929688,5541284,SBIN
2025-08-01 09:45:00+00:00,792.9500122070312,794.5499877929688,792.0,793.5499877929688,4004171,SBIN
2025-08-04 03:45:00+00:00,789.5999755859375,797.0,787.1500244140625,794.9500122070312,0,SBIN
2025-08-04 04:45:00+00:00,789.2000122070312,791.5999755859375,786.6500244140625,789.4500122070312,1047777,SBIN
2025-08-04 05:45:00+00:00,790.5999755859375,791.5999755859375,789.0,789.2000122070312,834693,SBIN
2025-08-04 06:45:00+00:00,790.5999755859375,791.5999755859375,789.1500244140625,790.6500244140625,1043448,SBIN
2025-08-04 07:45:00+00:00,794.2000122070312,794.75,790.2000122070312,790.5999755859375,1291614,SBIN
2025-08-04 08:45:00+00:00,795.8499755859375,796.5,793.4000244140625,794.4000244140625,1915151,SBIN
2025-08-04 09:45:00+00:00,796.7999877929688,797.0999755859375,795.0,795.7999877929688,740676,SBIN
2025-08-05 03:45:00+00:00,798.5499877929688,801.5999755859375,797.2000122070312,797.7000122070312,1382335,SBIN
2025-08-05 04:45:00+00:00,800.2999877929688,802.5499877929688,798.3499755859375,798.7999877929688,760234,SBIN
2025-08-05 05:45:00+00:00,801.7000122070312,801.8499755859375,799.75,800.2999877929688,521403,SBIN
2025-08-05 06:45:00+00:00,801.5,802.9500122070312,800.2000122070312,801.5999755859375,1212182,SBIN
2025-08-05 07:45:00+00:00,797.0999755859375,801.75,797.0999755859375,801.7000122070312,925481,SBIN
2025-08-05 08:45:00+00:00,800.7000122070312,801.75,796.5499877929688,797.0499877929688,1803681,SBIN
2025-08-05 09:45:00+00:00,801.0499877929688,801.2999877929688,799.9000244140625,800.7999877929688,774783,SBIN
2025-08-06 03:45:00+00:00,800.7000122070312,804.1500244140625,799.2000122070312,800.9500122070312,910091,SBIN
2025-08-06 04:45:00+00:00,800.7999877929688,806.8499755859375,799.6500244140625,800.75,998397,SBIN
2025-08-06 05:45:00+00:00,803.25,803.7000122070312,799.0,800.7000122070312,949366,SBIN
2025-08-06 06:45:00+00:00,806.9000244140625,807.9000244140625,803.0499877929688,803.2999877929688,1388272,SBIN
2025-08-06 07:45:00+00:00,805.3499755859375,810.0999755859375,805.0999755859375,807.0,1289505,SBIN
2025-08-06 08:45:00+00:00,805.2999877929688,806.1500244140625,803.0999755859375,805.3499755859375,1278356,SBIN
2025-08-06 09:45:00+00:00,804.5999755859375,805.9000244140625,804.25,805.2999877929688,591313,SBIN
2025-08-07 03:45:00+00:00,800.3499755859375,804.6500244140625,798.0999755859375,801.0999755859375,1179059,SBIN
2025-08-07 04:45:00+00:00,798.7999877929688,801.5999755859375,798.5,800.4000244140625,702736,SBIN
2025-08-07 05:45:00+00:00,799.5,799.7999877929688,798.2000122070312,798.5999755859375,671510,SBIN
2025-08-07 06:45:00+00:00,794.9500122070312,799.5999755859375,793.75,799.3499755859375,1537149,SBIN
2025-08-07 07:45:00+00:00,799.0999755859375,799.2000122070312,793.4000244140625,794.9500122070312,892115,SBIN
2025-08-07 08:45:00+00:00,804.9500122070312,805.4500122070312,799.0499877929688,799.0499877929688,1612922,SBIN
2025-08-07 09:45:00+00:00,805.5999755859375,806.4500122070312,804.7000122070312,804.9500122070312,494303,SBIN
2025-08-08 03:45:00+00:00,801.8499755859375,807.5499877929688,801.75,805.0,1297109,SBIN
2025-08-08 04:45:00+00:00,800.9500122070312,802.7999877929688,799.6500244140625,801.8499755859375,807006,SBIN
2025-08-08 05:45:00+00:00,799.3499755859375,802.0499877929688,798.3499755859375,801.0,805315,SBIN
2025-08-08 06:45:00+00:00,799.5999755859375,801.0499877929688,797.7999877929688,799.4000244140625,1157308,SBIN
2025-08-08 07:45:00+00:00,805.25,806.1500244140625,790.0499877929688,799.5999755859375,7340099,SBIN
2025-08-08 08:45:00+00:00,804.9500122070312,807.7000122070312,802.0,805.25,3446035,SBIN
2025-08-08 09:45:00+00:00,802.5999755859375,805.0499877929688,801.9000244140625,804.9500122070312,853251,SBIN
2025-08-11 03:45:00+00:00,819.3499755859375,823.0,809.0999755859375,809.4000244140625,0,SBIN
2025-08-11 04:45:00+00:00,821.2000122070312,822.25,819.2000122070312,819.4000244140625,1691353,SBIN
2025-08-11 05:45:00+00:00,821.4500122070312,823.0,820.0999755859375,821.2000122070312,1861329,SBIN
2025-08-11 06:45:00+00:00,822.0,823.0,819.25,821.5,1142929,SBIN
2025-08-11 07:45:00+00:00,823.5,823.9000244140625,821.3499755859375,822.0,1433283,SBIN
2025-08-11 08:45:00+00:00,824.6500244140625,824.9500122070312,823.0999755859375,823.7000122070312,1876343,SBIN
2025-08-11 09:45:00+00:00,820.9500122070312,824.75,820.4000244140625,824.5499877929688,1907673,SBIN
2025-08-12 03:45:00+00:00,823.0,825.5,822.4000244140625,824.4500122070312,2077490,SBIN
2025-08-12 04:45:00+00:00,822.9000244140625,824.0,821.0,823.1500244140625,935944,SBIN
2025-08-12 05:45:00+00:00,824.9000244140625,825.0,822.5999755859375,822.6500244140625,1032843,SBIN
2025-08-12 06:45:00+00:00,823.5999755859375,825.3499755859375,823.3499755859375,824.9000244140625,946515,SBIN
2025-08-12 07:45:00+00:00,822.5499877929688,823.75,821.5499877929688,823.5,924228,SBIN
2025-08-12 08:45:00+00:00,820.4000244140625,822.6500244140625,820.0,822.5,1471371,SBIN
2025-08-12 09:45:00+00:00,820.5999755859375,821.4500122070312,820.0999755859375,820.5,0,SBIN
2025-08-13 03:45:00+00:00,822.3499755859375,824.9500122070312,821.5999755859375,822.5999755859375,744799,SBIN
2025-08-13 04:45:00+00:00,822.75,823.2999877929688,820.9000244140625,822.3499755859375,544233,SBIN
2025-08-13 05:45:00+00:00,822.7000122070312,824.7999877929688,821.2000122070312,822.75,690135,SBIN
2025-08-13 06:45:00+00:00,822.3499755859375,823.0999755859375,821.0999755859375,822.75,461041,SBIN
2025-08-13 07:45:00+00:00,822.2000122070312,823.5,821.2000122070312,822.3499755859375,602236,SBIN
2025-08-13 08:45:00+00:00,821.7000122070312,822.7999877929688,821.5,822.2000122070312,717877,SBIN
2025-08-13 09:45:00+00:00,821.5499877929688,822.9500122070312,820.75,821.4000244140625,685951,SBIN
2025-08-14 03:45:00+00:00,824.4000244140625,825.0,819.25,822.7999877929688,1108306,SBIN
2025-08-14 04:45:00+00:00,826.3499755859375,828.0,824.4000244140625,824.4500122070312,1524623,SBIN
2025-08-14 05:45:00+00:00,825.4500122070312,827.4500122070312,825.2999877929688,826.3499755859375,734083,SBIN
2025-08-14 06:45:00+00:00,826.9000244140625,827.0,825.5499877929688,825.75,526790,SBIN
2025-08-14 07:45:00+00:00,827.1500244140625,827.6500244140625,825.0,826.8499755859375,929658,SBIN
2025-08-14 08:45:00+00:00,827.1500244140625,827.4500122070312,824.5,827.25,1620781,SBIN
2025-08-14 09:45:00+00:00,825.5,827.4000244140625,825.0999755859375,827.2000122070312,641272,SBIN
2025-08-18 03:45:00+00:00,830.75,834.4500122070312,830.0,831.5499877929688,0,SBIN
2025-08-18 04:45:00+00:00,829.7999877929688,831.0,828.3499755859375,830.7999877929688,845129,SBIN
2025-08-18 05:45:00+00:00,826.7999877929688,830.6500244140625,826.75,829.6500244140625,587417,SBIN
2025-08-18 06:45:00+00:00,829.9500122070312,830.0,826.2000122070312,827.0,556729,SBIN
2025-08-18 07:45:00+00:00,829.1500244140625,830.25,827.5499877929688,830.0,701502,SBIN
2025-08-18 08:45:00+00:00,828.5999755859375,830.4500122070312,828.4500122070312,829.25,809327,SBIN
2025-08-18 09:45:00+00:00,827.6500244140625,828.5,825.4000244140625,828.5,0,SBIN
2025-08-19 03:45:00+00:00,828.5999755859375,829.4500122070312,826.0,826.2999877929688,707048,SBIN
2025-08-19 04:45:00+00:00,827.3499755859375,830.0,826.7000122070312,828.4500122070312,484130,SBIN
2025-08-19 05:45:00+00:00,828.4000244140625,829.0,827.25,827.3499755859375,397403,SBIN
2025-08-19 06:45:00+00:00,828.5999755859375,829.6500244140625,827.5999755859375,828.5,641540,SBIN
2025-08-19 07:45:00+00:00,828.4000244140625,829.6500244140625,827.7000122070312,828.75,587297,SBIN
2025-08-19 08:45:00+00:00,830.25,830.9500122070312,827.7000122070312,828.4000244140625,1644121,SBIN
2025-08-19 09:45:00+00:00,830.25,830.6500244140625,829.75,830.1500244140625,613326,SBIN
2025-08-20 03:45:00+00:00,830.7999877929688,831.4500122070312,827.4000244140625,829.0999755859375,993088,SBIN
2025-08-20 04:45:00+00:00,829.7000122070312,831.4500122070312,829.0,830.7999877929688,366875,SBIN
2025-08-20 05:45:00+00:00,829.0,829.8499755859375,827.5,829.5,347585,SBIN
2025-08-20 06:45:00+00:00,830.4000244140625,831.7000122070312,828.9500122070312,829.0,841758,SBIN
2025-08-20 07:45:00+00:00,829.9000244140625,830.75,829.0,830.4000244140625,542812,SBIN
2025-08-20 08:45:00+00:00,828.9500122070312,830.0,828.4500122070312,829.9000244140625,973674,SBIN
2025-08-20 09:45:00+00:00,828.7000122070312,829.0,828.5999755859375,828.9500122070312,425748,SBIN
2025-08-21 03:45:00+00:00,832.9000244140625,833.0,829.0,829.5,751533,SBIN
2025-08-21 04:45:00+00:00,831.0499877929688,833.25,830.5,832.9500122070312,613730,SBIN
2025-08-21 05:45:00+00:00,829.9000244140625,831.75,829.7999877929688,831.0499877929688,296340,SBIN
2025-08-21 06:45:00+00:00,827.9500122070312,830.75,826.6500244140625,829.7999877929688,656236,SBIN
2025-08-21 07:45:00+00:00,827.7000122070312,828.0,826.2000122070312,827.9500122070312,390599,SBIN
2025-08-21 08:45:00+00:00,825.75,829.0999755859375,825.4000244140625,827.8499755859375,1086314,SBIN
2025-08-21 09:45:00+00:00,825.4000244140625,826.0,824.5499877929688,825.7000122070312,594935,SBIN
2025-08-22 03:45:00+00:00,822.7000122070312,825.9500122070312,820.7000122070312,825.0499877929688,808705,SBIN
2025-08-22 04:45:00+00:00,820.9500122070312,822.75,820.7000122070312,822.5999755859375,569970,SBIN
2025-08-22 05:45:00+00:00,819.5499877929688,822.0,819.4000244140625,821.0,631682,SBIN
2025-08-22 06:45:00+00:00,819.5,819.8499755859375,818.75,819.5,588807,SBIN
2025-08-22 07:45:00+00:00,818.0499877929688,820.0,817.9000244140625,819.5,711843,SBIN
2025-08-22 08:45:00+00:00,816.4500122070312,818.0499877929688,815.7999877929688,818.0499877929688,1257947,SBIN
2025-08-22 09:45:00+00:00,816.25,816.8499755859375,815.7999877929688,816.4000244140625,526660,SBIN
2025-08-25 03:45:00+00:00,815.4000244140625,820.0,815.0499877929688,818.9000244140625,0,SBIN
2025-08-25 04:45:00+00:00,815.9000244140625,817.0499877929688,814.2000122070312,815.4000244140625,507634,SBIN
2025-08-25 05:45:00+00:00,818.1500244140625,818.7000122070312,815.8499755859375,815.9000244140625,843179,SBIN
2025-08-25 06:45:00+00:00,819.0,819.5,817.5,818.1500244140625,556356,SBIN
2025-08-25 07:45:00+00:00,819.2000122070312,820.4000244140625,817.75,819.0,650576,SBIN
2025-08-25 08:45:00+00:00,817.25,820.0,816.6500244140625,819.2000122070312,1224847,SBIN
2025-08-25 09:45:00+00:00,816.4500122070312,817.4000244140625,814.9500122070312,817.25,0,SBIN
2025-08-26 03:45:00+00:00,814.25,815.75,810.4500122070312,815.0499877929688,930686,SBIN
2025-08-26 04:45:00+00:00,813.2000122070312,814.4500122070312,812.2000122070312,814.25,342220,SBIN
2025-08-26 05:45:00+00:00,812.9500122070312,814.9000244140625,812.7000122070312,813.0999755859375,481958,SBIN
2025-08-26 06:45:00+00:00,813.0999755859375,813.5999755859375,812.5,812.75,391899,SBIN
2025-08-26 07:45:00+00:00,810.5,813.4500122070312,810.0499877929688,813.2000122070312,813946,SBIN
2025-08-26 08:45:00+00:00,807.5999755859375,811.3499755859375,807.4500122070312,810.5,2461443,SBIN
2025-08-26 09:45:00+00:00,807.5,808.7000122070312,806.7999877929688,807.5999755859375,1564060,SBIN
2025-08-28 03:45:00+00:00,808.2999877929688,810.5,805.5499877929688,808.4000244140625,0,SBIN
2025-08-28 04:45:00+00:00,809.75,810.6500244140625,807.0999755859375,808.2999877929688,647156,SBIN
2025-08-28 05:45:00+00:00,809.5499877929688,810.4500122070312,808.7000122070312,809.75,542958,SBIN
2025-08-28 06:45:00+00:00,807.75,809.8499755859375,806.75,809.5999755859375,643736,SBIN
2025-08-28 07:45:00+00:00,806.5999755859375,809.4500122070312,806.0,807.7999877929688,1305748,SBIN
2025-08-28 08:45:00+00:00,802.0999755859375,807.0999755859375,800.7999877929688,806.8499755859375,2426265,SBIN
2025-08-28 09:45:00+00:00,802.75,803.0999755859375,800.9000244140625,802.0999755859375,756543,SBIN
2025-08-29 03:45:00+00:00,799.1500244140625,803.9000244140625,798.75,802.2999877929688,1044234,SBIN
2025-08-29 04:45:00+00:00,803.2000122070312,804.2999877929688,799.1500244140625,799.1500244140625,1172209,SBIN
2025-08-29 05:45:00+00:00,805.5,806.7000122070312,803.0,803.0499877929688,861827,SBIN
2025-08-29 06:45:00+00:00,803.0999755859375,806.0,803.0999755859375,805.4500122070312,1092698,SBIN
2025-08-29 07:45:00+00:00,801.75,804.4000244140625,800.5,803.2000122070312,688607,SBIN
2025-08-29 08:45:00+00:00,801.7999877929688,803.0,800.9000244140625,801.75,1413525,SBIN
2025-08-29 09:45:00+00:00,802.5,802.8499755859375,801.75,801.7999877929688,587740,SBIN
2025-09-01 03:45:00+00:00,804.0999755859375,808.2999877929688,803.4500122070312,803.7000122070312,0,SBIN
2025-09-01 04:45:00+00:00,804.9000244140625,805.0,802.6500244140625,804.2000122070312,913229,SBIN
2025-09-01 05:45:00+00:00,803.1500244140625,805.9500122070312,802.8499755859375,804.9000244140625,682494,SBIN
2025-09-01 06:45:00+00:00,804.9000244140625,805.2000122070312,802.9500122070312,803.2000122070312,392436,SBIN
2025-09-01 07:45:00+00:00,805.9500122070312,806.0,804.2999877929688,804.8499755859375,489578,SBIN
2025-09-01 08:45:00+00:00,806.0,806.2999877929688,805.0499877929688,805.9000244140625,932287,SBIN
2025-09-01 09:45:00+00:00,805.9000244140625,806.8499755859375,805.2999877929688,806.0,800571,SBIN
2025-09-02 03:45:00+00:00,809.5999755859375,809.8499755859375,804.5999755859375,807.5499877929688,0,SBIN
2025-09-02 04:45:00+00:00,808.5,810.5,808.1500244140625,809.6500244140625,586772,SBIN
2025-09-02 05:45:00+00:00,808.2999877929688,808.7999877929688,807.2000122070312,808.5,777271,SBIN
2025-09-02 06:45:00+00:00,806.7999877929688,808.9000244140625,806.5499877929688,808.25,624942,SBIN
2025-09-02 07:45:00+00:00,803.9500122070312,806.9000244140625,802.7000122070312,806.9000244140625,779096,SBIN
2025-09-02 08:45:00+00:00,803.9000244140625,805.9000244140625,803.2999877929688,803.7999877929688,1160981,SBIN
2025-09-02 09:45:00+00:00,803.75,804.5,803.3499755859375,803.8499755859375,361719,SBIN
2025-09-03 03:45:00+00:00,810.2000122070312,810.7000122070312,803.4000244140625,804.0999755859375,960605,SBIN
2025-09-03 04:45:00+00:00,810.5,811.4500122070312,809.0999755859375,810.0499877929688,419432,SBIN
2025-09-03 05:45:00+00:00,810.0,810.75,808.0999755859375,810.5,328447,SBIN
2025-09-03 06:45:00+00:00,809.8499755859375,811.0,809.0,810.0,405616,SBIN
2025-09-03 07:45:00+00:00,811.2000122070312,811.8499755859375,809.0499877929688,809.9000244140625,369735,SBIN
2025-09-03 08:45:00+00:00,812.1500244140625,812.5999755859375,810.7000122070312,811.2000122070312,1078650,SBIN
2025-09-03 09:45:00+00:00,812.1500244140625,813.2999877929688,811.9000244140625,812.1500244140625,697602,SBIN
2025-09-04 03:45:00+00:00,812.2999877929688,816.4000244140625,812.2999877929688,815.5999755859375,0,SBIN
2025-09-04 04:45:00+00:00,811.1500244140625,813.25,811.0,812.2999877929688,444570,SBIN
2025-09-04 05:45:00+00:00,810.5,811.6500244140625,809.7999877929688,811.0499877929688,324141,SBIN
2025-09-04 06:45:00+00:00,811.5499877929688,812.0,809.5499877929688,810.5,438843,SBIN
2025-09-04 07:45:00+00:00,810.25,811.9000244140625,809.8499755859375,811.5,289046,SBIN
2025-09-04 08:45:00+00:00,809.0499877929688,810.25,808.0499877929688,810.1500244140625,1409293,SBIN
2025-09-04 09:45:00+00:00,809.8499755859375,810.25,808.4500122070312,809.25,425405,SBIN
2025-09-05 03:45:00+00:00,807.25,812.5,807.0,811.6500244140625,821839,SBIN
2025-09-05 04:45:00+00:00,808.9000244140625,809.5,804.9000244140625,807.5,842552,SBIN
2025-09-05 05:45:00+00:00,806.25,809.5,805.5499877929688,808.9000244140625,944696,SBIN
2025-09-05 06:45:00+00:00,805.0,806.25,803.6500244140625,806.25,382896,SBIN
2025-09-05 07:45:00+00:00,806.3499755859375,808.0,804.5,804.9500122070312,785735,SBIN
2025-09-05 08:45:00+00:00,806.0,807.5,804.6500244140625,806.6500244140625,946628,SBIN
2025-09-05 09:45:00+00:00,806.5999755859375,808.0999755859375,805.7000122070312,805.9500122070312,470243,SBIN
2025-09-08 03:45:00+00:00,810.5,813.2999877929688,806.9500122070312,808.8499755859375,0,SBIN
2025-09-08 04:45:00+00:00,809.8499755859375,811.1500244140625,808.5999755859375,810.5,489214,SBIN
2025-09-08 05:45:00+00:00,810.0,811.25,808.2999877929688,809.9500122070312,507350,SBIN
2025-09-08 06:45:00+00:00,810.7999877929688,811.5,809.0,810.0,453466,SBIN
2025-09-08 07:45:00+00:00,811.4500122070312,811.4500122070312,809.4000244140625,810.6500244140625,371578,SBIN
2025-09-08 08:45:00+00:00,809.25,813.6500244140625,808.5999755859375,811.4500122070312,1425090,SBIN
2025-09-08 09:45:00+00:00,808.7999877929688,809.2999877929688,807.7999877929688,809.2000122070312,0,SBIN
2025-09-09 03:45:00+00:00,806.3499755859375,811.6500244140625,806.2999877929688,811.5,586814,SBIN
2025-09-09 04:45:00+00:00,807.7999877929688,808.2999877929688,805.5999755859375,806.3499755859375,527509,SBIN
2025-09-09 05:45:00+00:00,808.1500244140625,809.5999755859375,807.5999755859375,807.8499755859375,413175,SBIN
2025-09-09 06:45:00+00:00,807.0,809.2000122070312,806.5999755859375,808.2999877929688,464365,SBIN
2025-09-09 07:45:00+00:00,809.0,809.0,806.5,807.0,451972,SBIN
2025-09-09 08:45:00+00:00,809.25,810.5,807.6500244140625,808.9500122070312,1678914,SBIN
2025-09-09 09:45:00+00:00,808.8499755859375,809.7999877929688,807.3499755859375,808.9500122070312,0,SBIN
2025-09-10 03:45:00+00:00,816.0,816.2999877929688,810.4500122070312,812.0,1069964,SBIN
2025-09-10 04:45:00+00:00,820.5,824.5999755859375,815.9500122070312,815.9500122070312,1654725,SBIN
2025-09-10 05:45:00+00:00,821.7999877929688,822.25,818.7999877929688,820.4000244140625,877415,SBIN
2025-09-10 06:45:00+00:00,820.0,822.4500122070312,820.0,821.7999877929688,575870,SBIN
2025-09-10 07:45:00+00:00,820.0,821.2999877929688,819.2999877929688,820.0,533372,SBIN
2025-09-10 08:45:00+00:00,818.25,820.0999755859375,816.1500244140625,820.0,2057028,SBIN
2025-09-10 09:45:00+00:00,818.2000122070312,819.4000244140625,817.9500122070312,818.25,0,SBIN
2025-09-11 03:45:00+00:00,820.8499755859375,825.5999755859375,820.0,820.0,1279357,SBIN
2025-09-11 04:45:00+00:00,823.4500122070312,823.9500122070312,820.2999877929688,821.0,799588,SBIN
2025-09-11 05:45:00+00:00,822.4000244140625,823.5,820.6500244140625,823.3499755859375,440836,SBIN
2025-09-11 06:45:00+00:00,823.8499755859375,824.25,822.4000244140625,822.4000244140625,806391,SBIN
2025-09-11 07:45:00+00:00,823.9000244140625,824.2000122070312,822.7999877929688,823.9000244140625,955287,SBIN
2025-09-11 08:45:00+00:00,823.7000122070312,824.4000244140625,822.4500122070312,823.9000244140625,2481562,SBIN
2025-09-11 09:45:00+00:00,824.5,825.0,823.0499877929688,823.7000122070312,660532,SBIN
2025-09-12 03:45:00+00:00,822.1500244140625,825.2000122070312,819.9000244140625,824.7999877929688,1127572,SBIN
2025-09-12 04:45:00+00:00,822.5,823.5,821.5999755859375,822.2999877929688,585113,SBIN
2025-09-12 05:45:00+00:00,821.5499877929688,823.4500122070312,820.5,822.5499877929688,502317,SBIN
2025-09-12 06:45:00+00:00,822.6500244140625,822.8499755859375,821.2000122070312,821.5,523572,SBIN
2025-09-12 07:45:00+00:00,824.4500122070312,824.75,822.25,822.7000122070312,679089,SBIN
2025-09-12 08:45:00+00:00,823.8499755859375,824.4500122070312,822.4000244140625,824.4500122070312,1116124,SBIN
2025-09-12 09:45:00+00:00,823.5499877929688,824.0,823.0499877929688,823.75,0,SBIN
2025-09-15 03:45:00+00:00,824.25,827.2999877929688,823.25,824.4500122070312,0,SBIN
2025-09-15 04:45:00+00:00,824.2000122070312,825.5,823.8499755859375,824.0,200351,SBIN
2025-09-15 05:45:00+00:00,824.5,825.1500244140625,824.0,824.2000122070312,337868,SBIN
2025-09-15 06:45:00+00:00,824.1500244140625,824.8499755859375,823.7000122070312,824.25,292895,SBIN
2025-09-15 07:45:00+00:00,822.1500244140625,824.3499755859375,821.0999755859375,824.0999755859375,522985,SBIN
2025-09-15 08:45:00+00:00,824.8499755859375,827.2999877929688,821.8499755859375,822.2000122070312,1263254,SBIN
2025-09-15 09:45:00+00:00,824.75,824.9000244140625,823.7000122070312,824.9000244140625,378745,SBIN
2025-09-16 03:45:00+00:00,825.75,827.2000122070312,821.6500244140625,824.9000244140625,0,SBIN
2025-09-16 04:45:00+00:00,826.0499877929688,826.6500244140625,825.0999755859375,825.7000122070312,423835,SBIN
2025-09-16 05:45:00+00:00,828.9500122070312,830.5499877929688,825.5,826.0499877929688,1065441,SBIN
2025-09-16 06:45:00+00:00,828.5499877929688,830.0,828.0,828.6500244140625,788707,SBIN
2025-09-16 07:45:00+00:00,828.75,829.25,828.4500122070312,828.5499877929688,645551,SBIN
2025-09-16 08:45:00+00:00,830.9500122070312,832.5,827.5999755859375,828.2999877929688,3938814,SBIN
2025-09-16 09:45:00+00:00,833.0,833.0,830.2000122070312,831.1500244140625,1418436,SBIN
2025-09-17 03:45:00+00:00,834.2000122070312,834.2999877929688,831.0999755859375,834.2999877929688,1140984,SBIN
2025-09-17 04:45:00+00:00,842.75,845.5999755859375,833.0,834.0,3569187,SBIN
2025-09-17 05:45:00+00:00,842.8499755859375,843.3499755859375,839.7000122070312,842.75,1651511,SBIN
2025-09-17 06:45:00+00:00,844.5999755859375,844.9000244140625,841.6500244140625,842.7999877929688,1361484,SBIN
2025-09-17 07:45:00+00:00,850.5999755859375,852.2000122070312,844.25,844.5,4388599,SBIN
2025-09-17 08:45:00+00:00,857.2000122070312,857.9000244140625,850.5999755859375,850.7000122070312,3813336,SBIN
2025-09-17 09:45:00+00:00,857.1500244140625,858.0999755859375,856.0,857.2000122070312,1313208,SBIN
2025-09-18 03:45:00+00:00,856.7000122070312,860.0,853.2000122070312,860.0,0,SBIN
2025-09-18 04:45:00+00:00,857.25,858.25,855.5499877929688,856.5499877929688,1599923,SBIN
2025-09-18 05:45:00+00:00,855.3499755859375,857.6500244140625,854.8499755859375,857.25,1220529,SBIN
2025-09-18 06:45:00+00:00,853.0,856.1500244140625,851.2000122070312,855.5,1168544,SBIN
2025-09-18 07:45:00+00:00,853.4000244140625,854.9000244140625,852.0,853.0,1040776,SBIN
2025-09-18 08:45:00+00:00,854.2999877929688,855.0,851.5499877929688,853.4000244140625,1856277,SBIN
2025-09-18 09:45:00+00:00,854.0,854.8499755859375,853.25,854.25,534405,SBIN
2025-09-19 03:45:00+00:00,858.3499755859375,858.3499755859375,849.2999877929688,853.0,0,SBIN
2025-09-19 04:45:00+00:00,862.5499877929688,863.5,857.7000122070312,858.4500122070312,1959300,SBIN
2025-09-19 05:45:00+00:00,862.3499755859375,863.2999877929688,861.4500122070312,862.5999755859375,1398180,SBIN
2025-09-19 06:45:00+00:00,862.5999755859375,862.9000244140625,859.5,862.3499755859375,1308792,SBIN
2025-09-19 07:45:00+00:00,862.2999877929688,863.75,861.4500122070312,862.7000122070312,1339443,SBIN
2025-09-19 08:45:00+00:00,862.5,862.6500244140625,860.2000122070312,862.25,4238858,SBIN
2025-09-19 09:45:00+00:00,862.5499877929688,863.2000122070312,861.75,862.5499877929688,3063451,SBIN
2025-09-22 03:45:00+00:00,862.5,868.2000122070312,858.3499755859375,860.7999877929688,0,SBIN
2025-09-22 04:45:00+00:00,863.4000244140625,866.2999877929688,861.5999755859375,862.6500244140625,591059,SBIN
2025-09-22 05:45:00+00:00,862.0999755859375,863.5999755859375,861.0999755859375,863.4000244140625,436104,SBIN
2025-09-22 06:45:00+00:00,862.7000122070312,862.7999877929688,860.7000122070312,861.75,585008,SBIN
2025-09-22 07:45:00+00:00,860.7999877929688,862.7999877929688,859.4000244140625,862.7000122070312,955991,SBIN
2025-09-22 08:45:00+00:00,855.25,860.9500122070312,854.25,860.7000122070312,1547763,SBIN
2025-09-22 09:45:00+00:00,854.7000122070312,856.2000122070312,854.0499877929688,855.4500122070312,630479,SBIN
2025-09-23 03:45:00+00:00,859.4500122070312,860.4000244140625,851.2000122070312,854.0499877929688,0,SBIN
2025-09-23 04:45:00+00:00,858.4000244140625,861.0,857.4000244140625,859.3499755859375,1744491,SBIN
2025-09-23 05:45:00+00:00,861.25,862.0,858.0999755859375,858.4000244140625,711313,SBIN
2025-09-23 06:45:00+00:00,867.0999755859375,867.0999755859375,860.0,861.2999877929688,1899222,SBIN
2025-09-23 07:45:00+00:00,870.75,874.25,866.2999877929688,867.0999755859375,3380081,SBIN
2025-09-23 08:45:00+00:00,870.0999755859375,873.5999755859375,869.2999877929688,870.75,3941206,SBIN
2025-09-23 09:45:00+00:00,869.5,871.9000244140625,869.0999755859375,870.5999755859375,1265474,SBIN
2025-09-24 03:45:00+00:00,878.3499755859375,880.2999877929688,871.5,874.0,0,SBIN
2025-09-24 04:45:00+00:00,870.75,879.7000122070312,869.2000122070312,878.3499755859375,1723572,SBIN
2025-09-24 05:45:00+00:00,871.8499755859375,872.75,870.0,870.8499755859375,1420595,SBIN
2025-09-24 06:45:00+00:00,871.7000122070312,872.9500122070312,870.0,871.8499755859375,1122437,SBIN
2025-09-24 07:45:00+00:00,870.7999877929688,872.9500122070312,870.1500244140625,871.6500244140625,1434811,SBIN
2025-09-24 08:45:00+00:00,866.8499755859375,870.9000244140625,864.4500122070312,870.7999877929688,2293616,SBIN
2025-09-24 09:45:00+00:00,866.1500244140625,866.9500122070312,865.9000244140625,866.8499755859375,700498,SBIN
2025-09-25 03:45:00+00:00,867.0499877929688,868.3499755859375,861.2000122070312,864.9500122070312,0,SBIN
2025-09-25 04:45:00+00:00,870.0,870.0999755859375,866.4000244140625,867.1500244140625,867710,SBIN
2025-09-25 05:45:00+00:00,866.75,870.0,865.5499877929688,869.9500122070312,588066,SBIN
2025-09-25 06:45:00+00:00,868.0,869.4000244140625,866.2999877929688,866.75,776934,SBIN
2025-09-25 07:45:00+00:00,865.3499755859375,868.6500244140625,864.0499877929688,868.0499877929688,1139988,SBIN
2025-09-25 08:45:00+00:00,861.1500244140625,865.75,859.9500122070312,865.3499755859375,2752710,SBIN
2025-09-25 09:45:00+00:00,861.1500244140625,862.0,860.5499877929688,861.2000122070312,1024845,SBIN
2025-09-26 03:45:00+00:00,860.5999755859375,864.0499877929688,855.5999755859375,863.9000244140625,0,SBIN
2025-09-26 04:45:00+00:00,858.2000122070312,862.0999755859375,856.0,860.7000122070312,777750,SBIN
2025-09-26 05:45:00+00:00,856.7999877929688,858.9500122070312,855.3499755859375,858.2000122070312,665056,SBIN
2025-09-26 06:45:00+00:00,857.8499755859375,859.0,854.0999755859375,856.7000122070312,819096,SBIN
2025-09-26 07:45:00+00:00,855.6500244140625,858.0,853.0,858.0,957039,SBIN
2025-09-26 08:45:00+00:00,857.0,858.5499877929688,853.75,855.7000122070312,1702043,SBIN
2025-09-26 09:45:00+00:00,857.0,858.0,856.4000244140625,857.0,609915,SBIN
2025-09-29 03:45:00+00:00,862.9000244140625,864.9000244140625,857.2000122070312,858.6500244140625,0,SBIN
2025-09-29 04:45:00+00:00,860.7999877929688,864.6500244140625,860.5499877929688,863.0,638388,SBIN
2025-09-29 05:45:00+00:00,857.25,860.75,856.0,860.75,1129671,SBIN
2025-09-29 06:45:00+00:00,867.5999755859375,868.3499755859375,857.0999755859375,857.25,1736373,SBIN
2025-09-29 07:45:00+00:00,864.9000244140625,867.5999755859375,862.7999877929688,867.5499877929688,1776599,SBIN
2025-09-29 08:45:00+00:00,871.0,871.8499755859375,861.8499755859375,864.8499755859375,9350854,SBIN
2025-09-29 09:45:00+00:00,870.0,873.0999755859375,869.4500122070312,870.9500122070312,7009787,SBIN
2025-09-30 03:45:00+00:00,874.8499755859375,877.5,868.6500244140625,869.1500244140625,0,SBIN
2025-09-30 04:45:00+00:00,874.4000244140625,876.6500244140625,872.5,874.9000244140625,1101321,SBIN
2025-09-30 05:45:00+00:00,874.0499877929688,875.8499755859375,873.5499877929688,874.4000244140625,871847,SBIN
2025-09-30 06:45:00+00:00,873.7999877929688,876.7999877929688,872.5,874.0499877929688,1523020,SBIN
2025-09-30 07:45:00+00:00,873.5,874.75,871.4000244140625,873.7999877929688,1572379,SBIN
2025-09-30 08:45:00+00:00,873.1500244140625,875.3499755859375,871.2000122070312,873.5,3469254,SBIN
2025-09-30 09:45:00+00:00,873.7000122070312,873.7999877929688,871.7000122070312,872.7999877929688,1560122,SBIN
2025-10-01 03:45:00+00:00,871.2999877929688,876.3499755859375,867.5,874.7000122070312,0,SBIN
2025-10-01 04:45:00+00:00,866.3499755859375,871.5999755859375,865.4500122070312,871.0499877929688,1895372,SBIN
2025-10-01 05:45:00+00:00,864.6500244140625,867.0999755859375,863.75,866.3499755859375,1163691,SBIN
2025-10-01 06:45:00+00:00,866.7000122070312,867.7999877929688,864.0,864.9000244140625,1175940,SBIN
2025-10-01 07:45:00+00:00,866.5999755859375,869.7000122070312,864.7999877929688,866.75,1542905,SBIN
2025-10-01 08:45:00+00:00,863.0499877929688,868.0999755859375,862.9500122070312,866.5,2591451,SBIN
2025-10-01 09:45:00+00:00,864.0999755859375,865.5,862.9000244140625,863.3499755859375,918703,SBIN
2025-10-03 03:45:00+00:00,870.0999755859375,873.0,863.7999877929688,866.25,0,SBIN
2025-10-03 04:45:00+00:00,870.0,871.7999877929688,867.2999877929688,870.0999755859375,685621,SBIN
2025-10-03 05:45:00+00:00,867.9000244140625,871.4500122070312,864.5999755859375,870.0999755859375,1160956,SBIN
2025-10-03 06:45:00+00:00,866.7999877929688,869.7999877929688,865.1500244140625,867.9000244140625,1456184,SBIN
2025-10-03 07:45:00+00:00,865.2999877929688,868.5,865.2999877929688,866.9000244140625,895640,SBIN
2025-10-03 08:45:00+00:00,867.2000122070312,868.3499755859375,864.2000122070312,865.2999877929688,1485003,SBIN
2025-10-03 09:45:00+00:00,867.7000122070312,867.75,866.7000122070312,867.0499877929688,563321,SBIN
2025-10-06 03:45:00+00:00,868.25,870.8499755859375,862.7999877929688,868.5999755859375,0,SBIN
2025-10-06 04:45:00+00:00,866.4500122070312,871.2000122070312,866.1500244140625,868.25,1118276,SBIN
2025-10-06 05:45:00+00:00,867.2000122070312,868.9000244140625,865.5499877929688,866.4500122070312,1100435,SBIN
2025-10-06 06:45:00+00:00,867.9000244140625,868.0,865.7000122070312,867.4500122070312,734163,SBIN
2025-10-06 07:45:00+00:00,868.9000244140625,870.0,865.9500122070312,867.8499755859375,1221781,SBIN
2025-10-06 08:45:00+00:00,874.0999755859375,875.2999877929688,867.4000244140625,868.9000244140625,1719642,SBIN
2025-10-06 09:45:00+00:00,873.0,874.6500244140625,873.0,874.0499877929688,481494,SBIN
2025-10-07 03:45:00+00:00,869.7000122070312,874.1500244140625,868.7000122070312,874.1500244140625,1353163,SBIN
2025-10-07 04:45:00+00:00,868.5999755859375,870.5,867.2000122070312,869.7000122070312,853204,SBIN
2025-10-07 05:45:00+00:00,869.3499755859375,869.4500122070312,866.2000122070312,868.5999755859375,1264319,SBIN
2025-10-07 06:45:00+00:00,869.5,870.75,867.9000244140625,869.3499755859375,1326316,SBIN
2025-10-07 07:45:00+00:00,870.5999755859375,872.5,868.5499877929688,869.5,1188118,SBIN
2025-10-07 08:45:00+00:00,863.7000122070312,870.5999755859375,863.5,870.1500244140625,2323546,SBIN
2025-10-07 09:45:00+00:00,864.1500244140625,864.6500244140625,863.1500244140625,863.5999755859375,929814,SBIN
2025-10-08 03:45:00+00:00,865.8499755859375,867.7999877929688,861.0999755859375,866.7999877929688,0,SBIN
2025-10-08 04:45:00+00:00,859.0,866.0,858.5999755859375,866.0,633303,SBIN
2025-10-08 05:45:00+00:00,859.2000122070312,861.3499755859375,857.2999877929688,859.1500244140625,1279591,SBIN
2025-10-08 06:45:00+00:00,860.6500244140625,861.7000122070312,857.5999755859375,859.3499755859375,1170589,SBIN
2025-10-08 07:45:00+00:00,859.9500122070312,863.2999877929688,859.25,860.4000244140625,1193697,SBIN
2025-10-08 08:45:00+00:00,858.5999755859375,861.2000122070312,857.6500244140625,860.0,1099563,SBIN
2025-10-08 09:45:00+00:00,858.25,859.0499877929688,857.25,858.5499877929688,630633,SBIN
2025-10-09 03:45:00+00:00,859.8499755859375,862.5999755859375,858.1500244140625,860.9500122070312,0,SBIN
2025-10-09 04:45:00+00:00,860.5499877929688,861.9000244140625,858.4000244140625,859.8499755859375,763743,SBIN
2025-10-09 05:45:00+00:00,861.3499755859375,865.7999877929688,860.5,860.5499877929688,1497872,SBIN
2025-10-09 06:45:00+00:00,860.2999877929688,862.4500122070312,859.0,861.5999755859375,912032,SBIN
2025-10-09 07:45:00+00:00,860.7999877929688,865.0,859.5999755859375,860.5499877929688,1004158,SBIN
2025-10-09 08:45:00+00:00,861.8499755859375,863.0999755859375,859.7999877929688,860.9500122070312,1641440,SBIN
2025-10-09 09:45:00+00:00,862.0,862.8499755859375,861.4000244140625,861.9500122070312,637082,SBIN
2025-10-10 03:45:00+00:00,879.25,880.1500244140625,861.6500244140625,862.0999755859375,0,SBIN
2025-10-10 04:45:00+00:00,880.0999755859375,883.75,878.5,879.25,3179145,SBIN
2025-10-10 05:45:00+00:00,882.1500244140625,882.5,878.6500244140625,880.3499755859375,2348967,SBIN
2025-10-10 06:45:00+00:00,880.3499755859375,883.4000244140625,880.0,881.9000244140625,1551976,SBIN
2025-10-10 07:45:00+00:00,880.4500122070312,882.1500244140625,879.5999755859375,880.4500122070312,1299980,SBIN
2025-10-10 08:45:00+00:00,881.2000122070312,881.7000122070312,879.2999877929688,880.4500122070312,1677729,SBIN
2025-10-10 09:45:00+00:00,880.9500122070312,881.5499877929688,879.9000244140625,881.2000122070312,982327,SBIN
2025-10-13 03:45:00+00:00,885.2999877929688,885.7000122070312,876.0,876.8499755859375,0,SBIN
2025-10-13 04:45:00+00:00,886.75,888.0499877929688,884.7000122070312,885.0999755859375,2520871,SBIN
2025-10-13 05:45:00+00:00,884.9000244140625,887.0,883.8499755859375,886.75,1246305,SBIN
2025-10-13 06:45:00+00:00,885.5999755859375,885.6500244140625,884.1500244140625,884.5,1046965,SBIN
2025-10-13 07:45:00+00:00,882.25,885.7999877929688,882.0,885.4500122070312,1134749,SBIN
2025-10-13 08:45:00+00:00,882.5999755859375,885.9000244140625,882.2000122070312,882.3499755859375,2390933,SBIN
2025-10-13 09:45:00+00:00,884.0,884.0,882.2000122070312,882.5999755859375,1009694,SBIN
2025-10-14 03:45:00+00:00,879.0,883.9000244140625,878.0,883.4500122070312,0,SBIN
2025-10-14 04:45:00+00:00,877.0,879.5,876.2000122070312,879.0999755859375,962056,SBIN
2025-10-14 05:45:00+00:00,875.7999877929688,878.0,873.7000122070312,877.0999755859375,824394,SBIN
2025-10-14 06:45:00+00:00,874.5499877929688,876.7000122070312,873.4000244140625,875.7999877929688,751131,SBIN
2025-10-14 07:45:00+00:00,874.0,875.7000122070312,872.0999755859375,874.5999755859375,885285,SBIN
2025-10-14 08:45:00+00:00,876.5499877929688,878.0,872.9000244140625,874.0999755859375,2221362,SBIN
2025-10-14 09:45:00+00:00,876.9500122070312,877.9500122070312,875.2000122070312,876.5499877929688,733168,SBIN
2025-10-15 03:45:00+00:00,882.4500122070312,882.5499877929688,877.0499877929688,878.5499877929688,0,SBIN
2025-10-15 04:45:00+00:00,883.9500122070312,884.75,882.0499877929688,882.4500122070312,910756,SBIN
2025-10-15 05:45:00+00:00,885.0,885.4500122070312,882.2999877929688,883.7999877929688,1098204,SBIN
2025-10-15 06:45:00+00:00,885.75,887.5,885.0,885.0,1287651,SBIN
2025-10-15 07:45:00+00:00,883.5,886.5,883.0999755859375,885.75,698625,SBIN
2025-10-15 08:45:00+00:00,886.0999755859375,886.25,883.1500244140625,883.5,1826439,SBIN
2025-10-15 09:45:00+00:00,886.0999755859375,887.5,885.0,886.0499877929688,1474554,SBIN
2025-10-16 03:45:00+00:00,883.8499755859375,888.3499755859375,882.5,888.3499755859375,0,SBIN
2025-10-16 04:45:00+00:00,885.0,885.5,883.7000122070312,883.8499755859375,474842,SBIN
2025-10-16 05:45:00+00:00,884.0,885.5,883.0499877929688,885.0,621238,SBIN
2025-10-16 06:45:00+00:00,889.2000122070312,889.8499755859375,884.0,884.0499877929688,1977096,SBIN
2025-10-16 07:45:00+00:00,890.7999877929688,891.7999877929688,887.5,889.25,1725020,SBIN
2025-10-16 08:45:00+00:00,886.6500244140625,891.2000122070312,885.8499755859375,890.8499755859375,1777312,SBIN
2025-10-16 09:45:00+00:00,886.0499877929688,887.5,886.0,887.0,404036,SBIN
2025-10-17 03:45:00+00:00,887.4000244140625,890.2000122070312,883.7000122070312,885.0999755859375,0,SBIN
2025-10-17 04:45:00+00:00,894.0,894.7000122070312,886.2999877929688,887.4000244140625,1144673,SBIN
2025-10-17 05:45:00+00:00,890.75,894.3499755859375,889.0499877929688,893.9500122070312,1359564,SBIN
2025-10-17 06:45:00+00:00,885.2999877929688,891.25,884.2999877929688,890.75,1386975,SBIN
2025-10-17 07:45:00+00:00,887.7000122070312,890.0,883.0,885.25,1629903,SBIN
2025-10-17 08:45:00+00:00,888.8499755859375,890.5499877929688,886.4000244140625,887.7000122070312,1802970,SBIN
2025-10-17 09:45:00+00:00,889.1500244140625,889.5,887.0999755859375,888.7000122070312,372696,SBIN
2025-10-20 03:45:00+00:00,897.8499755859375,900.0,891.7000122070312,893.5999755859375,0,SBIN
2025-10-20 04:45:00+00:00,908.2000122070312,909.75,897.0,897.9000244140625,3738670,SBIN
2025-10-20 05:45:00+00:00,908.3499755859375,909.0,905.5,907.9500122070312,754363,SBIN
2025-10-20 06:45:00+00:00,908.2000122070312,913.5999755859375,907.1500244140625,908.4000244140625,2112383,SBIN
2025-10-20 07:45:00+00:00,906.8499755859375,908.6500244140625,906.0,908.0499877929688,1242629,SBIN
2025-10-20 08:45:00+00:00,908.2999877929688,908.5499877929688,905.0,907.1500244140625,2594589,SBIN
2025-10-20 09:45:00+00:00,907.5,908.3499755859375,905.8499755859375,908.2999877929688,1149021,SBIN
2025-10-21 07:45:00+00:00,907.5999755859375,909.9500122070312,906.6500244140625,908.0,910495,SBIN
2025-10-21 08:45:00+00:00,907.8499755859375,908.5,907.0,907.5999755859375,820722,SBIN
2025-10-23 03:45:00+00:00,914.5499877929688,915.7000122070312,904.8499755859375,910.2000122070312,839971,SBIN
2025-10-23 04:45:00+00:00,915.5,916.0,912.0,914.5,1920333,SBIN
2025-10-23 05:45:00+00:00,915.7999877929688,918.0,915.25,915.5499877929688,1713255,SBIN
2025-10-23 06:45:00+00:00,912.9500122070312,915.9500122070312,911.5999755859375,915.75,2068194,SBIN
2025-10-23 07:45:00+00:00,910.4000244140625,913.9500122070312,909.2999877929688,913.0,1442123,SBIN
2025-10-23 08:45:00+00:00,910.5499877929688,915.7999877929688,910.0,910.2000122070312,2742765,SBIN
2025-10-23 09:45:00+00:00,909.9500122070312,911.75,909.0499877929688,910.5499877929688,872104,SBIN
2025-10-24 03:45:00+00:00,907.7000122070312,914.0,907.7000122070312,910.9500122070312,0,SBIN
2025-10-24 04:45:00+00:00,905.9000244140625,908.0,902.5,907.6500244140625,885275,SBIN
2025-10-24 05:45:00+00:00,906.25,906.9000244140625,902.6500244140625,905.9500122070312,1045769,SBIN
2025-10-24 06:45:00+00:00,905.9000244140625,907.9000244140625,904.7000122070312,906.5,506196,SBIN
2025-10-24 07:45:00+00:00,902.5,906.0499877929688,900.9500122070312,905.9000244140625,745136,SBIN
2025-10-24 08:45:00+00:00,904.8499755859375,905.0,902.4500122070312,902.75,861715,SBIN
2025-10-24 09:45:00+00:00,904.0,904.9000244140625,903.0999755859375,904.75,383186,SBIN
2025-10-27 03:45:00+00:00,915.9500122070312,917.0,906.9000244140625,906.9000244140625,0,SBIN
2025-10-27 04:45:00+00:00,918.5,918.7000122070312,915.75,916.0,932105,SBIN
2025-10-27 05:45:00+00:00,917.9000244140625,919.4000244140625,916.8499755859375,918.7000122070312,1140092,SBIN
2025-10-27 06:45:00+00:00,918.1500244140625,919.0,915.3499755859375,917.9500122070312,1084249,SBIN
2025-10-27 07:45:00+00:00,916.5,918.5,915.5499877929688,918.1500244140625,1343329,SBIN
2025-10-27 08:45:00+00:00,918.6500244140625,919.0,916.3499755859375,916.5,1330380,SBIN
2025-10-27 09:45:00+00:00,926.5,927.9000244140625,918.2999877929688,918.7000122070312,1896475,SBIN
2025-10-28 03:45:00+00:00,924.25,935.7999877929688,922.6500244140625,928.5999755859375,0,SBIN
2025-10-28 04:45:00+00:00,918.3499755859375,924.25,918.0,924.25,1925735,SBIN
2025-10-28 05:45:00+00:00,925.7000122070312,925.75,917.9500122070312,918.2999877929688,2658297,SBIN
2025-10-28 06:45:00+00:00,929.1500244140625,930.4000244140625,923.5,925.6500244140625,2273764,SBIN
2025-10-28 07:45:00+00:00,928.3499755859375,931.7000122070312,927.0999755859375,929.1500244140625,2456607,SBIN
2025-10-28 08:45:00+00:00,930.4500122070312,930.5,925.9500122070312,928.3499755859375,4798062,SBIN
2025-10-28 09:45:00+00:00,930.1500244140625,932.0,930.0,930.2999877929688,2310654,SBIN
2025-10-29 03:45:00+00:00,935.5,938.7999877929688,930.25,933.0,0,SBIN
2025-10-29 04:45:00+00:00,935.0,938.5,933.2999877929688,935.0499877929688,896989,SBIN
2025-10-29 05:45:00+00:00,938.0,941.8499755859375,932.9500122070312,935.0999755859375,2504245,SBIN
2025-10-29 06:45:00+00:00,938.25,939.0999755859375,935.2000122070312,937.7999877929688,1980180,SBIN
2025-10-29 07:45:00+00:00,939.2999877929688,940.5,937.5999755859375,938.2999877929688,1961983,SBIN
2025-10-29 08:45:00+00:00,939.8499755859375,940.7999877929688,937.5,939.25,2403600,SBIN
2025-10-29 09:45:00+00:00,939.75,940.7999877929688,938.4500122070312,939.5999755859375,925138,SBIN
2025-10-30 03:45:00+00:00,942.0,942.2999877929688,936.5499877929688,938.0999755859375,0,SBIN
2025-10-30 04:45:00+00:00,943.0999755859375,943.3499755859375,939.7999877929688,941.75,1289788,SBIN
2025-10-30 05:45:00+00:00,940.4500122070312,944.7999877929688,939.5,943.2000122070312,2211024,SBIN
2025-10-30 06:45:00+00:00,939.9500122070312,943.2000122070312,939.0,940.5999755859375,1694741,SBIN
2025-10-30 07:45:00+00:00,936.4000244140625,940.0499877929688,934.8499755859375,940.0,1414919,SBIN
2025-10-30 08:45:00+00:00,933.7000122070312,938.3499755859375,933.5499877929688,936.4000244140625,2824294,SBIN
2025-10-30 09:45:00+00:00,933.9000244140625,934.5,933.1500244140625,933.75,967037,SBIN
2025-10-31 03:45:00+00:00,938.2999877929688,940.2999877929688,930.25,934.7000122070312,0,SBIN
2025-10-31 04:45:00+00:00,937.5,938.4500122070312,934.6500244140625,938.4500122070312,1139878,SBIN
2025-10-31 05:45:00+00:00,941.8499755859375,946.7000122070312,937.2999877929688,937.5999755859375,2553898,SBIN
2025-10-31 06:45:00+00:00,939.2999877929688,943.0,938.5999755859375,941.7999877929688,1726937,SBIN
2025-10-31 07:45:00+00:00,937.9000244140625,940.5,936.4000244140625,939.3499755859375,1267581,SBIN
2025-10-31 08:45:00+00:00,936.3499755859375,939.9000244140625,935.6500244140625,938.0,2165539,SBIN
2025-10-31 09:45:00+00:00,936.5499877929688,938.2999877929688,936.25,936.2999877929688,1424608,SBIN
2025-11-03 03:45:00+00:00,947.4000244140625,948.5,938.4000244140625,938.4000244140625,0,SBIN
2025-11-03 04:45:00+00:00,947.9000244140625,950.3499755859375,946.2000122070312,947.6500244140625,1326621,SBIN
2025-11-03 05:45:00+00:00,946.7999877929688,948.0,944.0999755859375,947.9000244140625,1399077,SBIN
2025-11-03 06:45:00+00:00,950.0,950.0,945.2000122070312,946.5,1281543,SBIN
2025-11-03 07:45:00+00:00,951.6500244140625,953.4000244140625,948.1500244140625,950.0,2347189,SBIN
2025-11-03 08:45:00+00:00,950.9500122070312,952.8499755859375,949.4000244140625,951.6500244140625,1504828,SBIN
2025-11-03 09:45:00+00:00,949.0,951.5999755859375,947.9500122070312,950.9500122070312,1015686,SBIN
2025-11-04 03:45:00+00:00,945.5999755859375,952.0499877929688,943.1500244140625,952.0,0,SBIN
2025-11-04 04:45:00+00:00,947.4000244140625,950.0499877929688,944.0,945.2000122070312,1873144,SBIN
2025-11-04 05:45:00+00:00,943.5999755859375,948.1500244140625,941.75,947.2000122070312,1408408,SBIN
2025-11-04 06:45:00+00:00,942.5,946.5,942.5,943.5,1257913,SBIN
2025-11-04 07:45:00+00:00,954.2000122070312,958.5,941.5,942.6500244140625,7645241,SBIN
2025-11-04 08:45:00+00:00,958.5,959.0,952.5,954.2000122070312,3737050,SBIN
2025-11-04 09:45:00+00:00,954.5999755859375,958.6500244140625,954.1500244140625,958.5,1386673,SBIN
2025-11-06 03:45:00+00:00,960.7999877929688,971.0499877929688,959.9500122070312,966.5,0,SBIN
2025-11-06 04:45:00+00:00,960.3499755859375,965.7000122070312,960.2999877929688,961.2000122070312,3102507,SBIN
2025-11-06 05:45:00+00:00,960.4000244140625,962.0,955.5,960.5999755859375,2758629,SBIN
2025-11-06 06:45:00+00:00,958.0999755859375,964.4500122070312,956.5,960.4000244140625,2690991,SBIN
2025-11-06 07:45:00+00:00,962.5999755859375,962.5999755859375,956.6500244140625,957.7000122070312,2867258,SBIN
2025-11-06 08:45:00+00:00,961.5,963.1500244140625,960.4000244140625,962.5,3556225,SBIN
2025-11-06 09:45:00+00:00,960.75,962.4000244140625,958.75,961.5499877929688,1044091,SBIN
2025-11-07 03:45:00+00:00,945.7000122070312,958.5,944.25,958.5,0,SBIN
2025-11-07 04:45:00+00:00,951.4000244140625,951.4500122070312,944.0999755859375,945.75,1352117,SBIN
2025-11-07 05:45:00+00:00,953.2000122070312,954.75,950.2999877929688,951.4000244140625,2230469,SBIN
2025-11-07 06:45:00+00:00,961.2000122070312,961.8499755859375,952.0,953.2000122070312,2176849,SBIN
2025-11-07 07:45:00+00:00,961.25,964.7999877929688,959.0,961.25,2422185,SBIN
2025-11-07 08:45:00+00:00,956.0,962.5,955.25,961.25,2438804,SBIN
2025-11-07 09:45:00+00:00,955.8499755859375,956.6500244140625,954.0499877929688,955.9000244140625,743098,SBIN
2025-11-10 03:45:00+00:00,952.6500244140625,962.9500122070312,951.2000122070312,960.0,0,SBIN
2025-11-10 04:45:00+00:00,951.8499755859375,953.9500122070312,949.0999755859375,952.0,614852,SBIN
2025-11-10 05:45:00+00:00,952.5999755859375,955.25,951.5999755859375,951.8499755859375,923389,SBIN
2025-11-10 06:45:00+00:00,953.0499877929688,954.75,952.2999877929688,952.5999755859375,581584,SBIN
2025-11-10 07:45:00+00:00,951.0,953.4000244140625,949.7000122070312,953.4000244140625,1259286,SBIN
2025-11-10 08:45:00+00:00,951.9500122070312,954.0,950.9000244140625,951.0999755859375,1601442,SBIN
2025-11-10 09:45:00+00:00,950.5499877929688,952.1500244140625,949.6500244140625,951.9500122070312,1037816,SBIN
2025-11-11 03:45:00+00:00,946.6500244140625,953.6500244140625,945.8499755859375,953.0,0,SBIN
2025-11-11 04:45:00+00:00,948.75,949.5,945.0499877929688,946.6500244140625,787980,SBIN
2025-11-11 05:45:00+00:00,950.5999755859375,952.3499755859375,948.0999755859375,948.7999877929688,723539,SBIN
2025-11-11 06:45:00+00:00,950.0,952.9000244140625,949.0499877929688,950.5999755859375,1300214,SBIN
2025-11-11 07:45:00+00:00,951.4500122070312,954.5,949.7999877929688,949.9500122070312,1575454,SBIN
2025-11-11 08:45:00+00:00,953.3499755859375,954.0,951.3499755859375,951.5,2390377,SBIN
2025-11-11 09:45:00+00:00,953.5,954.5999755859375,952.9500122070312,953.4000244140625,644667,SBIN
2025-11-12 03:45:00+00:00,957.9500122070312,960.5,956.6500244140625,957.9000244140625,0,SBIN
2025-11-12 04:45:00+00:00,957.6500244140625,958.9000244140625,954.9000244140625,957.7999877929688,728745,SBIN
2025-11-12 05:45:00+00:00,957.4000244140625,959.5999755859375,957.2000122070312,957.75,513447,SBIN
2025-11-12 06:45:00+00:00,959.5999755859375,961.5,957.2999877929688,957.4000244140625,573028,SBIN
2025-11-12 07:45:00+00:00,958.9000244140625,960.4500122070312,958.2999877929688,959.5499877929688,809680,SBIN
2025-11-12 08:45:00+00:00,959.1500244140625,960.2999877929688,957.0999755859375,958.7999877929688,1461123,SBIN
2025-11-12 09:45:00+00:00,953.0999755859375,959.1500244140625,951.5,959.1500244140625,1950540,SBIN
2025-11-13 03:45:00+00:00,962.4500122070312,963.9500122070312,953.25,954.4500122070312,0,SBIN
2025-11-13 04:45:00+00:00,960.5,963.2999877929688,960.4000244140625,962.5999755859375,926369,SBIN
2025-11-13 05:45:00+00:00,961.0,962.4500122070312,960.0999755859375,960.5999755859375,858014,SBIN
2025-11-13 06:45:00+00:00,958.0,961.4000244140625,956.25,961.0,1203659,SBIN
2025-11-13 07:45:00+00:00,954.9000244140625,959.25,953.25,958.0499877929688,969131,SBIN
2025-11-13 08:45:00+00:00,953.9500122070312,957.2999877929688,953.9500122070312,954.8499755859375,1823916,SBIN
2025-11-13 09:45:00+00:00,954.5,955.0,952.5,954.0,1355672,SBIN
2025-11-14 03:45:00+00:00,958.7999877929688,960.9000244140625,952.6500244140625,952.9500122070312,0,SBIN
2025-11-14 04:45:00+00:00,962.0,962.2999877929688,957.4000244140625,958.8499755859375,1208926,SBIN
2025-11-14 05:45:00+00:00,959.9500122070312,962.4000244140625,959.0,962.0,915721,SBIN
2025-11-14 06:45:00+00:00,957.9500122070312,960.0,957.1500244140625,959.8499755859375,1298829,SBIN
2025-11-14 07:45:00+00:00,961.0499877929688,962.0,957.8499755859375,958.0,1301842,SBIN
2025-11-14 08:45:00+00:00,967.9500122070312,968.5999755859375,960.5999755859375,961.0,2984574,SBIN
2025-11-14 09:45:00+00:00,967.5499877929688,969.0499877929688,967.25,967.9000244140625,1751626,SBIN
2025-11-17 03:45:00+00:00,973.5,976.0,970.0499877929688,971.0,0,SBIN
2025-11-17 04:45:00+00:00,974.0,974.7999877929688,971.5499877929688,973.5,871867,SBIN
2025-11-17 05:45:00+00:00,972.9500122070312,974.4500122070312,971.9500122070312,973.9500122070312,676336,SBIN
2025-11-17 06:45:00+00:00,971.9500122070312,974.4000244140625,971.7000122070312,972.9500122070312,735181,SBIN
2025-11-17 07:45:00+00:00,972.9000244140625,973.3499755859375,971.7000122070312,972.0,934094,SBIN
2025-11-17 08:45:00+00:00,973.4000244140625,974.0,971.9500122070312,972.9000244140625,1435485,SBIN
2025-11-17 09:45:00+00:00,973.0,973.5,972.8499755859375,973.4500122070312,723537,SBIN
2025-11-18 03:45:00+00:00,972.25,976.5999755859375,968.8499755859375,974.5999755859375,0,SBIN
2025-11-18 04:45:00+00:00,973.0999755859375,973.5499877929688,971.0999755859375,972.0499877929688,527829,SBIN
2025-11-18 05:45:00+00:00,971.4500122070312,973.2000122070312,971.4500122070312,973.0999755859375,675558,SBIN
2025-11-18 06:45:00+00:00,972.9500122070312,973.4500122070312,970.6500244140625,971.1500244140625,739051,SBIN
2025-11-18 07:45:00+00:00,972.9000244140625,974.4000244140625,971.6500244140625,972.7999877929688,764860,SBIN
2025-11-18 08:45:00+00:00,972.25,973.75,971.5999755859375,972.9000244140625,1460804,SBIN
2025-11-18 09:45:00+00:00,971.9000244140625,973.0,971.2999877929688,972.25,861683,SBIN
2025-11-19 03:45:00+00:00,976.4000244140625,977.5,968.8499755859375,972.7000122070312,0,SBIN
2025-11-19 04:45:00+00:00,972.7999877929688,977.0,972.75,976.2000122070312,584230,SBIN
2025-11-19 05:45:00+00:00,976.3499755859375,976.5999755859375,972.0499877929688,972.8499755859375,820341,SBIN
2025-11-19 06:45:00+00:00,979.2999877929688,980.0,975.4000244140625,976.3499755859375,1023997,SBIN
2025-11-19 07:45:00+00:00,984.2000122070312,984.4000244140625,978.3499755859375,979.4500122070312,1147669,SBIN
2025-11-19 08:45:00+00:00,982.6500244140625,984.25,982.2000122070312,984.1500244140625,2568413,SBIN
2025-11-19 09:45:00+00:00,982.75,983.5999755859375,980.1500244140625,982.9500122070312,1058110,SBIN
2025-11-20 03:45:00+00:00,981.6500244140625,986.0,981.25,986.0,0,SBIN
2025-11-20 04:45:00+00:00,981.1500244140625,982.7999877929688,980.0,981.75,683688,SBIN
2025-11-20 05:45:00+00:00,983.25,983.4000244140625,979.7999877929688,981.1500244140625,863296,SBIN
2025-11-20 06:45:00+00:00,982.5999755859375,983.7999877929688,981.75,983.1500244140625,793383,SBIN
2025-11-20 07:45:00+00:00,982.1500244140625,982.9500122070312,981.0999755859375,982.2999877929688,688788,SBIN
2025-11-20 08:45:00+00:00,982.5499877929688,983.0,979.3499755859375,982.1500244140625,1428064,SBIN
2025-11-20 09:45:00+00:00,981.0,982.8499755859375,980.7999877929688,982.5499877929688,574645,SBIN
2025-11-21 03:45:00+00:00,976.25,980.4500122070312,976.25,979.7000122070312,0,SBIN
2025-11-21 04:45:00+00:00,973.0,976.3499755859375,971.0499877929688,976.3499755859375,856363,SBIN
2025-11-21 05:45:00+00:00,976.25,976.4000244140625,972.0999755859375,972.9000244140625,484320,SBIN
2025-11-21 06:45:00+00:00,976.7000122070312,978.2999877929688,975.6500244140625,976.5,533948,SBIN
2025-11-21 07:45:00+00:00,975.9500122070312,977.2000122070312,974.6500244140625,976.7000122070312,830198,SBIN
2025-11-21 08:45:00+00:00,972.9500122070312,977.0,972.5999755859375,975.9500122070312,1405051,SBIN
2025-11-21 09:45:00+00:00,972.5999755859375,973.0,971.2000122070312,973.0,518431,SBIN
2025-11-24 03:45:00+00:00,977.2999877929688,977.5999755859375,971.7000122070312,975.5499877929688,0,SBIN
2025-11-24 04:45:00+00:00,973.9500122070312,977.5999755859375,973.5499877929688,977.25,784740,SBIN
2025-11-24 05:45:00+00:00,975.9500122070312,976.2999877929688,973.8499755859375,974.0,420587,SBIN
2025-11-24 06:45:00+00:00,974.9000244140625,976.25,973.6500244140625,976.0,780952,SBIN
2025-11-24 07:45:00+00:00,973.3499755859375,975.5,973.1500244140625,974.9500122070312,430633,SBIN
2025-11-24 08:45:00+00:00,971.0,974.0499877929688,968.4500122070312,973.5,3822950,SBIN
2025-11-24 09:45:00+00:00,970.5999755859375,971.0999755859375,968.0499877929688,971.0999755859375,2599019,SBIN
2025-11-25 03:45:00+00:00,978.5499877929688,979.8499755859375,971.75,974.9500122070312,0,SBIN
2025-11-25 04:45:00+00:00,982.0499877929688,982.4000244140625,977.9000244140625,978.75,947616,SBIN
2025-11-25 05:45:00+00:00,985.1500244140625,986.0,982.0999755859375,982.0999755859375,1135180,SBIN
2025-11-25 06:45:00+00:00,985.4500122070312,985.5499877929688,983.4000244140625,985.1500244140625,926598,SBIN
2025-11-25 07:45:00+00:00,987.8499755859375,988.7000122070312,985.25,985.4500122070312,1088298,SBIN
2025-11-25 08:45:00+00:00,983.8499755859375,988.9500122070312,983.0,987.8499755859375,2677987,SBIN
2025-11-25 09:45:00+00:00,983.5,986.6500244140625,982.25,983.75,1064560,SBIN
2025-11-26 03:45:00+00:00,994.2999877929688,994.9000244140625,987.0,987.0,0,SBIN
2025-11-26 04:45:00+00:00,994.2999877929688,999.0,992.8499755859375,994.25,2082231,SBIN
2025-11-26 05:45:00+00:00,993.0,994.9500122070312,992.4500122070312,994.2999877929688,1453601,SBIN
2025-11-26 06:45:00+00:00,989.9500122070312,993.0,989.75,992.9500122070312,1981998,SBIN
2025-11-26 07:45:00+00:00,988.0,990.0,986.6500244140625,990.0,2398918,SBIN
2025-11-26 08:45:00+00:00,984.0,988.4000244140625,982.2000122070312,988.0,3060021,SBIN
2025-11-26 09:45:00+00:00,983.9000244140625,984.25,983.0,983.9500122070312,1265496,SBIN
2025-11-27 03:45:00+00:00,979.2000122070312,987.6500244140625,977.5499877929688,986.6500244140625,0,SBIN
2025-11-27 04:45:00+00:00,979.3499755859375,982.5499877929688,978.4000244140625,979.2000122070312,965858,SBIN
2025-11-27 05:45:00+00:00,975.1500244140625,979.9500122070312,974.6500244140625,979.3499755859375,1183176,SBIN
2025-11-27 06:45:00+00:00,975.4000244140625,980.7000122070312,974.0,975.0499877929688,1732107,SBIN
2025-11-27 07:45:00+00:00,968.9500122070312,976.4500122070312,968.9000244140625,975.3499755859375,3004686,SBIN
2025-11-27 08:45:00+00:00,973.1500244140625,973.5,968.9000244140625,969.0,2399255,SBIN
2025-11-27 09:45:00+00:00,973.0,973.9500122070312,972.1500244140625,973.2000122070312,633919,SBIN
2025-11-28 03:45:00+00:00,975.0,977.75,973.2000122070312,976.5,0,SBIN
2025-11-28 04:45:00+00:00,982.0,982.0,974.25,975.0,1033754,SBIN
2025-11-28 05:45:00+00:00,980.4500122070312,982.7999877929688,979.0999755859375,981.9500122070312,863432,SBIN
2025-11-28 06:45:00+00:00,979.0,981.25,978.7999877929688,980.4500122070312,650096,SBIN
2025-11-28 07:45:00+00:00,981.2000122070312,981.6500244140625,978.9500122070312,979.0,777247,SBIN
2025-11-28 08:45:00+00:00,979.9000244140625,983.0,979.9000244140625,981.0999755859375,1346276,SBIN
2025-11-28 09:45:00+00:00,977.0,980.0,976.3499755859375,980.0,2035102,SBIN
2025-12-01 03:45:00+00:00,984.8499755859375,991.0999755859375,983.5999755859375,983.9500122070312,0,SBIN
2025-12-01 04:45:00+00:00,984.5,985.5,983.4500122070312,985.0,652834,SBIN
2025-12-01 05:45:00+00:00,975.0,984.5,974.4500122070312,984.5,1382659,SBIN
2025-12-01 06:45:00+00:00,976.1500244140625,977.0,974.5499877929688,974.9000244140625,1443507,SBIN
2025-12-01 07:45:00+00:00,974.0,976.5,973.3499755859375,976.25,783480,SBIN
2025-12-01 08:45:00+00:00,973.9000244140625,974.3499755859375,969.9000244140625,974.0,1458403,SBIN
2025-12-01 09:45:00+00:00,972.25,974.0,971.8499755859375,973.9000244140625,616931,SBIN
2025-12-02 03:45:00+00:00,975.0,979.9500122070312,973.75,975.5499877929688,0,SBIN
2025-12-02 04:45:00+00:00,975.8499755859375,980.25,975.0,975.0499877929688,2715629,SBIN
2025-12-02 05:45:00+00:00,974.4000244140625,976.0,974.0,976.0,1223666,SBIN
2025-12-02 06:45:00+00:00,975.0,975.0499877929688,973.1500244140625,974.3499755859375,968973,SBIN
2025-12-02 07:45:00+00:00,974.0,975.0499877929688,973.8499755859375,975.0,1436622,SBIN
2025-12-02 08:45:00+00:00,968.9500122070312,974.0,964.9000244140625,973.9500122070312,3853288,SBIN
2025-12-02 09:45:00+00:00,969.7000122070312,970.0,967.75,968.9000244140625,911753,SBIN
2025-12-03 03:45:00+00:00,961.0999755859375,972.4000244140625,958.4500122070312,970.7000122070312,0,SBIN
2025-12-03 04:45:00+00:00,953.0,961.2999877929688,951.5,961.2999877929688,1588755,SBIN
2025-12-03 05:45:00+00:00,954.0,954.0,947.5499877929688,952.9500122070312,2767264,SBIN
2025-12-03 06:45:00+00:00,953.0999755859375,954.0,951.0499877929688,953.9500122070312,501217,SBIN
2025-12-03 07:45:00+00:00,950.4000244140625,953.7999877929688,948.5499877929688,953.2999877929688,1538233,SBIN
2025-12-03 08:45:00+00:00,951.0499877929688,952.6500244140625,948.0999755859375,950.2999877929688,3788925,SBIN
2025-12-03 09:45:00+00:00,950.75,951.7999877929688,950.0,951.0999755859375,2287543,SBIN
2025-12-04 03:45:00+00:00,946.6500244140625,952.25,945.3499755859375,948.8499755859375,0,SBIN
2025-12-04 04:45:00+00:00,946.9500122070312,951.3499755859375,946.2999877929688,946.7000122070312,2012046,SBIN
2025-12-04 05:45:00+00:00,945.9500122070312,947.25,944.5999755859375,946.9500122070312,1390500,SBIN
2025-12-04 06:45:00+00:00,946.9000244140625,947.0,944.5,945.9500122070312,1836382,SBIN
2025-12-04 07:45:00+00:00,947.9000244140625,949.7999877929688,946.2000122070312,946.9500122070312,2275923,SBIN
2025-12-04 08:45:00+00:00,948.25,948.9000244140625,946.1500244140625,947.9000244140625,3163820,SBIN
2025-12-04 09:45:00+00:00,948.2999877929688,949.4000244140625,947.7000122070312,948.25,953001,SBIN
2025-12-05 03:45:00+00:00,954.9500122070312,957.0,946.7999877929688,948.8499755859375,0,SBIN
2025-12-05 04:45:00+00:00,960.3499755859375,960.7999877929688,951.1500244140625,955.0,1871748,SBIN
2025-12-05 05:45:00+00:00,960.9500122070312,964.9000244140625,960.4500122070312,960.4500122070312,1136436,SBIN
2025-12-05 06:45:00+00:00,963.9500122070312,965.9000244140625,960.5,960.7999877929688,845995,SBIN
2025-12-05 07:45:00+00:00,966.9000244140625,966.9000244140625,963.25,963.9500122070312,1232206,SBIN
2025-12-05 08:45:00+00:00,971.25,972.9500122070312,967.25,967.3499755859375,5635127,SBIN
2025-12-05 09:45:00+00:00,971.5,972.0,970.3499755859375,971.3499755859375,819853,SBIN
2025-12-08 03:45:00+00:00,964.3499755859375,972.5,963.0499877929688,970.0499877929688,0,SBIN
2025-12-08 04:45:00+00:00,962.4000244140625,965.3499755859375,961.0499877929688,964.1500244140625,1155794,SBIN
2025-12-08 05:45:00+00:00,958.4000244140625,962.4000244140625,957.7999877929688,962.4000244140625,1947891,SBIN
2025-12-08 06:45:00+00:00,959.0499877929688,959.3499755859375,956.0499877929688,958.4000244140625,2517576,SBIN
2025-12-08 07:45:00+00:00,952.8499755859375,959.2999877929688,952.5,959.0,2319081,SBIN
2025-12-08 08:45:00+00:00,955.8499755859375,959.3499755859375,952.0,952.8499755859375,4602754,SBIN
2025-12-08 09:45:00+00:00,954.25,957.9000244140625,954.2000122070312,956.0499877929688,1802438,SBIN
2025-12-09 03:45:00+00:00,957.2999877929688,957.9500122070312,950.4500122070312,954.7000122070312,0,SBIN
2025-12-09 04:45:00+00:00,962.0499877929688,962.5999755859375,956.5,957.25,1343625,SBIN
2025-12-09 05:45:00+00:00,961.2000122070312,963.0,958.5,962.0499877929688,1111680,SBIN
2025-12-09 06:45:00+00:00,961.0999755859375,961.9500122070312,958.5,960.9500122070312,915945,SBIN
2025-12-09 07:45:00+00:00,960.0999755859375,964.0,959.75,961.0,1268323,SBIN
2025-12-09 08:45:00+00:00,959.1500244140625,961.0,956.4000244140625,960.0999755859375,2621459,SBIN
2025-12-09 09:45:00+00:00,959.0499877929688,960.9000244140625,958.5,959.0,874972,SBIN
2025-12-10 03:45:00+00:00,960.2999877929688,963.9000244140625,957.5,960.0999755859375,0,SBIN
2025-12-10 04:45:00+00:00,958.5499877929688,960.7000122070312,957.5999755859375,960.2999877929688,748147,SBIN
2025-12-10 05:45:00+00:00,958.5499877929688,959.4500122070312,956.5,958.5999755859375,828259,SBIN
2025-12-10 06:45:00+00:00,958.3499755859375,959.0,955.25,958.5499877929688,656916,SBIN
2025-12-10 07:45:00+00:00,956.5499877929688,959.7000122070312,956.2999877929688,958.3499755859375,1467791,SBIN
2025-12-10 08:45:00+00:00,960.5499877929688,960.7000122070312,956.5,956.7000122070312,1605260,SBIN
2025-12-10 09:45:00+00:00,959.75,960.7999877929688,958.0,960.6500244140625,771983,SBIN
2025-12-11 03:45:00+00:00,962.0,965.5,958.4500122070312,960.0,0,SBIN
2025-12-11 04:45:00+00:00,961.3499755859375,963.4500122070312,959.7999877929688,962.0,541640,SBIN
2025-12-11 05:45:00+00:00,962.4000244140625,963.0499877929688,960.8499755859375,961.4500122070312,484850,SBIN
2025-12-11 06:45:00+00:00,963.0,966.5,962.0,962.5,867405,SBIN
2025-12-11 07:45:00+00:00,963.5499877929688,965.4500122070312,961.8499755859375,962.7999877929688,684031,SBIN
2025-12-11 08:45:00+00:00,963.25,965.8499755859375,960.25,963.2999877929688,1572381,SBIN
2025-12-11 09:45:00+00:00,963.25,963.5499877929688,962.0999755859375,963.0999755859375,405245,SBIN
2025-12-12 03:45:00+00:00,960.6500244140625,966.4000244140625,960.5,966.2000122070312,0,SBIN
2025-12-12 04:45:00+00:00,959.7000122070312,961.7000122070312,958.0,960.75,552659,SBIN
2025-12-12 05:45:00+00:00,960.7999877929688,962.0,959.5,959.5999755859375,544782,SBIN
2025-12-12 06:45:00+00:00,961.0,962.0,960.0,961.0,511539,SBIN
2025-12-12 07:45:00+00:00,960.7999877929688,961.7999877929688,960.4500122070312,961.0999755859375,1539574,SBIN
2025-12-12 08:45:00+00:00,963.5999755859375,964.0,960.4000244140625,961.0,1225195,SBIN
2025-12-12 09:45:00+00:00,963.25,963.9000244140625,962.7000122070312,963.75,360661,SBIN
2025-12-15 03:45:00+00:00,959.4500122070312,962.4000244140625,958.0999755859375,962.4000244140625,0,SBIN
2025-12-15 04:45:00+00:00,960.75,961.0999755859375,958.5999755859375,959.4500122070312,415247,SBIN
2025-12-15 05:45:00+00:00,966.9500122070312,968.7999877929688,959.7000122070312,960.7999877929688,941481,SBIN
2025-12-15 06:45:00+00:00,967.4500122070312,967.5,964.9000244140625,967.0,574891,SBIN
2025-12-15 07:45:00+00:00,965.5999755859375,968.0,965.4000244140625,967.4500122070312,711071,SBIN
2025-12-15 08:45:00+00:00,967.1500244140625,968.5,965.3499755859375,965.7999877929688,836394,SBIN
2025-12-15 09:45:00+00:00,966.0999755859375,967.5499877929688,965.5,967.2999877929688,325153,SBIN
2025-12-16 03:45:00+00:00,963.3499755859375,968.6500244140625,962.4500122070312,965.9000244140625,0,SBIN
2025-12-16 04:45:00+00:00,964.75,966.4500122070312,962.5499877929688,963.5499877929688,464755,SBIN
2025-12-16 05:45:00+00:00,963.1500244140625,965.0,962.5,964.8499755859375,253547,SBIN
2025-12-16 06:45:00+00:00,961.5999755859375,964.0,961.5,963.3499755859375,618021,SBIN
2025-12-16 07:45:00+00:00,962.2999877929688,964.4000244140625,960.7999877929688,961.5999755859375,862160,SBIN
2025-12-16 08:45:00+00:00,961.25,964.9000244140625,961.25,962.2999877929688,1177618,SBIN
2025-12-16 09:45:00+00:00,960.0,961.5,958.9000244140625,961.5,461867,SBIN
2025-12-17 03:45:00+00:00,976.5,977.25,964.9500122070312,964.9500122070312,0,SBIN
2025-12-17 04:45:00+00:00,977.9000244140625,978.2000122070312,974.7999877929688,976.5499877929688,1141715,SBIN
2025-12-17 05:45:00+00:00,975.5,977.9500122070312,975.0,977.9500122070312,749179,SBIN
2025-12-17 06:45:00+00:00,974.7999877929688,977.0,973.5499877929688,975.5,699414,SBIN
2025-12-17 07:45:00+00:00,974.9000244140625,978.5,974.5,974.7999877929688,853486,SBIN
2025-12-17 08:45:00+00:00,975.8499755859375,976.9000244140625,973.9000244140625,974.9500122070312,1120915,SBIN
2025-12-17 09:45:00+00:00,976.4500122070312,976.5,974.7999877929688,975.9000244140625,626005,SBIN
2025-12-18 03:45:00+00:00,977.2000122070312,980.4000244140625,973.75,979.6500244140625,1505025,SBIN
2025-12-18 04:45:00+00:00,979.0,980.4000244140625,977.0499877929688,977.3499755859375,577396,SBIN
2025-12-18 05:45:00+00:00,979.7000122070312,980.0,977.25,979.0,430140,SBIN
2025-12-18 06:45:00+00:00,979.4000244140625,980.2000122070312,978.6500244140625,979.7000122070312,359926,SBIN
2025-12-18 07:45:00+00:00,976.2999877929688,979.4500122070312,975.6500244140625,979.1500244140625,509980,SBIN
2025-12-18 08:45:00+00:00,978.2000122070312,978.25,975.3499755859375,976.2999877929688,1055217,SBIN
2025-12-18 09:45:00+00:00,976.9000244140625,978.2000122070312,976.0499877929688,977.9500122070312,488698,SBIN
2025-12-19 03:45:00+00:00,980.7999877929688,981.9500122070312,979.0,979.9000244140625,0,SBIN
2025-12-19 04:45:00+00:00,979.2000122070312,981.4000244140625,978.1500244140625,980.7999877929688,380667,SBIN
2025-12-19 05:45:00+00:00,979.0,979.3499755859375,977.0499877929688,979.1500244140625,462460,SBIN
2025-12-19 06:45:00+00:00,979.5,980.7000122070312,977.7999877929688,978.9500122070312,484649,SBIN
2025-12-19 07:45:00+00:00,980.0499877929688,980.7000122070312,979.2000122070312,979.5,393611,SBIN
2025-12-19 08:45:00+00:00,980.5999755859375,980.7999877929688,978.0999755859375,980.1500244140625,1816950,SBIN
2025-12-19 09:45:00+00:00,980.0,981.4000244140625,980.0,980.6500244140625,1145246,SBIN
2025-12-22 03:45:00+00:00,979.25,983.0,979.0,981.7999877929688,0,SBIN
2025-12-22 04:45:00+00:00,974.0,979.5,973.7999877929688,979.25,1568059,SBIN
2025-12-22 05:45:00+00:00,974.2999877929688,975.2999877929688,972.5499877929688,974.0,865462,SBIN
2025-12-22 06:45:00+00:00,974.4500122070312,974.6500244140625,973.1500244140625,974.2000122070312,461990,SBIN
2025-12-22 07:45:00+00:00,974.0,975.0,973.75,974.4000244140625,544785,SBIN
2025-12-22 08:45:00+00:00,974.3499755859375,975.1500244140625,973.8499755859375,974.0,1128976,SBIN
2025-12-22 09:45:00+00:00,974.5,974.5,973.9000244140625,974.4000244140625,518784,SBIN
2025-12-23 03:45:00+00:00,974.5,977.4500122070312,972.0,975.9500122070312,0,SBIN
2025-12-23 04:45:00+00:00,975.4000244140625,976.0999755859375,973.0,974.7999877929688,327008,SBIN
2025-12-23 05:45:00+00:00,973.7999877929688,975.5999755859375,971.8499755859375,975.2999877929688,822574,SBIN
2025-12-23 06:45:00+00:00,975.25,976.0499877929688,973.0999755859375,973.75,722473,SBIN
2025-12-23 07:45:00+00:00,974.0999755859375,975.25,973.9000244140625,975.25,412368,SBIN
2025-12-23 08:45:00+00:00,972.1500244140625,975.0999755859375,970.7000122070312,974.0999755859375,1521058,SBIN
2025-12-23 09:45:00+00:00,971.9000244140625,972.2999877929688,971.25,971.9000244140625,609146,SBIN
2025-12-24 03:45:00+00:00,976.2000122070312,976.3499755859375,973.0499877929688,975.9500122070312,0,SBIN
2025-12-24 04:45:00+00:00,975.2999877929688,977.2999877929688,973.8499755859375,976.0,481102,SBIN
2025-12-24 05:45:00+00:00,974.25,976.4500122070312,973.2999877929688,975.2999877929688,442002,SBIN
2025-12-24 06:45:00+00:00,971.0,974.5499877929688,970.7000122070312,974.1500244140625,609275,SBIN
2025-12-24 07:45:00+00:00,971.0999755859375,971.4000244140625,969.0999755859375,971.0,739950,SBIN
2025-12-24 08:45:00+00:00,968.5999755859375,971.4000244140625,968.4000244140625,971.0,769657,SBIN
2025-12-24 09:45:00+00:00,968.9500122070312,969.7000122070312,968.0,968.5499877929688,408331,SBIN
2025-12-26 03:45:00+00:00,968.2000122070312,970.0,967.1500244140625,968.3499755859375,0,SBIN
2025-12-26 04:45:00+00:00,966.7000122070312,968.7999877929688,966.1500244140625,968.0,277069,SBIN
2025-12-26 05:45:00+00:00,966.4000244140625,967.2999877929688,964.75,966.7999877929688,300537,SBIN
2025-12-26 06:45:00+00:00,967.9500122070312,967.9500122070312,966.0,966.3499755859375,338094,SBIN
2025-12-26 07:45:00+00:00,969.5,971.0,967.7999877929688,967.9000244140625,499463,SBIN
2025-12-26 08:45:00+00:00,966.4500122070312,969.5,966.2000122070312,969.5,981835,SBIN
2025-12-26 09:45:00+00:00,966.5,966.5999755859375,965.8499755859375,966.5499877929688,412993,SBIN
2025-12-29 03:45:00+00:00,962.5499877929688,968.5999755859375,962.0,968.0,0,SBIN
2025-12-29 04:45:00+00:00,962.7999877929688,963.1500244140625,961.5,962.4500122070312,327217,SBIN
2025-12-29 05:45:00+00:00,963.0499877929688,963.4000244140625,962.0499877929688,962.75,309067,SBIN
2025-12-29 06:45:00+00:00,964.0999755859375,965.4000244140625,962.7999877929688,963.0499877929688,559244,SBIN
2025-12-29 07:45:00+00:00,965.9500122070312,967.3499755859375,963.6500244140625,964.0999755859375,1240867,SBIN
2025-12-29 08:45:00+00:00,964.9000244140625,968.0,963.8499755859375,965.9000244140625,1808494,SBIN
2025-12-29 09:45:00+00:00,965.7000122070312,966.0999755859375,964.7999877929688,964.9000244140625,414738,SBIN
2025-12-30 03:45:00+00:00,967.0499877929688,967.2000122070312,959.5,963.0,0,SBIN
2025-12-30 04:45:00+00:00,968.0,970.0,966.6500244140625,967.0,1156947,SBIN
2025-12-30 05:45:00+00:00,969.0,972.0999755859375,967.9000244140625,968.0,1051334,SBIN
2025-12-30 06:45:00+00:00,971.2000122070312,971.2000122070312,968.8499755859375,969.0499877929688,1064379,SBIN
2025-12-30 07:45:00+00:00,973.4000244140625,975.25,971.2000122070312,971.2000122070312,1658205,SBIN
2025-12-30 08:45:00+00:00,973.2999877929688,976.0999755859375,972.0,973.4500122070312,5875781,SBIN
2025-12-30 09:45:00+00:00,973.4500122070312,974.2999877929688,971.75,973.2999877929688,3277631,SBIN
2025-12-31 03:45:00+00:00,978.1500244140625,978.5,973.7999877929688,977.5,0,SBIN
2025-12-31 04:45:00+00:00,983.1500244140625,983.3499755859375,977.3499755859375,978.25,1429940,SBIN
2025-12-31 05:45:00+00:00,983.5,985.5,982.2999877929688,983.2000122070312,1139314,SBIN
2025-12-31 06:45:00+00:00,984.3499755859375,985.5,983.25,983.7000122070312,616489,SBIN
2025-12-31 07:45:00+00:00,983.1500244140625,984.7999877929688,981.6500244140625,984.4000244140625,704053,SBIN
2025-12-31 08:45:00+00:00,981.9000244140625,983.3499755859375,981.2999877929688,982.9500122070312,894304,SBIN
2025-12-31 09:45:00+00:00,982.4000244140625,983.5,981.6500244140625,981.9000244140625,353125,SBIN
2026-01-01 03:45:00+00:00,983.5499877929688,986.9000244140625,980.4000244140625,984.2999877929688,0,SBIN
2026-01-01 04:45:00+00:00,983.8499755859375,985.9000244140625,981.75,983.7000122070312,543220,SBIN
2026-01-01 05:45:00+00:00,984.3499755859375,985.2000122070312,982.75,983.5,442901,SBIN
2026-01-01 06:45:00+00:00,983.9500122070312,985.6500244140625,983.5499877929688,984.3499755859375,292483,SBIN
2026-01-01 07:45:00+00:00,987.4500122070312,987.6500244140625,983.5,983.9000244140625,552946,SBIN
2026-01-01 08:45:00+00:00,984.2999877929688,987.5,983.7999877929688,987.4500122070312,1156776,SBIN
2026-01-01 09:45:00+00:00,984.5,985.7000122070312,984.0499877929688,984.3499755859375,524867,SBIN
2026-01-02 03:45:00+00:00,990.4000244140625,991.7999877929688,984.2000122070312,984.5,0,SBIN
2026-01-02 04:45:00+00:00,991.2999877929688,993.0,989.0499877929688,990.3499755859375,1105012,SBIN
2026-01-02 05:45:00+00:00,991.75,993.0,990.2000122070312,991.6500244140625,1105328,SBIN
2026-01-02 06:45:00+00:00,990.7999877929688,991.7999877929688,989.7000122070312,991.75,432354,SBIN
2026-01-02 07:45:00+00:00,991.7999877929688,992.4000244140625,990.5499877929688,990.7999877929688,511674,SBIN
2026-01-02 08:45:00+00:00,991.75,993.25,989.7000122070312,991.6500244140625,993078,SBIN
2026-01-02 09:45:00+00:00,1005.7999877929688,1009.4500122070312,991.4500122070312,991.5499877929688,1901934,SBIN
2026-01-05 03:45:00+00:00,1009.8499755859375,1013.1500244140625,1000.9000244140625,1007.5,0,SBIN
2026-01-05 04:45:00+00:00,1010.9500122070312,1015.4000244140625,1008.6500244140625,1009.9000244140625,1256790,SBIN
2026-01-05 05:45:00+00:00,1011.3499755859375,1013.0,1009.0999755859375,1011.0,1478453,SBIN
2026-01-05 06:45:00+00:00,1006.0499877929688,1011.8499755859375,1006.0,1011.4000244140625,1281569,SBIN
2026-01-05 07:45:00+00:00,1002.8499755859375,1006.0,1000.3499755859375,1005.7999877929688,2250142,SBIN
2026-01-05 08:45:00+00:00,1006.0,1008.0499877929688,1002.3499755859375,1002.5999755859375,1855084,SBIN
2026-01-05 09:45:00+00:00,1005.5499877929688,1006.2000122070312,1003.2999877929688,1006.0,528337,SBIN
2026-01-06 03:45:00+00:00,1014.0499877929688,1014.5499877929688,1004.9500122070312,1004.9500122070312,0,SBIN
2026-01-06 04:45:00+00:00,1016.4500122070312,1018.5499877929688,1012.2000122070312,1014.2000122070312,1326267,SBIN
2026-01-06 05:45:00+00:00,1021.7000122070312,1024.0,1015.0,1016.4000244140625,2160643,SBIN
2026-01-06 06:45:00+00:00,1020.5,1021.8499755859375,1017.5,1021.6500244140625,1184454,SBIN
2026-01-06 07:45:00+00:00,1020.8499755859375,1021.4500122070312,1017.5,1020.2000122070312,822947,SBIN
2026-01-06 08:45:00+00:00,1019.2000122070312,1022.0,1018.5999755859375,1020.7000122070312,2186498,SBIN
2026-01-06 09:45:00+00:00,1018.2999877929688,1019.2000122070312,1017.7000122070312,1019.0999755859375,681642,SBIN
2026-01-07 03:45:00+00:00,1008.75,1021.25,1008.5499877929688,1021.25,0,SBIN
2026-01-07 04:45:00+00:00,1011.2000122070312,1011.3499755859375,1008.7000122070312,1008.75,619354,SBIN
2026-01-07 05:45:00+00:00,1014.9500122070312,1016.2999877929688,1011.2000122070312,1011.25,1089170,SBIN
2026-01-07 06:45:00+00:00,1008.9500122070312,1015.3499755859375,1008.0999755859375,1015.0,781434,SBIN
2026-01-07 07:45:00+00:00,1004.9500122070312,1009.9500122070312,1004.0,1008.9500122070312,1231966,SBIN
2026-01-07 08:45:00+00:00,1007.7000122070312,1008.75,1004.9500122070312,1005.0,1716016,SBIN
2026-01-07 09:45:00+00:00,1006.9000244140625,1007.9500122070312,1005.0,1007.8499755859375,749280,SBIN
2026-01-08 03:45:00+00:00,1011.0999755859375,1011.5999755859375,1003.2000122070312,1005.0,0,SBIN
2026-01-08 04:45:00+00:00,1004.6500244140625,1011.4500122070312,1003.5,1011.25,850438,SBIN
2026-01-08 05:45:00+00:00,998.4500122070312,1005.0,997.5499877929688,1004.6500244140625,1069477,SBIN
2026-01-08 06:45:00+00:00,998.7999877929688,1000.0499877929688,996.0499877929688,998.75,627148,SBIN
2026-01-08 07:45:00+00:00,998.1500244140625,1000.5,996.9000244140625,998.7999877929688,891505,SBIN
2026-01-08 08:45:00+00:00,998.8499755859375,999.5,995.9500122070312,998.1500244140625,1213945,SBIN
2026-01-08 09:45:00+00:00,998.0,998.9000244140625,996.5499877929688,998.8499755859375,736019,SBIN
2026-01-09 03:45:00+00:00,1005.0,1006.4000244140625,994.2999877929688,996.0,0,SBIN
2026-01-09 04:45:00+00:00,1003.25,1008.0,1002.9000244140625,1005.0,1668519,SBIN
2026-01-09 05:45:00+00:00,1005.0,1005.75,999.8499755859375,1003.2000122070312,2022023,SBIN
2026-01-09 06:45:00+00:00,1002.7000122070312,1006.0,1001.3499755859375,1005.1500244140625,705934,SBIN
2026-01-09 07:45:00+00:00,998.5,1003.0499877929688,996.7999877929688,1002.7000122070312,892347,SBIN
2026-01-09 08:45:00+00:00,1001.25,1001.3499755859375,995.0499877929688,998.7000122070312,1076062,SBIN
2026-01-09 09:45:00+00:00,1000.5,1001.3499755859375,1000.0499877929688,1001.25,494270,SBIN
2026-01-12 03:45:00+00:00,997.6500244140625,1010.9000244140625,997.0,1004.9000244140625,0,SBIN
2026-01-12 04:45:00+00:00,999.5499877929688,1001.0,996.0,997.5999755859375,629861,SBIN
2026-01-12 05:45:00+00:00,1001.9500122070312,1001.9500122070312,997.4500122070312,999.7999877929688,820517,SBIN
2026-01-12 06:45:00+00:00,1009.9000244140625,1010.0,1000.4500122070312,1001.9000244140625,1357114,SBIN
2026-01-12 07:45:00+00:00,1012.0999755859375,1013.0499877929688,1007.2000122070312,1010.5999755859375,911412,SBIN
2026-01-12 08:45:00+00:00,1015.0499877929688,1017.25,1012.0,1012.25,1479281,SBIN
2026-01-12 09:45:00+00:00,1014.8499755859375,1015.9000244140625,1013.6500244140625,1015.0,568778,SBIN
2026-01-13 03:45:00+00:00,1022.4000244140625,1027.5,1016.9000244140625,1021.0999755859375,0,SBIN
2026-01-13 04:45:00+00:00,1024.6500244140625,1026.0,1022.2999877929688,1022.5499877929688,1008591,SBIN
2026-01-13 05:45:00+00:00,1023.1500244140625,1025.0,1022.5,1024.550048828125,893460,SBIN
2026-01-13 06:45:00+00:00,1023.7000122070312,1025.6500244140625,1020.9000244140625,1023.5,1196599,SBIN
2026-01-13 07:45:00+00:00,1025.1500244140625,1025.5,1022.2000122070312,1023.6500244140625,1282157,SBIN
2026-01-13 08:45:00+00:00,1028.0,1029.5,1024.449951171875,1025.1500244140625,2883499,SBIN
2026-01-13 09:45:00+00:00,1028.449951171875,1029.199951171875,1027.8499755859375,1027.9000244140625,997159,SBIN
2026-01-14 03:45:00+00:00,1025.25,1029.699951171875,1024.300048828125,1029.25,0,SBIN
2026-01-14 04:45:00+00:00,1027.0999755859375,1027.449951171875,1021.2000122070312,1025.25,982714,SBIN
2026-01-14 05:45:00+00:00,1022.1500244140625,1028.0,1021.7000122070312,1027.0999755859375,975531,SBIN
2026-01-14 06:45:00+00:00,1025.800048828125,1026.300048828125,1021.0499877929688,1022.1500244140625,948693,SBIN
2026-01-14 07:45:00+00:00,1026.300048828125,1030.0999755859375,1024.050048828125,1025.75,1415463,SBIN
2026-01-14 08:45:00+00:00,1028.6500244140625,1029.25,1025.25,1026.449951171875,1506903,SBIN
2026-01-14 09:45:00+00:00,1030.0,1030.0,1028.0,1028.6500244140625,548504,SBIN
2026-01-16 03:45:00+00:00,1033.699951171875,1037.800048828125,1028.4000244140625,1031.800048828125,0,SBIN
2026-01-16 04:45:00+00:00,1042.800048828125,1044.5,1033.699951171875,1033.75,1687288,SBIN
2026-01-16 05:45:00+00:00,1042.25,1047.300048828125,1042.1500244140625,1042.550048828125,1568239,SBIN
2026-01-16 06:45:00+00:00,1040.699951171875,1043.0,1039.5999755859375,1042.449951171875,919642,SBIN
2026-01-16 07:45:00+00:00,1038.8499755859375,1042.050048828125,1038.0,1041.0,1314298,SBIN
2026-01-16 08:45:00+00:00,1042.0999755859375,1043.9000244140625,1037.5999755859375,1038.9000244140625,2004411,SBIN
2026-01-16 09:45:00+00:00,1040.5999755859375,1043.0999755859375,1038.75,1042.050048828125,921965,SBIN
2026-01-19 03:45:00+00:00,1038.9000244140625,1042.300048828125,1034.0,1035.0,0,SBIN
2026-01-19 04:45:00+00:00,1041.6500244140625,1043.5,1038.449951171875,1038.9000244140625,909729,SBIN
2026-01-19 05:45:00+00:00,1039.9000244140625,1042.449951171875,1037.300048828125,1042.300048828125,793449,SBIN
2026-01-19 06:45:00+00:00,1040.0999755859375,1041.5,1038.800048828125,1039.9000244140625,656895,SBIN
2026-01-19 07:45:00+00:00,1040.0,1041.3499755859375,1037.800048828125,1040.0999755859375,829054,SBIN
2026-01-19 08:45:00+00:00,1038.25,1041.449951171875,1037.75,1040.050048828125,920608,SBIN
2026-01-19 09:45:00+00:00,1038.4000244140625,1038.800048828125,1037.050048828125,1038.300048828125,294182,SBIN
2026-01-20 03:45:00+00:00,1042.050048828125,1052.0,1040.1500244140625,1040.1500244140625,0,SBIN
2026-01-20 04:45:00+00:00,1039.0,1043.25,1038.25,1042.199951171875,965496,SBIN
2026-01-20 05:45:00+00:00,1040.8499755859375,1042.25,1038.25,1039.0,750295,SBIN
2026-01-20 06:45:00+00:00,1039.949951171875,1040.949951171875,1037.75,1040.8499755859375,813303,SBIN
2026-01-20 07:45:00+00:00,1039.9000244140625,1041.050048828125,1037.199951171875,1039.75,1232683,SBIN
2026-01-20 08:45:00+00:00,1035.5,1041.9000244140625,1035.5,1039.8499755859375,2418932,SBIN
2026-01-20 09:45:00+00:00,1034.1500244140625,1036.1500244140625,1033.4000244140625,1035.550048828125,940325,SBIN
2026-01-21 03:45:00+00:00,1036.949951171875,1040.5,1032.0,1032.0,0,SBIN
2026-01-21 04:45:00+00:00,1027.5,1037.050048828125,1022.0499877929688,1036.9000244140625,1242770,SBIN
2026-01-21 05:45:00+00:00,1027.8499755859375,1028.6500244140625,1024.800048828125,1027.5,983048,SBIN
2026-01-21 06:45:00+00:00,1030.0,1033.6500244140625,1026.949951171875,1027.800048828125,1129630,SBIN
2026-01-21 07:45:00+00:00,1026.9000244140625,1031.050048828125,1025.25,1030.0,964291,SBIN
2026-01-21 08:45:00+00:00,1028.050048828125,1029.949951171875,1026.4000244140625,1026.8499755859375,1398169,SBIN
2026-01-21 09:45:00+00:00,1028.6500244140625,1031.050048828125,1027.9000244140625,1028.050048828125,595367,SBIN
2026-01-22 03:45:00+00:00,1048.0,1055.5,1035.0,1035.0,0,SBIN
2026-01-22 04:45:00+00:00,1043.4000244140625,1048.699951171875,1041.5,1048.0,1206520,SBIN
2026-01-22 05:45:00+00:00,1043.1500244140625,1045.6500244140625,1042.5,1043.3499755859375,1220105,SBIN
2026-01-22 06:45:00+00:00,1044.5,1048.25,1042.5,1043.3499755859375,1057636,SBIN
2026-01-22 07:45:00+00:00,1043.800048828125,1046.199951171875,1043.4000244140625,1044.5,1492877,SBIN
2026-01-22 08:45:00+00:00,1048.699951171875,1048.75,1042.949951171875,1043.800048828125,2404117,SBIN
2026-01-22 09:45:00+00:00,1050.300048828125,1051.0,1048.199951171875,1048.449951171875,933346,SBIN
2026-01-23 03:45:00+00:00,1046.949951171875,1052.550048828125,1043.5999755859375,1051.8499755859375,0,SBIN
2026-01-23 04:45:00+00:00,1050.4000244140625,1051.9000244140625,1046.75,1046.949951171875,924859,SBIN
2026-01-23 05:45:00+00:00,1046.699951171875,1051.199951171875,1045.4000244140625,1050.550048828125,1325883,SBIN
2026-01-23 06:45:00+00:00,1042.050048828125,1048.6500244140625,1041.25,1046.75,1632467,SBIN
2026-01-23 07:45:00+00:00,1033.75,1042.1500244140625,1033.5999755859375,1042.050048828125,1210992,SBIN
2026-01-23 08:45:00+00:00,1030.5999755859375,1035.550048828125,1028.300048828125,1033.5999755859375,3171477,SBIN
2026-01-23 09:45:00+00:00,1028.0,1031.4000244140625,1025.699951171875,1030.699951171875,1581610,SBIN
2026-01-27 03:45:00+00:00,1041.0,1041.3499755859375,1030.300048828125,1034.9000244140625,0,SBIN
2026-01-27 04:45:00+00:00,1037.800048828125,1043.949951171875,1034.8499755859375,1041.0,2007728,SBIN
2026-01-27 05:45:00+00:00,1041.0,1042.6500244140625,1037.25,1037.75,1632185,SBIN
2026-01-27 06:45:00+00:00,1040.0,1042.4000244140625,1039.0,1041.300048828125,1972638,SBIN
2026-01-27 07:45:00+00:00,1044.0999755859375,1046.800048828125,1039.8499755859375,1040.0,1750597,SBIN
2026-01-27 08:45:00+00:00,1053.1500244140625,1054.699951171875,1042.800048828125,1044.0999755859375,3513793,SBIN
2026-01-27 09:45:00+00:00,1051.25,1054.8499755859375,1050.6500244140625,1053.3499755859375,1730643,SBIN
2026-01-28 03:45:00+00:00,1053.1500244140625,1057.75,1044.6500244140625,1057.75,2764798,SBIN
2026-01-28 04:45:00+00:00,1060.800048828125,1063.949951171875,1051.199951171875,1053.1500244140625,1958311,SBIN
2026-01-28 05:45:00+00:00,1059.3499755859375,1065.5999755859375,1058.5999755859375,1060.75,1960068,SBIN
2026-01-28 06:45:00+00:00,1059.0,1060.5,1056.300048828125,1059.4000244140625,1185418,SBIN
2026-01-28 07:45:00+00:00,1056.050048828125,1060.300048828125,1055.199951171875,1059.0,989068,SBIN
2026-01-28 08:45:00+00:00,1063.050048828125,1064.6500244140625,1054.4000244140625,1056.1500244140625,2244954,SBIN
2026-01-28 09:45:00+00:00,1063.050048828125,1065.199951171875,1062.050048828125,1063.0999755859375,1065513,SBIN
2026-01-29 03:45:00+00:00,1069.449951171875,1070.949951171875,1060.5999755859375,1062.6500244140625,0,SBIN
2026-01-29 04:45:00+00:00,1074.449951171875,1075.0,1066.9000244140625,1069.449951171875,1751458,SBIN
2026-01-29 05:45:00+00:00,1069.8499755859375,1075.0,1069.3499755859375,1074.4000244140625,1964961,SBIN
2026-01-29 06:45:00+00:00,1073.5,1074.300048828125,1068.699951171875,1069.8499755859375,1601686,SBIN
2026-01-29 07:45:00+00:00,1069.5999755859375,1074.449951171875,1068.5999755859375,1073.199951171875,1817758,SBIN
2026-01-29 08:45:00+00:00,1062.800048828125,1070.4000244140625,1062.800048828125,1069.5999755859375,2755280,SBIN
2026-01-29 09:45:00+00:00,1067.0,1069.5,1062.449951171875,1062.699951171875,2331009,SBIN
2026-01-30 03:45:00+00:00,1067.5,1068.1500244140625,1060.5,1063.800048828125,953222,SBIN
2026-01-30 04:45:00+00:00,1064.5,1068.8499755859375,1064.5,1067.4000244140625,620226,SBIN
2026-01-30 05:45:00+00:00,1076.800048828125,1076.9000244140625,1064.199951171875,1064.6500244140625,1126343,SBIN
2026-01-30 06:45:00+00:00,1075.6500244140625,1082.5,1075.050048828125,1076.8499755859375,1013828,SBIN
2026-01-30 07:45:00+00:00,1077.949951171875,1079.0999755859375,1066.199951171875,1075.5,841312,SBIN
2026-01-30 08:45:00+00:00,1077.1500244140625,1081.449951171875,1076.0,1078.300048828125,2945378,SBIN
2026-01-30 09:45:00+00:00,1078.0,1078.0999755859375,1076.199951171875,1077.0999755859375,1978754,SBIN
2026-02-03 03:45:00+00:00,1048.4000244140625,1082.4000244140625,1040.800048828125,1082.4000244140625,4946314,SBIN
2026-02-03 04:45:00+00:00,1056.0,1060.9000244140625,1048.4000244140625,1048.5,1460715,SBIN
2026-02-03 05:45:00+00:00,1058.199951171875,1061.699951171875,1055.5999755859375,1056.0,1397975,SBIN
2026-02-03 06:45:00+00:00,1059.0999755859375,1060.699951171875,1056.300048828125,1058.0,1178249,SBIN
2026-02-03 07:45:00+00:00,1065.199951171875,1066.300048828125,1058.0,1059.199951171875,1616639,SBIN
2026-02-03 08:45:00+00:00,1064.5,1068.199951171875,1061.0,1065.0,3428216,SBIN
2026-02-03 09:45:00+00:00,1064.199951171875,1066.4000244140625,1062.0,1063.800048828125,2099422,SBIN
2026-02-04 03:45:00+00:00,1070.699951171875,1072.300048828125,1056.9000244140625,1064.0,0,SBIN
2026-02-04 04:45:00+00:00,1068.9000244140625,1073.5999755859375,1068.0999755859375,1071.0,769985,SBIN
2026-02-04 05:45:00+00:00,1068.0,1069.0999755859375,1064.5,1069.0999755859375,1201491,SBIN
2026-02-04 06:45:00+00:00,1068.5,1068.5999755859375,1066.199951171875,1068.0,675485,SBIN
2026-02-04 07:45:00+00:00,1070.800048828125,1071.300048828125,1067.5,1068.5,912497,SBIN
2026-02-04 08:45:00+00:00,1068.9000244140625,1071.9000244140625,1067.300048828125,1070.800048828125,1326541,SBIN
2026-02-04 09:45:00+00:00,1067.9000244140625,1069.199951171875,1067.0,1068.9000244140625,553154,SBIN
2026-02-05 03:45:00+00:00,1077.199951171875,1077.800048828125,1067.5999755859375,1068.199951171875,0,SBIN
2026-02-05 04:45:00+00:00,1073.5,1081.0,1073.4000244140625,1077.5999755859375,1786759,SBIN
2026-02-05 05:45:00+00:00,1075.199951171875,1079.5,1073.4000244140625,1073.5,1203043,SBIN
2026-02-05 06:45:00+00:00,1073.5999755859375,1075.9000244140625,1073.0,1075.0999755859375,878998,SBIN
2026-02-05 07:45:00+00:00,1072.4000244140625,1075.5999755859375,1071.300048828125,1073.5999755859375,943344,SBIN
2026-02-05 08:45:00+00:00,1073.699951171875,1074.699951171875,1069.0999755859375,1072.4000244140625,2060529,SBIN
2026-02-05 09:45:00+00:00,1072.9000244140625,1074.4000244140625,1071.5,1073.699951171875,739154,SBIN
2026-02-06 03:45:00+00:00,1065.5999755859375,1073.5,1064.5999755859375,1068.5999755859375,0,SBIN
2026-02-06 04:45:00+00:00,1056.800048828125,1070.0,1052.4000244140625,1065.800048828125,1407451,SBIN
2026-02-06 05:45:00+00:00,1058.0,1060.800048828125,1054.199951171875,1056.5999755859375,944725,SBIN
2026-02-06 06:45:00+00:00,1054.5,1058.0,1051.0,1058.0,1109366,SBIN
2026-02-06 07:45:00+00:00,1058.9000244140625,1060.800048828125,1053.0999755859375,1054.4000244140625,494196,SBIN
2026-02-06 08:45:00+00:00,1067.4000244140625,1068.0,1058.0999755859375,1058.699951171875,1323100,SBIN
2026-02-06 09:45:00+00:00,1066.0,1068.699951171875,1065.300048828125,1067.4000244140625,723244,SBIN
2026-02-09 03:45:00+00:00,1128.4000244140625,1136.699951171875,1100.699951171875,1118.0,9089062,SBIN
2026-02-09 04:45:00+00:00,1136.699951171875,1139.5999755859375,1128.300048828125,1128.4000244140625,5244696,SBIN
2026-02-09 05:45:00+00:00,1138.199951171875,1139.4000244140625,1134.699951171875,1136.699951171875,3295973,SBIN
2026-02-09 06:45:00+00:00,1140.0,1140.9000244140625,1136.199951171875,1138.5,3529185,SBIN
2026-02-09 07:45:00+00:00,1142.699951171875,1143.5999755859375,1137.800048828125,1140.0,2915054,SBIN
2026-02-09 08:45:00+00:00,1146.699951171875,1146.800048828125,1141.5,1142.5999755859375,6540438,SBIN
2026-02-09 09:45:00+00:00,1147.9000244140625,1148.4000244140625,1144.5999755859375,1146.5,3183980,SBIN
2026-02-10 03:45:00+00:00,1140.0999755859375,1153.5999755859375,1139.300048828125,1150.0999755859375,0,SBIN
2026-02-10 04:45:00+00:00,1143.300048828125,1143.5999755859375,1138.199951171875,1140.0,1335505,SBIN
2026-02-10 05:45:00+00:00,1143.0999755859375,1145.0,1140.5,1143.199951171875,3806904,SBIN
2026-02-10 06:45:00+00:00,1144.9000244140625,1146.5999755859375,1142.5999755859375,1143.0999755859375,1653968,SBIN
2026-02-10 07:45:00+00:00,1144.5,1145.699951171875,1141.199951171875,1144.699951171875,2038306,SBIN
2026-02-10 08:45:00+00:00,1144.0999755859375,1145.5999755859375,1142.9000244140625,1144.5,3223096,SBIN
2026-02-10 09:45:00+00:00,1143.0,1144.699951171875,1142.0999755859375,1144.0999755859375,1358742,SBIN
2026-02-11 03:45:00+00:00,1149.199951171875,1151.0,1142.800048828125,1142.800048828125,0,SBIN
2026-02-11 04:45:00+00:00,1170.4000244140625,1174.5,1148.5,1149.0,5601856,SBIN
2026-02-11 05:45:00+00:00,1168.0,1171.0,1166.300048828125,1170.0999755859375,3211976,SBIN
2026-02-11 06:45:00+00:00,1176.9000244140625,1177.4000244140625,1166.199951171875,1167.800048828125,3386780,SBIN
2026-02-11 07:45:00+00:00,1184.199951171875,1185.5,1174.699951171875,1177.0,4835273,SBIN
2026-02-11 08:45:00+00:00,1183.0999755859375,1187.300048828125,1181.5,1183.800048828125,7369515,SBIN
2026-02-11 09:45:00+00:00,1181.0999755859375,1184.300048828125,1179.800048828125,1183.0999755859375,2364350,SBIN
2026-02-12 03:45:00+00:00,1201.0999755859375,1203.699951171875,1175.300048828125,1182.9000244140625,0,SBIN
2026-02-12 04:45:00+00:00,1201.0,1203.0,1196.5,1201.0,6201082,SBIN
2026-02-12 05:45:00+00:00,1195.4000244140625,1201.300048828125,1192.0,1201.300048828125,3381399,SBIN
2026-02-12 06:45:00+00:00,1194.5999755859375,1197.0999755859375,1192.9000244140625,1195.5999755859375,2027842,SBIN
2026-02-12 07:45:00+00:00,1190.9000244140625,1196.199951171875,1187.9000244140625,1194.9000244140625,3709591,SBIN
2026-02-12 08:45:00+00:00,1193.5,1195.5,1186.4000244140625,1190.5999755859375,5399005,SBIN
2026-02-12 09:45:00+00:00,1192.4000244140625,1193.9000244140625,1189.199951171875,1193.5999755859375,1820923,SBIN
2026-02-13 03:45:00+00:00,1191.199951171875,1199.4000244140625,1185.800048828125,1187.9000244140625,0,SBIN
2026-02-13 04:45:00+00:00,1191.4000244140625,1197.300048828125,1189.0,1191.199951171875,2384493,SBIN
2026-02-13 05:45:00+00:00,1193.5999755859375,1196.4000244140625,1191.0,1191.5,1855956,SBIN
2026-02-13 06:45:00+00:00,1194.0,1195.4000244140625,1192.5,1193.199951171875,1726315,SBIN
2026-02-13 07:45:00+00:00,1196.5999755859375,1197.699951171875,1192.800048828125,1194.0,1863782,SBIN
2026-02-13 08:45:00+00:00,1200.0999755859375,1200.5999755859375,1194.800048828125,1196.5,3264860,SBIN
2026-02-13 09:45:00+00:00,1196.0999755859375,1200.9000244140625,1196.0,1200.199951171875,1779237,SBIN
2026-02-16 03:45:00+00:00,1191.5999755859375,1196.4000244140625,1187.4000244140625,1190.699951171875,0,SBIN
2026-02-16 04:45:00+00:00,1190.0999755859375,1192.9000244140625,1187.0,1192.199951171875,2072449,SBIN
2026-02-16 05:45:00+00:00,1190.5,1195.0,1185.4000244140625,1190.0,4355869,SBIN
2026-02-16 06:45:00+00:00,1195.300048828125,1198.0,1189.800048828125,1190.9000244140625,1441982,SBIN
2026-02-16 07:45:00+00:00,1202.4000244140625,1204.5999755859375,1193.9000244140625,1195.199951171875,1405122,SBIN
2026-02-16 08:45:00+00:00,1207.5,1209.0,1201.0999755859375,1202.699951171875,2028002,SBIN
2026-02-16 09:45:00+00:00,1209.5,1211.199951171875,1205.699951171875,1207.5,806864,SBIN
2026-02-17 03:45:00+00:00,1215.800048828125,1216.9000244140625,1204.4000244140625,1205.9000244140625,0,SBIN
2026-02-17 04:45:00+00:00,1219.0,1225.5,1215.0,1215.9000244140625,4293203,SBIN
2026-02-17 05:45:00+00:00,1220.0999755859375,1223.699951171875,1216.0,1218.9000244140625,2487337,SBIN
2026-02-17 06:45:00+00:00,1223.0,1223.9000244140625,1220.199951171875,1220.5999755859375,2013324,SBIN
2026-02-17 07:45:00+00:00,1215.199951171875,1223.5,1214.199951171875,1222.9000244140625,2464704,SBIN
2026-02-17 08:45:00+00:00,1213.0,1218.800048828125,1210.300048828125,1215.300048828125,3541468,SBIN
2026-02-17 09:45:00+00:00,1213.4000244140625,1215.5,1212.0,1213.0,1505419,SBIN
2026-02-18 03:45:00+00:00,1219.699951171875,1224.0999755859375,1215.0999755859375,1216.9000244140625,0,SBIN
2026-02-18 04:45:00+00:00,1216.800048828125,1221.5,1215.5999755859375,1219.699951171875,1626354,SBIN
2026-02-18 05:45:00+00:00,1218.9000244140625,1220.300048828125,1216.0999755859375,1216.9000244140625,849043,SBIN
2026-02-18 06:45:00+00:00,1218.4000244140625,1220.5999755859375,1217.5999755859375,1218.800048828125,893096,SBIN
2026-02-18 07:45:00+00:00,1217.800048828125,1219.5999755859375,1214.300048828125,1218.4000244140625,1166508,SBIN
2026-02-18 08:45:00+00:00,1218.5,1222.5,1217.4000244140625,1218.0,1873975,SBIN
2026-02-18 09:45:00+00:00,1220.0,1221.0,1217.199951171875,1218.5,730016,SBIN
2026-02-19 03:45:00+00:00,1215.9000244140625,1224.9000244140625,1215.5,1220.0999755859375,0,SBIN
2026-02-19 04:45:00+00:00,1213.0999755859375,1216.5,1210.0999755859375,1215.5999755859375,898552,SBIN
2026-02-19 05:45:00+00:00,1207.300048828125,1213.4000244140625,1207.199951171875,1213.0,1083437,SBIN
2026-02-19 06:45:00+00:00,1213.0999755859375,1213.800048828125,1206.5999755859375,1207.5,1133473,SBIN
2026-02-19 07:45:00+00:00,1210.4000244140625,1213.0,1209.5,1213.0,934967,SBIN
2026-02-19 08:45:00+00:00,1206.5,1213.800048828125,1206.0,1210.800048828125,2539229,SBIN
2026-02-19 09:45:00+00:00,1203.0,1206.9000244140625,1199.699951171875,1206.800048828125,1214634,SBIN
2026-02-20 03:45:00+00:00,1206.300048828125,1213.5,1201.800048828125,1206.0,0,SBIN
2026-02-20 04:45:00+00:00,1203.5999755859375,1211.0,1203.0999755859375,1206.699951171875,1605651,SBIN
2026-02-20 05:45:00+00:00,1207.5,1208.300048828125,1203.0,1203.9000244140625,1294449,SBIN
2026-02-20 06:45:00+00:00,1206.199951171875,1217.300048828125,1204.5999755859375,1207.5,2407309,SBIN
2026-02-20 07:45:00+00:00,1211.199951171875,1212.5,1205.4000244140625,1206.199951171875,857490,SBIN
2026-02-20 08:45:00+00:00,1215.9000244140625,1216.800048828125,1210.4000244140625,1211.199951171875,1317307,SBIN
2026-02-20 09:45:00+00:00,1216.0999755859375,1218.0,1214.199951171875,1216.0,966217,SBIN
2026-02-23 03:45:00+00:00,1229.5,1231.0999755859375,1217.300048828125,1221.9000244140625,0,SBIN
2026-02-23 04:45:00+00:00,1227.9000244140625,1230.800048828125,1226.300048828125,1229.5999755859375,1488499,SBIN
2026-02-23 05:45:00+00:00,1224.300048828125,1228.0,1223.5,1227.9000244140625,1463686,SBIN
2026-02-23 06:45:00+00:00,1222.699951171875,1225.0,1221.0,1224.300048828125,1336146,SBIN
2026-02-23 07:45:00+00:00,1222.0,1224.9000244140625,1221.5999755859375,1222.9000244140625,1191760,SBIN
2026-02-23 08:45:00+00:00,1227.5,1228.9000244140625,1222.0,1222.0,1433982,SBIN
2026-02-23 09:45:00+00:00,1227.800048828125,1229.0,1227.0999755859375,1227.5,762068,SBIN
2026-02-24 03:45:00+00:00,1226.5,1234.699951171875,1225.4000244140625,1231.4000244140625,0,SBIN
2026-02-24 04:45:00+00:00,1227.699951171875,1231.199951171875,1226.5,1226.699951171875,1151836,SBIN
2026-02-24 05:45:00+00:00,1222.9000244140625,1230.5999755859375,1219.800048828125,1227.9000244140625,2260746,SBIN
2026-02-24 06:45:00+00:00,1225.5999755859375,1226.199951171875,1221.0999755859375,1223.0,1378070,SBIN
2026-02-24 07:45:00+00:00,1224.300048828125,1226.5,1220.199951171875,1225.800048828125,1683526,SBIN
2026-02-24 08:45:00+00:00,1222.9000244140625,1225.5,1220.800048828125,1224.5,5076338,SBIN
2026-02-24 09:45:00+00:00,1225.4000244140625,1227.0,1222.699951171875,1222.9000244140625,1446626,SBIN
2026-02-25 03:45:00+00:00,1221.0,1228.0,1215.0,1228.0,0,SBIN
2026-02-25 04:45:00+00:00,1213.0999755859375,1221.800048828125,1211.0,1221.0,1205430,SBIN
2026-02-25 05:45:00+00:00,1209.9000244140625,1214.0999755859375,1209.699951171875,1212.5,1913707,SBIN
2026-02-25 06:45:00+00:00,1204.9000244140625,1215.0,1204.800048828125,1209.800048828125,1454479,SBIN
2026-02-25 07:45:00+00:00,1200.0,1206.5999755859375,1198.4000244140625,1204.800048828125,5604365,SBIN
2026-02-25 08:45:00+00:00,1199.5,1203.0999755859375,1197.800048828125,1200.0,4969528,SBIN
2026-02-25 09:45:00+00:00,1199.5999755859375,1200.0999755859375,1198.300048828125,1199.5999755859375,2288553,SBIN
2026-02-26 03:45:00+00:00,1197.699951171875,1205.300048828125,1197.4000244140625,1202.0,0,SBIN
2026-02-26 04:45:00+00:00,1192.199951171875,1198.9000244140625,1189.4000244140625,1198.0,2162397,SBIN
2026-02-26 05:45:00+00:00,1191.0,1196.9000244140625,1190.0,1192.199951171875,1916298,SBIN
2026-02-26 06:45:00+00:00,1192.4000244140625,1194.199951171875,1189.800048828125,1191.199951171875,1413580,SBIN
2026-02-26 07:45:00+00:00,1200.0,1202.4000244140625,1192.0,1192.4000244140625,1996565,SBIN
2026-02-26 08:45:00+00:00,1208.800048828125,1215.199951171875,1196.699951171875,1200.0,4945606,SBIN
2026-02-26 09:45:00+00:00,1209.5,1212.699951171875,1207.800048828125,1208.9000244140625,2319225,SBIN
2026-02-27 03:45:00+00:00,1201.9000244140625,1211.699951171875,1201.199951171875,1206.0,0,SBIN
2026-02-27 04:45:00+00:00,1203.4000244140625,1204.699951171875,1199.300048828125,1201.9000244140625,1178455,SBIN
2026-02-27 05:45:00+00:00,1200.300048828125,1204.800048828125,1198.5999755859375,1203.4000244140625,1207903,SBIN
2026-02-27 06:45:00+00:00,1206.0,1207.9000244140625,1199.9000244140625,1200.4000244140625,1103157,SBIN
2026-02-27 07:45:00+00:00,1204.199951171875,1206.4000244140625,1202.0,1206.0999755859375,637661,SBIN
2026-02-27 08:45:00+00:00,1202.300048828125,1208.0999755859375,1199.0999755859375,1204.0,3036373,SBIN
2026-02-27 09:45:00+00:00,1200.0,1203.199951171875,1199.800048828125,1202.4000244140625,2262127,SBIN
2026-03-02 03:45:00+00:00,1182.9000244140625,1197.300048828125,1180.800048828125,1183.4000244140625,0,SBIN
2026-03-02 04:45:00+00:00,1183.5,1185.5,1179.800048828125,1183.0,1948914,SBIN
2026-03-02 05:45:00+00:00,1182.5999755859375,1190.4000244140625,1181.4000244140625,1183.5,1839961,SBIN
2026-03-02 06:45:00+00:00,1182.4000244140625,1184.699951171875,1180.0,1182.699951171875,1273665,SBIN
2026-03-02 07:45:00+00:00,1192.699951171875,1193.5999755859375,1179.5999755859375,1182.4000244140625,2426670,SBIN
2026-03-02 08:45:00+00:00,1190.4000244140625,1196.300048828125,1188.9000244140625,1192.9000244140625,4446498,SBIN
2026-03-02 09:45:00+00:00,1189.699951171875,1191.0,1187.5999755859375,1190.5,1556037,SBIN
2026-03-04 03:45:00+00:00,1166.199951171875,1181.0,1159.0,1174.9000244140625,0,SBIN
2026-03-04 04:45:00+00:00,1166.800048828125,1167.9000244140625,1160.5999755859375,1166.199951171875,2002012,SBIN
2026-03-04 05:45:00+00:00,1158.4000244140625,1167.300048828125,1157.800048828125,1166.800048828125,1648331,SBIN
2026-03-04 06:45:00+00:00,1163.800048828125,1164.0,1157.699951171875,1158.5999755859375,1644849,SBIN
2026-03-04 07:45:00+00:00,1177.0,1177.300048828125,1160.800048828125,1164.0,2152542,SBIN
2026-03-04 08:45:00+00:00,1174.5,1182.4000244140625,1172.4000244140625,1177.0999755859375,1846916,SBIN
2026-03-04 09:45:00+00:00,1174.5999755859375,1176.0999755859375,1173.0999755859375,1174.5999755859375,697129,SBIN
2026-03-05 03:45:00+00:00,1174.800048828125,1182.9000244140625,1174.0,1181.0,0,SBIN
2026-03-05 04:45:00+00:00,1167.0,1176.0,1166.300048828125,1175.4000244140625,5103014,SBIN
2026-03-05 05:45:00+00:00,1159.4000244140625,1168.5,1156.5999755859375,1166.800048828125,3072420,SBIN
2026-03-05 06:45:00+00:00,1159.0,1163.300048828125,1158.0999755859375,1159.5,1525655,SBIN
2026-03-05 07:45:00+00:00,1151.800048828125,1160.0,1151.5999755859375,1159.0999755859375,1788810,SBIN
2026-03-05 08:45:00+00:00,1165.300048828125,1174.800048828125,1150.5999755859375,1151.9000244140625,7665312,SBIN
2026-03-05 09:45:00+00:00,1170.300048828125,1172.199951171875,1165.800048828125,1165.800048828125,1234617,SBIN
2026-03-06 03:45:00+00:00,1154.5999755859375,1168.9000244140625,1154.199951171875,1166.5,0,SBIN
2026-03-06 04:45:00+00:00,1150.4000244140625,1155.300048828125,1148.0,1154.199951171875,3437230,SBIN
2026-03-06 05:45:00+00:00,1152.699951171875,1156.5999755859375,1149.199951171875,1150.4000244140625,3365890,SBIN
2026-03-06 06:45:00+00:00,1152.5,1154.9000244140625,1151.199951171875,1152.9000244140625,1802037,SBIN
2026-03-06 07:45:00+00:00,1153.300048828125,1155.0,1151.800048828125,1152.300048828125,2812849,SBIN
2026-03-06 08:45:00+00:00,1142.5,1154.0,1141.5999755859375,1153.5,3422231,SBIN
2026-03-06 09:45:00+00:00,1140.0,1142.9000244140625,1139.0,1142.5,1259672,SBIN
2026-03-09 03:45:00+00:00,1073.5999755859375,1112.9000244140625,1070.4000244140625,1111.5,0,SBIN
2026-03-09 04:45:00+00:00,1077.0999755859375,1083.300048828125,1064.4000244140625,1073.5999755859375,4643897,SBIN
2026-03-09 05:45:00+00:00,1082.699951171875,1086.199951171875,1076.4000244140625,1077.5,2395625,SBIN
2026-03-09 06:45:00+00:00,1081.300048828125,1085.0,1080.0999755859375,1082.9000244140625,2408411,SBIN
2026-03-09 07:45:00+00:00,1085.5,1091.0999755859375,1081.0999755859375,1081.300048828125,1801831,SBIN
2026-03-09 08:45:00+00:00,1100.800048828125,1101.199951171875,1084.699951171875,1086.0999755859375,3205988,SBIN
2026-03-09 09:45:00+00:00,1101.0,1102.0,1097.300048828125,1100.800048828125,967616,SBIN
2026-03-10 03:45:00+00:00,1110.300048828125,1117.300048828125,1104.699951171875,1113.800048828125,0,SBIN
2026-03-10 04:45:00+00:00,1109.5999755859375,1113.9000244140625,1108.300048828125,1110.300048828125,2334591,SBIN
2026-03-10 05:45:00+00:00,1108.199951171875,1111.5999755859375,1105.5999755859375,1109.5999755859375,1582061,SBIN
2026-03-10 06:45:00+00:00,1115.300048828125,1117.0999755859375,1106.4000244140625,1108.199951171875,2220467,SBIN
2026-03-10 07:45:00+00:00,1117.800048828125,1118.199951171875,1112.0,1115.199951171875,1806825,SBIN
2026-03-10 08:45:00+00:00,1111.4000244140625,1118.800048828125,1109.0,1117.9000244140625,2917830,SBIN
2026-03-10 09:45:00+00:00,1112.199951171875,1115.300048828125,1110.5999755859375,1111.4000244140625,1766738,SBIN
2026-03-11 03:45:00+00:00,1106.5,1114.9000244140625,1105.5,1113.5,0,SBIN
2026-03-11 04:45:00+00:00,1107.5999755859375,1110.199951171875,1104.5,1106.0,993730,SBIN
2026-03-11 05:45:00+00:00,1103.5,1107.5999755859375,1099.0,1107.4000244140625,1280548,SBIN
2026-03-11 06:45:00+00:00,1098.5999755859375,1106.5,1098.0999755859375,1103.5,870846,SBIN
2026-03-11 07:45:00+00:00,1095.5999755859375,1100.0,1094.5,1098.9000244140625,926858,SBIN
2026-03-11 08:45:00+00:00,1089.5,1099.5,1088.4000244140625,1095.5999755859375,1553403,SBIN
2026-03-11 09:45:00+00:00,1091.0999755859375,1091.9000244140625,1088.0,1089.800048828125,703659,SBIN
2026-03-12 03:45:00+00:00,1073.300048828125,1081.9000244140625,1071.0999755859375,1075.800048828125,0,SBIN
2026-03-12 04:45:00+00:00,1079.199951171875,1081.800048828125,1072.0,1073.5,1936330,SBIN
2026-03-12 05:45:00+00:00,1075.699951171875,1080.300048828125,1071.0,1079.4000244140625,1867138,SBIN
2026-03-12 06:45:00+00:00,1075.0,1078.699951171875,1071.4000244140625,1075.5999755859375,1770183,SBIN
2026-03-12 07:45:00+00:00,1089.9000244140625,1098.0,1074.300048828125,1074.9000244140625,3199674,SBIN
2026-03-12 08:45:00+00:00,1085.0999755859375,1092.0,1078.300048828125,1090.0,2098542,SBIN
2026-03-12 09:45:00+00:00,1085.0,1089.4000244140625,1083.800048828125,1085.0999755859375,811120,SBIN
2026-03-13 03:45:00+00:00,1066.9000244140625,1080.800048828125,1064.199951171875,1079.800048828125,0,SBIN
2026-03-13 04:45:00+00:00,1057.9000244140625,1067.5,1057.9000244140625,1067.199951171875,1613716,SBIN
2026-03-13 05:45:00+00:00,1064.5,1065.699951171875,1057.4000244140625,1058.300048828125,1823558,SBIN
2026-03-13 06:45:00+00:00,1058.0999755859375,1065.800048828125,1056.699951171875,1064.5,1391882,SBIN
2026-03-13 07:45:00+00:00,1058.800048828125,1059.800048828125,1052.699951171875,1058.5,1404920,SBIN
2026-03-13 08:45:00+00:00,1046.5999755859375,1062.800048828125,1045.9000244140625,1058.5999755859375,4360825,SBIN
2026-03-13 09:45:00+00:00,1046.0,1046.9000244140625,1042.800048828125,1046.5999755859375,3216582,SBIN
2026-03-16 03:45:00+00:00,1054.9000244140625,1064.699951171875,1045.0999755859375,1045.300048828125,0,SBIN
2026-03-16 04:45:00+00:00,1043.5,1055.0,1036.199951171875,1055.0,1785858,SBIN
2026-03-16 05:45:00+00:00,1046.699951171875,1055.5,1043.199951171875,1043.5999755859375,1475690,SBIN
2026-03-16 06:45:00+00:00,1044.699951171875,1048.800048828125,1041.5999755859375,1046.699951171875,1590021,SBIN
2026-03-16 07:45:00+00:00,1046.199951171875,1048.800048828125,1043.5999755859375,1044.699951171875,1116580,SBIN
2026-03-16 08:45:00+00:00,1068.9000244140625,1073.0,1045.0,1046.0999755859375,5585542,SBIN
2026-03-16 09:45:00+00:00,1066.699951171875,1068.9000244140625,1061.300048828125,1068.9000244140625,1080011,SBIN
2026-03-17 03:45:00+00:00,1056.699951171875,1072.199951171875,1054.800048828125,1071.9000244140625,0,SBIN
2026-03-17 04:45:00+00:00,1050.0999755859375,1060.4000244140625,1049.5999755859375,1056.9000244140625,1686419,SBIN
2026-03-17 05:45:00+00:00,1053.800048828125,1054.5,1047.0999755859375,1050.300048828125,1619700,SBIN
2026-03-17 06:45:00+00:00,1057.0999755859375,1059.0999755859375,1049.699951171875,1053.800048828125,2438186,SBIN
2026-03-17 07:45:00+00:00,1063.800048828125,1065.199951171875,1056.199951171875,1057.5,2483300,SBIN
2026-03-17 08:45:00+00:00,1064.0999755859375,1070.0,1058.0,1063.800048828125,4565075,SBIN
2026-03-17 09:45:00+00:00,1063.5,1065.0,1060.5,1064.0,1584064,SBIN
2026-03-18 03:45:00+00:00,1063.800048828125,1072.5,1061.300048828125,1066.800048828125,0,SBIN
2026-03-18 04:45:00+00:00,1063.199951171875,1067.5,1061.300048828125,1063.5,1143339,SBIN
2026-03-18 05:45:00+00:00,1066.699951171875,1068.800048828125,1062.0999755859375,1063.0,1948716,SBIN
2026-03-18 06:45:00+00:00,1064.199951171875,1067.9000244140625,1062.0999755859375,1066.800048828125,1625449,SBIN
2026-03-18 07:45:00+00:00,1068.9000244140625,1075.300048828125,1062.9000244140625,1063.9000244140625,2153808,SBIN
2026-03-18 08:45:00+00:00,1070.199951171875,1074.699951171875,1068.199951171875,1069.0,1772227,SBIN
2026-03-18 09:45:00+00:00,1069.5,1070.800048828125,1067.699951171875,1070.0999755859375,714154,SBIN
2026-03-19 03:45:00+00:00,1052.0,1059.699951171875,1047.0,1048.5999755859375,0,SBIN
2026-03-19 04:45:00+00:00,1047.699951171875,1055.0,1047.199951171875,1051.9000244140625,1411166,SBIN
2026-03-19 05:45:00+00:00,1052.0,1052.800048828125,1046.4000244140625,1047.699951171875,1173768,SBIN
2026-03-19 06:45:00+00:00,1047.5999755859375,1052.800048828125,1047.5,1052.0,1481212,SBIN
2026-03-19 07:45:00+00:00,1046.800048828125,1050.0,1044.699951171875,1048.0999755859375,1797872,SBIN
2026-03-19 08:45:00+00:00,1048.800048828125,1053.9000244140625,1041.0,1046.5999755859375,3984869,SBIN
2026-03-19 09:45:00+00:00,1052.5,1055.5,1048.300048828125,1048.800048828125,1110666,SBIN
2026-03-20 03:45:00+00:00,1077.0,1085.0,1058.4000244140625,1058.4000244140625,0,SBIN
2026-03-20 04:45:00+00:00,1074.0,1079.199951171875,1071.800048828125,1077.0,2484040,SBIN
2026-03-20 05:45:00+00:00,1067.9000244140625,1078.0,1066.5,1074.0999755859375,2144295,SBIN
2026-03-20 06:45:00+00:00,1065.0,1068.0999755859375,1060.199951171875,1068.0,2978574,SBIN
2026-03-20 07:45:00+00:00,1064.699951171875,1067.800048828125,1063.0999755859375,1064.9000244140625,1247729,SBIN
2026-03-20 08:45:00+00:00,1056.5999755859375,1065.5999755859375,1054.0999755859375,1064.5999755859375,2954787,SBIN
2026-03-20 09:45:00+00:00,1058.300048828125,1059.699951171875,1054.5999755859375,1056.800048828125,1698940,SBIN
2026-03-23 03:45:00+00:00,1019.7000122070312,1039.300048828125,1019.2999877929688,1038.0,0,SBIN
2026-03-23 04:45:00+00:00,1019.0,1021.7999877929688,1014.2000122070312,1019.7000122070312,1327557,SBIN
2026-03-23 05:45:00+00:00,1025.5,1026.199951171875,1017.5,1019.0999755859375,1277011,SBIN
2026-03-23 06:45:00+00:00,1028.0,1031.9000244140625,1023.7000122070312,1025.5999755859375,1720804,SBIN
2026-03-23 07:45:00+00:00,1042.199951171875,1045.5999755859375,1028.0,1028.0,3404593,SBIN
2026-03-23 08:45:00+00:00,1031.5,1045.5,1030.0999755859375,1042.0,4001655,SBIN
2026-03-23 09:45:00+00:00,1031.0,1031.5999755859375,1030.0,1031.5999755859375,1200486,SBIN
2026-03-24 03:45:00+00:00,1035.5999755859375,1058.9000244140625,1034.199951171875,1058.9000244140625,0,SBIN
2026-03-24 04:45:00+00:00,1032.4000244140625,1036.800048828125,1029.5999755859375,1035.5999755859375,2899022,SBIN
2026-03-24 05:45:00+00:00,1033.800048828125,1033.9000244140625,1028.0999755859375,1032.800048828125,2724203,SBIN
2026-03-24 06:45:00+00:00,1040.9000244140625,1046.5,1023.4000244140625,1033.5,7976860,SBIN
2026-03-24 07:45:00+00:00,1038.5999755859375,1047.800048828125,1037.5999755859375,1040.699951171875,4007447,SBIN
2026-03-24 08:45:00+00:00,1030.699951171875,1041.5,1020.7999877929688,1038.9000244140625,7516109,SBIN
2026-03-24 09:45:00+00:00,1038.0999755859375,1038.300048828125,1028.0,1030.699951171875,1824950,SBIN
2026-03-25 03:45:00+00:00,1053.300048828125,1055.0999755859375,1044.199951171875,1045.0,0,SBIN
2026-03-25 04:45:00+00:00,1056.5,1058.5999755859375,1051.4000244140625,1053.199951171875,1578333,SBIN
2026-03-25 05:45:00+00:00,1065.300048828125,1065.5,1054.0,1056.9000244140625,2257095,SBIN
2026-03-25 06:45:00+00:00,1060.4000244140625,1065.4000244140625,1058.0,1065.0,1685200,SBIN
2026-03-25 07:45:00+00:00,1060.800048828125,1065.0,1058.0999755859375,1060.5,1677092,SBIN
2026-03-25 08:45:00+00:00,1059.9000244140625,1063.199951171875,1056.199951171875,1060.800048828125,4497573,SBIN
2026-03-25 09:45:00+00:00,1062.800048828125,1063.199951171875,1059.5999755859375,1060.0,1347820,SBIN
2026-03-27 03:45:00+00:00,1041.4000244140625,1051.300048828125,1038.5,1051.300048828125,0,SBIN
2026-03-27 04:45:00+00:00,1042.5,1048.4000244140625,1040.0999755859375,1041.800048828125,2704344,SBIN
2026-03-27 05:45:00+00:00,1038.699951171875,1043.199951171875,1037.699951171875,1042.5,1838133,SBIN
2026-03-27 06:45:00+00:00,1039.5,1040.800048828125,1037.199951171875,1038.699951171875,1276866,SBIN
2026-03-27 07:45:00+00:00,1037.0,1041.9000244140625,1035.199951171875,1039.5999755859375,1519804,SBIN
2026-03-27 08:45:00+00:00,1020.5999755859375,1037.0,1020.4000244140625,1036.800048828125,5668153,SBIN
2026-03-27 09:45:00+00:00,1019.2000122070312,1020.7999877929688,1013.2999877929688,1020.7000122070312,4125630,SBIN
2026-03-30 03:45:00+00:00,1004.7000122070312,1009.4000244140625,993.7999877929688,1005.0,0,SBIN
2026-03-30 04:45:00+00:00,991.5,1004.9000244140625,990.2000122070312,1004.4000244140625,2423764,SBIN
2026-03-30 05:45:00+00:00,992.5999755859375,995.9000244140625,989.2999877929688,991.5,2357482,SBIN
2026-03-30 06:45:00+00:00,988.5,993.2999877929688,987.4000244140625,992.5,1336268,SBIN
2026-03-30 07:45:00+00:00,987.5999755859375,989.5,985.9000244140625,988.4000244140625,1866382,SBIN
2026-03-30 08:45:00+00:00,979.9000244140625,987.7999877929688,976.2000122070312,987.5999755859375,5993980,SBIN
2026-03-30 09:45:00+00:00,980.7000122070312,982.7000122070312,978.0,979.9000244140625,3629431,SBIN
2026-04-01 03:45:00+00:00,1004.0,1014.1500244140625,1002.7999877929688,1008.0,0,SBIN
2026-04-01 04:45:00+00:00,999.9500122070312,1004.9500122070312,999.0,1003.9500122070312,1665005,SBIN
2026-04-01 05:45:00+00:00,1017.4500122070312,1020.5,998.5499877929688,999.6500244140625,3774964,SBIN
2026-04-01 06:45:00+00:00,1029.199951171875,1029.199951171875,1017.2000122070312,1017.4500122070312,2714536,SBIN
2026-04-01 07:45:00+00:00,1023.7999877929688,1030.9000244140625,1017.0499877929688,1029.1500244140625,2234834,SBIN
2026-04-01 08:45:00+00:00,1017.5,1023.9500122070312,1017.0,1023.7000122070312,2178179,SBIN
2026-04-01 09:45:00+00:00,1017.7999877929688,1018.6500244140625,1015.5999755859375,1017.5499877929688,912183,SBIN
2026-04-02 03:45:00+00:00,983.9500122070312,1002.0,979.75,1001.0,0,SBIN
2026-04-02 04:45:00+00:00,980.0999755859375,984.0,978.0,983.75,1915588,SBIN
2026-04-02 05:45:00+00:00,981.7000122070312,984.8499755859375,979.0,980.0,1237468,SBIN
2026-04-02 06:45:00+00:00,990.9000244140625,992.6500244140625,979.0,981.7000122070312,2590918,SBIN
2026-04-02 07:45:00+00:00,1010.5,1010.75,990.5,990.7000122070312,2245733,SBIN
2026-04-02 08:45:00+00:00,1021.5499877929688,1026.0,1006.5999755859375,1010.9000244140625,7193109,SBIN
2026-04-02 09:45:00+00:00,1018.0,1022.5499877929688,1015.4500122070312,1021.6500244140625,2201053,SBIN
2026-04-06 03:45:00+00:00,1014.5,1029.0,1011.2000122070312,1020.0499877929688,0,SBIN
2026-04-06 04:45:00+00:00,1007.9000244140625,1016.5499877929688,1005.9500122070312,1014.4500122070312,2175617,SBIN
2026-04-06 05:45:00+00:00,1013.0,1014.7999877929688,1005.0499877929688,1008.0,3211180,SBIN
2026-04-06 06:45:00+00:00,1026.0,1026.6500244140625,1011.7999877929688,1013.3499755859375,5925099,SBIN
2026-04-06 07:45:00+00:00,1022.2000122070312,1026.4000244140625,1020.2999877929688,1025.6500244140625,2365448,SBIN
2026-04-06 08:45:00+00:00,1034.699951171875,1035.5,1020.2000122070312,1022.4000244140625,3508724,SBIN
2026-04-06 09:45:00+00:00,1033.4000244140625,1035.3499755859375,1032.0999755859375,1034.6500244140625,2261411,SBIN
2026-04-07 03:45:00+00:00,1022.75,1025.300048828125,1012.7000122070312,1024.800048828125,0,SBIN
2026-04-07 04:45:00+00:00,1017.3499755859375,1024.5999755859375,1015.0999755859375,1023.0,1781100,SBIN
2026-04-07 05:45:00+00:00,1020.4500122070312,1022.8499755859375,1015.8499755859375,1017.3499755859375,1176571,SBIN
2026-04-07 06:45:00+00:00,1022.25,1022.9000244140625,1018.2000122070312,1020.3499755859375,832772,SBIN
2026-04-07 07:45:00+00:00,1023.2999877929688,1027.8499755859375,1021.0,1022.4500122070312,2519056,SBIN
2026-04-07 08:45:00+00:00,1028.699951171875,1033.5999755859375,1021.9500122070312,1023.5,3884782,SBIN
2026-04-07 09:45:00+00:00,1030.4000244140625,1031.6500244140625,1026.6500244140625,1029.4000244140625,2147941,SBIN
2026-04-08 03:45:00+00:00,1072.9000244140625,1077.300048828125,1068.0,1073.949951171875,0,SBIN
2026-04-08 04:45:00+00:00,1068.800048828125,1077.800048828125,1068.5,1072.949951171875,6442138,SBIN
2026-04-08 05:45:00+00:00,1067.0,1071.5999755859375,1063.050048828125,1068.6500244140625,2523165,SBIN
2026-04-08 06:45:00+00:00,1066.0,1069.949951171875,1064.199951171875,1067.0,2424969,SBIN
2026-04-08 07:45:00+00:00,1062.4000244140625,1066.75,1061.949951171875,1066.0,2211501,SBIN
2026-04-08 08:45:00+00:00,1061.0,1068.0999755859375,1059.5,1062.5,5288559,SBIN
2026-04-08 09:45:00+00:00,1065.3499755859375,1065.6500244140625,1060.5,1061.25,2232493,SBIN
2026-04-09 03:45:00+00:00,1057.0,1064.199951171875,1051.300048828125,1060.949951171875,0,SBIN
2026-04-09 04:45:00+00:00,1052.5,1060.550048828125,1051.1500244140625,1057.1500244140625,3060509,SBIN
2026-04-09 05:45:00+00:00,1049.5,1052.75,1048.5,1052.550048828125,2969063,SBIN
2026-04-09 06:45:00+00:00,1041.75,1050.1500244140625,1040.699951171875,1049.5,3725749,SBIN
2026-04-09 07:45:00+00:00,1041.949951171875,1045.0,1038.3499755859375,1041.75,3122891,SBIN
2026-04-09 08:45:00+00:00,1041.4000244140625,1044.800048828125,1038.699951171875,1041.6500244140625,5682143,SBIN
2026-04-09 09:45:00+00:00,1040.449951171875,1042.0,1039.0,1041.9000244140625,1779286,SBIN
2026-04-10 03:45:00+00:00,1060.9000244140625,1062.300048828125,1046.1500244140625,1047.9000244140625,0,SBIN
2026-04-10 04:45:00+00:00,1057.5,1064.949951171875,1054.300048828125,1060.9000244140625,2889971,SBIN
2026-04-10 05:45:00+00:00,1055.3499755859375,1057.5,1052.800048828125,1057.449951171875,2110754,SBIN
2026-04-10 06:45:00+00:00,1058.949951171875,1060.300048828125,1054.0,1055.3499755859375,2859367,SBIN
2026-04-10 07:45:00+00:00,1066.550048828125,1069.4000244140625,1058.25,1059.0,2670194,SBIN
2026-04-10 08:45:00+00:00,1067.0,1068.0,1062.0,1066.550048828125,3214722,SBIN
2026-04-10 09:45:00+00:00,1066.0,1067.25,1065.3499755859375,1066.8499755859375,923808,SBIN
2026-04-13 03:45:00+00:00,1035.8499755859375,1045.800048828125,1031.1500244140625,1043.449951171875,0,SBIN
2026-04-13 04:45:00+00:00,1041.3499755859375,1041.9000244140625,1033.6500244140625,1035.75,1832997,SBIN
2026-04-13 05:45:00+00:00,1049.5999755859375,1049.800048828125,1040.0,1041.4000244140625,2304130,SBIN
2026-04-13 06:45:00+00:00,1056.9000244140625,1057.699951171875,1049.0,1049.5,2194539,SBIN
2026-04-13 07:45:00+00:00,1064.75,1066.199951171875,1055.0,1056.75,3298599,SBIN
2026-04-13 08:45:00+00:00,1065.0,1067.25,1061.9000244140625,1064.75,4392845,SBIN
2026-04-13 09:45:00+00:00,1061.8499755859375,1065.300048828125,1060.050048828125,1065.0,895676,SBIN
2026-04-15 03:45:00+00:00,1078.949951171875,1087.8499755859375,1077.4000244140625,1077.9000244140625,0,SBIN
2026-04-15 04:45:00+00:00,1069.5,1080.4000244140625,1068.75,1078.949951171875,2324382,SBIN
2026-04-15 05:45:00+00:00,1071.5999755859375,1072.949951171875,1068.25,1069.550048828125,3227007,SBIN
2026-04-15 06:45:00+00:00,1071.25,1072.800048828125,1069.0,1071.5999755859375,1598898,SBIN
2026-04-15 07:45:00+00:00,1072.699951171875,1073.050048828125,1070.199951171875,1071.300048828125,1544342,SBIN
2026-04-15 08:45:00+00:00,1071.800048828125,1075.0,1070.8499755859375,1072.75,2829001,SBIN
2026-04-15 09:45:00+00:00,1071.5,1072.1500244140625,1069.0999755859375,1071.800048828125,1155454,SBIN
2026-04-16 03:45:00+00:00,1075.8499755859375,1084.0,1074.0,1079.949951171875,0,SBIN
2026-04-16 04:45:00+00:00,1074.8499755859375,1077.300048828125,1073.449951171875,1075.8499755859375,2884083,SBIN
2026-04-16 05:45:00+00:00,1067.0,1075.199951171875,1064.699951171875,1074.550048828125,2614311,SBIN
2026-04-16 06:45:00+00:00,1067.0,1067.9000244140625,1062.0,1067.0999755859375,2500058,SBIN
2026-04-16 07:45:00+00:00,1067.0,1070.0,1065.6500244140625,1067.0,2502115,SBIN
2026-04-16 08:45:00+00:00,1066.75,1072.8499755859375,1066.0,1067.0,4951112,SBIN
2026-04-16 09:45:00+00:00,1066.699951171875,1067.9000244140625,1065.0,1067.0,1376673,SBIN
2026-04-17 03:45:00+00:00,1067.800048828125,1070.949951171875,1061.550048828125,1065.800048828125,0,SBIN
2026-04-17 04:45:00+00:00,1067.199951171875,1071.3499755859375,1066.0,1067.800048828125,2193135,SBIN
2026-04-17 05:45:00+00:00,1073.699951171875,1073.699951171875,1067.0,1067.3499755859375,2938628,SBIN
2026-04-17 06:45:00+00:00,1072.050048828125,1075.0,1070.5,1073.4000244140625,1844924,SBIN
2026-04-17 07:45:00+00:00,1071.199951171875,1072.25,1070.1500244140625,1072.050048828125,868817,SBIN
2026-04-17 08:45:00+00:00,1080.0,1082.0999755859375,1071.1500244140625,1071.199951171875,5507165,SBIN
2026-04-17 09:45:00+00:00,1080.0,1080.949951171875,1078.800048828125,1080.0999755859375,1579114,SBIN
2026-04-20 03:45:00+00:00,1107.3499755859375,1108.0,1076.300048828125,1080.3499755859375,0,SBIN
2026-04-20 08:45:00+00:00,1109.1500244140625,1110.0,1080.25,1080.25,23787820,SBIN
2026-04-20 09:45:00+00:00,1104.0,1109.4000244140625,1103.3499755859375,1109.1500244140625,1529469,SBIN
2026-04-21 03:45:00+00:00,1107.5999755859375,1114.0,1107.050048828125,1112.800048828125,0,SBIN
2026-04-21 04:45:00+00:00,1111.1500244140625,1111.550048828125,1105.949951171875,1107.5999755859375,2054771,SBIN
2026-04-21 05:45:00+00:00,1110.699951171875,1111.5,1107.8499755859375,1111.1500244140625,1706584,SBIN
2026-04-21 06:45:00+00:00,1111.0,1113.5,1108.800048828125,1110.699951171875,2440408,SBIN
2026-04-21 07:45:00+00:00,1111.0,1111.949951171875,1109.25,1111.0,2045198,SBIN
2026-04-21 08:45:00+00:00,1112.3499755859375,1114.449951171875,1110.9000244140625,1110.9000244140625,4115164,SBIN
2026-04-21 09:45:00+00:00,1111.5,1113.800048828125,1108.6500244140625,1112.0,1502269,SBIN
2026-04-22 03:45:00+00:00,1103.0,1117.3499755859375,1100.5,1110.0,0,SBIN
2026-04-22 04:45:00+00:00,1108.75,1110.4000244140625,1102.0,1103.0,2405082,SBIN
2026-04-22 05:45:00+00:00,1103.550048828125,1110.1500244140625,1102.0,1108.699951171875,1943571,SBIN
2026-04-22 06:45:00+00:00,1104.0,1105.0,1102.800048828125,1103.449951171875,1346116,SBIN
2026-04-22 07:45:00+00:00,1103.800048828125,1105.699951171875,1102.0,1103.949951171875,1490376,SBIN
2026-04-22 08:45:00+00:00,1103.25,1105.199951171875,1102.050048828125,1103.8499755859375,1984010,SBIN
2026-04-22 09:45:00+00:00,1103.199951171875,1103.949951171875,1102.0,1103.199951171875,829320,SBIN
2026-04-23 03:45:00+00:00,1097.0,1101.6500244140625,1094.199951171875,1095.0,0,SBIN
2026-04-23 04:45:00+00:00,1097.3499755859375,1097.8499755859375,1094.699951171875,1096.949951171875,1826680,SBIN
2026-04-23 05:45:00+00:00,1096.8499755859375,1100.0,1095.0999755859375,1097.25,1569351,SBIN
2026-04-23 06:45:00+00:00,1087.75,1097.800048828125,1082.5,1096.8499755859375,1335084,SBIN
2026-04-23 07:45:00+00:00,1090.800048828125,1092.550048828125,1086.0,1087.9000244140625,2035093,SBIN
2026-04-23 08:45:00+00:00,1094.199951171875,1095.449951171875,1089.949951171875,1090.949951171875,3309669,SBIN
2026-04-23 09:45:00+00:00,1095.5,1096.0,1093.699951171875,1094.25,854399,SBIN
2026-04-24 03:45:00+00:00,1095.199951171875,1101.3499755859375,1090.5,1092.0,0,SBIN
2026-04-24 04:45:00+00:00,1095.050048828125,1097.4000244140625,1092.0999755859375,1094.9000244140625,1679178,SBIN
2026-04-24 05:45:00+00:00,1097.4000244140625,1098.300048828125,1093.949951171875,1095.050048828125,2238045,SBIN
2026-04-24 06:45:00+00:00,1095.0999755859375,1098.300048828125,1092.449951171875,1097.5,1730717,SBIN
2026-04-24 07:45:00+00:00,1097.1500244140625,1097.4000244140625,1093.0,1094.949951171875,1226915,SBIN
2026-04-24 08:45:00+00:00,1101.8499755859375,1105.5,1096.949951171875,1096.949951171875,3565408,SBIN
2026-04-24 09:45:00+00:00,1100.949951171875,1103.0,1099.0,1101.8499755859375,661491,SBIN
2026-04-27 03:45:00+00:00,1108.5999755859375,1114.699951171875,1106.949951171875,1110.949951171875,0,SBIN
2026-04-27 04:45:00+00:00,1109.449951171875,1110.050048828125,1103.550048828125,1108.699951171875,2472844,SBIN
2026-04-27 05:45:00+00:00,1108.3499755859375,1110.699951171875,1104.199951171875,1109.3499755859375,1958904,SBIN
2026-04-27 06:45:00+00:00,1107.25,1108.449951171875,1104.5999755859375,1108.3499755859375,924483,SBIN
2026-04-27 07:45:00+00:00,1112.199951171875,1114.800048828125,1107.800048828125,1107.800048828125,1342009,SBIN
2026-04-27 08:45:00+00:00,1113.25,1114.199951171875,1110.0,1112.0999755859375,1867431,SBIN
2026-04-27 09:45:00+00:00,1112.0,1113.6500244140625,1110.0,1113.6500244140625,678422,SBIN
2026-04-28 03:45:00+00:00,1105.5,1110.4000244140625,1096.5,1100.9000244140625,0,SBIN
2026-04-28 04:45:00+00:00,1106.699951171875,1109.75,1105.0,1105.6500244140625,845424,SBIN
2026-04-28 05:45:00+00:00,1095.5999755859375,1106.800048828125,1095.0999755859375,1106.800048828125,1280958,SBIN
2026-04-28 06:45:00+00:00,1092.0,1097.25,1091.050048828125,1095.5999755859375,1215856,SBIN
2026-04-28 07:45:00+00:00,1092.550048828125,1095.449951171875,1090.800048828125,1092.0,1079586,SBIN
2026-04-28 08:45:00+00:00,1092.199951171875,1094.0,1089.550048828125,1092.6500244140625,2003173,SBIN
2026-04-28 09:45:00+00:00,1091.300048828125,1093.5,1089.199951171875,1092.199951171875,1157598,SBIN
2026-04-29 03:45:00+00:00,1098.1500244140625,1098.6500244140625,1088.6500244140625,1093.4000244140625,0,SBIN
2026-04-29 04:45:00+00:00,1096.949951171875,1105.0,1096.1500244140625,1098.0999755859375,1976077,SBIN
2026-04-29 05:45:00+00:00,1100.550048828125,1101.0999755859375,1095.0999755859375,1096.9000244140625,2018047,SBIN
2026-04-29 06:45:00+00:00,1101.0,1103.4000244140625,1099.5999755859375,1100.75,1071780,SBIN
2026-04-29 07:45:00+00:00,1091.050048828125,1101.6500244140625,1089.800048828125,1101.050048828125,1326612,SBIN
2026-04-29 08:45:00+00:00,1085.5999755859375,1091.699951171875,1085.5999755859375,1091.3499755859375,1644075,SBIN
2026-04-29 09:45:00+00:00,1088.4000244140625,1088.4000244140625,1084.25,1085.9000244140625,542901,SBIN
2026-04-30 03:45:00+00:00,1075.5,1077.550048828125,1070.25,1073.5999755859375,0,SBIN
2026-04-30 04:45:00+00:00,1068.5999755859375,1075.5,1067.25,1075.25,1629113,SBIN
2026-04-30 05:45:00+00:00,1068.75,1072.300048828125,1063.449951171875,1068.550048828125,2670867,SBIN
2026-04-30 06:45:00+00:00,1068.4000244140625,1072.699951171875,1067.0,1068.5999755859375,1818593,SBIN
2026-04-30 07:45:00+00:00,1069.3499755859375,1072.949951171875,1067.050048828125,1068.5,1904234,SBIN
2026-04-30 08:45:00+00:00,1068.0,1072.449951171875,1065.5,1069.6500244140625,3413568,SBIN
2026-04-30 09:45:00+00:00,1071.800048828125,1072.0,1067.699951171875,1068.0999755859375,1276655,SBIN
2026-05-04 03:45:00+00:00,1079.800048828125,1088.9000244140625,1069.9000244140625,1069.9000244140625,0,SBIN
2026-05-04 04:45:00+00:00,1082.0,1082.0,1077.0999755859375,1079.199951171875,981054,SBIN
2026-05-04 05:45:00+00:00,1073.0999755859375,1087.300048828125,1073.0999755859375,1082.199951171875,2545269,SBIN
2026-05-04 06:45:00+00:00,1074.0,1076.800048828125,1072.0,1073.300048828125,828055,SBIN
2026-05-04 07:45:00+00:00,1071.0,1074.0,1067.199951171875,1074.0,933333,SBIN
2026-05-04 08:45:00+00:00,1068.800048828125,1074.0999755859375,1067.699951171875,1071.4000244140625,1965536,SBIN
2026-05-04 09:45:00+00:00,1068.4000244140625,1069.199951171875,1066.699951171875,1068.800048828125,1347274,SBIN
2026-05-05 03:45:00+00:00,1063.0999755859375,1068.300048828125,1060.0,1063.0999755859375,0,SBIN
2026-05-05 04:45:00+00:00,1055.9000244140625,1064.800048828125,1054.300048828125,1063.0999755859375,1322023,SBIN
2026-05-05 05:45:00+00:00,1053.4000244140625,1058.9000244140625,1049.4000244140625,1056.0,1991021,SBIN
2026-05-05 06:45:00+00:00,1065.199951171875,1065.5,1053.4000244140625,1053.4000244140625,1913530,SBIN
2026-05-05 07:45:00+00:00,1063.5999755859375,1067.0,1062.0999755859375,1065.0,1725540,SBIN
2026-05-05 08:45:00+00:00,1059.699951171875,1067.699951171875,1058.5,1063.5999755859375,3082529,SBIN
2026-05-05 09:45:00+00:00,1060.5,1061.0,1058.699951171875,1060.0,890843,SBIN
2026-05-06 03:45:00+00:00,1068.4000244140625,1079.5,1066.4000244140625,1078.0,0,SBIN
2026-05-06 04:45:00+00:00,1065.699951171875,1070.9000244140625,1065.199951171875,1068.0999755859375,966106,SBIN
2026-05-06 05:45:00+00:00,1067.5,1070.199951171875,1064.300048828125,1065.699951171875,1524576,SBIN
2026-05-06 06:45:00+00:00,1064.699951171875,1067.699951171875,1061.199951171875,1067.5,1070594,SBIN
2026-05-06 07:45:00+00:00,1071.300048828125,1072.5,1064.199951171875,1064.5,1753883,SBIN
2026-05-06 08:45:00+00:00,1093.300048828125,1098.800048828125,1071.5,1071.5,5464573,SBIN
2026-05-06 09:45:00+00:00,1100.0,1101.0,1092.300048828125,1093.300048828125,1235281,SBIN
2026-05-07 03:45:00+00:00,1093.300048828125,1107.300048828125,1092.300048828125,1105.800048828125,0,SBIN
2026-05-07 04:45:00+00:00,1092.0,1097.9000244140625,1091.0,1093.5,1329600,SBIN
2026-05-07 05:45:00+00:00,1091.0,1096.0,1086.0999755859375,1092.199951171875,3038514,SBIN
2026-05-07 06:45:00+00:00,1096.699951171875,1103.5,1088.0999755859375,1090.9000244140625,2630454,SBIN
2026-05-07 07:45:00+00:00,1094.0999755859375,1099.4000244140625,1092.0,1096.699951171875,1415854,SBIN
2026-05-07 08:45:00+00:00,1091.5,1096.5999755859375,1089.5999755859375,1094.300048828125,3426293,SBIN
2026-05-07 09:45:00+00:00,1092.5,1093.300048828125,1090.5,1091.300048828125,1222353,SBIN
2026-05-08 03:45:00+00:00,1091.5,1092.9000244140625,1083.0999755859375,1092.9000244140625,0,SBIN
2026-05-08 04:45:00+00:00,1093.9000244140625,1093.9000244140625,1086.0,1091.4000244140625,1256694,SBIN
2026-05-08 05:45:00+00:00,1081.199951171875,1095.0,1078.0,1093.9000244140625,1628335,SBIN
2026-05-08 06:45:00+00:00,1078.199951171875,1086.800048828125,1076.0999755859375,1081.0,1770035,SBIN
2026-05-08 07:45:00+00:00,1021.0,1079.800048828125,1021.0,1078.300048828125,14173559,SBIN
2026-05-08 08:45:00+00:00,1020.2999877929688,1033.5,1011.2000122070312,1020.9000244140625,22201683,SBIN
2026-05-08 09:45:00+00:00,1018.5,1022.0999755859375,1012.5999755859375,1020.2999877929688,5299110,SBIN
2026-05-11 03:45:00+00:00,980.0,1006.0,977.5,1006.0,0,SBIN
2026-05-11 04:45:00+00:00,976.2999877929688,982.9000244140625,976.0,980.0,7522740,SBIN
2026-05-11 05:45:00+00:00,980.0999755859375,981.5,975.0,976.2000122070312,4985971,SBIN
2026-05-11 06:45:00+00:00,981.5,981.7999877929688,976.0,980.2999877929688,5200875,SBIN
2026-05-11 07:45:00+00:00,979.0999755859375,984.9000244140625,979.0,981.5999755859375,5326464,SBIN
2026-05-11 08:45:00+00:00,971.2999877929688,980.4000244140625,971.0999755859375,979.2000122070312,6881466,SBIN
2026-05-11 09:45:00+00:00,975.4000244140625,975.4000244140625,971.0999755859375,971.2999877929688,3553276,SBIN
2026-05-12 03:45:00+00:00,979.0,981.2000122070312,972.4000244140625,976.0,0,SBIN
2026-05-12 04:45:00+00:00,964.9000244140625,980.2999877929688,964.2999877929688,979.4000244140625,4011740,SBIN
2026-05-12 05:45:00+00:00,968.4000244140625,969.7000122070312,964.4000244140625,964.9000244140625,3273179,SBIN
2026-05-12 06:45:00+00:00,967.2000122070312,968.7000122070312,962.4000244140625,968.5,2368797,SBIN
2026-05-12 07:45:00+00:00,972.5,974.7999877929688,966.5999755859375,967.2000122070312,4289220,SBIN
2026-05-12 08:45:00+00:00,973.5,978.5,972.0,972.5,5123724,SBIN
2026-05-12 09:45:00+00:00,976.0999755859375,977.2999877929688,973.2000122070312,973.5,1629191,SBIN
2026-05-13 03:45:00+00:00,967.5999755859375,980.9000244140625,961.2999877929688,978.2000122070312,0,SBIN
2026-05-13 04:45:00+00:00,969.9000244140625,974.7999877929688,967.0,967.5999755859375,2622133,SBIN
2026-05-13 05:45:00+00:00,976.7000122070312,979.9000244140625,969.2999877929688,969.2999877929688,2442875,SBIN
2026-05-13 06:45:00+00:00,976.5,980.5,970.7999877929688,976.7999877929688,3558883,SBIN
2026-05-13 07:45:00+00:00,974.5999755859375,977.0,971.7999877929688,976.5,1516646,SBIN
2026-05-13 08:45:00+00:00,971.4000244140625,975.2999877929688,970.0,974.4000244140625,2593343,SBIN
2026-05-13 09:45:00+00:00,970.9000244140625,971.4000244140625,968.0999755859375,971.2000122070312,1107862,SBIN
2026-05-14 03:45:00+00:00,973.2999877929688,978.9000244140625,971.0,975.9000244140625,0,SBIN
2026-05-14 04:45:00+00:00,967.5,974.0,963.5999755859375,973.2999877929688,2210218,SBIN
2026-05-14 05:45:00+00:00,978.2999877929688,979.2000122070312,967.2000122070312,967.2000122070312,3136658,SBIN
2026-05-14 06:45:00+00:00,985.5999755859375,987.0,977.9000244140625,978.2999877929688,2913131,SBIN
2026-05-14 07:45:00+00:00,984.0,986.0,980.7000122070312,985.5999755859375,1471996,SBIN
2026-05-14 08:45:00+00:00,979.4000244140625,985.0,978.4000244140625,984.0999755859375,2785405,SBIN
2026-05-14 09:45:00+00:00,982.2999877929688,982.4000244140625,978.5999755859375,979.5,800353,SBIN
2026-05-15 03:45:00+00:00,966.7999877929688,971.7999877929688,957.5999755859375,970.7000122070312,0,SBIN
2026-05-15 04:45:00+00:00,966.4000244140625,969.5,965.0,966.9000244140625,4156612,SBIN
2026-05-15 05:45:00+00:00,969.9000244140625,971.0,965.4000244140625,966.2000122070312,3288584,SBIN
2026-05-15 06:45:00+00:00,970.4000244140625,972.5,967.2000122070312,969.7999877929688,1468497,SBIN
2026-05-15 07:45:00+00:00,966.7999877929688,971.5,964.2000122070312,970.4000244140625,3524883,SBIN
2026-05-15 08:45:00+00:00,963.0,967.2000122070312,962.0,966.9000244140625,5446301,SBIN
2026-05-15 09:45:00+00:00,961.5999755859375,964.0999755859375,960.7999877929688,963.0,1530385,SBIN
2026-05-18 03:45:00+00:00,938.5,954.7999877929688,934.0,952.5,0,SBIN
2026-05-18 04:45:00+00:00,938.0,940.2000122070312,936.0,938.5,1592569,SBIN
2026-05-18 05:45:00+00:00,937.7000122070312,939.2999877929688,935.0,938.0999755859375,1881630,SBIN
2026-05-18 06:45:00+00:00,940.7000122070312,943.5999755859375,936.5,937.7000122070312,2116718,SBIN
2026-05-18 07:45:00+00:00,941.7999877929688,943.0999755859375,939.5999755859375,940.5999755859375,1654818,SBIN
2026-05-18 08:45:00+00:00,938.5,943.5999755859375,937.2999877929688,941.9000244140625,3761905,SBIN
2026-05-18 09:45:00+00:00,938.5999755859375,938.7999877929688,937.0999755859375,938.5,1338573,SBIN
2026-05-19 03:45:00+00:00,948.0,948.2999877929688,939.5,942.4000244140625,0,SBIN
2026-05-19 04:45:00+00:00,947.5999755859375,950.5,946.2999877929688,947.9000244140625,2211338,SBIN
2026-05-19 05:45:00+00:00,946.7999877929688,948.0,944.7999877929688,947.5,1793189,SBIN
2026-05-19 06:45:00+00:00,948.2999877929688,948.7999877929688,945.2999877929688,946.7999877929688,1435903,SBIN
2026-05-19 07:45:00+00:00,952.0999755859375,952.0999755859375,945.9000244140625,948.5,2397228,SBIN
2026-05-19 08:45:00+00:00,948.5,956.5,947.9000244140625,952.2999877929688,4406519,SBIN
2026-05-19 09:45:00+00:00,947.0999755859375,948.7000122070312,947.0,948.4000244140625,1176934,SBIN
2026-05-20 03:45:00+00:00,938.5,940.0,935.0,940.0,0,SBIN
2026-05-20 04:45:00+00:00,948.0999755859375,950.2000122070312,937.7999877929688,938.5,2574788,SBIN
2026-05-20 05:45:00+00:00,945.4000244140625,950.5999755859375,945.0999755859375,948.5,1611486,SBIN
2026-05-20 06:45:00+00:00,946.7000122070312,949.5,945.2999877929688,945.4000244140625,871939,SBIN
2026-05-20 07:45:00+00:00,951.2000122070312,952.4000244140625,945.2000122070312,947.0,1134814,SBIN
2026-05-20 08:45:00+00:00,951.2000122070312,955.0,950.0999755859375,951.2000122070312,2084908,SBIN
2026-05-20 09:45:00+00:00,950.9000244140625,951.9000244140625,949.5999755859375,951.0999755859375,1317937,SBIN
2026-05-21 03:45:00+00:00,953.2000122070312,960.7999877929688,952.4000244140625,958.0,0,SBIN
2026-05-21 04:45:00+00:00,953.5,958.0,953.0,953.0999755859375,1471647,SBIN
2026-05-21 05:45:00+00:00,951.7000122070312,955.5,951.0999755859375,953.2999877929688,1036065,SBIN
2026-05-21 06:45:00+00:00,949.0999755859375,951.7000122070312,946.5,951.5,1315510,SBIN
2026-05-21 07:45:00+00:00,951.2000122070312,952.5,947.0999755859375,948.5999755859375,989065,SBIN
2026-05-21 08:45:00+00:00,949.5999755859375,953.7999877929688,949.5,951.0999755859375,4139249,SBIN
2026-05-21 09:45:00+00:00,949.7999877929688,950.7999877929688,949.0999755859375,949.7999877929688,1079506,SBIN
2026-05-22 03:45:00+00:00,957.9000244140625,958.5999755859375,951.0,951.2000122070312,0,SBIN
2026-05-22 04:45:00+00:00,953.7000122070312,958.0999755859375,952.5999755859375,958.0,1156920,SBIN
2026-05-22 05:45:00+00:00,953.7000122070312,954.7000122070312,951.5,953.5,684395,SBIN
2026-05-22 06:45:00+00:00,953.5,954.2000122070312,951.2999877929688,953.5,798131,SBIN
2026-05-22 07:45:00+00:00,951.7000122070312,954.0,950.2999877929688,953.5999755859375,1101767,SBIN
2026-05-22 08:45:00+00:00,949.0999755859375,952.0,947.7000122070312,951.7999877929688,1779479,SBIN
2026-05-22 09:45:00+00:00,950.0,950.5,948.5999755859375,949.0999755859375,993881,SBIN
2026-05-25 03:45:00+00:00,962.0,963.5999755859375,957.5,959.5999755859375,0,SBIN
2026-05-25 04:45:00+00:00,962.5999755859375,963.0999755859375,960.0999755859375,961.9000244140625,1296109,SBIN
2026-05-25 05:45:00+00:00,961.7999877929688,964.5999755859375,961.7000122070312,962.5999755859375,1321564,SBIN
2026-05-25 06:45:00+00:00,960.5,962.5999755859375,959.5999755859375,961.7999877929688,826300,SBIN
2026-05-25 07:45:00+00:00,960.5,962.0999755859375,960.0,960.5,674560,SBIN
2026-05-25 08:45:00+00:00,969.7000122070312,969.7000122070312,960.0999755859375,960.5999755859375,2320729,SBIN
2026-05-25 09:45:00+00:00,972.0,972.4000244140625,969.7000122070312,969.7999877929688,1018272,SBIN
2026-05-26 03:45:00+00:00,975.2999877929688,978.0,968.0999755859375,970.0,0,SBIN
2026-05-26 04:45:00+00:00,972.0999755859375,978.7000122070312,972.0999755859375,975.7000122070312,1923932,SBIN
2026-05-26 05:45:00+00:00,970.2000122070312,973.0,969.4000244140625,972.4000244140625,1421541,SBIN
2026-05-26 06:45:00+00:00,966.5999755859375,971.0,965.5,970.0999755859375,1296569,SBIN
2026-05-26 07:45:00+00:00,963.5,967.5,962.0999755859375,966.5999755859375,1883321,SBIN
2026-05-26 08:45:00+00:00,969.0999755859375,969.0999755859375,962.5999755859375,964.0,3890429,SBIN
2026-05-26 09:45:00+00:00,969.7999877929688,969.7999877929688,968.5,969.0999755859375,1103208,SBIN
2026-05-27 03:45:00+00:00,974.2000122070312,974.4000244140625,968.0,971.9000244140625,0,SBIN
2026-05-27 04:45:00+00:00,970.9000244140625,975.9000244140625,969.5999755859375,973.7999877929688,1323713,SBIN
2026-05-27 05:45:00+00:00,969.9000244140625,971.9000244140625,968.5,970.9000244140625,747615,SBIN
2026-05-27 06:45:00+00:00,970.0,972.0,968.2000122070312,970.0,755229,SBIN
2026-05-27 07:45:00+00:00,968.4000244140625,970.5999755859375,968.0999755859375,970.0,848566,SBIN
2026-05-27 08:45:00+00:00,968.0,969.7999877929688,966.7000122070312,968.4000244140625,1969731,SBIN
2026-05-27 09:45:00+00:00,967.2999877929688,968.0999755859375,966.7999877929688,968.0,714437,SBIN
