Price,Close,High,Low,Open,Volume,symbol
Ticker,TATACAP.NS,TATACAP.NS,TATACAP.NS,TATACAP.NS,TATACAP.NS,
Datetime,,,,,,
2025-10-13 03:45:00+00:00,326.70001220703125,331.6499938964844,326.0,326.0,0,TATACAP
2025-10-13 04:45:00+00:00,328.8500061035156,332.70001220703125,326.25,326.79998779296875,21827769,TATACAP
2025-10-13 05:45:00+00:00,330.0,330.95001220703125,328.5,328.79998779296875,5316457,TATACAP
2025-10-13 06:45:00+00:00,330.3999938964844,331.3999938964844,329.6499938964844,330.0,4128954,TATACAP
2025-10-13 07:45:00+00:00,331.04998779296875,331.3999938964844,330.0,330.3999938964844,5092254,TATACAP
2025-10-13 08:45:00+00:00,330.04998779296875,331.04998779296875,329.3500061035156,331.0,9904425,TATACAP
2025-10-13 09:45:00+00:00,331.6499938964844,331.79998779296875,329.95001220703125,330.04998779296875,7302181,TATACAP
2025-10-14 03:45:00+00:00,323.29998779296875,331.75,323.04998779296875,330.79998779296875,0,TATACAP
2025-10-14 04:45:00+00:00,325.75,327.0,323.1499938964844,323.54998779296875,3990578,TATACAP
2025-10-14 05:45:00+00:00,324.5,326.3500061035156,324.20001220703125,325.75,1854888,TATACAP
2025-10-14 06:45:00+00:00,322.6000061035156,324.6499938964844,322.5,324.45001220703125,1724342,TATACAP
2025-10-14 07:45:00+00:00,320.5,322.95001220703125,320.0,322.6000061035156,4630777,TATACAP
2025-10-14 08:45:00+00:00,319.6000061035156,321.0,319.25,320.5,2767446,TATACAP
2025-10-14 09:45:00+00:00,320.0,322.1499938964844,319.04998779296875,319.6499938964844,1680842,TATACAP
2025-10-15 03:45:00+00:00,323.95001220703125,324.5,320.25,320.75,0,TATACAP
2025-10-15 04:45:00+00:00,323.95001220703125,325.29998779296875,322.45001220703125,323.95001220703125,1905182,TATACAP
2025-10-15 05:45:00+00:00,325.79998779296875,325.95001220703125,323.29998779296875,323.95001220703125,1198911,TATACAP
2025-10-15 06:45:00+00:00,326.04998779296875,326.25,325.25,325.79998779296875,2166430,TATACAP
2025-10-15 07:45:00+00:00,326.8500061035156,327.0,326.0,326.0,1481539,TATACAP
2025-10-15 08:45:00+00:00,329.29998779296875,329.75,326.0,326.75,3381890,TATACAP
2025-10-15 09:45:00+00:00,330.04998779296875,330.70001220703125,329.04998779296875,329.45001220703125,2472039,TATACAP
2025-10-16 03:45:00+00:00,332.0,334.70001220703125,329.95001220703125,330.04998779296875,0,TATACAP
2025-10-16 04:45:00+00:00,333.6499938964844,334.1499938964844,332.0,332.1499938964844,2388405,TATACAP
2025-10-16 05:45:00+00:00,333.20001220703125,334.3500061035156,333.0,333.70001220703125,2229945,TATACAP
2025-10-16 06:45:00+00:00,334.0,335.8500061035156,333.1499938964844,333.1499938964844,4215263,TATACAP
2025-10-16 07:45:00+00:00,334.20001220703125,335.20001220703125,333.5,334.0,1734487,TATACAP
2025-10-16 08:45:00+00:00,335.0,335.1000061035156,333.8500061035156,334.1000061035156,2325860,TATACAP
2025-10-16 09:45:00+00:00,335.75,335.95001220703125,334.6000061035156,335.0,1705427,TATACAP
2025-10-17 03:45:00+00:00,330.5,336.5,329.8999938964844,335.20001220703125,0,TATACAP
2025-10-17 04:45:00+00:00,330.04998779296875,330.75,329.8999938964844,330.5,660807,TATACAP
2025-10-17 05:45:00+00:00,330.1000061035156,330.45001220703125,330.0,330.04998779296875,485615,TATACAP
2025-10-17 06:45:00+00:00,330.04998779296875,330.29998779296875,330.0,330.1499938964844,745782,TATACAP
2025-10-17 07:45:00+00:00,330.79998779296875,331.5,330.0,330.0,644928,TATACAP
2025-10-17 08:45:00+00:00,330.29998779296875,332.3500061035156,330.25,330.79998779296875,1353137,TATACAP
2025-10-17 09:45:00+00:00,330.8999938964844,331.6000061035156,330.0,330.5,817853,TATACAP
2025-10-20 03:45:00+00:00,328.1000061035156,331.6000061035156,325.5,331.6000061035156,0,TATACAP
2025-10-20 04:45:00+00:00,326.04998779296875,328.3500061035156,325.79998779296875,328.20001220703125,568685,TATACAP
2025-10-20 05:45:00+00:00,325.79998779296875,326.3500061035156,325.1000061035156,325.95001220703125,431495,TATACAP
2025-10-20 06:45:00+00:00,324.8999938964844,325.8500061035156,324.29998779296875,325.70001220703125,1194566,TATACAP
2025-10-20 07:45:00+00:00,324.5,325.0,324.0,324.95001220703125,498519,TATACAP
2025-10-20 08:45:00+00:00,325.5,326.29998779296875,324.45001220703125,324.45001220703125,638864,TATACAP
2025-10-20 09:45:00+00:00,325.3999938964844,325.6000061035156,325.0,325.1499938964844,430284,TATACAP
2025-10-21 07:45:00+00:00,330.20001220703125,331.29998779296875,326.0,326.0,2038334,TATACAP
2025-10-21 08:45:00+00:00,329.95001220703125,331.25,328.5,330.29998779296875,982908,TATACAP
2025-10-23 03:45:00+00:00,325.6000061035156,330.0,325.45001220703125,329.79998779296875,2505060,TATACAP
2025-10-23 04:45:00+00:00,326.1000061035156,326.3999938964844,325.3500061035156,325.6499938964844,786508,TATACAP
2025-10-23 05:45:00+00:00,326.04998779296875,326.6499938964844,326.0,326.1499938964844,350884,TATACAP
2025-10-23 06:45:00+00:00,326.1499938964844,326.8500061035156,326.0,326.0,1470142,TATACAP
2025-10-23 07:45:00+00:00,325.25,326.25,325.25,326.20001220703125,344106,TATACAP
2025-10-23 08:45:00+00:00,325.04998779296875,325.5,325.0,325.25,556591,TATACAP
2025-10-23 09:45:00+00:00,325.04998779296875,325.29998779296875,324.5,325.1000061035156,473163,TATACAP
2025-10-24 03:45:00+00:00,325.3500061035156,325.70001220703125,323.70001220703125,325.1000061035156,0,TATACAP
2025-10-24 04:45:00+00:00,324.1000061035156,325.54998779296875,323.70001220703125,325.45001220703125,624847,TATACAP
2025-10-24 05:45:00+00:00,325.70001220703125,327.6499938964844,323.8999938964844,324.1000061035156,1607971,TATACAP
2025-10-24 06:45:00+00:00,325.1499938964844,325.79998779296875,325.0,325.6000061035156,221628,TATACAP
2025-10-24 07:45:00+00:00,324.1499938964844,325.3999938964844,324.0,325.29998779296875,364597,TATACAP
2025-10-24 08:45:00+00:00,324.1499938964844,324.45001220703125,324.0,324.1499938964844,345329,TATACAP
2025-10-24 09:45:00+00:00,324.29998779296875,324.6000061035156,324.04998779296875,324.20001220703125,313422,TATACAP
2025-10-27 03:45:00+00:00,326.29998779296875,327.6499938964844,325.3999938964844,325.45001220703125,0,TATACAP
2025-10-27 04:45:00+00:00,326.0,326.6499938964844,325.54998779296875,326.29998779296875,343925,TATACAP
2025-10-27 05:45:00+00:00,329.8999938964844,330.29998779296875,326.0,326.0,2208907,TATACAP
2025-10-27 06:45:00+00:00,329.1000061035156,330.1499938964844,329.0,329.70001220703125,918654,TATACAP
2025-10-27 07:45:00+00:00,329.04998779296875,329.5,328.6499938964844,329.0,419206,TATACAP
2025-10-27 08:45:00+00:00,329.1000061035156,329.45001220703125,328.1499938964844,329.0,895000,TATACAP
2025-10-27 09:45:00+00:00,329.0,329.1000061035156,328.45001220703125,329.04998779296875,271906,TATACAP
2025-10-28 03:45:00+00:00,328.6499938964844,329.70001220703125,327.6000061035156,329.54998779296875,0,TATACAP
2025-10-28 04:45:00+00:00,330.6000061035156,331.54998779296875,328.54998779296875,328.70001220703125,1267506,TATACAP
2025-10-28 05:45:00+00:00,332.25,333.5,330.0,330.6499938964844,1960159,TATACAP
2025-10-28 06:45:00+00:00,330.8500061035156,332.29998779296875,330.25,332.29998779296875,1184781,TATACAP
2025-10-28 07:45:00+00:00,330.0,331.1499938964844,329.8500061035156,330.75,343194,TATACAP
2025-10-28 08:45:00+00:00,331.25,332.29998779296875,329.8999938964844,330.1000061035156,1161116,TATACAP
2025-10-28 09:45:00+00:00,330.6499938964844,331.70001220703125,330.54998779296875,331.45001220703125,310036,TATACAP
2025-10-29 03:45:00+00:00,326.79998779296875,331.25,326.6499938964844,331.0,0,TATACAP
2025-10-29 04:45:00+00:00,326.04998779296875,327.0,325.79998779296875,326.75,983351,TATACAP
2025-10-29 05:45:00+00:00,325.95001220703125,326.95001220703125,325.8500061035156,326.04998779296875,415214,TATACAP
2025-10-29 06:45:00+00:00,326.25,326.79998779296875,325.8999938964844,325.8999938964844,555856,TATACAP
2025-10-29 07:45:00+00:00,326.1499938964844,326.29998779296875,326.0,326.29998779296875,448798,TATACAP
2025-10-29 08:45:00+00:00,326.25,326.3999938964844,325.95001220703125,326.1499938964844,847582,TATACAP
2025-10-29 09:45:00+00:00,326.29998779296875,326.8500061035156,326.1000061035156,326.25,1183621,TATACAP
2025-10-30 03:45:00+00:00,325.54998779296875,326.3999938964844,325.1000061035156,325.95001220703125,0,TATACAP
2025-10-30 04:45:00+00:00,325.6499938964844,325.8500061035156,325.5,325.54998779296875,173225,TATACAP
2025-10-30 05:45:00+00:00,326.29998779296875,326.3500061035156,325.5,325.54998779296875,215900,TATACAP
2025-10-30 06:45:00+00:00,326.3500061035156,327.0,325.79998779296875,326.1499938964844,315481,TATACAP
2025-10-30 07:45:00+00:00,327.25,327.29998779296875,325.8500061035156,326.29998779296875,429811,TATACAP
2025-10-30 08:45:00+00:00,326.8500061035156,327.75,326.45001220703125,327.1499938964844,481707,TATACAP
2025-10-30 09:45:00+00:00,327.20001220703125,327.20001220703125,326.79998779296875,326.95001220703125,343733,TATACAP
2025-10-31 03:45:00+00:00,327.1499938964844,329.5,327.1000061035156,328.95001220703125,0,TATACAP
2025-10-31 04:45:00+00:00,325.5,327.25,325.29998779296875,327.1499938964844,417666,TATACAP
2025-10-31 05:45:00+00:00,325.75,325.95001220703125,325.5,325.54998779296875,234582,TATACAP
2025-10-31 06:45:00+00:00,326.8999938964844,327.3500061035156,325.54998779296875,325.70001220703125,424097,TATACAP
2025-10-31 07:45:00+00:00,327.1000061035156,327.29998779296875,326.3999938964844,326.95001220703125,391246,TATACAP
2025-10-31 08:45:00+00:00,327.0,328.5,326.5,327.1000061035156,1230940,TATACAP
2025-10-31 09:45:00+00:00,327.3999938964844,327.3999938964844,327.0,327.0,299431,TATACAP
2025-11-03 03:45:00+00:00,328.1499938964844,329.79998779296875,325.6000061035156,325.6000061035156,0,TATACAP
2025-11-03 04:45:00+00:00,328.75,331.5,327.95001220703125,328.0,1651162,TATACAP
2025-11-03 05:45:00+00:00,328.3999938964844,329.0,328.0,328.70001220703125,264268,TATACAP
2025-11-03 06:45:00+00:00,328.95001220703125,329.25,328.1000061035156,328.25,354590,TATACAP
2025-11-03 07:45:00+00:00,328.3999938964844,329.25,328.3999938964844,328.95001220703125,516306,TATACAP
2025-11-03 08:45:00+00:00,328.3500061035156,328.75,328.20001220703125,328.3999938964844,457875,TATACAP
2025-11-03 09:45:00+00:00,328.8500061035156,329.1499938964844,328.3500061035156,328.3500061035156,755116,TATACAP
2025-11-04 03:45:00+00:00,329.3999938964844,330.29998779296875,326.54998779296875,326.54998779296875,0,TATACAP
2025-11-04 04:45:00+00:00,330.1499938964844,330.1499938964844,328.29998779296875,329.3999938964844,540833,TATACAP
2025-11-04 05:45:00+00:00,329.6499938964844,330.3500061035156,329.45001220703125,330.04998779296875,1251826,TATACAP
2025-11-04 06:45:00+00:00,329.45001220703125,330.20001220703125,329.29998779296875,329.70001220703125,885727,TATACAP
2025-11-04 07:45:00+00:00,327.54998779296875,329.54998779296875,327.54998779296875,329.45001220703125,1298903,TATACAP
2025-11-04 08:45:00+00:00,328.29998779296875,328.3999938964844,327.45001220703125,327.54998779296875,767423,TATACAP
2025-11-04 09:45:00+00:00,329.29998779296875,330.1000061035156,328.20001220703125,328.25,631826,TATACAP
2025-11-06 03:45:00+00:00,325.45001220703125,327.8999938964844,325.20001220703125,327.6499938964844,0,TATACAP
2025-11-06 04:45:00+00:00,325.79998779296875,326.5,325.0,325.3999938964844,351180,TATACAP
2025-11-06 05:45:00+00:00,325.20001220703125,326.0,325.1000061035156,326.0,248062,TATACAP
2025-11-06 06:45:00+00:00,325.3999938964844,326.5,325.1499938964844,325.25,328383,TATACAP
2025-11-06 07:45:00+00:00,326.75,328.0,325.04998779296875,325.3999938964844,850004,TATACAP
2025-11-06 08:45:00+00:00,326.29998779296875,327.1499938964844,325.5,326.70001220703125,571027,TATACAP
2025-11-06 09:45:00+00:00,326.45001220703125,327.8999938964844,326.0,326.1000061035156,515911,TATACAP
2025-11-07 03:45:00+00:00,324.3999938964844,325.8999938964844,323.54998779296875,325.1000061035156,0,TATACAP
2025-11-07 04:45:00+00:00,322.70001220703125,324.3500061035156,322.3999938964844,324.1499938964844,816162,TATACAP
2025-11-07 05:45:00+00:00,321.8999938964844,323.6000061035156,321.5,322.6499938964844,774086,TATACAP
2025-11-07 06:45:00+00:00,321.5,321.8999938964844,320.79998779296875,321.8999938964844,826264,TATACAP
2025-11-07 07:45:00+00:00,321.70001220703125,322.95001220703125,320.3999938964844,321.5,839377,TATACAP
2025-11-07 08:45:00+00:00,322.8999938964844,323.45001220703125,321.3999938964844,321.70001220703125,1060232,TATACAP
2025-11-07 09:45:00+00:00,322.95001220703125,323.25,322.75,322.8999938964844,302781,TATACAP
2025-11-10 03:45:00+00:00,322.3999938964844,322.5,318.6499938964844,322.0,0,TATACAP
2025-11-10 04:45:00+00:00,325.1000061035156,325.95001220703125,322.1499938964844,322.3999938964844,755882,TATACAP
2025-11-10 05:45:00+00:00,325.04998779296875,325.20001220703125,323.75,325.1000061035156,436780,TATACAP
2025-11-10 06:45:00+00:00,325.04998779296875,325.20001220703125,324.6000061035156,325.1000061035156,294088,TATACAP
2025-11-10 07:45:00+00:00,325.0,325.29998779296875,324.70001220703125,325.1000061035156,368614,TATACAP
2025-11-10 08:45:00+00:00,324.6000061035156,325.25,324.45001220703125,325.0,402636,TATACAP
2025-11-10 09:45:00+00:00,324.0,325.04998779296875,324.0,324.6000061035156,362805,TATACAP
2025-11-11 03:45:00+00:00,324.95001220703125,325.3500061035156,322.6000061035156,324.04998779296875,0,TATACAP
2025-11-11 04:45:00+00:00,326.0,326.20001220703125,324.5,324.8999938964844,1000926,TATACAP
2025-11-11 05:45:00+00:00,325.8999938964844,326.25,325.45001220703125,326.04998779296875,270142,TATACAP
2025-11-11 06:45:00+00:00,325.6000061035156,326.0,325.25,325.8999938964844,132800,TATACAP
2025-11-11 07:45:00+00:00,325.20001220703125,325.8999938964844,325.1499938964844,325.6000061035156,163586,TATACAP
2025-11-11 08:45:00+00:00,325.79998779296875,325.8500061035156,325.0,325.3999938964844,379706,TATACAP
2025-11-11 09:45:00+00:00,325.1499938964844,326.0,325.1499938964844,325.70001220703125,371116,TATACAP
2025-11-12 03:45:00+00:00,325.0,326.0,323.79998779296875,325.75,0,TATACAP
2025-11-12 04:45:00+00:00,325.20001220703125,325.79998779296875,325.0,325.0,483120,TATACAP
2025-11-12 05:45:00+00:00,325.25,325.79998779296875,325.0,325.25,239172,TATACAP
2025-11-12 06:45:00+00:00,325.1000061035156,325.75,325.0,325.25,133605,TATACAP
2025-11-12 07:45:00+00:00,325.1499938964844,325.70001220703125,324.70001220703125,325.1000061035156,308466,TATACAP
2025-11-12 08:45:00+00:00,325.1499938964844,325.54998779296875,324.75,325.1000061035156,339940,TATACAP
2025-11-12 09:45:00+00:00,325.20001220703125,325.3500061035156,325.0,325.1499938964844,242510,TATACAP
2025-11-13 03:45:00+00:00,325.3999938964844,327.20001220703125,324.29998779296875,325.0,0,TATACAP
2025-11-13 04:45:00+00:00,325.0,326.04998779296875,324.6000061035156,325.54998779296875,595423,TATACAP
2025-11-13 05:45:00+00:00,324.54998779296875,325.3999938964844,324.3999938964844,325.04998779296875,680060,TATACAP
2025-11-13 06:45:00+00:00,325.0,325.20001220703125,324.25,324.79998779296875,444063,TATACAP
2025-11-13 07:45:00+00:00,324.8500061035156,325.1000061035156,324.25,325.0,376997,TATACAP
2025-11-13 08:45:00+00:00,323.54998779296875,325.0,323.29998779296875,324.8500061035156,817334,TATACAP
2025-11-13 09:45:00+00:00,323.5,324.04998779296875,323.45001220703125,323.5,233275,TATACAP
2025-11-14 03:45:00+00:00,323.5,325.0,322.79998779296875,324.5,0,TATACAP
2025-11-14 04:45:00+00:00,324.20001220703125,324.29998779296875,323.29998779296875,323.5,109106,TATACAP
2025-11-14 05:45:00+00:00,324.1000061035156,324.70001220703125,323.6000061035156,324.20001220703125,182138,TATACAP
2025-11-14 06:45:00+00:00,325.0,325.04998779296875,324.04998779296875,324.1499938964844,336716,TATACAP
2025-11-14 07:45:00+00:00,324.8999938964844,325.3500061035156,324.04998779296875,325.0,447995,TATACAP
2025-11-14 08:45:00+00:00,325.54998779296875,325.6499938964844,324.79998779296875,325.0,330931,TATACAP
2025-11-14 09:45:00+00:00,325.54998779296875,325.95001220703125,325.29998779296875,325.5,351790,TATACAP
2025-11-17 03:45:00+00:00,325.0,325.70001220703125,324.8999938964844,325.3999938964844,0,TATACAP
2025-11-17 04:45:00+00:00,325.04998779296875,325.3500061035156,324.8500061035156,325.0,258652,TATACAP
2025-11-17 05:45:00+00:00,325.1000061035156,325.45001220703125,324.8500061035156,325.04998779296875,414987,TATACAP
2025-11-17 06:45:00+00:00,325.0,325.25,324.8999938964844,325.20001220703125,213983,TATACAP
2025-11-17 07:45:00+00:00,325.0,325.1499938964844,324.5,325.1499938964844,307983,TATACAP
2025-11-17 08:45:00+00:00,325.0,325.20001220703125,324.6000061035156,325.04998779296875,354960,TATACAP
2025-11-17 09:45:00+00:00,325.04998779296875,325.20001220703125,324.79998779296875,325.1000061035156,253601,TATACAP
2025-11-18 03:45:00+00:00,322.04998779296875,324.79998779296875,321.79998779296875,324.79998779296875,0,TATACAP
2025-11-18 04:45:00+00:00,322.1000061035156,322.25,321.6000061035156,322.04998779296875,179202,TATACAP
2025-11-18 05:45:00+00:00,322.0,322.25,321.75,322.1499938964844,402611,TATACAP
2025-11-18 06:45:00+00:00,322.0,322.3500061035156,321.79998779296875,322.0,71736,TATACAP
2025-11-18 07:45:00+00:00,322.0,322.5,321.79998779296875,322.1000061035156,90864,TATACAP
2025-11-18 08:45:00+00:00,321.5,322.25,321.1000061035156,322.0,200093,TATACAP
2025-11-18 09:45:00+00:00,320.04998779296875,321.45001220703125,320.04998779296875,321.45001220703125,231241,TATACAP
2025-11-19 03:45:00+00:00,321.1000061035156,322.95001220703125,320.75,322.5,0,TATACAP
2025-11-19 04:45:00+00:00,320.8500061035156,321.3999938964844,320.20001220703125,321.1000061035156,225173,TATACAP
2025-11-19 05:45:00+00:00,320.70001220703125,321.0,320.29998779296875,320.8500061035156,127584,TATACAP
2025-11-19 06:45:00+00:00,319.20001220703125,320.75,319.0,320.75,2004490,TATACAP
2025-11-19 07:45:00+00:00,319.0,319.75,318.5,319.25,661570,TATACAP
2025-11-19 08:45:00+00:00,320.1000061035156,320.25,318.95001220703125,319.0,548702,TATACAP
2025-11-19 09:45:00+00:00,320.20001220703125,320.6000061035156,320.0,320.1000061035156,376141,TATACAP
2025-11-20 03:45:00+00:00,318.54998779296875,321.20001220703125,318.1000061035156,321.20001220703125,0,TATACAP
2025-11-20 04:45:00+00:00,318.3999938964844,318.75,318.0,318.54998779296875,508629,TATACAP
2025-11-20 05:45:00+00:00,318.8999938964844,319.0,318.04998779296875,318.45001220703125,229759,TATACAP
2025-11-20 06:45:00+00:00,318.75,319.20001220703125,318.3999938964844,318.8999938964844,338710,TATACAP
2025-11-20 07:45:00+00:00,319.25,319.3500061035156,318.5,318.75,239530,TATACAP
2025-11-20 08:45:00+00:00,318.5,319.3999938964844,318.5,319.25,139849,TATACAP
2025-11-20 09:45:00+00:00,318.5,318.79998779296875,318.5,318.6000061035156,171013,TATACAP
2025-11-21 03:45:00+00:00,316.0,319.0,315.1000061035156,318.95001220703125,0,TATACAP
2025-11-21 04:45:00+00:00,316.5,316.75,315.70001220703125,316.0,192267,TATACAP
2025-11-21 05:45:00+00:00,317.04998779296875,317.25,316.5,316.5,155207,TATACAP
2025-11-21 06:45:00+00:00,317.0,317.70001220703125,316.6499938964844,317.04998779296875,279666,TATACAP
2025-11-21 07:45:00+00:00,316.6000061035156,317.25,316.3500061035156,317.04998779296875,107774,TATACAP
2025-11-21 08:45:00+00:00,317.3999938964844,317.3999938964844,316.45001220703125,316.6499938964844,374991,TATACAP
2025-11-21 09:45:00+00:00,315.8500061035156,317.5,315.8500061035156,317.25,195142,TATACAP
2025-11-24 03:45:00+00:00,323.20001220703125,323.75,316.75,316.75,0,TATACAP
2025-11-24 04:45:00+00:00,321.95001220703125,323.1000061035156,321.25,322.8500061035156,276119,TATACAP
2025-11-24 05:45:00+00:00,320.70001220703125,321.95001220703125,320.29998779296875,321.95001220703125,415089,TATACAP
2025-11-24 06:45:00+00:00,319.79998779296875,320.70001220703125,319.70001220703125,320.6000061035156,294897,TATACAP
2025-11-24 07:45:00+00:00,319.04998779296875,319.79998779296875,318.95001220703125,319.79998779296875,354983,TATACAP
2025-11-24 08:45:00+00:00,318.8999938964844,319.6000061035156,318.0,319.1000061035156,1098256,TATACAP
2025-11-24 09:45:00+00:00,320.45001220703125,320.45001220703125,318.75,318.95001220703125,248826,TATACAP
2025-11-25 03:45:00+00:00,325.0,325.5,320.0,320.0,0,TATACAP
2025-11-25 04:45:00+00:00,325.6000061035156,326.5,324.70001220703125,325.0,437235,TATACAP
2025-11-25 05:45:00+00:00,325.0,325.6499938964844,324.79998779296875,325.6000061035156,161505,TATACAP
2025-11-25 06:45:00+00:00,325.25,325.5,324.45001220703125,324.95001220703125,200471,TATACAP
2025-11-25 07:45:00+00:00,325.3500061035156,325.3999938964844,325.0,325.20001220703125,142151,TATACAP
2025-11-25 08:45:00+00:00,325.0,325.3999938964844,324.8500061035156,325.1499938964844,246808,TATACAP
2025-11-25 09:45:00+00:00,324.8999938964844,325.20001220703125,324.79998779296875,325.04998779296875,212515,TATACAP
2025-11-26 03:45:00+00:00,324.70001220703125,327.79998779296875,324.0,325.95001220703125,0,TATACAP
2025-11-26 04:45:00+00:00,324.45001220703125,325.20001220703125,324.04998779296875,324.70001220703125,164622,TATACAP
2025-11-26 05:45:00+00:00,324.95001220703125,325.95001220703125,324.04998779296875,324.45001220703125,368021,TATACAP
2025-11-26 06:45:00+00:00,325.0,325.1499938964844,324.3999938964844,324.95001220703125,461390,TATACAP
2025-11-26 07:45:00+00:00,324.8500061035156,325.20001220703125,324.29998779296875,325.1000061035156,225582,TATACAP
2025-11-26 08:45:00+00:00,324.75,325.25,324.6000061035156,324.75,270178,TATACAP
2025-11-26 09:45:00+00:00,324.1499938964844,324.8999938964844,323.8999938964844,324.79998779296875,258489,TATACAP
2025-11-27 03:45:00+00:00,323.95001220703125,326.5,323.6000061035156,324.95001220703125,0,TATACAP
2025-11-27 04:45:00+00:00,324.29998779296875,324.5,323.79998779296875,324.04998779296875,90525,TATACAP
2025-11-27 05:45:00+00:00,324.6499938964844,325.3500061035156,324.04998779296875,324.29998779296875,147410,TATACAP
2025-11-27 06:45:00+00:00,324.5,325.0,324.1499938964844,324.45001220703125,104267,TATACAP
2025-11-27 07:45:00+00:00,324.6499938964844,325.25,324.45001220703125,324.5,105943,TATACAP
2025-11-27 08:45:00+00:00,324.70001220703125,325.0,324.6000061035156,324.6499938964844,95079,TATACAP
2025-11-27 09:45:00+00:00,324.25,325.1499938964844,324.25,324.70001220703125,112695,TATACAP
2025-11-28 03:45:00+00:00,327.79998779296875,328.6000061035156,324.0,324.0,0,TATACAP
2025-11-28 04:45:00+00:00,329.79998779296875,330.6499938964844,327.45001220703125,327.79998779296875,1681383,TATACAP
2025-11-28 05:45:00+00:00,329.1000061035156,330.20001220703125,328.70001220703125,329.75,637177,TATACAP
2025-11-28 06:45:00+00:00,328.75,329.25,328.54998779296875,329.1000061035156,288656,TATACAP
2025-11-28 07:45:00+00:00,327.29998779296875,328.75,327.1499938964844,328.75,2389511,TATACAP
2025-11-28 08:45:00+00:00,328.0,328.5,327.0,327.29998779296875,402398,TATACAP
2025-11-28 09:45:00+00:00,327.6000061035156,328.25,327.1000061035156,327.95001220703125,377930,TATACAP
2025-12-01 03:45:00+00:00,326.0,327.70001220703125,324.8999938964844,327.0,0,TATACAP
2025-12-01 04:45:00+00:00,325.8500061035156,326.29998779296875,325.75,326.0,156757,TATACAP
2025-12-01 05:45:00+00:00,323.6000061035156,326.04998779296875,323.5,325.8500061035156,213898,TATACAP
2025-12-01 06:45:00+00:00,323.3999938964844,324.8500061035156,323.1499938964844,323.6000061035156,111388,TATACAP
2025-12-01 07:45:00+00:00,323.3500061035156,323.54998779296875,322.5,323.54998779296875,165337,TATACAP
2025-12-01 08:45:00+00:00,323.0,323.45001220703125,322.8999938964844,323.20001220703125,125341,TATACAP
2025-12-01 09:45:00+00:00,323.20001220703125,323.3999938964844,322.70001220703125,323.0,187812,TATACAP
2025-12-02 03:45:00+00:00,322.20001220703125,324.25,321.6499938964844,322.70001220703125,0,TATACAP
2025-12-02 04:45:00+00:00,321.3999938964844,322.3999938964844,320.75,322.20001220703125,281108,TATACAP
2025-12-02 05:45:00+00:00,321.3999938964844,321.79998779296875,320.8500061035156,321.5,91889,TATACAP
2025-12-02 06:45:00+00:00,321.3500061035156,321.79998779296875,320.95001220703125,321.3999938964844,96390,TATACAP
2025-12-02 07:45:00+00:00,321.79998779296875,322.29998779296875,321.20001220703125,321.3500061035156,88940,TATACAP
2025-12-02 08:45:00+00:00,322.29998779296875,322.6499938964844,321.5,321.75,144662,TATACAP
2025-12-02 09:45:00+00:00,321.1000061035156,322.3500061035156,321.1000061035156,322.29998779296875,97521,TATACAP
2025-12-03 03:45:00+00:00,321.1000061035156,321.79998779296875,319.8999938964844,321.04998779296875,0,TATACAP
2025-12-03 04:45:00+00:00,321.20001220703125,322.25,320.8999938964844,321.1499938964844,174541,TATACAP
2025-12-03 05:45:00+00:00,323.1000061035156,323.29998779296875,321.0,321.29998779296875,157498,TATACAP
2025-12-03 06:45:00+00:00,322.54998779296875,323.25,322.5,323.1000061035156,378771,TATACAP
2025-12-03 07:45:00+00:00,322.6000061035156,322.8999938964844,322.3999938964844,322.54998779296875,83466,TATACAP
2025-12-03 08:45:00+00:00,322.70001220703125,323.0,322.45001220703125,322.6000061035156,156180,TATACAP
2025-12-03 09:45:00+00:00,322.6000061035156,322.75,321.79998779296875,322.70001220703125,164308,TATACAP
2025-12-04 03:45:00+00:00,322.45001220703125,322.95001220703125,321.29998779296875,322.0,0,TATACAP
2025-12-04 04:45:00+00:00,322.25,322.75,321.8999938964844,322.25,104201,TATACAP
2025-12-04 05:45:00+00:00,322.29998779296875,322.6000061035156,321.8999938964844,322.1499938964844,90209,TATACAP
2025-12-04 06:45:00+00:00,321.75,322.75,321.5,322.5,141493,TATACAP
2025-12-04 07:45:00+00:00,322.79998779296875,322.95001220703125,321.5,321.8999938964844,188837,TATACAP
2025-12-04 08:45:00+00:00,321.8500061035156,322.79998779296875,321.75,322.75,125906,TATACAP
2025-12-04 09:45:00+00:00,322.25,322.79998779296875,321.6499938964844,321.8500061035156,140821,TATACAP
2025-12-05 03:45:00+00:00,323.5,325.5,322.1000061035156,322.1000061035156,0,TATACAP
2025-12-05 04:45:00+00:00,326.6000061035156,327.70001220703125,323.25,323.5,858595,TATACAP
2025-12-05 05:45:00+00:00,326.29998779296875,327.1499938964844,325.5,326.6000061035156,244940,TATACAP
2025-12-05 06:45:00+00:00,326.29998779296875,327.8999938964844,326.1000061035156,326.3500061035156,279252,TATACAP
2025-12-05 07:45:00+00:00,325.70001220703125,326.5,325.5,326.3500061035156,151734,TATACAP
2025-12-05 08:45:00+00:00,325.1000061035156,325.79998779296875,325.1000061035156,325.6000061035156,125388,TATACAP
2025-12-05 09:45:00+00:00,325.25,325.75,325.04998779296875,325.1499938964844,152594,TATACAP
2025-12-08 03:45:00+00:00,322.95001220703125,327.1000061035156,322.5,325.95001220703125,0,TATACAP
2025-12-08 04:45:00+00:00,322.6000061035156,323.5,322.1499938964844,322.95001220703125,126867,TATACAP
2025-12-08 05:45:00+00:00,323.79998779296875,323.95001220703125,321.75,322.75,112754,TATACAP
2025-12-08 06:45:00+00:00,325.0,325.54998779296875,323.79998779296875,323.95001220703125,286876,TATACAP
2025-12-08 07:45:00+00:00,323.0,325.54998779296875,322.95001220703125,325.0,279138,TATACAP
2025-12-08 08:45:00+00:00,322.79998779296875,323.20001220703125,321.95001220703125,322.8999938964844,239100,TATACAP
2025-12-08 09:45:00+00:00,323.5,323.5,322.0,322.79998779296875,165370,TATACAP
2025-12-09 03:45:00+00:00,321.3999938964844,324.0,320.1499938964844,324.0,0,TATACAP
2025-12-09 04:45:00+00:00,324.20001220703125,324.3999938964844,321.29998779296875,321.45001220703125,206656,TATACAP
2025-12-09 05:45:00+00:00,326.1000061035156,326.5,323.54998779296875,324.20001220703125,276843,TATACAP
2025-12-09 06:45:00+00:00,326.6000061035156,326.95001220703125,325.79998779296875,326.04998779296875,271644,TATACAP
2025-12-09 07:45:00+00:00,326.3500061035156,326.79998779296875,325.8999938964844,326.5,200000,TATACAP
2025-12-09 08:45:00+00:00,326.20001220703125,326.79998779296875,323.0,326.1000061035156,238125,TATACAP
2025-12-09 09:45:00+00:00,326.6000061035156,327.04998779296875,326.1000061035156,326.3500061035156,255951,TATACAP
2025-12-10 03:45:00+00:00,328.5,328.75,326.0,326.0,0,TATACAP
2025-12-10 04:45:00+00:00,327.70001220703125,328.5,327.5,328.5,386516,TATACAP
2025-12-10 05:45:00+00:00,326.1499938964844,328.3500061035156,326.0,327.79998779296875,716916,TATACAP
2025-12-10 06:45:00+00:00,326.1499938964844,326.3999938964844,325.79998779296875,326.1000061035156,84096,TATACAP
2025-12-10 07:45:00+00:00,326.3500061035156,327.0,325.79998779296875,326.1499938964844,133492,TATACAP
2025-12-10 08:45:00+00:00,325.5,326.95001220703125,325.0,326.3500061035156,176573,TATACAP
2025-12-10 09:45:00+00:00,324.6499938964844,325.5,324.1000061035156,325.3999938964844,158729,TATACAP
2025-12-11 03:45:00+00:00,325.6000061035156,325.95001220703125,324.0,324.5,0,TATACAP
2025-12-11 04:45:00+00:00,325.3999938964844,326.20001220703125,325.1000061035156,325.6000061035156,96031,TATACAP
2025-12-11 05:45:00+00:00,325.54998779296875,325.70001220703125,325.04998779296875,325.3999938964844,55834,TATACAP
2025-12-11 06:45:00+00:00,325.20001220703125,326.04998779296875,325.04998779296875,325.6499938964844,115168,TATACAP
2025-12-11 07:45:00+00:00,326.45001220703125,326.70001220703125,325.0,325.20001220703125,89991,TATACAP
2025-12-11 08:45:00+00:00,326.0,326.6000061035156,325.70001220703125,326.3500061035156,167607,TATACAP
2025-12-11 09:45:00+00:00,326.25,326.25,325.8999938964844,326.0,191590,TATACAP
2025-12-12 03:45:00+00:00,326.04998779296875,327.25,325.6000061035156,326.20001220703125,0,TATACAP
2025-12-12 04:45:00+00:00,325.75,326.25,325.54998779296875,326.1000061035156,109424,TATACAP
2025-12-12 05:45:00+00:00,325.75,326.1000061035156,325.54998779296875,325.8500061035156,78042,TATACAP
2025-12-12 06:45:00+00:00,325.70001220703125,325.95001220703125,325.5,325.6000061035156,69938,TATACAP
2025-12-12 07:45:00+00:00,325.5,326.29998779296875,325.0,325.6499938964844,98290,TATACAP
2025-12-12 08:45:00+00:00,325.1000061035156,325.5,324.45001220703125,325.45001220703125,220558,TATACAP
2025-12-12 09:45:00+00:00,324.5,325.1000061035156,323.70001220703125,325.0,113988,TATACAP
2025-12-15 03:45:00+00:00,322.20001220703125,323.8500061035156,321.29998779296875,323.54998779296875,0,TATACAP
2025-12-15 04:45:00+00:00,322.5,323.0,321.75,322.0,97558,TATACAP
2025-12-15 05:45:00+00:00,322.79998779296875,322.8999938964844,322.20001220703125,322.5,74324,TATACAP
2025-12-15 06:45:00+00:00,322.5,322.79998779296875,322.25,322.79998779296875,46295,TATACAP
2025-12-15 07:45:00+00:00,322.6000061035156,322.8500061035156,322.45001220703125,322.5,59255,TATACAP
2025-12-15 08:45:00+00:00,322.6000061035156,323.3500061035156,322.29998779296875,322.6000061035156,115808,TATACAP
2025-12-15 09:45:00+00:00,323.0,323.25,322.45001220703125,322.6499938964844,73922,TATACAP
2025-12-16 03:45:00+00:00,325.25,329.20001220703125,322.0,322.0,404656,TATACAP
2025-12-16 04:45:00+00:00,325.6000061035156,325.95001220703125,323.8500061035156,325.25,191509,TATACAP
2025-12-16 05:45:00+00:00,325.1499938964844,325.95001220703125,325.0,325.3500061035156,145585,TATACAP
2025-12-16 06:45:00+00:00,324.95001220703125,325.6000061035156,324.6000061035156,324.8999938964844,119313,TATACAP
2025-12-16 07:45:00+00:00,326.29998779296875,326.79998779296875,324.54998779296875,324.8999938964844,190953,TATACAP
2025-12-16 08:45:00+00:00,326.45001220703125,326.6499938964844,325.8500061035156,326.5,265875,TATACAP
2025-12-16 09:45:00+00:00,326.5,326.70001220703125,325.8500061035156,326.3500061035156,171022,TATACAP
2025-12-17 03:45:00+00:00,326.8999938964844,329.0,326.20001220703125,326.20001220703125,0,TATACAP
2025-12-17 04:45:00+00:00,326.8999938964844,327.20001220703125,326.45001220703125,327.1000061035156,180019,TATACAP
2025-12-17 05:45:00+00:00,326.29998779296875,327.0,326.0,326.8999938964844,106458,TATACAP
2025-12-17 06:45:00+00:00,326.3999938964844,326.5,326.0,326.3999938964844,98378,TATACAP
2025-12-17 07:45:00+00:00,326.29998779296875,326.3999938964844,326.0,326.3999938964844,115163,TATACAP
2025-12-17 08:45:00+00:00,326.75,326.79998779296875,326.04998779296875,326.29998779296875,180373,TATACAP
2025-12-17 09:45:00+00:00,326.25,326.8999938964844,325.25,326.6499938964844,126911,TATACAP
2025-12-18 03:45:00+00:00,323.75,324.8500061035156,322.75,324.6000061035156,0,TATACAP
2025-12-18 04:45:00+00:00,323.1000061035156,324.29998779296875,322.54998779296875,323.70001220703125,93782,TATACAP
2025-12-18 05:45:00+00:00,325.5,325.95001220703125,322.6000061035156,322.75,144478,TATACAP
2025-12-18 06:45:00+00:00,325.6000061035156,325.79998779296875,325.04998779296875,325.29998779296875,55033,TATACAP
2025-12-18 07:45:00+00:00,325.1499938964844,325.6499938964844,325.0,325.54998779296875,71281,TATACAP
2025-12-18 08:45:00+00:00,324.45001220703125,325.25,324.29998779296875,325.1499938964844,88799,TATACAP
2025-12-18 09:45:00+00:00,323.54998779296875,324.5,323.54998779296875,324.45001220703125,51595,TATACAP
2025-12-19 03:45:00+00:00,322.3500061035156,324.6000061035156,322.20001220703125,324.45001220703125,0,TATACAP
2025-12-19 04:45:00+00:00,323.79998779296875,324.04998779296875,322.1499938964844,322.25,135346,TATACAP
2025-12-19 05:45:00+00:00,323.79998779296875,323.95001220703125,323.25,323.75,75392,TATACAP
2025-12-19 06:45:00+00:00,323.54998779296875,324.29998779296875,323.45001220703125,323.8999938964844,96851,TATACAP
2025-12-19 07:45:00+00:00,323.1000061035156,323.75,322.75,323.54998779296875,95082,TATACAP
2025-12-19 08:45:00+00:00,323.95001220703125,324.3999938964844,322.95001220703125,323.04998779296875,154633,TATACAP
2025-12-19 09:45:00+00:00,324.0,324.3999938964844,323.5,323.95001220703125,94205,TATACAP
2025-12-22 03:45:00+00:00,328.0,331.95001220703125,324.1000061035156,324.1000061035156,770820,TATACAP
2025-12-22 04:45:00+00:00,327.1499938964844,328.3500061035156,326.70001220703125,328.0,372993,TATACAP
2025-12-22 05:45:00+00:00,329.1000061035156,329.3999938964844,326.79998779296875,327.0,505576,TATACAP
2025-12-22 06:45:00+00:00,329.95001220703125,331.1499938964844,328.8500061035156,329.1499938964844,1020986,TATACAP
2025-12-22 07:45:00+00:00,329.6000061035156,330.45001220703125,329.20001220703125,329.95001220703125,510880,TATACAP
2025-12-22 08:45:00+00:00,329.79998779296875,330.20001220703125,329.20001220703125,329.70001220703125,596711,TATACAP
2025-12-22 09:45:00+00:00,330.1000061035156,330.1000061035156,329.79998779296875,330.0,341661,TATACAP
2025-12-23 03:45:00+00:00,342.0,343.5,329.5,329.95001220703125,157345,TATACAP
2025-12-23 04:45:00+00:00,344.70001220703125,345.0,340.54998779296875,341.8999938964844,1746987,TATACAP
2025-12-23 05:45:00+00:00,345.54998779296875,348.1499938964844,342.70001220703125,344.79998779296875,2362660,TATACAP
2025-12-23 06:45:00+00:00,345.20001220703125,347.04998779296875,344.20001220703125,345.54998779296875,748833,TATACAP
2025-12-23 07:45:00+00:00,343.45001220703125,346.0,343.1499938964844,345.45001220703125,613680,TATACAP
2025-12-23 08:45:00+00:00,344.1000061035156,345.1000061035156,342.6000061035156,343.3999938964844,977561,TATACAP
2025-12-23 09:45:00+00:00,344.8500061035156,345.0,343.29998779296875,343.8999938964844,563712,TATACAP
2025-12-24 03:45:00+00:00,351.04998779296875,354.3500061035156,345.5,346.20001220703125,0,TATACAP
2025-12-24 04:45:00+00:00,353.04998779296875,354.8500061035156,350.20001220703125,351.0,1502769,TATACAP
2025-12-24 05:45:00+00:00,349.75,355.0,349.0,353.1000061035156,2245496,TATACAP
2025-12-24 06:45:00+00:00,344.79998779296875,349.8999938964844,344.20001220703125,349.6000061035156,1687606,TATACAP
2025-12-24 07:45:00+00:00,343.29998779296875,344.8999938964844,342.8999938964844,344.54998779296875,460745,TATACAP
2025-12-24 08:45:00+00:00,343.95001220703125,344.3500061035156,341.75,343.5,707353,TATACAP
2025-12-24 09:45:00+00:00,343.0,344.0,342.3999938964844,343.8999938964844,422722,TATACAP
2025-12-26 03:45:00+00:00,341.79998779296875,347.75,341.25,343.95001220703125,0,TATACAP
2025-12-26 04:45:00+00:00,338.6000061035156,341.8500061035156,338.45001220703125,341.79998779296875,928189,TATACAP
2025-12-26 05:45:00+00:00,339.3999938964844,339.8999938964844,338.3500061035156,338.8500061035156,246241,TATACAP
2025-12-26 06:45:00+00:00,339.79998779296875,340.5,339.0,339.20001220703125,235266,TATACAP
2025-12-26 07:45:00+00:00,339.5,340.0,339.25,340.0,134820,TATACAP
2025-12-26 08:45:00+00:00,338.04998779296875,339.5,337.5,339.3999938964844,186262,TATACAP
2025-12-26 09:45:00+00:00,339.0,339.5,337.95001220703125,338.1000061035156,197762,TATACAP
2025-12-29 03:45:00+00:00,335.45001220703125,339.0,334.6499938964844,339.0,0,TATACAP
2025-12-29 04:45:00+00:00,334.70001220703125,335.75,332.75,335.45001220703125,664855,TATACAP
2025-12-29 05:45:00+00:00,333.45001220703125,334.8999938964844,332.1000061035156,334.54998779296875,1655694,TATACAP
2025-12-29 06:45:00+00:00,333.6000061035156,335.5,332.70001220703125,333.5,2243222,TATACAP
2025-12-29 07:45:00+00:00,335.1000061035156,336.3999938964844,333.0,333.5,222664,TATACAP
2025-12-29 08:45:00+00:00,337.70001220703125,338.0,335.0,335.0,384998,TATACAP
2025-12-29 09:45:00+00:00,338.1000061035156,338.3500061035156,337.1000061035156,337.70001220703125,205416,TATACAP
2025-12-30 03:45:00+00:00,336.5,339.20001220703125,335.54998779296875,337.20001220703125,0,TATACAP
2025-12-30 04:45:00+00:00,335.3500061035156,337.70001220703125,335.0,336.5,392781,TATACAP
2025-12-30 05:45:00+00:00,335.75,336.3999938964844,334.25,335.25,173790,TATACAP
2025-12-30 06:45:00+00:00,336.20001220703125,336.45001220703125,335.6499938964844,335.75,131035,TATACAP
2025-12-30 07:45:00+00:00,336.3500061035156,336.75,336.0,336.04998779296875,117343,TATACAP
2025-12-30 08:45:00+00:00,336.20001220703125,336.75,336.0,336.3500061035156,187257,TATACAP
2025-12-30 09:45:00+00:00,337.0,337.5,336.20001220703125,336.20001220703125,137812,TATACAP
2025-12-31 03:45:00+00:00,340.79998779296875,341.6000061035156,336.0,336.0,0,TATACAP
2025-12-31 04:45:00+00:00,340.6499938964844,341.6499938964844,340.1499938964844,340.95001220703125,156422,TATACAP
2025-12-31 05:45:00+00:00,343.6499938964844,343.79998779296875,340.3999938964844,340.6499938964844,271728,TATACAP
2025-12-31 06:45:00+00:00,343.1000061035156,343.79998779296875,342.75,343.70001220703125,175781,TATACAP
2025-12-31 07:45:00+00:00,342.8999938964844,344.0,340.8999938964844,343.1499938964844,1541243,TATACAP
2025-12-31 08:45:00+00:00,341.0,344.20001220703125,341.0,342.75,764379,TATACAP
2025-12-31 09:45:00+00:00,341.8500061035156,345.0,340.0,341.1499938964844,1037729,TATACAP
2026-01-01 03:45:00+00:00,343.0,343.8500061035156,341.0,342.70001220703125,0,TATACAP
2026-01-01 04:45:00+00:00,342.95001220703125,344.45001220703125,342.6000061035156,343.04998779296875,231033,TATACAP
2026-01-01 05:45:00+00:00,341.1000061035156,343.6499938964844,341.0,343.20001220703125,112421,TATACAP
2026-01-01 06:45:00+00:00,342.25,343.29998779296875,341.0,341.1000061035156,120968,TATACAP
2026-01-01 07:45:00+00:00,342.3500061035156,343.0,342.1000061035156,342.3500061035156,88928,TATACAP
2026-01-01 08:45:00+00:00,340.0,342.75,339.3999938964844,342.54998779296875,272385,TATACAP
2026-01-01 09:45:00+00:00,341.5,341.79998779296875,340.0,340.1000061035156,227269,TATACAP
2026-01-02 03:45:00+00:00,353.6499938964844,354.3500061035156,341.45001220703125,341.6499938964844,577515,TATACAP
2026-01-02 04:45:00+00:00,351.3999938964844,353.79998779296875,349.6499938964844,353.5,1369686,TATACAP
2026-01-02 05:45:00+00:00,353.1499938964844,354.5,350.6499938964844,351.45001220703125,1076567,TATACAP
2026-01-02 06:45:00+00:00,356.3500061035156,357.0,351.70001220703125,353.3999938964844,2142311,TATACAP
2026-01-02 07:45:00+00:00,356.8999938964844,357.1499938964844,355.45001220703125,356.5,1220821,TATACAP
2026-01-02 08:45:00+00:00,357.45001220703125,357.54998779296875,356.3500061035156,356.95001220703125,978077,TATACAP
2026-01-02 09:45:00+00:00,361.3999938964844,361.79998779296875,357.25,357.3999938964844,2279262,TATACAP
2026-01-05 03:45:00+00:00,355.6499938964844,362.79998779296875,354.6000061035156,359.54998779296875,0,TATACAP
2026-01-05 04:45:00+00:00,354.8500061035156,357.1000061035156,353.0,355.6499938964844,615128,TATACAP
2026-01-05 05:45:00+00:00,358.8500061035156,359.25,354.25,354.6000061035156,529520,TATACAP
2026-01-05 06:45:00+00:00,360.0,363.0,358.20001220703125,358.8999938964844,968211,TATACAP
2026-01-05 07:45:00+00:00,358.1000061035156,360.8500061035156,357.6499938964844,360.0,608876,TATACAP
2026-01-05 08:45:00+00:00,359.8999938964844,360.1000061035156,357.95001220703125,358.1499938964844,436756,TATACAP
2026-01-05 09:45:00+00:00,359.6000061035156,360.1499938964844,359.0,359.95001220703125,378971,TATACAP
2026-01-06 03:45:00+00:00,357.95001220703125,360.70001220703125,356.79998779296875,359.0,0,TATACAP
2026-01-06 04:45:00+00:00,357.20001220703125,359.8500061035156,357.1000061035156,357.95001220703125,226333,TATACAP
2026-01-06 05:45:00+00:00,359.75,359.95001220703125,357.1499938964844,357.45001220703125,268752,TATACAP
2026-01-06 06:45:00+00:00,361.70001220703125,362.6499938964844,359.75,359.75,1069786,TATACAP
2026-01-06 07:45:00+00:00,361.8999938964844,362.25,361.3500061035156,361.95001220703125,718727,TATACAP
2026-01-06 08:45:00+00:00,361.70001220703125,363.0,360.1000061035156,361.75,876969,TATACAP
2026-01-06 09:45:00+00:00,360.79998779296875,361.95001220703125,360.75,361.70001220703125,281995,TATACAP
2026-01-07 03:45:00+00:00,357.79998779296875,360.1499938964844,354.54998779296875,358.0,67566,TATACAP
2026-01-07 04:45:00+00:00,357.45001220703125,358.25,356.8999938964844,358.0,1446227,TATACAP
2026-01-07 05:45:00+00:00,357.0,358.29998779296875,356.79998779296875,357.45001220703125,1256618,TATACAP
2026-01-07 06:45:00+00:00,357.95001220703125,358.79998779296875,356.95001220703125,357.1499938964844,1462054,TATACAP
2026-01-07 07:45:00+00:00,360.29998779296875,362.0,357.25,358.0,1089728,TATACAP
2026-01-07 08:45:00+00:00,359.5,363.0,359.45001220703125,360.29998779296875,1527170,TATACAP
2026-01-07 09:45:00+00:00,360.95001220703125,361.29998779296875,358.8500061035156,359.5,432304,TATACAP
2026-01-08 03:45:00+00:00,358.0,364.5,357.1000061035156,360.04998779296875,0,TATACAP
2026-01-08 04:45:00+00:00,357.1499938964844,359.6499938964844,356.5,358.0,554488,TATACAP
2026-01-08 05:45:00+00:00,357.20001220703125,357.79998779296875,355.5,357.1499938964844,869262,TATACAP
2026-01-08 06:45:00+00:00,357.6000061035156,359.79998779296875,356.8500061035156,357.20001220703125,768748,TATACAP
2026-01-08 07:45:00+00:00,356.8999938964844,357.3999938964844,356.25,357.3999938964844,455175,TATACAP
2026-01-08 08:45:00+00:00,353.95001220703125,357.0,353.6499938964844,356.8999938964844,713582,TATACAP
2026-01-08 09:45:00+00:00,354.5,357.0,353.45001220703125,353.95001220703125,548775,TATACAP
2026-01-09 03:45:00+00:00,359.1000061035156,360.20001220703125,352.0,352.95001220703125,0,TATACAP
2026-01-09 04:45:00+00:00,359.8500061035156,361.0,359.0,359.20001220703125,604262,TATACAP
2026-01-09 05:45:00+00:00,360.70001220703125,361.0,358.45001220703125,359.8999938964844,491200,TATACAP
2026-01-09 06:45:00+00:00,362.6000061035156,363.0,360.45001220703125,360.54998779296875,813803,TATACAP
2026-01-09 07:45:00+00:00,360.5,363.8999938964844,360.0,362.54998779296875,793480,TATACAP
2026-01-09 08:45:00+00:00,360.0,360.79998779296875,358.25,360.5,513758,TATACAP
2026-01-09 09:45:00+00:00,360.3999938964844,360.95001220703125,359.3999938964844,359.8999938964844,391844,TATACAP
2026-01-12 03:45:00+00:00,352.70001220703125,359.8500061035156,348.6499938964844,359.8500061035156,0,TATACAP
2026-01-12 04:45:00+00:00,352.3999938964844,355.0,351.79998779296875,352.45001220703125,604883,TATACAP
2026-01-12 05:45:00+00:00,351.70001220703125,354.8999938964844,350.3999938964844,352.5,1257161,TATACAP
2026-01-12 06:45:00+00:00,354.95001220703125,356.0,350.95001220703125,351.70001220703125,777510,TATACAP
2026-01-12 07:45:00+00:00,351.95001220703125,356.0,351.5,354.95001220703125,458223,TATACAP
2026-01-12 08:45:00+00:00,347.04998779296875,353.20001220703125,347.0,351.8999938964844,760083,TATACAP
2026-01-12 09:45:00+00:00,349.04998779296875,353.79998779296875,346.1000061035156,347.04998779296875,778655,TATACAP
2026-01-13 03:45:00+00:00,353.20001220703125,356.54998779296875,351.0,352.04998779296875,0,TATACAP
2026-01-13 04:45:00+00:00,354.3500061035156,356.1000061035156,353.04998779296875,353.20001220703125,182252,TATACAP
2026-01-13 05:45:00+00:00,354.5,356.70001220703125,354.1499938964844,354.54998779296875,159105,TATACAP
2026-01-13 06:45:00+00:00,353.75,355.5,353.29998779296875,354.3999938964844,136111,TATACAP
2026-01-13 07:45:00+00:00,349.3999938964844,353.75,349.1499938964844,353.70001220703125,496241,TATACAP
2026-01-13 08:45:00+00:00,348.8500061035156,350.45001220703125,347.6000061035156,349.3999938964844,642657,TATACAP
2026-01-13 09:45:00+00:00,348.6499938964844,350.8999938964844,348.3500061035156,348.70001220703125,290034,TATACAP
2026-01-14 03:45:00+00:00,353.0,355.0,348.6499938964844,349.8999938964844,0,TATACAP
2026-01-14 04:45:00+00:00,353.6000061035156,357.45001220703125,353.0,353.0,317255,TATACAP
2026-01-14 05:45:00+00:00,354.70001220703125,355.25,353.54998779296875,353.54998779296875,262367,TATACAP
2026-01-14 06:45:00+00:00,355.8999938964844,356.79998779296875,353.75,354.70001220703125,404823,TATACAP
2026-01-14 07:45:00+00:00,356.1000061035156,357.8500061035156,355.3999938964844,355.8999938964844,528550,TATACAP
2026-01-14 08:45:00+00:00,354.3500061035156,356.8500061035156,354.1499938964844,356.1000061035156,403181,TATACAP
2026-01-14 09:45:00+00:00,355.5,355.79998779296875,354.04998779296875,354.20001220703125,128274,TATACAP
2026-01-16 03:45:00+00:00,357.70001220703125,357.95001220703125,354.0,354.79998779296875,0,TATACAP
2026-01-16 04:45:00+00:00,358.6499938964844,361.5,357.6000061035156,357.8999938964844,378994,TATACAP
2026-01-16 05:45:00+00:00,358.3500061035156,359.0,357.20001220703125,358.6499938964844,153849,TATACAP
2026-01-16 06:45:00+00:00,359.5,360.45001220703125,356.29998779296875,358.29998779296875,866056,TATACAP
2026-01-16 07:45:00+00:00,358.5,360.0,357.25,359.5,661602,TATACAP
2026-01-16 08:45:00+00:00,359.6000061035156,359.95001220703125,358.0,358.3500061035156,713575,TATACAP
2026-01-16 09:45:00+00:00,358.04998779296875,359.6000061035156,357.6000061035156,359.6000061035156,158741,TATACAP
2026-01-19 03:45:00+00:00,359.1499938964844,364.45001220703125,357.75,362.0,0,TATACAP
2026-01-19 04:45:00+00:00,358.95001220703125,359.3999938964844,357.3500061035156,359.1499938964844,219199,TATACAP
2026-01-19 05:45:00+00:00,358.6499938964844,359.3500061035156,358.0,359.3500061035156,197509,TATACAP
2026-01-19 06:45:00+00:00,358.79998779296875,359.04998779296875,357.5,358.79998779296875,314515,TATACAP
2026-01-19 07:45:00+00:00,360.29998779296875,361.5,358.20001220703125,358.79998779296875,504796,TATACAP
2026-01-19 08:45:00+00:00,360.75,362.3999938964844,359.25,360.3500061035156,583426,TATACAP
2026-01-19 09:45:00+00:00,360.25,360.8999938964844,359.0,360.70001220703125,226173,TATACAP
2026-01-20 03:45:00+00:00,360.45001220703125,367.1499938964844,356.0,365.75,0,TATACAP
2026-01-20 04:45:00+00:00,359.20001220703125,360.70001220703125,355.95001220703125,360.29998779296875,609288,TATACAP
2026-01-20 05:45:00+00:00,360.54998779296875,365.3999938964844,358.6000061035156,359.20001220703125,2173382,TATACAP
2026-01-20 06:45:00+00:00,358.8500061035156,360.70001220703125,358.29998779296875,360.6000061035156,594745,TATACAP
2026-01-20 07:45:00+00:00,355.6000061035156,360.0,355.20001220703125,358.8500061035156,820772,TATACAP
2026-01-20 08:45:00+00:00,360.79998779296875,360.8999938964844,354.8500061035156,355.5,1400839,TATACAP
2026-01-20 09:45:00+00:00,357.0,360.6499938964844,354.1000061035156,360.6499938964844,622623,TATACAP
2026-01-21 03:45:00+00:00,354.04998779296875,356.8500061035156,348.1499938964844,355.3500061035156,0,TATACAP
2026-01-21 04:45:00+00:00,354.79998779296875,357.79998779296875,352.0,353.8500061035156,913522,TATACAP
2026-01-21 05:45:00+00:00,358.8500061035156,360.3999938964844,352.0,354.75,614412,TATACAP
2026-01-21 06:45:00+00:00,358.79998779296875,360.3999938964844,357.3500061035156,358.8500061035156,359885,TATACAP
2026-01-21 07:45:00+00:00,356.3500061035156,359.6000061035156,356.20001220703125,358.8500061035156,222820,TATACAP
2026-01-21 08:45:00+00:00,358.20001220703125,359.1000061035156,356.3500061035156,356.6499938964844,421737,TATACAP
2026-01-21 09:45:00+00:00,357.54998779296875,359.5,357.0,358.1000061035156,272423,TATACAP
2026-01-22 03:45:00+00:00,359.20001220703125,361.6000061035156,357.8500061035156,359.0,0,TATACAP
2026-01-22 04:45:00+00:00,358.6499938964844,359.70001220703125,356.79998779296875,359.20001220703125,690251,TATACAP
2026-01-22 05:45:00+00:00,359.20001220703125,359.5,358.04998779296875,358.6499938964844,463266,TATACAP
2026-01-22 06:45:00+00:00,358.20001220703125,359.29998779296875,356.3999938964844,359.20001220703125,885382,TATACAP
2026-01-22 07:45:00+00:00,357.25,358.79998779296875,356.5,358.20001220703125,333358,TATACAP
2026-01-22 08:45:00+00:00,358.6000061035156,359.3999938964844,355.5,357.25,834771,TATACAP
2026-01-22 09:45:00+00:00,357.0,358.79998779296875,356.29998779296875,358.6000061035156,369310,TATACAP
2026-01-23 03:45:00+00:00,353.29998779296875,358.45001220703125,353.04998779296875,358.29998779296875,0,TATACAP
2026-01-23 04:45:00+00:00,357.0,357.29998779296875,352.45001220703125,353.29998779296875,373010,TATACAP
2026-01-23 05:45:00+00:00,356.8500061035156,358.1000061035156,356.04998779296875,357.0,276473,TATACAP
2026-01-23 06:45:00+00:00,356.79998779296875,358.70001220703125,356.3500061035156,356.95001220703125,238149,TATACAP
2026-01-23 07:45:00+00:00,353.04998779296875,356.8500061035156,352.25,356.6000061035156,315825,TATACAP
2026-01-23 08:45:00+00:00,352.25,353.3999938964844,351.70001220703125,353.0,604151,TATACAP
2026-01-23 09:45:00+00:00,351.6000061035156,352.20001220703125,350.0,352.04998779296875,192967,TATACAP
2026-01-27 03:45:00+00:00,347.8999938964844,352.29998779296875,342.54998779296875,352.1000061035156,0,TATACAP
2026-01-27 04:45:00+00:00,343.20001220703125,347.8500061035156,341.3500061035156,347.8500061035156,342942,TATACAP
2026-01-27 05:45:00+00:00,339.6499938964844,344.20001220703125,339.0,343.45001220703125,425420,TATACAP
2026-01-27 06:45:00+00:00,338.54998779296875,339.95001220703125,336.25,339.6000061035156,542486,TATACAP
2026-01-27 07:45:00+00:00,339.29998779296875,340.6499938964844,337.6000061035156,338.6000061035156,587899,TATACAP
2026-01-27 08:45:00+00:00,338.0,339.8500061035156,337.8999938964844,339.29998779296875,491388,TATACAP
2026-01-27 09:45:00+00:00,339.0,339.0,337.95001220703125,337.95001220703125,308430,TATACAP
2026-01-28 03:45:00+00:00,339.3999938964844,342.20001220703125,336.29998779296875,338.6499938964844,471844,TATACAP
2026-01-28 04:45:00+00:00,338.04998779296875,339.8999938964844,337.29998779296875,339.20001220703125,181963,TATACAP
2026-01-28 05:45:00+00:00,336.25,338.25,335.6000061035156,338.0,275712,TATACAP
2026-01-28 06:45:00+00:00,335.8500061035156,336.45001220703125,335.25,336.20001220703125,217201,TATACAP
2026-01-28 07:45:00+00:00,335.8500061035156,336.3500061035156,334.25,335.8500061035156,306913,TATACAP
2026-01-28 08:45:00+00:00,338.1000061035156,338.6499938964844,334.8500061035156,335.8999938964844,754564,TATACAP
2026-01-28 09:45:00+00:00,338.0,338.5,338.0,338.1499938964844,249044,TATACAP
2026-01-29 03:45:00+00:00,337.1499938964844,341.5,336.79998779296875,338.45001220703125,444333,TATACAP
2026-01-29 04:45:00+00:00,334.1499938964844,337.3500061035156,334.0,337.25,249334,TATACAP
2026-01-29 05:45:00+00:00,330.6000061035156,334.45001220703125,330.25,334.25,454185,TATACAP
2026-01-29 06:45:00+00:00,331.3500061035156,332.70001220703125,330.29998779296875,330.54998779296875,291246,TATACAP
2026-01-29 07:45:00+00:00,331.95001220703125,332.70001220703125,330.54998779296875,331.3500061035156,259381,TATACAP
2026-01-29 08:45:00+00:00,331.0,332.6000061035156,330.8500061035156,332.0,269634,TATACAP
2026-01-29 09:45:00+00:00,330.5,331.1499938964844,330.25,330.8999938964844,221917,TATACAP
2026-01-30 03:45:00+00:00,333.79998779296875,333.8500061035156,327.8500061035156,331.04998779296875,365108,TATACAP
2026-01-30 04:45:00+00:00,332.45001220703125,334.29998779296875,331.1499938964844,333.5,259439,TATACAP
2026-01-30 05:45:00+00:00,338.8999938964844,338.95001220703125,332.1000061035156,332.45001220703125,545425,TATACAP
2026-01-30 06:45:00+00:00,337.04998779296875,339.5,336.79998779296875,338.8999938964844,459886,TATACAP
2026-01-30 07:45:00+00:00,339.8999938964844,340.0,331.04998779296875,337.04998779296875,410239,TATACAP
2026-01-30 08:45:00+00:00,341.70001220703125,343.8500061035156,338.0,339.79998779296875,1072588,TATACAP
2026-01-30 09:45:00+00:00,340.1000061035156,343.1000061035156,340.0,341.79998779296875,411649,TATACAP
2026-02-03 03:45:00+00:00,340.5,341.1000061035156,336.75,339.0,563316,TATACAP
2026-02-03 04:45:00+00:00,342.3999938964844,343.0,340.45001220703125,340.45001220703125,267516,TATACAP
2026-02-03 05:45:00+00:00,344.70001220703125,345.6499938964844,342.0,342.45001220703125,288017,TATACAP
2026-02-03 06:45:00+00:00,345.3999938964844,346.6499938964844,343.79998779296875,344.8500061035156,298923,TATACAP
2026-02-03 07:45:00+00:00,345.70001220703125,346.75,345.1000061035156,345.3999938964844,226290,TATACAP
2026-02-03 08:45:00+00:00,346.29998779296875,346.8999938964844,344.8999938964844,345.75,820199,TATACAP
2026-02-03 09:45:00+00:00,345.45001220703125,346.95001220703125,345.1000061035156,346.20001220703125,212522,TATACAP
2026-02-04 03:45:00+00:00,346.75,348.25,343.0,346.0,0,TATACAP
2026-02-04 04:45:00+00:00,346.6000061035156,348.3999938964844,345.54998779296875,347.0,201298,TATACAP
2026-02-04 05:45:00+00:00,347.0,347.8500061035156,345.5,346.6000061035156,132344,TATACAP
2026-02-04 06:45:00+00:00,347.3999938964844,347.6000061035156,346.20001220703125,346.79998779296875,64796,TATACAP
2026-02-04 07:45:00+00:00,348.6000061035156,349.54998779296875,346.95001220703125,347.3999938964844,331790,TATACAP
2026-02-04 08:45:00+00:00,349.20001220703125,349.5,347.5,348.54998779296875,183013,TATACAP
2026-02-04 09:45:00+00:00,348.79998779296875,349.0,347.6000061035156,348.8500061035156,135374,TATACAP
2026-02-05 03:45:00+00:00,344.5,348.54998779296875,343.45001220703125,347.8500061035156,0,TATACAP
2026-02-05 04:45:00+00:00,344.45001220703125,345.45001220703125,344.0,344.45001220703125,61321,TATACAP
2026-02-05 05:45:00+00:00,343.0,344.95001220703125,342.8500061035156,344.45001220703125,81620,TATACAP
2026-02-05 06:45:00+00:00,346.5,346.5,342.6000061035156,342.95001220703125,107096,TATACAP
2026-02-05 07:45:00+00:00,345.6499938964844,346.95001220703125,345.29998779296875,346.5,63127,TATACAP
2026-02-05 08:45:00+00:00,345.8999938964844,346.75,345.3999938964844,345.6499938964844,72995,TATACAP
2026-02-05 09:45:00+00:00,346.79998779296875,346.79998779296875,345.45001220703125,345.95001220703125,75657,TATACAP
2026-02-06 03:45:00+00:00,342.79998779296875,347.25,342.6000061035156,342.6000061035156,0,TATACAP
2026-02-06 04:45:00+00:00,341.70001220703125,343.70001220703125,340.79998779296875,342.8500061035156,129278,TATACAP
2026-02-06 05:45:00+00:00,342.3500061035156,343.25,341.0,341.70001220703125,85776,TATACAP
2026-02-06 06:45:00+00:00,343.8500061035156,344.3500061035156,341.1499938964844,342.1499938964844,138081,TATACAP
2026-02-06 07:45:00+00:00,344.6499938964844,345.1000061035156,343.8500061035156,343.95001220703125,101390,TATACAP
2026-02-06 08:45:00+00:00,346.6000061035156,346.6499938964844,344.29998779296875,344.6499938964844,166659,TATACAP
2026-02-06 09:45:00+00:00,346.29998779296875,347.04998779296875,345.0,346.6000061035156,166903,TATACAP
2026-02-09 03:45:00+00:00,351.70001220703125,353.0,345.6499938964844,345.6499938964844,0,TATACAP
2026-02-09 04:45:00+00:00,351.04998779296875,352.70001220703125,350.0,351.6499938964844,394208,TATACAP
2026-02-09 05:45:00+00:00,351.70001220703125,352.0,350.70001220703125,351.04998779296875,137613,TATACAP
2026-02-09 06:45:00+00:00,351.25,351.8999938964844,350.3999938964844,351.70001220703125,144427,TATACAP
2026-02-09 07:45:00+00:00,352.20001220703125,352.5,351.20001220703125,351.25,198502,TATACAP
2026-02-09 08:45:00+00:00,351.04998779296875,352.25,350.70001220703125,352.20001220703125,300184,TATACAP
2026-02-09 09:45:00+00:00,351.0,351.45001220703125,350.5,351.04998779296875,155885,TATACAP
2026-02-10 03:45:00+00:00,351.20001220703125,353.04998779296875,350.6499938964844,351.04998779296875,0,TATACAP
2026-02-10 04:45:00+00:00,353.8999938964844,354.0,350.79998779296875,350.8999938964844,276569,TATACAP
2026-02-10 05:45:00+00:00,354.75,355.25,351.54998779296875,353.6499938964844,649618,TATACAP
2026-02-10 06:45:00+00:00,355.95001220703125,356.79998779296875,353.8500061035156,354.75,265280,TATACAP
2026-02-10 07:45:00+00:00,357.54998779296875,357.8500061035156,355.6000061035156,355.95001220703125,329889,TATACAP
2026-02-10 08:45:00+00:00,354.8500061035156,358.04998779296875,354.3999938964844,357.6499938964844,298118,TATACAP
2026-02-10 09:45:00+00:00,354.95001220703125,355.95001220703125,354.3999938964844,354.79998779296875,171740,TATACAP
2026-02-11 03:45:00+00:00,354.70001220703125,356.75,353.6499938964844,355.20001220703125,0,TATACAP
2026-02-11 04:45:00+00:00,356.04998779296875,357.5,354.3500061035156,354.70001220703125,2145393,TATACAP
2026-02-11 05:45:00+00:00,358.54998779296875,358.8999938964844,356.0,356.0,193038,TATACAP
2026-02-11 06:45:00+00:00,358.20001220703125,358.70001220703125,357.45001220703125,358.6499938964844,97267,TATACAP
2026-02-11 07:45:00+00:00,357.95001220703125,358.8999938964844,357.6499938964844,358.20001220703125,90081,TATACAP
2026-02-11 08:45:00+00:00,357.6499938964844,358.45001220703125,357.1000061035156,357.8999938964844,180325,TATACAP
2026-02-11 09:45:00+00:00,357.5,358.0,357.0,357.6499938964844,148527,TATACAP
2026-02-12 03:45:00+00:00,357.0,358.1499938964844,355.79998779296875,356.3999938964844,0,TATACAP
2026-02-12 04:45:00+00:00,351.6499938964844,357.1499938964844,351.6000061035156,357.0,192145,TATACAP
2026-02-12 05:45:00+00:00,356.3500061035156,356.54998779296875,351.0,351.75,597941,TATACAP
2026-02-12 06:45:00+00:00,357.25,358.54998779296875,355.6499938964844,356.3500061035156,256572,TATACAP
2026-02-12 07:45:00+00:00,356.5,357.70001220703125,355.5,357.25,186984,TATACAP
2026-02-12 08:45:00+00:00,356.45001220703125,357.29998779296875,356.0,356.5,430137,TATACAP
2026-02-12 09:45:00+00:00,356.0,358.0,356.0,356.3999938964844,382557,TATACAP
2026-02-13 03:45:00+00:00,353.5,356.8500061035156,350.3999938964844,355.0,0,TATACAP
2026-02-13 04:45:00+00:00,355.0,356.3999938964844,352.0,353.5,249949,TATACAP
2026-02-13 05:45:00+00:00,355.1499938964844,355.45001220703125,354.20001220703125,355.0,153443,TATACAP
2026-02-13 06:45:00+00:00,354.70001220703125,355.1499938964844,354.20001220703125,355.1499938964844,144618,TATACAP
2026-02-13 07:45:00+00:00,354.1000061035156,355.6499938964844,353.25,354.75,168497,TATACAP
2026-02-13 08:45:00+00:00,353.70001220703125,354.29998779296875,353.3500061035156,354.0,202576,TATACAP
2026-02-13 09:45:00+00:00,352.79998779296875,354.04998779296875,352.0,353.6000061035156,135448,TATACAP
2026-02-16 03:45:00+00:00,352.1499938964844,352.70001220703125,347.79998779296875,351.75,0,TATACAP
2026-02-16 04:45:00+00:00,352.5,352.8500061035156,351.8500061035156,352.1499938964844,68663,TATACAP
2026-02-16 05:45:00+00:00,353.6499938964844,353.6499938964844,352.29998779296875,352.70001220703125,148841,TATACAP
2026-02-16 06:45:00+00:00,355.04998779296875,355.20001220703125,353.29998779296875,353.6499938964844,469720,TATACAP
2026-02-16 07:45:00+00:00,354.5,355.1000061035156,354.25,355.04998779296875,82923,TATACAP
2026-02-16 08:45:00+00:00,357.25,357.3999938964844,354.5,354.75,681987,TATACAP
2026-02-16 09:45:00+00:00,357.0,357.1000061035156,356.0,357.04998779296875,209586,TATACAP
2026-02-17 03:45:00+00:00,356.6000061035156,357.5,355.1499938964844,356.79998779296875,0,TATACAP
2026-02-17 04:45:00+00:00,356.79998779296875,357.29998779296875,355.95001220703125,356.5,190700,TATACAP
2026-02-17 05:45:00+00:00,357.04998779296875,357.5,356.0,356.70001220703125,477157,TATACAP
2026-02-17 06:45:00+00:00,355.3500061035156,357.20001220703125,354.6000061035156,357.0,441980,TATACAP
2026-02-17 07:45:00+00:00,355.70001220703125,355.8999938964844,354.0,355.3500061035156,205743,TATACAP
2026-02-17 08:45:00+00:00,355.1499938964844,356.3500061035156,353.8500061035156,355.54998779296875,177031,TATACAP
2026-02-17 09:45:00+00:00,355.1000061035156,355.3500061035156,354.54998779296875,355.1499938964844,75543,TATACAP
2026-02-18 03:45:00+00:00,355.8999938964844,357.29998779296875,353.5,353.5,0,TATACAP
2026-02-18 04:45:00+00:00,357.04998779296875,357.70001220703125,355.04998779296875,355.70001220703125,82490,TATACAP
2026-02-18 05:45:00+00:00,356.0,357.1000061035156,355.0,357.0,76972,TATACAP
2026-02-18 06:45:00+00:00,353.8500061035156,356.20001220703125,353.6000061035156,355.95001220703125,62900,TATACAP
2026-02-18 07:45:00+00:00,355.0,355.6000061035156,353.70001220703125,353.79998779296875,201836,TATACAP
2026-02-18 08:45:00+00:00,355.20001220703125,356.0,354.95001220703125,355.0,112112,TATACAP
2026-02-18 09:45:00+00:00,355.5,356.0,355.29998779296875,355.29998779296875,62050,TATACAP
2026-02-19 03:45:00+00:00,353.95001220703125,357.3500061035156,352.6499938964844,355.1000061035156,0,TATACAP
2026-02-19 04:45:00+00:00,352.1000061035156,354.1000061035156,351.45001220703125,354.1000061035156,91717,TATACAP
2026-02-19 05:45:00+00:00,352.1000061035156,353.29998779296875,351.8999938964844,352.04998779296875,78031,TATACAP
2026-02-19 06:45:00+00:00,350.29998779296875,352.1000061035156,349.25,352.0,114114,TATACAP
2026-02-19 07:45:00+00:00,348.45001220703125,350.5,347.8999938964844,350.29998779296875,162211,TATACAP
2026-02-19 08:45:00+00:00,348.1000061035156,349.70001220703125,348.04998779296875,348.45001220703125,164227,TATACAP
2026-02-19 09:45:00+00:00,349.75,349.75,347.1000061035156,347.8500061035156,129861,TATACAP
2026-02-20 03:45:00+00:00,347.70001220703125,348.79998779296875,345.6499938964844,348.3500061035156,0,TATACAP
2026-02-20 04:45:00+00:00,347.75,349.3999938964844,347.54998779296875,347.6499938964844,79859,TATACAP
2026-02-20 05:45:00+00:00,346.95001220703125,348.1499938964844,346.45001220703125,347.8500061035156,70579,TATACAP
2026-02-20 06:45:00+00:00,345.3999938964844,348.1499938964844,345.3500061035156,346.8500061035156,336747,TATACAP
2026-02-20 07:45:00+00:00,346.0,346.29998779296875,344.79998779296875,345.54998779296875,91400,TATACAP
2026-02-20 08:45:00+00:00,345.0,346.1499938964844,344.95001220703125,346.0,160470,TATACAP
2026-02-20 09:45:00+00:00,345.0,345.25,344.25,345.0,63672,TATACAP
2026-02-23 03:45:00+00:00,342.6000061035156,345.45001220703125,342.25,345.20001220703125,0,TATACAP
2026-02-23 04:45:00+00:00,341.54998779296875,342.95001220703125,340.5,342.5,132943,TATACAP
2026-02-23 05:45:00+00:00,340.0,341.70001220703125,339.6000061035156,341.5,99823,TATACAP
2026-02-23 06:45:00+00:00,340.0,341.1499938964844,339.6499938964844,340.0,44095,TATACAP
2026-02-23 07:45:00+00:00,338.5,340.04998779296875,338.20001220703125,340.0,101226,TATACAP
2026-02-23 08:45:00+00:00,338.75,339.3999938964844,338.1499938964844,338.3500061035156,132216,TATACAP
2026-02-23 09:45:00+00:00,339.3500061035156,339.6499938964844,338.5,338.6000061035156,162779,TATACAP
2026-02-24 03:45:00+00:00,337.6499938964844,339.5,334.79998779296875,339.0,0,TATACAP
2026-02-24 04:45:00+00:00,337.79998779296875,338.6000061035156,337.45001220703125,337.70001220703125,99795,TATACAP
2026-02-24 05:45:00+00:00,338.20001220703125,339.1499938964844,337.5,337.8500061035156,108942,TATACAP
2026-02-24 06:45:00+00:00,337.75,338.75,337.29998779296875,338.29998779296875,121014,TATACAP
2026-02-24 07:45:00+00:00,337.70001220703125,338.1000061035156,336.29998779296875,337.75,140238,TATACAP
2026-02-24 08:45:00+00:00,337.3999938964844,338.3500061035156,336.95001220703125,337.70001220703125,154757,TATACAP
2026-02-24 09:45:00+00:00,337.5,337.8999938964844,337.0,337.3500061035156,66422,TATACAP
2026-02-25 03:45:00+00:00,339.79998779296875,341.29998779296875,337.95001220703125,337.95001220703125,0,TATACAP
2026-02-25 04:45:00+00:00,336.6000061035156,340.04998779296875,336.25,339.79998779296875,141993,TATACAP
2026-02-25 05:45:00+00:00,336.54998779296875,337.45001220703125,336.20001220703125,336.6000061035156,102887,TATACAP
2026-02-25 06:45:00+00:00,333.20001220703125,336.8999938964844,333.1499938964844,336.54998779296875,175989,TATACAP
2026-02-25 07:45:00+00:00,334.75,335.45001220703125,333.1499938964844,333.20001220703125,81273,TATACAP
2026-02-25 08:45:00+00:00,334.3999938964844,336.3999938964844,334.1499938964844,334.75,216404,TATACAP
2026-02-25 09:45:00+00:00,334.29998779296875,335.0,333.79998779296875,334.29998779296875,146975,TATACAP
2026-02-26 03:45:00+00:00,330.6000061035156,336.8500061035156,330.6000061035156,334.5,0,TATACAP
2026-02-26 04:45:00+00:00,329.75,330.70001220703125,328.79998779296875,330.45001220703125,387297,TATACAP
2026-02-26 05:45:00+00:00,330.95001220703125,331.5,329.54998779296875,329.70001220703125,431323,TATACAP
2026-02-26 06:45:00+00:00,332.95001220703125,334.0,330.04998779296875,330.8500061035156,677227,TATACAP
2026-02-26 07:45:00+00:00,334.0,334.1000061035156,332.8999938964844,332.95001220703125,343666,TATACAP
2026-02-26 08:45:00+00:00,334.25,334.8999938964844,333.54998779296875,334.0,273287,TATACAP
2026-02-26 09:45:00+00:00,334.0,334.29998779296875,334.0,334.25,131385,TATACAP
2026-02-27 03:45:00+00:00,333.25,333.79998779296875,332.04998779296875,333.79998779296875,0,TATACAP
2026-02-27 04:45:00+00:00,333.20001220703125,335.0,333.1499938964844,333.25,333330,TATACAP
2026-02-27 05:45:00+00:00,332.6499938964844,333.6000061035156,331.0,333.0,479339,TATACAP
2026-02-27 06:45:00+00:00,333.1499938964844,333.79998779296875,332.1000061035156,332.75,312376,TATACAP
2026-02-27 07:45:00+00:00,333.04998779296875,334.70001220703125,333.0,333.1499938964844,277754,TATACAP
2026-02-27 08:45:00+00:00,333.0,333.8999938964844,331.3999938964844,333.20001220703125,462842,TATACAP
2026-02-27 09:45:00+00:00,335.20001220703125,335.3999938964844,333.0,333.0,350734,TATACAP
2026-03-02 03:45:00+00:00,328.8999938964844,330.8500061035156,320.0,320.0,0,TATACAP
2026-03-02 04:45:00+00:00,328.04998779296875,329.5,327.20001220703125,328.8999938964844,211345,TATACAP
2026-03-02 05:45:00+00:00,328.04998779296875,328.45001220703125,327.25,328.04998779296875,151641,TATACAP
2026-03-02 06:45:00+00:00,327.5,328.5,327.0,328.04998779296875,423546,TATACAP
2026-03-02 07:45:00+00:00,328.54998779296875,328.95001220703125,327.04998779296875,327.5,193894,TATACAP
2026-03-02 08:45:00+00:00,328.3999938964844,329.3500061035156,328.1499938964844,328.54998779296875,264968,TATACAP
2026-03-02 09:45:00+00:00,328.8500061035156,329.0,328.0,328.3999938964844,152527,TATACAP
2026-03-04 03:45:00+00:00,325.04998779296875,325.8500061035156,321.1000061035156,325.8500061035156,0,TATACAP
2026-03-04 04:45:00+00:00,323.95001220703125,326.3999938964844,323.29998779296875,325.0,362113,TATACAP
2026-03-04 05:45:00+00:00,320.29998779296875,323.95001220703125,320.0,323.79998779296875,289993,TATACAP
2026-03-04 06:45:00+00:00,320.79998779296875,320.8500061035156,319.8999938964844,320.25,314157,TATACAP
2026-03-04 07:45:00+00:00,320.6499938964844,320.8500061035156,320.0,320.75,219151,TATACAP
2026-03-04 08:45:00+00:00,319.1499938964844,321.1499938964844,319.1499938964844,320.6499938964844,382620,TATACAP
2026-03-04 09:45:00+00:00,319.29998779296875,319.70001220703125,319.1000061035156,319.20001220703125,139393,TATACAP
2026-03-05 03:45:00+00:00,327.0,327.25,321.5,323.6000061035156,0,TATACAP
2026-03-05 04:45:00+00:00,323.45001220703125,329.0,323.20001220703125,327.0,411216,TATACAP
2026-03-05 05:45:00+00:00,322.75,324.0,321.75,323.5,140026,TATACAP
2026-03-05 06:45:00+00:00,321.70001220703125,323.04998779296875,321.20001220703125,322.75,168500,TATACAP
2026-03-05 07:45:00+00:00,319.3500061035156,322.1000061035156,319.20001220703125,321.70001220703125,237840,TATACAP
2026-03-05 08:45:00+00:00,321.5,322.0,319.29998779296875,319.3999938964844,200139,TATACAP
2026-03-05 09:45:00+00:00,322.70001220703125,322.8500061035156,321.1499938964844,321.5,212546,TATACAP
2026-03-06 03:45:00+00:00,322.25,323.95001220703125,321.6000061035156,322.3500061035156,0,TATACAP
2026-03-06 04:45:00+00:00,321.3999938964844,322.8999938964844,321.1000061035156,322.20001220703125,115053,TATACAP
2026-03-06 05:45:00+00:00,321.6000061035156,322.8500061035156,321.3999938964844,321.45001220703125,323871,TATACAP
2026-03-06 06:45:00+00:00,321.3999938964844,322.0,320.45001220703125,321.6000061035156,165151,TATACAP
2026-03-06 07:45:00+00:00,321.3999938964844,321.75,321.1000061035156,321.3999938964844,50433,TATACAP
2026-03-06 08:45:00+00:00,318.1000061035156,321.70001220703125,318.1000061035156,321.45001220703125,413404,TATACAP
2026-03-06 09:45:00+00:00,318.75,318.95001220703125,317.5,318.3500061035156,132091,TATACAP
2026-03-09 03:45:00+00:00,312.25,314.8999938964844,310.8999938964844,313.5,0,TATACAP
2026-03-09 04:45:00+00:00,310.79998779296875,312.5,309.0,312.29998779296875,335085,TATACAP
2026-03-09 05:45:00+00:00,310.45001220703125,311.45001220703125,309.5,310.75,474753,TATACAP
2026-03-09 06:45:00+00:00,310.29998779296875,311.20001220703125,310.0,310.3999938964844,149697,TATACAP
2026-03-09 07:45:00+00:00,310.29998779296875,311.1499938964844,310.1000061035156,310.3500061035156,212036,TATACAP
2026-03-09 08:45:00+00:00,311.20001220703125,311.5,309.8500061035156,310.1000061035156,309435,TATACAP
2026-03-09 09:45:00+00:00,311.6499938964844,312.0,311.20001220703125,311.20001220703125,144025,TATACAP
2026-03-10 03:45:00+00:00,316.8500061035156,317.8500061035156,314.75,316.0,0,TATACAP
2026-03-10 04:45:00+00:00,322.45001220703125,322.95001220703125,316.29998779296875,316.8500061035156,379931,TATACAP
2026-03-10 05:45:00+00:00,323.0,323.5,322.20001220703125,322.3999938964844,179723,TATACAP
2026-03-10 06:45:00+00:00,321.79998779296875,323.3500061035156,321.54998779296875,323.0,154340,TATACAP
2026-03-10 07:45:00+00:00,322.04998779296875,322.25,319.5,321.79998779296875,582344,TATACAP
2026-03-10 08:45:00+00:00,321.8500061035156,322.25,320.3999938964844,322.04998779296875,251820,TATACAP
2026-03-10 09:45:00+00:00,322.29998779296875,322.95001220703125,321.75,321.8500061035156,146794,TATACAP
2026-03-11 03:45:00+00:00,319.70001220703125,322.1000061035156,318.0,321.75,0,TATACAP
2026-03-11 04:45:00+00:00,320.04998779296875,320.45001220703125,319.45001220703125,319.6000061035156,142129,TATACAP
2026-03-11 05:45:00+00:00,319.20001220703125,320.04998779296875,318.3500061035156,320.04998779296875,221782,TATACAP
2026-03-11 06:45:00+00:00,319.54998779296875,319.75,319.1499938964844,319.20001220703125,149705,TATACAP
2026-03-11 07:45:00+00:00,319.45001220703125,319.8999938964844,319.0,319.5,119550,TATACAP
2026-03-11 08:45:00+00:00,319.75,320.0,319.04998779296875,319.45001220703125,192080,TATACAP
2026-03-11 09:45:00+00:00,319.70001220703125,320.45001220703125,319.3999938964844,319.79998779296875,109030,TATACAP
2026-03-12 03:45:00+00:00,314.70001220703125,317.5,313.79998779296875,317.5,0,TATACAP
2026-03-12 04:45:00+00:00,315.5,316.20001220703125,313.70001220703125,314.70001220703125,179624,TATACAP
2026-03-12 05:45:00+00:00,316.0,316.0,314.54998779296875,315.6499938964844,105758,TATACAP
2026-03-12 06:45:00+00:00,316.29998779296875,316.8999938964844,315.5,315.95001220703125,150949,TATACAP
2026-03-12 07:45:00+00:00,316.70001220703125,317.54998779296875,315.95001220703125,316.29998779296875,186370,TATACAP
2026-03-12 08:45:00+00:00,318.75,318.79998779296875,315.3999938964844,316.8999938964844,285544,TATACAP
2026-03-12 09:45:00+00:00,319.5,319.6000061035156,318.3999938964844,318.75,248846,TATACAP
2026-03-13 03:45:00+00:00,315.6000061035156,318.29998779296875,315.25,317.04998779296875,0,TATACAP
2026-03-13 04:45:00+00:00,314.70001220703125,315.95001220703125,313.1000061035156,315.6000061035156,235663,TATACAP
2026-03-13 05:45:00+00:00,314.04998779296875,315.25,313.95001220703125,314.54998779296875,108594,TATACAP
2026-03-13 06:45:00+00:00,312.6499938964844,314.3500061035156,311.79998779296875,314.1000061035156,220680,TATACAP
2026-03-13 07:45:00+00:00,312.75,313.3500061035156,311.70001220703125,313.04998779296875,103092,TATACAP
2026-03-13 08:45:00+00:00,312.75,313.25,311.8500061035156,312.54998779296875,163761,TATACAP
2026-03-13 09:45:00+00:00,313.79998779296875,314.3500061035156,312.5,312.75,157177,TATACAP
2026-03-16 03:45:00+00:00,309.20001220703125,313.8999938964844,308.0,313.8999938964844,0,TATACAP
2026-03-16 04:45:00+00:00,303.70001220703125,309.1000061035156,303.70001220703125,309.04998779296875,286274,TATACAP
2026-03-16 05:45:00+00:00,305.1000061035156,306.79998779296875,303.8999938964844,303.8999938964844,218801,TATACAP
2026-03-16 06:45:00+00:00,305.3500061035156,306.20001220703125,304.25,305.20001220703125,195859,TATACAP
2026-03-16 07:45:00+00:00,305.45001220703125,305.8500061035156,305.04998779296875,305.3500061035156,100745,TATACAP
2026-03-16 08:45:00+00:00,309.1000061035156,309.8500061035156,305.1499938964844,305.1499938964844,257084,TATACAP
2026-03-16 09:45:00+00:00,308.29998779296875,309.3500061035156,308.04998779296875,309.1499938964844,118885,TATACAP
2026-03-17 03:45:00+00:00,310.54998779296875,311.3999938964844,307.45001220703125,311.20001220703125,0,TATACAP
2026-03-17 04:45:00+00:00,310.8999938964844,311.75,310.04998779296875,310.54998779296875,171748,TATACAP
2026-03-17 05:45:00+00:00,311.45001220703125,312.0,310.20001220703125,310.95001220703125,102824,TATACAP
2026-03-17 06:45:00+00:00,311.0,311.79998779296875,310.04998779296875,311.3500061035156,192768,TATACAP
2026-03-17 07:45:00+00:00,312.29998779296875,312.29998779296875,311.20001220703125,311.20001220703125,138147,TATACAP
2026-03-17 08:45:00+00:00,310.8999938964844,312.3999938964844,310.04998779296875,312.29998779296875,382223,TATACAP
2026-03-17 09:45:00+00:00,310.6000061035156,311.45001220703125,310.5,310.8999938964844,142718,TATACAP
2026-03-18 03:45:00+00:00,313.70001220703125,315.8500061035156,310.20001220703125,310.8999938964844,0,TATACAP
2026-03-18 04:45:00+00:00,316.70001220703125,317.0,313.5,313.5,249895,TATACAP
2026-03-18 05:45:00+00:00,317.6000061035156,319.5,316.70001220703125,316.70001220703125,351634,TATACAP
2026-03-18 06:45:00+00:00,319.3500061035156,319.45001220703125,317.3500061035156,317.70001220703125,103447,TATACAP
2026-03-18 07:45:00+00:00,321.3500061035156,321.6499938964844,319.29998779296875,319.29998779296875,463653,TATACAP
2026-03-18 08:45:00+00:00,324.25,325.1499938964844,321.04998779296875,321.45001220703125,445272,TATACAP
2026-03-18 09:45:00+00:00,323.04998779296875,324.70001220703125,322.8999938964844,324.25,225059,TATACAP
2026-03-19 03:45:00+00:00,318.8999938964844,319.5,316.6000061035156,317.54998779296875,0,TATACAP
2026-03-19 04:45:00+00:00,318.5,319.25,317.70001220703125,318.8999938964844,76970,TATACAP
2026-03-19 05:45:00+00:00,318.5,319.1499938964844,318.29998779296875,318.3500061035156,64582,TATACAP
2026-03-19 06:45:00+00:00,316.6000061035156,319.54998779296875,316.6000061035156,318.45001220703125,89808,TATACAP
2026-03-19 07:45:00+00:00,315.5,316.79998779296875,315.5,316.79998779296875,88438,TATACAP
2026-03-19 08:45:00+00:00,312.54998779296875,315.6499938964844,312.3999938964844,315.5,186701,TATACAP
2026-03-19 09:45:00+00:00,313.5,313.70001220703125,312.45001220703125,312.6499938964844,77107,TATACAP
2026-03-20 03:45:00+00:00,314.79998779296875,318.29998779296875,314.3500061035156,314.3999938964844,0,TATACAP
2026-03-20 04:45:00+00:00,312.8999938964844,315.5,312.5,314.79998779296875,327310,TATACAP
2026-03-20 05:45:00+00:00,310.6000061035156,313.25,310.54998779296875,312.8999938964844,392307,TATACAP
2026-03-20 06:45:00+00:00,310.54998779296875,310.70001220703125,309.54998779296875,310.54998779296875,296522,TATACAP
2026-03-20 07:45:00+00:00,314.29998779296875,314.29998779296875,310.29998779296875,310.54998779296875,446961,TATACAP
2026-03-20 08:45:00+00:00,317.25,318.70001220703125,314.1000061035156,314.3999938964844,1099495,TATACAP
2026-03-20 09:45:00+00:00,316.8999938964844,318.0,316.0,317.29998779296875,501489,TATACAP
2026-03-23 03:45:00+00:00,313.25,314.45001220703125,309.8999938964844,311.45001220703125,0,TATACAP
2026-03-23 04:45:00+00:00,312.6499938964844,314.0,312.0,313.25,192983,TATACAP
2026-03-23 05:45:00+00:00,312.70001220703125,314.0,312.5,312.75,108917,TATACAP
2026-03-23 06:45:00+00:00,312.1000061035156,313.29998779296875,312.0,312.54998779296875,144060,TATACAP
2026-03-23 07:45:00+00:00,312.29998779296875,313.20001220703125,311.29998779296875,312.04998779296875,244624,TATACAP
2026-03-23 08:45:00+00:00,312.1000061035156,313.75,310.5,312.29998779296875,519509,TATACAP
2026-03-23 09:45:00+00:00,311.20001220703125,312.6000061035156,310.25,312.04998779296875,98758,TATACAP
2026-03-24 03:45:00+00:00,315.75,320.20001220703125,314.1499938964844,314.79998779296875,0,TATACAP
2026-03-24 04:45:00+00:00,316.1499938964844,316.6000061035156,315.6000061035156,315.6499938964844,127098,TATACAP
2026-03-24 05:45:00+00:00,318.79998779296875,318.95001220703125,316.29998779296875,316.45001220703125,102873,TATACAP
2026-03-24 06:45:00+00:00,322.6000061035156,322.79998779296875,318.75,318.79998779296875,244538,TATACAP
2026-03-24 07:45:00+00:00,324.45001220703125,326.75,322.3999938964844,322.54998779296875,368440,TATACAP
2026-03-24 08:45:00+00:00,327.45001220703125,327.75,323.29998779296875,324.5,451473,TATACAP
2026-03-24 09:45:00+00:00,325.04998779296875,327.45001220703125,325.04998779296875,327.45001220703125,251717,TATACAP
2026-03-25 03:45:00+00:00,324.1499938964844,327.79998779296875,323.54998779296875,325.25,0,TATACAP
2026-03-25 04:45:00+00:00,323.29998779296875,324.54998779296875,322.6000061035156,324.1499938964844,257993,TATACAP
2026-03-25 05:45:00+00:00,321.79998779296875,323.29998779296875,321.1499938964844,323.29998779296875,153014,TATACAP
2026-03-25 06:45:00+00:00,324.5,324.70001220703125,321.1499938964844,321.79998779296875,193586,TATACAP
2026-03-25 07:45:00+00:00,324.95001220703125,325.25,324.0,324.3999938964844,278224,TATACAP
2026-03-25 08:45:00+00:00,324.79998779296875,326.25,324.70001220703125,325.0,319980,TATACAP
2026-03-25 09:45:00+00:00,323.5,325.95001220703125,323.5,324.79998779296875,195939,TATACAP
2026-03-27 03:45:00+00:00,315.6499938964844,321.1000061035156,315.54998779296875,321.1000061035156,0,TATACAP
2026-03-27 04:45:00+00:00,316.75,317.04998779296875,315.5,315.6499938964844,153528,TATACAP
2026-03-27 05:45:00+00:00,318.3500061035156,318.75,316.3999938964844,316.6000061035156,164449,TATACAP
2026-03-27 06:45:00+00:00,320.6000061035156,320.75,317.70001220703125,318.3999938964844,213423,TATACAP
2026-03-27 07:45:00+00:00,320.6000061035156,321.6499938964844,320.5,320.6000061035156,150825,TATACAP
2026-03-27 08:45:00+00:00,320.8999938964844,325.70001220703125,315.29998779296875,320.54998779296875,5682844,TATACAP
2026-03-27 09:45:00+00:00,322.5,322.5,319.5,320.8999938964844,4292401,TATACAP
2026-03-30 03:45:00+00:00,315.5,317.6000061035156,312.6499938964844,315.04998779296875,0,TATACAP
2026-03-30 04:45:00+00:00,314.29998779296875,316.8500061035156,313.6499938964844,315.54998779296875,248379,TATACAP
2026-03-30 05:45:00+00:00,313.5,314.5,312.5,314.25,403148,TATACAP
2026-03-30 06:45:00+00:00,312.20001220703125,313.6000061035156,311.79998779296875,313.54998779296875,133121,TATACAP
2026-03-30 07:45:00+00:00,310.0,312.25,309.45001220703125,312.1000061035156,262722,TATACAP
2026-03-30 08:45:00+00:00,306.3999938964844,310.25,306.0,310.0,504371,TATACAP
2026-03-30 09:45:00+00:00,305.1000061035156,307.1499938964844,303.25,306.54998779296875,519598,TATACAP
2026-04-01 03:45:00+00:00,311.20001220703125,313.3500061035156,308.70001220703125,313.3500061035156,0,TATACAP
2026-04-01 04:45:00+00:00,307.04998779296875,311.8999938964844,307.0,311.20001220703125,322140,TATACAP
2026-04-01 05:45:00+00:00,307.8999938964844,308.25,306.3999938964844,307.0,162770,TATACAP
2026-04-01 06:45:00+00:00,308.1499938964844,308.6499938964844,307.5,307.95001220703125,140203,TATACAP
2026-04-01 07:45:00+00:00,307.29998779296875,308.6499938964844,306.75,308.1000061035156,253849,TATACAP
2026-04-01 08:45:00+00:00,305.8500061035156,307.3999938964844,305.04998779296875,307.20001220703125,278031,TATACAP
2026-04-01 09:45:00+00:00,306.8999938964844,306.8999938964844,305.5,306.1000061035156,189525,TATACAP
2026-04-02 03:45:00+00:00,304.3999938964844,304.54998779296875,300.6000061035156,304.1499938964844,0,TATACAP
2026-04-02 04:45:00+00:00,304.79998779296875,304.8999938964844,304.0,304.3500061035156,66630,TATACAP
2026-04-02 05:45:00+00:00,307.29998779296875,307.6000061035156,304.70001220703125,304.79998779296875,95238,TATACAP
2026-04-02 06:45:00+00:00,308.29998779296875,308.8999938964844,306.5,307.25,130713,TATACAP
2026-04-02 07:45:00+00:00,310.0,310.3500061035156,308.20001220703125,308.29998779296875,133304,TATACAP
2026-04-02 08:45:00+00:00,309.6000061035156,310.29998779296875,306.95001220703125,310.0,149292,TATACAP
2026-04-02 09:45:00+00:00,308.8999938964844,309.79998779296875,308.0,309.6000061035156,75936,TATACAP
2026-04-06 03:45:00+00:00,308.0,311.6499938964844,306.8999938964844,310.0,0,TATACAP
2026-04-06 04:45:00+00:00,306.6000061035156,308.45001220703125,306.3999938964844,308.0,143978,TATACAP
2026-04-06 05:45:00+00:00,307.1499938964844,308.6499938964844,306.6000061035156,306.70001220703125,146759,TATACAP
2026-04-06 06:45:00+00:00,306.8999938964844,307.3999938964844,305.70001220703125,307.1499938964844,422898,TATACAP
2026-04-06 07:45:00+00:00,307.75,307.79998779296875,306.75,306.8999938964844,132020,TATACAP
2026-04-06 08:45:00+00:00,308.1499938964844,308.3999938964844,307.20001220703125,307.70001220703125,352706,TATACAP
2026-04-06 09:45:00+00:00,308.45001220703125,308.45001220703125,307.8500061035156,308.1499938964844,183354,TATACAP
2026-04-07 03:45:00+00:00,308.3500061035156,309.3500061035156,306.25,307.75,0,TATACAP
2026-04-07 04:45:00+00:00,307.54998779296875,309.0,307.54998779296875,308.3500061035156,76990,TATACAP
2026-04-07 05:45:00+00:00,308.3999938964844,308.54998779296875,307.5,307.54998779296875,41690,TATACAP
2026-04-07 06:45:00+00:00,308.1000061035156,308.5,307.79998779296875,308.29998779296875,24142,TATACAP
2026-04-07 07:45:00+00:00,308.6000061035156,309.0,308.1000061035156,308.3500061035156,39572,TATACAP
2026-04-07 08:45:00+00:00,308.3999938964844,309.0,308.04998779296875,308.3999938964844,84549,TATACAP
2026-04-07 09:45:00+00:00,308.75,308.79998779296875,308.1499938964844,308.45001220703125,48609,TATACAP
2026-04-08 03:45:00+00:00,323.0,323.25,314.54998779296875,316.5,490460,TATACAP
2026-04-08 04:45:00+00:00,323.54998779296875,325.5,321.25,323.0,814094,TATACAP
2026-04-08 05:45:00+00:00,322.3500061035156,323.70001220703125,321.79998779296875,323.54998779296875,178177,TATACAP
2026-04-08 06:45:00+00:00,322.0,323.70001220703125,319.54998779296875,322.3500061035156,642789,TATACAP
2026-04-08 07:45:00+00:00,324.3500061035156,324.6499938964844,321.95001220703125,321.95001220703125,216218,TATACAP
2026-04-08 08:45:00+00:00,326.5,327.3999938964844,324.0,324.20001220703125,797331,TATACAP
2026-04-08 09:45:00+00:00,326.8500061035156,327.45001220703125,325.8999938964844,326.29998779296875,106073,TATACAP
2026-04-09 03:45:00+00:00,326.79998779296875,329.6499938964844,323.20001220703125,325.75,0,TATACAP
2026-04-09 04:45:00+00:00,328.1499938964844,329.0,326.3999938964844,326.79998779296875,194785,TATACAP
2026-04-09 05:45:00+00:00,329.79998779296875,330.0,327.95001220703125,328.3500061035156,206784,TATACAP
2026-04-09 06:45:00+00:00,328.75,330.0,328.6499938964844,329.79998779296875,133519,TATACAP
2026-04-09 07:45:00+00:00,326.3999938964844,328.6499938964844,325.54998779296875,328.6499938964844,215547,TATACAP
2026-04-09 08:45:00+00:00,327.45001220703125,327.5,325.1000061035156,326.3999938964844,126263,TATACAP
2026-04-09 09:45:00+00:00,326.5,327.5,324.1000061035156,327.45001220703125,140221,TATACAP
2026-04-10 03:45:00+00:00,328.54998779296875,329.1000061035156,325.0,325.0,0,TATACAP
2026-04-10 04:45:00+00:00,327.8999938964844,328.70001220703125,327.0,328.54998779296875,86315,TATACAP
2026-04-10 05:45:00+00:00,326.3500061035156,328.0,325.75,327.8999938964844,94584,TATACAP
2026-04-10 06:45:00+00:00,326.20001220703125,326.5,325.54998779296875,326.3500061035156,82025,TATACAP
2026-04-10 07:45:00+00:00,326.1000061035156,326.6000061035156,325.5,326.0,90602,TATACAP
2026-04-10 08:45:00+00:00,326.25,326.54998779296875,325.25,326.1000061035156,205023,TATACAP
2026-04-10 09:45:00+00:00,327.6000061035156,328.0,325.75,325.95001220703125,235230,TATACAP
2026-04-13 03:45:00+00:00,324.04998779296875,325.95001220703125,319.29998779296875,323.0,0,TATACAP
2026-04-13 04:45:00+00:00,323.45001220703125,325.75,323.29998779296875,323.95001220703125,152465,TATACAP
2026-04-13 05:45:00+00:00,322.8999938964844,323.95001220703125,322.20001220703125,323.3999938964844,120867,TATACAP
2026-04-13 06:45:00+00:00,322.5,323.1499938964844,321.54998779296875,322.8999938964844,102284,TATACAP
2026-04-13 07:45:00+00:00,322.45001220703125,323.0,322.04998779296875,322.5,73896,TATACAP
2026-04-13 08:45:00+00:00,320.95001220703125,322.95001220703125,320.70001220703125,322.3999938964844,205597,TATACAP
2026-04-13 09:45:00+00:00,321.8500061035156,321.8500061035156,320.8999938964844,320.95001220703125,97612,TATACAP
2026-04-15 03:45:00+00:00,328.3999938964844,329.1000061035156,324.04998779296875,327.1000061035156,0,TATACAP
2026-04-15 04:45:00+00:00,328.1499938964844,328.95001220703125,327.8999938964844,328.5,295951,TATACAP
2026-04-15 05:45:00+00:00,327.29998779296875,329.70001220703125,326.6499938964844,328.20001220703125,337749,TATACAP
2026-04-15 06:45:00+00:00,330.5,331.20001220703125,327.1000061035156,327.29998779296875,464140,TATACAP
2026-04-15 07:45:00+00:00,330.8999938964844,331.0,329.0,330.3999938964844,251995,TATACAP
2026-04-15 08:45:00+00:00,331.70001220703125,331.8999938964844,330.1000061035156,330.6000061035156,571038,TATACAP
2026-04-15 09:45:00+00:00,332.25,333.8999938964844,331.29998779296875,331.54998779296875,294641,TATACAP
2026-04-16 03:45:00+00:00,335.6000061035156,339.0,332.6499938964844,332.6499938964844,0,TATACAP
2026-04-16 04:45:00+00:00,338.75,339.25,334.79998779296875,335.6000061035156,393595,TATACAP
2026-04-16 05:45:00+00:00,336.3999938964844,339.29998779296875,336.29998779296875,338.75,211615,TATACAP
2026-04-16 06:45:00+00:00,334.6000061035156,337.70001220703125,334.1499938964844,336.45001220703125,201204,TATACAP
2026-04-16 07:45:00+00:00,336.0,336.45001220703125,334.54998779296875,334.6000061035156,120216,TATACAP
2026-04-16 08:45:00+00:00,335.8999938964844,336.3999938964844,335.6000061035156,335.8500061035156,228406,TATACAP
2026-04-16 09:45:00+00:00,335.95001220703125,336.0,335.6000061035156,335.8500061035156,96877,TATACAP
2026-04-17 03:45:00+00:00,336.3500061035156,336.8500061035156,332.6000061035156,333.8500061035156,0,TATACAP
2026-04-17 04:45:00+00:00,337.25,337.8999938964844,335.45001220703125,336.1499938964844,172391,TATACAP
2026-04-17 05:45:00+00:00,335.29998779296875,337.25,334.79998779296875,337.20001220703125,181077,TATACAP
2026-04-17 06:45:00+00:00,335.95001220703125,336.25,335.29998779296875,335.5,262750,TATACAP
2026-04-17 07:45:00+00:00,336.0,336.1499938964844,335.29998779296875,335.95001220703125,239656,TATACAP
2026-04-17 08:45:00+00:00,337.8999938964844,338.5,335.8999938964844,336.0,474300,TATACAP
2026-04-17 09:45:00+00:00,337.8500061035156,338.0,337.5,337.8999938964844,112403,TATACAP
2026-04-20 03:45:00+00:00,335.70001220703125,337.8999938964844,333.45001220703125,337.8999938964844,0,TATACAP
2026-04-20 08:45:00+00:00,336.0,337.8500061035156,335.8500061035156,337.8500061035156,846740,TATACAP
2026-04-20 09:45:00+00:00,334.0,335.8999938964844,333.5,335.8999938964844,224069,TATACAP
2026-04-21 03:45:00+00:00,332.79998779296875,338.25,332.6000061035156,336.0,0,TATACAP
2026-04-21 04:45:00+00:00,333.0,333.6000061035156,331.70001220703125,332.95001220703125,141803,TATACAP
2026-04-21 05:45:00+00:00,333.20001220703125,335.0,332.6000061035156,332.70001220703125,104442,TATACAP
2026-04-21 06:45:00+00:00,333.25,334.25,333.04998779296875,333.29998779296875,180016,TATACAP
2026-04-21 07:45:00+00:00,334.1000061035156,334.54998779296875,332.20001220703125,333.5,315900,TATACAP
2026-04-21 08:45:00+00:00,335.29998779296875,338.0,333.20001220703125,333.75,1314542,TATACAP
2026-04-21 09:45:00+00:00,336.5,336.79998779296875,334.3500061035156,335.0,240410,TATACAP
2026-04-22 03:45:00+00:00,333.0,338.54998779296875,332.6000061035156,334.0,0,TATACAP
2026-04-22 04:45:00+00:00,332.6499938964844,333.79998779296875,332.5,332.8999938964844,126425,TATACAP
2026-04-22 05:45:00+00:00,332.6000061035156,333.45001220703125,332.5,332.54998779296875,73554,TATACAP
2026-04-22 06:45:00+00:00,332.75,332.95001220703125,332.0,332.6000061035156,82726,TATACAP
2026-04-22 07:45:00+00:00,335.04998779296875,335.45001220703125,332.0,332.6000061035156,219676,TATACAP
2026-04-22 08:45:00+00:00,337.45001220703125,337.8500061035156,335.04998779296875,335.25,412643,TATACAP
2026-04-22 09:45:00+00:00,337.20001220703125,338.0,336.70001220703125,337.45001220703125,239016,TATACAP
2026-04-23 03:45:00+00:00,340.95001220703125,342.5,336.29998779296875,338.1000061035156,0,TATACAP
2026-04-23 04:45:00+00:00,341.6499938964844,343.0,338.0,340.8500061035156,648794,TATACAP
2026-04-23 05:45:00+00:00,340.3500061035156,342.29998779296875,339.29998779296875,341.6499938964844,892674,TATACAP
2026-04-23 06:45:00+00:00,341.8500061035156,342.3999938964844,340.0,340.0,619089,TATACAP
2026-04-23 07:45:00+00:00,341.3999938964844,343.29998779296875,341.1000061035156,341.79998779296875,767743,TATACAP
2026-04-23 08:45:00+00:00,339.6499938964844,343.79998779296875,339.6499938964844,341.29998779296875,846604,TATACAP
2026-04-23 09:45:00+00:00,340.6000061035156,340.6000061035156,338.3500061035156,339.95001220703125,449657,TATACAP
2026-04-24 03:45:00+00:00,339.25,346.0,335.75,344.8999938964844,0,TATACAP
2026-04-24 04:45:00+00:00,338.20001220703125,339.6499938964844,337.1499938964844,339.25,480704,TATACAP
2026-04-24 05:45:00+00:00,336.8999938964844,338.8500061035156,335.79998779296875,338.3500061035156,386245,TATACAP
2026-04-24 06:45:00+00:00,337.8999938964844,338.1499938964844,336.25,337.04998779296875,232041,TATACAP
2026-04-24 07:45:00+00:00,336.75,337.8999938964844,335.70001220703125,337.8999938964844,350568,TATACAP
2026-04-24 08:45:00+00:00,338.25,338.70001220703125,334.8500061035156,336.8500061035156,737691,TATACAP
2026-04-24 09:45:00+00:00,335.0,338.25,335.0,338.1499938964844,549512,TATACAP
2026-04-27 03:45:00+00:00,334.3500061035156,340.70001220703125,334.29998779296875,337.54998779296875,0,TATACAP
2026-04-27 04:45:00+00:00,334.79998779296875,335.0,333.20001220703125,334.45001220703125,344886,TATACAP
2026-04-27 05:45:00+00:00,332.8999938964844,335.0,332.54998779296875,334.75,250253,TATACAP
2026-04-27 06:45:00+00:00,332.0,333.0,331.6000061035156,332.95001220703125,286157,TATACAP
2026-04-27 07:45:00+00:00,333.79998779296875,333.95001220703125,331.8999938964844,331.8999938964844,330661,TATACAP
2026-04-27 08:45:00+00:00,333.70001220703125,334.95001220703125,333.45001220703125,333.75,363380,TATACAP
2026-04-27 09:45:00+00:00,333.5,333.79998779296875,332.8500061035156,333.70001220703125,190249,TATACAP
2026-04-28 03:45:00+00:00,331.8999938964844,334.75,331.3500061035156,334.3999938964844,0,TATACAP
2026-04-28 04:45:00+00:00,330.3500061035156,331.95001220703125,330.29998779296875,331.75,192664,TATACAP
2026-04-28 05:45:00+00:00,326.8500061035156,330.6000061035156,326.20001220703125,330.3500061035156,354284,TATACAP
2026-04-28 06:45:00+00:00,326.8999938964844,327.20001220703125,326.25,327.0,110150,TATACAP
2026-04-28 07:45:00+00:00,327.0,327.70001220703125,326.54998779296875,326.75,297043,TATACAP
2026-04-28 08:45:00+00:00,325.70001220703125,328.45001220703125,325.6000061035156,326.8500061035156,309044,TATACAP
2026-04-28 09:45:00+00:00,325.8500061035156,325.8500061035156,325.1499938964844,325.6499938964844,215543,TATACAP
2026-04-29 03:45:00+00:00,328.0,331.75,327.3999938964844,327.3999938964844,0,TATACAP
2026-04-29 04:45:00+00:00,327.95001220703125,328.5,327.54998779296875,328.0,236403,TATACAP
2026-04-29 05:45:00+00:00,327.95001220703125,328.20001220703125,327.5,327.8500061035156,72895,TATACAP
2026-04-29 06:45:00+00:00,329.79998779296875,331.75,327.79998779296875,327.95001220703125,609436,TATACAP
2026-04-29 07:45:00+00:00,324.04998779296875,329.8999938964844,324.0,329.79998779296875,649541,TATACAP
2026-04-29 08:45:00+00:00,324.8999938964844,325.5,322.6499938964844,324.04998779296875,883225,TATACAP
2026-04-29 09:45:00+00:00,325.5,326.0,324.3500061035156,324.95001220703125,219976,TATACAP
2026-04-30 03:45:00+00:00,327.95001220703125,330.54998779296875,323.8500061035156,325.0,0,TATACAP
2026-04-30 04:45:00+00:00,328.29998779296875,329.0,327.04998779296875,327.8500061035156,153931,TATACAP
2026-04-30 05:45:00+00:00,330.8999938964844,330.8999938964844,327.1000061035156,328.1499938964844,196214,TATACAP
2026-04-30 06:45:00+00:00,332.20001220703125,332.54998779296875,330.95001220703125,330.95001220703125,306578,TATACAP
2026-04-30 07:45:00+00:00,334.79998779296875,334.8500061035156,332.0,332.1000061035156,360207,TATACAP
2026-04-30 08:45:00+00:00,332.54998779296875,334.79998779296875,332.29998779296875,334.6499938964844,383371,TATACAP
2026-04-30 09:45:00+00:00,334.0,334.0,332.5,332.6000061035156,172546,TATACAP
2026-05-04 03:45:00+00:00,331.29998779296875,336.6499938964844,331.20001220703125,334.8500061035156,0,TATACAP
2026-05-04 04:45:00+00:00,329.8500061035156,332.20001220703125,329.1499938964844,331.54998779296875,203414,TATACAP
2026-05-04 05:45:00+00:00,327.95001220703125,330.3999938964844,327.95001220703125,329.8500061035156,166245,TATACAP
2026-05-04 06:45:00+00:00,327.95001220703125,328.3500061035156,327.1000061035156,327.95001220703125,138852,TATACAP
2026-05-04 07:45:00+00:00,327.6499938964844,328.3500061035156,326.3999938964844,327.95001220703125,116130,TATACAP
2026-05-04 08:45:00+00:00,328.25,329.0,327.3500061035156,327.6000061035156,212313,TATACAP
2026-05-04 09:45:00+00:00,328.54998779296875,328.6000061035156,327.6000061035156,328.25,114051,TATACAP
2026-05-05 03:45:00+00:00,325.8500061035156,328.70001220703125,325.75,328.04998779296875,0,TATACAP
2026-05-05 04:45:00+00:00,325.3999938964844,326.1000061035156,325.04998779296875,325.8500061035156,144357,TATACAP
2026-05-05 05:45:00+00:00,324.29998779296875,325.54998779296875,324.0,325.3999938964844,154975,TATACAP
2026-05-05 06:45:00+00:00,325.45001220703125,325.6499938964844,324.04998779296875,324.29998779296875,82852,TATACAP
2026-05-05 07:45:00+00:00,324.8999938964844,325.70001220703125,324.75,325.54998779296875,98553,TATACAP
2026-05-05 08:45:00+00:00,325.0,325.5,324.5,324.70001220703125,143672,TATACAP
2026-05-05 09:45:00+00:00,325.1499938964844,325.29998779296875,324.3999938964844,325.0,101230,TATACAP
2026-05-06 03:45:00+00:00,326.5,327.8999938964844,325.6499938964844,325.95001220703125,0,TATACAP
2026-05-06 04:45:00+00:00,325.5,326.79998779296875,325.29998779296875,326.5,95180,TATACAP
2026-05-06 05:45:00+00:00,325.45001220703125,326.25,325.0,325.54998779296875,58656,TATACAP
2026-05-06 06:45:00+00:00,325.54998779296875,325.6000061035156,324.5,325.45001220703125,100008,TATACAP
2026-05-06 07:45:00+00:00,326.3999938964844,326.70001220703125,325.29998779296875,325.54998779296875,85725,TATACAP
2026-05-06 08:45:00+00:00,328.54998779296875,328.8999938964844,326.25,326.3999938964844,265917,TATACAP
2026-05-06 09:45:00+00:00,328.5,328.95001220703125,328.1000061035156,328.75,135015,TATACAP
2026-05-07 03:45:00+00:00,328.70001220703125,331.20001220703125,327.95001220703125,329.3500061035156,0,TATACAP
2026-05-07 04:45:00+00:00,329.04998779296875,330.20001220703125,328.54998779296875,328.70001220703125,145311,TATACAP
2026-05-07 05:45:00+00:00,328.3500061035156,329.3500061035156,327.3500061035156,329.04998779296875,93915,TATACAP
2026-05-07 06:45:00+00:00,328.8500061035156,329.20001220703125,328.1000061035156,328.29998779296875,115314,TATACAP
2026-05-07 07:45:00+00:00,328.5,328.8999938964844,328.0,328.8999938964844,83902,TATACAP
2026-05-07 08:45:00+00:00,325.8500061035156,328.45001220703125,325.8500061035156,328.45001220703125,260349,TATACAP
2026-05-07 09:45:00+00:00,326.0,326.1000061035156,325.1499938964844,325.8999938964844,246924,TATACAP
2026-05-08 03:45:00+00:00,323.20001220703125,325.0,322.6000061035156,325.0,0,TATACAP
2026-05-08 04:45:00+00:00,322.5,323.5,322.20001220703125,323.1499938964844,184733,TATACAP
2026-05-08 05:45:00+00:00,322.20001220703125,323.04998779296875,322.20001220703125,322.5,198456,TATACAP
2026-05-08 06:45:00+00:00,322.5,322.75,322.20001220703125,322.25,108228,TATACAP
2026-05-08 07:45:00+00:00,322.29998779296875,323.0,322.29998779296875,322.45001220703125,148581,TATACAP
2026-05-08 08:45:00+00:00,321.6499938964844,322.70001220703125,321.3999938964844,322.45001220703125,251031,TATACAP
2026-05-08 09:45:00+00:00,321.6499938964844,321.79998779296875,321.1499938964844,321.70001220703125,132301,TATACAP
2026-05-11 03:45:00+00:00,316.75,320.1000061035156,316.1499938964844,320.1000061035156,0,TATACAP
2026-05-11 04:45:00+00:00,317.0,317.0,316.3500061035156,316.70001220703125,89829,TATACAP
2026-05-11 05:45:00+00:00,317.25,317.70001220703125,316.70001220703125,317.0,251629,TATACAP
2026-05-11 06:45:00+00:00,316.75,317.45001220703125,316.6000061035156,317.25,117240,TATACAP
2026-05-11 07:45:00+00:00,316.95001220703125,317.1000061035156,316.6000061035156,316.75,98285,TATACAP
2026-05-11 08:45:00+00:00,314.25,317.0,313.6499938964844,316.8999938964844,339611,TATACAP
2026-05-11 09:45:00+00:00,314.5,315.29998779296875,314.25,314.25,111312,TATACAP
2026-05-12 03:45:00+00:00,313.5,316.6000061035156,311.1000061035156,314.45001220703125,0,TATACAP
2026-05-12 04:45:00+00:00,311.45001220703125,313.8999938964844,311.1499938964844,313.45001220703125,119253,TATACAP
2026-05-12 05:45:00+00:00,311.25,312.0,311.0,311.45001220703125,72040,TATACAP
2026-05-12 06:45:00+00:00,310.1499938964844,311.5,309.79998779296875,311.1000061035156,171404,TATACAP
2026-05-12 07:45:00+00:00,309.8999938964844,311.29998779296875,309.6000061035156,310.1499938964844,108340,TATACAP
2026-05-12 08:45:00+00:00,309.3500061035156,310.95001220703125,309.0,309.8999938964844,196024,TATACAP
2026-05-12 09:45:00+00:00,309.79998779296875,309.8999938964844,308.70001220703125,309.3500061035156,160866,TATACAP
2026-05-13 03:45:00+00:00,306.29998779296875,311.8999938964844,304.70001220703125,309.95001220703125,0,TATACAP
2026-05-13 04:45:00+00:00,305.79998779296875,308.25,305.5,306.25,657239,TATACAP
2026-05-13 05:45:00+00:00,307.5,308.25,305.8999938964844,305.8999938964844,476920,TATACAP
2026-05-13 06:45:00+00:00,306.04998779296875,307.6000061035156,305.54998779296875,307.5,498770,TATACAP
2026-05-13 07:45:00+00:00,306.0,306.8500061035156,305.5,305.95001220703125,691138,TATACAP
2026-05-13 08:45:00+00:00,305.6000061035156,306.45001220703125,305.20001220703125,305.79998779296875,398670,TATACAP
2026-05-13 09:45:00+00:00,305.8500061035156,305.8500061035156,305.1499938964844,305.6000061035156,180162,TATACAP
2026-05-14 03:45:00+00:00,306.54998779296875,311.6499938964844,305.20001220703125,310.70001220703125,0,TATACAP
2026-05-14 04:45:00+00:00,305.54998779296875,307.0,305.0,306.6000061035156,209155,TATACAP
2026-05-14 05:45:00+00:00,306.29998779296875,306.8999938964844,305.29998779296875,305.5,210090,TATACAP
2026-05-14 06:45:00+00:00,307.1499938964844,307.45001220703125,306.25,306.45001220703125,255949,TATACAP
2026-05-14 07:45:00+00:00,308.6499938964844,308.79998779296875,306.0,307.3999938964844,877125,TATACAP
2026-05-14 08:45:00+00:00,310.1000061035156,310.1499938964844,307.3999938964844,308.79998779296875,599710,TATACAP
2026-05-14 09:45:00+00:00,309.29998779296875,310.6499938964844,309.29998779296875,310.1000061035156,236395,TATACAP
2026-05-15 03:45:00+00:00,312.1499938964844,313.3500061035156,310.04998779296875,310.1499938964844,0,TATACAP
2026-05-15 04:45:00+00:00,311.20001220703125,312.95001220703125,310.79998779296875,312.04998779296875,143429,TATACAP
2026-05-15 05:45:00+00:00,312.29998779296875,312.6000061035156,310.20001220703125,311.20001220703125,150459,TATACAP
2026-05-15 06:45:00+00:00,311.1499938964844,312.29998779296875,310.6000061035156,312.1499938964844,66099,TATACAP
2026-05-15 07:45:00+00:00,310.6499938964844,311.3500061035156,310.6000061035156,311.1499938964844,75861,TATACAP
2026-05-15 08:45:00+00:00,307.8999938964844,310.75,307.6499938964844,310.6499938964844,215272,TATACAP
2026-05-15 09:45:00+00:00,308.25,308.3999938964844,307.29998779296875,307.8500061035156,89346,TATACAP
2026-05-18 03:45:00+00:00,304.29998779296875,305.70001220703125,303.3999938964844,305.70001220703125,0,TATACAP
2026-05-18 04:45:00+00:00,303.20001220703125,304.79998779296875,303.04998779296875,304.3500061035156,155934,TATACAP
2026-05-18 05:45:00+00:00,303.3500061035156,304.1000061035156,302.70001220703125,303.3999938964844,142587,TATACAP
2026-05-18 06:45:00+00:00,303.54998779296875,303.70001220703125,303.04998779296875,303.45001220703125,109979,TATACAP
2026-05-18 07:45:00+00:00,304.20001220703125,304.5,303.29998779296875,303.75,160245,TATACAP
2026-05-18 08:45:00+00:00,303.5,304.1499938964844,301.3999938964844,304.0,469732,TATACAP
2026-05-18 09:45:00+00:00,302.29998779296875,303.6499938964844,302.29998779296875,303.3999938964844,168734,TATACAP
2026-05-19 03:45:00+00:00,303.6499938964844,304.6000061035156,301.6499938964844,303.5,0,TATACAP
2026-05-19 04:45:00+00:00,304.1499938964844,304.5,303.3999938964844,303.6000061035156,145700,TATACAP
2026-05-19 05:45:00+00:00,303.3500061035156,304.54998779296875,303.1499938964844,304.04998779296875,140118,TATACAP
2026-05-19 06:45:00+00:00,303.0,303.5,302.79998779296875,303.3500061035156,153664,TATACAP
2026-05-19 07:45:00+00:00,303.1000061035156,303.29998779296875,302.8500061035156,303.1499938964844,89567,TATACAP
2026-05-19 08:45:00+00:00,302.8999938964844,303.45001220703125,302.75,303.1000061035156,235846,TATACAP
2026-05-19 09:45:00+00:00,302.5,302.95001220703125,302.04998779296875,302.8999938964844,130379,TATACAP
2026-05-20 03:45:00+00:00,298.6499938964844,302.0,298.5,301.75,0,TATACAP
2026-05-20 04:45:00+00:00,299.29998779296875,299.29998779296875,298.0,298.6000061035156,247837,TATACAP
2026-05-20 05:45:00+00:00,299.3500061035156,299.6000061035156,298.8500061035156,299.29998779296875,120187,TATACAP
2026-05-20 06:45:00+00:00,299.70001220703125,299.95001220703125,299.1000061035156,299.1000061035156,113076,TATACAP
2026-05-20 07:45:00+00:00,300.75,300.95001220703125,299.20001220703125,299.70001220703125,153726,TATACAP
2026-05-20 08:45:00+00:00,300.45001220703125,300.95001220703125,300.04998779296875,300.8500061035156,196721,TATACAP
2026-05-20 09:45:00+00:00,300.79998779296875,301.29998779296875,300.3999938964844,300.54998779296875,154073,TATACAP
2026-05-21 03:45:00+00:00,300.29998779296875,303.5,300.1000061035156,302.8999938964844,0,TATACAP
2026-05-21 04:45:00+00:00,299.3500061035156,300.79998779296875,298.70001220703125,300.29998779296875,303801,TATACAP
2026-05-21 05:45:00+00:00,299.25,299.3999938964844,298.70001220703125,299.3999938964844,123868,TATACAP
2026-05-21 06:45:00+00:00,298.25,299.29998779296875,298.0,299.29998779296875,190202,TATACAP
2026-05-21 07:45:00+00:00,298.5,298.6499938964844,298.25,298.3999938964844,106271,TATACAP
2026-05-21 08:45:00+00:00,297.95001220703125,298.6000061035156,297.5,298.45001220703125,377039,TATACAP
2026-05-21 09:45:00+00:00,297.5,298.1000061035156,297.3999938964844,297.8999938964844,207753,TATACAP
2026-05-22 03:45:00+00:00,298.29998779296875,300.6000061035156,297.1000061035156,299.95001220703125,0,TATACAP
2026-05-22 04:45:00+00:00,298.75,302.04998779296875,298.1499938964844,298.20001220703125,484859,TATACAP
2026-05-22 05:45:00+00:00,297.5,298.95001220703125,296.8500061035156,298.75,706116,TATACAP
2026-05-22 06:45:00+00:00,299.0,299.3999938964844,297.3999938964844,297.3999938964844,378347,TATACAP
2026-05-22 07:45:00+00:00,300.6499938964844,300.79998779296875,298.8999938964844,299.0,225606,TATACAP
2026-05-22 08:45:00+00:00,300.75,301.20001220703125,299.95001220703125,300.6499938964844,352389,TATACAP
2026-05-22 09:45:00+00:00,299.6499938964844,300.79998779296875,298.6000061035156,300.6499938964844,496273,TATACAP
2026-05-25 03:45:00+00:00,304.3999938964844,308.3999938964844,303.54998779296875,304.45001220703125,0,TATACAP
2026-05-25 04:45:00+00:00,304.8999938964844,305.04998779296875,303.29998779296875,304.29998779296875,461647,TATACAP
2026-05-25 05:45:00+00:00,306.3500061035156,306.8500061035156,304.54998779296875,304.8500061035156,657954,TATACAP
2026-05-25 06:45:00+00:00,307.04998779296875,307.25,305.79998779296875,306.45001220703125,303225,TATACAP
2026-05-25 07:45:00+00:00,307.75,308.20001220703125,306.70001220703125,307.0,321502,TATACAP
2026-05-25 08:45:00+00:00,309.29998779296875,309.6000061035156,307.04998779296875,307.8999938964844,693194,TATACAP
2026-05-25 09:45:00+00:00,311.6000061035156,311.75,309.1000061035156,309.25,503300,TATACAP
2026-05-26 03:45:00+00:00,315.3500061035156,317.3999938964844,309.6499938964844,309.6499938964844,0,TATACAP
2026-05-26 04:45:00+00:00,316.0,316.0,314.6499938964844,315.3500061035156,281289,TATACAP
2026-05-26 05:45:00+00:00,315.8500061035156,316.0,315.3500061035156,316.0,228293,TATACAP
2026-05-26 06:45:00+00:00,316.45001220703125,318.0,315.5,315.79998779296875,416845,TATACAP
2026-05-26 07:45:00+00:00,317.0,317.3999938964844,315.75,316.45001220703125,263637,TATACAP
2026-05-26 08:45:00+00:00,317.1000061035156,317.8500061035156,316.0,316.8999938964844,498561,TATACAP
2026-05-26 09:45:00+00:00,317.0,317.45001220703125,316.1499938964844,317.1499938964844,261452,TATACAP
2026-05-27 03:45:00+00:00,311.25,316.95001220703125,310.25,316.95001220703125,0,TATACAP
2026-05-27 04:45:00+00:00,311.6000061035156,312.70001220703125,311.0,311.25,168160,TATACAP
2026-05-27 05:45:00+00:00,311.3500061035156,312.29998779296875,310.79998779296875,311.75,116950,TATACAP
2026-05-27 06:45:00+00:00,310.6000061035156,311.5,310.3500061035156,311.3500061035156,102073,TATACAP
2026-05-27 07:45:00+00:00,310.79998779296875,311.3999938964844,310.45001220703125,310.6000061035156,84524,TATACAP
2026-05-27 08:45:00+00:00,310.20001220703125,311.45001220703125,310.20001220703125,310.54998779296875,144293,TATACAP
2026-05-27 09:45:00+00:00,310.1499938964844,310.45001220703125,309.8500061035156,310.3500061035156,137805,TATACAP
